================================================================================
TEP-9 PIPELINE - FULL EXECUTION
================================================================================
Project root: /Users/matthewsmawfield/www/Temporal Equivalence Principle/TEP-9
Steps dir:     /Users/matthewsmawfield/www/Temporal Equivalence Principle/TEP-9/scripts/steps
Log file:      /Users/matthewsmawfield/www/Temporal Equivalence Principle/TEP-9/logs/pipeline.log
--------------------------------------------------------------------------------
EXECUTING PIPELINE STEPS
--------------------------------------------------------------------------------

======================================================================
[1/102] Step 001: JPL SBDB download
======================================================================
[INFO] [STEP 001] LOGGER INITIALIZED: step_001_download_sbdb (Step 001)
[INFO] [STEP 001] ================================================================================
[INFO] [STEP 001] JPL SBDB catalogue download
[INFO] [STEP 001] ================================================================================
[INFO] [STEP 001]   → GET https://ssd-api.jpl.nasa.gov/sbdb_query.api?fields=full_name%2Ca%2Ce%2Ci%2Com%2Cw%2Cq%2Cad%2CH%2Cepoch%2Cclass%2Cconditi...
[INFO] [STEP 001] METRIC: rows = 7299 objects returned
[INFO] [STEP 001] METRIC: count = 7299 catalogue count field
[INFO] [STEP 001] Saving data: sbdb_outer_ss.json
[INFO] [STEP 001]   → GET https://ssd-api.jpl.nasa.gov/sbdb_query.api?fields=full_name%2Ca%2Ce%2Ci%2Com%2Cw%2Cq%2Cad%2CH%2Cepoch%2Cclass%2Cconditi...
[INFO] [STEP 001] METRIC: rows = 1050 objects returned
[INFO] [STEP 001] METRIC: count = 1050 catalogue count field
[INFO] [STEP 001] Saving data: sbdb_centaurs.json
[INFO] [STEP 001]   → GET https://ssd-api.jpl.nasa.gov/sbdb_query.api?fields=full_name%2Ca%2Ce%2Ci%2Com%2Cw%2Cq%2Cad%2CH%2Cepoch%2Cclass%2Cconditi...
[INFO] [STEP 001] METRIC: rows = 268 objects returned
[INFO] [STEP 001] METRIC: count = 268 catalogue count field
[INFO] [STEP 001] Saving data: sbdb_comets_ext.json
[INFO] [STEP 001] Saving data: provenance.json
[INFO] [STEP 001]   → SBDB download complete -> data/raw/sbdb/
[OK] Step 001: JPL SBDB download completed in 12.15s

======================================================================
[2/102] Step 002: CDS download (OSSOS + Warsaw)
======================================================================
[INFO] [STEP 002] LOGGER INITIALIZED: step_002_download_cds (Step 002)
[INFO] [STEP 002] ================================================================================
[INFO] [STEP 002] CDS catalogue download (OSSOS + Warsaw)
[INFO] [STEP 002] ================================================================================
[INFO] [STEP 002]   → GET https://vizier.cds.unistra.fr/viz-bin/votable?-source=J/ApJS/236/18/t3char&-out.max=unlimited
[INFO] [STEP 002] METRIC: bytes = 304259 ossos_t3char.vot
[INFO] [STEP 002] Saving data: ossos_t3char.vot
[INFO] [STEP 002] METRIC: votable_rows = 840 OSSOS characterized detections
[INFO] [STEP 002]   → GET https://cdsarc.cds.unistra.fr/ftp/J/ApJS/236/18/t3char.dat
[INFO] [STEP 002] METRIC: bytes = 225960 t3char.dat
[INFO] [STEP 002] Saving data: t3char.dat
[INFO] [STEP 002]   → GET https://cdsarc.cds.unistra.fr/ftp/J/ApJS/236/18/ReadMe
[INFO] [STEP 002] METRIC: bytes = 12708 ReadMe
[INFO] [STEP 002] Saving data: ReadMe
[INFO] [STEP 002]   → GET https://cdsarc.cds.unistra.fr/ftp/J/A+A/567/A126/ReadMe
[INFO] [STEP 002] METRIC: bytes = 10802 warsaw_ReadMe
[INFO] [STEP 002] Saving data: warsaw_ReadMe
[INFO] [STEP 002]   → GET https://cdsarc.cds.unistra.fr/ftp/J/A+A/567/A126/tablea1.dat
[INFO] [STEP 002] METRIC: bytes = 24422 warsaw_tablea1.dat
[INFO] [STEP 002] Saving data: warsaw_tablea1.dat
[INFO] [STEP 002]   → GET https://cdsarc.cds.unistra.fr/ftp/J/A+A/567/A126/tableb.dat
[INFO] [STEP 002] METRIC: bytes = 26666 warsaw_tableb.dat
[INFO] [STEP 002] Saving data: warsaw_tableb.dat
[INFO] [STEP 002]   → GET https://cdsarc.cds.unistra.fr/ftp/J/A+A/567/A126/tableb4.dat
[INFO] [STEP 002] METRIC: bytes = 6215 warsaw_tableb4.dat
[INFO] [STEP 002] Saving data: warsaw_tableb4.dat
[INFO] [STEP 002]   → GET https://cdsarc.cds.unistra.fr/ftp/J/A+A/567/A126/tablec.dat
[INFO] [STEP 002] METRIC: bytes = 25472 warsaw_tablec.dat
[INFO] [STEP 002] Saving data: warsaw_tablec.dat
[INFO] [STEP 002]   → GET https://cdsarc.cds.unistra.fr/ftp/J/A+A/567/A126/tabled.dat
[INFO] [STEP 002] METRIC: bytes = 25074 warsaw_tabled.dat
[INFO] [STEP 002] Saving data: warsaw_tabled.dat
[INFO] [STEP 002]   → GET https://vizier.cds.unistra.fr/viz-bin/votable?-source=J/A%2BA/571/A63/tableb1&-out.max=unlimited&-out.all
[INFO] [STEP 002] METRIC: bytes = 24114 lpc_osc_2006_2010.vot
[INFO] [STEP 002] Saving data: lpc_osc_2006_2010.vot
[INFO] [STEP 002]   → GET https://vizier.cds.unistra.fr/viz-bin/votable?-source=J/A%2BA/571/A63/tabled1&-out.max=unlimited&-out.all
[INFO] [STEP 002] METRIC: bytes = 24025 lpc_orig_2006_2010.vot
[INFO] [STEP 002] Saving data: lpc_orig_2006_2010.vot
[INFO] [STEP 002]   → GET https://vizier.cds.unistra.fr/viz-bin/votable?-source=J/A%2BA/571/A63/tablee1&-out.max=unlimited&-out.all
[INFO] [STEP 002] METRIC: bytes = 24078 lpc_fut_2006_2010.vot
[INFO] [STEP 002] Saving data: lpc_fut_2006_2010.vot
[INFO] [STEP 002]   → GET https://vizier.cds.unistra.fr/viz-bin/votable?-source=J/A%2BA/571/A63/tablec1&-out.max=unlimited&-out.all
[INFO] [STEP 002] METRIC: bytes = 17574 lpc_aaori_2006_2010.vot
[INFO] [STEP 002] Saving data: lpc_aaori_2006_2010.vot
[INFO] [STEP 002] Saving data: provenance.json
[INFO] [STEP 002] Saving data: provenance.json
[INFO] [STEP 002] Saving data: provenance.json
[INFO] [STEP 002]   → CDS download complete -> data/raw/{ossos,warsaw}/
[OK] Step 002: CDS download (OSSOS + Warsaw) completed in 10.61s

======================================================================
[3/102] Step 003: CODE catalogue acquisition
======================================================================
[INFO] [STEP 003] LOGGER INITIALIZED: step_003_download_code (Step 003)
[INFO] [STEP 003] ================================================================================
[INFO] [STEP 003] CODE catalogue acquisition
[INFO] [STEP 003] ================================================================================
[INFO] [STEP 003]   → live endpoint returned non-table page for code_original.html (24754 bytes)
[INFO] [STEP 003]   → USING ARCHIVAL SNAPSHOT for code_original.html: pad2 live export unavailable; staged catalogue copy adopted
[INFO] [STEP 003] METRIC: bytes = 429811 archival
[INFO] [STEP 003] METRIC: table_rows = 371 archival
[INFO] [STEP 003] METRIC: sha256 = 2215909000eff5d16dc9f6b53481b046d6ba920ffbe45ec8c4b152fff599d1e8 archival integrity
[INFO] [STEP 003]   → live endpoint returned non-table page for code_osculating.html (24754 bytes)
[INFO] [STEP 003]   → USING ARCHIVAL SNAPSHOT for code_osculating.html: pad2 live export unavailable; staged catalogue copy adopted
[INFO] [STEP 003] METRIC: bytes = 430370 archival
[INFO] [STEP 003] METRIC: table_rows = 371 archival
[INFO] [STEP 003] METRIC: sha256 = 593b4221dfcded55f1c5d5f2fdca1bc0e4a2266732c05a4b26fc38a9151b0aef archival integrity
[INFO] [STEP 003]   → live endpoint returned non-table page for code_future.html (24754 bytes)
[INFO] [STEP 003]   → USING ARCHIVAL SNAPSHOT for code_future.html: pad2 live export unavailable; staged catalogue copy adopted
[INFO] [STEP 003] METRIC: bytes = 399155 archival
[INFO] [STEP 003] METRIC: table_rows = 344 archival
[INFO] [STEP 003] METRIC: sha256 = dd93a8b076cb88cd47f2c0115bbe036b6ebc0327857200fdb259c4ec541a1ade archival integrity
[INFO] [STEP 003] Saving data: provenance.json
[INFO] [STEP 003]   → CODE acquisition complete -> data/raw/code/
[OK] Step 003: CODE catalogue acquisition completed in 1.12s

======================================================================
[4/102] Step 004: MPC / JPL element files
======================================================================
[INFO] [STEP 004] LOGGER INITIALIZED: step_004_download_mpc (Step 004)
[INFO] [STEP 004] ================================================================================
[INFO] [STEP 004] MPC / JPL element-file download
[INFO] [STEP 004] ================================================================================
[INFO] [STEP 004]   → GET https://minorplanetcenter.net/iau/MPCORB/MPCORB.DAT.gz
[INFO] [STEP 004] METRIC: bytes = 93795616 MPCORB.DAT.gz
[INFO] [STEP 004] Saving data: MPCORB.DAT.gz
[INFO] [STEP 004]   → GET https://minorplanetcenter.net/iau/MPCORB/CometEls.txt
[INFO] [STEP 004] METRIC: bytes = 162971 CometEls.txt
[INFO] [STEP 004] Saving data: CometEls.txt
[INFO] [STEP 004] Saving data: provenance.json
[INFO] [STEP 004]   → MPC download complete -> data/raw/mpc/
[INFO] [STEP 004]   → GET https://naif.jpl.nasa.gov/pub/naif/generic_kernels/spk/planets/de440s.bsp
[INFO] [STEP 004]   → attempt 1: truncated at 24871854 of 32726016 bytes; resuming
[INFO] [STEP 004]   → attempt 2: truncated at 29887647 of 32726016 bytes; resuming
[INFO] [STEP 004] METRIC: bytes = 32726016 de440s.bsp
[INFO] [STEP 004] Saving data: de440s.bsp
[INFO] [STEP 004] Saving data: provenance.json
[INFO] [STEP 004]   → SPICE kernel download complete -> data/raw/spice/
[OK] Step 004: MPC / JPL element files completed in 1.27m

======================================================================
[5/102] Step 010: Detached-TNO orientation clustering
======================================================================
[INFO] [STEP 010] LOGGER INITIALIZED: step_010_tno_clustering (Step 010)
[INFO] [STEP 010] ================================================================================
[INFO] [STEP 010] Detached-TNO orientation clustering
[INFO] [STEP 010] ================================================================================
catalog: 7299 objects with a >= 30 AU

== detached_a150_q30_cc3: N=44
   varpi mean=49.1 CI68 [33.2, 66.6] R=0.3316 (null 0.1341) p=7.30e-03
   phat R=0.3355 (null 0.1363) p=5.15e-03 -> lam=49.9 beta=-17.0
   nhat R=0.944 (null 0.9395) p=1.17e-02 -> lam=49.9 beta=83.6

== extreme_a250_q30_cc3: N=26
   varpi mean=33.1 CI68 [13.8, 53.2] R=0.3665 (null 0.1729) p=2.67e-02
   phat R=0.3595 (null 0.1759) p=2.56e-02 -> lam=34.0 beta=-12.6
   nhat R=0.9402 (null 0.9359) p=6.52e-02 -> lam=34.8 beta=83.1

== sednoid_a150_q50_cc3: N=5
   varpi mean=16.2 CI68 [-35.2, 53.1] R=0.4297 (null 0.402) p=4.23e-01
   phat R=0.4174 (null 0.4058) p=4.49e-01 -> lam=16.5 beta=-13.1
   nhat R=0.9778 (null 0.975) p=2.45e-01 -> lam=4.6 beta=82.2

== detached_a150_q30_allcc: N=90
   varpi mean=356.9 CI68 [301.0, 407.6] R=0.082 (null 0.0935) p=5.46e-01
   phat R=0.0986 (null 0.0953) p=4.22e-01 -> lam=6.9 beta=-47.2
   nhat R=0.9301 (null 0.9288) p=6.41e-02 -> lam=47.4 beta=86.1

== extreme_a150_q40_cc3: N=18
   varpi mean=21.5 CI68 [-4.4, 41.6] R=0.4054 (null 0.2093) p=4.99e-02
   phat R=0.3944 (null 0.2119) p=5.42e-02 -> lam=22.2 beta=-9.5
   nhat R=0.9668 (null 0.9639) p=8.84e-02 -> lam=16.4 beta=84.1

wrote results/step_02_clustering.json, figures/step_02_clustering.png
[OK] Step 010: Detached-TNO orientation clustering completed in 1.19s

======================================================================
[6/102] Step 011: Field-wall vs point-mass discriminators
======================================================================
[INFO] [STEP 011] LOGGER INITIALIZED: step_011_discriminators (Step 011)
[INFO] [STEP 011] ================================================================================
[INFO] [STEP 011] Field-wall vs point-mass discriminators
[INFO] [STEP 011] ================================================================================
D1 om     R=0.3265 null=0.1330 p=8.65e-03
D1 w      R=0.3476 null=0.1339 p=4.85e-03
D1 varpi  R=0.3316 null=0.1341 p=7.30e-03
D1 phat   R=0.3355 null=0.1363 p=5.15e-03
D1 nhat   R=0.9440 null=0.9395 p=1.17e-02
D2 mixture: mu=41.0 deg, kappa=2.93, f=0.43
D3 align vs a      rho=+0.033 p=0.833
D3 align vs q      rho=-0.002 p=0.990
D3 align vs ad     rho=+0.029 p=0.852
D3 align vs i      rho=+0.025 p=0.874
D3 align vs log_a  rho=+0.033 p=0.833
   AUC(a)=0.453  (n_aligned=26, n_not=18)
   AUC(q)=0.590  (n_aligned=26, n_not=18)
   AUC(ad)=0.449  (n_aligned=26, n_not=18)
D4 resonances: best a9=1500 AU, z=0.00, global p=0.940
D5 max gap in varpi: 37 deg between [213.9, 251.1], p=0.740
D6 Centaurs a>30: N=6 R=0.228 p=0.733
D6 comets q>=5: N=268 R=0.193 p=3.1e-07
   COM: N=61 R=0.241 p=4.9e-03 -> (267.9,41.1)
   CTc: N=22 R=0.28 p=7.5e-02 -> (64.1,10.6)
   HTC: N=4 R=0.572 p=1.4e-01 -> (161.3,-39.8)
   HYP: N=115 R=0.185 p=2.8e-03 -> (200.5,48.2)
   JFc: N=65 R=0.445 p=4.2e-09 -> (219.3,1.4)
D7 m=1 R=0.332 z=4.84 p=7.42e-03 dir=49
D7 m=2 R=0.239 z=2.51 p=8.13e-02 dir=32
D7 m=3 R=0.065 z=0.18 p=8.33e-01 dir=55

wrote results/step_03_discriminators.json, figures/step_03_discriminators.png
[OK] Step 011: Field-wall vs point-mass discriminators completed in 4.92s

======================================================================
[7/102] Step 012: Radial turn-on profile
======================================================================
[INFO] [STEP 012] LOGGER INITIALIZED: step_012_radial_profile (Step 012)
[INFO] [STEP 012] ================================================================================
[INFO] [STEP 012] Radial turn-on profile
[INFO] [STEP 012] ================================================================================
secure outer catalog: 1225 objects
W1 a     35-    88 N=1102 R(v)=0.05 R(w)=0.05 R(O)=0.19 p=0.041
W1 a     44-   111 N= 604 R(v)=0.06 R(w)=0.08 R(O)=0.18 p=0.087
W1 a     56-   139 N= 253 R(v)=0.10 R(w)=0.12 R(O)=0.24 p=0.062
W1 a     70-   175 N= 141 R(v)=0.08 R(w)=0.16 R(O)=0.28 p=0.444
W1 a     88-   221 N=  86 R(v)=0.09 R(w)=0.25 R(O)=0.31 p=0.540
W1 a    111-   278 N=  45 R(v)=0.22 R(w)=0.24 R(O)=0.42 p=0.120
W1 a    139-   350 N=  34 R(v)=0.21 R(w)=0.41 R(O)=0.45 p=0.229
W1 a    175-   441 N=  27 R(v)=0.31 R(w)=0.42 R(O)=0.51 p=0.080
W1 a    221-   555 N=  22 R(v)=0.37 R(w)=0.36 R(O)=0.47 p=0.051
W1 a    278-   698 N=  18 R(v)=0.35 R(w)=0.34 R(O)=0.36 p=0.114
W1 a    350-   879 N=  13 R(v)=0.46 R(w)=0.29 R(O)=0.24 p=0.060
W1 a    441-  1107 N=   9 R(v)=0.39 R(w)=0.48 R(O)=0.41 p=0.253
W2 a_min: most significant tail at a>120.0 (N=61, p=0.0048)
W2 ad_min: most significant tail at ad>200.0 (N=62, p=0.0044)
W2 q_min_within_a150: most significant tail at q>32.5 (N=43, p=0.0046)
W3 a: split at 39.5 (in N=115 R=0.159 p=0.06; out N=1110 R=0.086 mean=49.3 p=2.78e-04)
W3 ad: split at 48.5 (in N=462 R=0.011 p=0.94; out N=763 R=0.098 mean=51.4 p=6.37e-04)
W3 q: split at 36.5 (in N=565 R=0.11 p=0.00; out N=660 R=0.049 mean=356.4 p=2.04e-01)
W3 full-MC: p(ad>48.5)=0.0009, p(a>39.5)=0.0002
W4 a 30-60: N=986 mean(varpi)=52.3 +[-26,26]
W4 a 60-150: N=195 mean(varpi)=28.5 +[-41,48]
W4 a 150-inf: N=44 mean(varpi)=49.1 +[-16,18]
wrote results/step_b2_radial_profile.json, figures/step_b2_radial_profile.png
[OK] Step 012: Radial turn-on profile completed in 2.69s

======================================================================
[8/102] Step 013: Empirical discovery-filter null
======================================================================
[INFO] [STEP 013] LOGGER INITIALIZED: step_013_empirical_null (Step 013)
[INFO] [STEP 013] ================================================================================
[INFO] [STEP 013] Empirical discovery-filter null
[INFO] [STEP 013] ================================================================================
detached N=44, control pool N=1181
observed: {'R_varpi': np.float64(0.332), 'R_omega': np.float64(0.348), 'R_Omega': np.float64(0.326), 'R_phat': np.float64(0.336), 'R_nhat': np.float64(0.944)}
control pool: {'R_Omega': 0.199, 'R_omega': 0.054, 'R_varpi': 0.053, 'note': 'nonzero R_Omega is the nodal/footprint bias the empirical null inherits'}
E1 R_varpi   obs=0.332 null=0.142 p=0.0126
E1 R_omega   obs=0.348 null=0.143 p=0.0083
E1 R_Omega   obs=0.326 null=0.229 p=0.1521
E1 R_phat    obs=0.336 null=0.145 p=0.0091
E1 R_nhat    obs=0.944 null=0.941 p=0.1426
E2 vm3 f=0.0: <R(varpi)>=0.142 p=0.0127 | <R(w)>=0.143 p=0.0077
E2 vm3 f=0.2: <R(varpi)>=0.139 p=0.0084 | <R(w)>=0.139 p=0.0067
E2 vm3 f=0.4: <R(varpi)>=0.137 p=0.0079 | <R(w)>=0.136 p=0.0063
E2 vm3 f=0.6: <R(varpi)>=0.136 p=0.0082 | <R(w)>=0.135 p=0.0065
E2 vm3 f=0.8: <R(varpi)>=0.135 p=0.0089 | <R(w)>=0.133 p=0.0073
E2 vm3 f=1.0: <R(varpi)>=0.134 p=0.0068 | <R(w)>=0.131 p=0.0092
E2 vm1p5 f=0.0: <R(varpi)>=0.142 p=0.0118 | <R(w)>=0.142 p=0.0073
E2 vm1p5 f=0.2: <R(varpi)>=0.139 p=0.0106 | <R(w)>=0.139 p=0.0058
E2 vm1p5 f=0.4: <R(varpi)>=0.137 p=0.0095 | <R(w)>=0.136 p=0.0058
E2 vm1p5 f=0.6: <R(varpi)>=0.135 p=0.0083 | <R(w)>=0.134 p=0.0054
E2 vm1p5 f=0.8: <R(varpi)>=0.133 p=0.0082 | <R(w)>=0.133 p=0.0050
E2 vm1p5 f=1.0: <R(varpi)>=0.134 p=0.0057 | <R(w)>=0.134 p=0.0054
E2b direct f=0.0: <R(varpi)>=0.142 p=0.0124
E2b direct f=0.2: <R(varpi)>=0.146 p=0.0155
E2b direct f=0.4: <R(varpi)>=0.152 p=0.0206
E2b direct f=0.6: <R(varpi)>=0.164 p=0.0285
E2b direct f=0.8: <R(varpi)>=0.180 p=0.0473
E2b direct f=1.0: <R(varpi)>=0.201 p=0.0828
E3 OSSOS: f_coupled=0.81 kappa=2.37 R(w)=0.231 R(2w)=0.164
wrote results/step_b1_empirical_null.json, figures/step_b1_empirical_null.png
[OK] Step 013: Empirical discovery-filter null completed in 2.45s

======================================================================
[9/102] Step 014: Per-object discovery footprint
======================================================================
[INFO] [STEP 014] LOGGER INITIALIZED: step_014_discovery_footprint (Step 014)
[INFO] [STEP 014] ================================================================================
[INFO] [STEP 014] Per-object discovery footprint
[INFO] [STEP 014] ================================================================================
parsed discovery epochs for 44/44 objects; unparseable: []
F1 R(lam_opp)=0.295 mean=11 | R(varpi)=0.332
F2 mean|varpi-lam_opp|=36 deg, frac<60: 0.82
F3 f=0.00: <R>=0.134 p95=0.261 p=0.0072
F3 f=0.25: <R>=0.153 p95=0.288 p=0.0166
F3 f=0.50: <R>=0.182 p95=0.317 p=0.0333
F3 f=0.75: <R>=0.224 p95=0.345 p=0.0728
F3 f=1.00: <R>=0.236 p95=0.333 p=0.0527
F4 R(control Om)=0.207 vs R(detached lam_opp)=0.295
F5 footprint mean=11 vs observed 49 (offset 38.6); f=1 realizations within 30 deg of 49: 0.3333
F6 26 clustered objects; their lam_opp: [0.2, 0.2, 0.2, 14.2, 14.2, 14.4, 14.4, 29.5, 45.1, 45.1, 45.3, 45.8, 45.9, 60.4, 138.5, 299.9, 330.1, 330.1, 344.8, 345.3, 345.3, 359.4, 359.5, 359.7, 359.9, 359.9]
wrote results/step_b5_discovery_footprint.json, figures/step_b5_discovery_footprint.png
[OK] Step 014: Per-object discovery footprint completed in 1.23s

======================================================================
[10/102] Step 015: Footprint proxy validation
======================================================================
[INFO] [STEP 015] LOGGER INITIALIZED: step_015_proxy_validation (Step 015)
[INFO] [STEP 015] ================================================================================
[INFO] [STEP 015] Footprint proxy validation
[INFO] [STEP 015] ================================================================================
V1 |lam_d-lam_opp|: median 6.2 p90 23.3 max 26.4
V2      all: N=840 med|D|=60 frac<45=0.40
V2     a<60: N=783 med|D|=62 frac<45=0.38
V2   60-150: N= 49 med|D|=37 frac<45=0.61
V2    a>150: N=  8 med|D|=50 frac<45=0.50
V2  rq<1.15: N=653 med|D|=44 frac<45=0.51
V2 rq>=1.15: N=187 med|D|=112 frac<45=0.01
V3 coupling pool: N=760 OSSOS r/q<1.3
V3 calibrated ceiling: <R>=0.158 p95=0.295 max=0.494 vs obs 0.332 p=0.0197
wrote results/step_b10_proxy_validation.json, figures/step_b10_proxy_validation.png
[OK] Step 015: Footprint proxy validation completed in 0.72s

======================================================================
[11/102] Step 016: Distance-aware conditional null
======================================================================
[INFO] [STEP 016] LOGGER INITIALIZED: step_016_footprint_conditional (Step 016)
[INFO] [STEP 016] ================================================================================
[INFO] [STEP 016] Distance-aware conditional null
[INFO] [STEP 016] ================================================================================
parsed 1250 objects (0 unparseable)
D1 a    30-45: N= 627 R(lam_opp)=0.154@  5.5 R(Om)=0.233 R(varpi)=0.051@ 39.4
D1 a    45-60: N= 372 R(lam_opp)=0.112@ 59.8 R(Om)=0.155 R(varpi)=0.043@ 72.7
D1 a   60-100: N= 162 R(lam_opp)=0.100@ 15.8 R(Om)=0.254 R(varpi)=0.010@ 32.8
D1 a  100-150: N=  45 R(lam_opp)=0.281@342.3 R(Om)=0.384 R(varpi)=0.112@346.0
D1 a  150-inf: N=  44 R(lam_opp)=0.295@ 10.5 R(Om)=0.326 R(varpi)=0.332@ 49.1
D2 R(lo)=0.295 R(D)=0.754 R_indep=0.223@28 | obs 0.332@49 | shuffle 0.236 p_pair=0.0558
D3 conditional pools: min=132 median=246
D3 conditional null: <R>=0.181 p95=0.317 mu=28 | obs 0.332@49 p=0.0346
D4 tilt obs 6.43@50 vs conditional null 3.53@26 p=0.0439
wrote results/step_b8_footprint_conditional.json, figures/step_b8_footprint_conditional.png
[OK] Step 016: Distance-aware conditional null completed in 2.48s

======================================================================
[12/102] Step 017: Axis-footprint decorrelation radius
======================================================================
[INFO] [STEP 017] LOGGER INITIALIZED: step_017_decorrelation_radius (Step 017)
[INFO] [STEP 017] ================================================================================
[INFO] [STEP 017] Axis-footprint decorrelation radius
[INFO] [STEP 017] ================================================================================
R1 a 30-40: N= 196 closer-to-axis 0.44 (med|vp-49|=80 vs med|vp-lam_opp|=62)
R1 a 40-50: N= 655 closer-to-axis 0.39 (med|vp-49|=88 vs med|vp-lam_opp|=58)
R1 a 50-70: N= 213 closer-to-axis 0.23 (med|vp-49|=88 vs med|vp-lam_opp|=38)
R1 a 70-100: N=  97 closer-to-axis 0.23 (med|vp-49|=91 vs med|vp-lam_opp|=31)
R1 a 100-150: N=  45 closer-to-axis 0.29 (med|vp-49|=73 vs med|vp-lam_opp|=38)
R1 a 150-300: N=  24 closer-to-axis 0.42 (med|vp-49|=48 vs med|vp-lam_opp|=29)
R1 a 300-inf: N=  20 closer-to-axis 0.40 (med|vp-49|=44 vs med|vp-lam_opp|=24)
R2 plutino: N=148 axis_frac=0.392
R2 twotino: N=72 axis_frac=0.333
R2 inner_nonresonant: N=133 axis_frac=0.398
R3 sednoids N=5 R=0.43 mu=16.2 axis_frac=0.6
wrote results/step_b16_decorrelation_radius.json, figures/step_b16_decorrelation_radius.png
[OK] Step 017: Axis-footprint decorrelation radius completed in 1.87s

======================================================================
[13/102] Step 018: Coherent mean-plane warp
======================================================================
[INFO] [STEP 018] LOGGER INITIALIZED: step_018_plane_warp (Step 018)
[INFO] [STEP 018] ================================================================================
[INFO] [STEP 018] Coherent mean-plane warp
[INFO] [STEP 018] ================================================================================
secure catalog N=1225, control pool 1181
T1 a 30-60: N=986 tilt=2.50 az=33 (null 2.69, p=0.7076)
T1 a 60-150: N=195 tilt=6.91 az=42 (null 4.71, p=0.0312)
T1 a 150-inf: N=44 tilt=6.43 az=50 (null 4.36, p=0.1462)
T2 window profile: [(55.5, 2.94, 36.0), (69.8, 3.6, 41.0), (87.9, 6.09, 41.5), (110.7, 7.13, 50.2), (139.3, 6.92, 46.2), (175.4, 9.29, 45.5), (220.8, 8.77, 63.1), (278.0, 10.44, 52.7), (350.0, 11.12, 35.8), (440.6, 9.49, 38.8), (554.7, 9.2, 44.3)]
T3 planes separated by 6.08 deg (CI68 [4.1, 8.61])
wrote results/step_b7_plane_warp.json, figures/step_b7_plane_warp.png
[OK] Step 018: Coherent mean-plane warp completed in 1.46s

======================================================================
[14/102] Step 019: Orbit-pole eigenstructure
======================================================================
[INFO] [STEP 019] LOGGER INITIALIZED: step_019_pole_geometry (Step 019)
[INFO] [STEP 019] ================================================================================
[INFO] [STEP 019] Orbit-pole eigenstructure
[INFO] [STEP 019] ================================================================================
detached N=44: pole eigs [0.896 0.066 0.038] C=0.829 G=0.028
P1 C: obs=0.829 null=0.821 p=0.0798 | G: obs=0.028 null=0.022 p=0.2980
P2 mean pole dir lam=51 bet=84 (plane tilt 6 deg)
wrote results/step_b4_pole_geometry.json, figures/step_b4_pole_geometry.png
[OK] Step 019: Orbit-pole eigenstructure completed in 1.54s

======================================================================
[15/102] Step 020: Axis-element coupling
======================================================================
[INFO] [STEP 020] LOGGER INITIALIZED: step_020_axis_coupling (Step 020)
[INFO] [STEP 020] ================================================================================
[INFO] [STEP 020] Axis-element coupling
[INFO] [STEP 020] ================================================================================
C1 cos_align vs q: rho=-0.014 p=0.929 (cond p=0.925)
C1 cos_align vs e: rho=+0.002 p=0.989 (cond p=0.989)
C1 cos_align vs i: rho=+0.065 p=0.676 (cond p=0.690)
C1 cos_align vs a: rho=+0.002 p=0.989 (cond p=0.992)
C2            all: N= 44 anti= 9 frac=0.205
C2       pre_2014: N= 19 anti= 4 frac=0.211
C2      post_2014: N= 25 anti= 5 frac=0.200
C2       numbered: N= 18 anti= 2 frac=0.111
C2    provisional: N= 26 anti= 7 frac=0.269
C2         cc_0_1: N=  7 anti= 1 frac=0.143
C2         cc_2_3: N= 37 anti= 8 frac=0.216
C2  arc_above_med: N= 22 anti= 6 frac=0.273
C2  arc_below_med: N= 22 anti= 3 frac=0.136
C3 axis galactic l=182 b=-44; sep to ISM inflow 151.2 deg (antipode 28.8 deg)
wrote results/step_b9_axis_coupling.json, figures/step_b9_axis_coupling.png
[OK] Step 020: Axis-element coupling completed in 3.66s

======================================================================
[16/102] Step 021: Galactic-tide and omega decomposition
======================================================================
[INFO] [STEP 021] LOGGER INITIALIZED: step_021_environment_checks (Step 021)
[INFO] [STEP 021] ================================================================================
[INFO] [STEP 021] Galactic-tide and omega decomposition
[INFO] [STEP 021] ================================================================================
E1 mean|sin b|=0.608 p=0.0064
E2 mean w=301 vs predicted 269 (offset +33)
wrote results/step_b14_environment_checks.json, figures/step_b14_environment_checks.png
[OK] Step 021: Galactic-tide and omega decomposition completed in 0.84s

======================================================================
[17/102] Step 022: Radial edge structure
======================================================================
[INFO] [STEP 022] LOGGER INITIALIZED: step_022_edges (Step 022)
[INFO] [STEP 022] ================================================================================
[INFO] [STEP 022] Radial edge structure
[INFO] [STEP 022] ================================================================================
E1 cold_i<5: N=1606, edge=46.88+-0.84 AU, width=0.37+-0.74 AU
E1 hot_i>=5: N=2175, edge=47.98+-0.41 AU, width=0.31+-0.35 AU
E2 inner edge: q10=34.3 AU CI68 [33.6,35.0], min q=29.2
E2 perihelion desert 48-62 AU: observed 2, smooth-expected 3.8, p=2.77e-01
E2 sednoid group q>62: ['90377 Sedna (2003 VB12)', '541132 Leleakuhonua (2015 TG387)', '(2012 VP113)', '(2023 KQ14)']
detached aphelia: median 518 AU, [319,1008]

wrote results/step_04_edges.json, figures/step_04_edges.png
[OK] Step 022: Radial edge structure completed in 0.94s

======================================================================
[18/102] Step 023: Jackknife/era/quality robustness
======================================================================
[INFO] [STEP 023] LOGGER INITIALIZED: step_023_robustness (Step 023)
[INFO] [STEP 023] ================================================================================
[INFO] [STEP 023] Jackknife/era/quality robustness
[INFO] [STEP 023] ================================================================================
J1 LOO: p in [0.0020,0.0170], mean 45-53, leave-outs p>0.05: 0
J2 2014: pre N=32 mu=54.2 p=0.043 | post N=12 mu=38.4 p=0.15675
J2 2016: pre N=43 mu=53.0 p=0.00675 | post N=1 mu=317.1 p=None
J3 numbered        N= 18 mu=69.5 R=0.592 p=0.0015
J3 provisional     N= 26 mu=10.2 R=0.227 p=0.271
J3 arc_gt_median   N= 22 mu=60.2 R=0.335 p=0.0935
J3 arc_le_median   N= 22 mu=38.2 R=0.341 p=0.0765
J3 cc_le2          N= 16 mu=59.6 R=0.527 p=0.00975
J3 cc_3            N= 28 mu=35.5 R=0.231 p=0.226
J4 detached epochs: [2461200.5] (catalog total: 827)
J5: 1021 p-values harvested; 503 survive BH q<0.05, 79 survive Bonferroni; primary family of 7 --> 6 survive within-family BH
wrote results/step_b3_robustness.json, figures/step_b3_robustness.png
[OK] Step 023: Jackknife/era/quality robustness completed in 0.67s

======================================================================
[19/102] Step 024: Resident-vs-transit selectivity
======================================================================
[INFO] [STEP 024] LOGGER INITIALIZED: step_024_population_selectivity (Step 024)
[INFO] [STEP 024] ================================================================================
[INFO] [STEP 024] Resident-vs-transit selectivity
[INFO] [STEP 024] ================================================================================
S3  detached: N=  44 mean cos=+0.336 p=0.0000
S3  plunging: N=  34 mean cos=+0.032 p=0.3706
S3     inner: N= 999 mean cos=+0.044 p=0.0073
S3       mid: N= 207 mean cos=+0.028 p=0.2354
S3 inner footprint check: obs 0.0442 vs Om-fixed null -0.0002 p=0.0180
S2 split-half: B in cap of A 0.542 vs null 0.333
wrote results/step_b11_population_selectivity.json, figures/step_b11_population_selectivity.png
[OK] Step 024: Resident-vs-transit selectivity completed in 1.64s

======================================================================
[20/102] Step 025: Intrinsic patch scale
======================================================================
[INFO] [STEP 025] LOGGER INITIALIZED: step_025_patch_scale (Step 025)
[INFO] [STEP 025] ================================================================================
[INFO] [STEP 025] Intrinsic patch scale
[INFO] [STEP 025] ================================================================================
P1 cap  20:  8/44 p=0.1080
P1 cap  30: 14/44 p=0.0100
P1 cap  40: 19/44 p=0.0013
P1 cap  50: 24/44 p=0.0001
P1 cap  60: 26/44 p=0.0004
P1 cap  70: 27/44 p=0.0022
P1 cap  80: 29/44 p=0.0033
P1 cap  90: 30/44 p=0.0114
P1 cap 100: 31/44 p=0.0316
P1 cap 110: 34/44 p=0.0191
P1 cap 120: 35/44 p=0.0428
P2 f=0.43 k=2.77 sigma=34 deg CI[27,48]
P3 bootstrap mu [33,67] med|dmu|=11
P4 cap  20:  6/44 p=0.0018
P4 cap  30: 12/44 p=0.0001
P4 cap  40: 19/44 p=0.0000
P4 cap  50: 24/44 p=0.0000
P4 cap  60: 26/44 p=0.0000
P4 cap  70: 26/44 p=0.0003
P4 cap  80: 29/44 p=0.0008
P4 cap  90: 30/44 p=0.0121
P4 cap 100: 32/44 p=0.0386
P4 cap 110: 36/44 p=0.0231
P4 cap 120: 36/44 p=0.1926
wrote results/step_b13_patch_scale.json, figures/step_b13_patch_scale.png
[OK] Step 025: Intrinsic patch scale completed in 1.39m

======================================================================
[21/102] Step 026: Anti-axis deficit
======================================================================
[INFO] [STEP 026] LOGGER INITIALIZED: step_026_antipode_deficit (Step 026)
[INFO] [STEP 026] ================================================================================
[INFO] [STEP 026] Anti-axis deficit
[INFO] [STEP 026] ================================================================================
C1 anti-cap N=9 (null median 15) p_low=0.0447 | cluster-cap N=26 p_high=0.0001
C2 AIC: uniform_plus_bump=153.8, uniform_plus_bump_plus_dip=157.8, repulsion_fixed_axis=155.2, repulsion_free_axis=157.0 | bump+dip params [0.43 2.76 0.   2.73]
C3 anti-cap objects: [('82158 (2001 FP185)', 186), ('506479 (2003 HB57)', 208), ('(2002 GB32)', 214), ('(2013 FT28)', 258), ('(2015 DM319)', 209), ('(2015 KG163)', 251), ('(2016 EC366)', 172), ('(2023 KQ14)', 271), ('(2024 FX26)', 193)]
wrote results/step_b6_antipode_deficit.json, figures/step_b6_antipode_deficit.png
[OK] Step 026: Anti-axis deficit completed in 0.99s

======================================================================
[22/102] Step 027: JFC bipolar population
======================================================================
[INFO] [STEP 027] LOGGER INITIALIZED: step_027_antipodal_populations (Step 027)
[INFO] [STEP 027] ================================================================================
[INFO] [STEP 027] JFC bipolar population
[INFO] [STEP 027] ================================================================================
JFc_all: N=60 R(varpi)=0.481@220 R(lo)=0.352@189 R(D)=0.77 p_pair=0.0001 sep_to_229=8.7
JFc_pre2000: N=22 R(varpi)=0.957@219 R(lo)=0.911@183 R(D)=0.97 p_pair=0.0086 sep_to_229=10.5
JFc_post2000: N=38 R(varpi)=0.207@225 R(lo)=0.062@250 R(D)=0.65 p_pair=0.0786 sep_to_229=3.9
CTc: N=18 R(varpi)=0.282@78 R(lo)=0.319@360 R(D)=0.74 p_pair=0.4281 sep_to_229=151.1
HYP: N=115 R(varpi)=0.147@136 R(lo)=0.098@243 R(D)=0.32 p_pair=0.0830 sep_to_229=93.2
COM: N=61 R(varpi)=0.233@332 R(lo)=0.184@273 R(D)=0.18 p_pair=0.0393 sep_to_229=103.4
wrote results/step_b12_antipodal_populations.json, figures/step_b12_antipodal_populations.png
[OK] Step 027: JFC bipolar population completed in 1.17s

======================================================================
[23/102] Step 028: OSSOS pointing coupling
======================================================================
[INFO] [STEP 028] LOGGER INITIALIZED: step_028_ossos_bias (Step 028)
[INFO] [STEP 028] ================================================================================
[INFO] [STEP 028] OSSOS pointing coupling
[INFO] [STEP 028] ================================================================================
B1 |varpi-lam_d| mean=50.8 deg, R=0.513 (null 0.160) p=2.00e-04
B2 OSSOS detached varpi mean=329 deg R=0.108 p=0.698
B3 clustered (varpi within 60 of 50): 13 objects discovered at lam_d [7.9, 9.5, 9.5, 9.8, 12.9, 14.5, 24.4, 27.4, 48.4, 49.8, 50.2, 50.3, 51.3]
B4 discovery r/q median=1.10
B5 a30_40           N=  193  p(Om)=7.40e-05  p(varpi)=3.30e-01
B5 a40_60           N=  793  p(Om)=1.54e-12  p(varpi)=1.85e-01
B5 a60_150          N=  195  p(Om)=2.44e-06  p(varpi)=4.44e-01
B5 a150_detached    N=   44  p(Om)=8.54e-03  p(varpi)=7.31e-03
wrote results/step_06_ossos_bias.json, figures/step_06_ossos_bias.png
[OK] Step 028: OSSOS pointing coupling completed in 1.06s

======================================================================
[24/102] Step 030: Warsaw comet directional test
======================================================================
[INFO] [STEP 030] LOGGER INITIALIZED: step_030_warsaw_direction (Step 030)
[INFO] [STEP 030] ================================================================================
[INFO] [STEP 030] Warsaw comet directional test
[INFO] [STEP 030] ================================================================================
parsed 128 original-orbit rows
119 unique comets
spike (0<1/a<100e-6): 110   dynamically new (0<1/a<35e-6): 47
{
 "n_rows": 128,
 "n_unique": 119,
 "spike": {
  "n": 110,
  "Rbar": 0.14266513692738061,
  "p_isotropy": 0.10632005172440061,
  "mean_dir_ecl": {
   "lon": 54.65248887948532,
   "lat": -14.228931607567624
  },
  "dir_ang68_deg": 32.969197468791016,
  "angle_to_tno_axis": 20.103236298426683,
  "mean_abs_gal_b": 31.24892509745272,
  "frac_galb_gt30": 0.4909090909090909,
  "frac_within_60deg_axis": 0.3,
  "p_vs_isotropic": 0.13934303284835758,
  "p_vs_tide_weighted": 0.4927253637318134
 },
 "new": {
  "n": 47,
  "Rbar": 0.13294506577685689,
  "p_isotropy": 0.44024846697099457,
  "mean_dir_ecl": {
   "lon": 86.01613858751502,
   "lat": -15.065407550744695
  },
  "dir_ang68_deg": 49.45592045994196,
  "angle_to_tno_axis": 50.39250542180959,
  "mean_abs_gal_b": 27.947231540890847,
  "frac_galb_gt30": 0.40425531914893614,
  "frac_within_60deg_axis": 0.23404255319148937,
  "p_vs_isotropic": 0.6535673216339183,
  "p_vs_tide_weighted": 0.6069696515174241
 },
 "all_bound": {
  "n": 114,
  "Rbar": 0.1490793690943451,
  "p_isotropy": 0.07890123829006786,
  "mean_dir_ecl": {
   "lon": 60.50331933392979,
   "lat": -13.830709021846117
  },
  "dir_ang68_deg": 30.939844823122264,
  "angle_to_tno_axis": 25.780638627052262,
  "mean_abs_gal_b": 31.120744388749056,
  "frac_galb_gt30": 0.49122807017543857,
  "frac_within_60deg_axis": 0.2982456140350877,
  "p_vs_isotropic": 0.14104294785260738,
  "p_vs_tide_weighted": 0.4815259237038148
 }
}
wrote /Users/matthewsmawfield/www/Temporal Equivalence Principle/TEP-9/results/step_07_warsaw_comets.json
[OK] Step 030: Warsaw comet directional test completed in 20.98s

======================================================================
[25/102] Step 031: Orbit-reconstruction clock channel
======================================================================
[INFO] [STEP 031] LOGGER INITIALIZED: step_031_clock_channel (Step 031)
[INFO] [STEP 031] ================================================================================
[INFO] [STEP 031] Orbit-reconstruction clock channel
[INFO] [STEP 031] ================================================================================
107 comets matched osc+orig
{
 "n_matched": 107,
 "spike": {
  "n": 99,
  "corr_ddir_vs_theta": {
   "rho": -0.015955473098330238,
   "p_perm": 0.5614219289035548
  },
  "corr_absDaa_vs_theta": {
   "rho": 0.015534941249226962,
   "p_perm": 0.4351282435878206
  },
  "corr_signedDaa_vs_theta": {
   "rho": -0.0035250463821892386,
   "p_perm": 0.5185740712964352
  },
  "corr_aaorig_vs_theta": {
   "rho": -0.05606679035250464,
   "p_perm": 0.7083645817709114
  },
  "ddir_in_vs_out_60": {
   "n_in": 32,
   "median_in": 0.09241478690236163,
   "median_out": 0.06522854159245667,
   "p_greater": 0.034250150811914015
  },
  "absDaa_in_vs_out_60": {
   "median_in": 469.235,
   "median_out": 282.71000000000004,
   "p_greater": 0.20847523307914456
  },
  "ng_frac_in_vs_out_60": {
   "in": [
    8,
    24
   ],
   "out": [
    19,
    48
   ],
   "p_fisher_greater": 0.7198543418271187
  }
 },
 "new": {
  "n": 44,
  "corr_ddir_vs_theta": {
   "rho": 0.0001409443269908386,
   "p_perm": 0.5029748512574371
  },
  "corr_absDaa_vs_theta": {
   "rho": 0.2241014799154334,
   "p_perm": 0.07209639518024098
  },
  "corr_signedDaa_vs_theta": {
   "rho": -0.2114164904862579,
   "p_perm": 0.9140542972851358
  },
  "corr_aaorig_vs_theta": {
   "rho": 0.11923890063424947,
   "p_perm": 0.22378881055947203
  },
  "ddir_in_vs_out_60": {
   "n_in": 11,
   "median_in": 0.08322160263267282,
   "median_out": 0.06476007430142847,
   "p_greater": 0.20039266838494524
  },
  "absDaa_in_vs_out_60": {
   "median_in": 268.61,
   "median_out": 301.74,
   "p_greater": 0.7919241165068476
  },
  "ng_frac_in_vs_out_60": {
   "in": [
    2,
    9
   ],
   "out": [
    7,
    26
   ],
   "p_fisher_greater": 0.7301670419860109
  }
 },
 "all_boundish": {
  "n": 107,
  "corr_ddir_vs_theta": {
   "rho": -0.0021944003605086308,
   "p_perm": 0.5074746262686866
  },
  "corr_absDaa_vs_theta": {
   "rho": 0.017173142107016204,
   "p_perm": 0.42847857607119644
  },
  "corr_signedDaa_vs_theta": {
   "rho": -0.009855208761927154,
   "p_perm": 0.5377731113444327
  },
  "corr_aaorig_vs_theta": {
   "rho": -0.020846803424831993,
   "p_perm": 0.584720763961802
  },
  "ddir_in_vs_out_60": {
   "n_in": 35,
   "median_in": 0.09552806206251013,
   "median_out": 0.06768259704676818,
   "p_greater": 0.04183645641385283
  },
  "absDaa_in_vs_out_60": {
   "median_in": 455.25,
   "median_out": 291.15500000000003,
   "p_greater": 0.18061552383273938
  },
  "ng_frac_in_vs_out_60": {
   "in": [
    9,
    26
   ],
   "out": [
    20,
    52
   ],
   "p_fisher_greater": 0.6722914796405814
  }
 },
 "controls_spike": {
  "gal_pole_corr_ddir": 0.03009276437847866,
  "gal_pole_p": 0.767471794348601,
  "antitno_corr_ddir": 0.015955473098330238,
  "antitno_p": 0.8754429109908457
 },
 "duplicate_solutions": [
  {
   "desig": "C/2001 Q4",
   "theta": 12.320113574055222,
   "daa": 11.270000000000003,
   "ddir": 0.001041732956208413
  },
  {
   "desig": "C/2002 T7",
   "theta": 80.57019512735297,
   "daa": 7.899999999999999,
   "ddir": 0.0006360974645905434
  },
  {
   "desig": "C/2003 K4",
   "theta": 38.521734793343015,
   "daa": 19.68,
   "ddir": 0.0014619646575040367
  },
  {
   "desig": "C/2006 VZ13",
   "theta": 36.72705798213101,
   "daa": 32.43,
   "ddir": 0.0010168501475183965
  },
  {
   "desig": "C/2007 N3",
   "theta": 17.1301022945656,
   "daa": 3.080000000000002,
   "ddir": 0.0003944850022630635
  },
  {
   "desig": "C/2007 Q3",
   "theta": 63.98182449099164,
   "daa": 2.779999999999994,
   "ddir": 0.0003738943748388617
  },
  {
   "desig": "C/2007 W1",
   "theta": 70.04716616094221,
   "daa": 13.59,
   "ddir": 0.000692186156778298
  },
  {
   "desig": "C/2008 A1",
   "theta": 66.48820281583323,
   "daa": 2.2299999999999898,
   "ddir": 0.00021564841838402052
  },
  {
   "desig": "C/2009 K5",
   "theta": 50.79178414969273,
   "daa": 3.9200000000000017,
   "ddir": 6.374207945442709e-05
  }
 ]
}
wrote /Users/matthewsmawfield/www/Temporal Equivalence Principle/TEP-9/results/step_08_clock_channel.json
[OK] Step 031: Orbit-reconstruction clock channel completed in 1.03m

======================================================================
[26/102] Step 032: Nested-field multi-axis test
======================================================================
[INFO] [STEP 032] LOGGER INITIALIZED: step_032_nested_field (Step 032)
[INFO] [STEP 032] ================================================================================
[INFO] [STEP 032] Nested-field multi-axis test
[INFO] [STEP 032] ================================================================================
107 matched; spike n=99, full-arc n=60
{
 "n_matched": 107,
 "n_spike": 99,
 "n_full": 60,
 "axis_scan_ddir_full": {
  "tno": {
   "n_in": 21,
   "med_in": 0.10518563754764582,
   "med_out": 0.06337932566157782,
   "p": 0.008864300328535015
  },
  "anti_tno": {
   "n_in": 11,
   "med_in": 0.06337932566157782,
   "med_out": 0.07530744678480443,
   "p": 0.5832236817742218
  },
  "ism": {
   "n_in": 10,
   "med_in": 0.05995278007871687,
   "med_out": 0.07706125785896045,
   "p": 0.44086937240558244
  },
  "cmb_apex": {
   "n_in": 12,
   "med_in": 0.07576766708894739,
   "med_out": 0.07272204964294206,
   "p": 0.40149197857069285
  },
  "cmb_anti": {
   "n_in": 13,
   "med_in": 0.09873755088138675,
   "med_out": 0.06522854159245667,
   "p": 0.11464132008951106
  },
  "gal_ctr": {
   "n_in": 15,
   "med_in": 0.07881506893311647,
   "med_out": 0.07046014302243375,
   "p": 0.39894694159932825
  },
  "gal_pole": {
   "n_in": 10,
   "med_in": 0.05995278007871687,
   "med_out": 0.07706125785896045,
   "p": 0.6723083616214245
  },
  "ecl_pole": {
   "n_in": 12,
   "med_in": 0.05502172201251871,
   "med_out": 0.08446903670223094,
   "p": 0.9721090094157281
  }
 },
 "depth_L1": {
  "in60": {
   "n": 32,
   "spearman_ddir_vs_aa": {
    "rho": 0.06231671554252198,
    "p": 0.7347446274882852
   }
  },
  "out60": {
   "n": 67,
   "spearman_ddir_vs_aa": {
    "rho": 0.03192593183813553,
    "p": 0.7975860063121274
   }
  },
  "global": {
   "rho": 0.06494743351886208,
   "p": 0.5230268833504471
  }
 },
 "element_decomp_L2": {
  "dir": {
   "med_in": 0.09241478690236163,
   "med_out": 0.06522854159245667,
   "p_cap_greater": 0.034250150811914015,
   "rho_vs_theta": -0.015955473098330238,
   "p_spearman": 0.8754429109908457
  },
  "omega": {
   "med_in": 0.06782099999999502,
   "med_out": 0.05002799999999752,
   "p_cap_greater": 0.16260850762182105,
   "rho_vs_theta": 0.029721706864564008,
   "p_spearman": 0.7702591214709315
  },
  "Omega": {
   "med_in": 0.03768300000000124,
   "med_out": 0.0382979999999975,
   "p_cap_greater": 0.3227217981165619,
   "rho_vs_theta": 0.028534322820037105,
   "p_spearman": 0.7791980547157364
  },
  "incl": {
   "med_in": 0.03958149999999705,
   "med_out": 0.031123000000008005,
   "p_cap_greater": 0.15895639876916362,
   "rho_vs_theta": -0.07191094619666048,
   "p_spearman": 0.4793587449362853
  },
  "inv_a": {
   "med_in": 469.235,
   "med_out": 282.71000000000004,
   "p_cap_greater": 0.20847523307914456,
   "rho_vs_theta": 0.015534941249226962,
   "p_spearman": 0.8787004560381582
  },
  "ecc": {
   "med_in": 0.001206615000000022,
   "med_out": 0.0010049600000000547,
   "p_cap_greater": 0.21279504594720278,
   "rho_vs_theta": 0.04760667903525046,
   "p_spearman": 0.6398345837289122
  },
  "q": {
   "med_in": 0.0038249750000003413,
   "med_out": 0.0028690399999993232,
   "p_cap_greater": 0.16631477266724531,
   "rho_vs_theta": -0.033234384662956085,
   "p_spearman": 0.7439942699341282
  }
 },
 "dynamics_L4": {
  "retro_i>90": {
   "n_in": 12,
   "n_out": 20,
   "med_in": 0.10985189888123575,
   "med_out": 0.06430393362701725,
   "p": 0.022501052735731105
  },
  "prog_i<90": {
   "n_in": 9,
   "n_out": 19,
   "med_in": 0.09873755088138675,
   "med_out": 0.05527739124071683,
   "p": 0.05772746282896802
  }
 },
 "shells_L1b": {
  "aa_0_20": {
   "n": 10,
   "n_in": 4,
   "med_in": 0.08708581812068299,
   "med_out": 0.07034804905178572,
   "p": 0.23809523809523808
  },
  "aa_20_50": {
   "n": 36,
   "n_in": 8,
   "med_in": 0.10196159421451628,
   "med_out": 0.06374214653365418,
   "p": 0.09019036137730112
  },
  "aa_50_100": {
   "n": 14,
   "n_in": 9,
   "med_in": 0.11493177317188259,
   "med_out": 0.06337932566157782,
   "p": 0.11988011988011989
  }
 },
 "nested_axes": {
  "ism_45": {
   "n_in": 8,
   "med_in": 0.07288942027861982,
   "med_out": 0.07194963970003163,
   "p": 0.4723872254970028
  },
  "ism_60": {
   "n_in": 17,
   "med_in": 0.06337932566157782,
   "med_out": 0.07286919560143398,
   "p": 0.4245757620795051
  },
  "cmb_apex_45": {
   "n_in": 10,
   "med_in": 0.07646386094641952,
   "med_out": 0.07194963970003163,
   "p": 0.446885343746558
  },
  "cmb_apex_60": {
   "n_in": 20,
   "med_in": 0.07646386094641952,
   "med_out": 0.07194963970003163,
   "p": 0.3918428475121901
  },
  "cmb_anti_45": {
   "n_in": 17,
   "med_in": 0.04963829943289193,
   "med_out": 0.07286919560143398,
   "p": 0.7523617580003059
  },
  "cmb_anti_60": {
   "n_in": 21,
   "med_in": 0.07530744678480443,
   "med_out": 0.07190108521870482,
   "p": 0.5187735345136393
  }
 },
 "note_epoch": "perihelion-year trend not implemented (year not parsed in this step)"
}
wrote /Users/matthewsmawfield/www/Temporal Equivalence Principle/TEP-9/results/step_09_nested_field.json
[OK] Step 032: Nested-field multi-axis test completed in 0.46s

======================================================================
[27/102] Step 033: Three-leg orbit decomposition
======================================================================
[INFO] [STEP 033] LOGGER INITIALIZED: step_033_three_leg (Step 033)
[INFO] [STEP 033] ================================================================================
[INFO] [STEP 033] Three-leg orbit decomposition
[INFO] [STEP 033] ================================================================================
{
 "n_spike": 99,
 "P1_rotation_per_kick": {
  "median_ratio_in": 0.00020815124092532473,
  "median_ratio_out": 0.00023637127859945628,
  "p_greater": 0.38666157316417465,
  "fullarc_median_in": 0.00022043159985432264,
  "fullarc_median_out": 0.00024395445281044458,
  "fullarc_p": 0.49381732476037193
 },
 "P2_leg_asymmetry": {
  "n": 98,
  "corr_absDaaf_vs_theta_orig": {
   "rho": -0.08457178560271343,
   "p": 0.4076927529460719
  },
  "corr_absDaaf_vs_theta_fut": {
   "rho": -0.09080708197055766,
   "p": 0.37386909542250635
  },
  "corr_ddirf_vs_theta_orig": {
   "rho": 0.10331592805819607,
   "p": 0.31136361149965763
  },
  "corr_ddirf_vs_theta_fut": {
   "rho": 0.09516796409285362,
   "p": 0.35126170123479084
  },
  "ddirf_cap60_orig": {
   "n_in": 32,
   "med_in": 0.08920347728429474,
   "med_out": 0.09746261014973612,
   "p": 0.71888940729118
  },
  "ddirf_cap60_fut": {
   "n_in": 32,
   "med_in": 0.08920347728429474,
   "med_out": 0.09746261014973612,
   "p": 0.71888940729118
  }
 },
 "P3_frame_motion": {
  "ddir_vs_vdot_cmb": {
   "rho": -0.02703772418058132,
   "p": 0.7905057831651192
  },
  "ddir_vs_vdot_ism": {
   "rho": 0.013580705009276437,
   "p": 0.8938641457539821
  }
 },
 "P4_rotation_axis": {
  "Rbar_in": 0.0899681995748843,
  "n_in": 32,
  "p_coherence_in": 0.8647135286471352,
  "Rbar_out": 0.11446266866295723,
  "n_out": 67,
  "p_coherence_out": 0.4587541245875412,
  "abs_cos_roaxis_tno_in": 0.36106773823408234,
  "p_vs_random": 0.9959004099590041
 },
 "P5_ng_recoil": {
  "n_ng": 32,
  "|A1|_vs_theta": {
   "rho": 0.3288123167155425,
   "p": 0.06613448555013052
  },
  "|A2|_vs_theta": {
   "rho": 0.23680351906158356,
   "p": 0.19192037056160385
  },
  "|A3|_vs_theta": {
   "rho": -0.06221824444834832,
   "p": 0.73514880401513
  },
  "A3_in_cap": {
   "vals": [
    "C/1885 X1:0.00@th40",
    "C/1978 H1:0.00@th46",
    "C/2001 Q4:0.18@th12",
    "C/2002 E2:0.00@th30",
    "C/2003 K4:-0.13@th39",
    "C/2006 Q1:10.60@th35",
    "C/2007 N3:-0.13@th17",
    "C/2007 W3:-1.08@th53",
    "C/1980 E1:0.00@th42",
    "C/2005 K1:0.00@th60"
   ]
  },
  "median_absA3_in": 0.0626,
  "median_absA3_out": 0.149,
  "p_absA3_greater_in": 0.7648235247255499,
  "A3_over_err": [
   {
    "desig": "C/1956 R1",
    "A3": 0.3728,
    "sig": 4.270332187857961,
    "theta": 63.515730543818535
   },
   {
    "desig": "C/1959 Y1",
    "A3": 0.725,
    "sig": 4.707792207792208,
    "theta": 93.70710784409417
   },
   {
    "desig": "C/1974 F1",
    "A3": -14.29,
    "sig": -2.1233283803863294,
    "theta": 79.05895209801717
   },
   {
    "desig": "C/1993 Q1",
    "A3": 0.455,
    "sig": 2.446236559139785,
    "theta": 105.69312536908492
   },
   {
    "desig": "C/2001 Q4",
    "A3": 0.17907,
    "sig": 19.46413043478261,
    "theta": 12.320113574055222
   },
   {
    "desig": "C/2002 T7",
    "A3": -0.4016,
    "sig": -13.753424657534246,
    "theta": 80.57019512735297
   },
   {
    "desig": "C/2003 K4",
    "A3": -0.1252,
    "sig": -8.45945945945946,
    "theta": 38.521734793343015
   },
   {
    "desig": "C/2004 B1",
    "A3": -0.23725,
    "sig": -34.73645680819912,
    "theta": 82.09184635988694
   },
   {
    "desig": "C/2006 Q1",
    "A3": 10.604,
    "sig": 56.1058201058201,
    "theta": 34.64539758250485
   },
   {
    "desig": "C/2007 N3",
    "A3": -0.13334,
    "sig": -70.17894736842105,
    "theta": 17.1301022945656
   },
   {
    "desig": "C/2007 Q3",
    "A3": 1.657,
    "sig": 44.78378378378379,
    "theta": 63.98182449099164
   },
   {
    "desig": "C/2007 W3",
    "A3": -1.084,
    "sig": -3.430379746835443,
    "theta": 52.65403740436751
   },
   {
    "desig": "C/2009 R1",
    "A3": 0.776,
    "sig": 3.748792270531401,
    "theta": 77.64379188090138
   },
   {
    "desig": "C/2005 B1",
    "A3": -63.94,
    "sig": -13.721030042918454,
    "theta": 90.21775195047223
   }
  ]
 },
 "P6_epoch_trend": {
  "n": 32,
  "rho_ddir_vs_year_incap": -0.15754708895500721,
  "p": 0.3891503401170827,
  "kendall": {
   "tau": -0.10031888663403278,
   "p": 0.42572484369555974
  },
  "rho_ddir_vs_year_outcap": {
   "rho": -0.16190525695612634,
   "p": 0.19054551254382568
  }
 }
}
wrote /Users/matthewsmawfield/www/Temporal Equivalence Principle/TEP-9/results/step_10_proper_clock.json
[OK] Step 033: Three-leg orbit decomposition completed in 0.61s

======================================================================
[28/102] Step 034: CODE independent confirmation
======================================================================
[INFO] [STEP 034] LOGGER INITIALIZED: step_034_code_confirm (Step 034)
[INFO] [STEP 034] ================================================================================
[INFO] [STEP 034] CODE independent confirmation
[INFO] [STEP 034] ================================================================================
CODE: 369 orig, 369 osc, 342 fut; warsaw 119
matched-regime spike: 87 = 33 warsaw + 54 code-only
{
 "n_code": 369,
 "n_matched": 87,
 "n_warsaw": 33,
 "n_code_only": 54,
 "all_matched": {
  "d_so": {
   "n_in": 30,
   "n_out": 57,
   "med_in": 0.11897068850883785,
   "med_out": 0.08162349045840585,
   "p": 0.005822493204038236
  },
  "d_sf": {
   "n_in": 30,
   "n_out": 57,
   "med_in": 0.09969562097472229,
   "med_out": 0.09695494495734182,
   "p": 0.21992557467972812
  },
  "d_of": {
   "n_in": 30,
   "n_out": 57,
   "med_in": 0.17682423348971874,
   "med_out": 0.1355163395379467,
   "p": 0.015870233497992946
  },
  "daa_so": {
   "n_in": 30,
   "n_out": 57,
   "med_in": 501.42,
   "med_out": 366.91,
   "p": 0.2883796148176006
  },
  "daa_of": {
   "n_in": 30,
   "n_out": 57,
   "med_in": 326.235,
   "med_out": 410.47999999999996,
   "p": 0.35214909525791627
  },
  "ratio_of": {
   "n_in": 30,
   "n_out": 57,
   "med_in": 0.000444802823780339,
   "med_out": 0.0003000410147324975,
   "p": 0.1449811222554478
  },
  "ratio_so": {
   "n_in": 30,
   "n_out": 57,
   "med_in": 0.0002538599214212034,
   "med_out": 0.0002702231318574124,
   "p": 0.191965940624712
  },
  "asym": {
   "n_in": 30,
   "n_out": 57,
   "med_in": 0.02413561086506346,
   "med_out": -0.0055107660316773555,
   "p": 0.16407809520307598
  }
 },
 "warsaw_overlap": {
  "d_so": {
   "n_in": 11,
   "n_out": 22,
   "med_in": 0.11983170517303751,
   "med_out": 0.07135416666235939,
   "p": 0.010431291166382757
  },
  "d_sf": {
   "n_in": 11,
   "n_out": 22,
   "med_in": 0.13544005384966826,
   "med_out": 0.10460067169647658,
   "p": 0.2058022524418846
  },
  "d_of": {
   "n_in": 11,
   "n_out": 22,
   "med_in": 0.168050741022601,
   "med_out": 0.1429874837117346,
   "p": 0.5380306874144396
  },
  "daa_so": {
   "n_in": 11,
   "n_out": 22,
   "med_in": 609.9100000000001,
   "med_out": 315.92,
   "p": 0.35837720572219334
  },
  "daa_of": {
   "n_in": 11,
   "n_out": 22,
   "med_in": 531.28,
   "med_out": 410.14,
   "p": 0.06571540749131961
  },
  "ratio_of": {
   "n_in": 11,
   "n_out": 22,
   "med_in": 0.00021092293724753495,
   "med_out": 0.00045392713782914504,
   "p": 0.8252711496502227
  },
  "ratio_so": {
   "n_in": 11,
   "n_out": 22,
   "med_in": 0.0002675657787747789,
   "med_out": 0.00025393160865267816,
   "p": 0.2058022524418846
  },
  "asym": {
   "n_in": 11,
   "n_out": 22,
   "med_in": -0.015424044082104987,
   "med_out": -0.027569661624429774,
   "p": 0.12205434539027182
  }
 },
 "code_only": {
  "d_so": {
   "n_in": 19,
   "n_out": 35,
   "med_in": 0.11810967184463818,
   "med_out": 0.09802951533913536,
   "p": 0.09921334839427737
  },
  "d_sf": {
   "n_in": 19,
   "n_out": 35,
   "med_in": 0.09293006128142137,
   "med_out": 0.09240443860336456,
   "p": 0.32533435088629725
  },
  "d_of": {
   "n_in": 19,
   "n_out": 35,
   "med_in": 0.21202382273464052,
   "med_out": 0.13074542444885423,
   "p": 0.0029505468290258216
  },
  "daa_so": {
   "n_in": 19,
   "n_out": 35,
   "med_in": 406.35,
   "med_out": 370.18,
   "p": 0.45672814521476873
  },
  "daa_of": {
   "n_in": 19,
   "n_out": 35,
   "med_in": 310.96999999999997,
   "med_out": 414.68,
   "p": 0.6876004207969093
  },
  "ratio_of": {
   "n_in": 19,
   "n_out": 35,
   "med_in": 0.0005088783042256586,
   "med_out": 0.00026576985060137797,
   "p": 0.017034234335729554
  },
  "ratio_so": {
   "n_in": 19,
   "n_out": 35,
   "med_in": 0.00024015406406762785,
   "med_out": 0.0002702231318574124,
   "p": 0.3518316544997536
  },
  "asym": {
   "n_in": 19,
   "n_out": 35,
   "med_in": 0.02517961056321681,
   "med_out": 0.01945334488595339,
   "p": 0.3585763587335273
  }
 },
 "axis_scan_code_only": {
  "d_of": {
   "tno": {
    "n_in": 19,
    "n_out": 35,
    "med_in": 0.21202382273464052,
    "med_out": 0.13074542444885423,
    "p": 0.0029505468290258216
   },
   "anti": {
    "n_in": 6,
    "n_out": 48,
    "med_in": 0.09323665612974621,
    "med_out": 0.1526196107893638,
    "p": 0.9156392890973516
   },
   "ism": {
    "n_in": 11,
    "n_out": 43,
    "med_in": 0.11020944164737942,
    "med_out": 0.1540025296642529,
    "p": 0.9486888092381144
   },
   "cmb+": {
    "n_in": 9,
    "n_out": 45,
    "med_in": 0.12229071678467134,
    "med_out": 0.15123669191447472,
    "p": 0.8862720688778936
   },
   "cmb-": {
    "n_in": 13,
    "n_out": 41,
    "med_in": 0.17866994613040604,
    "med_out": 0.1496838391747198,
    "p": 0.1607491395183674
   },
   "gctr": {
    "n_in": 10,
    "n_out": 44,
    "med_in": 0.09297147928260405,
    "med_out": 0.15631608549249437,
    "p": 0.9866431094564251
   },
   "gpole": {
    "n_in": 7,
    "n_out": 47,
    "med_in": 0.11020944164737942,
    "med_out": 0.15123669191447472,
    "p": 0.7361118790364072
   },
   "epole": {
    "n_in": 11,
    "n_out": 43,
    "med_in": 0.1496838391747198,
    "med_out": 0.15073190039201245,
    "p": 0.28099581701964527
   }
  },
  "ratio_of": {
   "tno": {
    "n_in": 19,
    "n_out": 35,
    "med_in": 0.0005088783042256586,
    "med_out": 0.00026576985060137797,
    "p": 0.017034234335729554
   },
   "anti": {
    "n_in": 6,
    "n_out": 48,
    "med_in": 0.0007442424333738665,
    "med_out": 0.00038533916439311924,
    "p": 0.409794803262379
   },
   "ism": {
    "n_in": 11,
    "n_out": 43,
    "med_in": 0.00024062604760749734,
    "med_out": 0.00042850144951185793,
    "p": 0.8812480590795857
   },
   "cmb+": {
    "n_in": 9,
    "n_out": 45,
    "med_in": 0.00022845089480450506,
    "med_out": 0.00043215250478726477,
    "p": 0.9782720180736875
   },
   "cmb-": {
    "n_in": 13,
    "n_out": 41,
    "med_in": 0.00043215250478726477,
    "med_out": 0.00035484118365870034,
    "p": 0.3064957256721626
   },
   "gctr": {
    "n_in": 10,
    "n_out": 44,
    "med_in": 0.00018832705416535163,
    "med_out": 0.000444802823780339,
    "p": 0.9700584603538633
   },
   "gpole": {
    "n_in": 7,
    "n_out": 47,
    "med_in": 0.00026576985060137797,
    "med_out": 0.0003869348262662395,
    "p": 0.5798546656204812
   },
   "epole": {
    "n_in": 11,
    "n_out": 43,
    "med_in": 0.0012227150161463552,
   
wrote /Users/matthewsmawfield/www/Temporal Equivalence Principle/TEP-9/results/step_11_code_confirm.json
[OK] Step 034: CODE independent confirmation completed in 0.54s

======================================================================
[29/102] Step 035: Confirmation consolidation
======================================================================
[INFO] [STEP 035] LOGGER INITIALIZED: step_035_consolidation (Step 035)
[INFO] [STEP 035] ================================================================================
[INFO] [STEP 035] Confirmation consolidation
[INFO] [STEP 035] ================================================================================
{
 "n_co": 54,
 "n_shallow_control": 77,
 "S1_cap_sensitivity": {
  "30": {
   "n_in": 6,
   "med_in": 0.2346522313585619,
   "med_out": 0.14914055410230004,
   "p": 0.04278200878803384
  },
  "40": {
   "n_in": 10,
   "med_in": 0.1942168968818031,
   "med_out": 0.14914055410230004,
   "p": 0.07234315222154672
  },
  "50": {
   "n_in": 15,
   "med_in": 0.20976384763320013,
   "med_out": 0.13216591174484943,
   "p": 0.013847185797260134
  },
  "60": {
   "n_in": 19,
   "med_in": 0.21202382273464052,
   "med_out": 0.13074542444885423,
   "p": 0.0029505468290258216
  },
  "75": {
   "n_in": 30,
   "med_in": 0.1692245531108859,
   "med_out": 0.11625007921602537,
   "p": 0.0072267365731937885
  },
  "90": {
   "n_in": 38,
   "med_in": 0.1526196107893638,
   "med_out": 0.1299466404110496,
   "p": 0.20495924949272976
  }
 },
 "S2_ng_need_60": {
  "in_cap_ng/tot": [
   7,
   12
  ],
  "out_cap_ng/tot": [
   19,
   16
  ],
  "odds_ratio": 0.49122807017543857,
  "p_2sided": 0.26352418645035086
 },
 "S3_elements": {
  "dOm": {
   "med_in": 0.07200000000000273,
   "med_out": 0.10699999999999932,
   "p": 0.9250949281391838
  },
  "dw": {
   "med_in": 0.16899999999998272,
   "med_out": 0.10200000000000387,
   "p": 0.022180849722165587
  },
  "di": {
   "med_in": 0.03300000000000125,
   "med_out": 0.03900000000000148,
   "p": 0.9171246028081381
  },
  "de": {
   "med_in": 0.0006592999999999183,
   "med_out": 0.0005479999999999929,
   "p": 0.6811606187827668
  }
 },
 "S4_era": {
  "pre2006": {
   "n": 30,
   "n_in": 13,
   "med_in": 0.21202382273464052,
   "med_out": 0.13216591174484943,
   "p": 0.009546810013844718
  },
  "post2006": {
   "n": 24,
   "n_in": 6,
   "med_in": 0.2346522313585619,
   "med_out": 0.12047743304811682,
   "p": 0.09967606763945436
  }
 },
 "S5_anticap": {
  "n_in_anticap": 6,
  "n": 54,
  "frac": 0.1111111111111111,
  "expect_iso": 0.24999999999999994
 },
 "S6_shallow_control": {
  "n": 77,
  "n_in": 24,
  "med_in": 0.07495453998271223,
  "med_out": 0.0764981426097584,
  "p": 0.15713932436348765
 },
 "S8_all_class": {
  "code_only": {
   "n": 72,
   "n_in": 22,
   "med_in": 0.21456327673585165,
   "med_out": 0.13456884637667485,
   "p": 0.011307450343765539
  },
  "all_matched": {
   "n": 113,
   "n_in": 35,
   "med_in": 0.17497852084903143,
   "med_out": 0.13611289218469458,
   "p": 0.03661121712978318
  }
 },
 "S7_combined": {
  "inputs": {
   "warsaw_d_so_fullarc": 0.0089,
   "code_only_d_of": 0.003
  },
  "fisher_chi2": 21.061693985116143,
  "dof": 4,
  "p_combined": 0.0003078736147013002,
  "note": "conservative: Warsaw discovery + CODE-only confirmation are independent samples; CODE-internal secondary stats not added"
 }
}
wrote /Users/matthewsmawfield/www/Temporal Equivalence Principle/TEP-9/results/step_12_consolidate.json
[OK] Step 035: Confirmation consolidation completed in 0.62s

======================================================================
[30/102] Step 036: Independent axis recovery
======================================================================
[INFO] [STEP 036] LOGGER INITIALIZED: step_036_axis_convergence (Step 036)
[INFO] [STEP 036] ================================================================================
[INFO] [STEP 036] Independent axis recovery
[INFO] [STEP 036] ================================================================================
{
 "n_code_only": 54,
 "recovered_axis": {
  "lam": 10.0,
  "beta": -20.0,
  "p": 0.0024594669684765255,
  "sep_from_tno": 24.022220227433344,
  "top10": [
   {
    "lam": 10.0,
    "beta": -20.0,
    "p": 0.0024594669684765255
   },
   {
    "lam": 20.0,
    "beta": -20.0,
    "p": 0.004795910085035517
   },
   {
    "lam": 10.0,
    "beta": -10.0,
    "p": 0.005324961824809417
   },
   {
    "lam": 20.0,
    "beta": 0.0,
    "p": 0.005362206997917242
   },
   {
    "lam": 20.0,
    "beta": -10.0,
    "p": 0.005608464505622025
   },
   {
    "lam": 30.0,
    "beta": -20.0,
    "p": 0.006177262014581712
   },
   {
    "lam": 30.0,
    "beta": 10.0,
    "p": 0.00799653275394653
   },
   {
    "lam": 50.0,
    "beta": -50.0,
    "p": 0.008765009230837494
   },
   {
    "lam": 20.0,
    "beta": -30.0,
    "p": 0.010210889482210534
   },
   {
    "lam": 40.0,
    "beta": -10.0,
    "p": 0.011567871652231155
   }
  ]
 },
 "loo": {
  "min": 0.0012875103863031875,
  "max": 0.005767289306612099,
  "weakest": [
   {
    "dropped": "C/1959 X1",
    "p": 0.005767289306612099
   },
   {
    "dropped": "C/1937 C1",
    "p": 0.005179126867591146
   },
   {
    "dropped": "C/2018 C2",
    "p": 0.005179126867591146
   },
   {
    "dropped": "C/1948 E1",
    "p": 0.004905565290290865
   },
   {
    "dropped": "C/2014 W6",
    "p": 0.004905565290290865
   }
  ]
 }
}
wrote /Users/matthewsmawfield/www/Temporal Equivalence Principle/TEP-9/results/step_13_axis_convergence.json
[OK] Step 036: Independent axis recovery completed in 1.00s

======================================================================
[31/102] Step 037: Blind validation battery
======================================================================
[INFO] [STEP 037] LOGGER INITIALIZED: step_037_blind_validation (Step 037)
[INFO] [STEP 037] ================================================================================
[INFO] [STEP 037] Blind validation battery
[INFO] [STEP 037] ================================================================================
CODE-only class-1 spike: 131 total, 54 deep plungers (q<3.1)
{
 "n_all_c1": 131,
 "n_matched": 54,
 "B1_spearman": {
  "all_c1": {
   "rho": -0.24310041103934235,
   "p_2sided": 0.005144495232842704,
   "n": 131
  },
  "matched": {
   "rho": -0.3143510577472841,
   "p_2sided": 0.020614445873721257,
   "n": 54
  },
  "matched_codeaxis": {
   "rho": -0.2925481227368019,
   "p_2sided": 0.03181827947212569,
   "n": 54
  }
 },
 "B2_perm": {
  "obs_meddiff": 0.08127839828578629,
  "p_perm": 0.0063996800159992,
  "n_perm": 20000
 },
 "B3_look_elsewhere": {
  "n_grid": 2232,
  "n_axes_p_le_obs": 6,
  "fraction": 0.002688172043010753,
  "best": [
   [
    0.0013484176236670147,
    15.0,
    -15.0
   ],
   [
    0.001908759829179218,
    20.0,
    -25.0
   ],
   [
    0.002426502543859529,
    20.0,
    -5.0
   ],
   [
    0.002426502543859529,
    25.0,
    -5.0
   ],
   [
    0.0024594669684765255,
    5.0,
    -20.0
   ]
  ],
  "note": "nearby grid points are correlated; the effective number of independent sky directions is ~n_grid/(cap solid-angle factor) -- the raw fraction is the honest upper bound on trials"
 },
 "B4_split_half": {
  "heldout_p_median": 0.21691941173201357,
  "heldout_p_lt_0.05_frac": 0.218,
  "heldout_p_lt_0.10_frac": 0.334,
  "recovered_axis_to_tno_med_deg": 29.436114386152603,
  "recovered_within_45deg_frac": 0.696,
  "note": "axis derived on half A, tested on held-out half B, 500 reps"
 },
 "B5_reverse_warsaw": {
  "tno": {
   "n": 60,
   "n_in": 21,
   "med_in": 0.10518563754764582,
   "med_out": 0.06337932566157782,
   "p": 0.008864300328535015
  },
  "code_recovered": {
   "n": 60,
   "n_in": 22,
   "med_in": 0.08446903670223094,
   "med_out": 0.06768259704676818,
   "p": 0.35924123339562863
  }
 },
 "B6_no_qcut": {
  "n": 131,
  "n_in": 43,
  "med_in": 0.14434842433250053,
  "med_out": 0.09858890272439819,
  "p": 0.010015762665330209
 }
}
wrote /Users/matthewsmawfield/www/Temporal Equivalence Principle/TEP-9/results/step_14_blind_validation.json
[OK] Step 037: Blind validation battery completed in 25.50s

======================================================================
[32/102] Step 038: Model comparison and controls
======================================================================
[INFO] [STEP 038] LOGGER INITIALIZED: step_038_model_comparison (Step 038)
[INFO] [STEP 038] ================================================================================
[INFO] [STEP 038] Model comparison and controls
[INFO] [STEP 038] ================================================================================
{
 "n_c1": 131,
 "n_c2": 19,
 "n_matched": 54,
 "M1_beta": {
  "med_absbeta_in": 22.806262420569485,
  "med_absbeta_out": 33.316146465154425
 },
 "M1_strata": {
  "low|beta|<30": {
   "n_in": 14,
   "n_out": 14,
   "med_in": 0.16864979372557093,
   "med_out": 0.11625007921602537,
   "p": 0.031380488727403864
  },
  "high|beta|>=30": {
   "n_in": 5,
   "n_out": 21,
   "med_in": 0.2485563329027556,
   "med_out": 0.13697178100850027,
   "p": 0.001717847370021283
  },
  "matched_subsample": {
   "n_in": 19,
   "n_out": 14,
   "med_in": 0.21202382273464052,
   "med_out": 0.13778540486327728,
   "p": 0.056536938089311435
  }
 },
 "M2_patch_model": {
  "sigma_deg": 68.36011937137893,
  "lnLR": 3.0715531082517042,
  "delta_BIC": -1.8348618766251406,
  "approx_logBF": -0.9174309383125703,
  "note": "patch model dlogN = mu + A*exp(-theta^2/2s^2) vs flat; logBF ~ deltaBIC/2 (Kass-Raftery)"
 },
 "M4_era": {
  "rho_dof_vs_year": -0.014988560805117915,
  "p": 0.9143354110899574
 }
}
wrote /Users/matthewsmawfield/www/Temporal Equivalence Principle/TEP-9/results/step_15_model_comparison.json
[OK] Step 038: Model comparison and controls completed in 0.48s

======================================================================
[33/102] Step 039: Signed channels and matched control
======================================================================
[INFO] [STEP 039] LOGGER INITIALIZED: step_039_signed_channels (Step 039)
[INFO] [STEP 039] ================================================================================
[INFO] [STEP 039] Signed channels and matched control
[INFO] [STEP 039] ================================================================================
{
 "n": 54,
 "n_in": 19,
 "R1_repulsion": {
  "in_cap_pos": 11,
  "in_cap_n": 19,
  "in_cap_med_dtheta": 0.07026251213450507,
  "out_cap_pos": 23,
  "out_cap_n": 35,
  "out_cap_med_dtheta": 0.01973264013655296,
  "p_binom_in": 0.6476058959960938,
  "p_mw_in_vs_out": 0.5144491910281985
 },
 "R2_rotaxis": {
  "R_in": 0.37061592241659364,
  "R_out": 0.5872005975758746,
  "n_in_axes": 19,
  "p_perm_in": 0.9977001149942503,
  "mean_axis_sep_from_tno": 18.70994597168148
 },
 "R3_matched": {
  "n_pairs": 19,
  "med_in": 0.21202382273464052,
  "med_out": 0.08800466726477785,
  "p": 0.0019244943455161336,
  "med_dq": 0.0751,
  "med_ddaa": 53.089999999999996
 },
 "R4_joint_axes": {
  "code_best": {
   "p": 0.0024594669684765255,
   "lam": 10.0,
   "beta": -20.0,
   "sep_tno": 24.022220227433344
  },
  "warsaw_best": {
   "p": 0.021391914399818183,
   "lam": 70.0,
   "beta": -30.0,
   "sep_tno": 37.3307902061929
  },
  "code_vs_warsaw_sep": 54.69639932197536,
  "n_warsaw": 99
 }
}
wrote /Users/matthewsmawfield/www/Temporal Equivalence Principle/TEP-9/results/step_16_signed_channels.json
[OK] Step 039: Signed channels and matched control completed in 0.79s

======================================================================
[34/102] Step 040: Planetary baseline residual
======================================================================
[INFO] [STEP 040] LOGGER INITIALIZED: step_040_planetary_baseline (Step 040)
[INFO] [STEP 040] ================================================================================
[INFO] [STEP 040] Planetary baseline residual
[INFO] [STEP 040] ================================================================================
{
 "n_all_c1": 131,
 "matched": {
  "n": 54,
  "n_in": 19,
  "jproxy_p_2s": 0.5993838607503066,
  "q_p_2s": 0.6120331415229909,
  "i_p_2s": 0.7171527174670546,
  "spearman_dof_jproxy": {
   "rho": -0.46796264532113585,
   "p": 0.00035941416184120966
  },
  "residual_cap": {
   "med_in": 0.4628196835225298,
   "med_out": -0.005367781942145822,
   "p": 0.0017713485609765034
  },
  "residual_continuous": {
   "rho": -0.38852677720602247,
   "p_2sided": 0.0036928063380426367
  }
 },
 "all_c1": {
  "n": 131,
  "n_in": 43,
  "jproxy_p_2s": 0.6085070733676994,
  "q_p_2s": 0.8695737761661341,
  "i_p_2s": 0.0686215392059113,
  "spearman_dof_jproxy": {
   "rho": -0.4244701863022474,
   "p": 4.3551245372592795e-07
  },
  "residual_cap": {
   "med_in": 0.3105235550126364,
   "med_out": 0.011942002398417584,
   "p": 0.003589045485510702
  },
  "residual_continuous": {
   "rho": -0.2801153045427855,
   "p_2sided": 0.0011933478053119753
  }
 }
}
wrote /Users/matthewsmawfield/www/Temporal Equivalence Principle/TEP-9/results/step_17_planetary_baseline.json
[OK] Step 040: Planetary baseline residual completed in 0.39s

======================================================================
[35/102] Step 041: Conventional alternatives dismantled
======================================================================
[INFO] [STEP 041] LOGGER INITIALIZED: step_041_alternatives (Step 041)
[INFO] [STEP 041] ================================================================================
[INFO] [STEP 041] Conventional alternatives dismantled
[INFO] [STEP 041] ================================================================================
{
 "n": 54,
 "n_in": 19,
 "threshold_morphology": {
  "bins": {
   "0-30": {
    "n": 6,
    "med": 0.2346522313585619
   },
   "30-45": {
    "n": 6,
    "med": 0.16495331902244037
   },
   "45-60": {
    "n": 7,
    "med": 0.24444631049638593
   },
   "60-75": {
    "n": 11,
    "med": 0.13216591174484943
   },
   "75-180": {
    "n": 24,
    "med": 0.11625007921602537
   }
  },
  "within_cap_spearman": {
   "rho": 0.09649122807017543,
   "p": 0.6943484389585837
  },
  "note": "point mass predicts strong negative gradient (1/b impulse); observed is flat plateau then step -- boundary-crossing threshold"
 },
 "model_split": {
  "NG_fitted": {
   "n_in": 7,
   "n_out": 19,
   "med_in": 0.20976384763320013,
   "med_out": 0.13216591174484943,
   "p": 0.08460322286409241
  },
  "GR_only": {
   "n_in": 12,
   "n_out": 16,
   "med_in": 0.21456327673585165,
   "med_out": 0.12356481305960673,
   "p": 0.007399694955076438
  }
 },
 "point_mass_budget": {
  "10_Mearth": {
   "dv_ms": 0.11311966707483243,
   "dv_needed_ms": 4.931644166192133,
   "shortfall": 43.59669979341158
  },
  "318_Mearth": {
   "dv_ms": 3.5972054129796707,
   "dv_needed_ms": 4.931644166192133,
   "shortfall": 1.3709654023085405
  },
  "note": "impulse at r_p=500 AU, impact parameter r_p sin(30 deg); a 10 M_earth perturber falls ~30x short of the observed rotation; a Jupiter-mass object at 500 AU is excluded by WISE; and any gravitational impulse couples rotation to energy -- the energy channel is flat (p=0.69)"
 }
}
wrote /Users/matthewsmawfield/www/Temporal Equivalence Principle/TEP-9/results/step_18_alternatives.json
[OK] Step 041: Conventional alternatives dismantled completed in 0.38s

======================================================================
[36/102] Step 042: N-body planetary baseline (REBOUND/DE440s)
======================================================================
[INFO] [STEP 042] LOGGER INITIALIZED: step_042_nbody_planetary_baseline (Step 042)
[INFO] [STEP 042] ================================================================================
[INFO] [STEP 042] N-body planetary baseline (REBOUND/IAS15 + DE440s)
[INFO] [STEP 042] ================================================================================
[INFO] [STEP 042] sample: 131 class-1 CODE comets (skipped 0 w/o osculating, 0 w/o epoch)
[INFO] [STEP 042] integrated 131 comets; 0 failed
{
 "method": "REBOUND N-body: osculating elements at CODE perihelion epoch, backward integration to 255 AU under Sun + planetary-system barycentres (DE440s), IAS15 primary + MERCURIUS cross-check",
 "n_all_c1": 131,
 "n_failed": 0,
 "failed": [],
 "ephemeris": {
  "file": "data/raw/spice/de440s.bsp",
  "sha256": "c1c7feeab882263fc493a9d5a5b2ddd71b54826cdf65d8d17a76126b260a49f2",
  "frame": "SSB barycentric ICRF -> ecliptic J2000",
  "planets": "system barycentres 1-9 + Sun"
 },
 "integrator": {
  "primary": "ias15",
  "crosscheck": "mercurius",
  "boundary_AU": 255.0,
  "G": "4*pi^2 (AU, yr, Msun)"
 },
 "validation": {
  "spearman_nb_vs_catalogue": {
   "rho": 0.9789569209416538,
   "p": 6.540169301679544e-91
  },
  "spearman_nb_vs_catalogue_trimmed": {
   "rho": 0.9107271130976137,
   "p": 1.1761005917710936e-26,
   "n": 67,
   "trim": "|cat_kick| < 400e-6 AU^-1"
  },
  "median_signed_diff": -0.4092382647834256,
  "median_abs_diff": 4.70466652307465,
  "abs_diff_iqr": [
   1.1606683020075934,
   18.699030575368056
  ],
  "frac_within_50e-6": 0.8778625954198473,
  "mercurius_crosscheck": {
   "n": 131,
   "spearman_aa_out": {
    "rho": 0.9252495596007047,
    "p": 3.7712902662916167e-56
   },
   "median_abs_aa_out_diff": 0.3567778913360229
  }
 },
 "matched": {
  "n": 54,
  "n_in": 19,
  "kick_e_p_2s": 0.9278369065565704,
  "denc_p_2s": 0.01121692901124405,
  "q_p_2s": 0.6120331415229909,
  "i_p_2s": 0.7171527174670546,
  "spearman_dof_kick_e": {
   "rho": 0.39797979797979793,
   "p": 0.002879777575014324
  },
  "spearman_dof_denc": {
   "rho": -0.18947970268724984,
   "p": 0.169978353477405
  },
  "residual_cap": {
   "med_in": 0.24825913176655923,
   "med_out": -0.15528242238782042,
   "p": 0.0021055011257245623
  },
  "residual_continuous": {
   "rho": -0.38189441585667994,
   "p_2sided": 0.004378169209876641
  },
  "residual_cap_2cov": {
   "p": 0.004549386467684184
  },
  "residual_continuous_2cov": {
   "rho": -0.36260720411663805,
   "p_2sided": 0.007046465882846374
  }
 },
 "all_c1": {
  "n": 131,
  "n_in": 43,
  "kick_e_p_2s": 0.5679836799770813,
  "denc_p_2s": 0.008184708277729656,
  "q_p_2s": 0.8695737761661341,
  "i_p_2s": 0.0686215392059113,
  "spearman_dof_kick_e": {
   "rho": 0.32416591042545245,
   "p": 0.00015859448366713973
  },
  "spearman_dof_denc": {
   "rho": -0.3254257193188491,
   "p": 0.00014899290588284034
  },
  "residual_cap": {
   "med_in": 0.2038717314318388,
   "med_out": -0.021094093547617376,
   "p": 0.0007525080551056618
  },
  "residual_continuous": {
   "rho": -0.27200661933486364,
   "p_2sided": 0.0016728351190204071
  },
  "residual_cap_2cov": {
   "p": 0.0023951482945060096
  },
  "residual_continuous_2cov": {
   "rho": -0.24155234078898202,
   "p_2sided": 0.005444624785886096
  }
 }
}
wrote /Users/matthewsmawfield/www/Temporal Equivalence Principle/TEP-9/results/step_19_nbody_planetary_baseline.json
wrote /Users/matthewsmawfield/www/Temporal Equivalence Principle/TEP-9/results/step_19_nbody_kicks.csv
wrote /Users/matthewsmawfield/www/Temporal Equivalence Principle/TEP-9/results/figures/step_19_rotation_vs_energy.png
[OK] Step 042: N-body planetary baseline (REBOUND/DE440s) completed in 1.20m

======================================================================
[37/102] Step 050: One-map axis coincidence
======================================================================
[INFO] [STEP 050] LOGGER INITIALIZED: step_050_one_map (Step 050)
[INFO] [STEP 050] ================================================================================
[INFO] [STEP 050] One-map axis coincidence
[INFO] [STEP 050] ================================================================================
T1 separations from TNO perihelion axis (49.9,-17.0):
  ism_inflow      ( 255.8,   5.2) sep= 28.0  vs anti-axis  28.0
  heliotail       (  75.8,  -5.2) sep= 28.0  vs anti-axis  28.0
  v1_hp           ( 255.0,  35.0) sep=151.3  vs anti-axis  28.7
  v2_hp           ( 290.0, -32.0) sep=104.4  vs anti-axis  75.6
  comet_peri      ( 219.5,  30.8) sep= 16.7  vs anti-axis  16.7
  oumuamua        ( 284.5,  56.8) sep=123.2  vs anti-axis  56.8
  cmb_dipole      ( 171.6, -11.1) sep= 64.1  vs anti-axis  64.1
  axis_of_evil    ( 167.2,   2.4) sep= 63.3  vs anti-axis  63.3
  radio_dipole    ( 171.7, -11.2) sep= 64.0  vs anti-axis  64.0
  alpha_dipole    ( 264.2, -34.7) sep= 61.2  vs anti-axis  61.2
  qso_pol         (   2.2,  -1.9) sep= 49.3  vs anti-axis  49.3
  galactic_pole   ( 180.0,  29.8) sep= 47.2  vs anti-axis  47.2

T2 folded concentration R=0.742 p=4.09e-03; axial |cos|=0.488 p=5.27e-01
T3 local subset R=0.290 p=1.00e+00
T3b triple axis |cos|=0.859 p=3.10e-02 {'tno_comet': 16.7, 'tno_ism': 28.0, 'comet_ism': 42.6}
T3c plane pole (50,84) vs peri axis (50,-17)
   separation matrix (deg):
   tno_peri comet_pe ism_infl    v1_hp    v2_hp oumuamua
   tno_peri      0.0     16.7     28.0    151.3    104.4    123.2
   comet_pe     16.7      0.0     42.6     29.9     91.6     51.1
   ism_infl     28.0     42.6      0.0     29.8     49.4     56.4
      v1_hp    151.3     29.9     29.8      0.0     74.6     29.5
      v2_hp    104.4     91.6     49.4     74.6      0.0     88.9
   oumuamua    123.2     51.1     56.4     29.5     88.9      0.0

wrote results/step_05_one_map.json, figures/step_05_one_map.png
[OK] Step 050: One-map axis coincidence completed in 1.02s

======================================================================
[38/102] Step 051: Multiple-testing evidence summary
======================================================================
[INFO] [STEP 051] LOGGER INITIALIZED: step_051_evidence_summary (Step 051)
[INFO] [STEP 051] ================================================================================
[INFO] [STEP 051] Multiple-testing evidence summary
[INFO] [STEP 051] ================================================================================
F1: n=7 raw<.05=7 BH thr=0.0500 survive=7
F2: n=4 raw<.05=2 BH thr=0.0000 survive=0
F3: n=4 raw<.05=3 BH thr=0.0000 survive=0
F4: n=4 raw<.05=4 BH thr=0.0500 survive=4
F5: n=3 raw<.05=3 BH thr=0.0500 survive=3
combined Fisher p = 2.57e-04
wrote results/step_b15_evidence_summary.json, figures/step_b15_evidence_summary.png
[OK] Step 051: Multiple-testing evidence summary completed in 0.64s

======================================================================
[39/102] Step 052: Injected-population depth chain
======================================================================
[INFO] [STEP 052] LOGGER INITIALIZED: step_052_injection_chain (Step 052)
[INFO] [STEP 052] ================================================================================
[INFO] [STEP 052] Injected-population depth chain
[INFO] [STEP 052] ================================================================================
I1 q 0-1: N= 28 varpi  36.2 (R=0.34)  Om 233.4  w 192.8
I1 q 1-2: N=156 varpi  41.7 (R=0.33)  Om  62.3  w 350.1
I1 q 2-3: N=196 varpi  40.3 (R=0.25)  Om  94.1  w  62.3
I1 q 3-4: N=103 varpi  74.1 (R=0.23)  Om 158.8  w 259.2
I1 q 4-5: N= 60 varpi 123.8 (R=0.25)  Om 101.3  w  71.3
I1 q 5-6: N= 26 varpi 172.2 (R=0.15)  Om 180.1  w  30.9
I1 q 6-15: N= 10 varpi 229.7 (R=0.33)  Om 296.6  w  35.2
I2 q 0-3: N= 77 lam_opp  13.5 (R=0.17)  varpi  35.0 (R=0.23)
I2 q 3-5: N= 84 lam_opp  80.4 (R=0.28)  varpi 116.0 (R=0.24)
I2 q 5-15: N= 31 lam_opp 292.5 (R=0.07)  varpi 204.3 (R=0.21)
I3 q<3: N=77 R=0.234@35 null 0.118 p=0.0272
I4: det 49 (N=44) | cen 95 R=0.09 (N=1044) | JFC<3 41 (N=380) | JFC>5 198 (N=36)
wrote results/step_b17_injection_chain.json, figures/step_b17_injection_chain.png
[OK] Step 052: Injected-population depth chain completed in 0.78s

======================================================================
[40/102] Step 053: MPC catalogue concordance
======================================================================
[INFO] [STEP 053] LOGGER INITIALIZED: step_053_catalog_concordance (Step 053)
[INFO] [STEP 053] ================================================================================
[INFO] [STEP 053] MPC catalogue concordance
[INFO] [STEP 053] ================================================================================
JPL detached sample: 44
MPCORB outer detached (a>150,q>30): 91
matched: 44
C1: med|d varpi|=0.00 p90=0.0 med|da|=0.048 AU
C2: JPL R=0.332@49 | MPC R=0.332@49 (offset 0.0 deg)
C3: mean d varpi = 360.00 deg (R=1.000)
wrote results/step_b18_catalog_concordance.json, figures/step_b18_catalog_concordance.png
[OK] Step 053: MPC catalogue concordance completed in 2.55s

======================================================================
[41/102] Step 054: Dated falsifiable predictions
======================================================================
[INFO] [STEP 054] LOGGER INITIALIZED: step_054_prospective_predictions (Step 054)
[INFO] [STEP 054] ================================================================================
[INFO] [STEP 054] Dated falsifiable predictions
[INFO] [STEP 054] ================================================================================
P1: predicted 0.59 vs baseline 0.42 (observed 0.59)
P2: direction 49 CI [16.73230607 88.036881  ]
wrote results/step_b19_prospective_predictions.json, figures/step_b19_prospective_predictions.png
[OK] Step 054: Dated falsifiable predictions completed in 1.17s

======================================================================
[42/102] Step 055: Cluster threshold morphology
======================================================================
[INFO] [STEP 055] LOGGER INITIALIZED: step_055_morphology (Step 055)
[INFO] [STEP 055] ================================================================================
[INFO] [STEP 055] Cluster threshold morphology
[INFO] [STEP 055] ================================================================================
M1   0- 15: frac 0.159 vs uniform 0.083
M1  15- 30: frac 0.159 vs uniform 0.083
M1  30- 45: frac 0.136 vs uniform 0.083
M1  45- 60: frac 0.136 vs uniform 0.083
M1  60- 75: frac 0.068 vs uniform 0.083
M1  75- 90: frac 0.023 vs uniform 0.083
M1  90-120: frac 0.114 vs uniform 0.167
M1 120-150: frac 0.091 vs uniform 0.167
M1 150-180: frac 0.114 vs uniform 0.167
M2: vm f=0.41 sig=35 AIC=509.9 | tophat f=0.40 W=52 AIC=507.2 | unif AIC=518.0
M3: ring 60-90 N=4 vs expect 7 p=0.1217
M4: in-cap counts [7 7 6 6] chi2=0.15 p=0.985
wrote results/step_b20_morphology.json, figures/step_b20_morphology.png
[OK] Step 055: Cluster threshold morphology completed in 0.65s

======================================================================
[43/102] Step 056: Morphology vs footprint null
======================================================================
[INFO] [STEP 056] LOGGER INITIALIZED: step_056_morphology_conditional (Step 056)
[INFO] [STEP 056] ================================================================================
[INFO] [STEP 056] Morphology vs footprint null
[INFO] [STEP 056] ================================================================================
K1   0- 15: obs 0.159 vs null 0.128 [0.091,0.182]
K1  15- 30: obs 0.159 vs null 0.100 [0.045,0.136]
K1  30- 45: obs 0.136 vs null 0.116 [0.068,0.159]
K1  45- 60: obs 0.136 vs null 0.077 [0.045,0.114]
K1  60- 75: obs 0.068 vs null 0.096 [0.045,0.136]
K1  75- 90: obs 0.023 vs null 0.058 [0.023,0.091]
K1  90-120: obs 0.114 vs null 0.153 [0.091,0.205]
K1 120-150: obs 0.091 vs null 0.147 [0.091,0.205]
K1 150-180: obs 0.114 vs null 0.125 [0.068,0.182]
K2: obs dAIC -1.9 vs null med -1.6 [-3.3,-0.3] frac tophat 0.87
K3: ring obs 4 vs null med 7.0 p=0.1700
wrote results/step_b21_morphology_conditional.json, figures/step_b21_morphology_conditional.png
[OK] Step 056: Morphology vs footprint null completed in 11.23s

======================================================================
[44/102] Step 057: In-cap property audit and synthesis map
======================================================================
[INFO] [STEP 057] LOGGER INITIALIZED: step_057_incap_audit (Step 057)
[INFO] [STEP 057] ================================================================================
[INFO] [STEP 057] In-cap property audit and synthesis map
[INFO] [STEP 057] ================================================================================
A1 a   : in    276.00 | out    283.50 | KS p=0.946
A1 q   : in     39.80 | out     38.40 | KS p=0.488
A1 e   : in      0.85 | out      0.85 | KS p=0.335
A1 i   : in     16.88 | out     15.75 | KS p=0.579
A1 H   : in      6.59 | out      7.31 | KS p=0.073
A1 arc : in   4368.00 | out   4158.50 | KS p=0.991
A1 nobs: in     50.50 | out     31.50 | KS p=0.012
A1 yr  : in   2012.50 | out   2011.50 | KS p=0.839
A1 om  : in    116.22 | out    199.75 | KS p=0.005
A1 w   : in    273.32 | out    154.47 | KS p=0.002
A2: numbered in 14/26 vs 4/18 p=0.061
wrote results/step_b22_incap_audit.json, figures/step_b22_one_map.png
[OK] Step 057: In-cap property audit and synthesis map completed in 0.92s

======================================================================
[45/102] Step 058: Comet observational-leverage audit
======================================================================
[INFO] [STEP 058] LOGGER INITIALIZED: step_058_comet_obs_audit (Step 058)
[INFO] [STEP 058] ================================================================================
[INFO] [STEP 058] Comet observational-leverage audit
[INFO] [STEP 058] ================================================================================
CODE-only matched: 54
  nobs      in=328 out=598 p=0.218
  arc_days  in=495 out=495 p=0.786
  arc_frac  in=0.377 out=0.444 p=0.057
  t_year    in=1.96e+03 out=2.01e+03 p=0.447
  q         in=1.74 out=1.69 p=0.612
  i         in=92.9 out=79.8 p=0.717
  aa        in=44.8 out=32.9 p=0.031
A2 balanced-arc: {'n': 37, 'n_in': 12, 'n_out': 25, 'med_in': 0.184196744476968, 'med_out': 0.13074542444885423, 'p': 0.03851260988277311}
A3 regression residual cap p=0.0017 rho=-0.372 p=0.0056
A4 matched pairs: {'n_pairs': 19, 'med_in': 0.21202382273464052, 'med_out': 0.13216591174484943, 'p_wilcoxon': 0.027286529541015625}
  W nobs   in=376 out=220 p=0.019
  W arcy   in=2.35 out=2 p=0.143
  W rms    in=0.535 out=0.535 p=0.659
  W nres   in=728 out=416 p=0.016
  W dh1    in=5.85 out=5.13 p=0.623
  W dh2    in=7.39 out=6.41 p=0.307
  W datat full: 18/32 in vs 44/74 out, fisher p=0.831
  W full-arc-only: {'n_in': 18, 'n_out': 44, 'med_in': 0.08227541083903933, 'med_out': 0.0806424625267498, 'p_dof': 0.4110413642077561, 'd_so_n_in': 17, 'd_so_n_out': 37, 'd_so_med_in': 0.09639442908037443, 'd_so_med_out': 0.06476007430142847, 'p_dso': 0.06811767762891373}
wrote results/step_b23_comet_obs_audit.json, figures/step_b23_comet_obs_audit.png
[OK] Step 058: Comet observational-leverage audit completed in 0.94s

======================================================================
[46/102] Step 059: Axis-consistency test
======================================================================
[INFO] [STEP 059] LOGGER INITIALIZED: step_059_axis_consistency (Step 059)
[INFO] [STEP 059] ================================================================================
[INFO] [STEP 059] Axis-consistency test
[INFO] [STEP 059] ================================================================================
CODE-only matched: 54
  tno_detached_50_-17        cap p=0.0304 rho=-0.310 p=0.0225
  tno_extreme_34_-13         cap p=0.0030 rho=-0.314 p=0.0206
  code_recovered_10_-20      cap p=0.0025 rho=-0.293 p=0.0318
  anti_detached              cap p=0.9686 rho=+0.310 p=0.0225
  anti_extreme               cap p=0.9156 rho=+0.314 p=0.0206
  ism_inflow                 cap p=0.9487 rho=+0.191 p=0.1655
  gal_pole                   cap p=0.7361 rho=+0.272 p=0.0462
  ecl_pole                   cap p=0.2810 rho=-0.038 p=0.7858
  W tno_detached_50_-17        cap p=0.5148 rho=+0.016
  W tno_extreme_34_-13         cap p=0.5309 rho=+0.033
  W anti_extreme               cap p=0.5711 rho=-0.033
  W gal_pole                   cap p=0.4454 rho=+0.037
wrote results/step_b24_axis_consistency.json, figures/step_b24_axis_consistency.png
[OK] Step 059: Axis-consistency test completed in 0.67s

======================================================================
[47/102] Step 060: Uncertainty channel and MW08 third lineage
======================================================================
[INFO] [STEP 060] LOGGER INITIALIZED: step_060_uncertainty_channel (Step 060)
[INFO] [STEP 060] ================================================================================
[INFO] [STEP 060] Uncertainty channel and third-lineage check
[INFO] [STEP 060] ================================================================================
one-apparition cohort: 38 comets, 38 with all four legs
  tno_extreme_34_-13: U2 zrot p=0.012372336023199475, U3 ze med-in=19.01334945216258
  tno_detached_50_-17: U2 zrot p=0.05673411003791198, U3 ze med-in=9.841541339596892
  anti_extreme: U2 zrot p=None, U3 ze med-in=None
  gal_pole: U2 zrot p=None, U3 ze med-in=None
wrote results/step_b25_uncertainty_channel.json, figures/step_b25_uncertainty_channel.png
[OK] Step 060: Uncertainty channel and MW08 third lineage completed in 0.81s

======================================================================
[48/102] Step 061: Aphelion-sky dipole and tide calibration
======================================================================
[INFO] [STEP 061] LOGGER INITIALIZED: step_061_aphelion_dipole (Step 061)
[INFO] [STEP 061] ================================================================================
[INFO] [STEP 061] Aphelion-sky dipole and tide calibration
[INFO] [STEP 061] ================================================================================
  warsaw spike: n=110 mean|b|=31.2 (iso 32.7) KS p=0.091
    tno_extreme_34_-13       d_par=+0.1340 p=0.0059
    tno_detached_50_-17      d_par=+0.1420 p=0.0046
    anti_extreme             d_par=-0.1340 p=0.9939
    gal_pole                 d_par=-0.1077 p=0.9831
    gal_antictr_180_0        d_par=+0.0859 p=0.0622
    gal_ctr_0_0              d_par=-0.0859 p=0.9345
  code class-1 matched: n=98 mean|b|=30.3 (iso 32.7) KS p=0.388
    tno_extreme_34_-13       d_par=+0.1932 p=0.0002
    tno_detached_50_-17      d_par=+0.2097 p=0.0001
    anti_extreme             d_par=-0.1932 p=0.9998
    gal_pole                 d_par=-0.1436 p=0.9951
    gal_antictr_180_0        d_par=+0.1499 p=0.0051
    gal_ctr_0_0              d_par=-0.1499 p=0.9944
  code-only: n=63 mean|b|=28.7 (iso 32.7) KS p=0.312
    tno_extreme_34_-13       d_par=+0.2152 p=0.0005
    tno_detached_50_-17      d_par=+0.2308 p=0.0006
    anti_extreme             d_par=-0.2152 p=0.9994
    gal_pole                 d_par=-0.1592 p=0.9921
    gal_antictr_180_0        d_par=+0.1692 p=0.012
    gal_ctr_0_0              d_par=-0.1692 p=0.9866
  lpc one-apparition: n=30 mean|b|=25.3 (iso 32.6) KS p=0.134
    tno_extreme_34_-13       d_par=+0.3055 p=0.0006
    tno_detached_50_-17      d_par=+0.3434 p=0.0002
    anti_extreme             d_par=-0.3055 p=0.9996
    gal_pole                 d_par=-0.3026 p=0.9998
    gal_antictr_180_0        d_par=+0.0649 p=0.2879
    gal_ctr_0_0              d_par=-0.0649 p=0.7148
wrote results/step_b26_aphelion_dipole.json, figures/step_b26_aphelion_dipole.png
[OK] Step 061: Aphelion-sky dipole and tide calibration completed in 8.06s

======================================================================
[49/102] Step 062: Planet Nine insertion test (REBOUND/DE440s)
======================================================================
[INFO] [STEP 062] LOGGER INITIALIZED: step_062_planet_nine_insertion (Step 062)
[INFO] [STEP 062] ================================================================================
[INFO] [STEP 062] Planet Nine insertion test (REBOUND/IAS15 + DE440s)
[INFO] [STEP 062] ================================================================================
[INFO] [STEP 062] sample: 131 class-1 CODE comets
[INFO] [STEP 062] integrated 131 comets x 9 runs; 0 failed
[INFO] [STEP 062] bb21_ml_M0: med drot=0.00028 deg (in 0.00017 / out 0.00031) max 0.0027; shortfall x517; resid cap p=0.0063
[INFO] [STEP 062] bb21_ml_M90: med drot=0.00029 deg (in 0.00031 / out 0.00028) max 0.0017; shortfall x504; resid cap p=0.0012
[INFO] [STEP 062] bb21_ml_M180: med drot=0.00026 deg (in 0.00032 / out 0.00023) max 0.0006; shortfall x565; resid cap p=0.0266
[INFO] [STEP 062] bb21_ml_M270: med drot=0.00024 deg (in 0.00025 / out 0.00023) max 0.0009; shortfall x602; resid cap p=0.0012
[INFO] [STEP 062] bb21_med_M0: med drot=0.00031 deg (in 0.00022 / out 0.00036) max 0.0010; shortfall x466; resid cap p=0.0120
[INFO] [STEP 062] bb21_med_M90: med drot=0.00030 deg (in 0.00030 / out 0.00030) max 0.0006; shortfall x479; resid cap p=0.0015
[INFO] [STEP 062] bb21_med_M180: med drot=0.00028 deg (in 0.00025 / out 0.00029) max 0.0005; shortfall x515; resid cap p=0.0004
[INFO] [STEP 062] bb21_med_M270: med drot=0.00028 deg (in 0.00029 / out 0.00028) max 0.0005; shortfall x511; resid cap p=0.0039
[INFO] [STEP 062] pooled max: med drot=0.00047 deg, max 0.0027, shortfall x307, resid p=0.0016
wrote /Users/matthewsmawfield/www/Temporal Equivalence Principle/TEP-9/results/step_b27_planet_nine_insertion.json
wrote /Users/matthewsmawfield/www/Temporal Equivalence Principle/TEP-9/results/step_b27_planet_nine_insertion.csv
[OK] Step 062: Planet Nine insertion test (REBOUND/DE440s) completed in 11.51m

======================================================================
[50/102] Step 063: Bidirectional rotation residual (REBOUND/DE440s)
======================================================================
[INFO] [STEP 063] LOGGER INITIALIZED: step_063_bidirectional_rotation (Step 063)
[INFO] [STEP 063] ================================================================================
[INFO] [STEP 063] Bidirectional boundary validation (REBOUND/IAS15 + DE440s)
[INFO] [STEP 063] ================================================================================
[INFO] [STEP 063] sample: 131 class-1 CODE comets
[INFO] [STEP 063] integrated 131 comets x2 legs; 0 failed
[INFO] [STEP 063] matched: leg offset med/p95 0.0009/0.005 deg | sim-vs-cat rho=0.9991 | med|drot diff|=0.0006 | rot-per-kick resid (kick+denc+q+i) cap p=0.0019 rho=-0.408
[INFO] [STEP 063] all_c1: leg offset med/p95 0.0012/0.040 deg | sim-vs-cat rho=0.9992 | med|drot diff|=0.0005 | rot-per-kick resid (kick+denc+q+i) cap p=0.0122 rho=-0.252
wrote /Users/matthewsmawfield/www/Temporal Equivalence Principle/TEP-9/results/step_b28_bidirectional_rotation.json
wrote /Users/matthewsmawfield/www/Temporal Equivalence Principle/TEP-9/results/step_b28_bidirectional_rotation.csv
wrote /Users/matthewsmawfield/www/Temporal Equivalence Principle/TEP-9/results/figures/step_b28_rotation_residual.png
[OK] Step 063: Bidirectional rotation residual (REBOUND/DE440s) completed in 2.25m

======================================================================
[51/102] Step 064: Warsaw bidirectional validation (REBOUND/DE440s)
======================================================================
[INFO] [STEP 064] LOGGER INITIALIZED: step_064_warsaw_bidirectional (Step 064)
[INFO] [STEP 064] ================================================================================
[INFO] [STEP 064] Warsaw bidirectional boundary validation (REBOUND/IAS15 + DE440s)
[INFO] [STEP 064] ================================================================================
[INFO] [STEP 064] sample: 98 Warsaw spike comets
[INFO] [STEP 064] integrated 98 comets x2 legs; 0 failed
[INFO] [STEP 064] matched: n=41 in-cap=12 | leg offset med/p95 0.0017/0.022 deg | sim-vs-cat rho=0.9943 | rot-per-kick resid cap p=0.2325 rho=-0.047
[INFO] [STEP 064] all_spike: n=98 in-cap=32 | leg offset med/p95 0.0008/0.009 deg | sim-vs-cat rho=0.9979 | rot-per-kick resid cap p=0.2013 rho=0.005
wrote /Users/matthewsmawfield/www/Temporal Equivalence Principle/TEP-9/results/step_b29_warsaw_bidirectional.json
wrote /Users/matthewsmawfield/www/Temporal Equivalence Principle/TEP-9/results/step_b29_warsaw_bidirectional.csv
wrote /Users/matthewsmawfield/www/Temporal Equivalence Principle/TEP-9/results/figures/step_b29_warsaw_rotation_residual.png
[OK] Step 064: Warsaw bidirectional validation (REBOUND/DE440s) completed in 1.66m

======================================================================
[52/102] Step 065: Implied proper-time slip
======================================================================
[INFO] [STEP 065] LOGGER INITIALIZED: step_065_proper_time_slip (Step 065)
[INFO] [STEP 065] ================================================================================
[INFO] [STEP 065] Implied proper-time slip (transit anomaly in time units)
[INFO] [STEP 065] ================================================================================
[INFO] [STEP 065] cohorts: CODE n=131, Warsaw n=98
[INFO] [STEP 065] code (all): n=131 in=43 | dtau_total in/out = 9.34/6.66 yr | unexplained in = 0.54 yr ci68 [-0.732024791631944, 1.1715849639257447] p=0.0394
[INFO] [STEP 065] warsaw (all): n=98 in=32 | dtau_total in/out = 6.12/6.26 yr | unexplained in = 4.46 yr ci68 [1.6284968345151767, 6.288263520802857] p=0.0372
[INFO] [STEP 065] warsaw inbound: med total in/out = 5.16/4.34 yr | unexplained in = 5.04 yr ci68 [2.589970277218703, 7.224157209226497] p=0.0079
[INFO] [STEP 065] pooled (all): n=229 in=75 | dtau_total in/out = 8.46/6.60 yr | unexplained in = 2.06 yr ci68 [0.19544142784081586, 3.1802975634377884] p=0.0164
wrote /Users/matthewsmawfield/www/Temporal Equivalence Principle/TEP-9/results/step_b30_proper_time_slip.json
wrote /Users/matthewsmawfield/www/Temporal Equivalence Principle/TEP-9/results/step_b30_proper_time_slip.csv
wrote /Users/matthewsmawfield/www/Temporal Equivalence Principle/TEP-9/results/figures/step_b30_proper_time_slip.png
[OK] Step 065: Implied proper-time slip completed in 0.89s

======================================================================
[53/102] Step 066: Detached-cluster secular stability +/- P9 (REBOUND/DE440s)
======================================================================
[INFO] [STEP 066] LOGGER INITIALIZED: step_066_tno_secular_stability (Step 066)
[INFO] [STEP 066] ================================================================================
[INFO] [STEP 066] Secular stability of the detached-TNO cluster (REBOUND/DE440s)
[INFO] [STEP 066] ================================================================================
[INFO] [STEP 066] detached sample: 44 TNOs (a>150, q>30, cc<=3)
[INFO] [STEP 066] common epoch JD 2461200.5
[INFO] [STEP 066] giants: integrated 20 Myr, 401 snapshots
[INFO] [STEP 066] giants+bb21_ml: integrated 20 Myr, 401 snapshots
[INFO] [STEP 066] giants+bb21_med: integrated 20 Myr, 401 snapshots
[INFO] [STEP 066] giants: sigma(dv) all/in = 0.165/0.203 deg/Myr | t_disp in = 152 Myr
[INFO] [STEP 066] giants_bb21ml: sigma(dv) all/in = 0.186/0.200 deg/Myr | t_disp in = 154 Myr
[INFO] [STEP 066] giants_bb21med: sigma(dv) all/in = 0.181/0.193 deg/Myr | t_disp in = 160 Myr
[INFO] [STEP 066] restoring bb21_ml: rho=0.279 p=0.0672 | med delta in/out = -0.001/0.000
[INFO] [STEP 066] restoring bb21_med: rho=0.087 p=0.5765 | med delta in/out = -0.002/0.000
wrote /Users/matthewsmawfield/www/Temporal Equivalence Principle/TEP-9/results/step_b31_tno_secular.json
wrote /Users/matthewsmawfield/www/Temporal Equivalence Principle/TEP-9/results/step_b31_tno_secular.csv
wrote /Users/matthewsmawfield/www/Temporal Equivalence Principle/TEP-9/results/figures/step_b31_tno_secular.png
[OK] Step 066: Detached-cluster secular stability +/- P9 (REBOUND/DE440s) completed in 14.69m

======================================================================
[54/102] Step 067: Prospective detection power
======================================================================
[INFO] [STEP 067] LOGGER INITIALIZED: step_067_detection_power (Step 067)
[INFO] [STEP 067] ================================================================================
[INFO] [STEP 067] Prospective detection power (Monte-Carlo)
[INFO] [STEP 067] ================================================================================
[INFO] [STEP 067] rates: wall p=0.59, footprint p=0.42; mixture f=0.43, sigma=34.4 deg
[INFO] [STEP 067] N=20: C1 z=1.09 power@1%=0.22 | C2 power@1%=0.17 | C3 power@1%=0.23
[INFO] [STEP 067] N=30: C1 z=1.34 power@1%=0.39 | C2 power@1%=0.30 | C3 power@1%=0.36
[INFO] [STEP 067] N=50: C1 z=1.73 power@1%=0.62 | C2 power@1%=0.47 | C3 power@1%=0.57
[INFO] [STEP 067] N=75: C1 z=2.11 power@1%=0.74 | C2 power@1%=0.69 | C3 power@1%=0.77
[INFO] [STEP 067] N=100: C1 z=2.44 power@1%=0.87 | C2 power@1%=0.84 | C3 power@1%=0.89
[INFO] [STEP 067] N=150: C1 z=2.99 power@1%=0.98 | C2 power@1%=0.96 | C3 power@1%=0.98
[INFO] [STEP 067] N=200: C1 z=3.45 power@1%=1.00 | C2 power@1%=0.99 | C3 power@1%=1.00
[INFO] [STEP 067] N=300: C1 z=4.23 power@1%=1.00 | C2 power@1%=1.00 | C3 power@1%=1.00
[INFO] [STEP 067] N=500: C1 z=5.46 power@1%=1.00 | C2 power@1%=1.00 | C3 power@1%=1.00
[INFO] [STEP 067] N needed: {'C1_95pct_at_1pct': 150, 'C1_95pct_at_0p1pct': 200, 'C2_95pct_at_1pct': 150, 'C3_95pct_at_5pct': 100, 'C3_95pct_at_1pct': 150}
wrote /Users/matthewsmawfield/www/Temporal Equivalence Principle/TEP-9/results/step_b32_detection_power.json
wrote /Users/matthewsmawfield/www/Temporal Equivalence Principle/TEP-9/results/figures/step_b32_detection_power.png
[OK] Step 067: Prospective detection power completed in 3.75s

======================================================================
[55/102] Step 068: Wall-vs-field slip scaling discriminator
======================================================================
[INFO] [STEP 068] LOGGER INITIALIZED: step_068_wall_vs_field (Step 068)
[INFO] [STEP 068] ================================================================================
[INFO] [STEP 068] Wall vs distributed field -- slip structure
[INFO] [STEP 068] ================================================================================
[INFO] [STEP 068] comets: n=229 (code 131, warsaw 98)
[INFO] [STEP 068] signed dw recovered for 131 CODE comets
[INFO] [STEP 068] code_all: in-cap resid-vs-T rho=-0.055 p=0.728 | out rho=0.306 p=0.004
[INFO] [STEP 068] code_matched: in-cap resid-vs-T rho=-0.268 p=0.267 | out rho=0.138 p=0.428
[INFO] [STEP 068] warsaw_all: in-cap resid-vs-T rho=0.077 p=0.677 | out rho=-0.238 p=0.054
[INFO] [STEP 068] pooled_all: in-cap resid-vs-T rho=-0.022 p=0.853 | out rho=0.066 p=0.417
[INFO] [STEP 068] pooled_matched: in-cap resid-vs-T rho=-0.078 p=0.678 | out rho=-0.167 p=0.187
[INFO] [STEP 068] warsaw inbound share in/out = 0.92/0.72 p=0.0315 | slip coupling rho=0.839 p=0.0000
wrote /Users/matthewsmawfield/www/Temporal Equivalence Principle/TEP-9/results/step_b33_wall_vs_field.json
wrote /Users/matthewsmawfield/www/Temporal Equivalence Principle/TEP-9/results/figures/step_b33_wall_vs_field.png
[OK] Step 068: Wall-vs-field slip scaling discriminator completed in 6.04s

======================================================================
[56/102] Step 069: Joint axis-permutation global test
======================================================================
[INFO] [STEP 069] LOGGER INITIALIZED: step_069_joint_axis_test (Step 069)
[INFO] [STEP 069] ================================================================================
[INFO] [STEP 069] Joint axis-permutation global significance
[INFO] [STEP 069] ================================================================================
[INFO] [STEP 069] comets with aphelion dirs: 229 (missed 0)
[INFO] [STEP 069] detached TNOs: 44
[INFO] [STEP 069] S(TNO axis 49,-17)   = 107.17  channels=[8.73643133e-03 3.47372546e-07 5.33951024e-03 5.79260154e-05
 5.69966490e-09]
[INFO] [STEP 069] S(comet axis 34,-13) = 104.87  channels=[5.18804777e-03 5.26818580e-07 7.83167682e-03 1.04176166e-04
 7.56627639e-09]
[INFO] [STEP 069]   5000/20000 axes
[INFO] [STEP 069]   10000/20000 axes
[INFO] [STEP 069]   15000/20000 axes
[INFO] [STEP 069]   20000/20000 axes
[INFO] [STEP 069] p_global at TNO axis   = 0.00215
[INFO] [STEP 069] p_global at comet axis = 0.00880
[INFO] [STEP 069]   rotation_slip: p=0.0087 frac_axes_better=0.0126
[INFO] [STEP 069]   aphelion_dipole: p=0.0000 frac_axes_better=0.0059
[INFO] [STEP 069]   warsaw_inbound: p=0.0053 frac_axes_better=0.0103
[INFO] [STEP 069]   tno_aphelion: p=0.0001 frac_axes_better=0.0001
[INFO] [STEP 069]   tno_varpi: p=0.0000 frac_axes_better=0.0164
wrote /Users/matthewsmawfield/www/Temporal Equivalence Principle/TEP-9/results/step_b34_joint_axis.json
wrote /Users/matthewsmawfield/www/Temporal Equivalence Principle/TEP-9/results/figures/step_b34_joint_axis.png
[OK] Step 069: Joint axis-permutation global test completed in 3.01s

======================================================================
[57/102] Step 070: Galactic-tide insertion control (REBOUND/DE440s)
======================================================================
[INFO] [STEP 070] LOGGER INITIALIZED: step_070_galactic_tide (Step 070)
[INFO] [STEP 070] ================================================================================
[INFO] [STEP 070] Galactic-tide insertion control (REBOUND/DE440s)
[INFO] [STEP 070] ================================================================================
[INFO] [STEP 070] tide coefficients: Kx=7.061e-16 Ky=-7.061e-16 Kz=-5.653e-15 yr^-2 (z/radial ratio 8.0)
[INFO] [STEP 070] sample: 131 class-1 CODE comets
[INFO] [STEP 070]   20/131
[INFO] [STEP 070]   40/131
[INFO] [STEP 070]   60/131
[INFO] [STEP 070]   80/131
[INFO] [STEP 070]   100/131
[INFO] [STEP 070]   120/131
[INFO] [STEP 070] integrated 131 comets, 0 failures
[INFO] [STEP 070] per-leg tide offset: med 0.00e+00 deg, max 1.35e+00 deg
[INFO] [STEP 070] rotation change: med |ddrot| 9.19e-09, max 5.53e-01 deg
[INFO] [STEP 070] cap contrast: leg p=0.026, ddrot p=0.085
wrote /Users/matthewsmawfield/www/Temporal Equivalence Principle/TEP-9/results/step_b35_galactic_tide.json
wrote /Users/matthewsmawfield/www/Temporal Equivalence Principle/TEP-9/results/step_b35_galactic_tide.csv
wrote /Users/matthewsmawfield/www/Temporal Equivalence Principle/TEP-9/results/figures/step_b35_galactic_tide.png
[OK] Step 070: Galactic-tide insertion control (REBOUND/DE440s) completed in 6.67s

======================================================================
[58/102] Step 071: Radial slip profile, multi-shell legs (REBOUND/DE440s)
======================================================================
[INFO] [STEP 071] LOGGER INITIALIZED: step_071_radial_slip_profile (Step 071)
[INFO] [STEP 071] ================================================================================
[INFO] [STEP 071] Radial slip profile: multi-shell bidirectional legs (REBOUND/DE440s)
[INFO] [STEP 071] ================================================================================
[INFO] [STEP 071] sample: 131 class-1 CODE comets; shells 60-400 AU
[INFO] [STEP 071]   20/131
[INFO] [STEP 071]   40/131
[INFO] [STEP 071]   60/131
[INFO] [STEP 071]   80/131
[INFO] [STEP 071]   100/131
[INFO] [STEP 071]   120/131
[INFO] [STEP 071] integrated 131 comets x 12 shells, 0 failures
wrote /Users/matthewsmawfield/www/Temporal Equivalence Principle/TEP-9/results/step_b36_radial_slip.json
wrote /Users/matthewsmawfield/www/Temporal Equivalence Principle/TEP-9/results/step_b36_radial_slip.csv
wrote /Users/matthewsmawfield/www/Temporal Equivalence Principle/TEP-9/results/figures/step_b36_radial_slip.png
[INFO] [STEP 071] s=    60 AU  drot in/out = 0.1478/0.0936 deg  excess dtau = +0.16 yr
[INFO] [STEP 071] s=    75 AU  drot in/out = 0.1474/0.0940 deg  excess dtau = +0.24 yr
[INFO] [STEP 071] s=   100 AU  drot in/out = 0.1473/0.0942 deg  excess dtau = +0.43 yr
[INFO] [STEP 071] s=   125 AU  drot in/out = 0.1471/0.0942 deg  excess dtau = +0.67 yr
[INFO] [STEP 071] s=   150 AU  drot in/out = 0.1471/0.0943 deg  excess dtau = +0.97 yr
[INFO] [STEP 071] s=   175 AU  drot in/out = 0.1471/0.0943 deg  excess dtau = +1.31 yr
[INFO] [STEP 071] s=   200 AU  drot in/out = 0.1470/0.0943 deg  excess dtau = +1.72 yr
[INFO] [STEP 071] s=   225 AU  drot in/out = 0.1470/0.0943 deg  excess dtau = +2.17 yr
[INFO] [STEP 071] s=   250 AU  drot in/out = 0.1470/0.0943 deg  excess dtau = +2.68 yr
[INFO] [STEP 071] s=   300 AU  drot in/out = 0.1470/0.0943 deg  excess dtau = +3.86 yr
[INFO] [STEP 071] s=   350 AU  drot in/out = 0.1470/0.0943 deg  excess dtau = +5.26 yr
[INFO] [STEP 071] s=   400 AU  drot in/out = 0.1470/0.0943 deg  excess dtau = +6.86 yr
[INFO] [STEP 071] onset shell: None
[OK] Step 071: Radial slip profile, multi-shell legs (REBOUND/DE440s) completed in 4.65m

======================================================================
[59/102] Step 072: Epoch stability of the implied slip
======================================================================
[INFO] [STEP 072] LOGGER INITIALIZED: step_072_epoch_stability (Step 072)
[INFO] [STEP 072] ================================================================================
[INFO] [STEP 072] Epoch stability of the implied proper-time slip
[INFO] [STEP 072] ================================================================================
[INFO] [STEP 072] comets with parsed perihelion year: n=229 (1885-2025)
[INFO] [STEP 072] era 1885-1950: in +7.38 (n=9) out -3.22 (n=18) contrast +10.60 p=0.0073
[INFO] [STEP 072] era 1950-1990: in +0.81 (n=14) out +0.13 (n=17) contrast +0.67 p=0.4136
[INFO] [STEP 072] era 1990-2030: in +0.39 (n=52) out -3.94 (n=119) contrast +4.33 p=0.1357
[INFO] [STEP 072] code/in: n=43 rho=-0.177 p=0.256 slope=-10.57 yr/cy
[INFO] [STEP 072] code/out: n=88 rho=-0.104 p=0.333 slope=+1.84 yr/cy
[INFO] [STEP 072] warsaw/in: n=32 rho=-0.024 p=0.897 slope=-31.10 yr/cy
[INFO] [STEP 072] warsaw/out: n=66 rho=-0.010 p=0.934 slope=+1.39 yr/cy
[INFO] [STEP 072] pooled/in: n=75 rho=-0.187 p=0.108 slope=-14.73 yr/cy
[INFO] [STEP 072] pooled/out: n=154 rho=-0.012 p=0.883 slope=+1.71 yr/cy
wrote /Users/matthewsmawfield/www/Temporal Equivalence Principle/TEP-9/results/step_b37_epoch_stability.json
wrote /Users/matthewsmawfield/www/Temporal Equivalence Principle/TEP-9/results/figures/step_b37_epoch_stability.png
[OK] Step 072: Epoch stability of the implied slip completed in 0.79s

======================================================================
[60/102] Step 073: Boundary edge width, logistic fit
======================================================================
[INFO] [STEP 073] LOGGER INITIALIZED: step_073_edge_width (Step 073)
[INFO] [STEP 073] ================================================================================
[INFO] [STEP 073] Boundary edge width: logistic fit to the slip transition
[INFO] [STEP 073] ================================================================================
[INFO] [STEP 073] code: theta0=59.5 deg w=0.2 deg  10-90% width=0.9 deg [0.9,0.9] RSS log/step=19123.5/19013.5
[INFO] [STEP 073] warsaw: theta0=44.5 deg w=0.2 deg  10-90% width=0.9 deg [0.9,1.3] RSS log/step=108888.4/108887.4
[INFO] [STEP 073] pooled: theta0=45.4 deg w=0.2 deg  10-90% width=0.9 deg [0.9,0.9] RSS log/step=131074.0/131027.3
wrote /Users/matthewsmawfield/www/Temporal Equivalence Principle/TEP-9/results/step_b38_edge_width.json
wrote /Users/matthewsmawfield/www/Temporal Equivalence Principle/TEP-9/results/figures/step_b38_edge_width.png
[OK] Step 073: Boundary edge width, logistic fit completed in 7.41m

======================================================================
[61/102] Step 074: Leave-one-channel-out joint axis test
======================================================================
[INFO] [STEP 074] LOGGER INITIALIZED: step_074_loco_joint (Step 074)
[INFO] [STEP 074] ================================================================================
[INFO] [STEP 074] Leave-one-channel-out joint axis test
[INFO] [STEP 074] ================================================================================
[INFO] [STEP 074] comets 229, TNOs 44
[INFO] [STEP 074]   5000/20000 axes
[INFO] [STEP 074]   10000/20000 axes
[INFO] [STEP 074]   15000/20000 axes
[INFO] [STEP 074]   20000/20000 axes
[INFO] [STEP 074] tno_axis_49m17 drop rotation_slip    S=  97.69 p=0.00250 (S drop +9.48)
[INFO] [STEP 074] tno_axis_49m17 drop aphelion_dipole  S=  77.42 p=0.00200 (S drop +29.75)
[INFO] [STEP 074] tno_axis_49m17 drop warsaw_inbound   S=  96.70 p=0.00240 (S drop +10.47)
[INFO] [STEP 074] tno_axis_49m17 drop tno_aphelion     S=  87.66 p=0.00260 (S drop +19.51)
[INFO] [STEP 074] tno_axis_49m17 drop tno_varpi        S=  69.20 p=0.00220 (S drop +37.97)
[INFO] [STEP 074] comet_axis_34m13 drop rotation_slip    S=  94.35 p=0.01440 (S drop +10.52)
[INFO] [STEP 074] comet_axis_34m13 drop aphelion_dipole  S=  75.96 p=0.00550 (S drop +28.91)
[INFO] [STEP 074] comet_axis_34m13 drop warsaw_inbound   S=  95.17 p=0.00600 (S drop +9.70)
[INFO] [STEP 074] comet_axis_34m13 drop tno_aphelion     S=  86.53 p=0.00780 (S drop +18.34)
[INFO] [STEP 074] comet_axis_34m13 drop tno_varpi        S=  67.47 p=0.00715 (S drop +37.40)
wrote /Users/matthewsmawfield/www/Temporal Equivalence Principle/TEP-9/results/step_b39_loco_joint.json
wrote /Users/matthewsmawfield/www/Temporal Equivalence Principle/TEP-9/results/figures/step_b39_loco_joint.png
[OK] Step 074: Leave-one-channel-out joint axis test completed in 2.36s

======================================================================
[62/102] Step 075: Signed slip direction, lag vs advance
======================================================================
[INFO] [STEP 075] LOGGER INITIALIZED: step_075_signed_slip (Step 075)
[INFO] [STEP 075] ================================================================================
[INFO] [STEP 075] Signed slip direction: lag vs advance
[INFO] [STEP 075] ================================================================================
[INFO] [STEP 075] signed rotations: code 131, warsaw 98
[INFO] [STEP 075] code/in: n=43 pos=7 (0.16) p=0.0000 med=-0.1373 deg
[INFO] [STEP 075] code/out: n=88 pos=26 (0.30) p=0.0002 med=-0.0751 deg
[INFO] [STEP 075] warsaw/in: n=32 pos=23 (0.72) p=0.0201 med=+0.0479 deg
[INFO] [STEP 075] warsaw/out: n=66 pos=49 (0.74) p=0.0001 med=+0.0356 deg
[INFO] [STEP 075] pooled/in: n=75 pos=30 (0.40) p=0.1053 med=-0.0347 deg
[INFO] [STEP 075] pooled/out: n=154 pos=75 (0.49) p=0.8091 med=-0.0054 deg
[INFO] [STEP 075] in-cap prograde: n=31 pos=15 med=-0.0249 p=1.0000
[INFO] [STEP 075] in-cap retrograde: n=44 pos=15 med=-0.0362 p=0.0488
wrote /Users/matthewsmawfield/www/Temporal Equivalence Principle/TEP-9/results/step_b40_signed_slip.json
wrote /Users/matthewsmawfield/www/Temporal Equivalence Principle/TEP-9/results/step_b40_signed_slip.csv
wrote /Users/matthewsmawfield/www/Temporal Equivalence Principle/TEP-9/results/figures/step_b40_signed_slip.png
[OK] Step 075: Signed slip direction, lag vs advance completed in 0.99s

======================================================================
[63/102] Step 076: Inner-region slip profile 8-100 AU (REBOUND/DE440s)
======================================================================
[INFO] [STEP 076] LOGGER INITIALIZED: step_076_inner_slip_profile (Step 076)
[INFO] [STEP 076] ================================================================================
[INFO] [STEP 076] Inner-region slip profile: multi-shell legs 8-100 AU (REBOUND/DE440s)
[INFO] [STEP 076] ================================================================================
[INFO] [STEP 076] sample: 131 class-1 CODE comets; inner shells 8-100 AU
[INFO] [STEP 076]   20/131
[INFO] [STEP 076]   40/131
[INFO] [STEP 076]   60/131
[INFO] [STEP 076]   80/131
[INFO] [STEP 076]   100/131
[INFO] [STEP 076]   120/131
[INFO] [STEP 076] integrated 131 comets x 12 shells, 0 failures
wrote /Users/matthewsmawfield/www/Temporal Equivalence Principle/TEP-9/results/step_b41_inner_slip.json
wrote /Users/matthewsmawfield/www/Temporal Equivalence Principle/TEP-9/results/step_b41_inner_slip.csv
wrote /Users/matthewsmawfield/www/Temporal Equivalence Principle/TEP-9/results/figures/step_b41_inner_slip.png
[INFO] [STEP 076] s=   8.0 AU  drot in/out = 0.1411/0.0728 deg  excess = +0.0683 deg
[INFO] [STEP 076] s=  12.0 AU  drot in/out = 0.1431/0.0898 deg  excess = +0.0533 deg
[INFO] [STEP 076] s=  16.0 AU  drot in/out = 0.1483/0.0896 deg  excess = +0.0587 deg
[INFO] [STEP 076] s=  20.0 AU  drot in/out = 0.1474/0.0896 deg  excess = +0.0578 deg
[INFO] [STEP 076] s=  25.0 AU  drot in/out = 0.1447/0.0907 deg  excess = +0.0540 deg
[INFO] [STEP 076] s=  30.0 AU  drot in/out = 0.1456/0.0918 deg  excess = +0.0538 deg
[INFO] [STEP 076] s=  35.0 AU  drot in/out = 0.1455/0.0926 deg  excess = +0.0529 deg
[INFO] [STEP 076] s=  40.0 AU  drot in/out = 0.1489/0.0927 deg  excess = +0.0562 deg
[INFO] [STEP 076] s=  50.0 AU  drot in/out = 0.1489/0.0933 deg  excess = +0.0556 deg
[INFO] [STEP 076] s=  60.0 AU  drot in/out = 0.1479/0.0936 deg  excess = +0.0543 deg
[INFO] [STEP 076] s=  80.0 AU  drot in/out = 0.1474/0.0941 deg  excess = +0.0533 deg
[INFO] [STEP 076] s= 100.0 AU  drot in/out = 0.1473/0.0942 deg  excess = +0.0530 deg
[INFO] [STEP 076] half-excess radius: 8.0 AU
[OK] Step 076: Inner-region slip profile 8-100 AU (REBOUND/DE440s) completed in 38.41s

======================================================================
[64/102] Step 077: Era stability of the aphelion dipole
======================================================================
[INFO] [STEP 077] LOGGER INITIALIZED: step_077_dipole_era (Step 077)
[INFO] [STEP 077] ================================================================================
[INFO] [STEP 077] Era stability of the aphelion dipole
[INFO] [STEP 077] ================================================================================
[INFO] [STEP 077] comets: 258 (code 148, warsaw 110)
[INFO] [STEP 077] code 1885-1950: n=25 d_par=+0.310 p=0.0037
[INFO] [STEP 077] code 1950-1990: n=11 d_par=+0.269 p=0.0614
[INFO] [STEP 077] code 1990-2030: n=112 d_par=+0.157 p=0.0020
[INFO] [STEP 077] warsaw 1950-1990: n=20 d_par=+0.161 p=0.1058
[INFO] [STEP 077] warsaw 1990-2030: n=88 d_par=+0.130 p=0.0173
[INFO] [STEP 077] pooled 1885-1950: n=27 d_par=+0.321 p=0.0019
[INFO] [STEP 077] pooled 1950-1990: n=31 d_par=+0.199 p=0.0273
[INFO] [STEP 077] pooled 1990-2030: n=200 d_par=+0.145 p=0.0002
wrote /Users/matthewsmawfield/www/Temporal Equivalence Principle/TEP-9/results/step_b42_dipole_era.json
wrote /Users/matthewsmawfield/www/Temporal Equivalence Principle/TEP-9/results/figures/step_b42_dipole_era.png
[OK] Step 077: Era stability of the aphelion dipole completed in 0.75s

======================================================================
[65/102] Step 078: Discovery-era stability of the TNO cluster
======================================================================
[INFO] [STEP 078] LOGGER INITIALIZED: step_078_tno_era (Step 078)
[INFO] [STEP 078] ================================================================================
[INFO] [STEP 078] Discovery-era stability of the detached-TNO cluster
[INFO] [STEP 078] ================================================================================
[INFO] [STEP 078] detached TNOs with first_obs: 44
[INFO] [STEP 078] 1980-2005: n=11 in-cap=7 (0.64) R=0.25 p_ray=0.4895 binom_p=1.0000
[INFO] [STEP 078] 2005-2015: n=29 in-cap=18 (0.62) R=0.42 p_ray=0.0054 binom_p=0.8511
[INFO] [STEP 078] 2015-2030: n=4 in-cap=1 (0.25) R=0.09 p_ray=0.9662 binom_p=0.3118
[INFO] [STEP 078] cap membership vs first_obs year: rho=-0.086 p=0.578
wrote /Users/matthewsmawfield/www/Temporal Equivalence Principle/TEP-9/results/step_b43_tno_era.json
wrote /Users/matthewsmawfield/www/Temporal Equivalence Principle/TEP-9/results/figures/step_b43_tno_era.png
[OK] Step 078: Discovery-era stability of the TNO cluster completed in 0.58s

======================================================================
[66/102] Step 079: Cross-fitter element audit, MPC vs CODE/Warsaw
======================================================================
[INFO] [STEP 079] LOGGER INITIALIZED: step_079_cross_fitter (Step 079)
[INFO] [STEP 079] ================================================================================
[INFO] [STEP 079] Cross-fitter element audit -- lineage noise floor
[INFO] [STEP 079] ================================================================================
[INFO] [STEP 079] fits: code_osc 369, CometEls 959, warsaw_osc 119
[INFO] [STEP 079] matched: code 62, warsaw 8
[INFO] [STEP 079] code: n=62 floor=0.1493 deg in=0.1540 out=0.1448 p=0.2646
[INFO] [STEP 079] pooled: n=70 floor=0.1548 deg in=0.1596 out=0.1472 p=0.4022
[INFO] [STEP 079] floor vs |drot| in_cap: n=21 rho=+0.17 p=0.461
[INFO] [STEP 079] floor vs |drot| out_cap: n=41 rho=+0.20 p=0.212
[INFO] [STEP 079] floor vs |drot| all: n=62 rho=+0.22 p=0.082
[INFO] [STEP 079] displacement-direction coherence: in R=0.19 p=0.423; out R=0.16 p=0.310
wrote /Users/matthewsmawfield/www/Temporal Equivalence Principle/TEP-9/results/step_b44_cross_fitter.json
wrote /Users/matthewsmawfield/www/Temporal Equivalence Principle/TEP-9/results/step_b44_cross_fitter.csv
wrote /Users/matthewsmawfield/www/Temporal Equivalence Principle/TEP-9/results/figures/step_b44_cross_fitter.png
[OK] Step 079: Cross-fitter element audit, MPC vs CODE/Warsaw completed in 0.70s

======================================================================
[67/102] Step 080: Signed residual coherence, planets subtracted (REBOUND/DE440s)
======================================================================
[INFO] [STEP 080] LOGGER INITIALIZED: step_080_signed_residual (Step 080)
[INFO] [STEP 080] ================================================================================
[INFO] [STEP 080] Signed residual coherence: secular precession vs anomaly
[INFO] [STEP 080] ================================================================================
[INFO] [STEP 080] sample: 131 class-1 CODE comets
[INFO] [STEP 080]   25/131
[INFO] [STEP 080]   50/131
[WARNING] [STEP 080] ⚠ C/2013 V5: shell not reached
[INFO] [STEP 080]   75/131
[INFO] [STEP 080]   100/131
[WARNING] [STEP 080] ⚠ C/2020 K8: shell not reached
[WARNING] [STEP 080] ⚠ C/2020 N1: shell not reached
[INFO] [STEP 080]   125/131
[INFO] [STEP 080] integrated 128, failed 3
[INFO] [STEP 080] in_cap: n=48 resid pos=34 (0.71) p=0.0055 med_resid=+0.0009 (sim med=-0.1307, cat med=-0.1373)
[INFO] [STEP 080] out_cap: n=80 resid pos=51 (0.64) p=0.0183 med_resid=+0.0005 (sim med=-0.0737, cat med=-0.0731)
[INFO] [STEP 080] all: n=128 resid pos=85 (0.66) p=0.0003 med_resid=+0.0006 (sim med=-0.0912, cat med=-0.0941)
[INFO] [STEP 080] srot_sim vs srot_cat: rho=+0.999 p=0.0000
wrote /Users/matthewsmawfield/www/Temporal Equivalence Principle/TEP-9/results/step_b45_signed_residual.json
wrote /Users/matthewsmawfield/www/Temporal Equivalence Principle/TEP-9/results/step_b45_signed_residual.csv
wrote /Users/matthewsmawfield/www/Temporal Equivalence Principle/TEP-9/results/figures/step_b45_signed_residual.png
[OK] Step 080: Signed residual coherence, planets subtracted (REBOUND/DE440s) completed in 9.02m

======================================================================
[68/102] Step 081: Geocentric observation-direction null
======================================================================
[INFO] [STEP 081] LOGGER INITIALIZED: step_081_geocentric_null (Step 081)
[INFO] [STEP 081] ================================================================================
[INFO] [STEP 081] Geocentric observation-direction null
[INFO] [STEP 081] ================================================================================
[INFO] [STEP 081] comets: 131
[INFO] [STEP 081] in_cap: n=48 R=0.731 p=0.0000 proj(axis)=-0.725 proj(anti)=+0.725
[INFO] [STEP 081] out_cap: n=83 R=0.170 p=0.0897 proj(axis)=+0.075 proj(anti)=-0.075
[INFO] [STEP 081] all: n=131 R=0.232 p=0.0009 proj(axis)=-0.218 proj(anti)=+0.218
[INFO] [STEP 081] in-cap R=0.731 vs resampled null p=0.0000
wrote /Users/matthewsmawfield/www/Temporal Equivalence Principle/TEP-9/results/step_b46_geocentric_null.json
wrote /Users/matthewsmawfield/www/Temporal Equivalence Principle/TEP-9/results/step_b46_geocentric_null.csv
wrote /Users/matthewsmawfield/www/Temporal Equivalence Principle/TEP-9/results/figures/step_b46_geocentric_null.png
[OK] Step 081: Geocentric observation-direction null completed in 0.94s

======================================================================
[69/102] Step 082: Same-patch geocentric control
======================================================================
[INFO] [STEP 082] LOGGER INITIALIZED: step_082_sky_matched (Step 082)
[INFO] [STEP 082] ================================================================================
[INFO] [STEP 082] Same-patch geocentric control
[INFO] [STEP 082] ================================================================================
[INFO] [STEP 082] joined 131 comets (b46 x b27)
[INFO] [STEP 082] in-patch members: 50 (in-cap 42, out-of-cap 8)
[INFO] [STEP 082] patch<30.0: in 0.144 (n=14) vs out 0.122 (n=1)
[INFO] [STEP 082] patch<40.0: in 0.144 (n=28) vs out 0.154 (n=3) p=0.7889
[INFO] [STEP 082] patch<50.0: in 0.141 (n=34) vs out 0.122 (n=5) p=0.6355
[INFO] [STEP 082] patch<60.0: in 0.135 (n=42) vs out 0.115 (n=8) p=0.3247
[INFO] [STEP 082] patch gradient rho=-0.097 (p=0.502); in-cap position rho=+0.078 (p=0.599); out-cap theta rho=-0.184 (p=0.096)
[INFO] [STEP 082] axis|geo rho=+0.147 (p=0.0928);  geo|axis rho=-0.057 (p=0.5182)
[INFO] [STEP 082] elong rho=-0.154 (all), +0.087 (in-cap); |b_gal| rho=+0.168
[INFO] [STEP 082] d_of medians: in_cap__in_patch=0.135(n=42); in_cap__out_patch=0.169(n=6); out_cap__in_patch=0.115(n=8); out_cap__out_patch=0.083(n=75)
wrote /Users/matthewsmawfield/www/Temporal Equivalence Principle/TEP-9/results/step_b47_sky_matched.json
wrote /Users/matthewsmawfield/www/Temporal Equivalence Principle/TEP-9/results/step_b47_sky_matched.csv
wrote /Users/matthewsmawfield/www/Temporal Equivalence Principle/TEP-9/results/figures/step_b47_sky_matched.png
[OK] Step 082: Same-patch geocentric control completed in 0.80s

======================================================================
[70/102] Step 083: Perturber mass ladder, required-mass bound (REBOUND/DE440s)
======================================================================
[INFO] [STEP 083] LOGGER INITIALIZED: step_083_mass_ladder (Step 083)
[INFO] [STEP 083] ================================================================================
[INFO] [STEP 083] Perturber mass ladder (REBOUND/IAS15 + DE440s)
[INFO] [STEP 083] ================================================================================
[INFO] [STEP 083] sample: 131 class-1 CODE comets
[INFO] [STEP 083] integrated 131 comets x 5 runs; 0 failed
[INFO] [STEP 083] scaling exponent alpha = 1.00 [1.00, 1.00]
[INFO] [STEP 083] required mass: median 3228 M_earth; in-cap 4294; 5th pct 794; frac>1000 0.86
[INFO] [STEP 083] bb21_med_m20: med drot=0.00081 deg (in 0.00072 / out 0.00084) max 0.0015; shortfall x178
[INFO] [STEP 083] bb21_med_m50: med drot=0.00203 deg (in 0.00180 / out 0.00211) max 0.0039; shortfall x71
[INFO] [STEP 083] bb21_med_m150: med drot=0.00609 deg (in 0.00540 / out 0.00633) max 0.0115; shortfall x24
[INFO] [STEP 083] sct25_px: med drot=0.00020 deg (in 0.00021 / out 0.00019) max 0.0005; shortfall x705
wrote /Users/matthewsmawfield/www/Temporal Equivalence Principle/TEP-9/results/step_b48_mass_ladder.json
wrote /Users/matthewsmawfield/www/Temporal Equivalence Principle/TEP-9/results/step_b48_mass_ladder.csv
wrote /Users/matthewsmawfield/www/Temporal Equivalence Principle/TEP-9/results/figures/step_b48_mass_ladder.png
[OK] Step 083: Perturber mass ladder, required-mass bound (REBOUND/DE440s) completed in 6.48m

======================================================================
[71/102] Step 084: Newest detached-cohort audit and Ammonite jackknife
======================================================================
[INFO] [STEP 084] LOGGER INITIALIZED: step_084_newest_cohort (Step 084)
[INFO] [STEP 084] ================================================================================
[INFO] [STEP 084] Newest detached-cohort audit
[INFO] [STEP 084] ================================================================================
[INFO] [STEP 084] detached a>150 q>30: 90
[INFO] [STEP 084] Ammonite: varpi=270.8, theta=134.2 deg (out-cap); R 0.357->0.332 (p 0.0043->0.0075)
[INFO] [STEP 084] newest cohort n=21: varpi-cap 2/21=0.10 vs baseline 0.12; aph-cap 2/21=0.10; mean varpi 276.3; footprint R 0.56 mean 232
wrote /Users/matthewsmawfield/www/Temporal Equivalence Principle/TEP-9/results/step_b49_newest_cohort.json
wrote /Users/matthewsmawfield/www/Temporal Equivalence Principle/TEP-9/results/step_b49_newest_cohort.csv
wrote /Users/matthewsmawfield/www/Temporal Equivalence Principle/TEP-9/results/figures/step_b49_newest_cohort.png
[OK] Step 084: Newest detached-cohort audit and Ammonite jackknife completed in 1.65s

======================================================================
[72/102] Step 085: DES independent resident-cohort audit (Bernardinelli+ catalogue)
======================================================================
[INFO] [STEP 085] LOGGER INITIALIZED: step_085_des_resident (Step 085)
[INFO] [STEP 085] ================================================================================
[INFO] [STEP 085] DES independent resident-cohort audit
[INFO] [STEP 085] ================================================================================
[INFO] [STEP 085] DES catalogue: 527040 bytes, sha256 4f2153f8726485bb...
[INFO] [STEP 085] DES objects: 814
[INFO] [STEP 085] DES detached n=16: varpi-cap 13/16 (0.81) vs uniform 0.33, baseline 0.55, registered 0.59
[INFO] [STEP 085] SBDB overlap 14/16; dvarpi floor 0.25 deg
wrote /Users/matthewsmawfield/www/Temporal Equivalence Principle/TEP-9/results/step_b50_des_resident.json
wrote /Users/matthewsmawfield/www/Temporal Equivalence Principle/TEP-9/results/step_b50_des_resident.csv
wrote /Users/matthewsmawfield/www/Temporal Equivalence Principle/TEP-9/results/figures/step_b50_des_resident.png
[OK] Step 085: DES independent resident-cohort audit (Bernardinelli+ catalogue) completed in 2.29s

======================================================================
[73/102] Step 086: Slip-physics discriminator, angular vs boundary vs arc-epoch
======================================================================
[INFO] [STEP 086] LOGGER INITIALIZED: step_086_slip_physics (Step 086)
[INFO] [STEP 086] ================================================================================
[INFO] [STEP 086] Slip-physics discriminator: angular vs boundary vs arc-epoch
[INFO] [STEP 086] ================================================================================
[INFO] [STEP 086] loaded 229 comets (code 131, warsaw 98)
[INFO] [STEP 086] pooled_in: n=75 s_theta=-0.60 s_tau=-1.10 | resid s_theta=-2.03 s_tau=-0.23 (pos 0.73)
[INFO] [STEP 086] pooled_out: n=154 s_theta=-0.44 s_tau=-0.94 | resid s_theta=-1.50 s_tau=-0.10 (pos 0.66)
[INFO] [STEP 086] code_in: n=43 s_theta=-0.69 s_tau=-1.19 | resid s_theta=-0.59 s_tau=-0.23 (pos 0.72)
[INFO] [STEP 086] code_out: n=88 s_theta=-0.58 s_tau=-1.08 | resid s_theta=-0.94 s_tau=-0.01 (pos 0.60)
[INFO] [STEP 086] warsaw_in: n=32 s_theta=-0.65 s_tau=-1.15 | resid s_theta=-4.11 s_tau=-0.21 (pos 0.75)
[INFO] [STEP 086] warsaw_out: n=66 s_theta=-0.25 s_tau=-0.75 | resid s_theta=-3.50 s_tau=-0.16 (pos 0.74)
wrote /Users/matthewsmawfield/www/Temporal Equivalence Principle/TEP-9/results/step_b51_slip_physics.json
wrote /Users/matthewsmawfield/www/Temporal Equivalence Principle/TEP-9/results/step_b51_slip_physics.csv
wrote /Users/matthewsmawfield/www/Temporal Equivalence Principle/TEP-9/results/figures/step_b51_slip_physics.png
[OK] Step 086: Slip-physics discriminator, angular vs boundary vs arc-epoch completed in 6.72s

======================================================================
[74/102] Step 087: Perturber distance ladder, required-mass map (REBOUND/DE440s)
======================================================================
[INFO] [STEP 087] LOGGER INITIALIZED: step_087_distance_ladder (Step 087)
[INFO] [STEP 087] ================================================================================
[INFO] [STEP 087] Perturber distance ladder (REBOUND/IAS15 + DE440s)
[INFO] [STEP 087] ================================================================================
[INFO] [STEP 087] sample: 131 class-1 CODE comets
[INFO] [STEP 087] integrated 131 comets x 6 runs; 0 failed
[INFO] [STEP 087] a9=  250 AU: med drot=0.00036 deg | required mass in-cap med 2186 M_earth, p05 529, >M_Jup 1.00
[INFO] [STEP 087] a9=  300 AU: med drot=0.00031 deg | required mass in-cap med 3712 M_earth, p05 724, >M_Jup 1.00
[INFO] [STEP 087] a9=  461 AU: med drot=0.00028 deg | required mass in-cap med 4290 M_earth, p05 793, >M_Jup 1.00
[INFO] [STEP 087] a9=  700 AU: med drot=0.00029 deg | required mass in-cap med 3525 M_earth, p05 710, >M_Jup 1.00
[INFO] [STEP 087] a9= 1000 AU: med drot=0.00029 deg | required mass in-cap med 3490 M_earth, p05 694, >M_Jup 1.00
[INFO] [STEP 087] distance scaling: m_req ~ a9^+0.20; drot ~ a9^-0.14
wrote /Users/matthewsmawfield/www/Temporal Equivalence Principle/TEP-9/results/step_b52_distance_ladder.json
wrote /Users/matthewsmawfield/www/Temporal Equivalence Principle/TEP-9/results/step_b52_distance_ladder.csv
wrote /Users/matthewsmawfield/www/Temporal Equivalence Principle/TEP-9/results/figures/step_b52_distance_ladder.png
[OK] Step 087: Perturber distance ladder, required-mass map (REBOUND/DE440s) completed in 7.97m

======================================================================
[75/102] Step 088: Resident-side galactic-tide insertion, maintenance + regeneration (REBOUND/DE440s)
======================================================================
[INFO] [STEP 088] LOGGER INITIALIZED: step_088_tide_resident (Step 088)
[INFO] [STEP 088] ================================================================================
[INFO] [STEP 088] Resident-side galactic-tide insertion (REBOUND/DE440s)
[INFO] [STEP 088] ================================================================================
[INFO] [STEP 088] tide coefficients: Kx=7.061e-16 Ky=-7.061e-16 Kz=-5.653e-15 yr^-2
[INFO] [STEP 088] tide libration directions (ecliptic lon,lat): (318.0,48.3); (138.0,-48.3)
[INFO] [STEP 088] detached sample: 44 TNOs (a>150, q>30, cc<=3)
[INFO] [STEP 088] tide_observed: integrated 20 Myr (50 tide kicks per snapshot)
[INFO] [STEP 088] tide_scrambled: integrated 20 Myr (50 tide kicks per snapshot)
[INFO] [STEP 088] tide_p9_med: integrated 20 Myr (50 tide kicks per snapshot)
[INFO] [STEP 088] tide_observed: sigma(dv) all/in = 0.176/0.214 deg/Myr | t_disp in = 144 Myr
[INFO] [STEP 088] tide_scrambled: sigma(dv) all/in = 0.164/0.170 deg/Myr | t_disp in = 182 Myr
[INFO] [STEP 088] tide_p9_med: sigma(dv) all/in = 0.182/0.199 deg/Myr | t_disp in = 155 Myr
[INFO] [STEP 088] endpoints: R20 obs=0.259 scr=0.145 (mean 194 deg) p9=0.249
[INFO] [STEP 088] tide restoring: rho=-0.099 p=0.5222
wrote /Users/matthewsmawfield/www/Temporal Equivalence Principle/TEP-9/results/step_b53_tide_resident.json
wrote /Users/matthewsmawfield/www/Temporal Equivalence Principle/TEP-9/results/step_b53_tide_resident.csv
wrote /Users/matthewsmawfield/www/Temporal Equivalence Principle/TEP-9/results/figures/step_b53_tide_resident.png
[OK] Step 088: Resident-side galactic-tide insertion, maintenance + regeneration (REBOUND/DE440s) completed in 14.95m

======================================================================
[76/102] Step 089: Bipolar morphology audit, mirror-cap second-lobe test
======================================================================
[INFO] [STEP 089] LOGGER INITIALIZED: step_089_bipolar_morphology (Step 089)
[INFO] [STEP 089] ================================================================================
[INFO] [STEP 089] Bipolar morphology audit -- mirror-cap second-lobe test
[INFO] [STEP 089] ================================================================================
[INFO] [STEP 089] pooled cohorts: 229 comets (code=131, warsaw=98)
[INFO] [STEP 089] theta   0- 30: n= 17 drot_med=0.1008 dtau_med=+1.14 yr frac>0=0.65
[INFO] [STEP 089] theta  30- 60: n= 58 drot_med=0.1132 dtau_med=+2.13 yr frac>0=0.53
[INFO] [STEP 089] theta  60- 90: n= 78 drot_med=0.0917 dtau_med=-4.02 yr frac>0=0.36
[INFO] [STEP 089] theta  90-120: n= 44 drot_med=0.1303 dtau_med=-2.72 yr frac>0=0.45
[INFO] [STEP 089] theta 120-150: n= 22 drot_med=0.0796 dtau_med=+1.48 yr frac>0=0.50
[INFO] [STEP 089] theta 150-181: n= 10 drot_med=0.0689 dtau_med=+3.68 yr frac>0=0.60
[INFO] [STEP 089] T1: anti-cap drot median 0.0796 vs mid 0.1054 (MW p=0.889); second-lobe 95% upper bound 0.0075 deg vs in-cap elevation 0.0001 deg
[INFO] [STEP 089] T2: cap vs anti drot MW p=0.0290, dtau MW p=0.6112
[INFO] [STEP 089] T3: spearman theta-drot rho=-0.092 p=0.1666; theta-dtau rho=-0.069 p=0.2991
[INFO] [STEP 089] T4: frac pos cap/mid/anti = 0.56/0.39/0.53 (binom p 0.356/0.023/0.860)
[INFO] [STEP 089] T6: dtau vs cos(theta) rho=+0.069 p=0.2991; vs cos(2theta) rho=+0.169 p=0.0102 | drot vs cos(2theta) rho=+0.037 p=0.5771
wrote /Users/matthewsmawfield/www/Temporal Equivalence Principle/TEP-9/results/step_b54_bipolar_morphology.json
wrote /Users/matthewsmawfield/www/Temporal Equivalence Principle/TEP-9/results/step_b54_bipolar_morphology.csv
wrote /Users/matthewsmawfield/www/Temporal Equivalence Principle/TEP-9/results/figures/step_b54_bipolar_morphology.png
[OK] Step 089: Bipolar morphology audit, mirror-cap second-lobe test completed in 1.22s

======================================================================
[77/102] Step 090: Bias-free mean-plane warp (SCT25 estimator, MPCORB lineage)
======================================================================
[INFO] [STEP 090] LOGGER INITIALIZED: step_090_mean_plane (Step 090)
[INFO] [STEP 090] ================================================================================
[INFO] [STEP 090] Bias-free mean-plane warp (SCT25 estimator, MPCORB lineage)
[INFO] [STEP 090] ================================================================================
[INFO] [STEP 090] loading MPCORB ...
[INFO] [STEP 090]   1565288 orbits
[INFO] [STEP 090]   6645 candidates in 30-450 AU, q>28
[INFO] [STEP 090] --------------------------------------------------------------------------------
[INFO] [STEP 090] A. SCT25 Table-1 published-sample validation
[INFO] [STEP 090] --------------------------------------------------------------------------------
[INFO] [STEP 090] matched 46/46 published objects; missing: []
[INFO] [STEP 090] SCT25 Table-1 (80-400 AU): N=46  i0=13.3  Om0=118  gamma=15  dlogL=3.68  sigma=2.71  FAP=0.0175
[INFO] [STEP 090] --------------------------------------------------------------------------------
[INFO] [STEP 090] B. Pipeline-native bins (MMR-excluded)
[INFO] [STEP 090] --------------------------------------------------------------------------------
[INFO] [STEP 090] a 50-80 AU: N=149  i0=2.9  Om0=58  gamma=11  dlogL=0.72  sigma=1.20  FAP=0.4675
[INFO] [STEP 090] a 80-200 AU: N=122  i0=1.9  Om0=127  gamma=10  dlogL=0.05  sigma=0.32  FAP=0.9775
[INFO] [STEP 090] a 200-400 AU: N=27  i0=10.3  Om0=135  gamma=21  dlogL=1.77  sigma=1.88  FAP=0.1300
[INFO] [STEP 090] a 80-400 AU: N=149  i0=3.1  Om0=133  gamma=11  dlogL=0.34  sigma=0.82  FAP=0.7725
[INFO] [STEP 090] 80-400 AU, MMR cut 0.01: N=182  i0=3.4  Om0=140  gamma=11  dlogL=0.66  sigma=1.15  FAP=0.5750
[INFO] [STEP 090] 80-400 AU, MMR cut 0.02: N=115  i0=3.4  Om0=146  gamma=11  dlogL=0.58  sigma=1.08  FAP=0.5100
[INFO] [STEP 090] --------------------------------------------------------------------------------
[INFO] [STEP 090] C. Direction of the warp
[INFO] [STEP 090] --------------------------------------------------------------------------------
[INFO] [STEP 090] 50-80: lean az 328 deg, |az-49|=80.8 deg (p=0.515), Om0-P9node 38.7 deg
[INFO] [STEP 090] 80-200: lean az 37 deg, |az-49|=11.7 deg (p=0.07), Om0-P9node 30.4 deg
[INFO] [STEP 090] 200-400: lean az 45 deg, |az-49|=3.7 deg (p=0.0425), Om0-P9node 38.4 deg
[INFO] [STEP 090] 80-400: lean az 43 deg, |az-49|=6.0 deg (p=0.0175), Om0-P9node 36.1 deg
[INFO] [STEP 090] Table1: lean az 28 deg, |az-49|=21.1 deg (p=0.1875), Om0-P9node 21.0 deg
[INFO] [STEP 090] 80-400 jackknife: median az 43 deg, circ sd 2.5 deg, 1.00 within 30 deg of 49
[INFO] [STEP 090] 200-400 jackknife: median az 46 deg, circ sd 3.8 deg, 1.00 within 30 deg of 49
[INFO] [STEP 090] --------------------------------------------------------------------------------
[INFO] [STEP 090] D. Mean-pole cross-check (same bins)
[INFO] [STEP 090] --------------------------------------------------------------------------------
[INFO] [STEP 090] 50-80 AU: naive mean-pole tilt 5.50 deg, azimuth 23 deg
[INFO] [STEP 090] 80-200 AU: naive mean-pole tilt 7.25 deg, azimuth 48 deg
[INFO] [STEP 090] 200-400 AU: naive mean-pole tilt 9.13 deg, azimuth 54 deg
[INFO] [STEP 090] 80-400 AU: naive mean-pole tilt 7.59 deg, azimuth 49 deg
wrote /Users/matthewsmawfield/www/Temporal Equivalence Principle/TEP-9/results/step_b55_mean_plane.json
wrote /Users/matthewsmawfield/www/Temporal Equivalence Principle/TEP-9/results/figures/step_b55_mean_plane.png
[OK] Step 090: Bias-free mean-plane warp (SCT25 estimator, MPCORB lineage) completed in 1.09m

======================================================================
[78/102] Step 091: Inner-perturber (Planet-Y) ladder vs ephemeris bound (REBOUND/DE440s)
======================================================================
[INFO] [STEP 091] LOGGER INITIALIZED: step_091_inner_perturber (Step 091)
[INFO] [STEP 091] ================================================================================
[INFO] [STEP 091] Inner-perturber (Planet-Y) ladder vs ephemeris bound (REBOUND/DE440s)
[INFO] [STEP 091] ================================================================================
[INFO] [STEP 091] sample: 131 class-1 CODE comets
[INFO] [STEP 091] integrated 131 comets x 13 runs; 0 failed
[INFO] [STEP 091] anti-aligned  a9=  100 AU: med drot=0.00187 deg | m_req in-cap med 606 M_earth (min 13) | in-box 0.00 | <eph-bound 0.00
[INFO] [STEP 091] anti-aligned  a9=  125 AU: med drot=0.00096 deg | m_req in-cap med 940 M_earth (min 4) | in-box 0.00 | <eph-bound 0.00
[INFO] [STEP 091] anti-aligned  a9=  150 AU: med drot=0.00066 deg | m_req in-cap med 877 M_earth (min 10) | in-box 0.00 | <eph-bound 0.00
[INFO] [STEP 091] anti-aligned  a9=  175 AU: med drot=0.00052 deg | m_req in-cap med 924 M_earth (min 17) | in-box 0.00 | <eph-bound 0.00
[INFO] [STEP 091] anti-aligned  a9=  200 AU: med drot=0.00045 deg | m_req in-cap med 1235 M_earth (min 36) | in-box 0.00 | <eph-bound 0.00
[INFO] [STEP 091] anti-aligned  a9=  250 AU: med drot=0.00036 deg | m_req in-cap med 2186 M_earth (min 367) | in-box 0.00 | <eph-bound 0.00
[INFO] [STEP 091] warp-plane    a9=  100 AU: med drot=0.00193 deg | m_req in-cap med 515 M_earth (min 21) | in-box 0.00 | <eph-bound 0.00
[INFO] [STEP 091] warp-plane    a9=  125 AU: med drot=0.00100 deg | m_req in-cap med 820 M_earth (min 22) | in-box 0.00 | <eph-bound 0.00
[INFO] [STEP 091] warp-plane    a9=  150 AU: med drot=0.00068 deg | m_req in-cap med 927 M_earth (min 25) | in-box 0.00 | <eph-bound 0.00
[INFO] [STEP 091] warp-plane    a9=  175 AU: med drot=0.00056 deg | m_req in-cap med 971 M_earth (min 21) | in-box 0.00 | <eph-bound 0.00
[INFO] [STEP 091] warp-plane    a9=  200 AU: med drot=0.00049 deg | m_req in-cap med 1115 M_earth (min 33) | in-box 0.00 | <eph-bound 0.00
[INFO] [STEP 091] warp-plane    a9=  250 AU: med drot=0.00038 deg | m_req in-cap med 2108 M_earth (min 252) | in-box 0.00 | <eph-bound 0.00
wrote /Users/matthewsmawfield/www/Temporal Equivalence Principle/TEP-9/results/step_b56_inner_perturber.json
wrote /Users/matthewsmawfield/www/Temporal Equivalence Principle/TEP-9/results/step_b56_inner_perturber.csv
wrote /Users/matthewsmawfield/www/Temporal Equivalence Principle/TEP-9/results/figures/step_b56_inner_perturber.png
[OK] Step 091: Inner-perturber (Planet-Y) ladder vs ephemeris bound (REBOUND/DE440s) completed in 16.70m

======================================================================
[79/102] Step 092: MPCORB-lineage replication of detached-TNO clustering
======================================================================
[INFO] [STEP 092] LOGGER INITIALIZED: step_092_mpcorb_clustering (Step 092)
[INFO] [STEP 092] ================================================================================
[INFO] [STEP 092] MPCORB-lineage replication of detached-TNO clustering
[INFO] [STEP 092] ================================================================================
[INFO] [STEP 092] loading MPCORB ...
[INFO] [STEP 092]   1565209 orbits
[INFO] [STEP 092] detached_a150_q30: N=63  R_varpi=0.243 (null 0.112) p=2.43e-02  phat->(45,-21)
[INFO] [STEP 092] extreme_a250_q30: N=33  R_varpi=0.205 (null 0.155) p=2.51e-01  phat->(56,-19)
[INFO] [STEP 092] sednoid_a150_q50: N=5  R_varpi=0.430 (null 0.403) p=4.22e-01  phat->(16,-13)
[INFO] [STEP 092] detached_a150_q40: N=26  R_varpi=0.220 (null 0.174) p=2.82e-01  phat->(43,-21)
[INFO] [STEP 092] detached_a150_q30_numbered: N=18  R_varpi=0.592 (null 0.209) p=1.10e-03  phat->(71,-14)
[INFO] [STEP 092] detached_a150_q30_allq: N=91  R_varpi=0.085 (null 0.093) p=5.19e-01  phat->(26,-43)
[INFO] [STEP 092] --------------------------------------------------------------------------------
[INFO] [STEP 092] SBDB cross-match
[INFO] [STEP 092] --------------------------------------------------------------------------------
[INFO] [STEP 092] SBDB detached N=44; matched in MPCORB 44; median |dvarpi| 0.0 deg; MPCORB-only members 19: ['2010 GB174', '2013 FS28', '2013 RC156', '2013 UH15', '2015 DR370', '2015 GT50', '2015 KH163', '2015 OC193', '2015 OB203', '2015 RY245', '2015 UN105', '2016 GA277', '2016 TP120', '2018 AD39', '2018 VM35', '2019 EU5', '2021 DK18', '2021 LP43', '2025 LS2']
[INFO] [STEP 092] SBDB-matched subset (MPCORB elements): N=44  R_varpi=0.332 (null 0.134) p=7.30e-03  phat->(50,-17)
wrote /Users/matthewsmawfield/www/Temporal Equivalence Principle/TEP-9/results/step_b57_mpcorb_clustering.json
wrote /Users/matthewsmawfield/www/Temporal Equivalence Principle/TEP-9/results/figures/step_b57_mpcorb_clustering.png
[OK] Step 092: MPCORB-lineage replication of detached-TNO clustering completed in 10.33s

======================================================================
[80/102] Step 093: Perturber-zoo closure, candidates vs required-mass map (REBOUND/DE440s)
======================================================================
[INFO] [STEP 093] LOGGER INITIALIZED: step_093_perturber_zoo (Step 093)
[INFO] [STEP 093] ================================================================================
[INFO] [STEP 093] Perturber-zoo closure: candidates vs required-mass map
[INFO] [STEP 093] ================================================================================
[INFO] [STEP 093] IRAS-AKARI candidate at ecliptic (lam,beta)=(5.4,-57.5); 51.8 deg from the TNO axis, 128.2 deg from the required anti-aligned direction
[INFO] [STEP 093] sample: 131 class-1 CODE comets; candidate inserted at 600 AU, e=0.3, m=7 and 17 M_earth
[INFO] [STEP 093] integrated 131 comets x 3 runs; 0 failed
[INFO] [STEP 093] candidate at 7 M_earth: med drot 0.00030 deg | required mass in-cap med 3367 M_earth
[INFO] [STEP 093] candidate at 17 M_earth: med drot 0.00072 deg | required mass in-cap med 3367 M_earth
wrote /Users/matthewsmawfield/www/Temporal Equivalence Principle/TEP-9/results/step_b58_perturber_zoo.json
wrote /Users/matthewsmawfield/www/Temporal Equivalence Principle/TEP-9/results/step_b58_perturber_zoo.csv
wrote /Users/matthewsmawfield/www/Temporal Equivalence Principle/TEP-9/results/figures/step_b58_perturber_zoo.png
[OK] Step 093: Perturber-zoo closure, candidates vs required-mass map (REBOUND/DE440s) completed in 3.69m

======================================================================
[81/102] Step 094: Six-channel joint axis-permutation test (mean-plane channel)
======================================================================
[INFO] [STEP 094] LOGGER INITIALIZED: step_094_joint_axis_mp (Step 094)
[INFO] [STEP 094] ================================================================================
[INFO] [STEP 094] Six-channel joint axis-permutation test (mean-plane added)
[INFO] [STEP 094] ================================================================================
[INFO] [STEP 094] comets with aphelion dirs: 229 (missed 0)
[INFO] [STEP 094] detached TNOs: 44
[INFO] [STEP 094] mean-plane channel: 80-400 AU pole az 43.0 deg, 400 null realizations
[INFO] [STEP 094] S6(TNO axis 49,-17)   = 115.26  channels=[8.73643133e-03 3.47372546e-07 5.33951024e-03 5.79260154e-05
 5.69966490e-09 1.75000000e-02]
[INFO] [STEP 094] S6(comet axis 34,-13) = 110.34  channels=[5.18804777e-03 5.26818580e-07 7.83167682e-03 1.04176166e-04
 7.56627639e-09 6.50000000e-02]
[INFO] [STEP 094]   5000/20000 axes
[INFO] [STEP 094]   10000/20000 axes
[INFO] [STEP 094]   15000/20000 axes
[INFO] [STEP 094]   20000/20000 axes
[INFO] [STEP 094] p_global at TNO axis   = 0.00325
[INFO] [STEP 094] p_global at comet axis = 0.01310
[INFO] [STEP 094]   rotation_slip: p=0.0087 frac_axes_better=0.0126
[INFO] [STEP 094]   aphelion_dipole: p=0.0000 frac_axes_better=0.0059
[INFO] [STEP 094]   warsaw_inbound: p=0.0053 frac_axes_better=0.0103
[INFO] [STEP 094]   tno_aphelion: p=0.0001 frac_axes_better=0.0001
[INFO] [STEP 094]   tno_varpi: p=0.0000 frac_axes_better=0.0164
[INFO] [STEP 094]   mean_plane_lean: p=0.0175 frac_axes_better=0.0250
wrote /Users/matthewsmawfield/www/Temporal Equivalence Principle/TEP-9/results/step_b59_joint_axis_mp.json
wrote /Users/matthewsmawfield/www/Temporal Equivalence Principle/TEP-9/results/figures/step_b59_joint_axis_mp.png
[OK] Step 094: Six-channel joint axis-permutation test (mean-plane channel) completed in 4.04s

======================================================================
[82/102] Step 095: Spacecraft clock/plasma/power data acquisition (NAIF SCLK+SPK+LSK, PDS PPI VLISM)
======================================================================
[INFO] [STEP 095] LOGGER INITIALIZED: step_095_download_spacecraft (Step 095)
[INFO] [STEP 095] ================================================================================
[INFO] [STEP 095] Step 095: spacecraft clock / plasma / power acquisition
[INFO] [STEP 095] ================================================================================
[INFO] [STEP 095]   → GET https://naif.jpl.nasa.gov/pub/naif/VOYAGER/kernels/sclk/vg100051.tsc
[INFO] [STEP 095] METRIC: bytes = 90650 vg100051.tsc
[INFO] [STEP 095] Saving data: vg100051.tsc
[INFO] [STEP 095]   → GET https://naif.jpl.nasa.gov/pub/naif/VOYAGER/kernels/sclk/vg200051.tsc
[INFO] [STEP 095] METRIC: bytes = 108191 vg200051.tsc
[INFO] [STEP 095] Saving data: vg200051.tsc
[INFO] [STEP 095]   → GET https://naif.jpl.nasa.gov/pub/naif/VOYAGER/kernels/spk/Voyager_1.a54206u_V0.2_merged.bsp
[INFO] [STEP 095] METRIC: bytes = 6374400 Voyager_1.a54206u_V0.2_merged.bsp
[INFO] [STEP 095] Saving data: Voyager_1.a54206u_V0.2_merged.bsp
[INFO] [STEP 095]   → GET https://naif.jpl.nasa.gov/pub/naif/VOYAGER/kernels/spk/Voyager_2.m05016u.merged.bsp
[INFO] [STEP 095] METRIC: bytes = 6447104 Voyager_2.m05016u.merged.bsp
[INFO] [STEP 095] Saving data: Voyager_2.m05016u.merged.bsp
[INFO] [STEP 095]   → GET https://naif.jpl.nasa.gov/pub/naif/generic_kernels/lsk/naif0012.tls
[INFO] [STEP 095] METRIC: bytes = 5257 naif0012.tls
[INFO] [STEP 095] Saving data: naif0012.tls
[INFO] [STEP 095]   → GET https://pds-ppi.igpp.ucla.edu/data/voyager-pws-vlism-density/data/vg1-vlism-density-2012-2025.csv
[INFO] [STEP 095] METRIC: bytes = 128955 vg1-vlism-density-2012-2025.csv
[INFO] [STEP 095] Saving data: vg1-vlism-density-2012-2025.csv
[INFO] [STEP 095]   → GET https://pds-ppi.igpp.ucla.edu/data/voyager-pws-vlism-density/data/vg1-vlism-density-2012-2025.lblx
[INFO] [STEP 095] METRIC: bytes = 18119 vg1-vlism-density-2012-2025.lblx
[INFO] [STEP 095] Saving data: vg1-vlism-density-2012-2025.lblx
[INFO] [STEP 095]   → GET https://pds-ppi.igpp.ucla.edu/data/voyager-pws-vlism-density/data/vg2-vlism-density-2019-2025.csv
[INFO] [STEP 095] METRIC: bytes = 1171 vg2-vlism-density-2019-2025.csv
[INFO] [STEP 095] Saving data: vg2-vlism-density-2019-2025.csv
[INFO] [STEP 095]   → GET https://pds-ppi.igpp.ucla.edu/data/voyager-pws-vlism-density/data/vg2-vlism-density-2019-2025.lblx
[INFO] [STEP 095] METRIC: bytes = 16440 vg2-vlism-density-2019-2025.lblx
[INFO] [STEP 095] Saving data: vg2-vlism-density-2019-2025.lblx
[INFO] [STEP 095]   → GET https://datadryad.org/stash/downloads/file_stream/2917296 (via Dryad/Anubis gate)
[INFO] [STEP 095]   → anubis PoW solved: nonce=34578 (50 ms)
[INFO] [STEP 095] METRIC: bytes = 2250808 All_RTGs_P_Over_P0_-_2023_Update_for_Release.xlsx
[INFO] [STEP 095] Saving data: All_RTGs_P_Over_P0_-_2023_Update_for_Release.xlsx
[INFO] [STEP 095]   → GET https://datadryad.org/stash/downloads/file_stream/2917298 (via Dryad/Anubis gate)
[INFO] [STEP 095]   → anubis PoW solved: nonce=93057 (50 ms)
[INFO] [STEP 095] METRIC: bytes = 5536 README_dryad.md
[INFO] [STEP 095] Saving data: README_dryad.md
[INFO] [STEP 095] Saving data: literature_anchors.json
[INFO] [STEP 095] Saving data: provenance_spacecraft.json
[INFO] [STEP 095] METRIC: n_files = 12 files registered
[INFO] [STEP 095] ✓ Spacecraft data acquisition complete
[OK] Step 095: Spacecraft clock/plasma/power data acquisition (NAIF SCLK+SPK+LSK, PDS PPI VLISM) completed in 1.75m

======================================================================
[83/102] Step 096: Voyager SCLK clock-correction audit (resync/rate history vs crossings and radius)
======================================================================
[INFO] [STEP 096] LOGGER INITIALIZED: step_096_sclk_clock_audit (Step 096)
[INFO] [STEP 096] ================================================================================
[INFO] [STEP 096] Voyager SCLK clock-correction audit
[INFO] [STEP 096] ================================================================================
[INFO] [STEP 096] METRIC: n_partitions = 15 SCLK partitions
[INFO] [STEP 096] METRIC: n_records = 1185 coefficient records
[INFO] [STEP 096] METRIC: n_calibration = 1144 fine calibration records
[INFO] [STEP 096] METRIC: n_rate_mode = 41 rate-mode records
[INFO] [STEP 096] METRIC: ageing_slope_ppm_per_yr = 0.0112 linear drift trend
[INFO] [STEP 096] METRIC: resid_rms_ppm = 4.802 scatter about ageing trend
[INFO] [STEP 096] METRIC: resid_abs_p99_ppm = 13.62 99th pct |residual|
[INFO] [STEP 096] METRIC: n_partitions = 15 SCLK partitions
[INFO] [STEP 096] METRIC: n_records = 1448 coefficient records
[INFO] [STEP 096] METRIC: n_calibration = 1407 fine calibration records
[INFO] [STEP 096] METRIC: n_rate_mode = 41 rate-mode records
[INFO] [STEP 096] METRIC: ageing_slope_ppm_per_yr = 0.053 linear drift trend
[INFO] [STEP 096] METRIC: resid_rms_ppm = 5.623 scatter about ageing trend
[INFO] [STEP 096] METRIC: resid_abs_p99_ppm = 18.13 99th pct |residual|
[INFO] [STEP 096] Saving data: step_b60_sclk_rates.csv
[INFO] [STEP 096] Saving data: step_b60_sclk_phase_boundaries.csv
[INFO] [STEP 096] Saving data: step_b60_sclk_audit.png
[INFO] [STEP 096] Saving data: step_b60_sclk_audit.json
[INFO] [STEP 096] ✓ SCLK clock audit complete
[OK] Step 096: Voyager SCLK clock-correction audit (resync/rate history vs crossings and radius) completed in 1.25s

======================================================================
[84/102] Step 097: Voyager PWS plasma-frequency channel (density structure vs lapse-equivalent)
======================================================================
[INFO] [STEP 097] LOGGER INITIALIZED: step_097_pws_plasma_channel (Step 097)
[INFO] [STEP 097] ================================================================================
[INFO] [STEP 097] Voyager PWS plasma-frequency channel
[INFO] [STEP 097] ================================================================================
[INFO] [STEP 097] METRIC: ne_range = 0.054-0.155 cm^-3
[INFO] [STEP 097] METRIC: fpe_range = 2088-3533 Hz
[INFO] [STEP 097] METRIC: radius_range = 122.2-164.9 AU
[INFO] [STEP 097] METRIC: fpe_channel_hz = 2.0 median channel spacing
[INFO] [STEP 097] METRIC: ne_range = 0.039-0.120 cm^-3
[INFO] [STEP 097] METRIC: fpe_range = 1780-3110 Hz
[INFO] [STEP 097] METRIC: radius_range = 119.9-140.7 AU
[INFO] [STEP 097] METRIC: fpe_channel_hz = nan median channel spacing
[INFO] [STEP 097] Saving data: step_b61_pws_events.csv
[INFO] [STEP 097] Saving data: step_b61_pws_channel.png
[INFO] [STEP 097] Saving data: step_b61_pws_channel.json
[INFO] [STEP 097] ✓ PWS plasma channel complete
[OK] Step 097: Voyager PWS plasma-frequency channel (density structure vs lapse-equivalent) completed in 0.41s

======================================================================
[85/102] Step 098: RTG nuclear-decay channel (Pu-238 clock, Gamow-amplified constants bound)
======================================================================
[INFO] [STEP 098] LOGGER INITIALIZED: step_098_rtg_nuclear_channel (Step 098)
[INFO] [STEP 098] ================================================================================
[INFO] [STEP 098] RTG nuclear-decay channel (telemetry)
[INFO] [STEP 098] ================================================================================
[INFO] [STEP 098] METRIC: n_VG1_total = 129 telemetry epochs, last=2021-08-04
[INFO] [STEP 098] METRIC: n_VG1_rtg1 = 52 telemetry epochs, last=2021-02-24
[INFO] [STEP 098] METRIC: n_VG1_rtg2 = 52 telemetry epochs, last=2021-08-04
[INFO] [STEP 098] METRIC: n_VG1_rtg3 = 53 telemetry epochs, last=2021-05-11
[INFO] [STEP 098] METRIC: n_VG2_total = 89 telemetry epochs, last=2021-02-27
[INFO] [STEP 098] METRIC: n_VG2_rtg1 = 53 telemetry epochs, last=2021-02-27
[INFO] [STEP 098] METRIC: n_VG2_rtg2 = 52 telemetry epochs, last=2021-02-04
[INFO] [STEP 098] METRIC: gamow_exponent = 76.3 Pu-238 Gamow exponent
[INFO] [STEP 098] METRIC: decay_amplification = 153.0 |dlambda/lambda| per |dalpha/alpha|
[INFO] [STEP 098] METRIC: VG1_total_k_deg = 0.837 degradation %/yr beyond Pu-238
[INFO] [STEP 098] METRIC: VG1_total_resid_rms = 0.46 log-residual rms (%)
[INFO] [STEP 098] METRIC: VG2_total_k_deg = 0.888 degradation %/yr beyond Pu-238
[INFO] [STEP 098] METRIC: VG2_total_resid_rms = 0.61 log-residual rms (%)
[INFO] [STEP 098] METRIC: VG1_total_v1_termination_shock_step = 0.28 % step at 2004-12-16 (p=0.085)
[INFO] [STEP 098] METRIC: VG1_total_v1_heliopause_step = -0.74 % step at 2012-08-25 (p=0.000)
[INFO] [STEP 098] METRIC: VG2_total_v2_termination_shock_step = -0.15 % step at 2007-08-30 (p=0.607)
[INFO] [STEP 098] METRIC: VG2_total_v2_heliopause_step = -0.77 % step at 2018-11-05 (p=0.040)
[INFO] [STEP 098] METRIC: VG1_total_placebo_envelope = 0.86 % max |placebo step|
[INFO] [STEP 098] METRIC: VG2_total_placebo_envelope = 0.99 % max |placebo step|
[INFO] [STEP 098] Saving data: step_b62_rtg_nuclear.png
[INFO] [STEP 098] Saving data: step_b62_rtg_nuclear.csv
[INFO] [STEP 098] Saving data: step_b62_rtg_nuclear.json
[INFO] [STEP 098] ✓ RTG nuclear channel complete
[OK] Step 098: RTG nuclear-decay channel (Pu-238 clock, Gamow-amplified constants bound) completed in 0.85s

======================================================================
[86/102] Step 099: Heliospheric geometry (probe/ISO asymptotes vs axis and caps)
======================================================================
[INFO] [STEP 099] LOGGER INITIALIZED: step_099_heliospheric_geometry (Step 099)
[INFO] [STEP 099] ================================================================================
[INFO] [STEP 099] Heliospheric geometry and probe/ISO asymptotes
[INFO] [STEP 099] ================================================================================
[INFO] [STEP 099] METRIC: axis_vs_ISM = 151.2 deg
[INFO] [STEP 099] METRIC: axis_vs_heliotail = 28.8 deg
[INFO] [STEP 099] METRIC: axis_vs_IBEX = 156.9 deg
[INFO] [STEP 099] METRIC: axis_vs_pristine = 162.3 deg
[INFO] [STEP 099]   → GET https://ssd.jpl.nasa.gov/api/horizons.api?format=text&COMMAND=%27-31%27&OBJ_DATA=%27YES%27&MAKE_EPHEM=%27YES%2
[INFO] [STEP 099] METRIC: Voyager_1_vel_dir = (261.34, 35.54) r=169.3 AU
[INFO] [STEP 099]   → GET https://ssd.jpl.nasa.gov/api/horizons.api?format=text&COMMAND=%27-32%27&OBJ_DATA=%27YES%27&MAKE_EPHEM=%27YES%2
[INFO] [STEP 099] METRIC: Voyager_2_vel_dir = (294.23, -47.86) r=141.7 AU
[INFO] [STEP 099]   → GET https://ssd.jpl.nasa.gov/api/horizons.api?format=text&COMMAND=%27-23%27&OBJ_DATA=%27YES%27&MAKE_EPHEM=%27YES%2
[INFO] [STEP 099] METRIC: Pioneer_10_vel_dir = (84.06, 2.92) r=140.1 AU
[INFO] [STEP 099]   → GET https://ssd.jpl.nasa.gov/api/horizons.api?format=text&COMMAND=%27-24%27&OBJ_DATA=%27YES%27&MAKE_EPHEM=%27YES%2
[INFO] [STEP 099] METRIC: Pioneer_11_vel_dir = (291.79, 12.61) r=116.2 AU
[INFO] [STEP 099]   → GET https://ssd.jpl.nasa.gov/api/horizons.api?format=text&COMMAND=%27-98%27&OBJ_DATA=%27YES%27&MAKE_EPHEM=%27YES%2
[INFO] [STEP 099] METRIC: New_Horizons_vel_dir = (293.01, 2.07) r=63.6 AU
[INFO] [STEP 099]   → GET https://ssd-api.jpl.nasa.gov/sbdb.api?des=1I
[INFO] [STEP 099] METRIC: 1I'Oumuamua = (284.47, 56.59) inbound asymptote
[INFO] [STEP 099]   → GET https://ssd-api.jpl.nasa.gov/sbdb.api?des=2I
[INFO] [STEP 099] METRIC: 2IBorisov = (54.07, 42.96) inbound asymptote
[INFO] [STEP 099]   → GET https://ssd-api.jpl.nasa.gov/sbdb.api?des=3I
[INFO] [STEP 099] METRIC: 3IATLAS = (293.47, 2.39) inbound asymptote
[INFO] [STEP 099] METRIC: probes_in_cap = 1 of velocity asymptotes
[INFO] [STEP 099] METRIC: probes_in_mirror = 1 of velocity asymptotes
[INFO] [STEP 099] METRIC: iso_in_cap = 0 of arrival asymptotes
[INFO] [STEP 099] Saving data: step_b63_heliospheric_geometry.png
[INFO] [STEP 099] Saving data: probe_vectors.json
[INFO] [STEP 099] Saving data: step_b63_heliospheric_geometry.json
[INFO] [STEP 099] ✓ Heliospheric geometry complete
[OK] Step 099: Heliospheric geometry (probe/ISO asymptotes vs axis and caps) completed in 11.86s

======================================================================
[87/102] Step 100: Cross-channel clock-consistency synthesis (orbital/electronic/plasma/nuclear)
======================================================================
[INFO] [STEP 100] LOGGER INITIALIZED: step_100_clock_consistency (Step 100)
[INFO] [STEP 100] ================================================================================
[INFO] [STEP 100] Cross-channel clock-consistency synthesis
[INFO] [STEP 100] ================================================================================
[INFO] [STEP 100] METRIC: comet_slip_median_yr = 7.106 median implied slip
[INFO] [STEP 100] METRIC: comet_dA_over_A = 1.16e-02 implied lapse contrast
[INFO] [STEP 100] Saving data: step_b64_clock_consistency.png
[INFO] [STEP 100] Saving data: step_b64_clock_consistency.json
[INFO] [STEP 100] ✓ Clock-consistency synthesis complete
[OK] Step 100: Cross-channel clock-consistency synthesis (orbital/electronic/plasma/nuclear) completed in 0.41s

======================================================================
[88/102] Step 101: Interstellar-object non-gravitational channel (SBDB NG solutions vs cap-transit geometry)
======================================================================
[INFO] [STEP 101] LOGGER INITIALIZED: step_101_iso_ng_channel (Step 101)
[INFO] [STEP 101] ================================================================================
[INFO] [STEP 101] Interstellar-object non-gravitational channel
[INFO] [STEP 101] ================================================================================
[INFO] [STEP 101] METRIC: comet_contrast_dA_over_A = 1.161e-02
[INFO] [STEP 101]   → GET https://ssd-api.jpl.nasa.gov/sbdb.api?des=1I&full-prec=true
[INFO] [STEP 101] Saving data: sbdb_iso_1I.json
[INFO] [STEP 101] METRIC: 1I'Oumuamua = arr lobe(284.59,56.86) dep lobe(8.44,23.4) vol=unexplained A1=2.79e-07 f(1au)=9.43e-04
[INFO] [STEP 101]   → GET https://ssd-api.jpl.nasa.gov/sbdb.api?des=2I&full-prec=true
[INFO] [STEP 101] Saving data: sbdb_iso_2I.json
[INFO] [STEP 101] METRIC: 2IBorisov = arr edge(54.34,42.89) dep edge(273.81,-28.62) vol=explained A1=4.86e-08 f(1au)=1.64e-04
[INFO] [STEP 101]   → GET https://ssd-api.jpl.nasa.gov/sbdb.api?des=3I&full-prec=true
[INFO] [STEP 101] Saving data: sbdb_iso_3I.json
[INFO] [STEP 101] METRIC: 3IATLAS = arr edge(293.61,2.34) dep lobe(94.88,-3.59) vol=explained A1=5.32e-08 f(1au)=1.80e-04
[INFO] [STEP 101] METRIC: T1_concordance = True p_exch=0.333
[INFO] [STEP 101] METRIC: T2_1I_frac_1au = 9.43e-04 vs comet 1.2e-02 (x0.08)
[INFO] [STEP 101] METRIC: T3_1I_A2_over_A1 = 0.052 DT=None
[INFO] [STEP 101] METRIC: T3_2I_A2_over_A1 = 0.387 DT=-65.13009704907404
[INFO] [STEP 101] METRIC: T3_3I_A2_over_A1 = 0.216 DT=9.47881547776126
[INFO] [STEP 101] METRIC: T4_borisov_bound = 1.64e-04 70.7x below comet contrast
[INFO] [STEP 101] Saving data: step_b65_iso_ng_channel.png
[INFO] [STEP 101] Saving data: step_b65_iso_ng_channel.csv
[INFO] [STEP 101] Saving data: provenance.json
[INFO] [STEP 101] Saving data: step_b65_iso_ng_channel.json
[INFO] [STEP 101] ✓ ISO non-gravitational channel complete
[OK] Step 101: Interstellar-object non-gravitational channel (SBDB NG solutions vs cap-transit geometry) completed in 3.57s

======================================================================
[89/102] Step 102: Out-of-sample validation of the bipolar slip map (5-fold CV + CODE<->Warsaw transfer)
======================================================================
[INFO] [STEP 102] LOGGER INITIALIZED: step_102_slip_map_validation (Step 102)
[INFO] [STEP 102] ================================================================================
[INFO] [STEP 102] Out-of-sample validation of the bipolar slip map
[INFO] [STEP 102] ================================================================================
[INFO] [STEP 102] loaded 229 comets (code 131, warsaw 98)
[INFO] [STEP 102] METRIC: oob_spearman = 0.1485 out-of-sample rho(pred, dtau_unexplained)
[INFO] [STEP 102] METRIC: oob_r2 = 0.0099 out-of-sample R^2 vs predicting the mean
[INFO] [STEP 102] METRIC: oob_perm_p = 0.00705 20000 theta-shuffle permutations
[INFO] [STEP 102] METRIC: transfer_code_to_warsaw = rho=+0.221 (p=0.0289), sign 59/98 (p=0.0544)
[INFO] [STEP 102] METRIC: transfer_warsaw_to_code = rho=+0.132 (p=0.1339), sign 75/131 (p=0.1155)
[INFO] [STEP 102] METRIC: shared_designations = 1 objects present in both catalogues (independent fits)
[INFO] [STEP 102] METRIC: oob_sign_accuracy = 129/229 = 0.563 (p=0.0640)
[INFO] [STEP 102] METRIC: full_fit = a=+2.148 yr, b(cos2theta)=+5.981 yr
[INFO] [STEP 102] Saving data: step_b66_slip_map_validation.json
[INFO] [STEP 102] Saving data: step_b66_slip_map_validation.csv
[INFO] [STEP 102] Saving data: step_b66_slip_map_validation.png
[INFO] [STEP 102] ✓ Slip-map out-of-sample validation complete
[OK] Step 102: Out-of-sample validation of the bipolar slip map (5-fold CV + CODE<->Warsaw transfer) completed in 9.39s

======================================================================
[90/102] Step 103: RTG mid-life degradation control (placebo-epoch ramp scan + vintage-matched V2 reference)
======================================================================
[INFO] [STEP 103] LOGGER INITIALIZED: step_103_rtg_midlife_control (Step 103)
[INFO] [STEP 103] ================================================================================
[INFO] [STEP 103] RTG mid-life degradation control
[INFO] [STEP 103] ================================================================================
[INFO] [STEP 103] METRIC: V1_boundary_ramp = onset 38.00 yr, width 9.0 yr, A = -0.770% (HP at 34.97)
[INFO] [STEP 103] METRIC: V1_ramp_placebo_p = 0.0286 fraction of all (t0,w) ramps at least this deep
[INFO] [STEP 103] METRIC: VG1_rtg1_ramp = boundary-best -0.620% (placebo frac 0.031, record min -0.938%)
[INFO] [STEP 103] METRIC: VG1_rtg2_ramp = boundary-best -0.907% (placebo frac 0.029, record min -1.352%)
[INFO] [STEP 103] METRIC: VG1_rtg3_ramp = boundary-best -0.784% (placebo frac 0.029, record min -1.182%)
[INFO] [STEP 103] METRIC: VG2_rtg1_ramp = boundary-best +0.343% (placebo frac 0.002, record min +0.343%)
[INFO] [STEP 103] METRIC: VG2_rtg2_ramp = boundary-best -1.497% (placebo frac 0.024, record min -1.929%)
[INFO] [STEP 103] METRIC: V1_allneg_hp_window = 1.00 of epochs all-negative within +-3 yr of HP (placebo frac 0.458)
[INFO] [STEP 103] METRIC: V2_same_window_ramp = A = -0.309% at V1's (t0=38.00, w=9.0)
[INFO] [STEP 103] METRIC: V2_own_boundary_ramp = onset 38.00 yr, w 9.0, A = -0.309% (V2 HP at 41.22)
[INFO] [STEP 103] METRIC: loo_VG1_rtg1 = ramp -0.846% (onset 38.0)
[INFO] [STEP 103] METRIC: loo_VG1_rtg2 = ramp -0.702% (onset 38.0)
[INFO] [STEP 103] METRIC: loo_VG1_rtg3 = ramp -0.763% (onset 38.0)
[INFO] [STEP 103] METRIC: V1_spread_during_excursion = median 0.058% (fraction of record tighter: 0.867)
[INFO] [STEP 103] Saving data: step_b67_rtg_midlife_control.json
[INFO] [STEP 103] Saving data: step_b67_rtg_midlife_control.csv
[INFO] [STEP 103] Saving data: step_b67_rtg_midlife_control.png
[INFO] [STEP 103] ✓ RTG mid-life degradation control complete
[OK] Step 103: RTG mid-life degradation control (placebo-epoch ramp scan + vintage-matched V2 reference) completed in 0.49s

======================================================================
[91/102] Step 104: Spatial holdout and axis localization of the slip map (azimuthal halves, band extrapolation, displacement curve)
======================================================================
[INFO] [STEP 104] LOGGER INITIALIZED: step_104_spatial_holdout (Step 104)
[INFO] [STEP 104] ================================================================================
[INFO] [STEP 104] Spatial holdout and axis localization of the slip map
[INFO] [STEP 104] ================================================================================
[INFO] [STEP 104] element tables: code 369, warsaw 119
[INFO] [STEP 104] aphelion vectors reconstructed: 229/229
[INFO] [STEP 104] METRIC: theta_recompute_med_err_deg = 0.0
[INFO] [STEP 104] METRIC: azhold_0_A_B = rho=+0.197 (p=0.0282), sign 70/124 (p=0.178)
[INFO] [STEP 104] METRIC: azhold_0_B_A = rho=+0.140 (p=0.1545), sign 60/105 (p=0.172)
[INFO] [STEP 104] METRIC: azhold_45_A_B = rho=+0.233 (p=0.0139), sign 66/111 (p=0.057)
[INFO] [STEP 104] METRIC: azhold_45_B_A = rho=+0.109 (p=0.2385), sign 69/118 (p=0.080)
[INFO] [STEP 104] METRIC: azhold_90_A_B = rho=+0.170 (p=0.0826), sign 61/105 (p=0.118)
[INFO] [STEP 104] METRIC: azhold_90_B_A = rho=+0.168 (p=0.0616), sign 72/124 (p=0.088)
[INFO] [STEP 104] METRIC: azhold_135_A_B = rho=+0.132 (p=0.1664), sign 63/111 (p=0.184)
[INFO] [STEP 104] METRIC: azhold_135_B_A = rho=+0.212 (p=0.0214), sign 71/118 (p=0.034)
[INFO] [STEP 104] METRIC: fit_le120_predict_mirror = rho=+0.054 (p=0.7711), sign 15/32, pred med +3.39 vs obs +2.05 yr
[INFO] [STEP 104] METRIC: fit_ge60_predict_cap = rho=+0.037 (p=0.7531), sign 43/75, pred med +2.18 vs obs +2.06 yr
[INFO] [STEP 104] METRIC: disp_skill_at0 = +0.142
[INFO] [STEP 104] METRIC: skill_detached_axis = +0.104 (axis 15.0 deg away)
[INFO] [STEP 104] METRIC: disp_zero_crossing_deg = 39.0
[INFO] [STEP 104] METRIC: disp_half_skill_deg = 30.0
[INFO] [STEP 104] METRIC: disp_frac_dirs_neg_60deg = 0.875
[INFO] [STEP 104] METRIC: cv_stability = median +0.134 [+0.114,+0.154], frac>0 1.000 over 200 partitions
[INFO] [STEP 104] Saving data: step_b68_spatial_holdout.json
[INFO] [STEP 104] Saving data: step_b68_spatial_holdout.csv
[INFO] [STEP 104] Saving data: step_b68_spatial_holdout.png
[INFO] [STEP 104] ✓ Spatial holdout and axis localization complete
[OK] Step 104: Spatial holdout and axis localization of the slip map (azimuthal halves, band extrapolation, displacement curve) completed in 1.00s

======================================================================
[92/102] Step 105: Third-catalogue bidirectional replication (one-apparition J/A+A/571/A63) and out-of-sample slip-map transfer
======================================================================
[INFO] [STEP 105] LOGGER INITIALIZED: step_105_lpc_bidirectional (Step 105)
[INFO] [STEP 105] ================================================================================
[INFO] [STEP 105] Third-catalogue bidirectional replication + map transfer
[INFO] [STEP 105] ================================================================================
[INFO] [STEP 105] one-apparition cohort: 38 with all legs, 30 inside the near-parabolic spike
[INFO] [STEP 105] integrated 30 lpc comets x2 legs; 0 failed/unreached
[INFO] [STEP 105] METRIC: leg_agreement_median_deg = back 0.0000, fwd 0.0000
[INFO] [STEP 105] METRIC: lpc_residual_vs_theta = rho=-0.367 (p=0.0461)
[INFO] [STEP 105] METRIC: map_transfer_lpc = rho=+0.115 (p=0.5435), sign 17/30 (p=0.585)
[INFO] [STEP 105] membership split: 23 shared, 7 new
[INFO] [STEP 105] Saving data: step_b69_lpc_bidirectional.json
[INFO] [STEP 105] Saving data: step_b69_lpc_bidirectional.csv
[INFO] [STEP 105] Saving data: step_b69_lpc_bidirectional.png
[INFO] [STEP 105] ✓ Third-catalogue replication + transfer complete
[OK] Step 105: Third-catalogue bidirectional replication (one-apparition J/A+A/571/A63) and out-of-sample slip-map transfer completed in 31.68s

======================================================================
[93/102] Step 106: Harmonic-order out-of-sample discrimination, third-cohort axis recovery, amplitude transfer, and cross-solution concordance
======================================================================
[INFO] [STEP 106] LOGGER INITIALIZED: step_106_harmonic_axis_transfer (Step 106)
[INFO] [STEP 106] ================================================================================
[INFO] [STEP 106] Harmonic-order transfer + third-cohort axis recovery
[INFO] [STEP 106] ================================================================================
[INFO] [STEP 106] loaded 229 training + 30 lpc comets
[INFO] [STEP 106] METRIC: lpc_axis_recovery = best (50,-50) p=0.0006; predeclared p=0.0056 top 4.3%
[INFO] [STEP 106]   OOB skill const: rho=-0.0726
[INFO] [STEP 106]   OOB skill cos1: rho=-0.0254
[INFO] [STEP 106]   OOB skill cos2: rho=+0.1485
[INFO] [STEP 106]   OOB skill cos3: rho=-0.0856
[INFO] [STEP 106]   OOB skill linear: rho=-0.0244
[INFO] [STEP 106] METRIC: harmonic_oob = cos2-cos1 = +0.1730 [+0.0921,+0.2559]
[INFO] [STEP 106] METRIC: amplitude_transfer = b_lpc=+2.29 [-1.08,+6.35] vs b_229=+5.98
[INFO] [STEP 106] METRIC: cross_solution = drot rho=+0.999 (p=0.000), dtau rho=+0.703
[INFO] [STEP 106] Saving data: step_b70_harmonic_axis_transfer.json
[INFO] [STEP 106] Saving data: step_b70_harmonic_axis_transfer.csv
[INFO] [STEP 106] Saving data: step_b70_harmonic_axis_transfer.png
[INFO] [STEP 106] ✓ Harmonic/axis transfer analysis complete
[OK] Step 106: Harmonic-order out-of-sample discrimination, third-cohort axis recovery, amplitude transfer, and cross-solution concordance completed in 7.05s

======================================================================
[94/102] Step 107: Named-direction audit of the recovered axes (galactic/solar-apex/CMB/ecliptic/P9 separations + coincidence null)
======================================================================
[INFO] [STEP 107] LOGGER INITIALIZED: step_107_named_directions (Step 107)
[INFO] [STEP 107] ================================================================================
[INFO] [STEP 107] Named-direction audit of the recovered axes
[INFO] [STEP 107] ================================================================================
[INFO] [STEP 107] named directions: 11
[INFO] [STEP 107] METRIC: nearest_named[cap-declaration] = bipolar P9 perihelion (BB21) at 29.8 deg / direct S galactic pole at 35.6 deg
[INFO] [STEP 107] METRIC: nearest_named[detached-sample] = bipolar P9 perihelion (BB21) at 14.2 deg / direct Galactic anticentre at 42.9 deg
[INFO] [STEP 107] METRIC: nearest_named[lpc free-scan] = bipolar solar apex (DB98) at 25.5 deg / direct solar antapex at 25.5 deg
[INFO] [STEP 107] METRIC: P9_perihelion_vs_antipodes = {'cap-declaration': 29.79, 'detached-sample': 14.19, 'lpc free-scan': 36.2}
/Users/matthewsmawfield/www/Temporal Equivalence Principle/TEP-9/scripts/steps/step_107_named_directions.py:161: RuntimeWarning: divide by zero encountered in matmul
  dots = np.abs(rand @ NAMED_V.T)          # bipolar: |dot|
/Users/matthewsmawfield/www/Temporal Equivalence Principle/TEP-9/scripts/steps/step_107_named_directions.py:161: RuntimeWarning: overflow encountered in matmul
  dots = np.abs(rand @ NAMED_V.T)          # bipolar: |dot|
/Users/matthewsmawfield/www/Temporal Equivalence Principle/TEP-9/scripts/steps/step_107_named_directions.py:161: RuntimeWarning: invalid value encountered in matmul
  dots = np.abs(rand @ NAMED_V.T)          # bipolar: |dot|
[INFO] [STEP 107] METRIC: coincidence[cap-declaration] = p=0.709 (frac random axes as close to a named dir)
[INFO] [STEP 107] METRIC: coincidence[detached-sample] = p=0.216 (frac random axes as close to a named dir)
[INFO] [STEP 107] METRIC: coincidence[lpc free-scan] = p=0.581 (frac random axes as close to a named dir)
[INFO] [STEP 107] METRIC: mutual_axes = {'cap-declaration vs detached-sample': 15.86, 'cap-declaration vs lpc free-scan': 39.25, 'detached-sample vs lpc free-scan': 33.0}
[INFO] [STEP 107] Saving data: step_b71_named_directions.png
[INFO] [STEP 107] Saving data: step_b71_named_directions.json
[INFO] [STEP 107] Saving data: step_b71_named_directions.csv
[INFO] [STEP 107] verdict: No named astrophysical direction lies within the ~30-40 deg localization radius of any recovered axis.  Nearest to the cap-declaration axis is the south galactic pole at 35.6 deg, and the closest approach in the bipolar sense is the published Planet Nine perihelion direction (244.6,+15.8): 150 deg from the primary axis but 29.8 deg from its antipode (14.2 deg from the detached axis antipode) -- inside the bipolar field's mirror lobe, the location the anti-aligned shepherding picture itself predicts for the perturber.  For the detached axis that antipodal consistency is expected rather than coincidental -- the axis and the P9 direction derive from the same TNO clustering under the anti-aligned convention -- while for the comet-side cap axis the closest named approach is consistent with chance (p=0.71 under a uniform-direction null): the axis is a measured structure, not a named direction of the coordinate sky.
[INFO] [STEP 107] named-direction audit complete
[OK] Step 107: Named-direction audit of the recovered axes (galactic/solar-apex/CMB/ecliptic/P9 separations + coincidence null) completed in 0.41s

======================================================================
[95/102] Step 108: Full-population aphelion dipole on the MPC CometEls near-parabolic census (tide-aware null, membership split, free dipole recovery)
======================================================================
[INFO] [STEP 108] LOGGER INITIALIZED: step_108_cometels_dipole (Step 108)
[INFO] [STEP 108] ================================================================================
[INFO] [STEP 108] Full-population aphelion dipole (CometEls census)
[INFO] [STEP 108] ================================================================================
[INFO] [STEP 108] CometEls parsed: 959 comets
[INFO] [STEP 108] broad census n=268 (dedup 930 unique designations); spike proxy n=115
[INFO] [STEP 108] METRIC: dipole[CometEls broad e in [0.90,1.02)] = n=268 d_par(cap)=+0.1045 p=0.0003
[INFO] [STEP 108] METRIC: dipole[CometEls spike a_osc>250AU] = n=115 d_par(cap)=+0.1779 p=0.0001
[INFO] [STEP 108] METRIC: e_bin[0.9,0.95) = n=14 d_par=+0.0746 p=0.2843
[INFO] [STEP 108] METRIC: e_bin[0.95,0.985) = n=18 d_par=-0.1566 p=0.9031
[INFO] [STEP 108] METRIC: e_bin[0.985,1.0) = n=128 d_par=+0.1758 p=0.0000
[INFO] [STEP 108] METRIC: e_bin[1.0,1.02) = n=114 d_par=+0.0885 p=0.0429
[INFO] [STEP 108] METRIC: dipole[broad shared with 229 (n=62)] = n=62 d_par(cap)=+0.2153 p=0.0009
[INFO] [STEP 108] METRIC: dipole[broad not in 229 (n=206)] = n=206 d_par(cap)=+0.0712 p=0.0258
[INFO] [STEP 108] METRIC: free_dipole = (35.3,-34.4) R=0.112 sep_cap=21.4 sep_anti=158.6
[INFO] [STEP 108] Saving data: step_b72_cometels_dipole.png
[INFO] [STEP 108] Saving data: step_b72_cometels_dipole.json
[INFO] [STEP 108] Saving data: step_b72_cometels_dipole.csv
[INFO] [STEP 108] verdict: On the full CometEls near-parabolic census (n=268), the aphelia lean toward the cap-declaration axis at d_par=+0.104 under the identical tide-aware null (p=0.0003); the spike-proxy subset (n=115) leans at +0.178 (p=0.0001).  The 206 comets absent from the 229-comet training set -- the genuinely new information -- lean at +0.071 (p=0.0258).  The census's own free dipole recovers (35,-34), 21 deg from the cap axis and 159 deg from the anti-axis -- the broadest discovered population self-organizes toward the measured sector without being told where it is.
[INFO] [STEP 108] CometEls census dipole complete
[OK] Step 108: Full-population aphelion dipole on the MPC CometEls near-parabolic census (tide-aware null, membership split, free dipole recovery) completed in 10.54s

======================================================================
[96/102] Step 109: Discovery-bias audit of the CometEls census dipole (ecliptic-footprint null, magnitude/era/q stability, heterogeneity test)
======================================================================
[INFO] [STEP 109] LOGGER INITIALIZED: step_109_census_bias_audit (Step 109)
[INFO] [STEP 109] ================================================================================
[INFO] [STEP 109] Discovery-bias audit of the CometEls census dipole
[INFO] [STEP 109] ================================================================================
[INFO] [STEP 109] CometEls parsed: 959 comets
[INFO] [STEP 109] broad census n=268 (H -2.0..20.0 on 268 comets, years 1947..2061)
[INFO] [STEP 109] METRIC: T1 footprint null = d_par=+0.1045 p_gal=0.0023 p_ecl=0.0017
[INFO] [STEP 109] METRIC: H-tercile[-inf,6.5) = n=85 d_par=+0.1239 p=0.0244
[INFO] [STEP 109] METRIC: H-tercile[6.5,9) = n=78 d_par=+0.0806 p=0.1066
[INFO] [STEP 109] METRIC: H-tercile[9,inf) = n=105 d_par=+0.1066 p=0.0294
[INFO] [STEP 109] METRIC: H half H < 8.0 = n=132 d_par=+0.0832 p=0.0508
[INFO] [STEP 109] METRIC: H half H >= 8.0 = n=136 d_par=+0.1252 p=0.0055
[INFO] [STEP 109] METRIC: era-tercile[-inf,2021) = n=79 d_par=+0.1257 p=0.0298
[INFO] [STEP 109] METRIC: era-tercile[2021,2025) = n=99 d_par=+0.0897 p=0.0594
[INFO] [STEP 109] METRIC: era-tercile[2025,inf) = n=90 d_par=+0.1022 p=0.0451
[INFO] [STEP 109] METRIC: q-tercile[-inf,2.90215) = n=90 d_par=+0.0853 p=0.0837
[INFO] [STEP 109] METRIC: q-tercile[2.90215,5.34118) = n=88 d_par=+0.0691 p=0.1315
[INFO] [STEP 109] METRIC: q-tercile[5.34118,inf) = n=90 d_par=+0.1584 p=0.0041
[INFO] [STEP 109] METRIC: T5 heterogeneity p = H=0.891 year=0.917 q=0.545
[INFO] [STEP 109] Saving data: step_b73_census_bias_audit.png
[INFO] [STEP 109] Saving data: step_b73_census_bias_audit.json
[INFO] [STEP 109] Saving data: step_b73_census_bias_audit.csv
[INFO] [STEP 109] verdict: The CometEls census dipole (n=268, d_par=+0.105) survives the discovery-footprint null -- preserving each aphelion's ecliptic latitude while isotropizing ecliptic longitude (p=0.0017) as it did the galactic-tide null (p=0.0023).  Under magnitude terciles, era terciles, and perihelion-distance terciles the lean stays positive in 9/9 bins, and a single common amplitude is consistent with every variable's partition (H p=0.891, era p=0.917, q p=0.545) -- the dipole is a population property, not a brightness, epoch, or perihelion-selection artefact.
[INFO] [STEP 109] Census bias audit complete
[OK] Step 109: Discovery-bias audit of the CometEls census dipole (ecliptic-footprint null, magnitude/era/q stability, heterogeneity test) completed in 5.68s

======================================================================
[97/102] Step 110: Directional vs axisymmetric decomposition of the aphelion asymmetry (cos, |cos|, cos2 moments under the tide-aware null, all comet samples)
======================================================================
[INFO] [STEP 110] LOGGER INITIALIZED: step_110_aphelion_direction_vs_axis (Step 110)
[INFO] [STEP 110] ================================================================================
[INFO] [STEP 110] Direction versus axis: aphelion asymmetry decomposition
[INFO] [STEP 110] ================================================================================
[INFO] [STEP 110] warsaw_spike: n=110
[INFO] [STEP 110] code_matched: n=98
[INFO] [STEP 110] code_only: n=63
[INFO] [STEP 110] lpc_one_apparition: n=30
[INFO] [STEP 110] cometels_broad: n=268
[INFO] [STEP 110] cometels_spike: n=115
[INFO] [STEP 110] METRIC: moments[warsaw_spike] = n=110 cos=+0.1340 (p=0.0056) |cos|=0.4728 (p=0.6526) cos2=-0.3614 (p=0.3721)
[INFO] [STEP 110] METRIC: moments[code_matched] = n=98 cos=+0.1932 (p=0.0003) |cos|=0.4836 (p=0.4466) cos2=-0.3445 (p=0.2364)
[INFO] [STEP 110] METRIC: moments[code_only] = n=63 cos=+0.2152 (p=0.0004) |cos|=0.4726 (p=0.4065) cos2=-0.3682 (p=0.2386)
[INFO] [STEP 110] METRIC: moments[lpc_one_apparition] = n=30 cos=+0.3055 (p=0.0002) |cos|=0.4052 (p=0.6731) cos2=-0.5157 (p=0.5771)
[INFO] [STEP 110] METRIC: moments[cometels_broad] = n=268 cos=+0.1045 (p=0.0008) |cos|=0.4460 (p=0.7401) cos2=-0.4333 (p=0.5256)
[INFO] [STEP 110] METRIC: moments[cometels_spike] = n=115 cos=+0.1779 (p=0.0001) |cos|=0.4332 (p=0.7231) cos2=-0.4493 (p=0.5226)
[INFO] [STEP 110] METRIC: moments[census vs detached axis] = cos=+0.1043 (p=0.0009) |cos|=0.4728 (p=0.3915) cos2=-0.3905 (p=0.4191)
[INFO] [STEP 110] Saving data: step_b74_direction_vs_axis.png
[INFO] [STEP 110] Saving data: step_b74_direction_vs_axis.json
[INFO] [STEP 110] Saving data: step_b74_direction_vs_axis.csv
[INFO] [STEP 110] verdict: Decomposed across all 6 comet samples, the aphelion asymmetry is directional, not axial: mean cos(theta) is significantly positive in 6/6 samples while the unsigned axis concentration (|cos|) and quadrupole (cos2) moments are null in 6/6 and 6/6 respectively.  The spatial channel is therefore one-ended -- comet aphelia lean toward the cap pole specifically, with no excess concentration about the axis line -- while the slip channel measured in step 089 is two-ended.  The same structure operates as a direction for the orbit distribution and as an axis for the clock-sector field.
[INFO] [STEP 110] Direction-vs-axis decomposition complete
[OK] Step 110: Directional vs axisymmetric decomposition of the aphelion asymmetry (cos, |cos|, cos2 moments under the tide-aware null, all comet samples) completed in 4.50s

======================================================================
[98/102] Step 111: Detachment-cut coherence map of the resident axis (varpi significance + recovered direction across the a_min x q_min plane, conditioned null)
======================================================================
[INFO] [STEP 111] LOGGER INITIALIZED: step_111_detachment_coherence (Step 111)
[INFO] [STEP 111] ================================================================================
[INFO] [STEP 111] Detachment-cut coherence of the resident axis
[INFO] [STEP 111] ================================================================================
[INFO] [STEP 111] SBDB outer-ss catalogue: 7299 objects
[INFO] [STEP 111] METRIC: cell[a>100,q>30] = n=89 R=0.196 p=0.0309 dir=(34,-21) sep_det=15.6 sep_cap=7.8
[INFO] [STEP 111] METRIC: cell[a>100,q>33] = n=84 R=0.181 p=0.0630 dir=(35,-18) sep_det=14.0 sep_cap=5.6
[INFO] [STEP 111] METRIC: cell[a>100,q>35] = n=71 R=0.194 p=0.0690 dir=(24,-19) sep_det=24.6 sep_cap=11.5
[INFO] [STEP 111] METRIC: cell[a>100,q>38] = n=37 R=0.207 p=0.1993 dir=(16,-13) sep_det=33.0 sep_cap=17.7
[INFO] [STEP 111] METRIC: cell[a>100,q>40] = n=23 R=0.410 p=0.0177 dir=(11,-5) sep_det=39.6 sep_cap=23.8
[INFO] [STEP 111] METRIC: cell[a>100,q>45] = n=12 R=0.565 p=0.0198 dir=(16,-4) sep_det=35.9 sep_cap=20.1
[INFO] [STEP 111] METRIC: cell[a>125,q>30] = n=59 R=0.283 p=0.0075 dir=(40,-14) sep_det=9.7 sep_cap=6.2
[INFO] [STEP 111] METRIC: cell[a>125,q>33] = n=57 R=0.289 p=0.0096 dir=(40,-12) sep_det=11.2 sep_cap=5.5
[INFO] [STEP 111] METRIC: cell[a>125,q>35] = n=48 R=0.276 p=0.0252 dir=(34,-13) sep_det=15.7 sep_cap=0.3
[INFO] [STEP 111] METRIC: cell[a>125,q>38] = n=33 R=0.295 p=0.0552 dir=(17,-11) sep_det=32.1 sep_cap=16.4
[INFO] [STEP 111] METRIC: cell[a>125,q>40] = n=22 R=0.392 p=0.0348 dir=(15,-7) sep_det=35.6 sep_cap=19.8
[INFO] [STEP 111] METRIC: cell[a>125,q>45] = n=12 R=0.565 p=0.0183 dir=(16,-4) sep_det=35.9 sep_cap=20.1
[INFO] [STEP 111] METRIC: cell[a>150,q>30] = n=44 R=0.332 p=0.0076 dir=(50,-17) sep_det=0.1 sep_cap=15.8
[INFO] [STEP 111] METRIC: cell[a>150,q>33] = n=43 R=0.348 p=0.0045 dir=(46,-16) sep_det=3.7 sep_cap=12.2
[INFO] [STEP 111] METRIC: cell[a>150,q>35] = n=37 R=0.337 p=0.0130 dir=(37,-16) sep_det=12.7 sep_cap=3.7
[INFO] [STEP 111] METRIC: cell[a>150,q>38] = n=26 R=0.320 p=0.0680 dir=(19,-14) sep_det=29.6 sep_cap=14.3
[INFO] [STEP 111] METRIC: cell[a>150,q>40] = n=18 R=0.405 p=0.0480 dir=(22,-9) sep_det=27.9 sep_cap=12.1
[INFO] [STEP 111] METRIC: cell[a>150,q>45] = n=11 R=0.611 p=0.0137 dir=(23,-8) sep_det=27.4 sep_cap=11.6
[INFO] [STEP 111] METRIC: cell[a>175,q>30] = n=38 R=0.344 p=0.0119 dir=(46,-17) sep_det=3.7 sep_cap=12.3
[INFO] [STEP 111] METRIC: cell[a>175,q>33] = n=37 R=0.366 p=0.0069 dir=(42,-16) sep_det=7.7 sep_cap=8.2
[INFO] [STEP 111] METRIC: cell[a>175,q>35] = n=33 R=0.394 p=0.0057 dir=(33,-13) sep_det=16.5 sep_cap=0.7
[INFO] [STEP 111] METRIC: cell[a>175,q>38] = n=23 R=0.411 p=0.0195 dir=(21,-11) sep_det=28.3 sep_cap=12.6
[INFO] [STEP 111] METRIC: cell[a>175,q>40] = n=18 R=0.405 p=0.0494 dir=(22,-9) sep_det=27.9 sep_cap=12.1
[INFO] [STEP 111] METRIC: cell[a>175,q>45] = n=11 R=0.611 p=0.0124 dir=(23,-8) sep_det=27.4 sep_cap=11.6
[INFO] [STEP 111] METRIC: cell[a>200,q>30] = n=33 R=0.274 p=0.0826 dir=(50,-18) sep_det=0.5 sep_cap=16.1
[INFO] [STEP 111] METRIC: cell[a>200,q>33] = n=32 R=0.295 p=0.0586 dir=(44,-16) sep_det=5.8 sep_cap=10.1
[INFO] [STEP 111] METRIC: cell[a>200,q>35] = n=29 R=0.340 p=0.0315 dir=(33,-13) sep_det=16.5 sep_cap=0.7
[INFO] [STEP 111] METRIC: cell[a>200,q>38] = n=21 R=0.393 p=0.0352 dir=(18,-9) sep_det=32.2 sep_cap=16.4
[INFO] [STEP 111] METRIC: cell[a>200,q>40] = n=18 R=0.405 p=0.0496 dir=(22,-9) sep_det=27.9 sep_cap=12.1
[INFO] [STEP 111] METRIC: cell[a>200,q>45] = n=11 R=0.611 p=0.0126 dir=(23,-8) sep_det=27.4 sep_cap=11.6
[INFO] [STEP 111] METRIC: cell[a>225,q>30] = n=29 R=0.363 p=0.0204 dir=(36,-14) sep_det=13.9 sep_cap=2.1
[INFO] [STEP 111] METRIC: cell[a>225,q>33] = n=28 R=0.398 p=0.0110 dir=(31,-13) sep_det=18.5 sep_cap=2.7
[INFO] [STEP 111] METRIC: cell[a>225,q>35] = n=26 R=0.420 p=0.0077 dir=(25,-10) sep_det=25.4 sep_cap=9.5
[INFO] [STEP 111] METRIC: cell[a>225,q>38] = n=20 R=0.396 p=0.0410 dir=(11,-9) sep_det=38.9 sep_cap=23.1
[INFO] [STEP 111] METRIC: cell[a>225,q>40] = n=17 R=0.405 p=0.0589 dir=(15,-9) sep_det=35.3 sep_cap=19.5
[INFO] [STEP 111] METRIC: cell[a>225,q>45] = n=11 R=0.611 p=0.0142 dir=(23,-8) sep_det=27.4 sep_cap=11.6
[INFO] [STEP 111] METRIC: cell[a>250,q>30] = n=26 R=0.367 p=0.0282 dir=(34,-13) sep_det=16.0 sep_cap=0.4
[INFO] [STEP 111] METRIC: cell[a>250,q>33] = n=25 R=0.406 p=0.0135 dir=(29,-11) sep_det=21.1 sep_cap=5.2
[INFO] [STEP 111] METRIC: cell[a>250,q>35] = n=23 R=0.434 p=0.0111 dir=(22,-8) sep_det=28.6 sep_cap=12.8
[INFO] [STEP 111] METRIC: cell[a>250,q>38] = n=18 R=0.434 p=0.0315 dir=(11,-6) sep_det=39.3 sep_cap=23.4
[INFO] [STEP 111] METRIC: cell[a>250,q>40] = n=15 R=0.453 p=0.0441 dir=(15,-6) sep_det=35.8 sep_cap=20.0
[INFO] [STEP 111] METRIC: cell[a>250,q>45] = n=10 R=0.716 p=0.0032 dir=(31,-7) sep_det=21.1 sep_cap=6.9
[INFO] [STEP 111] METRIC: coherence = 42 cells: frac<30deg=0.738, p<0.05 in 34/42, median varpi offset=25.6deg
[INFO] [STEP 111] Saving data: step_b75_detachment_coherence.png
[INFO] [STEP 111] Saving data: step_b75_detachment_coherence.json
[INFO] [STEP 111] Saving data: step_b75_detachment_coherence.csv
[INFO] [STEP 111] verdict: Across 42 adequately sized detachment cuts the recovered direction is coherent, not cut-specific: 74 per cent of cells recover a perihelion direction within 30 deg of the detached-sample axis, and 100 per cent land within 30 deg of one of the two declared directions.  The direction drifts systematically with detachment depth -- from the detached axis (49.9,-17) at shallow cuts toward the cap-declaration direction (34,-13) at the deepest cells, several of which land within 0.4-12 deg of the cap axis -- so the population recovers the sector the two declared directions bracket rather than a single point.  34/42 cells are significant under the conditioned null; the declared a>150, q>30 cell sits inside the coherent plateau.  The axis is a property of the detached population, not an artefact of the selection boundary.
[INFO] [STEP 111] Detachment coherence complete
[OK] Step 111: Detachment-cut coherence map of the resident axis (varpi significance + recovered direction across the a_min x q_min plane, conditioned null) completed in 1.69s

======================================================================
[99/102] Step 112: OSSOS characterized-ensemble audit (class-aware footprint baselines, selectivity profile, inter-fitter floor, plutino positive control)
======================================================================
[INFO] [STEP 112] LOGGER INITIALIZED: step_112_ossos_ensemble (Step 112)
[INFO] [STEP 112] ================================================================================
[INFO] [STEP 112] OSSOS characterized-ensemble audit
[INFO] [STEP 112] ================================================================================
[INFO] [STEP 112] --------------------------------------------------------------------------------
[INFO] [STEP 112] Loading OSSOS t3char ensemble
[INFO] [STEP 112] --------------------------------------------------------------------------------
[INFO] [STEP 112] OSSOS characterized objects: 840
[INFO] [STEP 112] uncertainty rows parsed from t3char.dat: 840
[INFO] [STEP 112] parsed: 840
[INFO] [STEP 112] --------------------------------------------------------------------------------
[INFO] [STEP 112] Per-class coupling diagnostic and selectivity profile
[INFO] [STEP 112] --------------------------------------------------------------------------------
[INFO] [STEP 112] det: n=31 in-cap=13 (0.419) baseline[perihelion-coupled]=0.401 p=0.856 coupling R_d=0.513
[INFO] [STEP 112] sca: n=38 in-cap=17 (0.447) baseline[perihelion-coupled]=0.410 p=0.626 coupling R_d=0.541
[INFO] [STEP 112] res: n=313 in-cap=125 (0.399) baseline[perihelion-coupled]=0.444 p=0.112 coupling R_d=0.442
[INFO] [STEP 112] cla: n=436 in-cap=134 (0.307) baseline[any-phase (uniform)]=0.333 p=0.264 coupling R_d=0.124
[INFO] [STEP 112] cen: n=16 in-cap=9 (0.562) baseline[perihelion-coupled]=0.476 p=0.619 coupling R_d=0.540
[INFO] [STEP 112] jco: n=5 in-cap=2 (0.400) baseline[perihelion-coupled]=0.386 p=1.000 coupling R_d=0.407
[INFO] [STEP 112] --------------------------------------------------------------------------------
[INFO] [STEP 112] Detached-cohort audit
[INFO] [STEP 112] --------------------------------------------------------------------------------
[INFO] [STEP 112] det n=31 in-cap=13 (0.419) vs coupled 0.401 (p=0.856), vs uniform (p=0.342), vs P1 0.59 (p=0.0669)
[INFO] [STEP 112] --------------------------------------------------------------------------------
[INFO] [STEP 112] Resonant positive control (plutino libration)
[INFO] [STEP 112] --------------------------------------------------------------------------------
[INFO] [STEP 112] Neptune varpi: mean 44.97 deg (J2000); osculating 64.35 deg (DE440s, 2015; wanders at e~0.01), a=29.98 AU
[INFO] [STEP 112] plutinos n=132: median |varpi-varpi_N|=97.7 deg, in TEP cap 49/132 (0.371)
wrote /Users/matthewsmawfield/www/Temporal Equivalence Principle/TEP-9/results/step_b76_ossos_ensemble.json
wrote /Users/matthewsmawfield/www/Temporal Equivalence Principle/TEP-9/results/step_b76_ossos_ensemble.csv
wrote /Users/matthewsmawfield/www/Temporal Equivalence Principle/TEP-9/results/figures/step_b76_ossos_ensemble.png
[OK] Step 112: OSSOS characterized-ensemble audit (class-aware footprint baselines, selectivity profile, inter-fitter floor, plutino positive control) completed in 2.09s

======================================================================
[100/102] Step 113: Independent-survey resident ledger (SBDB+DES+OSSOS vs own baselines, Fisher combination, deduplicated union)
======================================================================
[INFO] [STEP 113] LOGGER INITIALIZED: step_113_resident_ledger (Step 113)
[INFO] [STEP 113] ================================================================================
[INFO] [STEP 113] Independent-survey resident ledger
[INFO] [STEP 113] ================================================================================
[INFO] [STEP 113] --------------------------------------------------------------------------------
[INFO] [STEP 113] Per-survey scoring
[INFO] [STEP 113] --------------------------------------------------------------------------------
[INFO] [STEP 113] SBDB: n=44 in-cap=26 (0.591) baseline=0.417 p=0.0218 in-cap mean=43.1
[INFO] [STEP 113] DES: n=16 in-cap=13 (0.812) baseline=0.552 p=0.0436 in-cap mean=27.5
[INFO] [STEP 113] OSSOS: n=31 in-cap=13 (0.419) baseline=0.401 p=0.856 in-cap mean=44.8
[INFO] [STEP 113] union n=76 in-cap=39 (0.513) pooled baseline=0.411 p=0.0803
wrote /Users/matthewsmawfield/www/Temporal Equivalence Principle/TEP-9/results/step_b77_resident_ledger.json
wrote /Users/matthewsmawfield/www/Temporal Equivalence Principle/TEP-9/results/step_b77_resident_ledger.csv
wrote /Users/matthewsmawfield/www/Temporal Equivalence Principle/TEP-9/results/figures/step_b77_resident_ledger.png
[OK] Step 113: Independent-survey resident ledger (SBDB+DES+OSSOS vs own baselines, Fisher combination, deduplicated union) completed in 1.31s

======================================================================
[101/102] Step 114: Manuscript claims-trace audit (every cited step/result/figure/number traced to results/)
======================================================================
[INFO] [STEP 114] LOGGER INITIALIZED: step_114_claims_trace (Step 114)
[INFO] [STEP 114] ================================================================================
[INFO] [STEP 114] Manuscript claims-trace audit
[INFO] [STEP 114] ================================================================================
wrote /Users/matthewsmawfield/www/Temporal Equivalence Principle/TEP-9/results/step_b78_claims_trace.json
wrote /Users/matthewsmawfield/www/Temporal Equivalence Principle/TEP-9/results/step_b78_claims_trace.csv
[INFO] [STEP 114] literals: 1789 checked, 1749 traced (97.8%), stale results: 0, missing refs: 0
[OK] Step 114: Manuscript claims-trace audit (every cited step/result/figure/number traced to results/) completed in 0.48s

======================================================================
[102/102] Step 115: Mixture posterior-predictive audit (each resident cohort scored vs footprint-only and TEP-mixture posteriors on its own discovery longitude)
======================================================================
[INFO] [STEP 115] LOGGER INITIALIZED: step_115_mixture_posterior (Step 115)
[INFO] [STEP 115] ================================================================================
[INFO] [STEP 115] Mixture posterior-predictive audit
[INFO] [STEP 115] ================================================================================
[INFO] [STEP 115] mixture parameters: f=0.431, sigma_int=34.4 deg, coupling sigma_c=50.0 deg, axis=49.0 deg, cap=60.0 deg
[INFO] [STEP 115] --------------------------------------------------------------------------------
[INFO] [STEP 115] Per-cohort scoring
[INFO] [STEP 115] --------------------------------------------------------------------------------
[INFO] [STEP 115] SBDB   n= 44 k=26 (0.591) | E[H0]=18.4 E[H1]=25.5 | P(k|H0)=0.00332 P(k|H1)=0.148 BF=44.6
[INFO] [STEP 115] SBDB-prv n= 46 k= 7 (0.152) | E[H0]=8.3 E[H1]=13.5 | P(k|H0)=0.161 P(k|H1)=0.00449 BF=0.028
[INFO] [STEP 115] 2025+  n= 21 k= 2 (0.095) | E[H0]=2.4 E[H1]=4.5 | P(k|H0)=0.313 P(k|H1)=0.0871 BF=0.278
[INFO] [STEP 115] DES    n= 16 k=13 (0.812) | E[H0]=8.8 E[H1]=12.1 | P(k|H0)=0.02 P(k|H1)=0.214 BF=10.7
[INFO] [STEP 115] OSSOS  n= 31 k=13 (0.419) | E[H0]=12.4 E[H1]=15.5 | P(k|H0)=0.203 P(k|H1)=0.0751 BF=0.37
[INFO] [STEP 115] era 2000-05 n=  8 k= 4 (0.500) | E[H0]=3.0 E[H1]=4.1 | P(k|H0)=0.24 P(k|H1)=0.377 BF=1.57
[INFO] [STEP 115] era 2000-05 [sec] n=  8 k= 4 (0.500) | E[H0]=3.0 E[H1]=4.1 | P(k|H0)=0.24 P(k|H1)=0.377 BF=1.57
[INFO] [STEP 115] era 2006-10 n=  4 k= 3 (0.750) | E[H0]=2.2 E[H1]=2.7 | P(k|H0)=0.394 P(k|H1)=0.635 BF=1.61
[INFO] [STEP 115] era 2006-10 [sec] n=  3 k= 3 (1.000) | E[H0]=2.2 E[H1]=2.6 | P(k|H0)=0.392 P(k|H1)=0.669 BF=1.71
[INFO] [STEP 115] era 2006-10 [prv] n=  1 k= 0 (0.000) | E[H0]=0.0 E[H1]=0.1 | P(k|H0)=0.962 P(k|H1)=0.909 BF=0.945
[INFO] [STEP 115] era 2011-15 n= 35 k=18 (0.514) | E[H0]=12.8 E[H1]=18.2 | P(k|H0)=0.0163 P(k|H1)=0.169 BF=10.4
[INFO] [STEP 115] era 2011-15 [sec] n= 22 k=14 (0.636) | E[H0]=9.7 E[H1]=13.4 | P(k|H0)=0.0197 P(k|H1)=0.202 BF=10.2
[INFO] [STEP 115] era 2011-15 [prv] n= 13 k= 4 (0.308) | E[H0]=3.2 E[H1]=4.8 | P(k|H0)=0.245 P(k|H1)=0.248 BF=1.01
[INFO] [STEP 115] era 2016-19 n= 15 k= 6 (0.400) | E[H0]=5.4 E[H1]=8.0 | P(k|H0)=0.222 P(k|H1)=0.114 BF=0.515
[INFO] [STEP 115] era 2016-19 [sec] n=  8 k= 5 (0.625) | E[H0]=3.0 E[H1]=4.6 | P(k|H0)=0.091 P(k|H1)=0.292 BF=3.21
[INFO] [STEP 115] era 2016-19 [prv] n=  7 k= 1 (0.143) | E[H0]=2.4 E[H1]=3.4 | P(k|H0)=0.158 P(k|H1)=0.0256 BF=0.162
[INFO] [STEP 115] era 2020-22 n=  5 k= 0 (0.000) | E[H0]=0.8 E[H1]=1.3 | P(k|H0)=0.389 P(k|H1)=0.145 BF=0.373
[INFO] [STEP 115] era 2020-22 [sec] n=  1 k= 0 (0.000) | E[H0]=0.5 E[H1]=0.7 | P(k|H0)=0.536 P(k|H1)=0.307 BF=0.573
[INFO] [STEP 115] era 2020-22 [prv] n=  4 k= 0 (0.000) | E[H0]=0.3 E[H1]=0.6 | P(k|H0)=0.726 P(k|H1)=0.473 BF=0.652
[INFO] [STEP 115] era 2023-24 n=  2 k= 0 (0.000) | E[H0]=0.1 E[H1]=0.2 | P(k|H0)=0.915 P(k|H1)=0.8 BF=0.875
[INFO] [STEP 115] era 2023-24 [sec] n=  2 k= 0 (0.000) | E[H0]=0.1 E[H1]=0.2 | P(k|H0)=0.915 P(k|H1)=0.8 BF=0.875
[INFO] [STEP 115] era 2025+ n= 21 k= 2 (0.095) | E[H0]=2.4 E[H1]=4.5 | P(k|H0)=0.313 P(k|H1)=0.0871 BF=0.278
[INFO] [STEP 115] era 2025+ [prv] n= 21 k= 2 (0.095) | E[H0]=2.4 E[H1]=4.5 | P(k|H0)=0.313 P(k|H1)=0.0871 BF=0.278
[INFO] [STEP 115] noise-convolved SBDB-prv: k=7 E[H0n]=8.94 E[H1n]=14.56 BF=0.0194
[INFO] [STEP 115] noise-convolved 2025+: k=2 E[H0n]=2.82 E[H1n]=5.23 BF=0.181
[INFO] [STEP 115] noise-convolved era 2006-10 [prv]: k=0 E[H0n]=0.06 E[H1n]=0.13 BF=0.918
[INFO] [STEP 115] noise-convolved era 2011-15 [prv]: k=4 E[H0n]=3.27 E[H1n]=4.98 BF=0.906
[INFO] [STEP 115] noise-convolved era 2016-19 [prv]: k=1 E[H0n]=2.41 E[H1n]=3.43 BF=0.213
[INFO] [STEP 115] noise-convolved era 2020-22 [prv]: k=0 E[H0n]=0.38 E[H1n]=0.78 BF=0.6
[INFO] [STEP 115] noise-convolved era 2025+ [prv]: k=2 E[H0n]=2.82 E[H1n]=5.23 BF=0.181
[INFO] [STEP 115] provisional residual width sigma_eff=56.2 deg -> extra varpi scatter sigma_e=25.6 deg
[INFO] [STEP 115] union(sec) n= 76 k=39 | E[H0]=31.3 E[H1]=41.7 | BF=9.72
[INFO] [STEP 115] union(all) n= 97 k=41 | E[H0]=33.7 E[H1]=46.2 | BF=2.63
[INFO] [STEP 115] sensitivity SBDB: BF range [1.532, 58.659], fraction favouring mixture 1.0
[INFO] [STEP 115] sensitivity SBDB-prv: BF range [0.0, 0.532], fraction favouring mixture 0.0
[INFO] [STEP 115] sensitivity 2025+: BF range [0.0, 0.969], fraction favouring mixture 0.0
[INFO] [STEP 115] sensitivity DES: BF range [3.891, 28.064], fraction favouring mixture 1.0
[INFO] [STEP 115] sensitivity OSSOS: BF range [0.005, 1.226], fraction favouring mixture 0.028
[INFO] [STEP 115] sensitivity era 2000-05: BF range [0.649, 1.639], fraction favouring mixture 0.944
[INFO] [STEP 115] sensitivity era 2000-05 [sec]: BF range [0.649, 1.639], fraction favouring mixture 0.944
[INFO] [STEP 115] sensitivity era 2006-10: BF range [1.211, 2.184], fraction favouring mixture 1.0
[INFO] [STEP 115] sensitivity era 2006-10 [sec]: BF range [1.222, 3.217], fraction favouring mixture 1.0
[INFO] [STEP 115] sensitivity era 2006-10 [prv]: BF range [0.659, 0.991], fraction favouring mixture 0.0
[INFO] [STEP 115] sensitivity era 2011-15: BF range [0.154, 14.185], fraction favouring mixture 0.944
[INFO] [STEP 115] sensitivity era 2011-15 [sec]: BF range [3.524, 13.585], fraction favouring mixture 1.0
[INFO] [STEP 115] sensitivity era 2011-15 [prv]: BF range [0.043, 1.485], fraction favouring mixture 0.417
[INFO] [STEP 115] sensitivity era 2016-19: BF range [0.01, 1.074], fraction favouring mixture 0.028
[INFO] [STEP 115] sensitivity era 2016-19 [sec]: BF range [1.721, 4.432], fraction favouring mixture 1.0
[INFO] [STEP 115] sensitivity era 2016-19 [prv]: BF range [0.006, 0.472], fraction favouring mixture 0.0
[INFO] [STEP 115] sensitivity era 2020-22: BF range [0.033, 0.696], fraction favouring mixture 0.0
[INFO] [STEP 115] sensitivity era 2020-22 [sec]: BF range [0.275, 0.783], fraction favouring mixture 0.0
[INFO] [STEP 115] sensitivity era 2020-22 [prv]: BF range [0.121, 0.889], fraction favouring mixture 0.0
[INFO] [STEP 115] sensitivity era 2023-24: BF range [0.418, 0.974], fraction favouring mixture 0.0
[INFO] [STEP 115] sensitivity era 2023-24 [sec]: BF range [0.418, 0.974], fraction favouring mixture 0.0
[INFO] [STEP 115] sensitivity era 2025+: BF range [0.0, 0.969], fraction favouring mixture 0.0
[INFO] [STEP 115] sensitivity era 2025+ [prv]: BF range [0.0, 0.969], fraction favouring mixture 0.0
wrote /Users/matthewsmawfield/www/Temporal Equivalence Principle/TEP-9/results/step_b79_mixture_posterior.json
wrote /Users/matthewsmawfield/www/Temporal Equivalence Principle/TEP-9/results/step_b79_mixture_posterior.csv
wrote /Users/matthewsmawfield/www/Temporal Equivalence Principle/TEP-9/results/figures/step_b79_mixture_posterior.png
[OK] Step 115: Mixture posterior-predictive audit (each resident cohort scored vs footprint-only and TEP-mixture posteriors on its own discovery longitude) completed in 3.19s

======================================================================
PIPELINE EXECUTION SUMMARY
======================================================================
----------------------------------------------------------------------
Execution Timeline
----------------------------------------------------------------------
Pipeline started: 2026-09-18 18:33:15 UTC
Pipeline ended:   2026-09-18 20:27:26 UTC
Total duration:   114.19 minutes
----------------------------------------------------------------------
Step-by-Step Results
----------------------------------------------------------------------
Step       Description                                                Status     Duration    
------------------------------------------------------------------------------------------
Step 001   Step 001: JPL SBDB download                                OK SUCCESS  12.15s
Step 002   Step 002: CDS download (OSSOS + Warsaw)                    OK SUCCESS  10.61s
Step 003   Step 003: CODE catalogue acquisition                       OK SUCCESS  1.12s
Step 004   Step 004: MPC / JPL element files                          OK SUCCESS  76.37s
Step 005   Step 010: Detached-TNO orientation clustering              OK SUCCESS  1.19s
Step 006   Step 011: Field-wall vs point-mass discriminators          OK SUCCESS  4.92s
Step 007   Step 012: Radial turn-on profile                           OK SUCCESS  2.69s
Step 008   Step 013: Empirical discovery-filter null                  OK SUCCESS  2.45s
Step 009   Step 014: Per-object discovery footprint                   OK SUCCESS  1.23s
Step 010   Step 015: Footprint proxy validation                       OK SUCCESS  0.72s
Step 011   Step 016: Distance-aware conditional null                  OK SUCCESS  2.48s
Step 012   Step 017: Axis-footprint decorrelation radius              OK SUCCESS  1.87s
Step 013   Step 018: Coherent mean-plane warp                         OK SUCCESS  1.46s
Step 014   Step 019: Orbit-pole eigenstructure                        OK SUCCESS  1.54s
Step 015   Step 020: Axis-element coupling                            OK SUCCESS  3.66s
Step 016   Step 021: Galactic-tide and omega decomposition            OK SUCCESS  0.84s
Step 017   Step 022: Radial edge structure                            OK SUCCESS  0.94s
Step 018   Step 023: Jackknife/era/quality robustness                 OK SUCCESS  0.67s
Step 019   Step 024: Resident-vs-transit selectivity                  OK SUCCESS  1.64s
Step 020   Step 025: Intrinsic patch scale                            OK SUCCESS  83.64s
Step 021   Step 026: Anti-axis deficit                                OK SUCCESS  0.99s
Step 022   Step 027: JFC bipolar population                           OK SUCCESS  1.17s
Step 023   Step 028: OSSOS pointing coupling                          OK SUCCESS  1.06s
Step 024   Step 030: Warsaw comet directional test                    OK SUCCESS  20.98s
Step 025   Step 031: Orbit-reconstruction clock channel               OK SUCCESS  62.10s
Step 026   Step 032: Nested-field multi-axis test                     OK SUCCESS  0.46s
Step 027   Step 033: Three-leg orbit decomposition                    OK SUCCESS  0.61s
Step 028   Step 034: CODE independent confirmation                    OK SUCCESS  0.54s
Step 029   Step 035: Confirmation consolidation                       OK SUCCESS  0.62s
Step 030   Step 036: Independent axis recovery                        OK SUCCESS  1.00s
Step 031   Step 037: Blind validation battery                         OK SUCCESS  25.50s
Step 032   Step 038: Model comparison and controls                    OK SUCCESS  0.48s
Step 033   Step 039: Signed channels and matched control              OK SUCCESS  0.79s
Step 034   Step 040: Planetary baseline residual                      OK SUCCESS  0.39s
Step 035   Step 041: Conventional alternatives dismantled             OK SUCCESS  0.38s
Step 036   Step 042: N-body planetary baseline (REBOUND/DE440s)       OK SUCCESS  72.20s
Step 037   Step 050: One-map axis coincidence                         OK SUCCESS  1.02s
Step 038   Step 051: Multiple-testing evidence summary                OK SUCCESS  0.64s
Step 039   Step 052: Injected-population depth chain                  OK SUCCESS  0.78s
Step 040   Step 053: MPC catalogue concordance                        OK SUCCESS  2.55s
Step 041   Step 054: Dated falsifiable predictions                    OK SUCCESS  1.17s
Step 042   Step 055: Cluster threshold morphology                     OK SUCCESS  0.65s
Step 043   Step 056: Morphology vs footprint null                     OK SUCCESS  11.23s
Step 044   Step 057: In-cap property audit and synthesis map          OK SUCCESS  0.92s
Step 045   Step 058: Comet observational-leverage audit               OK SUCCESS  0.94s
Step 046   Step 059: Axis-consistency test                            OK SUCCESS  0.67s
Step 047   Step 060: Uncertainty channel and MW08 third lineage       OK SUCCESS  0.81s
Step 048   Step 061: Aphelion-sky dipole and tide calibration         OK SUCCESS  8.06s
Step 049   Step 062: Planet Nine insertion test (REBOUND/DE440s)      OK SUCCESS  690.48s
Step 050   Step 063: Bidirectional rotation residual (REBOUND/DE440   OK SUCCESS  135.26s
Step 051   Step 064: Warsaw bidirectional validation (REBOUND/DE440   OK SUCCESS  99.71s
Step 052   Step 065: Implied proper-time slip                         OK SUCCESS  0.89s
Step 053   Step 066: Detached-cluster secular stability +/- P9 (REB   OK SUCCESS  881.44s
Step 054   Step 067: Prospective detection power                      OK SUCCESS  3.75s
Step 055   Step 068: Wall-vs-field slip scaling discriminator         OK SUCCESS  6.04s
Step 056   Step 069: Joint axis-permutation global test               OK SUCCESS  3.01s
Step 057   Step 070: Galactic-tide insertion control (REBOUND/DE440   OK SUCCESS  6.67s
Step 058   Step 071: Radial slip profile, multi-shell legs (REBOUND   OK SUCCESS  278.84s
Step 059   Step 072: Epoch stability of the implied slip              OK SUCCESS  0.79s
Step 060   Step 073: Boundary edge width, logistic fit                OK SUCCESS  444.43s
Step 061   Step 074: Leave-one-channel-out joint axis test            OK SUCCESS  2.36s
Step 062   Step 075: Signed slip direction, lag vs advance            OK SUCCESS  0.99s
Step 063   Step 076: Inner-region slip profile 8-100 AU (REBOUND/DE   OK SUCCESS  38.41s
Step 064   Step 077: Era stability of the aphelion dipole             OK SUCCESS  0.75s
Step 065   Step 078: Discovery-era stability of the TNO cluster       OK SUCCESS  0.58s
Step 066   Step 079: Cross-fitter element audit, MPC vs CODE/Warsaw   OK SUCCESS  0.70s
Step 067   Step 080: Signed residual coherence, planets subtracted    OK SUCCESS  541.35s
Step 068   Step 081: Geocentric observation-direction null            OK SUCCESS  0.94s
Step 069   Step 082: Same-patch geocentric control                    OK SUCCESS  0.80s
Step 070   Step 083: Perturber mass ladder, required-mass bound (RE   OK SUCCESS  388.94s
Step 071   Step 084: Newest detached-cohort audit and Ammonite jack   OK SUCCESS  1.65s
Step 072   Step 085: DES independent resident-cohort audit (Bernard   OK SUCCESS  2.29s
Step 073   Step 086: Slip-physics discriminator, angular vs boundar   OK SUCCESS  6.72s
Step 074   Step 087: Perturber distance ladder, required-mass map (   OK SUCCESS  478.31s
Step 075   Step 088: Resident-side galactic-tide insertion, mainten   OK SUCCESS  897.14s
Step 076   Step 089: Bipolar morphology audit, mirror-cap second-lo   OK SUCCESS  1.22s
Step 077   Step 090: Bias-free mean-plane warp (SCT25 estimator, MP   OK SUCCESS  65.41s
Step 078   Step 091: Inner-perturber (Planet-Y) ladder vs ephemeris   OK SUCCESS  1002.00s
Step 079   Step 092: MPCORB-lineage replication of detached-TNO clu   OK SUCCESS  10.33s
Step 080   Step 093: Perturber-zoo closure, candidates vs required-   OK SUCCESS  221.34s
Step 081   Step 094: Six-channel joint axis-permutation test (mean-   OK SUCCESS  4.04s
Step 082   Step 095: Spacecraft clock/plasma/power data acquisition   OK SUCCESS  105.00s
Step 083   Step 096: Voyager SCLK clock-correction audit (resync/ra   OK SUCCESS  1.25s
Step 084   Step 097: Voyager PWS plasma-frequency channel (density    OK SUCCESS  0.41s
Step 085   Step 098: RTG nuclear-decay channel (Pu-238 clock, Gamow   OK SUCCESS  0.85s
Step 086   Step 099: Heliospheric geometry (probe/ISO asymptotes vs   OK SUCCESS  11.86s
Step 087   Step 100: Cross-channel clock-consistency synthesis (orb   OK SUCCESS  0.41s
Step 088   Step 101: Interstellar-object non-gravitational channel    OK SUCCESS  3.57s
Step 089   Step 102: Out-of-sample validation of the bipolar slip m   OK SUCCESS  9.39s
Step 090   Step 103: RTG mid-life degradation control (placebo-epoc   OK SUCCESS  0.49s
Step 091   Step 104: Spatial holdout and axis localization of the s   OK SUCCESS  1.00s
Step 092   Step 105: Third-catalogue bidirectional replication (one   OK SUCCESS  31.68s
Step 093   Step 106: Harmonic-order out-of-sample discrimination, t   OK SUCCESS  7.05s
Step 094   Step 107: Named-direction audit of the recovered axes (g   OK SUCCESS  0.41s
Step 095   Step 108: Full-population aphelion dipole on the MPC Com   OK SUCCESS  10.54s
Step 096   Step 109: Discovery-bias audit of the CometEls census di   OK SUCCESS  5.68s
Step 097   Step 110: Directional vs axisymmetric decomposition of t   OK SUCCESS  4.50s
Step 098   Step 111: Detachment-cut coherence map of the resident a   OK SUCCESS  1.69s
Step 099   Step 112: OSSOS characterized-ensemble audit (class-awar   OK SUCCESS  2.09s
Step 100   Step 113: Independent-survey resident ledger (SBDB+DES+O   OK SUCCESS  1.31s
Step 101   Step 114: Manuscript claims-trace audit (every cited ste   OK SUCCESS  0.48s
Step 102   Step 115: Mixture posterior-predictive audit (each resid   OK SUCCESS  3.19s
----------------------------------------------------------------------
Statistics
----------------------------------------------------------------------
Total steps:     102
Successful:      102
Failed:          0
Success rate:    100.0%
----------------------------------------------------------------------
Research Accountability & Reproducibility
----------------------------------------------------------------------
Research audit generated: RESEARCH_AUDIT_20260918_212726.json
----------------------------------------------------------------------
Output Locations
----------------------------------------------------------------------
Log file:         /Users/matthewsmawfield/www/Temporal Equivalence Principle/TEP-9/logs/pipeline.log
Results:          /Users/matthewsmawfield/www/Temporal Equivalence Principle/TEP-9/results
Figures:          /Users/matthewsmawfield/www/Temporal Equivalence Principle/TEP-9/results/figures

[OK] PIPELINE COMPLETED SUCCESSFULLY
