[2026-09-21 14:28:39 UTC] [INFO    ] ================================================================================
[2026-09-21 14:28:39 UTC] [INFO    ] TEP-9 PIPELINE - FULL EXECUTION
[2026-09-21 14:28:39 UTC] [INFO    ] ================================================================================
[2026-09-21 14:28:39 UTC] [INFO    ] Project root: /Users/matthewsmawfield/www/Temporal Equivalence Principle/TEP-9
[2026-09-21 14:28:39 UTC] [INFO    ] Steps dir:     /Users/matthewsmawfield/www/Temporal Equivalence Principle/TEP-9/scripts/steps
[2026-09-21 14:28:39 UTC] [INFO    ] Log file:      /Users/matthewsmawfield/www/Temporal Equivalence Principle/TEP-9/logs/pipeline.log
[2026-09-21 14:28:39 UTC] [INFO    ] --------------------------------------------------------------------------------
[2026-09-21 14:28:39 UTC] [INFO    ] EXECUTING PIPELINE STEPS
[2026-09-21 14:28:39 UTC] [INFO    ] --------------------------------------------------------------------------------
[2026-09-21 14:28:39 UTC] [INFO    ] 
[2026-09-21 14:28:39 UTC] [INFO    ] ======================================================================
[2026-09-21 14:28:39 UTC] [INFO    ] [1/151] Step 001: JPL SBDB download
[2026-09-21 14:28:39 UTC] [INFO    ] ======================================================================
[2026-09-21 14:28:51 UTC] [SUCCESS ] [OK] Step 001: JPL SBDB download completed in 12.48s
[2026-09-21 14:28:51 UTC] [INFO    ] 
[2026-09-21 14:28:51 UTC] [INFO    ] ======================================================================
[2026-09-21 14:28:51 UTC] [INFO    ] [2/151] Step 002: CDS download (OSSOS + Warsaw)
[2026-09-21 14:28:51 UTC] [INFO    ] ======================================================================
[2026-09-21 14:28:57 UTC] [SUCCESS ] [OK] Step 002: CDS download (OSSOS + Warsaw) completed in 6.24s
[2026-09-21 14:28:57 UTC] [INFO    ] 
[2026-09-21 14:28:57 UTC] [INFO    ] ======================================================================
[2026-09-21 14:28:57 UTC] [INFO    ] [3/151] Step 003: CODE catalogue acquisition
[2026-09-21 14:28:57 UTC] [INFO    ] ======================================================================
[2026-09-21 14:28:59 UTC] [SUCCESS ] [OK] Step 003: CODE catalogue acquisition completed in 1.59s
[2026-09-21 14:28:59 UTC] [INFO    ] 
[2026-09-21 14:28:59 UTC] [INFO    ] ======================================================================
[2026-09-21 14:28:59 UTC] [INFO    ] [4/151] Step 004: MPC / JPL element files
[2026-09-21 14:28:59 UTC] [INFO    ] ======================================================================
[2026-09-21 14:30:46 UTC] [SUCCESS ] [OK] Step 004: MPC / JPL element files completed in 1.78m
[2026-09-21 14:30:46 UTC] [INFO    ] 
[2026-09-21 14:30:46 UTC] [INFO    ] ======================================================================
[2026-09-21 14:30:46 UTC] [INFO    ] [5/151] Step 010: Detached-TNO orientation clustering
[2026-09-21 14:30:46 UTC] [INFO    ] ======================================================================
[2026-09-21 14:30:48 UTC] [SUCCESS ] [OK] Step 010: Detached-TNO orientation clustering completed in 1.92s
[2026-09-21 14:30:48 UTC] [INFO    ] 
[2026-09-21 14:30:48 UTC] [INFO    ] ======================================================================
[2026-09-21 14:30:48 UTC] [INFO    ] [6/151] Step 011: Field-wall vs point-mass discriminators
[2026-09-21 14:30:48 UTC] [INFO    ] ======================================================================
[2026-09-21 14:30:54 UTC] [SUCCESS ] [OK] Step 011: Field-wall vs point-mass discriminators completed in 6.50s
[2026-09-21 14:30:54 UTC] [INFO    ] 
[2026-09-21 14:30:54 UTC] [INFO    ] ======================================================================
[2026-09-21 14:30:54 UTC] [INFO    ] [7/151] Step 012: Radial turn-on profile
[2026-09-21 14:30:54 UTC] [INFO    ] ======================================================================
[2026-09-21 14:30:58 UTC] [SUCCESS ] [OK] Step 012: Radial turn-on profile completed in 3.96s
[2026-09-21 14:30:58 UTC] [INFO    ] 
[2026-09-21 14:30:58 UTC] [INFO    ] ======================================================================
[2026-09-21 14:30:58 UTC] [INFO    ] [8/151] Step 013: Empirical discovery-filter null
[2026-09-21 14:30:58 UTC] [INFO    ] ======================================================================
[2026-09-21 14:31:02 UTC] [SUCCESS ] [OK] Step 013: Empirical discovery-filter null completed in 4.04s
[2026-09-21 14:31:02 UTC] [INFO    ] 
[2026-09-21 14:31:02 UTC] [INFO    ] ======================================================================
[2026-09-21 14:31:02 UTC] [INFO    ] [9/151] Step 014: Per-object discovery footprint
[2026-09-21 14:31:02 UTC] [INFO    ] ======================================================================
[2026-09-21 14:31:04 UTC] [SUCCESS ] [OK] Step 014: Per-object discovery footprint completed in 2.03s
[2026-09-21 14:31:04 UTC] [INFO    ] 
[2026-09-21 14:31:04 UTC] [INFO    ] ======================================================================
[2026-09-21 14:31:04 UTC] [INFO    ] [10/151] Step 015: Footprint proxy validation
[2026-09-21 14:31:04 UTC] [INFO    ] ======================================================================
[2026-09-21 14:31:06 UTC] [SUCCESS ] [OK] Step 015: Footprint proxy validation completed in 1.27s
[2026-09-21 14:31:06 UTC] [INFO    ] 
[2026-09-21 14:31:06 UTC] [INFO    ] ======================================================================
[2026-09-21 14:31:06 UTC] [INFO    ] [11/151] Step 016: Distance-aware conditional null
[2026-09-21 14:31:06 UTC] [INFO    ] ======================================================================
[2026-09-21 14:31:09 UTC] [SUCCESS ] [OK] Step 016: Distance-aware conditional null completed in 3.11s
[2026-09-21 14:31:09 UTC] [INFO    ] 
[2026-09-21 14:31:09 UTC] [INFO    ] ======================================================================
[2026-09-21 14:31:09 UTC] [INFO    ] [12/151] Step 017: Axis-footprint decorrelation radius
[2026-09-21 14:31:09 UTC] [INFO    ] ======================================================================
[2026-09-21 14:31:12 UTC] [SUCCESS ] [OK] Step 017: Axis-footprint decorrelation radius completed in 3.00s
[2026-09-21 14:31:12 UTC] [INFO    ] 
[2026-09-21 14:31:12 UTC] [INFO    ] ======================================================================
[2026-09-21 14:31:12 UTC] [INFO    ] [13/151] Step 018: Coherent mean-plane warp
[2026-09-21 14:31:12 UTC] [INFO    ] ======================================================================
[2026-09-21 14:31:14 UTC] [SUCCESS ] [OK] Step 018: Coherent mean-plane warp completed in 2.32s
[2026-09-21 14:31:14 UTC] [INFO    ] 
[2026-09-21 14:31:14 UTC] [INFO    ] ======================================================================
[2026-09-21 14:31:14 UTC] [INFO    ] [14/151] Step 019: Orbit-pole eigenstructure
[2026-09-21 14:31:14 UTC] [INFO    ] ======================================================================
[2026-09-21 14:31:16 UTC] [SUCCESS ] [OK] Step 019: Orbit-pole eigenstructure completed in 1.88s
[2026-09-21 14:31:16 UTC] [INFO    ] 
[2026-09-21 14:31:16 UTC] [INFO    ] ======================================================================
[2026-09-21 14:31:16 UTC] [INFO    ] [15/151] Step 020: Axis-element coupling
[2026-09-21 14:31:16 UTC] [INFO    ] ======================================================================
[2026-09-21 14:31:20 UTC] [SUCCESS ] [OK] Step 020: Axis-element coupling completed in 4.12s
[2026-09-21 14:31:20 UTC] [INFO    ] 
[2026-09-21 14:31:20 UTC] [INFO    ] ======================================================================
[2026-09-21 14:31:20 UTC] [INFO    ] [16/151] Step 021: Galactic-tide and omega decomposition
[2026-09-21 14:31:20 UTC] [INFO    ] ======================================================================
[2026-09-21 14:31:21 UTC] [SUCCESS ] [OK] Step 021: Galactic-tide and omega decomposition completed in 0.90s
[2026-09-21 14:31:21 UTC] [INFO    ] 
[2026-09-21 14:31:21 UTC] [INFO    ] ======================================================================
[2026-09-21 14:31:21 UTC] [INFO    ] [17/151] Step 022: Radial edge structure
[2026-09-21 14:31:21 UTC] [INFO    ] ======================================================================
[2026-09-21 14:31:22 UTC] [SUCCESS ] [OK] Step 022: Radial edge structure completed in 1.17s
[2026-09-21 14:31:22 UTC] [INFO    ] 
[2026-09-21 14:31:22 UTC] [INFO    ] ======================================================================
[2026-09-21 14:31:22 UTC] [INFO    ] [18/151] Step 023: Jackknife/era/quality robustness
[2026-09-21 14:31:22 UTC] [INFO    ] ======================================================================
[2026-09-21 14:31:23 UTC] [SUCCESS ] [OK] Step 023: Jackknife/era/quality robustness completed in 0.92s
[2026-09-21 14:31:23 UTC] [INFO    ] 
[2026-09-21 14:31:23 UTC] [INFO    ] ======================================================================
[2026-09-21 14:31:23 UTC] [INFO    ] [19/151] Step 024: Resident-vs-transit selectivity
[2026-09-21 14:31:23 UTC] [INFO    ] ======================================================================
[2026-09-21 14:31:25 UTC] [SUCCESS ] [OK] Step 024: Resident-vs-transit selectivity completed in 1.78s
[2026-09-21 14:31:25 UTC] [INFO    ] 
[2026-09-21 14:31:25 UTC] [INFO    ] ======================================================================
[2026-09-21 14:31:25 UTC] [INFO    ] [20/151] Step 025: Intrinsic patch scale
[2026-09-21 14:31:25 UTC] [INFO    ] ======================================================================
[2026-09-21 14:33:18 UTC] [SUCCESS ] [OK] Step 025: Intrinsic patch scale completed in 1.88m
[2026-09-21 14:33:18 UTC] [INFO    ] 
[2026-09-21 14:33:18 UTC] [INFO    ] ======================================================================
[2026-09-21 14:33:18 UTC] [INFO    ] [21/151] Step 026: Anti-axis deficit
[2026-09-21 14:33:18 UTC] [INFO    ] ======================================================================
[2026-09-21 14:33:19 UTC] [SUCCESS ] [OK] Step 026: Anti-axis deficit completed in 1.59s
[2026-09-21 14:33:19 UTC] [INFO    ] 
[2026-09-21 14:33:19 UTC] [INFO    ] ======================================================================
[2026-09-21 14:33:19 UTC] [INFO    ] [22/151] Step 027: JFC bipolar population
[2026-09-21 14:33:19 UTC] [INFO    ] ======================================================================
[2026-09-21 14:33:21 UTC] [SUCCESS ] [OK] Step 027: JFC bipolar population completed in 1.84s
[2026-09-21 14:33:21 UTC] [INFO    ] 
[2026-09-21 14:33:21 UTC] [INFO    ] ======================================================================
[2026-09-21 14:33:21 UTC] [INFO    ] [23/151] Step 028: OSSOS pointing coupling
[2026-09-21 14:33:21 UTC] [INFO    ] ======================================================================
[2026-09-21 14:33:23 UTC] [SUCCESS ] [OK] Step 028: OSSOS pointing coupling completed in 1.73s
[2026-09-21 14:33:23 UTC] [INFO    ] 
[2026-09-21 14:33:23 UTC] [INFO    ] ======================================================================
[2026-09-21 14:33:23 UTC] [INFO    ] [24/151] Step 030: Warsaw comet directional test
[2026-09-21 14:33:23 UTC] [INFO    ] ======================================================================
[2026-09-21 14:33:55 UTC] [SUCCESS ] [OK] Step 030: Warsaw comet directional test completed in 32.51s
[2026-09-21 14:33:55 UTC] [INFO    ] 
[2026-09-21 14:33:55 UTC] [INFO    ] ======================================================================
[2026-09-21 14:33:55 UTC] [INFO    ] [25/151] Step 031: Orbit-reconstruction clock channel
[2026-09-21 14:33:55 UTC] [INFO    ] ======================================================================
[2026-09-21 14:35:28 UTC] [SUCCESS ] [OK] Step 031: Orbit-reconstruction clock channel completed in 1.54m
[2026-09-21 14:35:28 UTC] [INFO    ] 
[2026-09-21 14:35:28 UTC] [INFO    ] ======================================================================
[2026-09-21 14:35:28 UTC] [INFO    ] [26/151] Step 032: Nested-field multi-axis test
[2026-09-21 14:35:28 UTC] [INFO    ] ======================================================================
[2026-09-21 14:35:29 UTC] [SUCCESS ] [OK] Step 032: Nested-field multi-axis test completed in 1.03s
[2026-09-21 14:35:29 UTC] [INFO    ] 
[2026-09-21 14:35:29 UTC] [INFO    ] ======================================================================
[2026-09-21 14:35:29 UTC] [INFO    ] [27/151] Step 033: Three-leg orbit decomposition
[2026-09-21 14:35:29 UTC] [INFO    ] ======================================================================
[2026-09-21 14:35:30 UTC] [SUCCESS ] [OK] Step 033: Three-leg orbit decomposition completed in 1.11s
[2026-09-21 14:35:30 UTC] [INFO    ] 
[2026-09-21 14:35:30 UTC] [INFO    ] ======================================================================
[2026-09-21 14:35:30 UTC] [INFO    ] [28/151] Step 034: CODE independent confirmation
[2026-09-21 14:35:30 UTC] [INFO    ] ======================================================================
[2026-09-21 14:35:31 UTC] [SUCCESS ] [OK] Step 034: CODE independent confirmation completed in 0.82s
[2026-09-21 14:35:31 UTC] [INFO    ] 
[2026-09-21 14:35:31 UTC] [INFO    ] ======================================================================
[2026-09-21 14:35:31 UTC] [INFO    ] [29/151] Step 035: Confirmation consolidation
[2026-09-21 14:35:31 UTC] [INFO    ] ======================================================================
[2026-09-21 14:35:32 UTC] [SUCCESS ] [OK] Step 035: Confirmation consolidation completed in 0.73s
[2026-09-21 14:35:32 UTC] [INFO    ] 
[2026-09-21 14:35:32 UTC] [INFO    ] ======================================================================
[2026-09-21 14:35:32 UTC] [INFO    ] [30/151] Step 036: Independent axis recovery
[2026-09-21 14:35:32 UTC] [INFO    ] ======================================================================
[2026-09-21 14:35:33 UTC] [SUCCESS ] [OK] Step 036: Independent axis recovery completed in 1.03s
[2026-09-21 14:35:33 UTC] [INFO    ] 
[2026-09-21 14:35:33 UTC] [INFO    ] ======================================================================
[2026-09-21 14:35:33 UTC] [INFO    ] [31/151] Step 037: Blind validation battery
[2026-09-21 14:35:33 UTC] [INFO    ] ======================================================================
[2026-09-21 14:36:09 UTC] [SUCCESS ] [OK] Step 037: Blind validation battery completed in 36.04s
[2026-09-21 14:36:09 UTC] [INFO    ] 
[2026-09-21 14:36:09 UTC] [INFO    ] ======================================================================
[2026-09-21 14:36:09 UTC] [INFO    ] [32/151] Step 038: Model comparison and controls
[2026-09-21 14:36:09 UTC] [INFO    ] ======================================================================
[2026-09-21 14:36:10 UTC] [SUCCESS ] [OK] Step 038: Model comparison and controls completed in 1.05s
[2026-09-21 14:36:10 UTC] [INFO    ] 
[2026-09-21 14:36:10 UTC] [INFO    ] ======================================================================
[2026-09-21 14:36:10 UTC] [INFO    ] [33/151] Step 039: Signed channels and matched control
[2026-09-21 14:36:10 UTC] [INFO    ] ======================================================================
[2026-09-21 14:36:11 UTC] [SUCCESS ] [OK] Step 039: Signed channels and matched control completed in 1.48s
[2026-09-21 14:36:11 UTC] [INFO    ] 
[2026-09-21 14:36:11 UTC] [INFO    ] ======================================================================
[2026-09-21 14:36:11 UTC] [INFO    ] [34/151] Step 040: Planetary baseline residual
[2026-09-21 14:36:11 UTC] [INFO    ] ======================================================================
[2026-09-21 14:36:12 UTC] [SUCCESS ] [OK] Step 040: Planetary baseline residual completed in 0.88s
[2026-09-21 14:36:12 UTC] [INFO    ] 
[2026-09-21 14:36:12 UTC] [INFO    ] ======================================================================
[2026-09-21 14:36:12 UTC] [INFO    ] [35/151] Step 041: Conventional alternatives dismantled
[2026-09-21 14:36:12 UTC] [INFO    ] ======================================================================
[2026-09-21 14:36:13 UTC] [SUCCESS ] [OK] Step 041: Conventional alternatives dismantled completed in 0.71s
[2026-09-21 14:36:13 UTC] [INFO    ] 
[2026-09-21 14:36:13 UTC] [INFO    ] ======================================================================
[2026-09-21 14:36:13 UTC] [INFO    ] [36/151] Step 042: N-body planetary baseline (REBOUND/DE440s)
[2026-09-21 14:36:13 UTC] [INFO    ] ======================================================================
[2026-09-21 14:36:34 UTC] [SUCCESS ] [OK] Step 042: N-body planetary baseline (REBOUND/DE440s) completed in 21.05s
[2026-09-21 14:36:34 UTC] [INFO    ] 
[2026-09-21 14:36:34 UTC] [INFO    ] ======================================================================
[2026-09-21 14:36:34 UTC] [INFO    ] [37/151] Step 050: One-map axis coincidence
[2026-09-21 14:36:34 UTC] [INFO    ] ======================================================================
[2026-09-21 14:36:36 UTC] [SUCCESS ] [OK] Step 050: One-map axis coincidence completed in 1.69s
[2026-09-21 14:36:36 UTC] [INFO    ] 
[2026-09-21 14:36:36 UTC] [INFO    ] ======================================================================
[2026-09-21 14:36:36 UTC] [INFO    ] [38/151] Step 051: Multiple-testing evidence summary
[2026-09-21 14:36:36 UTC] [INFO    ] ======================================================================
[2026-09-21 14:36:37 UTC] [SUCCESS ] [OK] Step 051: Multiple-testing evidence summary completed in 1.06s
[2026-09-21 14:36:37 UTC] [INFO    ] 
[2026-09-21 14:36:37 UTC] [INFO    ] ======================================================================
[2026-09-21 14:36:37 UTC] [INFO    ] [39/151] Step 052: Injected-population depth chain
[2026-09-21 14:36:37 UTC] [INFO    ] ======================================================================
[2026-09-21 14:36:38 UTC] [SUCCESS ] [OK] Step 052: Injected-population depth chain completed in 1.47s
[2026-09-21 14:36:38 UTC] [INFO    ] 
[2026-09-21 14:36:38 UTC] [INFO    ] ======================================================================
[2026-09-21 14:36:38 UTC] [INFO    ] [40/151] Step 053: MPC catalogue concordance
[2026-09-21 14:36:38 UTC] [INFO    ] ======================================================================
[2026-09-21 14:36:41 UTC] [SUCCESS ] [OK] Step 053: MPC catalogue concordance completed in 3.07s
[2026-09-21 14:36:41 UTC] [INFO    ] 
[2026-09-21 14:36:41 UTC] [INFO    ] ======================================================================
[2026-09-21 14:36:41 UTC] [INFO    ] [41/151] Step 054: Dated falsifiable predictions
[2026-09-21 14:36:41 UTC] [INFO    ] ======================================================================
[2026-09-21 14:36:43 UTC] [SUCCESS ] [OK] Step 054: Dated falsifiable predictions completed in 2.18s
[2026-09-21 14:36:43 UTC] [INFO    ] 
[2026-09-21 14:36:43 UTC] [INFO    ] ======================================================================
[2026-09-21 14:36:43 UTC] [INFO    ] [42/151] Step 055: Cluster threshold morphology
[2026-09-21 14:36:43 UTC] [INFO    ] ======================================================================
[2026-09-21 14:36:45 UTC] [SUCCESS ] [OK] Step 055: Cluster threshold morphology completed in 1.20s
[2026-09-21 14:36:45 UTC] [INFO    ] 
[2026-09-21 14:36:45 UTC] [INFO    ] ======================================================================
[2026-09-21 14:36:45 UTC] [INFO    ] [43/151] Step 056: Morphology vs footprint null
[2026-09-21 14:36:45 UTC] [INFO    ] ======================================================================
[2026-09-21 14:37:04 UTC] [SUCCESS ] [OK] Step 056: Morphology vs footprint null completed in 19.59s
[2026-09-21 14:37:04 UTC] [INFO    ] 
[2026-09-21 14:37:04 UTC] [INFO    ] ======================================================================
[2026-09-21 14:37:04 UTC] [INFO    ] [44/151] Step 057: In-cap property audit and synthesis map
[2026-09-21 14:37:04 UTC] [INFO    ] ======================================================================
[2026-09-21 14:37:06 UTC] [SUCCESS ] [OK] Step 057: In-cap property audit and synthesis map completed in 1.75s
[2026-09-21 14:37:06 UTC] [INFO    ] 
[2026-09-21 14:37:06 UTC] [INFO    ] ======================================================================
[2026-09-21 14:37:06 UTC] [INFO    ] [45/151] Step 058: Comet observational-leverage audit
[2026-09-21 14:37:06 UTC] [INFO    ] ======================================================================
[2026-09-21 14:37:07 UTC] [SUCCESS ] [OK] Step 058: Comet observational-leverage audit completed in 1.30s
[2026-09-21 14:37:07 UTC] [INFO    ] 
[2026-09-21 14:37:07 UTC] [INFO    ] ======================================================================
[2026-09-21 14:37:07 UTC] [INFO    ] [46/151] Step 059: Axis-consistency test
[2026-09-21 14:37:07 UTC] [INFO    ] ======================================================================
[2026-09-21 14:37:08 UTC] [SUCCESS ] [OK] Step 059: Axis-consistency test completed in 0.95s
[2026-09-21 14:37:08 UTC] [INFO    ] 
[2026-09-21 14:37:08 UTC] [INFO    ] ======================================================================
[2026-09-21 14:37:08 UTC] [INFO    ] [47/151] Step 060: Uncertainty channel and MW08 third lineage
[2026-09-21 14:37:08 UTC] [INFO    ] ======================================================================
[2026-09-21 14:37:09 UTC] [SUCCESS ] [OK] Step 060: Uncertainty channel and MW08 third lineage completed in 1.06s
[2026-09-21 14:37:09 UTC] [INFO    ] 
[2026-09-21 14:37:09 UTC] [INFO    ] ======================================================================
[2026-09-21 14:37:09 UTC] [INFO    ] [48/151] Step 061: Aphelion-sky dipole and tide calibration
[2026-09-21 14:37:09 UTC] [INFO    ] ======================================================================
[2026-09-21 14:37:22 UTC] [SUCCESS ] [OK] Step 061: Aphelion-sky dipole and tide calibration completed in 12.85s
[2026-09-21 14:37:22 UTC] [INFO    ] 
[2026-09-21 14:37:22 UTC] [INFO    ] ======================================================================
[2026-09-21 14:37:22 UTC] [INFO    ] [49/151] Step 062: Planet Nine insertion test (REBOUND/DE440s)
[2026-09-21 14:37:22 UTC] [INFO    ] ======================================================================
[2026-09-21 14:40:35 UTC] [SUCCESS ] [OK] Step 062: Planet Nine insertion test (REBOUND/DE440s) completed in 3.22m
[2026-09-21 14:40:35 UTC] [INFO    ] 
[2026-09-21 14:40:35 UTC] [INFO    ] ======================================================================
[2026-09-21 14:40:35 UTC] [INFO    ] [50/151] Step 063: Bidirectional rotation residual (REBOUND/DE440s)
[2026-09-21 14:40:35 UTC] [INFO    ] ======================================================================
[2026-09-21 14:41:11 UTC] [SUCCESS ] [OK] Step 063: Bidirectional rotation residual (REBOUND/DE440s) completed in 36.10s
[2026-09-21 14:41:11 UTC] [INFO    ] 
[2026-09-21 14:41:11 UTC] [INFO    ] ======================================================================
[2026-09-21 14:41:11 UTC] [INFO    ] [51/151] Step 064: Warsaw bidirectional validation (REBOUND/DE440s)
[2026-09-21 14:41:11 UTC] [INFO    ] ======================================================================
[2026-09-21 14:41:41 UTC] [SUCCESS ] [OK] Step 064: Warsaw bidirectional validation (REBOUND/DE440s) completed in 29.68s
[2026-09-21 14:41:41 UTC] [INFO    ] 
[2026-09-21 14:41:41 UTC] [INFO    ] ======================================================================
[2026-09-21 14:41:41 UTC] [INFO    ] [52/151] Step 065: Implied proper-time slip
[2026-09-21 14:41:41 UTC] [INFO    ] ======================================================================
[2026-09-21 14:41:42 UTC] [SUCCESS ] [OK] Step 065: Implied proper-time slip completed in 1.53s
[2026-09-21 14:41:42 UTC] [INFO    ] 
[2026-09-21 14:41:42 UTC] [INFO    ] ======================================================================
[2026-09-21 14:41:42 UTC] [INFO    ] [53/151] Step 066: Detached-cluster secular stability +/- P9 (REBOUND/DE440s)
[2026-09-21 14:41:42 UTC] [INFO    ] ======================================================================
[2026-09-21 14:47:55 UTC] [SUCCESS ] [OK] Step 066: Detached-cluster secular stability +/- P9 (REBOUND/DE440s) completed in 6.21m
[2026-09-21 14:47:55 UTC] [INFO    ] 
[2026-09-21 14:47:55 UTC] [INFO    ] ======================================================================
[2026-09-21 14:47:55 UTC] [INFO    ] [54/151] Step 067: Prospective detection power
[2026-09-21 14:47:55 UTC] [INFO    ] ======================================================================
[2026-09-21 14:47:59 UTC] [SUCCESS ] [OK] Step 067: Prospective detection power completed in 3.88s
[2026-09-21 14:47:59 UTC] [INFO    ] 
[2026-09-21 14:47:59 UTC] [INFO    ] ======================================================================
[2026-09-21 14:47:59 UTC] [INFO    ] [55/151] Step 068: Wall-vs-field slip scaling discriminator
[2026-09-21 14:47:59 UTC] [INFO    ] ======================================================================
[2026-09-21 14:48:05 UTC] [SUCCESS ] [OK] Step 068: Wall-vs-field slip scaling discriminator completed in 6.47s
[2026-09-21 14:48:05 UTC] [INFO    ] 
[2026-09-21 14:48:05 UTC] [INFO    ] ======================================================================
[2026-09-21 14:48:05 UTC] [INFO    ] [56/151] Step 069: Joint axis-permutation global test
[2026-09-21 14:48:05 UTC] [INFO    ] ======================================================================
[2026-09-21 14:48:08 UTC] [SUCCESS ] [OK] Step 069: Joint axis-permutation global test completed in 3.03s
[2026-09-21 14:48:08 UTC] [INFO    ] 
[2026-09-21 14:48:08 UTC] [INFO    ] ======================================================================
[2026-09-21 14:48:08 UTC] [INFO    ] [57/151] Step 070: Galactic-tide insertion control (REBOUND/DE440s)
[2026-09-21 14:48:08 UTC] [INFO    ] ======================================================================
[2026-09-21 14:48:15 UTC] [SUCCESS ] [OK] Step 070: Galactic-tide insertion control (REBOUND/DE440s) completed in 6.17s
[2026-09-21 14:48:15 UTC] [INFO    ] 
[2026-09-21 14:48:15 UTC] [INFO    ] ======================================================================
[2026-09-21 14:48:15 UTC] [INFO    ] [58/151] Step 071: Radial slip profile, multi-shell legs (REBOUND/DE440s)
[2026-09-21 14:48:15 UTC] [INFO    ] ======================================================================
[2026-09-21 14:49:12 UTC] [SUCCESS ] [OK] Step 071: Radial slip profile, multi-shell legs (REBOUND/DE440s) completed in 57.64s
[2026-09-21 14:49:12 UTC] [INFO    ] 
[2026-09-21 14:49:12 UTC] [INFO    ] ======================================================================
[2026-09-21 14:49:12 UTC] [INFO    ] [59/151] Step 072: Epoch stability of the implied slip
[2026-09-21 14:49:12 UTC] [INFO    ] ======================================================================
[2026-09-21 14:49:13 UTC] [SUCCESS ] [OK] Step 072: Epoch stability of the implied slip completed in 0.85s
[2026-09-21 14:49:13 UTC] [INFO    ] 
[2026-09-21 14:49:13 UTC] [INFO    ] ======================================================================
[2026-09-21 14:49:13 UTC] [INFO    ] [60/151] Step 073: Boundary edge width, logistic fit
[2026-09-21 14:49:13 UTC] [INFO    ] ======================================================================
[2026-09-21 14:50:36 UTC] [SUCCESS ] [OK] Step 073: Boundary edge width, logistic fit completed in 1.38m
[2026-09-21 14:50:36 UTC] [INFO    ] 
[2026-09-21 14:50:36 UTC] [INFO    ] ======================================================================
[2026-09-21 14:50:36 UTC] [INFO    ] [61/151] Step 074: Leave-one-channel-out joint axis test
[2026-09-21 14:50:36 UTC] [INFO    ] ======================================================================
[2026-09-21 14:50:39 UTC] [SUCCESS ] [OK] Step 074: Leave-one-channel-out joint axis test completed in 2.94s
[2026-09-21 14:50:39 UTC] [INFO    ] 
[2026-09-21 14:50:39 UTC] [INFO    ] ======================================================================
[2026-09-21 14:50:39 UTC] [INFO    ] [62/151] Step 075: Signed slip direction, lag vs advance
[2026-09-21 14:50:39 UTC] [INFO    ] ======================================================================
[2026-09-21 14:50:40 UTC] [SUCCESS ] [OK] Step 075: Signed slip direction, lag vs advance completed in 0.82s
[2026-09-21 14:50:40 UTC] [INFO    ] 
[2026-09-21 14:50:40 UTC] [INFO    ] ======================================================================
[2026-09-21 14:50:40 UTC] [INFO    ] [63/151] Step 076: Inner-region slip profile 8-100 AU (REBOUND/DE440s)
[2026-09-21 14:50:40 UTC] [INFO    ] ======================================================================
[2026-09-21 14:51:25 UTC] [SUCCESS ] [OK] Step 076: Inner-region slip profile 8-100 AU (REBOUND/DE440s) completed in 45.11s
[2026-09-21 14:51:25 UTC] [INFO    ] 
[2026-09-21 14:51:25 UTC] [INFO    ] ======================================================================
[2026-09-21 14:51:25 UTC] [INFO    ] [64/151] Step 077: Era stability of the aphelion dipole
[2026-09-21 14:51:25 UTC] [INFO    ] ======================================================================
[2026-09-21 14:51:26 UTC] [SUCCESS ] [OK] Step 077: Era stability of the aphelion dipole completed in 0.84s
[2026-09-21 14:51:26 UTC] [INFO    ] 
[2026-09-21 14:51:26 UTC] [INFO    ] ======================================================================
[2026-09-21 14:51:26 UTC] [INFO    ] [65/151] Step 078: Discovery-era stability of the TNO cluster
[2026-09-21 14:51:26 UTC] [INFO    ] ======================================================================
[2026-09-21 14:51:27 UTC] [SUCCESS ] [OK] Step 078: Discovery-era stability of the TNO cluster completed in 0.63s
[2026-09-21 14:51:27 UTC] [INFO    ] 
[2026-09-21 14:51:27 UTC] [INFO    ] ======================================================================
[2026-09-21 14:51:27 UTC] [INFO    ] [66/151] Step 079: Cross-fitter element audit, MPC vs CODE/Warsaw
[2026-09-21 14:51:27 UTC] [INFO    ] ======================================================================
[2026-09-21 14:51:27 UTC] [SUCCESS ] [OK] Step 079: Cross-fitter element audit, MPC vs CODE/Warsaw completed in 0.83s
[2026-09-21 14:51:27 UTC] [INFO    ] 
[2026-09-21 14:51:27 UTC] [INFO    ] ======================================================================
[2026-09-21 14:51:27 UTC] [INFO    ] [67/151] Step 080: Signed residual coherence, planets subtracted (REBOUND/DE440s)
[2026-09-21 14:51:27 UTC] [INFO    ] ======================================================================
[2026-09-21 14:53:24 UTC] [SUCCESS ] [OK] Step 080: Signed residual coherence, planets subtracted (REBOUND/DE440s) completed in 1.95m
[2026-09-21 14:53:24 UTC] [INFO    ] 
[2026-09-21 14:53:24 UTC] [INFO    ] ======================================================================
[2026-09-21 14:53:24 UTC] [INFO    ] [68/151] Step 081: Geocentric observation-direction null
[2026-09-21 14:53:24 UTC] [INFO    ] ======================================================================
[2026-09-21 14:53:25 UTC] [SUCCESS ] [OK] Step 081: Geocentric observation-direction null completed in 1.09s
[2026-09-21 14:53:25 UTC] [INFO    ] 
[2026-09-21 14:53:25 UTC] [INFO    ] ======================================================================
[2026-09-21 14:53:25 UTC] [INFO    ] [69/151] Step 082: Same-patch geocentric control
[2026-09-21 14:53:25 UTC] [INFO    ] ======================================================================
[2026-09-21 14:53:27 UTC] [SUCCESS ] [OK] Step 082: Same-patch geocentric control completed in 1.06s
[2026-09-21 14:53:27 UTC] [INFO    ] 
[2026-09-21 14:53:27 UTC] [INFO    ] ======================================================================
[2026-09-21 14:53:27 UTC] [INFO    ] [70/151] Step 083: Perturber mass ladder, required-mass bound (REBOUND/DE440s)
[2026-09-21 14:53:27 UTC] [INFO    ] ======================================================================
[2026-09-21 14:54:50 UTC] [SUCCESS ] [OK] Step 083: Perturber mass ladder, required-mass bound (REBOUND/DE440s) completed in 1.39m
[2026-09-21 14:54:50 UTC] [INFO    ] 
[2026-09-21 14:54:50 UTC] [INFO    ] ======================================================================
[2026-09-21 14:54:50 UTC] [INFO    ] [71/151] Step 084: Newest detached-cohort audit and Ammonite jackknife
[2026-09-21 14:54:50 UTC] [INFO    ] ======================================================================
[2026-09-21 14:54:52 UTC] [SUCCESS ] [OK] Step 084: Newest detached-cohort audit and Ammonite jackknife completed in 1.87s
[2026-09-21 14:54:52 UTC] [INFO    ] 
[2026-09-21 14:54:52 UTC] [INFO    ] ======================================================================
[2026-09-21 14:54:52 UTC] [INFO    ] [72/151] Step 085: DES independent resident-cohort audit (Bernardinelli+ catalogue)
[2026-09-21 14:54:52 UTC] [INFO    ] ======================================================================
[2026-09-21 14:54:54 UTC] [SUCCESS ] [OK] Step 085: DES independent resident-cohort audit (Bernardinelli+ catalogue) completed in 2.11s
[2026-09-21 14:54:54 UTC] [INFO    ] 
[2026-09-21 14:54:54 UTC] [INFO    ] ======================================================================
[2026-09-21 14:54:54 UTC] [INFO    ] [73/151] Step 086: Slip-physics discriminator, angular vs boundary vs arc-epoch
[2026-09-21 14:54:54 UTC] [INFO    ] ======================================================================
[2026-09-21 14:55:03 UTC] [SUCCESS ] [OK] Step 086: Slip-physics discriminator, angular vs boundary vs arc-epoch completed in 8.52s
[2026-09-21 14:55:03 UTC] [INFO    ] 
[2026-09-21 14:55:03 UTC] [INFO    ] ======================================================================
[2026-09-21 14:55:03 UTC] [INFO    ] [74/151] Step 087: Perturber distance ladder, required-mass map (REBOUND/DE440s)
[2026-09-21 14:55:03 UTC] [INFO    ] ======================================================================
[2026-09-21 14:56:37 UTC] [SUCCESS ] [OK] Step 087: Perturber distance ladder, required-mass map (REBOUND/DE440s) completed in 1.57m
[2026-09-21 14:56:37 UTC] [INFO    ] 
[2026-09-21 14:56:37 UTC] [INFO    ] ======================================================================
[2026-09-21 14:56:37 UTC] [INFO    ] [75/151] Step 088: Resident-side galactic-tide insertion, maintenance + regeneration (REBOUND/DE440s)
[2026-09-21 14:56:37 UTC] [INFO    ] ======================================================================
[2026-09-21 15:02:37 UTC] [SUCCESS ] [OK] Step 088: Resident-side galactic-tide insertion, maintenance + regeneration (REBOUND/DE440s) completed in 6.00m
[2026-09-21 15:02:37 UTC] [INFO    ] 
[2026-09-21 15:02:37 UTC] [INFO    ] ======================================================================
[2026-09-21 15:02:37 UTC] [INFO    ] [76/151] Step 089: Bipolar morphology audit, mirror-cap second-lobe test
[2026-09-21 15:02:37 UTC] [INFO    ] ======================================================================
[2026-09-21 15:02:38 UTC] [SUCCESS ] [OK] Step 089: Bipolar morphology audit, mirror-cap second-lobe test completed in 1.19s
[2026-09-21 15:02:38 UTC] [INFO    ] 
[2026-09-21 15:02:38 UTC] [INFO    ] ======================================================================
[2026-09-21 15:02:38 UTC] [INFO    ] [77/151] Step 090: Bias-free mean-plane warp (SCT25 estimator, MPCORB lineage)
[2026-09-21 15:02:38 UTC] [INFO    ] ======================================================================
[2026-09-21 15:04:10 UTC] [SUCCESS ] [OK] Step 090: Bias-free mean-plane warp (SCT25 estimator, MPCORB lineage) completed in 1.53m
[2026-09-21 15:04:10 UTC] [INFO    ] 
[2026-09-21 15:04:10 UTC] [INFO    ] ======================================================================
[2026-09-21 15:04:10 UTC] [INFO    ] [78/151] Step 091: Inner-perturber (Planet-Y) ladder vs ephemeris bound (REBOUND/DE440s)
[2026-09-21 15:04:10 UTC] [INFO    ] ======================================================================
[2026-09-21 15:08:42 UTC] [SUCCESS ] [OK] Step 091: Inner-perturber (Planet-Y) ladder vs ephemeris bound (REBOUND/DE440s) completed in 4.53m
[2026-09-21 15:08:42 UTC] [INFO    ] 
[2026-09-21 15:08:42 UTC] [INFO    ] ======================================================================
[2026-09-21 15:08:42 UTC] [INFO    ] [79/151] Step 092: MPCORB-lineage replication of detached-TNO clustering
[2026-09-21 15:08:42 UTC] [INFO    ] ======================================================================
[2026-09-21 15:08:52 UTC] [SUCCESS ] [OK] Step 092: MPCORB-lineage replication of detached-TNO clustering completed in 10.03s
[2026-09-21 15:08:52 UTC] [INFO    ] 
[2026-09-21 15:08:52 UTC] [INFO    ] ======================================================================
[2026-09-21 15:08:52 UTC] [INFO    ] [80/151] Step 093: Perturber-zoo closure, candidates vs required-mass map (REBOUND/DE440s)
[2026-09-21 15:08:52 UTC] [INFO    ] ======================================================================
[2026-09-21 15:09:54 UTC] [SUCCESS ] [OK] Step 093: Perturber-zoo closure, candidates vs required-mass map (REBOUND/DE440s) completed in 1.03m
[2026-09-21 15:09:54 UTC] [INFO    ] 
[2026-09-21 15:09:54 UTC] [INFO    ] ======================================================================
[2026-09-21 15:09:54 UTC] [INFO    ] [81/151] Step 094: Six-channel joint axis-permutation test (mean-plane channel)
[2026-09-21 15:09:54 UTC] [INFO    ] ======================================================================
[2026-09-21 15:09:58 UTC] [SUCCESS ] [OK] Step 094: Six-channel joint axis-permutation test (mean-plane channel) completed in 3.83s
[2026-09-21 15:09:58 UTC] [INFO    ] 
[2026-09-21 15:09:58 UTC] [INFO    ] ======================================================================
[2026-09-21 15:09:58 UTC] [INFO    ] [82/151] Step 095: Spacecraft clock/plasma/power data acquisition (NAIF SCLK+SPK+LSK, PDS PPI VLISM)
[2026-09-21 15:09:58 UTC] [INFO    ] ======================================================================
[2026-09-21 15:11:02 UTC] [SUCCESS ] [OK] Step 095: Spacecraft clock/plasma/power data acquisition (NAIF SCLK+SPK+LSK, PDS PPI VLISM) completed in 1.08m
[2026-09-21 15:11:02 UTC] [INFO    ] 
[2026-09-21 15:11:02 UTC] [INFO    ] ======================================================================
[2026-09-21 15:11:02 UTC] [INFO    ] [83/151] Step 096: Voyager SCLK clock-correction audit (resync/rate history vs crossings and radius)
[2026-09-21 15:11:02 UTC] [INFO    ] ======================================================================
[2026-09-21 15:11:06 UTC] [SUCCESS ] [OK] Step 096: Voyager SCLK clock-correction audit (resync/rate history vs crossings and radius) completed in 3.14s
[2026-09-21 15:11:06 UTC] [INFO    ] 
[2026-09-21 15:11:06 UTC] [INFO    ] ======================================================================
[2026-09-21 15:11:06 UTC] [INFO    ] [84/151] Step 097: Voyager PWS plasma-frequency channel (density structure vs lapse-equivalent)
[2026-09-21 15:11:06 UTC] [INFO    ] ======================================================================
[2026-09-21 15:11:06 UTC] [SUCCESS ] [OK] Step 097: Voyager PWS plasma-frequency channel (density structure vs lapse-equivalent) completed in 0.59s
[2026-09-21 15:11:06 UTC] [INFO    ] 
[2026-09-21 15:11:06 UTC] [INFO    ] ======================================================================
[2026-09-21 15:11:06 UTC] [INFO    ] [85/151] Step 098: RTG nuclear-decay channel (Pu-238 clock, Gamow-amplified constants bound)
[2026-09-21 15:11:06 UTC] [INFO    ] ======================================================================
[2026-09-21 15:11:07 UTC] [SUCCESS ] [OK] Step 098: RTG nuclear-decay channel (Pu-238 clock, Gamow-amplified constants bound) completed in 1.20s
[2026-09-21 15:11:07 UTC] [INFO    ] 
[2026-09-21 15:11:07 UTC] [INFO    ] ======================================================================
[2026-09-21 15:11:07 UTC] [INFO    ] [86/151] Step 099: Heliospheric geometry (probe/ISO asymptotes vs axis and caps)
[2026-09-21 15:11:07 UTC] [INFO    ] ======================================================================
[2026-09-21 15:11:20 UTC] [SUCCESS ] [OK] Step 099: Heliospheric geometry (probe/ISO asymptotes vs axis and caps) completed in 12.19s
[2026-09-21 15:11:20 UTC] [INFO    ] 
[2026-09-21 15:11:20 UTC] [INFO    ] ======================================================================
[2026-09-21 15:11:20 UTC] [INFO    ] [87/151] Step 100: Cross-channel clock-consistency synthesis (orbital/electronic/plasma/nuclear)
[2026-09-21 15:11:20 UTC] [INFO    ] ======================================================================
[2026-09-21 15:11:20 UTC] [SUCCESS ] [OK] Step 100: Cross-channel clock-consistency synthesis (orbital/electronic/plasma/nuclear) completed in 0.62s
[2026-09-21 15:11:20 UTC] [INFO    ] 
[2026-09-21 15:11:20 UTC] [INFO    ] ======================================================================
[2026-09-21 15:11:20 UTC] [INFO    ] [88/151] Step 101: Interstellar-object non-gravitational channel (SBDB NG solutions vs cap-transit geometry)
[2026-09-21 15:11:20 UTC] [INFO    ] ======================================================================
[2026-09-21 15:11:24 UTC] [SUCCESS ] [OK] Step 101: Interstellar-object non-gravitational channel (SBDB NG solutions vs cap-transit geometry) completed in 3.89s
[2026-09-21 15:11:24 UTC] [INFO    ] 
[2026-09-21 15:11:24 UTC] [INFO    ] ======================================================================
[2026-09-21 15:11:24 UTC] [INFO    ] [89/151] Step 102: Out-of-sample validation of the bipolar slip map (5-fold CV + CODE<->Warsaw transfer)
[2026-09-21 15:11:24 UTC] [INFO    ] ======================================================================
[2026-09-21 15:11:34 UTC] [SUCCESS ] [OK] Step 102: Out-of-sample validation of the bipolar slip map (5-fold CV + CODE<->Warsaw transfer) completed in 9.58s
[2026-09-21 15:11:34 UTC] [INFO    ] 
[2026-09-21 15:11:34 UTC] [INFO    ] ======================================================================
[2026-09-21 15:11:34 UTC] [INFO    ] [90/151] Step 103: RTG mid-life degradation control (placebo-epoch ramp scan + vintage-matched V2 reference)
[2026-09-21 15:11:34 UTC] [INFO    ] ======================================================================
[2026-09-21 15:11:34 UTC] [SUCCESS ] [OK] Step 103: RTG mid-life degradation control (placebo-epoch ramp scan + vintage-matched V2 reference) completed in 0.56s
[2026-09-21 15:11:34 UTC] [INFO    ] 
[2026-09-21 15:11:34 UTC] [INFO    ] ======================================================================
[2026-09-21 15:11:34 UTC] [INFO    ] [91/151] Step 104: Spatial holdout and axis localization of the slip map (azimuthal halves, band extrapolation, displacement curve)
[2026-09-21 15:11:34 UTC] [INFO    ] ======================================================================
[2026-09-21 15:11:35 UTC] [SUCCESS ] [OK] Step 104: Spatial holdout and axis localization of the slip map (azimuthal halves, band extrapolation, displacement curve) completed in 1.10s
[2026-09-21 15:11:35 UTC] [INFO    ] 
[2026-09-21 15:11:35 UTC] [INFO    ] ======================================================================
[2026-09-21 15:11:35 UTC] [INFO    ] [92/151] Step 105: Third-catalogue bidirectional replication (one-apparition J/A+A/571/A63) and out-of-sample slip-map transfer
[2026-09-21 15:11:35 UTC] [INFO    ] ======================================================================
[2026-09-21 15:12:12 UTC] [SUCCESS ] [OK] Step 105: Third-catalogue bidirectional replication (one-apparition J/A+A/571/A63) and out-of-sample slip-map transfer completed in 36.72s
[2026-09-21 15:12:12 UTC] [INFO    ] 
[2026-09-21 15:12:12 UTC] [INFO    ] ======================================================================
[2026-09-21 15:12:12 UTC] [INFO    ] [93/151] Step 106: Harmonic-order out-of-sample discrimination, third-cohort axis recovery, amplitude transfer, and cross-solution concordance
[2026-09-21 15:12:12 UTC] [INFO    ] ======================================================================
[2026-09-21 15:12:20 UTC] [SUCCESS ] [OK] Step 106: Harmonic-order out-of-sample discrimination, third-cohort axis recovery, amplitude transfer, and cross-solution concordance completed in 7.73s
[2026-09-21 15:12:20 UTC] [INFO    ] 
[2026-09-21 15:12:20 UTC] [INFO    ] ======================================================================
[2026-09-21 15:12:20 UTC] [INFO    ] [94/151] Step 107: Named-direction audit of the recovered axes (galactic/solar-apex/CMB/ecliptic/P9 separations + coincidence null)
[2026-09-21 15:12:20 UTC] [INFO    ] ======================================================================
[2026-09-21 15:12:20 UTC] [SUCCESS ] [OK] Step 107: Named-direction audit of the recovered axes (galactic/solar-apex/CMB/ecliptic/P9 separations + coincidence null) completed in 0.51s
[2026-09-21 15:12:20 UTC] [INFO    ] 
[2026-09-21 15:12:20 UTC] [INFO    ] ======================================================================
[2026-09-21 15:12:20 UTC] [INFO    ] [95/151] Step 108: Full-population aphelion dipole on the MPC CometEls near-parabolic census (tide-aware null, membership split, free dipole recovery)
[2026-09-21 15:12:20 UTC] [INFO    ] ======================================================================
[2026-09-21 15:12:32 UTC] [SUCCESS ] [OK] Step 108: Full-population aphelion dipole on the MPC CometEls near-parabolic census (tide-aware null, membership split, free dipole recovery) completed in 11.28s
[2026-09-21 15:12:32 UTC] [INFO    ] 
[2026-09-21 15:12:32 UTC] [INFO    ] ======================================================================
[2026-09-21 15:12:32 UTC] [INFO    ] [96/151] Step 109: Discovery-bias audit of the CometEls census dipole (ecliptic-footprint null, magnitude/era/q stability, heterogeneity test)
[2026-09-21 15:12:32 UTC] [INFO    ] ======================================================================
[2026-09-21 15:12:38 UTC] [SUCCESS ] [OK] Step 109: Discovery-bias audit of the CometEls census dipole (ecliptic-footprint null, magnitude/era/q stability, heterogeneity test) completed in 6.60s
[2026-09-21 15:12:38 UTC] [INFO    ] 
[2026-09-21 15:12:38 UTC] [INFO    ] ======================================================================
[2026-09-21 15:12:38 UTC] [INFO    ] [97/151] Step 110: Directional vs axisymmetric decomposition of the aphelion asymmetry (cos, |cos|, cos2 moments under the tide-aware null, all comet samples)
[2026-09-21 15:12:38 UTC] [INFO    ] ======================================================================
[2026-09-21 15:12:43 UTC] [SUCCESS ] [OK] Step 110: Directional vs axisymmetric decomposition of the aphelion asymmetry (cos, |cos|, cos2 moments under the tide-aware null, all comet samples) completed in 4.32s
[2026-09-21 15:12:43 UTC] [INFO    ] 
[2026-09-21 15:12:43 UTC] [INFO    ] ======================================================================
[2026-09-21 15:12:43 UTC] [INFO    ] [98/151] Step 111: Detachment-cut coherence map of the resident axis (varpi significance + recovered direction across the a_min x q_min plane, conditioned null)
[2026-09-21 15:12:43 UTC] [INFO    ] ======================================================================
[2026-09-21 15:12:44 UTC] [SUCCESS ] [OK] Step 111: Detachment-cut coherence map of the resident axis (varpi significance + recovered direction across the a_min x q_min plane, conditioned null) completed in 1.78s
[2026-09-21 15:12:44 UTC] [INFO    ] 
[2026-09-21 15:12:44 UTC] [INFO    ] ======================================================================
[2026-09-21 15:12:44 UTC] [INFO    ] [99/151] Step 112: OSSOS characterized-ensemble audit (class-aware footprint baselines, selectivity profile, inter-fitter floor, plutino positive control)
[2026-09-21 15:12:44 UTC] [INFO    ] ======================================================================
[2026-09-21 15:12:47 UTC] [SUCCESS ] [OK] Step 112: OSSOS characterized-ensemble audit (class-aware footprint baselines, selectivity profile, inter-fitter floor, plutino positive control) completed in 2.49s
[2026-09-21 15:12:47 UTC] [INFO    ] 
[2026-09-21 15:12:47 UTC] [INFO    ] ======================================================================
[2026-09-21 15:12:47 UTC] [INFO    ] [100/151] Step 113: Independent-survey resident ledger (SBDB+DES+OSSOS vs own baselines, Fisher combination, deduplicated union)
[2026-09-21 15:12:47 UTC] [INFO    ] ======================================================================
[2026-09-21 15:12:48 UTC] [SUCCESS ] [OK] Step 113: Independent-survey resident ledger (SBDB+DES+OSSOS vs own baselines, Fisher combination, deduplicated union) completed in 1.35s
[2026-09-21 15:12:48 UTC] [INFO    ] 
[2026-09-21 15:12:48 UTC] [INFO    ] ======================================================================
[2026-09-21 15:12:48 UTC] [INFO    ] [101/151] Step 115: Mixture posterior-predictive audit (each resident cohort scored vs footprint-only and TEP-mixture posteriors on its own discovery longitude)
[2026-09-21 15:12:48 UTC] [INFO    ] ======================================================================
[2026-09-21 15:12:52 UTC] [SUCCESS ] [OK] Step 115: Mixture posterior-predictive audit (each resident cohort scored vs footprint-only and TEP-mixture posteriors on its own discovery longitude) completed in 3.87s
[2026-09-21 15:12:52 UTC] [INFO    ] 
[2026-09-21 15:12:52 UTC] [INFO    ] ======================================================================
[2026-09-21 15:12:52 UTC] [INFO    ] [102/151] Step 116: Empirical discovery-coupling kernel and closed-channel audit (LOO measured varpi-lam kernel replaces assumed WN50; decisive-window split; cross-fitter instability; forward predictions)
[2026-09-21 15:12:52 UTC] [INFO    ] ======================================================================
[2026-09-21 15:13:02 UTC] [SUCCESS ] [OK] Step 116: Empirical discovery-coupling kernel and closed-channel audit (LOO measured varpi-lam kernel replaces assumed WN50; decisive-window split; cross-fitter instability; forward predictions) completed in 9.53s
[2026-09-21 15:13:02 UTC] [INFO    ] 
[2026-09-21 15:13:02 UTC] [INFO    ] ======================================================================
[2026-09-21 15:13:02 UTC] [INFO    ] [103/151] Step 117: Prospective post-2017 SBDB LPC cohort through the identical bidirectional instrument (out-of-time, out-of-lineage replication)
[2026-09-21 15:13:02 UTC] [INFO    ] ======================================================================
[2026-09-21 15:13:07 UTC] [SUCCESS ] [OK] Step 117: Prospective post-2017 SBDB LPC cohort through the identical bidirectional instrument (out-of-time, out-of-lineage replication) completed in 5.32s
[2026-09-21 15:13:07 UTC] [INFO    ] 
[2026-09-21 15:13:07 UTC] [INFO    ] ======================================================================
[2026-09-21 15:13:07 UTC] [INFO    ] [104/151] Step 118: Displaced-dipole audit of the prospective cohort (free axis recovery, global nulls, longitude harmonics, cross-cohort coverage)
[2026-09-21 15:13:07 UTC] [INFO    ] ======================================================================
[2026-09-21 15:13:59 UTC] [SUCCESS ] [OK] Step 118: Displaced-dipole audit of the prospective cohort (free axis recovery, global nulls, longitude harmonics, cross-cohort coverage) completed in 51.84s
[2026-09-21 15:13:59 UTC] [INFO    ] 
[2026-09-21 15:13:59 UTC] [INFO    ] ======================================================================
[2026-09-21 15:13:59 UTC] [INFO    ] [105/151] Step 119: Mechanism identification for the post-2017 displaced dipole (observing-geometry covariates, survey lineage, quality stratification)
[2026-09-21 15:13:59 UTC] [INFO    ] ======================================================================
[2026-09-21 15:14:01 UTC] [SUCCESS ] [OK] Step 119: Mechanism identification for the post-2017 displaced dipole (observing-geometry covariates, survey lineage, quality stratification) completed in 2.10s
[2026-09-21 15:14:01 UTC] [INFO    ] 
[2026-09-21 15:14:01 UTC] [INFO    ] ======================================================================
[2026-09-21 15:14:01 UTC] [INFO    ] [106/151] Step 120: Era x lineage factorial -- pre-2018 SBDB LPC cohort (declared vs displaced axis recovery, fit-vintage split, CODE overlap)
[2026-09-21 15:14:01 UTC] [INFO    ] ======================================================================
[2026-09-21 15:14:03 UTC] [SUCCESS ] [OK] Step 120: Era x lineage factorial -- pre-2018 SBDB LPC cohort (declared vs displaced axis recovery, fit-vintage split, CODE overlap) completed in 1.82s
[2026-09-21 15:14:03 UTC] [INFO    ] 
[2026-09-21 15:14:03 UTC] [INFO    ] ======================================================================
[2026-09-21 15:14:03 UTC] [INFO    ] [107/151] Step 121: Masked-signal discrimination -- joint declared-cap + private-dipole decomposition of the post-2017 cohort (Freedman-Lane added-term null, dipole-placement scan, clean strata, CODE/pre-2018 controls)
[2026-09-21 15:14:03 UTC] [INFO    ] ======================================================================
[2026-09-21 15:14:05 UTC] [SUCCESS ] [OK] Step 121: Masked-signal discrimination -- joint declared-cap + private-dipole decomposition of the post-2017 cohort (Freedman-Lane added-term null, dipole-placement scan, clean strata, CODE/pre-2018 controls) completed in 1.98s
[2026-09-21 15:14:05 UTC] [INFO    ] 
[2026-09-21 15:14:05 UTC] [INFO    ] ======================================================================
[2026-09-21 15:14:05 UTC] [INFO    ] [108/151] Step 122: Anomaly localization on the pre-2018 record -- CODE-membership lock vs broad-population readings, era decomposition, fat-tail audit
[2026-09-21 15:14:05 UTC] [INFO    ] ======================================================================
[2026-09-21 15:14:06 UTC] [SUCCESS ] [OK] Step 122: Anomaly localization on the pre-2018 record -- CODE-membership lock vs broad-population readings, era decomposition, fat-tail audit completed in 1.40s
[2026-09-21 15:14:06 UTC] [INFO    ] 
[2026-09-21 15:14:06 UTC] [INFO    ] ======================================================================
[2026-09-21 15:14:06 UTC] [INFO    ] [109/151] Step 123: Leg-coherence decomposition -- is the overlap anomaly a single-leg reconstruction floor or an azimuthally-twisted inter-leg mismatch; noise-floor audit, cross-fitter concordance, class-constraint gradient
[2026-09-21 15:14:06 UTC] [INFO    ] ======================================================================
[2026-09-21 15:14:07 UTC] [SUCCESS ] [OK] Step 123: Leg-coherence decomposition -- is the overlap anomaly a single-leg reconstruction floor or an azimuthally-twisted inter-leg mismatch; noise-floor audit, cross-fitter concordance, class-constraint gradient completed in 1.34s
[2026-09-21 15:14:07 UTC] [INFO    ] 
[2026-09-21 15:14:07 UTC] [INFO    ] ======================================================================
[2026-09-21 15:14:07 UTC] [INFO    ] [110/151] Step 124: Lineage-independent aphelion dipole -- reconstruction-free spatial channel on the post-2017 and pre-2018 SBDB cohorts (tide-aware + ecliptic nulls, quality strata, displaced-axis control)
[2026-09-21 15:14:07 UTC] [INFO    ] ======================================================================
[2026-09-21 15:14:45 UTC] [SUCCESS ] [OK] Step 124: Lineage-independent aphelion dipole -- reconstruction-free spatial channel on the post-2017 and pre-2018 SBDB cohorts (tide-aware + ecliptic nulls, quality strata, displaced-axis control) completed in 37.19s
[2026-09-21 15:14:45 UTC] [INFO    ] 
[2026-09-21 15:14:45 UTC] [INFO    ] ======================================================================
[2026-09-21 15:14:45 UTC] [INFO    ] [111/151] Step 125: Displaced-structure temporal characterization -- raw-field free-scan extremeness, era x cap factorial, transit-epoch gradient with quality/energy controls, geometry-matched pairs, named-direction audit incl. CMB rest frame
[2026-09-21 15:14:45 UTC] [INFO    ] ======================================================================
[2026-09-21 15:15:10 UTC] [SUCCESS ] [OK] Step 125: Displaced-structure temporal characterization -- raw-field free-scan extremeness, era x cap factorial, transit-epoch gradient with quality/energy controls, geometry-matched pairs, named-direction audit incl. CMB rest frame completed in 25.07s
[2026-09-21 15:15:10 UTC] [INFO    ] 
[2026-09-21 15:15:10 UTC] [INFO    ] ======================================================================
[2026-09-21 15:15:10 UTC] [INFO    ] [112/151] Step 126: Ten-channel global cross-survey and multi-lineage synthesis -- S_10 omnibus stat, 20k permutation null, pairwise angular concordance matrix, axis-localization bootstrap
[2026-09-21 15:15:10 UTC] [INFO    ] ======================================================================
[2026-09-21 15:15:27 UTC] [SUCCESS ] [OK] Step 126: Ten-channel global cross-survey and multi-lineage synthesis -- S_10 omnibus stat, 20k permutation null, pairwise angular concordance matrix, axis-localization bootstrap completed in 16.94s
[2026-09-21 15:15:27 UTC] [INFO    ] 
[2026-09-21 15:15:27 UTC] [INFO    ] ======================================================================
[2026-09-21 15:15:27 UTC] [INFO    ] [113/151] Step 127: Non-Warsaw two-leg refit -- independent LM differential-correction fits on raw MPC astrometry propagated through the same boundary machinery; carrier-degeneracy close (drot concordance, d_in carrier replication, cross-arc audit)
[2026-09-21 15:15:27 UTC] [INFO    ] ======================================================================
[2026-09-21 15:15:29 UTC] [SUCCESS ] [OK] Step 127: Non-Warsaw two-leg refit -- independent LM differential-correction fits on raw MPC astrometry propagated through the same boundary machinery; carrier-degeneracy close (drot concordance, d_in carrier replication, cross-arc audit) completed in 2.05s
[2026-09-21 15:15:29 UTC] [INFO    ] 
[2026-09-21 15:15:29 UTC] [INFO    ] ======================================================================
[2026-09-21 15:15:29 UTC] [INFO    ] [114/151] Step 128: Post-2017 two-leg refit masking discriminator -- independent LM refit of the prospective cohort on raw MPC astrometry; leg-fit vs single-fit vs catalogue carrier constructions at declared and displaced axes
[2026-09-21 15:15:29 UTC] [INFO    ] ======================================================================
[2026-09-21 15:15:31 UTC] [SUCCESS ] [OK] Step 128: Post-2017 two-leg refit masking discriminator -- independent LM refit of the prospective cohort on raw MPC astrometry; leg-fit vs single-fit vs catalogue carrier constructions at declared and displaced axes completed in 1.95s
[2026-09-21 15:15:31 UTC] [INFO    ] 
[2026-09-21 15:15:31 UTC] [INFO    ] ======================================================================
[2026-09-21 15:15:31 UTC] [INFO    ] [115/151] Step 129: Frame-anchored bipolar unification test -- per-era CMB-frame dipoles, joint opposite-polarity statistic, direction shuffle and bipolar-cap audit on the independent two-leg refit record
[2026-09-21 15:15:31 UTC] [INFO    ] ======================================================================
[2026-09-21 15:15:38 UTC] [SUCCESS ] [OK] Step 129: Frame-anchored bipolar unification test -- per-era CMB-frame dipoles, joint opposite-polarity statistic, direction shuffle and bipolar-cap audit on the independent two-leg refit record completed in 7.46s
[2026-09-21 15:15:38 UTC] [INFO    ] 
[2026-09-21 15:15:38 UTC] [INFO    ] ======================================================================
[2026-09-21 15:15:38 UTC] [INFO    ] [116/151] Step 130: Epoch-resolved axis trajectory on the pooled independent dual-leg record -- per-bin contrasts, arc-trajectory scan, drift-vs-switch model comparison, in-cap epoch interactions
[2026-09-21 15:15:38 UTC] [INFO    ] ======================================================================
[2026-09-21 15:16:55 UTC] [SUCCESS ] [OK] Step 130: Epoch-resolved axis trajectory on the pooled independent dual-leg record -- per-bin contrasts, arc-trajectory scan, drift-vs-switch model comparison, in-cap epoch interactions completed in 1.28m
[2026-09-21 15:16:55 UTC] [INFO    ] 
[2026-09-21 15:16:55 UTC] [INFO    ] ======================================================================
[2026-09-21 15:16:55 UTC] [INFO    ] [117/151] Step 131: Bipolar cone-shell coherence -- per-era cone-angle profiles, common-cone joint test on the measured axes, ring-vs-pole morphology, and band-resident contrasts on the independent refit record
[2026-09-21 15:16:55 UTC] [INFO    ] ======================================================================
[2026-09-21 15:17:07 UTC] [SUCCESS ] [OK] Step 131: Bipolar cone-shell coherence -- per-era cone-angle profiles, common-cone joint test on the measured axes, ring-vs-pole morphology, and band-resident contrasts on the independent refit record completed in 12.48s
[2026-09-21 15:17:07 UTC] [INFO    ] 
[2026-09-21 15:17:07 UTC] [INFO    ] ======================================================================
[2026-09-21 15:17:07 UTC] [INFO    ] [118/151] Step 132: Bipolar meridian and polarity-mirror coherence -- equator-mirror pair of the era axes, azimuthal coplanarity of the measured axes about the CMB bipolar axis, and meridian-resident residual cells on the independent refit record
[2026-09-21 15:17:07 UTC] [INFO    ] ======================================================================
[2026-09-21 15:17:10 UTC] [SUCCESS ] [OK] Step 132: Bipolar meridian and polarity-mirror coherence -- equator-mirror pair of the era axes, azimuthal coplanarity of the measured axes about the CMB bipolar axis, and meridian-resident residual cells on the independent refit record completed in 3.08s
[2026-09-21 15:17:10 UTC] [INFO    ] 
[2026-09-21 15:17:10 UTC] [INFO    ] ======================================================================
[2026-09-21 15:17:10 UTC] [INFO    ] [119/151] Step 133: Bipolar harmonic decomposition and cross-population geometry -- per-era Legendre power spectrum, free-dipole mirror-pair test, ISO meridian ledger, resident radial-gradient control
[2026-09-21 15:17:10 UTC] [INFO    ] ======================================================================
[2026-09-21 15:17:13 UTC] [SUCCESS ] [OK] Step 133: Bipolar harmonic decomposition and cross-population geometry -- per-era Legendre power spectrum, free-dipole mirror-pair test, ISO meridian ledger, resident radial-gradient control completed in 2.21s
[2026-09-21 15:17:13 UTC] [INFO    ] 
[2026-09-21 15:17:13 UTC] [INFO    ] ======================================================================
[2026-09-21 15:17:13 UTC] [INFO    ] [120/151] Step 134: Signature-cohort independent refit -- non-Warsaw two-leg LM refit of the LPC 1902-1950 signature-bearing sample (step_127 machinery); carrier-degeneracy close on the objects that carry the anomaly
[2026-09-21 15:17:13 UTC] [INFO    ] ======================================================================
[2026-09-21 15:17:14 UTC] [SUCCESS ] [OK] Step 134: Signature-cohort independent refit -- non-Warsaw two-leg LM refit of the LPC 1902-1950 signature-bearing sample (step_127 machinery); carrier-degeneracy close on the objects that carry the anomaly completed in 1.33s
[2026-09-21 15:17:14 UTC] [INFO    ] 
[2026-09-21 15:17:14 UTC] [INFO    ] ======================================================================
[2026-09-21 15:17:14 UTC] [INFO    ] [121/151] Step 135: Cross-channel axis convergence -- joint bipolar-frame ledger of independently recovered directions across TEP channels (GNSS-II clock axis, MGEX projection, LLR Planck rank), out-of-sample meridian coplanarity, Fisher-combined frame evidence, and clock-epoch coincidence at the comet switch boundary
[2026-09-21 15:17:14 UTC] [INFO    ] ======================================================================
[2026-09-21 15:17:16 UTC] [SUCCESS ] [OK] Step 135: Cross-channel axis convergence -- joint bipolar-frame ledger of independently recovered directions across TEP channels (GNSS-II clock axis, MGEX projection, LLR Planck rank), out-of-sample meridian coplanarity, Fisher-combined frame evidence, and clock-epoch coincidence at the comet switch boundary completed in 2.10s
[2026-09-21 15:17:16 UTC] [INFO    ] 
[2026-09-21 15:17:16 UTC] [INFO    ] ======================================================================
[2026-09-21 15:17:16 UTC] [INFO    ] [122/151] Step 136: Solar-wind screening-epoch test -- OMNI daily solar-wind dynamic pressure matched to per-comet perihelion epochs; pooled and within-era residual-pressure coupling, era pressure contrast, and regime-split dipole polarity
[2026-09-21 15:17:16 UTC] [INFO    ] ======================================================================
[2026-09-21 15:17:17 UTC] [SUCCESS ] [OK] Step 136: Solar-wind screening-epoch test -- OMNI daily solar-wind dynamic pressure matched to per-comet perihelion epochs; pooled and within-era residual-pressure coupling, era pressure contrast, and regime-split dipole polarity completed in 1.22s
[2026-09-21 15:17:17 UTC] [INFO    ] 
[2026-09-21 15:17:17 UTC] [INFO    ] ======================================================================
[2026-09-21 15:17:17 UTC] [INFO    ] [123/151] Step 137: RTG cross-generator degradation regression -- all unit-level P/P0 series across six RTG families; pooled 9-yr wander null, Voyager crossing-window residuals, sibling-coherence thermal control, Gamow bound translation
[2026-09-21 15:17:17 UTC] [INFO    ] ======================================================================
[2026-09-21 15:17:19 UTC] [SUCCESS ] [OK] Step 137: RTG cross-generator degradation regression -- all unit-level P/P0 series across six RTG families; pooled 9-yr wander null, Voyager crossing-window residuals, sibling-coherence thermal control, Gamow bound translation completed in 1.82s
[2026-09-21 15:17:19 UTC] [INFO    ] 
[2026-09-21 15:17:19 UTC] [INFO    ] ======================================================================
[2026-09-21 15:17:19 UTC] [INFO    ] [124/151] Step 138: One-way downlink channel audit -- non-cancelling transport-class mapping to the GNSS clock channel, deep-space archive inventory (Voyager delta-VLBI, Cassini VLBA, PRIDE VEX/MEX), boundary-distance coverage, sensitivity ordering
[2026-09-21 15:17:19 UTC] [INFO    ] ======================================================================
[2026-09-21 15:17:20 UTC] [SUCCESS ] [OK] Step 138: One-way downlink channel audit -- non-cancelling transport-class mapping to the GNSS clock channel, deep-space archive inventory (Voyager delta-VLBI, Cassini VLBA, PRIDE VEX/MEX), boundary-distance coverage, sensitivity ordering completed in 0.55s
[2026-09-21 15:17:20 UTC] [INFO    ] 
[2026-09-21 15:17:20 UTC] [INFO    ] ======================================================================
[2026-09-21 15:17:20 UTC] [INFO    ] [125/151] Step 139: Frozen-geometry predictive battery -- post-hoc cone/meridian characterization converted to scored predictions: parameter-free mirror prediction, frozen meridian plane and cone band evaluated on held-out directions (displaced, resident, ISO legs, GNSS-II, MGEX, LLR) with provenance partition
[2026-09-21 15:17:20 UTC] [INFO    ] ======================================================================
[2026-09-21 15:17:21 UTC] [SUCCESS ] [OK] Step 139: Frozen-geometry predictive battery -- post-hoc cone/meridian characterization converted to scored predictions: parameter-free mirror prediction, frozen meridian plane and cone band evaluated on held-out directions (displaced, resident, ISO legs, GNSS-II, MGEX, LLR) with provenance partition completed in 1.11s
[2026-09-21 15:17:21 UTC] [INFO    ] 
[2026-09-21 15:17:21 UTC] [INFO    ] ======================================================================
[2026-09-21 15:17:21 UTC] [INFO    ] [126/151] Step 140: Astrometric-catalogue stratification -- per-observation astcat leg-composition profiles on the dual-leg refit record; uniform-Gaia and uniform-legacy stratum controls on the declared/displaced carriers, composition-vs-signal association, matched-composition audit of the mixed stratum
[2026-09-21 15:17:21 UTC] [INFO    ] ======================================================================
[2026-09-21 15:17:27 UTC] [SUCCESS ] [OK] Step 140: Astrometric-catalogue stratification -- per-observation astcat leg-composition profiles on the dual-leg refit record; uniform-Gaia and uniform-legacy stratum controls on the declared/displaced carriers, composition-vs-signal association, matched-composition audit of the mixed stratum completed in 5.69s
[2026-09-21 15:17:27 UTC] [INFO    ] 
[2026-09-21 15:17:27 UTC] [INFO    ] ======================================================================
[2026-09-21 15:17:27 UTC] [INFO    ] [127/151] Step 141: SCLK signed-drift crossing channel -- signed oscillator fractional-offset level steps at the four boundary crossings, raw and smooth-ageing detrended, changepoint extremeness, joint sign-consistency and Fisher tails, cadence/segmentation audit, NH control note
[2026-09-21 15:17:27 UTC] [INFO    ] ======================================================================
[2026-09-21 15:17:28 UTC] [SUCCESS ] [OK] Step 141: SCLK signed-drift crossing channel -- signed oscillator fractional-offset level steps at the four boundary crossings, raw and smooth-ageing detrended, changepoint extremeness, joint sign-consistency and Fisher tails, cadence/segmentation audit, NH control note completed in 1.21s
[2026-09-21 15:17:28 UTC] [INFO    ] 
[2026-09-21 15:17:28 UTC] [INFO    ] ======================================================================
[2026-09-21 15:17:28 UTC] [INFO    ] [128/151] Step 142: Gaia covariance-sink audit -- cross-arc leg misfit, leg-disagreement, NG-solution and element-sigma channels on the uniform-Gaia vs sub-threshold strata; seed-lock and time-domain-carrier tests
[2026-09-21 15:17:28 UTC] [INFO    ] ======================================================================
[2026-09-21 15:17:35 UTC] [SUCCESS ] [OK] Step 142: Gaia covariance-sink audit -- cross-arc leg misfit, leg-disagreement, NG-solution and element-sigma channels on the uniform-Gaia vs sub-threshold strata; seed-lock and time-domain-carrier tests completed in 7.69s
[2026-09-21 15:17:35 UTC] [INFO    ] 
[2026-09-21 15:17:35 UTC] [INFO    ] ======================================================================
[2026-09-21 15:17:35 UTC] [INFO    ] [129/151] Step 143: Comet non-gravitational acceleration channel -- Warsaw tableb4 A1/A2/A3/tau vectors and tablea1 NG incidence read as a directional observable against the declared cap; transverse-term leakage test with radial/normal controls and n_obs confound audit
[2026-09-21 15:17:35 UTC] [INFO    ] ======================================================================
[2026-09-21 15:17:37 UTC] [SUCCESS ] [OK] Step 143: Comet non-gravitational acceleration channel -- Warsaw tableb4 A1/A2/A3/tau vectors and tablea1 NG incidence read as a directional observable against the declared cap; transverse-term leakage test with radial/normal controls and n_obs confound audit completed in 1.58s
[2026-09-21 15:17:37 UTC] [INFO    ] 
[2026-09-21 15:17:37 UTC] [INFO    ] ======================================================================
[2026-09-21 15:17:37 UTC] [INFO    ] [130/151] Step 144: Giant-planet secular apsidal channel -- 5 Myr REBOUND/DE440s integration of the four giants; forced apsidal azimuths, joint axis-proximity test, dwell fractions, present-epoch 3-D geometry; secular context of the registered Neptune mean-element coincidence
[2026-09-21 15:17:37 UTC] [INFO    ] ======================================================================
[2026-09-21 15:17:43 UTC] [SUCCESS ] [OK] Step 144: Giant-planet secular apsidal channel -- 5 Myr REBOUND/DE440s integration of the four giants; forced apsidal azimuths, joint axis-proximity test, dwell fractions, present-epoch 3-D geometry; secular context of the registered Neptune mean-element coincidence completed in 6.13s
[2026-09-21 15:17:43 UTC] [INFO    ] 
[2026-09-21 15:17:43 UTC] [INFO    ] ======================================================================
[2026-09-21 15:17:43 UTC] [INFO    ] [131/151] Step 145: Impulse-versus-holonomy transfer-function discriminator -- crossing-speed scaling and energy-channel morphology of the slip on the independent dual-leg refit records; selects the microscopic realization of the equivalent-time observable
[2026-09-21 15:17:43 UTC] [INFO    ] ======================================================================
[2026-09-21 15:17:44 UTC] [SUCCESS ] [OK] Step 145: Impulse-versus-holonomy transfer-function discriminator -- crossing-speed scaling and energy-channel morphology of the slip on the independent dual-leg refit records; selects the microscopic realization of the equivalent-time observable completed in 1.31s
[2026-09-21 15:17:44 UTC] [INFO    ] 
[2026-09-21 15:17:44 UTC] [INFO    ] ======================================================================
[2026-09-21 15:17:44 UTC] [INFO    ] [132/151] Step 146: SCLK radial lapse-gradient and bipolar-sign channel -- signed dnu vs radius per craft, outer-region drift sign split vs trajectory projection on the CMB and comet bipolar axes, radius-vs-ageing discrimination, NH control
[2026-09-21 15:17:44 UTC] [INFO    ] ======================================================================
[2026-09-21 15:17:45 UTC] [SUCCESS ] [OK] Step 146: SCLK radial lapse-gradient and bipolar-sign channel -- signed dnu vs radius per craft, outer-region drift sign split vs trajectory projection on the CMB and comet bipolar axes, radius-vs-ageing discrimination, NH control completed in 1.02s
[2026-09-21 15:17:45 UTC] [INFO    ] 
[2026-09-21 15:17:45 UTC] [INFO    ] ======================================================================
[2026-09-21 15:17:45 UTC] [INFO    ] [133/151] Step 147: Planetary-ephemeris invariance audit -- bidirectional boundary integration of the class-1 CODE sample under DE440s and DE430; per-leg boundary periapsis displacements and the kick-and-geometry-regressed in-cap gap compared across ephemeris generations
[2026-09-21 15:17:45 UTC] [INFO    ] ======================================================================
[2026-09-21 15:18:52 UTC] [SUCCESS ] [OK] Step 147: Planetary-ephemeris invariance audit -- bidirectional boundary integration of the class-1 CODE sample under DE440s and DE430; per-leg boundary periapsis displacements and the kick-and-geometry-regressed in-cap gap compared across ephemeris generations completed in 1.10m
[2026-09-21 15:18:52 UTC] [INFO    ] 
[2026-09-21 15:18:52 UTC] [INFO    ] ======================================================================
[2026-09-21 15:18:52 UTC] [INFO    ] [134/151] Step 148: PWS-anchored SCLK epoch-lock test -- strongest negative signed step within each crossing window vs canonical epoch, random-target null, joint Fisher, and V1 PWS plasma-step coincidence
[2026-09-21 15:18:52 UTC] [INFO    ] ======================================================================
[2026-09-21 15:18:56 UTC] [SUCCESS ] [OK] Step 148: PWS-anchored SCLK epoch-lock test -- strongest negative signed step within each crossing window vs canonical epoch, random-target null, joint Fisher, and V1 PWS plasma-step coincidence completed in 4.23s
[2026-09-21 15:18:56 UTC] [INFO    ] 
[2026-09-21 15:18:56 UTC] [INFO    ] ======================================================================
[2026-09-21 15:18:56 UTC] [INFO    ] [135/151] Step 149: Newtonian directional null -- the complete directional battery (cap contrast, free sky scan, look-elsewhere, shell morphology, permutation and axis-coincidence nulls) applied to the pure N-body rotation field, the catalogued field, the observed-minus-model residual, the energy kick and rotation-per-kick
[2026-09-21 15:18:56 UTC] [INFO    ] ======================================================================
[2026-09-21 15:19:10 UTC] [SUCCESS ] [OK] Step 149: Newtonian directional null -- the complete directional battery (cap contrast, free sky scan, look-elsewhere, shell morphology, permutation and axis-coincidence nulls) applied to the pure N-body rotation field, the catalogued field, the observed-minus-model residual, the energy kick and rotation-per-kick completed in 14.11s
[2026-09-21 15:19:10 UTC] [INFO    ] 
[2026-09-21 15:19:10 UTC] [INFO    ] ======================================================================
[2026-09-21 15:19:10 UTC] [INFO    ] [136/151] Step 150: Channel-dissociation sensitivity audit -- per-comet Monte-Carlo element perturbations from SBDB sigmas propagated through the boundary machinery; rotation-channel vs aphelion-channel noise sensitivity, element-group attribution and quality-gradient comparison to the observed stratification
[2026-09-21 15:19:10 UTC] [INFO    ] ======================================================================
[2026-09-21 15:32:12 UTC] [SUCCESS ] [OK] Step 150: Channel-dissociation sensitivity audit -- per-comet Monte-Carlo element perturbations from SBDB sigmas propagated through the boundary machinery; rotation-channel vs aphelion-channel noise sensitivity, element-group attribution and quality-gradient comparison to the observed stratification completed in 13.03m
[2026-09-21 15:32:12 UTC] [INFO    ] 
[2026-09-21 15:32:12 UTC] [INFO    ] ======================================================================
[2026-09-21 15:32:12 UTC] [INFO    ] [137/151] Step 151: Slip-injection transfer function -- synthesized astrometry on the real observing chain (epochs, stations, noise) with injected slip realizations (integrable control, position/velocity translations, transverse kick, within-apparition holonomy) refit by the standard LM/DE440s machinery; measures which realizations survive standard orbit fitting into the record
[2026-09-21 15:32:12 UTC] [INFO    ] ======================================================================
[2026-09-21 15:32:13 UTC] [SUCCESS ] [OK] Step 151: Slip-injection transfer function -- synthesized astrometry on the real observing chain (epochs, stations, noise) with injected slip realizations (integrable control, position/velocity translations, transverse kick, within-apparition holonomy) refit by the standard LM/DE440s machinery; measures which realizations survive standard orbit fitting into the record completed in 1.62s
[2026-09-21 15:32:13 UTC] [INFO    ] 
[2026-09-21 15:32:13 UTC] [INFO    ] ======================================================================
[2026-09-21 15:32:13 UTC] [INFO    ] [138/151] Step 152: Arrival-anisotropy conditioned nulls -- ecliptic- and Galactic-latitude-conditioned longitude shuffles and axis-longitude specificity scan for the in-cap arrival excess, replacing the uniform-sky binomial null of step 149 T6
[2026-09-21 15:32:13 UTC] [INFO    ] ======================================================================
[2026-09-21 15:32:19 UTC] [SUCCESS ] [OK] Step 152: Arrival-anisotropy conditioned nulls -- ecliptic- and Galactic-latitude-conditioned longitude shuffles and axis-longitude specificity scan for the in-cap arrival excess, replacing the uniform-sky binomial null of step 149 T6 completed in 5.78s
[2026-09-21 15:32:19 UTC] [INFO    ] 
[2026-09-21 15:32:19 UTC] [INFO    ] ======================================================================
[2026-09-21 15:32:19 UTC] [INFO    ] [139/151] Step 153: Zonal-distortion null -- legacy star-catalogue warp classes (zonal bands, regional tiles, rigid frame rotation) injected into real MPC astrometry, refit by the identical LM/DE440s machinery and propagated to the boundary sphere; tests whether a catalogue error field can reproduce the anomaly simultaneously in element selectivity, energy flatness, axis organization and amplitude
[2026-09-21 15:32:19 UTC] [INFO    ] ======================================================================
[2026-09-21 15:38:59 UTC] [SUCCESS ] [OK] Step 153: Zonal-distortion null -- legacy star-catalogue warp classes (zonal bands, regional tiles, rigid frame rotation) injected into real MPC astrometry, refit by the identical LM/DE440s machinery and propagated to the boundary sphere; tests whether a catalogue error field can reproduce the anomaly simultaneously in element selectivity, energy flatness, axis organization and amplitude completed in 6.67m
[2026-09-21 15:38:59 UTC] [INFO    ] 
[2026-09-21 15:38:59 UTC] [INFO    ] ======================================================================
[2026-09-21 15:38:59 UTC] [INFO    ] [140/151] Step 154: SCLK link-plasma and solar-activity regression -- per-boundary phase residuals and drift vs interval-matched OMNI P_dyn/|B|/Vsw/Tp/SSN/F10.7/ap and Sun-Earth-probe elongation; partial radius-vs-plasma correlations and heliosheath activity stratification
[2026-09-21 15:38:59 UTC] [INFO    ] ======================================================================
[2026-09-21 15:39:02 UTC] [SUCCESS ] [OK] Step 154: SCLK link-plasma and solar-activity regression -- per-boundary phase residuals and drift vs interval-matched OMNI P_dyn/|B|/Vsw/Tp/SSN/F10.7/ap and Sun-Earth-probe elongation; partial radius-vs-plasma correlations and heliosheath activity stratification completed in 2.75s
[2026-09-21 15:39:02 UTC] [INFO    ] 
[2026-09-21 15:39:02 UTC] [INFO    ] ======================================================================
[2026-09-21 15:39:02 UTC] [INFO    ] [141/151] Step 155: 1I/Oumuamua slip-injection -> NG-term transfer test -- synthetic astrometry on the real MPC observing chain with boundary-slip and sustained lapse-rate realizations, refit by gravity-only and Marsden-NG-augmented LM/DE440s machinery; measures the fitted A1 transfer function and validates against the SBDB 7c solution
[2026-09-21 15:39:02 UTC] [INFO    ] ======================================================================
[2026-09-21 15:42:00 UTC] [SUCCESS ] [OK] Step 155: 1I/Oumuamua slip-injection -> NG-term transfer test -- synthetic astrometry on the real MPC observing chain with boundary-slip and sustained lapse-rate realizations, refit by gravity-only and Marsden-NG-augmented LM/DE440s machinery; measures the fitted A1 transfer function and validates against the SBDB 7c solution completed in 2.97m
[2026-09-21 15:42:00 UTC] [INFO    ] 
[2026-09-21 15:42:00 UTC] [INFO    ] ======================================================================
[2026-09-21 15:42:00 UTC] [INFO    ] [142/151] Step 156: Boundary-radius forward-model scan -- position-slip holonomy injected at controlled inbound crossing radii {8,25,50,100,150,250} AU through the real MPC observing chain, refit by the standard LM/DE440s machinery, with shell-resolved fitted-vs-true reconstruction testing whether a distant crossing produces a fitted offset already developed at 8 AU
[2026-09-21 15:42:00 UTC] [INFO    ] ======================================================================
[2026-09-21 15:42:01 UTC] [SUCCESS ] [OK] Step 156: Boundary-radius forward-model scan -- position-slip holonomy injected at controlled inbound crossing radii {8,25,50,100,150,250} AU through the real MPC observing chain, refit by the standard LM/DE440s machinery, with shell-resolved fitted-vs-true reconstruction testing whether a distant crossing produces a fitted offset already developed at 8 AU completed in 1.07s
[2026-09-21 15:42:01 UTC] [INFO    ] 
[2026-09-21 15:42:01 UTC] [INFO    ] ======================================================================
[2026-09-21 15:42:01 UTC] [INFO    ] [143/151] Step 157: Conventional generative population model -- isotropic Oort-spike source, secular Galactic-tide injection (orbit-integrated torque), stellar-impulse remixing and empirical ecliptic-latitude discovery selection, tested against the observed cap excess and arrival-resultant alignment
[2026-09-21 15:42:01 UTC] [INFO    ] ======================================================================
[2026-09-21 15:42:26 UTC] [SUCCESS ] [OK] Step 157: Conventional generative population model -- isotropic Oort-spike source, secular Galactic-tide injection (orbit-integrated torque), stellar-impulse remixing and empirical ecliptic-latitude discovery selection, tested against the observed cap excess and arrival-resultant alignment completed in 24.41s
[2026-09-21 15:42:26 UTC] [INFO    ] 
[2026-09-21 15:42:26 UTC] [INFO    ] ======================================================================
[2026-09-21 15:42:26 UTC] [INFO    ] [144/151] Step 158: Metric-derived TEP slip -- winding-holonomy field phi = m*theta_A*sigma(r) about the boundary axis; path-integrated proper-time offsets computed on the true dual-leg trajectories and tested against the measured equivalent-time offsets, cap partition, velocity flatness, control axes and boundary-radius sensitivity
[2026-09-21 15:42:26 UTC] [INFO    ] ======================================================================
[2026-09-21 15:43:11 UTC] [SUCCESS ] [OK] Step 158: Metric-derived TEP slip -- winding-holonomy field phi = m*theta_A*sigma(r) about the boundary axis; path-integrated proper-time offsets computed on the true dual-leg trajectories and tested against the measured equivalent-time offsets, cap partition, velocity flatness, control axes and boundary-radius sensitivity completed in 45.62s
[2026-09-21 15:43:11 UTC] [INFO    ] 
[2026-09-21 15:43:11 UTC] [INFO    ] ======================================================================
[2026-09-21 15:43:11 UTC] [INFO    ] [145/151] Step 159: Perihelion-time leg-slip channel -- osculating perihelion-epoch disagreement between independently fitted inbound/outbound legs on the step_b91 dual-leg record; validity concordance vs catalogue dtau/ddirf, cap contrast, bipolar polarity, noise dissociation
[2026-09-21 15:43:11 UTC] [INFO    ] ======================================================================
[2026-09-21 15:43:16 UTC] [SUCCESS ] [OK] Step 159: Perihelion-time leg-slip channel -- osculating perihelion-epoch disagreement between independently fitted inbound/outbound legs on the step_b91 dual-leg record; validity concordance vs catalogue dtau/ddirf, cap contrast, bipolar polarity, noise dissociation completed in 4.94s
[2026-09-21 15:43:16 UTC] [INFO    ] 
[2026-09-21 15:43:16 UTC] [INFO    ] ======================================================================
[2026-09-21 15:43:16 UTC] [INFO    ] [146/151] Step 160: Independent two-leg refit of the interstellar objects -- raw-MPC leg-split LM/DE440s fits of 1I/2I/3I with per-leg boundary asymptotes, cap classification, inter-leg non-closure, perihelion-epoch slip, SBDB NG-ledger confound context and post-2017 cohort percentiles
[2026-09-21 15:43:16 UTC] [INFO    ] ======================================================================
[2026-09-21 15:44:06 UTC] [SUCCESS ] [OK] Step 160: Independent two-leg refit of the interstellar objects -- raw-MPC leg-split LM/DE440s fits of 1I/2I/3I with per-leg boundary asymptotes, cap classification, inter-leg non-closure, perihelion-epoch slip, SBDB NG-ledger confound context and post-2017 cohort percentiles completed in 49.77s
[2026-09-21 15:44:06 UTC] [INFO    ] 
[2026-09-21 15:44:06 UTC] [INFO    ] ======================================================================
[2026-09-21 15:44:06 UTC] [INFO    ] [147/151] Step 161: APDB planetary astrometric O-C channel -- O'Handley-format Pluto/Uranus/Neptune optical record (1914-1998) reduced against DE440s with FK4/FK5/TETE equinox handling, light-time and topocentric correction; per-source sanity floor, direction organisation, within-source robustness, normal-point ledger
[2026-09-21 15:44:06 UTC] [INFO    ] ======================================================================
[2026-09-21 15:44:09 UTC] [SUCCESS ] [OK] Step 161: APDB planetary astrometric O-C channel -- O'Handley-format Pluto/Uranus/Neptune optical record (1914-1998) reduced against DE440s with FK4/FK5/TETE equinox handling, light-time and topocentric correction; per-source sanity floor, direction organisation, within-source robustness, normal-point ledger completed in 2.72s
[2026-09-21 15:44:09 UTC] [INFO    ] 
[2026-09-21 15:44:09 UTC] [INFO    ] ======================================================================
[2026-09-21 15:44:09 UTC] [INFO    ] [148/151] Step 162: NIMA detached-resident O-C pilot -- Lucky Star/NIMA per-observation residuals for the resident-ledger intersection; coverage, per-object residual level and secular drift vs cap membership; small-N pilot, not a detection channel
[2026-09-21 15:44:09 UTC] [INFO    ] ======================================================================
[2026-09-21 15:44:09 UTC] [SUCCESS ] [OK] Step 162: NIMA detached-resident O-C pilot -- Lucky Star/NIMA per-observation residuals for the resident-ledger intersection; coverage, per-object residual level and secular drift vs cap membership; small-N pilot, not a detection channel completed in 0.18s
[2026-09-21 15:44:09 UTC] [INFO    ] 
[2026-09-21 15:44:09 UTC] [INFO    ] ======================================================================
[2026-09-21 15:44:09 UTC] [INFO    ] [149/151] Step 163: Forward-modelled comet discovery footprint -- isotropic reorientation of each real orbit propagated through the bright window with elongation/declination/geocentric cuts and brightness weighting; tests whether physical discovery selection can produce the observed aphelion dipole direction, with selection-only null, axis+footprint decomposition, scenario robustness and longitude-marginal diagnostic
[2026-09-21 15:44:09 UTC] [INFO    ] ======================================================================
[2026-09-21 15:44:51 UTC] [SUCCESS ] [OK] Step 163: Forward-modelled comet discovery footprint -- isotropic reorientation of each real orbit propagated through the bright window with elongation/declination/geocentric cuts and brightness weighting; tests whether physical discovery selection can produce the observed aphelion dipole direction, with selection-only null, axis+footprint decomposition, scenario robustness and longitude-marginal diagnostic completed in 41.98s
[2026-09-21 15:44:51 UTC] [INFO    ] 
[2026-09-21 15:44:51 UTC] [INFO    ] ======================================================================
[2026-09-21 15:44:51 UTC] [INFO    ] [150/151] Step 164: TEP-side generative model for the arrival anisotropy -- symmetric counterpart of the conventional generative test; quantifies the slip-redirection bound (measured fitted-aphelion displacement vs coherent requirement), solves the required source-level modulation amplitude on the isotropic and tidal baselines, and discriminates lobe vs bipolar source morphology via the anti-cap fraction across all five cohorts
[2026-09-21 15:44:51 UTC] [INFO    ] ======================================================================
[2026-09-21 15:44:56 UTC] [SUCCESS ] [OK] Step 164: TEP-side generative model for the arrival anisotropy -- symmetric counterpart of the conventional generative test; quantifies the slip-redirection bound (measured fitted-aphelion displacement vs coherent requirement), solves the required source-level modulation amplitude on the isotropic and tidal baselines, and discriminates lobe vs bipolar source morphology via the anti-cap fraction across all five cohorts completed in 5.17s
[2026-09-21 15:44:56 UTC] [INFO    ] 
[2026-09-21 15:44:56 UTC] [INFO    ] ======================================================================
[2026-09-21 15:44:56 UTC] [INFO    ] [151/151] Step 114: Manuscript claims-trace audit (every cited step/result/figure/number traced to results/)
[2026-09-21 15:44:56 UTC] [INFO    ] ======================================================================
[2026-09-21 15:44:58 UTC] [SUCCESS ] [OK] Step 114: Manuscript claims-trace audit (every cited step/result/figure/number traced to results/) completed in 1.37s
[2026-09-21 15:44:58 UTC] [INFO    ] 
[2026-09-21 15:44:58 UTC] [INFO    ] ======================================================================
[2026-09-21 15:44:58 UTC] [INFO    ] PIPELINE EXECUTION SUMMARY
[2026-09-21 15:44:58 UTC] [INFO    ] ======================================================================
[2026-09-21 15:44:58 UTC] [INFO    ] ----------------------------------------------------------------------
[2026-09-21 15:44:58 UTC] [INFO    ] Execution Timeline
[2026-09-21 15:44:58 UTC] [INFO    ] ----------------------------------------------------------------------
[2026-09-21 15:44:58 UTC] [INFO    ] Pipeline started: 2026-09-21 14:28:39 UTC
[2026-09-21 15:44:58 UTC] [INFO    ] Pipeline ended:   2026-09-21 15:44:58 UTC
[2026-09-21 15:44:58 UTC] [INFO    ] Total duration:   76.31 minutes
[2026-09-21 15:44:58 UTC] [INFO    ] ----------------------------------------------------------------------
[2026-09-21 15:44:58 UTC] [INFO    ] Step-by-Step Results
[2026-09-21 15:44:58 UTC] [INFO    ] ----------------------------------------------------------------------
[2026-09-21 15:44:58 UTC] [INFO    ] Step       Description                                                Status     Duration    
[2026-09-21 15:44:58 UTC] [INFO    ] ------------------------------------------------------------------------------------------
[2026-09-21 15:44:58 UTC] [INFO    ] Step 001   Step 001: JPL SBDB download                                OK SUCCESS  12.48s
[2026-09-21 15:44:58 UTC] [INFO    ] Step 002   Step 002: CDS download (OSSOS + Warsaw)                    OK SUCCESS  6.24s
[2026-09-21 15:44:58 UTC] [INFO    ] Step 003   Step 003: CODE catalogue acquisition                       OK SUCCESS  1.59s
[2026-09-21 15:44:58 UTC] [INFO    ] Step 004   Step 004: MPC / JPL element files                          OK SUCCESS  106.74s
[2026-09-21 15:44:58 UTC] [INFO    ] Step 005   Step 010: Detached-TNO orientation clustering              OK SUCCESS  1.92s
[2026-09-21 15:44:58 UTC] [INFO    ] Step 006   Step 011: Field-wall vs point-mass discriminators          OK SUCCESS  6.50s
[2026-09-21 15:44:58 UTC] [INFO    ] Step 007   Step 012: Radial turn-on profile                           OK SUCCESS  3.96s
[2026-09-21 15:44:58 UTC] [INFO    ] Step 008   Step 013: Empirical discovery-filter null                  OK SUCCESS  4.04s
[2026-09-21 15:44:58 UTC] [INFO    ] Step 009   Step 014: Per-object discovery footprint                   OK SUCCESS  2.03s
[2026-09-21 15:44:58 UTC] [INFO    ] Step 010   Step 015: Footprint proxy validation                       OK SUCCESS  1.27s
[2026-09-21 15:44:58 UTC] [INFO    ] Step 011   Step 016: Distance-aware conditional null                  OK SUCCESS  3.11s
[2026-09-21 15:44:58 UTC] [INFO    ] Step 012   Step 017: Axis-footprint decorrelation radius              OK SUCCESS  3.00s
[2026-09-21 15:44:58 UTC] [INFO    ] Step 013   Step 018: Coherent mean-plane warp                         OK SUCCESS  2.32s
[2026-09-21 15:44:58 UTC] [INFO    ] Step 014   Step 019: Orbit-pole eigenstructure                        OK SUCCESS  1.88s
[2026-09-21 15:44:58 UTC] [INFO    ] Step 015   Step 020: Axis-element coupling                            OK SUCCESS  4.12s
[2026-09-21 15:44:58 UTC] [INFO    ] Step 016   Step 021: Galactic-tide and omega decomposition            OK SUCCESS  0.90s
[2026-09-21 15:44:58 UTC] [INFO    ] Step 017   Step 022: Radial edge structure                            OK SUCCESS  1.17s
[2026-09-21 15:44:58 UTC] [INFO    ] Step 018   Step 023: Jackknife/era/quality robustness                 OK SUCCESS  0.92s
[2026-09-21 15:44:58 UTC] [INFO    ] Step 019   Step 024: Resident-vs-transit selectivity                  OK SUCCESS  1.78s
[2026-09-21 15:44:58 UTC] [INFO    ] Step 020   Step 025: Intrinsic patch scale                            OK SUCCESS  112.77s
[2026-09-21 15:44:58 UTC] [INFO    ] Step 021   Step 026: Anti-axis deficit                                OK SUCCESS  1.59s
[2026-09-21 15:44:58 UTC] [INFO    ] Step 022   Step 027: JFC bipolar population                           OK SUCCESS  1.84s
[2026-09-21 15:44:58 UTC] [INFO    ] Step 023   Step 028: OSSOS pointing coupling                          OK SUCCESS  1.73s
[2026-09-21 15:44:58 UTC] [INFO    ] Step 024   Step 030: Warsaw comet directional test                    OK SUCCESS  32.51s
[2026-09-21 15:44:58 UTC] [INFO    ] Step 025   Step 031: Orbit-reconstruction clock channel               OK SUCCESS  92.58s
[2026-09-21 15:44:58 UTC] [INFO    ] Step 026   Step 032: Nested-field multi-axis test                     OK SUCCESS  1.03s
[2026-09-21 15:44:58 UTC] [INFO    ] Step 027   Step 033: Three-leg orbit decomposition                    OK SUCCESS  1.11s
[2026-09-21 15:44:58 UTC] [INFO    ] Step 028   Step 034: CODE independent confirmation                    OK SUCCESS  0.82s
[2026-09-21 15:44:58 UTC] [INFO    ] Step 029   Step 035: Confirmation consolidation                       OK SUCCESS  0.73s
[2026-09-21 15:44:58 UTC] [INFO    ] Step 030   Step 036: Independent axis recovery                        OK SUCCESS  1.03s
[2026-09-21 15:44:58 UTC] [INFO    ] Step 031   Step 037: Blind validation battery                         OK SUCCESS  36.04s
[2026-09-21 15:44:58 UTC] [INFO    ] Step 032   Step 038: Model comparison and controls                    OK SUCCESS  1.05s
[2026-09-21 15:44:58 UTC] [INFO    ] Step 033   Step 039: Signed channels and matched control              OK SUCCESS  1.48s
[2026-09-21 15:44:58 UTC] [INFO    ] Step 034   Step 040: Planetary baseline residual                      OK SUCCESS  0.88s
[2026-09-21 15:44:58 UTC] [INFO    ] Step 035   Step 041: Conventional alternatives dismantled             OK SUCCESS  0.71s
[2026-09-21 15:44:58 UTC] [INFO    ] Step 036   Step 042: N-body planetary baseline (REBOUND/DE440s)       OK SUCCESS  21.05s
[2026-09-21 15:44:58 UTC] [INFO    ] Step 037   Step 050: One-map axis coincidence                         OK SUCCESS  1.69s
[2026-09-21 15:44:58 UTC] [INFO    ] Step 038   Step 051: Multiple-testing evidence summary                OK SUCCESS  1.06s
[2026-09-21 15:44:58 UTC] [INFO    ] Step 039   Step 052: Injected-population depth chain                  OK SUCCESS  1.47s
[2026-09-21 15:44:58 UTC] [INFO    ] Step 040   Step 053: MPC catalogue concordance                        OK SUCCESS  3.07s
[2026-09-21 15:44:58 UTC] [INFO    ] Step 041   Step 054: Dated falsifiable predictions                    OK SUCCESS  2.18s
[2026-09-21 15:44:58 UTC] [INFO    ] Step 042   Step 055: Cluster threshold morphology                     OK SUCCESS  1.20s
[2026-09-21 15:44:58 UTC] [INFO    ] Step 043   Step 056: Morphology vs footprint null                     OK SUCCESS  19.59s
[2026-09-21 15:44:58 UTC] [INFO    ] Step 044   Step 057: In-cap property audit and synthesis map          OK SUCCESS  1.75s
[2026-09-21 15:44:58 UTC] [INFO    ] Step 045   Step 058: Comet observational-leverage audit               OK SUCCESS  1.30s
[2026-09-21 15:44:58 UTC] [INFO    ] Step 046   Step 059: Axis-consistency test                            OK SUCCESS  0.95s
[2026-09-21 15:44:58 UTC] [INFO    ] Step 047   Step 060: Uncertainty channel and MW08 third lineage       OK SUCCESS  1.06s
[2026-09-21 15:44:58 UTC] [INFO    ] Step 048   Step 061: Aphelion-sky dipole and tide calibration         OK SUCCESS  12.85s
[2026-09-21 15:44:58 UTC] [INFO    ] Step 049   Step 062: Planet Nine insertion test (REBOUND/DE440s)      OK SUCCESS  193.02s
[2026-09-21 15:44:58 UTC] [INFO    ] Step 050   Step 063: Bidirectional rotation residual (REBOUND/DE440   OK SUCCESS  36.10s
[2026-09-21 15:44:58 UTC] [INFO    ] Step 051   Step 064: Warsaw bidirectional validation (REBOUND/DE440   OK SUCCESS  29.68s
[2026-09-21 15:44:58 UTC] [INFO    ] Step 052   Step 065: Implied proper-time slip                         OK SUCCESS  1.53s
[2026-09-21 15:44:58 UTC] [INFO    ] Step 053   Step 066: Detached-cluster secular stability +/- P9 (REB   OK SUCCESS  372.57s
[2026-09-21 15:44:58 UTC] [INFO    ] Step 054   Step 067: Prospective detection power                      OK SUCCESS  3.88s
[2026-09-21 15:44:58 UTC] [INFO    ] Step 055   Step 068: Wall-vs-field slip scaling discriminator         OK SUCCESS  6.47s
[2026-09-21 15:44:58 UTC] [INFO    ] Step 056   Step 069: Joint axis-permutation global test               OK SUCCESS  3.03s
[2026-09-21 15:44:58 UTC] [INFO    ] Step 057   Step 070: Galactic-tide insertion control (REBOUND/DE440   OK SUCCESS  6.17s
[2026-09-21 15:44:58 UTC] [INFO    ] Step 058   Step 071: Radial slip profile, multi-shell legs (REBOUND   OK SUCCESS  57.64s
[2026-09-21 15:44:58 UTC] [INFO    ] Step 059   Step 072: Epoch stability of the implied slip              OK SUCCESS  0.85s
[2026-09-21 15:44:58 UTC] [INFO    ] Step 060   Step 073: Boundary edge width, logistic fit                OK SUCCESS  83.07s
[2026-09-21 15:44:58 UTC] [INFO    ] Step 061   Step 074: Leave-one-channel-out joint axis test            OK SUCCESS  2.94s
[2026-09-21 15:44:58 UTC] [INFO    ] Step 062   Step 075: Signed slip direction, lag vs advance            OK SUCCESS  0.82s
[2026-09-21 15:44:58 UTC] [INFO    ] Step 063   Step 076: Inner-region slip profile 8-100 AU (REBOUND/DE   OK SUCCESS  45.11s
[2026-09-21 15:44:58 UTC] [INFO    ] Step 064   Step 077: Era stability of the aphelion dipole             OK SUCCESS  0.84s
[2026-09-21 15:44:58 UTC] [INFO    ] Step 065   Step 078: Discovery-era stability of the TNO cluster       OK SUCCESS  0.63s
[2026-09-21 15:44:58 UTC] [INFO    ] Step 066   Step 079: Cross-fitter element audit, MPC vs CODE/Warsaw   OK SUCCESS  0.83s
[2026-09-21 15:44:58 UTC] [INFO    ] Step 067   Step 080: Signed residual coherence, planets subtracted    OK SUCCESS  117.03s
[2026-09-21 15:44:58 UTC] [INFO    ] Step 068   Step 081: Geocentric observation-direction null            OK SUCCESS  1.09s
[2026-09-21 15:44:58 UTC] [INFO    ] Step 069   Step 082: Same-patch geocentric control                    OK SUCCESS  1.06s
[2026-09-21 15:44:58 UTC] [INFO    ] Step 070   Step 083: Perturber mass ladder, required-mass bound (RE   OK SUCCESS  83.60s
[2026-09-21 15:44:58 UTC] [INFO    ] Step 071   Step 084: Newest detached-cohort audit and Ammonite jack   OK SUCCESS  1.87s
[2026-09-21 15:44:58 UTC] [INFO    ] Step 072   Step 085: DES independent resident-cohort audit (Bernard   OK SUCCESS  2.11s
[2026-09-21 15:44:58 UTC] [INFO    ] Step 073   Step 086: Slip-physics discriminator, angular vs boundar   OK SUCCESS  8.52s
[2026-09-21 15:44:58 UTC] [INFO    ] Step 074   Step 087: Perturber distance ladder, required-mass map (   OK SUCCESS  94.12s
[2026-09-21 15:44:58 UTC] [INFO    ] Step 075   Step 088: Resident-side galactic-tide insertion, mainten   OK SUCCESS  360.20s
[2026-09-21 15:44:58 UTC] [INFO    ] Step 076   Step 089: Bipolar morphology audit, mirror-cap second-lo   OK SUCCESS  1.19s
[2026-09-21 15:44:58 UTC] [INFO    ] Step 077   Step 090: Bias-free mean-plane warp (SCT25 estimator, MP   OK SUCCESS  92.00s
[2026-09-21 15:44:58 UTC] [INFO    ] Step 078   Step 091: Inner-perturber (Planet-Y) ladder vs ephemeris   OK SUCCESS  272.01s
[2026-09-21 15:44:58 UTC] [INFO    ] Step 079   Step 092: MPCORB-lineage replication of detached-TNO clu   OK SUCCESS  10.03s
[2026-09-21 15:44:58 UTC] [INFO    ] Step 080   Step 093: Perturber-zoo closure, candidates vs required-   OK SUCCESS  61.56s
[2026-09-21 15:44:58 UTC] [INFO    ] Step 081   Step 094: Six-channel joint axis-permutation test (mean-   OK SUCCESS  3.83s
[2026-09-21 15:44:58 UTC] [INFO    ] Step 082   Step 095: Spacecraft clock/plasma/power data acquisition   OK SUCCESS  64.84s
[2026-09-21 15:44:58 UTC] [INFO    ] Step 083   Step 096: Voyager SCLK clock-correction audit (resync/ra   OK SUCCESS  3.14s
[2026-09-21 15:44:58 UTC] [INFO    ] Step 084   Step 097: Voyager PWS plasma-frequency channel (density    OK SUCCESS  0.59s
[2026-09-21 15:44:58 UTC] [INFO    ] Step 085   Step 098: RTG nuclear-decay channel (Pu-238 clock, Gamow   OK SUCCESS  1.20s
[2026-09-21 15:44:58 UTC] [INFO    ] Step 086   Step 099: Heliospheric geometry (probe/ISO asymptotes vs   OK SUCCESS  12.19s
[2026-09-21 15:44:58 UTC] [INFO    ] Step 087   Step 100: Cross-channel clock-consistency synthesis (orb   OK SUCCESS  0.62s
[2026-09-21 15:44:58 UTC] [INFO    ] Step 088   Step 101: Interstellar-object non-gravitational channel    OK SUCCESS  3.89s
[2026-09-21 15:44:58 UTC] [INFO    ] Step 089   Step 102: Out-of-sample validation of the bipolar slip m   OK SUCCESS  9.58s
[2026-09-21 15:44:58 UTC] [INFO    ] Step 090   Step 103: RTG mid-life degradation control (placebo-epoc   OK SUCCESS  0.56s
[2026-09-21 15:44:58 UTC] [INFO    ] Step 091   Step 104: Spatial holdout and axis localization of the s   OK SUCCESS  1.10s
[2026-09-21 15:44:58 UTC] [INFO    ] Step 092   Step 105: Third-catalogue bidirectional replication (one   OK SUCCESS  36.72s
[2026-09-21 15:44:58 UTC] [INFO    ] Step 093   Step 106: Harmonic-order out-of-sample discrimination, t   OK SUCCESS  7.73s
[2026-09-21 15:44:58 UTC] [INFO    ] Step 094   Step 107: Named-direction audit of the recovered axes (g   OK SUCCESS  0.51s
[2026-09-21 15:44:58 UTC] [INFO    ] Step 095   Step 108: Full-population aphelion dipole on the MPC Com   OK SUCCESS  11.28s
[2026-09-21 15:44:58 UTC] [INFO    ] Step 096   Step 109: Discovery-bias audit of the CometEls census di   OK SUCCESS  6.60s
[2026-09-21 15:44:58 UTC] [INFO    ] Step 097   Step 110: Directional vs axisymmetric decomposition of t   OK SUCCESS  4.32s
[2026-09-21 15:44:58 UTC] [INFO    ] Step 098   Step 111: Detachment-cut coherence map of the resident a   OK SUCCESS  1.78s
[2026-09-21 15:44:58 UTC] [INFO    ] Step 099   Step 112: OSSOS characterized-ensemble audit (class-awar   OK SUCCESS  2.49s
[2026-09-21 15:44:58 UTC] [INFO    ] Step 100   Step 113: Independent-survey resident ledger (SBDB+DES+O   OK SUCCESS  1.35s
[2026-09-21 15:44:58 UTC] [INFO    ] Step 101   Step 115: Mixture posterior-predictive audit (each resid   OK SUCCESS  3.87s
[2026-09-21 15:44:58 UTC] [INFO    ] Step 102   Step 116: Empirical discovery-coupling kernel and closed   OK SUCCESS  9.53s
[2026-09-21 15:44:58 UTC] [INFO    ] Step 103   Step 117: Prospective post-2017 SBDB LPC cohort through    OK SUCCESS  5.32s
[2026-09-21 15:44:58 UTC] [INFO    ] Step 104   Step 118: Displaced-dipole audit of the prospective coho   OK SUCCESS  51.84s
[2026-09-21 15:44:58 UTC] [INFO    ] Step 105   Step 119: Mechanism identification for the post-2017 dis   OK SUCCESS  2.10s
[2026-09-21 15:44:58 UTC] [INFO    ] Step 106   Step 120: Era x lineage factorial -- pre-2018 SBDB LPC c   OK SUCCESS  1.82s
[2026-09-21 15:44:58 UTC] [INFO    ] Step 107   Step 121: Masked-signal discrimination -- joint declared   OK SUCCESS  1.98s
[2026-09-21 15:44:58 UTC] [INFO    ] Step 108   Step 122: Anomaly localization on the pre-2018 record --   OK SUCCESS  1.40s
[2026-09-21 15:44:58 UTC] [INFO    ] Step 109   Step 123: Leg-coherence decomposition -- is the overlap    OK SUCCESS  1.34s
[2026-09-21 15:44:58 UTC] [INFO    ] Step 110   Step 124: Lineage-independent aphelion dipole -- reconst   OK SUCCESS  37.19s
[2026-09-21 15:44:58 UTC] [INFO    ] Step 111   Step 125: Displaced-structure temporal characterization    OK SUCCESS  25.07s
[2026-09-21 15:44:58 UTC] [INFO    ] Step 112   Step 126: Ten-channel global cross-survey and multi-line   OK SUCCESS  16.94s
[2026-09-21 15:44:58 UTC] [INFO    ] Step 113   Step 127: Non-Warsaw two-leg refit -- independent LM dif   OK SUCCESS  2.05s
[2026-09-21 15:44:58 UTC] [INFO    ] Step 114   Step 128: Post-2017 two-leg refit masking discriminator    OK SUCCESS  1.95s
[2026-09-21 15:44:58 UTC] [INFO    ] Step 115   Step 129: Frame-anchored bipolar unification test -- per   OK SUCCESS  7.46s
[2026-09-21 15:44:58 UTC] [INFO    ] Step 116   Step 130: Epoch-resolved axis trajectory on the pooled i   OK SUCCESS  76.86s
[2026-09-21 15:44:58 UTC] [INFO    ] Step 117   Step 131: Bipolar cone-shell coherence -- per-era cone-a   OK SUCCESS  12.48s
[2026-09-21 15:44:58 UTC] [INFO    ] Step 118   Step 132: Bipolar meridian and polarity-mirror coherence   OK SUCCESS  3.08s
[2026-09-21 15:44:58 UTC] [INFO    ] Step 119   Step 133: Bipolar harmonic decomposition and cross-popul   OK SUCCESS  2.21s
[2026-09-21 15:44:58 UTC] [INFO    ] Step 120   Step 134: Signature-cohort independent refit -- non-Wars   OK SUCCESS  1.33s
[2026-09-21 15:44:58 UTC] [INFO    ] Step 121   Step 135: Cross-channel axis convergence -- joint bipola   OK SUCCESS  2.10s
[2026-09-21 15:44:58 UTC] [INFO    ] Step 122   Step 136: Solar-wind screening-epoch test -- OMNI daily    OK SUCCESS  1.22s
[2026-09-21 15:44:58 UTC] [INFO    ] Step 123   Step 137: RTG cross-generator degradation regression --    OK SUCCESS  1.82s
[2026-09-21 15:44:58 UTC] [INFO    ] Step 124   Step 138: One-way downlink channel audit -- non-cancelli   OK SUCCESS  0.55s
[2026-09-21 15:44:58 UTC] [INFO    ] Step 125   Step 139: Frozen-geometry predictive battery -- post-hoc   OK SUCCESS  1.11s
[2026-09-21 15:44:58 UTC] [INFO    ] Step 126   Step 140: Astrometric-catalogue stratification -- per-ob   OK SUCCESS  5.69s
[2026-09-21 15:44:58 UTC] [INFO    ] Step 127   Step 141: SCLK signed-drift crossing channel -- signed o   OK SUCCESS  1.21s
[2026-09-21 15:44:58 UTC] [INFO    ] Step 128   Step 142: Gaia covariance-sink audit -- cross-arc leg mi   OK SUCCESS  7.69s
[2026-09-21 15:44:58 UTC] [INFO    ] Step 129   Step 143: Comet non-gravitational acceleration channel -   OK SUCCESS  1.58s
[2026-09-21 15:44:58 UTC] [INFO    ] Step 130   Step 144: Giant-planet secular apsidal channel -- 5 Myr    OK SUCCESS  6.13s
[2026-09-21 15:44:58 UTC] [INFO    ] Step 131   Step 145: Impulse-versus-holonomy transfer-function disc   OK SUCCESS  1.31s
[2026-09-21 15:44:58 UTC] [INFO    ] Step 132   Step 146: SCLK radial lapse-gradient and bipolar-sign ch   OK SUCCESS  1.02s
[2026-09-21 15:44:58 UTC] [INFO    ] Step 133   Step 147: Planetary-ephemeris invariance audit -- bidire   OK SUCCESS  66.07s
[2026-09-21 15:44:58 UTC] [INFO    ] Step 134   Step 148: PWS-anchored SCLK epoch-lock test -- strongest   OK SUCCESS  4.23s
[2026-09-21 15:44:58 UTC] [INFO    ] Step 135   Step 149: Newtonian directional null -- the complete dir   OK SUCCESS  14.11s
[2026-09-21 15:44:58 UTC] [INFO    ] Step 136   Step 150: Channel-dissociation sensitivity audit -- per-   OK SUCCESS  781.91s
[2026-09-21 15:44:58 UTC] [INFO    ] Step 137   Step 151: Slip-injection transfer function -- synthesize   OK SUCCESS  1.62s
[2026-09-21 15:44:58 UTC] [INFO    ] Step 138   Step 152: Arrival-anisotropy conditioned nulls -- eclipt   OK SUCCESS  5.78s
[2026-09-21 15:44:58 UTC] [INFO    ] Step 139   Step 153: Zonal-distortion null -- legacy star-catalogue   OK SUCCESS  400.07s
[2026-09-21 15:44:58 UTC] [INFO    ] Step 140   Step 154: SCLK link-plasma and solar-activity regression   OK SUCCESS  2.75s
[2026-09-21 15:44:58 UTC] [INFO    ] Step 141   Step 155: 1I/Oumuamua slip-injection -> NG-term transfer   OK SUCCESS  178.23s
[2026-09-21 15:44:58 UTC] [INFO    ] Step 142   Step 156: Boundary-radius forward-model scan -- position   OK SUCCESS  1.07s
[2026-09-21 15:44:58 UTC] [INFO    ] Step 143   Step 157: Conventional generative population model -- is   OK SUCCESS  24.41s
[2026-09-21 15:44:58 UTC] [INFO    ] Step 144   Step 158: Metric-derived TEP slip -- winding-holonomy fi   OK SUCCESS  45.62s
[2026-09-21 15:44:58 UTC] [INFO    ] Step 145   Step 159: Perihelion-time leg-slip channel -- osculating   OK SUCCESS  4.94s
[2026-09-21 15:44:58 UTC] [INFO    ] Step 146   Step 160: Independent two-leg refit of the interstellar    OK SUCCESS  49.77s
[2026-09-21 15:44:58 UTC] [INFO    ] Step 147   Step 161: APDB planetary astrometric O-C channel -- O'Ha   OK SUCCESS  2.72s
[2026-09-21 15:44:58 UTC] [INFO    ] Step 148   Step 162: NIMA detached-resident O-C pilot -- Lucky Star   OK SUCCESS  0.18s
[2026-09-21 15:44:58 UTC] [INFO    ] Step 149   Step 163: Forward-modelled comet discovery footprint --    OK SUCCESS  41.98s
[2026-09-21 15:44:58 UTC] [INFO    ] Step 150   Step 164: TEP-side generative model for the arrival anis   OK SUCCESS  5.17s
[2026-09-21 15:44:58 UTC] [INFO    ] Step 151   Step 114: Manuscript claims-trace audit (every cited ste   OK SUCCESS  1.37s
[2026-09-21 15:44:58 UTC] [INFO    ] ----------------------------------------------------------------------
[2026-09-21 15:44:58 UTC] [INFO    ] Statistics
[2026-09-21 15:44:58 UTC] [INFO    ] ----------------------------------------------------------------------
[2026-09-21 15:44:58 UTC] [INFO    ] Total steps:     151
[2026-09-21 15:44:58 UTC] [INFO    ] Attempted:       151
[2026-09-21 15:44:58 UTC] [INFO    ] Successful:      151
[2026-09-21 15:44:58 UTC] [INFO    ] Failed:          0
[2026-09-21 15:44:58 UTC] [INFO    ] Success rate:    100.0%
[2026-09-21 15:44:58 UTC] [INFO    ] ----------------------------------------------------------------------
[2026-09-21 15:44:58 UTC] [INFO    ] Research Accountability & Reproducibility
[2026-09-21 15:44:58 UTC] [INFO    ] ----------------------------------------------------------------------
[2026-09-21 15:44:58 UTC] [INFO    ] Research audit generated: RESEARCH_AUDIT_20260921_164458.json
[2026-09-21 15:44:58 UTC] [INFO    ] ----------------------------------------------------------------------
[2026-09-21 15:44:58 UTC] [INFO    ] Output Locations
[2026-09-21 15:44:58 UTC] [INFO    ] ----------------------------------------------------------------------
[2026-09-21 15:44:58 UTC] [INFO    ] Log file:         /Users/matthewsmawfield/www/Temporal Equivalence Principle/TEP-9/logs/pipeline.log
[2026-09-21 15:44:58 UTC] [INFO    ] Results:          /Users/matthewsmawfield/www/Temporal Equivalence Principle/TEP-9/results
[2026-09-21 15:44:58 UTC] [INFO    ] Figures:          /Users/matthewsmawfield/www/Temporal Equivalence Principle/TEP-9/results/figures
[2026-09-21 15:44:58 UTC] [INFO    ] 
[2026-09-21 15:44:58 UTC] [SUCCESS ] [OK] PIPELINE COMPLETED SUCCESSFULLY
