[INFO] [STEP 117] LOGGER INITIALIZED: step_117_prospective_lpc (Step 117)
[INFO] [STEP 117] ================================================================================
[INFO] [STEP 117] Prospective validation cohort: post-2017 SBDB LPCs (REBOUND/DE440s)
[INFO] [STEP 117] ================================================================================
[INFO] [STEP 117] using cached sbdb_comets_all.json
[INFO] [STEP 117] SBDB comet table: 4077 rows, fields 22
[INFO] [STEP 117] post-2017 comets: near-parabolic usable 287; deep-plunger primary (q<3.1) 148; bound controls 64; excluded {'year': 2815, 'frag': 13, 'e': 0, 'q': 4, 'arc': 11, 'iso': 2}
[INFO] [STEP 117] integrating primary cohort ...
[INFO] [STEP 117] prospective: 287 comets to integrate (0 checkpointed)
[WARNING] [STEP 117] ⚠ C/2018 E1 (ATLAS): osculating aphelion 106 AU < 225 AU -- boundary unreachable
[WARNING] [STEP 117] ⚠ C/2019 A9 (PANSTARRS): osculating aphelion 76 AU < 225 AU -- boundary unreachable
[WARNING] [STEP 117] ⚠ C/2019 J1 (Lemmon): osculating aphelion 141 AU < 225 AU -- boundary unreachable
[WARNING] [STEP 117] ⚠ C/2020 B2 (Lemmon): osculating aphelion 133 AU < 225 AU -- boundary unreachable
[WARNING] [STEP 117] ⚠ C/2020 K4 (PANSTARRS): osculating aphelion 90 AU < 225 AU -- boundary unreachable
[WARNING] [STEP 117] ⚠ C/2020 M3 (ATLAS): osculating aphelion 52 AU < 225 AU -- boundary unreachable
[WARNING] [STEP 117] ⚠ C/2020 N2 (ATLAS): osculating aphelion 202 AU < 225 AU -- boundary unreachable
[WARNING] [STEP 117] ⚠ C/2020 Q1 (Borisov): osculating aphelion 118 AU < 225 AU -- boundary unreachable
[WARNING] [STEP 117] ⚠ C/2020 R4 (ATLAS): osculating aphelion 193 AU < 225 AU -- boundary unreachable
[WARNING] [STEP 117] ⚠ C/2020 U3 (Rankin): osculating aphelion 127 AU < 225 AU -- boundary unreachable
[WARNING] [STEP 117] ⚠ C/2021 A4 (NEOWISE): osculating aphelion 84 AU < 225 AU -- boundary unreachable
[WARNING] [STEP 117] ⚠ C/2021 A10 (NEOWISE): osculating aphelion 184 AU < 225 AU -- boundary unreachable
[WARNING] [STEP 117] ⚠ C/2021 C3 (Catalina): osculating aphelion 125 AU < 225 AU -- boundary unreachable
[WARNING] [STEP 117] ⚠ C/2021 D1 (SWAN): osculating aphelion 191 AU < 225 AU -- boundary unreachable
[WARNING] [STEP 117] ⚠ C/2021 G1 (Leonard): osculating aphelion 148 AU < 225 AU -- boundary unreachable
[WARNING] [STEP 117] ⚠ C/2021 U4 (Leonard): osculating aphelion 86 AU < 225 AU -- boundary unreachable
[WARNING] [STEP 117] ⚠ C/2022 J1 (Maury-Attard): osculating aphelion 94 AU < 225 AU -- boundary unreachable
[WARNING] [STEP 117] ⚠ C/2022 J2 (Bok): osculating aphelion 183 AU < 225 AU -- boundary unreachable
[WARNING] [STEP 117] ⚠ C/2022 N1 (Attard-Maury): osculating aphelion 73 AU < 225 AU -- boundary unreachable
[WARNING] [STEP 117] ⚠ C/2022 U2 (ATLAS): osculating aphelion 190 AU < 225 AU -- boundary unreachable
[WARNING] [STEP 117] ⚠ C/2023 P1 (Nishimura): osculating aphelion 115 AU < 225 AU -- boundary unreachable
[WARNING] [STEP 117] ⚠ C/2023 S3 (Lemmon): osculating aphelion 56 AU < 225 AU -- boundary unreachable
[WARNING] [STEP 117] ⚠ C/2023 TD22 (Lemmon): osculating aphelion 94 AU < 225 AU -- boundary unreachable
[WARNING] [STEP 117] ⚠ C/2024 C4 (ATLAS): osculating aphelion 167 AU < 225 AU -- boundary unreachable
[WARNING] [STEP 117] ⚠ C/2024 PN7 (PANSTARRS): osculating aphelion 133 AU < 225 AU -- boundary unreachable
[INFO] [STEP 117] prospective: 25/287 integrated
[WARNING] [STEP 117] ⚠ C/2024 T3 (PANSTARRS): osculating aphelion 165 AU < 225 AU -- boundary unreachable
[WARNING] [STEP 117] ⚠ C/2025 R2 (SWAN): osculating aphelion 173 AU < 225 AU -- boundary unreachable
[WARNING] [STEP 117] ⚠ C/2026 AZ17 (Bok): osculating aphelion 127 AU < 225 AU -- boundary unreachable
[WARNING] [STEP 117] ⚠ C/2018 A3 (ATLAS): 
================================================================================

Toolkit version: CSPICE_N0067

SPICE(DAFFRNOTFOUND) --

File record not found for file handle 1. Check if program code uses handle 1 for a read or write operation.

spkezr_c --> SPKEZR --> SPKEZ --> SPKGEO --> SPKSFS --> DAFBBS --> DAFRFR

================================================================================
[WARNING] [STEP 117] ⚠ C/2018 B1 (Lemmon): 
================================================================================

Toolkit version: CSPICE_N0067

SPICE(DAFFRNOTFOUND) --

File record not found for file handle 1. Check if program code uses handle 1 for a read or write operation.

spkezr_c --> SPKEZR --> SPKEZ --> SPKGEO --> SPKSFS --> DAFBBS --> DAFRFR

================================================================================
[WARNING] [STEP 117] ⚠ C/2018 C2 (Lemmon): 
================================================================================

Toolkit version: CSPICE_N0067

SPICE(DAFFRNOTFOUND) --

File record not found for file handle 1. Check if program code uses handle 1 for a read or write operation.

spkezr_c --> SPKEZR --> SPKEZ --> SPKGEO --> SPKSFS --> DAFBBS --> DAFRFR

================================================================================
[WARNING] [STEP 117] ⚠ C/2018 E2 (Barros): 
================================================================================

Toolkit version: CSPICE_N0067

SPICE(DAFNOSUCHHANDLE) --

There is no file open with handle = 0

spkezr_c --> SPKEZR --> SPKEZ --> SPKGEO --> SPKSFS --> DAFBBS --> DAFHFN

================================================================================
[WARNING] [STEP 117] ⚠ C/2018 EF9 (Lemmon): 
================================================================================

Toolkit version: CSPICE_N0067

SPICE(DAFFRNOTFOUND) --

File record not found for file handle 1. Check if program code uses handle 1 for a read or write operation.

spkezr_c --> SPKEZR --> SPKEZ --> SPKGEO --> SPKSFS --> DAFBBS --> DAFRFR

================================================================================
[WARNING] [STEP 117] ⚠ C/2018 F1 (Grauer): 
================================================================================

Toolkit version: CSPICE_N0067

SPICE(DAFCRNOTFOUND) --

Could not read record 63. IOSTAT was -1.

spkezr_c --> SPKEZR --> SPKEZ --> SPKGEO --> SPKSFS --> DAFGN --> DAFRCR

================================================================================
[WARNING] [STEP 117] ⚠ C/2018 F4 (PANSTARRS): 
================================================================================

Toolkit version: CSPICE_N0067

SPICE(DAFNOSUCHHANDLE) --

There is no file open with handle = 0

spkezr_c --> SPKEZR --> SPKEZ --> SPKGEO --> SPKSFS --> DAFBBS --> DAFHFN

================================================================================
[WARNING] [STEP 117] ⚠ C/2018 KJ3 (Lemmon): 
================================================================================

Toolkit version: CSPICE_N0067

SPICE(INVALIDRADIUS) --

Interval radius must be positive but was 0.0000000000000E+00.

spkezr_c --> SPKEZR --> SPKEZ --> SPKGEO --> SPKPVN --> SPKE02

================================================================================
[WARNING] [STEP 117] ⚠ C/2018 L2 (ATLAS): 
================================================================================

Toolkit version: CSPICE_N0067

SPICE(DAFFRNOTFOUND) --

File record not found for file handle 1. Check if program code uses handle 1 for a read or write operation.

spkezr_c --> SPKEZR --> SPKEZ --> SPKGEO --> SPKSFS --> DAFBBS --> DAFRFR

================================================================================
[WARNING] [STEP 117] ⚠ C/2018 N1 (NEOWISE): 
================================================================================

Toolkit version: CSPICE_N0067

SPICE(DAFNOSUCHHANDLE) --

There is no file open with handle = 0

spkezr_c --> SPKEZR --> SPKEZ --> SPKGEO --> SPKSFS --> DAFBBS --> DAFHFN

================================================================================
[WARNING] [STEP 117] ⚠ C/2018 N2 (ASASSN): 
================================================================================

Toolkit version: CSPICE_N0067

SPICE(DAFNOSUCHHANDLE) --

There is no file open with handle = 0

spkezr_c --> SPKEZR --> SPKEZ --> SPKGEO --> SPKSFS --> DAFBBS --> DAFHFN

================================================================================
[WARNING] [STEP 117] ⚠ C/2018 R3 (Lemmon): 
================================================================================

Toolkit version: CSPICE_N0067

SPICE(DAFNOSUCHHANDLE) --

There is no file open with handle = 0

spkezr_c --> SPKEZR --> SPKEZ --> SPKGEO --> SPKSFS --> DAFBBS --> DAFHFN

================================================================================
[WARNING] [STEP 117] ⚠ C/2018 R4 (Fuls): 
================================================================================

Toolkit version: CSPICE_N0067

SPICE(DAFFRNOTFOUND) --

File record not found for file handle 1. Check if program code uses handle 1 for a read or write operation.

spkezr_c --> SPKEZR --> SPKEZ --> SPKGEO --> SPKSFS --> DAFBBS --> DAFRFR

================================================================================
[WARNING] [STEP 117] ⚠ C/2018 S3 (TESS): 
================================================================================

Toolkit version: CSPICE_N0067

SPICE(DAFFRNOTFOUND) --

File record not found for file handle 1. Check if program code uses handle 1 for a read or write operation.

spkezr_c --> SPKEZR --> SPKEZ --> SPKGEO --> SPKSFS --> DAFBBS --> DAFRFR

================================================================================
[WARNING] [STEP 117] ⚠ C/2018 U1 (Lemmon): 
================================================================================

Toolkit version: CSPICE_N0067

SPICE(DAFNOSUCHHANDLE) --

There is no file open with handle = 0

spkezr_c --> SPKEZR --> SPKEZ --> SPKGEO --> SPKSFS --> DAFBBS --> DAFHFN

================================================================================
[WARNING] [STEP 117] ⚠ C/2018 V1 (Machholz-Fujikawa-Iwamoto): 
================================================================================

Toolkit version: CSPICE_N0067

SPICE(DAFNOSUCHHANDLE) --

There is no file open with handle = 0

spkezr_c --> SPKEZR --> SPKEZ --> SPKGEO --> SPKSFS --> DAFBBS --> DAFHFN

================================================================================
[WARNING] [STEP 117] ⚠ C/2018 V4 (Africano): 
================================================================================

Toolkit version: CSPICE_N0067

SPICE(DAFFRNOTFOUND) --

File record not found for file handle 1. Check if program code uses handle 1 for a read or write operation.

spkezr_c --> SPKEZR --> SPKEZ --> SPKGEO --> SPKSFS --> DAFBBS --> DAFRFR

================================================================================
[WARNING] [STEP 117] ⚠ C/2018 W2 (Africano): 
================================================================================

Toolkit version: CSPICE_N0067

SPICE(DAFFRNOTFOUND) --

File record not found for file handle 1. Check if program code uses handle 1 for a read or write operation.

spkezr_c --> SPKEZR --> SPKEZ --> SPKGEO --> SPKSFS --> DAFBBS --> DAFRFR

================================================================================
[WARNING] [STEP 117] ⚠ C/2018 X2 (Fitzsimmons): 
================================================================================

Toolkit version: CSPICE_N0067

SPICE(DAFFRNOTFOUND) --

File record not found for file handle 1. Check if program code uses handle 1 for a read or write operation.

spkezr_c --> SPKEZR --> SPKEZ --> SPKGEO --> SPKSFS --> DAFBBS --> DAFRFR

================================================================================
[WARNING] [STEP 117] ⚠ C/2018 Y1 (Iwamoto): 
================================================================================

Toolkit version: CSPICE_N0067

SPICE(DAFFRNOTFOUND) --

File record not found for file handle 1. Check if program code uses handle 1 for a read or write operation.

spkezr_c --> SPKEZR --> SPKEZ --> SPKGEO --> SPKSFS --> DAFBBS --> DAFRFR

================================================================================
[WARNING] [STEP 117] ⚠ C/2019 B1 (Africano): 
================================================================================

Toolkit version: CSPICE_N0067

SPICE(DAFFRNOTFOUND) --

File record not found for file handle 1. Check if program code uses handle 1 for a read or write operation.

spkezr_c --> SPKEZR --> SPKEZ --> SPKGEO --> SPKSFS --> DAFBBS --> DAFRFR

================================================================================
[WARNING] [STEP 117] ⚠ C/2019 B3 (PANSTARRS): 
================================================================================

Toolkit version: CSPICE_N0067

SPICE(DAFCRNOTFOUND) --

Could not read record 63. IOSTAT was 200.

spkezr_c --> SPKEZR --> SPKEZ --> SPKGEO --> SPKSFS --> DAFGN --> DAFRCR

================================================================================
[INFO] [STEP 117] prospective: 50/287 integrated
[WARNING] [STEP 117] ⚠ C/2019 C1 (ATLAS): 
================================================================================

Toolkit version: CSPICE_N0067

SPICE(DAFBEGGTEND) --

Beginning address (1604151) greater than ending address (1604150).

spkezr_c --> SPKEZR --> SPKEZ --> SPKGEO --> SPKPVN --> SPKR02 --> DAFGDA

================================================================================
[WARNING] [STEP 117] ⚠ C/2019 D1 (Flewelling): 
================================================================================

Toolkit version: CSPICE_N0067

SPICE(DAFNOSUCHHANDLE) --

There is no file open with handle = 0

spkezr_c --> SPKEZR --> SPKEZ --> SPKGEO --> SPKSFS --> DAFBBS --> DAFHFN

================================================================================
[WARNING] [STEP 117] ⚠ C/2019 E3 (ATLAS): 
================================================================================

Toolkit version: CSPICE_N0067

SPICE(DAFNOSUCHHANDLE) --

There is no file open with handle = 0

spkezr_c --> SPKEZR --> SPKEZ --> SPKGEO --> SPKSFS --> DAFBBS --> DAFHFN

================================================================================
[WARNING] [STEP 117] ⚠ C/2019 F1 (ATLAS-Africano): 
================================================================================

Toolkit version: CSPICE_N0067

SPICE(DAFNOSUCHHANDLE) --

There is no file open with handle = 0

spkezr_c --> SPKEZR --> SPKEZ --> SPKGEO --> SPKSFS --> DAFBBS --> DAFHFN

================================================================================
[WARNING] [STEP 117] ⚠ C/2019 G2 (PANSTARRS): 
================================================================================

Toolkit version: CSPICE_N0067

SPICE(DAFFRNOTFOUND) --

File record not found for file handle 1. Check if program code uses handle 1 for a read or write operation.

spkezr_c --> SPKEZR --> SPKEZ --> SPKGEO --> SPKSFS --> DAFBBS --> DAFRFR

================================================================================
[WARNING] [STEP 117] ⚠ C/2019 H1 (NEOWISE): 
================================================================================

Toolkit version: CSPICE_N0067

SPICE(DAFFRNOTFOUND) --

File record not found for file handle 1. Check if program code uses handle 1 for a read or write operation.

spkezr_c --> SPKEZR --> SPKEZ --> SPKGEO --> SPKSFS --> DAFBBS --> DAFRFR

================================================================================
[WARNING] [STEP 117] ⚠ C/2019 J2 (Palomar): 
================================================================================

Toolkit version: CSPICE_N0067

SPICE(DAFFRNOTFOUND) --

File record not found for file handle 1. Check if program code uses handle 1 for a read or write operation.

spkezr_c --> SPKEZR --> SPKEZ --> SPKGEO --> SPKSFS --> DAFBBS --> DAFRFR

================================================================================
[WARNING] [STEP 117] ⚠ C/2019 J3 (ATLAS): 
================================================================================

Toolkit version: CSPICE_N0067

SPICE(DAFNOSUCHHANDLE) --

There is no file open with handle = 0

spkezr_c --> SPKEZR --> SPKEZ --> SPKGEO --> SPKSFS --> DAFBBS --> DAFHFN

================================================================================
[WARNING] [STEP 117] ⚠ C/2019 JU6 (ATLAS): 
================================================================================

Toolkit version: CSPICE_N0067

SPICE(DAFFRNOTFOUND) --

File record not found for file handle 1. Check if program code uses handle 1 for a read or write operation.

spkezr_c --> SPKEZR --> SPKEZ --> SPKGEO --> SPKSFS --> DAFBBS --> DAFRFR

================================================================================
[WARNING] [STEP 117] ⚠ C/2019 K1 (ATLAS): 
================================================================================

Toolkit version: CSPICE_N0067

SPICE(DAFCRNOTFOUND) --

Could not read record 63. IOSTAT was 200.

spkezr_c --> SPKEZR --> SPKEZ --> SPKGEO --> SPKSFS --> DAFGN --> DAFRCR

================================================================================
[WARNING] [STEP 117] ⚠ C/2019 K4 (Ye): 
================================================================================

Toolkit version: CSPICE_N0067

SPICE(DAFFRNOTFOUND) --

File record not found for file handle 1. Check if program code uses handle 1 for a read or write operation.

spkezr_c --> SPKEZR --> SPKEZ --> SPKGEO --> SPKSFS --> DAFBBS --> DAFRFR

================================================================================
[WARNING] [STEP 117] ⚠ C/2019 K5 (Young): 
================================================================================

Toolkit version: CSPICE_N0067

SPICE(DAFFRNOTFOUND) --

File record not found for file handle 1. Check if program code uses handle 1 for a read or write operation.

spkezr_c --> SPKEZR --> SPKEZ --> SPKGEO --> SPKSFS --> DAFBBS --> DAFRFR

================================================================================
[WARNING] [STEP 117] ⚠ C/2019 K6 (PANSTARRS): 
================================================================================

Toolkit version: CSPICE_N0067

SPICE(INVALIDRADIUS) --

Interval radius must be positive but was -5.0228353827134E+02.

spkezr_c --> SPKEZR --> SPKEZ --> SPKGEO --> SPKPVN --> SPKE02

================================================================================
[WARNING] [STEP 117] ⚠ C/2019 K7 (Smith): 
================================================================================

Toolkit version: CSPICE_N0067

SPICE(INVALIDRADIUS) --

Interval radius must be positive but was -5.2607463436406E+01.

spkezr_c --> SPKEZR --> SPKEZ --> SPKGEO --> SPKPVN --> SPKE02

================================================================================
[WARNING] [STEP 117] ⚠ C/2019 K8 (ATLAS): 
================================================================================

Toolkit version: CSPICE_N0067

SPICE(DAFNOSUCHHANDLE) --

There is no file open with handle = 0

spkezr_c --> SPKEZR --> SPKEZ --> SPKGEO --> SPKSFS --> DAFBBS --> DAFHFN

================================================================================
[WARNING] [STEP 117] ⚠ C/2019 L3 (ATLAS): 
================================================================================

Toolkit version: CSPICE_N0067

SPICE(INVALIDRADIUS) --

Interval radius must be positive but was -1.8484351222798E+07.

spkezr_c --> SPKEZR --> SPKEZ --> SPKGEO --> SPKPVN --> SPKE02

================================================================================
[WARNING] [STEP 117] ⚠ C/2019 M3 (ATLAS): 
================================================================================

Toolkit version: CSPICE_N0067

SPICE(DAFBEGGTEND) --

Beginning address (1638843) greater than ending address (1637603).

spkezr_c --> SPKEZR --> SPKEZ --> SPKGEO --> SPKPVN --> SPKR02 --> DAFGDA

================================================================================
[WARNING] [STEP 117] ⚠ C/2019 M4 (TESS): 
================================================================================

Toolkit version: CSPICE_N0067

SPICE(DAFFRNOTFOUND) --

File record not found for file handle 1. Check if program code uses handle 1 for a read or write operation.

spkezr_c --> SPKEZR --> SPKEZ --> SPKGEO --> SPKSFS --> DAFBBS --> DAFRFR

================================================================================
[WARNING] [STEP 117] ⚠ C/2019 N1 (ATLAS): 
================================================================================

Toolkit version: CSPICE_N0067

SPICE(DAFFRNOTFOUND) --

File record not found for file handle 1. Check if program code uses handle 1 for a read or write operation.

spkezr_c --> SPKEZR --> SPKEZ --> SPKGEO --> SPKSFS --> DAFBBS --> DAFRFR

================================================================================
[WARNING] [STEP 117] ⚠ C/2019 NJ3 (Lemmon): 
================================================================================

Toolkit version: CSPICE_N0067

SPICE(DAFBEGGTEND) --

Beginning address (1638843) greater than ending address (1637603).

spkezr_c --> SPKEZR --> SPKEZ --> SPKGEO --> SPKPVN --> SPKR02 --> DAFGDA

================================================================================
[WARNING] [STEP 117] ⚠ C/2019 O3 (Palomar): 
================================================================================

Toolkit version: CSPICE_N0067

SPICE(DAFBEGGTEND) --

Beginning address (1604151) greater than ending address (1604150).

spkezr_c --> SPKEZR --> SPKEZ --> SPKGEO --> SPKPVN --> SPKR02 --> DAFGDA

================================================================================
[WARNING] [STEP 117] ⚠ C/2019 Q1 (Lemmon): 
================================================================================

Toolkit version: CSPICE_N0067

SPICE(SPKINSUFFDATA) --

Insufficient ephemeris data has been loaded to compute the state of 1 (MERCURY BARYCENTER) relative to 0 (SOLAR SYSTEM BARYCENTER) at the ephemeris epoch 2020 APR 08 00:00:00.000.

spkezr_c --> SPKEZR --> SPKEZ --> SPKGEO

================================================================================
[WARNING] [STEP 117] ⚠ C/2019 Q3 (PANSTARRS): 
================================================================================

Toolkit version: CSPICE_N0067

SPICE(INVALIDRADIUS) --

Interval radius must be positive but was -5.0228353827134E+02.

spkezr_c --> SPKEZR --> SPKEZ --> SPKGEO --> SPKPVN --> SPKE02

================================================================================
[WARNING] [STEP 117] ⚠ C/2019 S4 (Lemmon): 
================================================================================

Toolkit version: CSPICE_N0067

SPICE(RECORDNOTFOUND) --

Attempt to read descriptor record 0 of DAF '/Users/matthewsmawfield/www/Temporal Equivalence Principle/TEP-9/data/raw/spice/de440s.bsp' failed; record was not found. This condition may indicate a corrupted DAF.

spkezr_c --> SPKEZR --> SPKEZ --> SPKGEO --> SPKSFS --> DAFBBS

================================================================================
[WARNING] [STEP 117] ⚠ C/2019 T2 (Lemmon): 
================================================================================

Toolkit version: CSPICE_N0067

SPICE(DAFBEGGTEND) --

Beginning address (1638843) greater than ending address (1637603).

spkezr_c --> SPKEZR --> SPKEZ --> SPKGEO --> SPKPVN --> SPKR02 --> DAFGDA

================================================================================
[INFO] [STEP 117] prospective: 75/287 integrated
[WARNING] [STEP 117] ⚠ C/2019 T3 (ATLAS): 
================================================================================

Toolkit version: CSPICE_N0067

SPICE(DAFBEGGTEND) --

Beginning address (1604151) greater than ending address (1604150).

spkezr_c --> SPKEZR --> SPKEZ --> SPKGEO --> SPKPVN --> SPKR02 --> DAFGDA

================================================================================
[WARNING] [STEP 117] ⚠ C/2019 T4 (ATLAS): 
================================================================================

Toolkit version: CSPICE_N0067

SPICE(DAFFRNOTFOUND) --

File record not found for file handle 1. Check if program code uses handle 1 for a read or write operation.

spkezr_c --> SPKEZR --> SPKEZ --> SPKGEO --> SPKSFS --> DAFBBS --> DAFRFR

================================================================================
[WARNING] [STEP 117] ⚠ C/2019 U5 (PANSTARRS): 
================================================================================

Toolkit version: CSPICE_N0067

SPICE(RECORDNOTFOUND) --

Attempt to read descriptor record 0 of DAF '/Users/matthewsmawfield/www/Temporal Equivalence Principle/TEP-9/data/raw/spice/de440s.bsp' failed; record was not found. This condition may indicate a corrupted DAF.

spkezr_c --> SPKEZR --> SPKEZ --> SPKGEO --> SPKSFS --> DAFBBS

================================================================================
[WARNING] [STEP 117] ⚠ C/2019 U6 (Lemmon): 
================================================================================

Toolkit version: CSPICE_N0067

SPICE(DAFFRNOTFOUND) --

File record not found for file handle 1. Check if program code uses handle 1 for a read or write operation.

spkezr_c --> SPKEZR --> SPKEZ --> SPKGEO --> SPKSFS --> DAFBBS --> DAFRFR

================================================================================
[WARNING] [STEP 117] ⚠ C/2019 V1 (Borisov): 
================================================================================

Toolkit version: CSPICE_N0067

SPICE(RECORDNOTFOUND) --

Attempt to read descriptor record 0 of DAF '/Users/matthewsmawfield/www/Temporal Equivalence Principle/TEP-9/data/raw/spice/de440s.bsp' failed; record was not found. This condition may indicate a corrupted DAF.

spkezr_c --> SPKEZR --> SPKEZ --> SPKGEO --> SPKSFS --> DAFBBS

================================================================================
[WARNING] [STEP 117] ⚠ C/2019 Y1 (ATLAS): 
================================================================================

Toolkit version: CSPICE_N0067

SPICE(DAFBEGGTEND) --

Beginning address (1638843) greater than ending address (1637603).

spkezr_c --> SPKEZR --> SPKEZ --> SPKGEO --> SPKPVN --> SPKR02 --> DAFGDA

================================================================================
[WARNING] [STEP 117] ⚠ C/2019 Y4 (ATLAS): 
================================================================================

Toolkit version: CSPICE_N0067

SPICE(DAFBEGGTEND) --

Beginning address (1604151) greater than ending address (1604150).

spkezr_c --> SPKEZR --> SPKEZ --> SPKGEO --> SPKPVN --> SPKR02 --> DAFGDA

================================================================================
[WARNING] [STEP 117] ⚠ C/2019 Y5 (PANSTARRS): 
================================================================================

Toolkit version: CSPICE_N0067

SPICE(DAFFRNOTFOUND) --

File record not found for file handle 1. Check if program code uses handle 1 for a read or write operation.

spkezr_c --> SPKEZR --> SPKEZ --> SPKGEO --> SPKSFS --> DAFBBS --> DAFRFR

================================================================================
[WARNING] [STEP 117] ⚠ C/2020 A2 (Iwamoto): 
================================================================================

Toolkit version: CSPICE_N0067

SPICE(DAFFRNOTFOUND) --

File record not found for file handle 1. Check if program code uses handle 1 for a read or write operation.

spkezr_c --> SPKEZR --> SPKEZ --> SPKGEO --> SPKSFS --> DAFBBS --> DAFRFR

================================================================================
[WARNING] [STEP 117] ⚠ C/2020 A3 (ATLAS): 
================================================================================

Toolkit version: CSPICE_N0067

SPICE(DAFBEGGTEND) --

Beginning address (1638843) greater than ending address (1637603).

spkezr_c --> SPKEZR --> SPKEZ --> SPKGEO --> SPKPVN --> SPKR02 --> DAFGDA

================================================================================
[WARNING] [STEP 117] ⚠ C/2020 B3 (Rankin): 
================================================================================

Toolkit version: CSPICE_N0067

SPICE(DAFBEGGTEND) --

Beginning address (1638843) greater than ending address (1637603).

spkezr_c --> SPKEZR --> SPKEZ --> SPKGEO --> SPKPVN --> SPKR02 --> DAFGDA

================================================================================
[WARNING] [STEP 117] ⚠ C/2020 F2 (ATLAS): 
================================================================================

Toolkit version: CSPICE_N0067

SPICE(DAFBEGGTEND) --

Beginning address (1604151) greater than ending address (1604150).

spkezr_c --> SPKEZR --> SPKEZ --> SPKGEO --> SPKPVN --> SPKR02 --> DAFGDA

================================================================================
[WARNING] [STEP 117] ⚠ C/2020 F3 (NEOWISE): 
================================================================================

Toolkit version: CSPICE_N0067

SPICE(DAFBEGGTEND) --

Beginning address (1638843) greater than ending address (1637603).

spkezr_c --> SPKEZR --> SPKEZ --> SPKGEO --> SPKPVN --> SPKR02 --> DAFGDA

================================================================================
[WARNING] [STEP 117] ⚠ C/2020 F5 (MASTER): 
================================================================================

Toolkit version: CSPICE_N0067

SPICE(DAFBEGGTEND) --

Beginning address (1604151) greater than ending address (1604150).

spkezr_c --> SPKEZR --> SPKEZ --> SPKGEO --> SPKPVN --> SPKR02 --> DAFGDA

================================================================================
[WARNING] [STEP 117] ⚠ C/2020 F6 (PANSTARRS): 
================================================================================

Toolkit version: CSPICE_N0067

SPICE(DAFBEGGTEND) --

Beginning address (1604151) greater than ending address (1604150).

spkezr_c --> SPKEZR --> SPKEZ --> SPKGEO --> SPKPVN --> SPKR02 --> DAFGDA

================================================================================
[WARNING] [STEP 117] ⚠ C/2020 F7 (Lemmon): 
================================================================================

Toolkit version: CSPICE_N0067

SPICE(DAFBEGGTEND) --

Beginning address (1638843) greater than ending address (1637603).

spkezr_c --> SPKEZR --> SPKEZ --> SPKGEO --> SPKPVN --> SPKR02 --> DAFGDA

================================================================================
[WARNING] [STEP 117] ⚠ C/2020 F8 (SWAN): 
================================================================================

Toolkit version: CSPICE_N0067

SPICE(DAFBEGGTEND) --

Beginning address (1638843) greater than ending address (1637603).

spkezr_c --> SPKEZR --> SPKEZ --> SPKGEO --> SPKPVN --> SPKR02 --> DAFGDA

================================================================================
[WARNING] [STEP 117] ⚠ C/2020 H2 (Pruyne): 
================================================================================

Toolkit version: CSPICE_N0067

SPICE(DAFBEGGTEND) --

Beginning address (1604151) greater than ending address (1604150).

spkezr_c --> SPKEZR --> SPKEZ --> SPKGEO --> SPKPVN --> SPKR02 --> DAFGDA

================================================================================
[WARNING] [STEP 117] ⚠ C/2020 H3 (Wierzchos): 
================================================================================

Toolkit version: CSPICE_N0067

SPICE(DAFBEGGTEND) --

Beginning address (1638843) greater than ending address (1637603).

spkezr_c --> SPKEZR --> SPKEZ --> SPKGEO --> SPKPVN --> SPKR02 --> DAFGDA

================================================================================
[WARNING] [STEP 117] ⚠ C/2020 H4 (Leonard): 
================================================================================

Toolkit version: CSPICE_N0067

SPICE(DAFBEGGTEND) --

Beginning address (1604151) greater than ending address (1604150).

spkezr_c --> SPKEZR --> SPKEZ --> SPKGEO --> SPKPVN --> SPKR02 --> DAFGDA

================================================================================
[WARNING] [STEP 117] ⚠ C/2020 H5 (Robinson): 
================================================================================

Toolkit version: CSPICE_N0067

SPICE(DAFBEGGTEND) --

Beginning address (1638843) greater than ending address (1637603).

spkezr_c --> SPKEZR --> SPKEZ --> SPKGEO --> SPKPVN --> SPKR02 --> DAFGDA

================================================================================
[WARNING] [STEP 117] ⚠ C/2020 H6 (ATLAS): 
================================================================================

Toolkit version: CSPICE_N0067

SPICE(DAFBEGGTEND) --

Beginning address (1604151) greater than ending address (1604150).

spkezr_c --> SPKEZR --> SPKEZ --> SPKGEO --> SPKPVN --> SPKR02 --> DAFGDA

================================================================================
[WARNING] [STEP 117] ⚠ C/2020 H7 (Lemmon): 
================================================================================

Toolkit version: CSPICE_N0067

SPICE(DAFBEGGTEND) --

Beginning address (1638843) greater than ending address (1637603).

spkezr_c --> SPKEZR --> SPKEZ --> SPKGEO --> SPKPVN --> SPKR02 --> DAFGDA

================================================================================
[WARNING] [STEP 117] ⚠ C/2020 H8 (PANSTARRS): 
================================================================================

Toolkit version: CSPICE_N0067

SPICE(DAFBEGGTEND) --

Beginning address (1604151) greater than ending address (1604150).

spkezr_c --> SPKEZR --> SPKEZ --> SPKGEO --> SPKPVN --> SPKR02 --> DAFGDA

================================================================================
[WARNING] [STEP 117] ⚠ C/2020 H11 (PANSTARRS-Lemmon): 
================================================================================

Toolkit version: CSPICE_N0067

SPICE(DAFBEGGTEND) --

Beginning address (1638843) greater than ending address (1637603).

spkezr_c --> SPKEZR --> SPKEZ --> SPKGEO --> SPKPVN --> SPKR02 --> DAFGDA

================================================================================
[INFO] [STEP 117] prospective: 100/287 integrated
[WARNING] [STEP 117] ⚠ C/2020 J1 (SONEAR): 
================================================================================

Toolkit version: CSPICE_N0067

SPICE(DAFFRNOTFOUND) --

File record not found for file handle 1. Check if program code uses handle 1 for a read or write operation.

spkezr_c --> SPKEZR --> SPKEZ --> SPKGEO --> SPKSFS --> DAFBBS --> DAFRFR

================================================================================
[WARNING] [STEP 117] ⚠ C/2020 K1 (PANSTARRS): 
================================================================================

Toolkit version: CSPICE_N0067

SPICE(DAFBEGGTEND) --

Beginning address (1638843) greater than ending address (1637603).

spkezr_c --> SPKEZR --> SPKEZ --> SPKGEO --> SPKPVN --> SPKR02 --> DAFGDA

================================================================================
[WARNING] [STEP 117] ⚠ C/2020 K2 (PANSTARRS): 
================================================================================

Toolkit version: CSPICE_N0067

SPICE(DAFBEGGTEND) --

Beginning address (1638843) greater than ending address (1637603).

spkezr_c --> SPKEZR --> SPKEZ --> SPKGEO --> SPKPVN --> SPKR02 --> DAFGDA

================================================================================
[WARNING] [STEP 117] ⚠ C/2020 K3 (Leonard): 
================================================================================

Toolkit version: CSPICE_N0067

SPICE(DAFBEGGTEND) --

Beginning address (1604151) greater than ending address (1604150).

spkezr_c --> SPKEZR --> SPKEZ --> SPKGEO --> SPKPVN --> SPKR02 --> DAFGDA

================================================================================
[WARNING] [STEP 117] ⚠ C/2020 K5 (PANSTARRS): 
================================================================================

Toolkit version: CSPICE_N0067

SPICE(DAFBEGGTEND) --

Beginning address (1638843) greater than ending address (1637603).

spkezr_c --> SPKEZR --> SPKEZ --> SPKGEO --> SPKPVN --> SPKR02 --> DAFGDA

================================================================================
[WARNING] [STEP 117] ⚠ C/2020 K6 (Rankin): 
================================================================================

Toolkit version: CSPICE_N0067

SPICE(DAFBEGGTEND) --

Beginning address (1638843) greater than ending address (1637603).

spkezr_c --> SPKEZR --> SPKEZ --> SPKGEO --> SPKPVN --> SPKR02 --> DAFGDA

================================================================================
[WARNING] [STEP 117] ⚠ C/2020 K8 (Catalina-ATLAS): 
================================================================================

Toolkit version: CSPICE_N0067

SPICE(DAFBEGGTEND) --

Beginning address (1604151) greater than ending address (1604150).

spkezr_c --> SPKEZR --> SPKEZ --> SPKGEO --> SPKPVN --> SPKR02 --> DAFGDA

================================================================================
[WARNING] [STEP 117] ⚠ C/2020 M5 (ATLAS): 
================================================================================

Toolkit version: CSPICE_N0067

SPICE(DAFBEGGTEND) --

Beginning address (1638843) greater than ending address (1637603).

spkezr_c --> SPKEZR --> SPKEZ --> SPKGEO --> SPKPVN --> SPKR02 --> DAFGDA

================================================================================
[WARNING] [STEP 117] ⚠ C/2020 N1 (PANSTARRS): 
================================================================================

Toolkit version: CSPICE_N0067

SPICE(DAFFRNOTFOUND) --

File record not found for file handle 1. Check if program code uses handle 1 for a read or write operation.

spkezr_c --> SPKEZR --> SPKEZ --> SPKGEO --> SPKSFS --> DAFBBS --> DAFRFR

================================================================================
[WARNING] [STEP 117] ⚠ C/2020 O2 (Amaral): 
================================================================================

Toolkit version: CSPICE_N0067

SPICE(DAFBEGGTEND) --

Beginning address (1604151) greater than ending address (1604150).

spkezr_c --> SPKEZR --> SPKEZ --> SPKGEO --> SPKPVN --> SPKR02 --> DAFGDA

================================================================================
[WARNING] [STEP 117] ⚠ C/2020 P1 (NEOWISE): 
================================================================================

Toolkit version: CSPICE_N0067

SPICE(DAFBEGGTEND) --

Beginning address (1638843) greater than ending address (1637603).

spkezr_c --> SPKEZR --> SPKEZ --> SPKGEO --> SPKPVN --> SPKR02 --> DAFGDA

================================================================================
[WARNING] [STEP 117] ⚠ C/2020 P3 (ATLAS): 
================================================================================

Toolkit version: CSPICE_N0067

SPICE(DAFBEGGTEND) --

Beginning address (1604151) greater than ending address (1604150).

spkezr_c --> SPKEZR --> SPKEZ --> SPKGEO --> SPKPVN --> SPKR02 --> DAFGDA

================================================================================
[WARNING] [STEP 117] ⚠ C/2020 R2 (PANSTARRS): 
================================================================================

Toolkit version: CSPICE_N0067

SPICE(DAFBEGGTEND) --

Beginning address (1604151) greater than ending address (1604150).

spkezr_c --> SPKEZR --> SPKEZ --> SPKGEO --> SPKPVN --> SPKR02 --> DAFGDA

================================================================================
[WARNING] [STEP 117] ⚠ C/2020 R6 (Rankin): 
================================================================================

Toolkit version: CSPICE_N0067

SPICE(DAFBEGGTEND) --

Beginning address (1604151) greater than ending address (1604150).

spkezr_c --> SPKEZR --> SPKEZ --> SPKGEO --> SPKPVN --> SPKR02 --> DAFGDA

================================================================================
[WARNING] [STEP 117] ⚠ C/2020 R7 (ATLAS): 
================================================================================

Toolkit version: CSPICE_N0067

SPICE(DAFBEGGTEND) --

Beginning address (1604151) greater than ending address (1604150).

spkezr_c --> SPKEZR --> SPKEZ --> SPKGEO --> SPKPVN --> SPKR02 --> DAFGDA

================================================================================
[WARNING] [STEP 117] ⚠ C/2020 S3 (Erasmus): 
================================================================================

Toolkit version: CSPICE_N0067

SPICE(DAFBEGGTEND) --

Beginning address (1638843) greater than ending address (1637603).

spkezr_c --> SPKEZR --> SPKEZ --> SPKGEO --> SPKPVN --> SPKR02 --> DAFGDA

================================================================================
[WARNING] [STEP 117] ⚠ C/2020 S4 (PANSTARRS): 
================================================================================

Toolkit version: CSPICE_N0067

SPICE(DAFBEGGTEND) --

Beginning address (1604151) greater than ending address (1604150).

spkezr_c --> SPKEZR --> SPKEZ --> SPKGEO --> SPKPVN --> SPKR02 --> DAFGDA

================================================================================
[WARNING] [STEP 117] ⚠ C/2020 S8 (Lemmon): 
================================================================================

Toolkit version: CSPICE_N0067

SPICE(DAFBEGGTEND) --

Beginning address (1638843) greater than ending address (1637603).

spkezr_c --> SPKEZR --> SPKEZ --> SPKGEO --> SPKPVN --> SPKR02 --> DAFGDA

================================================================================
[WARNING] [STEP 117] ⚠ C/2020 T2 (Palomar): 
================================================================================

Toolkit version: CSPICE_N0067

SPICE(DAFBEGGTEND) --

Beginning address (1604151) greater than ending address (1604150).

spkezr_c --> SPKEZR --> SPKEZ --> SPKGEO --> SPKPVN --> SPKR02 --> DAFGDA

================================================================================
[WARNING] [STEP 117] ⚠ C/2020 T4 (PANSTARRS): 
================================================================================

Toolkit version: CSPICE_N0067

SPICE(DAFBEGGTEND) --

Beginning address (1638843) greater than ending address (1637603).

spkezr_c --> SPKEZR --> SPKEZ --> SPKGEO --> SPKPVN --> SPKR02 --> DAFGDA

================================================================================
[WARNING] [STEP 117] ⚠ C/2020 T5 (Lemmon): 
================================================================================

Toolkit version: CSPICE_N0067

SPICE(DAFBEGGTEND) --

Beginning address (1604151) greater than ending address (1604150).

spkezr_c --> SPKEZR --> SPKEZ --> SPKGEO --> SPKPVN --> SPKR02 --> DAFGDA

================================================================================
[WARNING] [STEP 117] ⚠ C/2020 U4 (PANSTARRS): 
================================================================================

Toolkit version: CSPICE_N0067

SPICE(DAFBEGGTEND) --

Beginning address (1604151) greater than ending address (1604150).

spkezr_c --> SPKEZR --> SPKEZ --> SPKGEO --> SPKPVN --> SPKR02 --> DAFGDA

================================================================================
[WARNING] [STEP 117] ⚠ C/2020 U5 (PANSTARRS): 
================================================================================

Toolkit version: CSPICE_N0067

SPICE(DAFBEGGTEND) --

Beginning address (1638843) greater than ending address (1637603).

spkezr_c --> SPKEZR --> SPKEZ --> SPKGEO --> SPKPVN --> SPKR02 --> DAFGDA

================================================================================
[WARNING] [STEP 117] ⚠ C/2020 V2 (ZTF): 
================================================================================

Toolkit version: CSPICE_N0067

SPICE(DAFBEGGTEND) --

Beginning address (1604151) greater than ending address (1604150).

spkezr_c --> SPKEZR --> SPKEZ --> SPKGEO --> SPKPVN --> SPKR02 --> DAFGDA

================================================================================
[WARNING] [STEP 117] ⚠ C/2020 W5 (Lemmon): 
================================================================================

Toolkit version: CSPICE_N0067

SPICE(DAFBEGGTEND) --

Beginning address (1604151) greater than ending address (1604150).

spkezr_c --> SPKEZR --> SPKEZ --> SPKGEO --> SPKPVN --> SPKR02 --> DAFGDA

================================================================================
[INFO] [STEP 117] prospective: 125/287 integrated
[WARNING] [STEP 117] ⚠ C/2020 Y2 (ATLAS): 
================================================================================

Toolkit version: CSPICE_N0067

SPICE(DAFBEGGTEND) --

Beginning address (1604151) greater than ending address (1604150).

spkezr_c --> SPKEZR --> SPKEZ --> SPKGEO --> SPKPVN --> SPKR02 --> DAFGDA

================================================================================
[WARNING] [STEP 117] ⚠ C/2020 Y3 (ATLAS): 
================================================================================

Toolkit version: CSPICE_N0067

SPICE(DAFBEGGTEND) --

Beginning address (1638843) greater than ending address (1637603).

spkezr_c --> SPKEZR --> SPKEZ --> SPKGEO --> SPKPVN --> SPKR02 --> DAFGDA

================================================================================
[WARNING] [STEP 117] ⚠ C/2021 A1 (Leonard): 
================================================================================

Toolkit version: CSPICE_N0067

SPICE(DAFBEGGTEND) --

Beginning address (1604151) greater than ending address (1604150).

spkezr_c --> SPKEZR --> SPKEZ --> SPKGEO --> SPKPVN --> SPKR02 --> DAFGDA

================================================================================
[WARNING] [STEP 117] ⚠ C/2021 A2 (NEOWISE): 
================================================================================

Toolkit version: CSPICE_N0067

SPICE(INVALIDRADIUS) --

Interval radius must be positive but was -6.8292060903476E-06.

spkezr_c --> SPKEZR --> SPKEZ --> SPKGEO --> SPKPVN --> SPKE02

================================================================================
[WARNING] [STEP 117] ⚠ C/2021 A6 (PANSTARRS): 
================================================================================

Toolkit version: CSPICE_N0067

SPICE(DAFBEGGTEND) --

Beginning address (1604151) greater than ending address (1604150).

spkezr_c --> SPKEZR --> SPKEZ --> SPKGEO --> SPKPVN --> SPKR02 --> DAFGDA

================================================================================
[WARNING] [STEP 117] ⚠ C/2021 A7 (NEOWISE): 
================================================================================

Toolkit version: CSPICE_N0067

SPICE(INVALIDRADIUS) --

Interval radius must be positive but was -1.0517090133299E-08.

spkezr_c --> SPKEZR --> SPKEZ --> SPKGEO --> SPKPVN --> SPKE02

================================================================================
[WARNING] [STEP 117] ⚠ C/2021 A9 (PANSTARRS): 
================================================================================

Toolkit version: CSPICE_N0067

SPICE(DAFBEGGTEND) --

Beginning address (1638843) greater than ending address (1637603).

spkezr_c --> SPKEZR --> SPKEZ --> SPKGEO --> SPKPVN --> SPKR02 --> DAFGDA

================================================================================
[WARNING] [STEP 117] ⚠ C/2021 B2 (PANSTARRS): 
================================================================================

Toolkit version: CSPICE_N0067

SPICE(DAFBEGGTEND) --

Beginning address (1604151) greater than ending address (1604150).

spkezr_c --> SPKEZR --> SPKEZ --> SPKGEO --> SPKPVN --> SPKR02 --> DAFGDA

================================================================================
[WARNING] [STEP 117] ⚠ C/2021 C1 (Rankin): 
================================================================================

Toolkit version: CSPICE_N0067

SPICE(DAFFRNOTFOUND) --

File record not found for file handle 1. Check if program code uses handle 1 for a read or write operation.

spkezr_c --> SPKEZR --> SPKEZ --> SPKGEO --> SPKSFS --> DAFBBS --> DAFRFR

================================================================================
[WARNING] [STEP 117] ⚠ C/2021 C4 (ATLAS): 
================================================================================

Toolkit version: CSPICE_N0067

SPICE(INVALIDRADIUS) --

Interval radius must be positive but was -7.2658398160964E+06.

spkezr_c --> SPKEZR --> SPKEZ --> SPKGEO --> SPKPVN --> SPKE02

================================================================================
[WARNING] [STEP 117] ⚠ C/2021 C5 (PANSTARRS): 
================================================================================

Toolkit version: CSPICE_N0067

SPICE(DAFBEGGTEND) --

Beginning address (1604151) greater than ending address (1604150).

spkezr_c --> SPKEZR --> SPKEZ --> SPKGEO --> SPKPVN --> SPKR02 --> DAFGDA

================================================================================
[WARNING] [STEP 117] ⚠ C/2021 C6 (Lemmon): 
================================================================================

Toolkit version: CSPICE_N0067

SPICE(SPKINSUFFDATA) --

Insufficient ephemeris data has been loaded to compute the state of 1 (MERCURY BARYCENTER) relative to 0 (SOLAR SYSTEM BARYCENTER) at the ephemeris epoch 2021 SEP 15 00:00:00.000.

spkezr_c --> SPKEZR --> SPKEZ --> SPKGEO

================================================================================
[WARNING] [STEP 117] ⚠ C/2021 D2 (ZTF): 
================================================================================

Toolkit version: CSPICE_N0067

SPICE(DAFBEGGTEND) --

Beginning address (1638843) greater than ending address (1637603).

spkezr_c --> SPKEZR --> SPKEZ --> SPKGEO --> SPKPVN --> SPKR02 --> DAFGDA

================================================================================
[WARNING] [STEP 117] ⚠ C/2021 E3 (ZTF): 
================================================================================

Toolkit version: CSPICE_N0067

SPICE(INVALIDRADIUS) --

Interval radius must be positive but was -2.6920860699269E-07.

spkezr_c --> SPKEZR --> SPKEZ --> SPKGEO --> SPKPVN --> SPKE02

================================================================================
[WARNING] [STEP 117] ⚠ C/2021 F1 (Lemmon-PANSTARRS): 
================================================================================

Toolkit version: CSPICE_N0067

SPICE(DAFBEGGTEND) --

Beginning address (1638843) greater than ending address (1637603).

spkezr_c --> SPKEZR --> SPKEZ --> SPKGEO --> SPKPVN --> SPKR02 --> DAFGDA

================================================================================
[WARNING] [STEP 117] ⚠ C/2021 G2 (ATLAS): 
================================================================================

Toolkit version: CSPICE_N0067

SPICE(DAFBEGGTEND) --

Beginning address (1604151) greater than ending address (1604150).

spkezr_c --> SPKEZR --> SPKEZ --> SPKGEO --> SPKPVN --> SPKR02 --> DAFGDA

================================================================================
[WARNING] [STEP 117] ⚠ C/2021 G3 (PANSTARRS): 
================================================================================

Toolkit version: CSPICE_N0067

SPICE(INVALIDRADIUS) --

Interval radius must be positive but was -9.8629312755681E-01.

spkezr_c --> SPKEZR --> SPKEZ --> SPKGEO --> SPKPVN --> SPKE02

================================================================================
[WARNING] [STEP 117] ⚠ C/2021 J2 (PANSTARRS): 
================================================================================

Toolkit version: CSPICE_N0067

SPICE(INVALIDRADIUS) --

Interval radius must be positive but was -4.0042185230269E-08.

spkezr_c --> SPKEZR --> SPKEZ --> SPKGEO --> SPKPVN --> SPKE02

================================================================================
[WARNING] [STEP 117] ⚠ C/2021 K2 (MASTER): 
================================================================================

Toolkit version: CSPICE_N0067

SPICE(DAFFRNOTFOUND) --

File record not found for file handle 1. Check if program code uses handle 1 for a read or write operation.

spkezr_c --> SPKEZR --> SPKEZ --> SPKGEO --> SPKSFS --> DAFBBS --> DAFRFR

================================================================================
[WARNING] [STEP 117] ⚠ C/2021 K3 (Catalina): 
================================================================================

Toolkit version: CSPICE_N0067

SPICE(DAFBEGGTEND) --

Beginning address (1638843) greater than ending address (1637603).

spkezr_c --> SPKEZR --> SPKEZ --> SPKGEO --> SPKPVN --> SPKR02 --> DAFGDA

================================================================================
[WARNING] [STEP 117] ⚠ C/2021 L3 (Borisov): 
================================================================================

Toolkit version: CSPICE_N0067

SPICE(DAFFRNOTFOUND) --

File record not found for file handle 1. Check if program code uses handle 1 for a read or write operation.

spkezr_c --> SPKEZR --> SPKEZ --> SPKGEO --> SPKSFS --> DAFBBS --> DAFRFR

================================================================================
[WARNING] [STEP 117] ⚠ C/2021 N3 (PANSTARRS): 
================================================================================

Toolkit version: CSPICE_N0067

SPICE(DAFBEGGTEND) --

Beginning address (1604151) greater than ending address (1604150).

spkezr_c --> SPKEZR --> SPKEZ --> SPKGEO --> SPKPVN --> SPKR02 --> DAFGDA

================================================================================
[WARNING] [STEP 117] ⚠ C/2021 O3 (PANSTARRS): 
================================================================================

Toolkit version: CSPICE_N0067

SPICE(INVALIDRADIUS) --

Interval radius must be positive but was -2.1230590371584E-10.

spkezr_c --> SPKEZR --> SPKEZ --> SPKGEO --> SPKPVN --> SPKE02

================================================================================
[WARNING] [STEP 117] ⚠ C/2021 P1 (PANSTARRS): 
================================================================================

Toolkit version: CSPICE_N0067

SPICE(DAFBEGGTEND) --

Beginning address (1638843) greater than ending address (1637603).

spkezr_c --> SPKEZR --> SPKEZ --> SPKGEO --> SPKPVN --> SPKR02 --> DAFGDA

================================================================================
[WARNING] [STEP 117] ⚠ C/2021 P2 (PANSTARRS): 
================================================================================

Toolkit version: CSPICE_N0067

SPICE(RECORDNOTFOUND) --

Attempt to read descriptor record 0 of DAF '/Users/matthewsmawfield/www/Temporal Equivalence Principle/TEP-9/data/raw/spice/de440s.bsp' failed; record was not found. This condition may indicate a corrupted DAF.

spkezr_c --> SPKEZR --> SPKEZ --> SPKGEO --> SPKSFS --> DAFBBS

================================================================================
[INFO] [STEP 117] prospective: 150/287 integrated
[WARNING] [STEP 117] ⚠ C/2021 P4 (ATLAS): 
================================================================================

Toolkit version: CSPICE_N0067

SPICE(DAFBEGGTEND) --

Beginning address (1604151) greater than ending address (1604150).

spkezr_c --> SPKEZR --> SPKEZ --> SPKGEO --> SPKPVN --> SPKR02 --> DAFGDA

================================================================================
[WARNING] [STEP 117] ⚠ C/2021 Q4 (Fuls): 
================================================================================

Toolkit version: CSPICE_N0067

SPICE(DAFBEGGTEND) --

Beginning address (1638843) greater than ending address (1637603).

spkezr_c --> SPKEZR --> SPKEZ --> SPKGEO --> SPKPVN --> SPKR02 --> DAFGDA

================================================================================
[WARNING] [STEP 117] ⚠ C/2021 Q6 (PANSTARRS): 
================================================================================

Toolkit version: CSPICE_N0067

SPICE(DAFBEGGTEND) --

Beginning address (1604151) greater than ending address (1604150).

spkezr_c --> SPKEZR --> SPKEZ --> SPKGEO --> SPKPVN --> SPKR02 --> DAFGDA

================================================================================
[WARNING] [STEP 117] ⚠ C/2021 QM45 (PANSTARRS): 
================================================================================

Toolkit version: CSPICE_N0067

SPICE(DAFBEGGTEND) --

Beginning address (1638843) greater than ending address (1637603).

spkezr_c --> SPKEZR --> SPKEZ --> SPKGEO --> SPKPVN --> SPKR02 --> DAFGDA

================================================================================
[WARNING] [STEP 117] ⚠ C/2021 R2 (PANSTARRS): 
================================================================================

Toolkit version: CSPICE_N0067

SPICE(DAFBEGGTEND) --

Beginning address (1604151) greater than ending address (1604150).

spkezr_c --> SPKEZR --> SPKEZ --> SPKGEO --> SPKPVN --> SPKR02 --> DAFGDA

================================================================================
[WARNING] [STEP 117] ⚠ C/2021 R7 (PANSTARRS): 
================================================================================

Toolkit version: CSPICE_N0067

SPICE(DAFBEGGTEND) --

Beginning address (1638843) greater than ending address (1637603).

spkezr_c --> SPKEZR --> SPKEZ --> SPKGEO --> SPKPVN --> SPKR02 --> DAFGDA

================================================================================
[WARNING] [STEP 117] ⚠ C/2021 S1 (ATLAS): 
================================================================================

Toolkit version: CSPICE_N0067

SPICE(DAFBEGGTEND) --

Beginning address (1638843) greater than ending address (1637603).

spkezr_c --> SPKEZR --> SPKEZ --> SPKGEO --> SPKPVN --> SPKR02 --> DAFGDA

================================================================================
[WARNING] [STEP 117] ⚠ C/2021 S3 (PANSTARRS): 
================================================================================

Toolkit version: CSPICE_N0067

SPICE(DAFBEGGTEND) --

Beginning address (1604151) greater than ending address (1604150).

spkezr_c --> SPKEZR --> SPKEZ --> SPKGEO --> SPKPVN --> SPKR02 --> DAFGDA

================================================================================
[WARNING] [STEP 117] ⚠ C/2021 S4 (Tsuchinshan): 
================================================================================

Toolkit version: CSPICE_N0067

SPICE(DAFBEGGTEND) --

Beginning address (1638843) greater than ending address (1637603).

spkezr_c --> SPKEZR --> SPKEZ --> SPKGEO --> SPKPVN --> SPKR02 --> DAFGDA

================================================================================
[WARNING] [STEP 117] ⚠ C/2021 T1 (Lemmon): 
================================================================================

Toolkit version: CSPICE_N0067

SPICE(DAFBEGGTEND) --

Beginning address (1604151) greater than ending address (1604150).

spkezr_c --> SPKEZR --> SPKEZ --> SPKGEO --> SPKPVN --> SPKR02 --> DAFGDA

================================================================================
[WARNING] [STEP 117] ⚠ C/2021 T2 (Fuls): 
================================================================================

Toolkit version: CSPICE_N0067

SPICE(DAFBEGGTEND) --

Beginning address (1638843) greater than ending address (1637603).

spkezr_c --> SPKEZR --> SPKEZ --> SPKGEO --> SPKPVN --> SPKR02 --> DAFGDA

================================================================================
[WARNING] [STEP 117] ⚠ C/2021 T4 (Lemmon): 
================================================================================

Toolkit version: CSPICE_N0067

SPICE(DAFBEGGTEND) --

Beginning address (1604151) greater than ending address (1604150).

spkezr_c --> SPKEZR --> SPKEZ --> SPKGEO --> SPKPVN --> SPKR02 --> DAFGDA

================================================================================
[WARNING] [STEP 117] ⚠ C/2021 U5 (Catalina): 
================================================================================

Toolkit version: CSPICE_N0067

SPICE(DAFBEGGTEND) --

Beginning address (1638843) greater than ending address (1637603).

spkezr_c --> SPKEZR --> SPKEZ --> SPKGEO --> SPKPVN --> SPKR02 --> DAFGDA

================================================================================
[WARNING] [STEP 117] ⚠ C/2021 V1 (Rankin): 
================================================================================

Toolkit version: CSPICE_N0067

SPICE(DAFBEGGTEND) --

Beginning address (1604151) greater than ending address (1604150).

spkezr_c --> SPKEZR --> SPKEZ --> SPKGEO --> SPKPVN --> SPKR02 --> DAFGDA

================================================================================
[WARNING] [STEP 117] ⚠ C/2021 X1 (Maury-Attard): 
================================================================================

Toolkit version: CSPICE_N0067

SPICE(DAFBEGGTEND) --

Beginning address (1638843) greater than ending address (1637603).

spkezr_c --> SPKEZR --> SPKEZ --> SPKGEO --> SPKPVN --> SPKR02 --> DAFGDA

================================================================================
[WARNING] [STEP 117] ⚠ C/2021 X2 (Bok): 
================================================================================

Toolkit version: CSPICE_N0067

SPICE(DAFBEGGTEND) --

Beginning address (1604151) greater than ending address (1604150).

spkezr_c --> SPKEZR --> SPKEZ --> SPKGEO --> SPKPVN --> SPKR02 --> DAFGDA

================================================================================
[WARNING] [STEP 117] ⚠ C/2021 Y1 (ATLAS): 
================================================================================

Toolkit version: CSPICE_N0067

SPICE(DAFBEGGTEND) --

Beginning address (1638843) greater than ending address (1637603).

spkezr_c --> SPKEZR --> SPKEZ --> SPKGEO --> SPKPVN --> SPKR02 --> DAFGDA

================================================================================
[WARNING] [STEP 117] ⚠ C/2022 A1 (Sarneczky): 
================================================================================

Toolkit version: CSPICE_N0067

SPICE(DAFBEGGTEND) --

Beginning address (1604151) greater than ending address (1604150).

spkezr_c --> SPKEZR --> SPKEZ --> SPKGEO --> SPKPVN --> SPKR02 --> DAFGDA

================================================================================
[WARNING] [STEP 117] ⚠ C/2022 A2 (PANSTARRS): 
================================================================================

Toolkit version: CSPICE_N0067

SPICE(DAFBEGGTEND) --

Beginning address (1638843) greater than ending address (1637603).

spkezr_c --> SPKEZR --> SPKEZ --> SPKGEO --> SPKPVN --> SPKR02 --> DAFGDA

================================================================================
[WARNING] [STEP 117] ⚠ C/2022 A3 (Lemmon-ATLAS): 
================================================================================

Toolkit version: CSPICE_N0067

SPICE(DAFBEGGTEND) --

Beginning address (1604151) greater than ending address (1604150).

spkezr_c --> SPKEZR --> SPKEZ --> SPKGEO --> SPKPVN --> SPKR02 --> DAFGDA

================================================================================
[WARNING] [STEP 117] ⚠ C/2022 B4: 
================================================================================

Toolkit version: CSPICE_N0067

SPICE(DAFBEGGTEND) --

Beginning address (1638843) greater than ending address (1637603).

spkezr_c --> SPKEZR --> SPKEZ --> SPKGEO --> SPKPVN --> SPKR02 --> DAFGDA

================================================================================
[WARNING] [STEP 117] ⚠ C/2022 D2 (Kowalski): 
================================================================================

Toolkit version: CSPICE_N0067

SPICE(DAFBEGGTEND) --

Beginning address (1604151) greater than ending address (1604150).

spkezr_c --> SPKEZR --> SPKEZ --> SPKGEO --> SPKPVN --> SPKR02 --> DAFGDA

================================================================================
[WARNING] [STEP 117] ⚠ C/2022 E2 (ATLAS): 
================================================================================

Toolkit version: CSPICE_N0067

SPICE(DAFBEGGTEND) --

Beginning address (1638843) greater than ending address (1637603).

spkezr_c --> SPKEZR --> SPKEZ --> SPKGEO --> SPKPVN --> SPKR02 --> DAFGDA

================================================================================
[WARNING] [STEP 117] ⚠ C/2022 E3 (ZTF): 
================================================================================

Toolkit version: CSPICE_N0067

SPICE(DAFBEGGTEND) --

Beginning address (1604151) greater than ending address (1604150).

spkezr_c --> SPKEZR --> SPKEZ --> SPKGEO --> SPKPVN --> SPKR02 --> DAFGDA

================================================================================
[WARNING] [STEP 117] ⚠ C/2022 F1 (ATLAS): 
================================================================================

Toolkit version: CSPICE_N0067

SPICE(DAFBEGGTEND) --

Beginning address (1638843) greater than ending address (1637603).

spkezr_c --> SPKEZR --> SPKEZ --> SPKGEO --> SPKPVN --> SPKR02 --> DAFGDA

================================================================================
[INFO] [STEP 117] prospective: 175/287 integrated
[WARNING] [STEP 117] ⚠ C/2022 H1 (PANSTARRS): 
================================================================================

Toolkit version: CSPICE_N0067

SPICE(DAFBEGGTEND) --

Beginning address (1604151) greater than ending address (1604150).

spkezr_c --> SPKEZR --> SPKEZ --> SPKGEO --> SPKPVN --> SPKR02 --> DAFGDA

================================================================================
[WARNING] [STEP 117] ⚠ C/2022 K1 (Leonard): 
================================================================================

Toolkit version: CSPICE_N0067

SPICE(DAFBEGGTEND) --

Beginning address (1604151) greater than ending address (1604150).

spkezr_c --> SPKEZR --> SPKEZ --> SPKGEO --> SPKPVN --> SPKR02 --> DAFGDA

================================================================================
[WARNING] [STEP 117] ⚠ C/2022 L1 (Catalina): 
================================================================================

Toolkit version: CSPICE_N0067

SPICE(DAFBEGGTEND) --

Beginning address (1638843) greater than ending address (1637603).

spkezr_c --> SPKEZR --> SPKEZ --> SPKGEO --> SPKPVN --> SPKR02 --> DAFGDA

================================================================================
[WARNING] [STEP 117] ⚠ C/2022 L2 (ATLAS): 
================================================================================

Toolkit version: CSPICE_N0067

SPICE(DAFBEGGTEND) --

Beginning address (1604151) greater than ending address (1604150).

spkezr_c --> SPKEZR --> SPKEZ --> SPKGEO --> SPKPVN --> SPKR02 --> DAFGDA

================================================================================
[WARNING] [STEP 117] ⚠ C/2022 N2 (PANSTARRS): 
================================================================================

Toolkit version: CSPICE_N0067

SPICE(DAFBEGGTEND) --

Beginning address (1638843) greater than ending address (1637603).

spkezr_c --> SPKEZR --> SPKEZ --> SPKGEO --> SPKPVN --> SPKR02 --> DAFGDA

================================================================================
[WARNING] [STEP 117] ⚠ C/2022 O1 (ATLAS): 
================================================================================

Toolkit version: CSPICE_N0067

SPICE(DAFBEGGTEND) --

Beginning address (1604151) greater than ending address (1604150).

spkezr_c --> SPKEZR --> SPKEZ --> SPKGEO --> SPKPVN --> SPKR02 --> DAFGDA

================================================================================
[WARNING] [STEP 117] ⚠ C/2022 P3 (ZTF): 
================================================================================

Toolkit version: CSPICE_N0067

SPICE(DAFBEGGTEND) --

Beginning address (1638843) greater than ending address (1637603).

spkezr_c --> SPKEZR --> SPKEZ --> SPKGEO --> SPKPVN --> SPKR02 --> DAFGDA

================================================================================
[WARNING] [STEP 117] ⚠ C/2022 QE78 (ATLAS): 
================================================================================

Toolkit version: CSPICE_N0067

SPICE(DAFBEGGTEND) --

Beginning address (1604151) greater than ending address (1604150).

spkezr_c --> SPKEZR --> SPKEZ --> SPKGEO --> SPKPVN --> SPKR02 --> DAFGDA

================================================================================
[WARNING] [STEP 117] ⚠ C/2022 R2 (ATLAS): 
================================================================================

Toolkit version: CSPICE_N0067

SPICE(DAFBEGGTEND) --

Beginning address (1604151) greater than ending address (1604150).

spkezr_c --> SPKEZR --> SPKEZ --> SPKGEO --> SPKPVN --> SPKR02 --> DAFGDA

================================================================================
[WARNING] [STEP 117] ⚠ C/2022 R3 (Leonard): 
================================================================================

Toolkit version: CSPICE_N0067

SPICE(DAFBEGGTEND) --

Beginning address (1638843) greater than ending address (1637603).

spkezr_c --> SPKEZR --> SPKEZ --> SPKGEO --> SPKPVN --> SPKR02 --> DAFGDA

================================================================================
[WARNING] [STEP 117] ⚠ C/2022 R6 (PANSTARRS): 
================================================================================

Toolkit version: CSPICE_N0067

SPICE(DAFBEGGTEND) --

Beginning address (1604151) greater than ending address (1604150).

spkezr_c --> SPKEZR --> SPKEZ --> SPKGEO --> SPKPVN --> SPKR02 --> DAFGDA

================================================================================
[WARNING] [STEP 117] ⚠ C/2022 S3 (PANSTARRS): 
================================================================================

Toolkit version: CSPICE_N0067

SPICE(DAFBEGGTEND) --

Beginning address (1604151) greater than ending address (1604150).

spkezr_c --> SPKEZR --> SPKEZ --> SPKGEO --> SPKPVN --> SPKR02 --> DAFGDA

================================================================================
[WARNING] [STEP 117] ⚠ C/2022 S4 (Lemmon): 
================================================================================

Toolkit version: CSPICE_N0067

SPICE(DAFBEGGTEND) --

Beginning address (1638843) greater than ending address (1637603).

spkezr_c --> SPKEZR --> SPKEZ --> SPKGEO --> SPKPVN --> SPKR02 --> DAFGDA

================================================================================
[WARNING] [STEP 117] ⚠ C/2022 T1 (Lemmon): 
================================================================================

Toolkit version: CSPICE_N0067

SPICE(DAFBEGGTEND) --

Beginning address (1604151) greater than ending address (1604150).

spkezr_c --> SPKEZR --> SPKEZ --> SPKGEO --> SPKPVN --> SPKR02 --> DAFGDA

================================================================================
[WARNING] [STEP 117] ⚠ C/2022 U1 (Leonard): 
================================================================================

Toolkit version: CSPICE_N0067

SPICE(DAFBEGGTEND) --

Beginning address (1638843) greater than ending address (1637603).

spkezr_c --> SPKEZR --> SPKEZ --> SPKGEO --> SPKPVN --> SPKR02 --> DAFGDA

================================================================================
[WARNING] [STEP 117] ⚠ C/2022 U3 (Bok): 
================================================================================

Toolkit version: CSPICE_N0067

SPICE(DAFBEGGTEND) --

Beginning address (1604151) greater than ending address (1604150).

spkezr_c --> SPKEZR --> SPKEZ --> SPKGEO --> SPKPVN --> SPKR02 --> DAFGDA

================================================================================
[WARNING] [STEP 117] ⚠ C/2022 U4 (Bok): 
================================================================================

Toolkit version: CSPICE_N0067

SPICE(DAFBEGGTEND) --

Beginning address (1604151) greater than ending address (1604150).

spkezr_c --> SPKEZR --> SPKEZ --> SPKGEO --> SPKPVN --> SPKR02 --> DAFGDA

================================================================================
[WARNING] [STEP 117] ⚠ C/2022 W2 (ATLAS): 
================================================================================

Toolkit version: CSPICE_N0067

SPICE(DAFBEGGTEND) --

Beginning address (1604151) greater than ending address (1604150).

spkezr_c --> SPKEZR --> SPKEZ --> SPKGEO --> SPKPVN --> SPKR02 --> DAFGDA

================================================================================
[WARNING] [STEP 117] ⚠ C/2022 W3 (Leonard): 
================================================================================

Toolkit version: CSPICE_N0067

SPICE(DAFBEGGTEND) --

Beginning address (1638843) greater than ending address (1637603).

spkezr_c --> SPKEZR --> SPKEZ --> SPKGEO --> SPKPVN --> SPKR02 --> DAFGDA

================================================================================
[WARNING] [STEP 117] ⚠ C/2023 A1 (Leonard): 
================================================================================

Toolkit version: CSPICE_N0067

SPICE(DAFBEGGTEND) --

Beginning address (1604151) greater than ending address (1604150).

spkezr_c --> SPKEZR --> SPKEZ --> SPKGEO --> SPKPVN --> SPKR02 --> DAFGDA

================================================================================
[WARNING] [STEP 117] ⚠ C/2023 A2 (SWAN): 
================================================================================

Toolkit version: CSPICE_N0067

SPICE(DAFBEGGTEND) --

Beginning address (1638843) greater than ending address (1637603).

spkezr_c --> SPKEZR --> SPKEZ --> SPKGEO --> SPKPVN --> SPKR02 --> DAFGDA

================================================================================
[WARNING] [STEP 117] ⚠ C/2023 A3 (Tsuchinshan-ATLAS): 
================================================================================

Toolkit version: CSPICE_N0067

SPICE(DAFBEGGTEND) --

Beginning address (1604151) greater than ending address (1604150).

spkezr_c --> SPKEZR --> SPKEZ --> SPKGEO --> SPKPVN --> SPKR02 --> DAFGDA

================================================================================
[WARNING] [STEP 117] ⚠ C/2023 B2 (ATLAS): 
================================================================================

Toolkit version: CSPICE_N0067

SPICE(DAFBEGGTEND) --

Beginning address (1638843) greater than ending address (1637603).

spkezr_c --> SPKEZR --> SPKEZ --> SPKGEO --> SPKPVN --> SPKR02 --> DAFGDA

================================================================================
[WARNING] [STEP 117] ⚠ C/2023 C2 (ATLAS): 
================================================================================

Toolkit version: CSPICE_N0067

SPICE(DAFBEGGTEND) --

Beginning address (1604151) greater than ending address (1604150).

spkezr_c --> SPKEZR --> SPKEZ --> SPKGEO --> SPKPVN --> SPKR02 --> DAFGDA

================================================================================
[WARNING] [STEP 117] ⚠ C/2023 F1 (PANSTARRS): 
================================================================================

Toolkit version: CSPICE_N0067

SPICE(DAFBEGGTEND) --

Beginning address (1638843) greater than ending address (1637603).

spkezr_c --> SPKEZR --> SPKEZ --> SPKGEO --> SPKPVN --> SPKR02 --> DAFGDA

================================================================================
[INFO] [STEP 117] prospective: 200/287 integrated
[WARNING] [STEP 117] ⚠ C/2023 F3 (ATLAS): 
================================================================================

Toolkit version: CSPICE_N0067

SPICE(DAFBEGGTEND) --

Beginning address (1604151) greater than ending address (1604150).

spkezr_c --> SPKEZR --> SPKEZ --> SPKGEO --> SPKPVN --> SPKR02 --> DAFGDA

================================================================================
[WARNING] [STEP 117] ⚠ C/2023 H1 (PANSTARRS): 
================================================================================

Toolkit version: CSPICE_N0067

SPICE(DAFBEGGTEND) --

Beginning address (1638843) greater than ending address (1637603).

spkezr_c --> SPKEZR --> SPKEZ --> SPKGEO --> SPKPVN --> SPKR02 --> DAFGDA

================================================================================
[WARNING] [STEP 117] ⚠ C/2023 H2 (Lemmon): 
================================================================================

Toolkit version: CSPICE_N0067

SPICE(DAFBEGGTEND) --

Beginning address (1604151) greater than ending address (1604150).

spkezr_c --> SPKEZR --> SPKEZ --> SPKGEO --> SPKPVN --> SPKR02 --> DAFGDA

================================================================================
[WARNING] [STEP 117] ⚠ C/2023 H5 (Lemmon): 
================================================================================

Toolkit version: CSPICE_N0067

SPICE(DAFBEGGTEND) --

Beginning address (1638843) greater than ending address (1637603).

spkezr_c --> SPKEZR --> SPKEZ --> SPKGEO --> SPKPVN --> SPKR02 --> DAFGDA

================================================================================
[WARNING] [STEP 117] ⚠ C/2023 K1 (ATLAS): 
================================================================================

Toolkit version: CSPICE_N0067

SPICE(DAFBEGGTEND) --

Beginning address (1604151) greater than ending address (1604150).

spkezr_c --> SPKEZR --> SPKEZ --> SPKGEO --> SPKPVN --> SPKR02 --> DAFGDA

================================================================================
[WARNING] [STEP 117] ⚠ C/2023 Q1 (PANSTARRS): 
================================================================================

Toolkit version: CSPICE_N0067

SPICE(DAFBEGGTEND) --

Beginning address (1638843) greater than ending address (1637603).

spkezr_c --> SPKEZR --> SPKEZ --> SPKGEO --> SPKPVN --> SPKR02 --> DAFGDA

================================================================================
[WARNING] [STEP 117] ⚠ C/2023 Q2 (PANSTARRS): 
================================================================================

Toolkit version: CSPICE_N0067

SPICE(DAFBEGGTEND) --

Beginning address (1604151) greater than ending address (1604150).

spkezr_c --> SPKEZR --> SPKEZ --> SPKGEO --> SPKPVN --> SPKR02 --> DAFGDA

================================================================================
[WARNING] [STEP 117] ⚠ C/2023 R1 (PANSTARRS): 
================================================================================

Toolkit version: CSPICE_N0067

SPICE(DAFBEGGTEND) --

Beginning address (1638843) greater than ending address (1637603).

spkezr_c --> SPKEZR --> SPKEZ --> SPKGEO --> SPKPVN --> SPKR02 --> DAFGDA

================================================================================
[WARNING] [STEP 117] ⚠ C/2023 R2 (PANSTARRS): 
================================================================================

Toolkit version: CSPICE_N0067

SPICE(DAFBEGGTEND) --

Beginning address (1604151) greater than ending address (1604150).

spkezr_c --> SPKEZR --> SPKEZ --> SPKGEO --> SPKPVN --> SPKR02 --> DAFGDA

================================================================================
[WARNING] [STEP 117] ⚠ C/2023 S2 (ATLAS): 
================================================================================

Toolkit version: CSPICE_N0067

SPICE(DAFBEGGTEND) --

Beginning address (1638843) greater than ending address (1637603).

spkezr_c --> SPKEZR --> SPKEZ --> SPKGEO --> SPKPVN --> SPKR02 --> DAFGDA

================================================================================
[WARNING] [STEP 117] ⚠ C/2023 T2 (Borisov): 
================================================================================

Toolkit version: CSPICE_N0067

SPICE(DAFBEGGTEND) --

Beginning address (1604151) greater than ending address (1604150).

spkezr_c --> SPKEZR --> SPKEZ --> SPKGEO --> SPKPVN --> SPKR02 --> DAFGDA

================================================================================
[WARNING] [STEP 117] ⚠ C/2023 T3 (Fuls): 
================================================================================

Toolkit version: CSPICE_N0067

SPICE(DAFBEGGTEND) --

Beginning address (1604151) greater than ending address (1604150).

spkezr_c --> SPKEZR --> SPKEZ --> SPKGEO --> SPKPVN --> SPKR02 --> DAFGDA

================================================================================
[WARNING] [STEP 117] ⚠ C/2023 U1 (Fuls): 
================================================================================

Toolkit version: CSPICE_N0067

SPICE(DAFBEGGTEND) --

Beginning address (1638843) greater than ending address (1637603).

spkezr_c --> SPKEZR --> SPKEZ --> SPKGEO --> SPKPVN --> SPKR02 --> DAFGDA

================================================================================
[WARNING] [STEP 117] ⚠ C/2023 V1 (Lemmon): 
================================================================================

Toolkit version: CSPICE_N0067

SPICE(DAFBEGGTEND) --

Beginning address (1604151) greater than ending address (1604150).

spkezr_c --> SPKEZR --> SPKEZ --> SPKGEO --> SPKPVN --> SPKR02 --> DAFGDA

================================================================================
[WARNING] [STEP 117] ⚠ C/2023 V4 (Camarasa-Duszanowicz): 
================================================================================

Toolkit version: CSPICE_N0067

SPICE(DAFBEGGTEND) --

Beginning address (1638843) greater than ending address (1637603).

spkezr_c --> SPKEZR --> SPKEZ --> SPKGEO --> SPKPVN --> SPKR02 --> DAFGDA

================================================================================
[WARNING] [STEP 117] ⚠ C/2023 X1 (Leonard): 
================================================================================

Toolkit version: CSPICE_N0067

SPICE(DAFBEGGTEND) --

Beginning address (1604151) greater than ending address (1604150).

spkezr_c --> SPKEZR --> SPKEZ --> SPKGEO --> SPKPVN --> SPKR02 --> DAFGDA

================================================================================
[WARNING] [STEP 117] ⚠ C/2023 X2 (Lemmon): 
================================================================================

Toolkit version: CSPICE_N0067

SPICE(DAFBEGGTEND) --

Beginning address (1638843) greater than ending address (1637603).

spkezr_c --> SPKEZR --> SPKEZ --> SPKGEO --> SPKPVN --> SPKR02 --> DAFGDA

================================================================================
[WARNING] [STEP 117] ⚠ C/2023 X7 (PANSTARRS): 
================================================================================

Toolkit version: CSPICE_N0067

SPICE(DAFBEGGTEND) --

Beginning address (1604151) greater than ending address (1604150).

spkezr_c --> SPKEZR --> SPKEZ --> SPKGEO --> SPKPVN --> SPKR02 --> DAFGDA

================================================================================
[WARNING] [STEP 117] ⚠ C/2024 A1 (ATLAS): 
================================================================================

Toolkit version: CSPICE_N0067

SPICE(DAFBEGGTEND) --

Beginning address (1638843) greater than ending address (1637603).

spkezr_c --> SPKEZR --> SPKEZ --> SPKGEO --> SPKPVN --> SPKR02 --> DAFGDA

================================================================================
[WARNING] [STEP 117] ⚠ C/2024 B1 (Lemmon): 
================================================================================

Toolkit version: CSPICE_N0067

SPICE(DAFBEGGTEND) --

Beginning address (1604151) greater than ending address (1604150).

spkezr_c --> SPKEZR --> SPKEZ --> SPKGEO --> SPKPVN --> SPKR02 --> DAFGDA

================================================================================
[WARNING] [STEP 117] ⚠ C/2024 B2 (Lemmon): 
================================================================================

Toolkit version: CSPICE_N0067

SPICE(DAFBEGGTEND) --

Beginning address (1604151) greater than ending address (1604150).

spkezr_c --> SPKEZR --> SPKEZ --> SPKGEO --> SPKPVN --> SPKR02 --> DAFGDA

================================================================================
[WARNING] [STEP 117] ⚠ C/2024 D1 (Lemmon): 
================================================================================

Toolkit version: CSPICE_N0067

SPICE(DAFBEGGTEND) --

Beginning address (1638843) greater than ending address (1637603).

spkezr_c --> SPKEZR --> SPKEZ --> SPKGEO --> SPKPVN --> SPKR02 --> DAFGDA

================================================================================
[WARNING] [STEP 117] ⚠ C/2024 E1 (Wierzchos): 
================================================================================

Toolkit version: CSPICE_N0067

SPICE(DAFBEGGTEND) --

Beginning address (1604151) greater than ending address (1604150).

spkezr_c --> SPKEZR --> SPKEZ --> SPKGEO --> SPKPVN --> SPKR02 --> DAFGDA

================================================================================
[WARNING] [STEP 117] ⚠ C/2024 G1 (Wierzchos): 
================================================================================

Toolkit version: CSPICE_N0067

SPICE(DAFBEGGTEND) --

Beginning address (1638843) greater than ending address (1637603).

spkezr_c --> SPKEZR --> SPKEZ --> SPKGEO --> SPKPVN --> SPKR02 --> DAFGDA

================================================================================
[WARNING] [STEP 117] ⚠ C/2024 G2 (ATLAS): 
================================================================================

Toolkit version: CSPICE_N0067

SPICE(DAFBEGGTEND) --

Beginning address (1604151) greater than ending address (1604150).

spkezr_c --> SPKEZR --> SPKEZ --> SPKGEO --> SPKPVN --> SPKR02 --> DAFGDA

================================================================================
[INFO] [STEP 117] prospective: 225/287 integrated
[WARNING] [STEP 117] ⚠ C/2024 G4 (PANSTARRS): 
================================================================================

Toolkit version: CSPICE_N0067

SPICE(DAFBEGGTEND) --

Beginning address (1638843) greater than ending address (1637603).

spkezr_c --> SPKEZR --> SPKEZ --> SPKGEO --> SPKPVN --> SPKR02 --> DAFGDA

================================================================================
[WARNING] [STEP 117] ⚠ C/2024 G5 (Leonard): 
================================================================================

Toolkit version: CSPICE_N0067

SPICE(DAFBEGGTEND) --

Beginning address (1604151) greater than ending address (1604150).

spkezr_c --> SPKEZR --> SPKEZ --> SPKGEO --> SPKPVN --> SPKR02 --> DAFGDA

================================================================================
[WARNING] [STEP 117] ⚠ C/2024 G6 (ATLAS): 
================================================================================

Toolkit version: CSPICE_N0067

SPICE(DAFBEGGTEND) --

Beginning address (1638843) greater than ending address (1637603).

spkezr_c --> SPKEZR --> SPKEZ --> SPKGEO --> SPKPVN --> SPKR02 --> DAFGDA

================================================================================
[WARNING] [STEP 117] ⚠ C/2024 G7 (ATLAS): 
================================================================================

Toolkit version: CSPICE_N0067

SPICE(DAFBEGGTEND) --

Beginning address (1604151) greater than ending address (1604150).

spkezr_c --> SPKEZR --> SPKEZ --> SPKGEO --> SPKPVN --> SPKR02 --> DAFGDA

================================================================================
[WARNING] [STEP 117] ⚠ C/2024 J2 (Wierzchos): 
================================================================================

Toolkit version: CSPICE_N0067

SPICE(DAFBEGGTEND) --

Beginning address (1604151) greater than ending address (1604150).

spkezr_c --> SPKEZR --> SPKEZ --> SPKGEO --> SPKPVN --> SPKR02 --> DAFGDA

================================================================================
[WARNING] [STEP 117] ⚠ C/2024 J3 (ATLAS): 
================================================================================

Toolkit version: CSPICE_N0067

SPICE(DAFBEGGTEND) --

Beginning address (1638843) greater than ending address (1637603).

spkezr_c --> SPKEZR --> SPKEZ --> SPKGEO --> SPKPVN --> SPKR02 --> DAFGDA

================================================================================
[WARNING] [STEP 117] ⚠ C/2024 J4 (Lemmon): 
================================================================================

Toolkit version: CSPICE_N0067

SPICE(DAFBEGGTEND) --

Beginning address (1638843) greater than ending address (1637603).

spkezr_c --> SPKEZR --> SPKEZ --> SPKGEO --> SPKPVN --> SPKR02 --> DAFGDA

================================================================================
[WARNING] [STEP 117] ⚠ C/2024 L2 (PANSTARRS): 
================================================================================

Toolkit version: CSPICE_N0067

SPICE(DAFBEGGTEND) --

Beginning address (1638843) greater than ending address (1637603).

spkezr_c --> SPKEZR --> SPKEZ --> SPKGEO --> SPKPVN --> SPKR02 --> DAFGDA

================================================================================
[WARNING] [STEP 117] ⚠ C/2024 L3 (PANSTARRS): 
================================================================================

Toolkit version: CSPICE_N0067

SPICE(DAFBEGGTEND) --

Beginning address (1604151) greater than ending address (1604150).

spkezr_c --> SPKEZR --> SPKEZ --> SPKGEO --> SPKPVN --> SPKR02 --> DAFGDA

================================================================================
[WARNING] [STEP 117] ⚠ C/2024 L5 (ATLAS): 
================================================================================

Toolkit version: CSPICE_N0067

SPICE(DAFBEGGTEND) --

Beginning address (1638843) greater than ending address (1637603).

spkezr_c --> SPKEZR --> SPKEZ --> SPKGEO --> SPKPVN --> SPKR02 --> DAFGDA

================================================================================
[WARNING] [STEP 117] ⚠ C/2024 N1 (PANSTARRS): 
================================================================================

Toolkit version: CSPICE_N0067

SPICE(INVALIDRADIUS) --

Interval radius must be positive but was -5.9957281392335E-11.

spkezr_c --> SPKEZR --> SPKEZ --> SPKGEO --> SPKPVN --> SPKE02

================================================================================
[WARNING] [STEP 117] ⚠ C/2024 N3 (Sarneczky): 
================================================================================

Toolkit version: CSPICE_N0067

SPICE(DAFBEGGTEND) --

Beginning address (1604151) greater than ending address (1604150).

spkezr_c --> SPKEZR --> SPKEZ --> SPKGEO --> SPKPVN --> SPKR02 --> DAFGDA

================================================================================
[WARNING] [STEP 117] ⚠ C/2024 N4 (Sarneczky): 
================================================================================

Toolkit version: CSPICE_N0067

SPICE(DAFBEGGTEND) --

Beginning address (1638843) greater than ending address (1637603).

spkezr_c --> SPKEZR --> SPKEZ --> SPKGEO --> SPKPVN --> SPKR02 --> DAFGDA

================================================================================
[WARNING] [STEP 117] ⚠ C/2024 O1 (PANSTARRS): 
================================================================================

Toolkit version: CSPICE_N0067

SPICE(DAFFRNOTFOUND) --

File record not found for file handle 1. Check if program code uses handle 1 for a read or write operation.

spkezr_c --> SPKEZR --> SPKEZ --> SPKGEO --> SPKSFS --> DAFBBS --> DAFRFR

================================================================================
[WARNING] [STEP 117] ⚠ C/2024 Q3 (PANSTARRS): 
================================================================================

Toolkit version: CSPICE_N0067

SPICE(INVALIDRADIUS) --

Interval radius must be positive but was -2.2038178872218E-06.

spkezr_c --> SPKEZR --> SPKEZ --> SPKGEO --> SPKPVN --> SPKE02

================================================================================
[WARNING] [STEP 117] ⚠ C/2024 Q4 (PANSTARRS): 
================================================================================

Toolkit version: CSPICE_N0067

SPICE(INVALIDRADIUS) --

Interval radius must be positive but was 0.0000000000000E+00.

spkezr_c --> SPKEZR --> SPKEZ --> SPKGEO --> SPKPVN --> SPKE02

================================================================================
[WARNING] [STEP 117] ⚠ C/2024 R4 (PANSTARRS): 
================================================================================

Toolkit version: CSPICE_N0067

SPICE(RECORDNOTFOUND) --

Attempt to read descriptor record 0 of DAF '/Users/matthewsmawfield/www/Temporal Equivalence Principle/TEP-9/data/raw/spice/de440s.bsp' failed; record was not found. This condition may indicate a corrupted DAF.

spkezr_c --> SPKEZR --> SPKEZ --> SPKGEO --> SPKSFS --> DAFBBS

================================================================================
[WARNING] [STEP 117] ⚠ C/2024 T5 (ATLAS): 
================================================================================

Toolkit version: CSPICE_N0067

SPICE(DAFFRNOTFOUND) --

File record not found for file handle 1. Check if program code uses handle 1 for a read or write operation.

spkezr_c --> SPKEZR --> SPKEZ --> SPKGEO --> SPKSFS --> DAFBBS --> DAFRFR

================================================================================
[WARNING] [STEP 117] ⚠ C/2024 U1 (PANSTARRS): 
================================================================================

Toolkit version: CSPICE_N0067

SPICE(DAFBEGGTEND) --

Beginning address (8065) greater than ending address (8064).

spkezr_c --> SPKEZR --> SPKEZ --> SPKGEO --> SPKPVN --> SPKR02 --> DAFGDA

================================================================================
[WARNING] [STEP 117] ⚠ C/2024 V1 (Borisov): 
================================================================================

Toolkit version: CSPICE_N0067

SPICE(DAFBEGGTEND) --

Beginning address (1604151) greater than ending address (1604150).

spkezr_c --> SPKEZR --> SPKEZ --> SPKGEO --> SPKPVN --> SPKR02 --> DAFGDA

================================================================================
[WARNING] [STEP 117] ⚠ C/2025 A1 (Lemmon): 
================================================================================

Toolkit version: CSPICE_N0067

SPICE(DAFBEGGTEND) --

Beginning address (1638843) greater than ending address (1637603).

spkezr_c --> SPKEZR --> SPKEZ --> SPKGEO --> SPKPVN --> SPKR02 --> DAFGDA

================================================================================
[WARNING] [STEP 117] ⚠ C/2025 A6 (Lemmon): 
================================================================================

Toolkit version: CSPICE_N0067

SPICE(DAFBEGGTEND) --

Beginning address (1638843) greater than ending address (1637603).

spkezr_c --> SPKEZR --> SPKEZ --> SPKGEO --> SPKPVN --> SPKR02 --> DAFGDA

================================================================================
[WARNING] [STEP 117] ⚠ C/2025 B1 (PANSTARRS): 
================================================================================

Toolkit version: CSPICE_N0067

SPICE(DAFBEGGTEND) --

Beginning address (1604151) greater than ending address (1604150).

spkezr_c --> SPKEZR --> SPKEZ --> SPKGEO --> SPKPVN --> SPKR02 --> DAFGDA

================================================================================
[WARNING] [STEP 117] ⚠ C/2025 B2 (Borisov): 
================================================================================

Toolkit version: CSPICE_N0067

SPICE(DAFBEGGTEND) --

Beginning address (1638843) greater than ending address (1637603).

spkezr_c --> SPKEZR --> SPKEZ --> SPKGEO --> SPKPVN --> SPKR02 --> DAFGDA

================================================================================
[WARNING] [STEP 117] ⚠ C/2025 D1 (Groeller): 
================================================================================

Toolkit version: CSPICE_N0067

SPICE(DAFBEGGTEND) --

Beginning address (1604151) greater than ending address (1604150).

spkezr_c --> SPKEZR --> SPKEZ --> SPKGEO --> SPKPVN --> SPKR02 --> DAFGDA

================================================================================
[INFO] [STEP 117] prospective: 250/287 integrated
[WARNING] [STEP 117] ⚠ C/2025 D5 (PANSTARRS): 
================================================================================

Toolkit version: CSPICE_N0067

SPICE(DAFBEGGTEND) --

Beginning address (1638843) greater than ending address (1637603).

spkezr_c --> SPKEZR --> SPKEZ --> SPKGEO --> SPKPVN --> SPKR02 --> DAFGDA

================================================================================
[WARNING] [STEP 117] ⚠ C/2025 D6 (ATLAS): 
================================================================================

Toolkit version: CSPICE_N0067

SPICE(DAFBEGGTEND) --

Beginning address (1638843) greater than ending address (1637603).

spkezr_c --> SPKEZR --> SPKEZ --> SPKGEO --> SPKPVN --> SPKR02 --> DAFGDA

================================================================================
[WARNING] [STEP 117] ⚠ C/2025 E1 (PANSTARRS): 
================================================================================

Toolkit version: CSPICE_N0067

SPICE(DAFBEGGTEND) --

Beginning address (1604151) greater than ending address (1604150).

spkezr_c --> SPKEZR --> SPKEZ --> SPKGEO --> SPKPVN --> SPKR02 --> DAFGDA

================================================================================
[WARNING] [STEP 117] ⚠ C/2025 F1 (ATLAS): 
================================================================================

Toolkit version: CSPICE_N0067

SPICE(DAFBEGGTEND) --

Beginning address (1638843) greater than ending address (1637603).

spkezr_c --> SPKEZR --> SPKEZ --> SPKGEO --> SPKPVN --> SPKR02 --> DAFGDA

================================================================================
[WARNING] [STEP 117] ⚠ C/2025 F2 (SWAN): 
================================================================================

Toolkit version: CSPICE_N0067

SPICE(DAFBEGGTEND) --

Beginning address (1638843) greater than ending address (1637603).

spkezr_c --> SPKEZR --> SPKEZ --> SPKGEO --> SPKPVN --> SPKR02 --> DAFGDA

================================================================================
[WARNING] [STEP 117] ⚠ C/2025 J1 (Borisov): 
================================================================================

Toolkit version: CSPICE_N0067

SPICE(DAFBEGGTEND) --

Beginning address (1604151) greater than ending address (1604150).

spkezr_c --> SPKEZR --> SPKEZ --> SPKGEO --> SPKPVN --> SPKR02 --> DAFGDA

================================================================================
[WARNING] [STEP 117] ⚠ C/2025 K1 (ATLAS): 
================================================================================

Toolkit version: CSPICE_N0067

SPICE(DAFBEGGTEND) --

Beginning address (1638843) greater than ending address (1637603).

spkezr_c --> SPKEZR --> SPKEZ --> SPKGEO --> SPKPVN --> SPKR02 --> DAFGDA

================================================================================
[WARNING] [STEP 117] ⚠ C/2025 K3 (PANSTARRS): 
================================================================================

Toolkit version: CSPICE_N0067

SPICE(DAFBEGGTEND) --

Beginning address (1604151) greater than ending address (1604150).

spkezr_c --> SPKEZR --> SPKEZ --> SPKGEO --> SPKPVN --> SPKR02 --> DAFGDA

================================================================================
[WARNING] [STEP 117] ⚠ C/2025 L1 (ATLAS): 
================================================================================

Toolkit version: CSPICE_N0067

SPICE(DAFBEGGTEND) --

Beginning address (1638843) greater than ending address (1637603).

spkezr_c --> SPKEZR --> SPKEZ --> SPKGEO --> SPKPVN --> SPKR02 --> DAFGDA

================================================================================
[WARNING] [STEP 117] ⚠ C/2025 L2 (MAPS): 
================================================================================

Toolkit version: CSPICE_N0067

SPICE(DAFBEGGTEND) --

Beginning address (1604151) greater than ending address (1604150).

spkezr_c --> SPKEZR --> SPKEZ --> SPKGEO --> SPKPVN --> SPKR02 --> DAFGDA

================================================================================
[WARNING] [STEP 117] ⚠ C/2025 M1 (PANSTARRS): 
================================================================================

Toolkit version: CSPICE_N0067

SPICE(DAFBEGGTEND) --

Beginning address (1638843) greater than ending address (1637603).

spkezr_c --> SPKEZR --> SPKEZ --> SPKGEO --> SPKPVN --> SPKR02 --> DAFGDA

================================================================================
[WARNING] [STEP 117] ⚠ C/2025 M2 (PANSTARRS): 
================================================================================

Toolkit version: CSPICE_N0067

SPICE(DAFBEGGTEND) --

Beginning address (1638843) greater than ending address (1637603).

spkezr_c --> SPKEZR --> SPKEZ --> SPKGEO --> SPKPVN --> SPKR02 --> DAFGDA

================================================================================
[WARNING] [STEP 117] ⚠ C/2025 M3 (PANSTARRS): 
================================================================================

Toolkit version: CSPICE_N0067

SPICE(DAFBEGGTEND) --

Beginning address (1604151) greater than ending address (1604150).

spkezr_c --> SPKEZR --> SPKEZ --> SPKGEO --> SPKPVN --> SPKR02 --> DAFGDA

================================================================================
[WARNING] [STEP 117] ⚠ C/2025 N2 (ATLAS): 
================================================================================

Toolkit version: CSPICE_N0067

SPICE(DAFBEGGTEND) --

Beginning address (1638843) greater than ending address (1637603).

spkezr_c --> SPKEZR --> SPKEZ --> SPKGEO --> SPKPVN --> SPKR02 --> DAFGDA

================================================================================
[WARNING] [STEP 117] ⚠ C/2025 O2 (MAPS): 
================================================================================

Toolkit version: CSPICE_N0067

SPICE(DAFBEGGTEND) --

Beginning address (1604151) greater than ending address (1604150).

spkezr_c --> SPKEZR --> SPKEZ --> SPKGEO --> SPKPVN --> SPKR02 --> DAFGDA

================================================================================
[WARNING] [STEP 117] ⚠ C/2025 Q1 (ATLAS): 
================================================================================

Toolkit version: CSPICE_N0067

SPICE(DAFBEGGTEND) --

Beginning address (1638843) greater than ending address (1637603).

spkezr_c --> SPKEZR --> SPKEZ --> SPKGEO --> SPKPVN --> SPKR02 --> DAFGDA

================================================================================
[WARNING] [STEP 117] ⚠ C/2025 Q3 (ATLAS): 
================================================================================

Toolkit version: CSPICE_N0067

SPICE(DAFBEGGTEND) --

Beginning address (1604151) greater than ending address (1604150).

spkezr_c --> SPKEZR --> SPKEZ --> SPKGEO --> SPKPVN --> SPKR02 --> DAFGDA

================================================================================
[WARNING] [STEP 117] ⚠ C/2025 R1 (ATLAS): 
================================================================================

Toolkit version: CSPICE_N0067

SPICE(DAFBEGGTEND) --

Beginning address (1638843) greater than ending address (1637603).

spkezr_c --> SPKEZR --> SPKEZ --> SPKGEO --> SPKPVN --> SPKR02 --> DAFGDA

================================================================================
[WARNING] [STEP 117] ⚠ C/2025 R3 (PANSTARRS): 
================================================================================

Toolkit version: CSPICE_N0067

SPICE(DAFBEGGTEND) --

Beginning address (1604151) greater than ending address (1604150).

spkezr_c --> SPKEZR --> SPKEZ --> SPKGEO --> SPKPVN --> SPKR02 --> DAFGDA

================================================================================
[WARNING] [STEP 117] ⚠ C/2025 T1 (ATLAS): 
================================================================================

Toolkit version: CSPICE_N0067

SPICE(DAFBEGGTEND) --

Beginning address (1638843) greater than ending address (1637603).

spkezr_c --> SPKEZR --> SPKEZ --> SPKGEO --> SPKPVN --> SPKR02 --> DAFGDA

================================================================================
[WARNING] [STEP 117] ⚠ C/2025 V2 (Rankin): 
================================================================================

Toolkit version: CSPICE_N0067

SPICE(DAFBEGGTEND) --

Beginning address (1604151) greater than ending address (1604150).

spkezr_c --> SPKEZR --> SPKEZ --> SPKGEO --> SPKPVN --> SPKR02 --> DAFGDA

================================================================================
[WARNING] [STEP 117] ⚠ C/2025 Y1 (ATLAS): 
================================================================================

Toolkit version: CSPICE_N0067

SPICE(DAFBEGGTEND) --

Beginning address (1604151) greater than ending address (1604150).

spkezr_c --> SPKEZR --> SPKEZ --> SPKGEO --> SPKPVN --> SPKR02 --> DAFGDA

================================================================================
[WARNING] [STEP 117] ⚠ C/2025 Y3 (PANSTARRS): 
================================================================================

Toolkit version: CSPICE_N0067

SPICE(DAFBEGGTEND) --

Beginning address (1638843) greater than ending address (1637603).

spkezr_c --> SPKEZR --> SPKEZ --> SPKGEO --> SPKPVN --> SPKR02 --> DAFGDA

================================================================================
[WARNING] [STEP 117] ⚠ C/2026 A2 (Bok): 
================================================================================

Toolkit version: CSPICE_N0067

SPICE(DAFBEGGTEND) --

Beginning address (1604151) greater than ending address (1604150).

spkezr_c --> SPKEZR --> SPKEZ --> SPKGEO --> SPKPVN --> SPKR02 --> DAFGDA

================================================================================
[WARNING] [STEP 117] ⚠ C/2026 A3 (PANSTARRS): 
================================================================================

Toolkit version: CSPICE_N0067

SPICE(DAFBEGGTEND) --

Beginning address (1638843) greater than ending address (1637603).

spkezr_c --> SPKEZR --> SPKEZ --> SPKGEO --> SPKPVN --> SPKR02 --> DAFGDA

================================================================================
[INFO] [STEP 117] prospective: 275/287 integrated
[WARNING] [STEP 117] ⚠ C/2026 B2 (Sun-Gao): 
================================================================================

Toolkit version: CSPICE_N0067

SPICE(DAFBEGGTEND) --

Beginning address (1604151) greater than ending address (1604150).

spkezr_c --> SPKEZR --> SPKEZ --> SPKGEO --> SPKPVN --> SPKR02 --> DAFGDA

================================================================================
[WARNING] [STEP 117] ⚠ C/2026 B3 (PANSTARRS): 
================================================================================

Toolkit version: CSPICE_N0067

SPICE(DAFBEGGTEND) --

Beginning address (1638843) greater than ending address (1637603).

spkezr_c --> SPKEZR --> SPKEZ --> SPKGEO --> SPKPVN --> SPKR02 --> DAFGDA

================================================================================
[WARNING] [STEP 117] ⚠ C/2026 C1 (Tsuchinshan): 
================================================================================

Toolkit version: CSPICE_N0067

SPICE(DAFBEGGTEND) --

Beginning address (1604151) greater than ending address (1604150).

spkezr_c --> SPKEZR --> SPKEZ --> SPKGEO --> SPKPVN --> SPKR02 --> DAFGDA

================================================================================
[WARNING] [STEP 117] ⚠ C/2026 H1 (PANSTARRS): 
================================================================================

Toolkit version: CSPICE_N0067

SPICE(DAFBEGGTEND) --

Beginning address (1638843) greater than ending address (1637603).

spkezr_c --> SPKEZR --> SPKEZ --> SPKGEO --> SPKPVN --> SPKR02 --> DAFGDA

================================================================================
[WARNING] [STEP 117] ⚠ C/2026 H2 (Leonard): 
================================================================================

Toolkit version: CSPICE_N0067

SPICE(DAFBEGGTEND) --

Beginning address (1604151) greater than ending address (1604150).

spkezr_c --> SPKEZR --> SPKEZ --> SPKGEO --> SPKPVN --> SPKR02 --> DAFGDA

================================================================================
[WARNING] [STEP 117] ⚠ C/2026 H3 (Bok): 
================================================================================

Toolkit version: CSPICE_N0067

SPICE(DAFBEGGTEND) --

Beginning address (1638843) greater than ending address (1637603).

spkezr_c --> SPKEZR --> SPKEZ --> SPKGEO --> SPKPVN --> SPKR02 --> DAFGDA

================================================================================
[WARNING] [STEP 117] ⚠ C/2026 L1 (PANSTARRS): 
================================================================================

Toolkit version: CSPICE_N0067

SPICE(DAFFRNOTFOUND) --

File record not found for file handle 1. Check if program code uses handle 1 for a read or write operation.

spkezr_c --> SPKEZR --> SPKEZ --> SPKGEO --> SPKSFS --> DAFBBS --> DAFRFR

================================================================================
[WARNING] [STEP 117] ⚠ C/2026 L2 (PANSTARRS): 
================================================================================

Toolkit version: CSPICE_N0067

SPICE(DAFBEGGTEND) --

Beginning address (1604151) greater than ending address (1604150).

spkezr_c --> SPKEZR --> SPKEZ --> SPKGEO --> SPKPVN --> SPKR02 --> DAFGDA

================================================================================
[WARNING] [STEP 117] ⚠ C/2026 M3 (MASTER): 
================================================================================

Toolkit version: CSPICE_N0067

SPICE(DAFBEGGTEND) --

Beginning address (1638843) greater than ending address (1637603).

spkezr_c --> SPKEZR --> SPKEZ --> SPKGEO --> SPKPVN --> SPKR02 --> DAFGDA

================================================================================
[WARNING] [STEP 117] ⚠ C/2026 N1 (PANSTARRS): 
================================================================================

Toolkit version: CSPICE_N0067

SPICE(DAFFRNOTFOUND) --

File record not found for file handle 1. Check if program code uses handle 1 for a read or write operation.

spkezr_c --> SPKEZR --> SPKEZ --> SPKGEO --> SPKSFS --> DAFBBS --> DAFRFR

================================================================================
[WARNING] [STEP 117] ⚠ C/2026 O1 (PANSTARRS): 
================================================================================

Toolkit version: CSPICE_N0067

SPICE(DAFBEGGTEND) --

Beginning address (1638843) greater than ending address (1637603).

spkezr_c --> SPKEZR --> SPKEZ --> SPKGEO --> SPKPVN --> SPKR02 --> DAFGDA

================================================================================
[WARNING] [STEP 117] ⚠ C/2026 P2 (PANSTARRS): 
================================================================================

Toolkit version: CSPICE_N0067

SPICE(DAFBEGGTEND) --

Beginning address (1604151) greater than ending address (1604150).

spkezr_c --> SPKEZR --> SPKEZ --> SPKGEO --> SPKPVN --> SPKR02 --> DAFGDA

================================================================================
[INFO] [STEP 117] prospective: integrated 0 comets x2 legs; 287 failed
[INFO] [STEP 117] integrating bound-comet control cohort ...
[INFO] [STEP 117] control: 64 comets to integrate (0 checkpointed)
[WARNING] [STEP 117] ⚠ C/2018 A1 (PANSTARRS): osculating aphelion 48 AU < 250 AU -- boundary unreachable
[WARNING] [STEP 117] ⚠ C/2018 A4 (PANSTARRS): osculating aphelion 22 AU < 250 AU -- boundary unreachable
[WARNING] [STEP 117] ⚠ C/2018 A6 (Gibbs): osculating aphelion 28 AU < 250 AU -- boundary unreachable
[WARNING] [STEP 117] ⚠ C/2018 DO4 (Lemmon): osculating aphelion 49 AU < 250 AU -- boundary unreachable
[WARNING] [STEP 117] ⚠ C/2018 EN4 (NEOWISE): osculating aphelion 35 AU < 250 AU -- boundary unreachable
[WARNING] [STEP 117] ⚠ C/2018 K1 (Weiland): osculating aphelion 58 AU < 250 AU -- boundary unreachable
[WARNING] [STEP 117] ⚠ C/2018 M1 (Catalina): osculating aphelion 41 AU < 250 AU -- boundary unreachable
[WARNING] [STEP 117] ⚠ C/2018 O1 (ATLAS): osculating aphelion 54 AU < 250 AU -- boundary unreachable
[WARNING] [STEP 117] ⚠ C/2018 P5 (PANSTARRS): osculating aphelion 21 AU < 250 AU -- boundary unreachable
[WARNING] [STEP 117] ⚠ C/2018 R5 (Lemmon): osculating aphelion 42 AU < 250 AU -- boundary unreachable
[WARNING] [STEP 117] ⚠ C/2018 S2 (TESS): osculating aphelion 23 AU < 250 AU -- boundary unreachable
[WARNING] [STEP 117] ⚠ C/2018 V2 (ATLAS): osculating aphelion 49 AU < 250 AU -- boundary unreachable
[WARNING] [STEP 117] ⚠ C/2018 W1 (Catalina): osculating aphelion 42 AU < 250 AU -- boundary unreachable
[WARNING] [STEP 117] ⚠ C/2018 X3 (PANSTARRS): osculating aphelion 22 AU < 250 AU -- boundary unreachable
[WARNING] [STEP 117] ⚠ C/2019 A5 (PANSTARRS): osculating aphelion 37 AU < 250 AU -- boundary unreachable
[WARNING] [STEP 117] ⚠ C/2019 F2 (ATLAS): osculating aphelion 31 AU < 250 AU -- boundary unreachable
[WARNING] [STEP 117] ⚠ C/2019 L1 (PANSTARRS): osculating aphelion 17 AU < 250 AU -- boundary unreachable
[WARNING] [STEP 117] ⚠ C/2019 O2 (PANSTARRS): osculating aphelion 105 AU < 250 AU -- boundary unreachable
[WARNING] [STEP 117] ⚠ C/2019 T5 (ATLAS): osculating aphelion 14 AU < 250 AU -- boundary unreachable
[WARNING] [STEP 117] ⚠ C/2020 K7 (PANSTARRS): osculating aphelion 212 AU < 250 AU -- boundary unreachable
[WARNING] [STEP 117] ⚠ C/2020 PV6 (PANSTARRS): osculating aphelion 81 AU < 250 AU -- boundary unreachable
[WARNING] [STEP 117] ⚠ C/2020 Q2 (PANSTARRS): osculating aphelion 16 AU < 250 AU -- boundary unreachable
[WARNING] [STEP 117] ⚠ C/2020 S2 (PANSTARRS): osculating aphelion 19 AU < 250 AU -- boundary unreachable
[WARNING] [STEP 117] ⚠ C/2020 X2 (ATLAS): osculating aphelion 29 AU < 250 AU -- boundary unreachable
[WARNING] [STEP 117] ⚠ C/2020 X4 (Leonard): osculating aphelion 81 AU < 250 AU -- boundary unreachable
[INFO] [STEP 117] control: 25/64 integrated
[WARNING] [STEP 117] ⚠ C/2021 B3 (NEOWISE): osculating aphelion 68 AU < 250 AU -- boundary unreachable
[WARNING] [STEP 117] ⚠ C/2021 J1 (Maury-Attard): osculating aphelion 51 AU < 250 AU -- boundary unreachable
[WARNING] [STEP 117] ⚠ C/2021 K1 (ATLAS): osculating aphelion 23 AU < 250 AU -- boundary unreachable
[WARNING] [STEP 117] ⚠ C/2021 Q3 (ATLAS): osculating aphelion 144 AU < 250 AU -- boundary unreachable
[WARNING] [STEP 117] ⚠ C/2022 F2 (NEOWISE): osculating aphelion 46 AU < 250 AU -- boundary unreachable
[WARNING] [STEP 117] ⚠ C/2022 JK5 (PANSTARRS): osculating aphelion 84 AU < 250 AU -- boundary unreachable
[WARNING] [STEP 117] ⚠ C/2022 P1 (NEOWISE): osculating aphelion 35 AU < 250 AU -- boundary unreachable
[WARNING] [STEP 117] ⚠ C/2022 Q2 (ATLAS): osculating aphelion 64 AU < 250 AU -- boundary unreachable
[WARNING] [STEP 117] ⚠ C/2022 S5 (PANSTARRS): osculating aphelion 39 AU < 250 AU -- boundary unreachable
[WARNING] [STEP 117] ⚠ C/2022 V2 (Lemmon): osculating aphelion 72 AU < 250 AU -- boundary unreachable
[WARNING] [STEP 117] ⚠ C/2022 Y1 (Hogan): osculating aphelion 22 AU < 250 AU -- boundary unreachable
[WARNING] [STEP 117] ⚠ C/2022 Y2 (Lemmon): osculating aphelion 37 AU < 250 AU -- boundary unreachable
[WARNING] [STEP 117] ⚠ C/2023 E1 (ATLAS): osculating aphelion 38 AU < 250 AU -- boundary unreachable
[WARNING] [STEP 117] ⚠ C/2023 H3 (PANSTARRS): osculating aphelion 22 AU < 250 AU -- boundary unreachable
[WARNING] [STEP 117] ⚠ C/2023 RN3 (ATLAS): osculating aphelion 15 AU < 250 AU -- boundary unreachable
[WARNING] [STEP 117] ⚠ C/2023 RS61 (PANSTARRS): osculating aphelion 16 AU < 250 AU -- boundary unreachable
[WARNING] [STEP 117] ⚠ C/2023 V3 (PANSTARRS): osculating aphelion 22 AU < 250 AU -- boundary unreachable
[WARNING] [STEP 117] ⚠ C/2023 X4 (Hogan): osculating aphelion 16 AU < 250 AU -- boundary unreachable
[WARNING] [STEP 117] ⚠ C/2024 A2 (ATLAS): osculating aphelion 63 AU < 250 AU -- boundary unreachable
[WARNING] [STEP 117] ⚠ C/2024 C1 (PANSTARRS): osculating aphelion 17 AU < 250 AU -- boundary unreachable
[WARNING] [STEP 117] ⚠ C/2024 C2 (PANSTARRS): osculating aphelion 23 AU < 250 AU -- boundary unreachable
[WARNING] [STEP 117] ⚠ C/2024 C3 (PANSTARRS): osculating aphelion 17 AU < 250 AU -- boundary unreachable
[WARNING] [STEP 117] ⚠ C/2024 E2 (Bok): osculating aphelion 96 AU < 250 AU -- boundary unreachable
[WARNING] [STEP 117] ⚠ C/2024 F2 (PANSTARRS): osculating aphelion 16 AU < 250 AU -- boundary unreachable
[WARNING] [STEP 117] ⚠ C/2024 L1 (PANSTARRS): osculating aphelion 18 AU < 250 AU -- boundary unreachable
[INFO] [STEP 117] control: 50/64 integrated
[WARNING] [STEP 117] ⚠ C/2024 M1 (ATLAS): osculating aphelion 58 AU < 250 AU -- boundary unreachable
[WARNING] [STEP 117] ⚠ C/2024 W1 (PANSTARRS): osculating aphelion 87 AU < 250 AU -- boundary unreachable
[WARNING] [STEP 117] ⚠ C/2024 X1 (Fazekas): osculating aphelion 15 AU < 250 AU -- boundary unreachable
[WARNING] [STEP 117] ⚠ C/2024 X2 (ATLAS): osculating aphelion 97 AU < 250 AU -- boundary unreachable
[WARNING] [STEP 117] ⚠ C/2024 X4 (PANSTARRS): osculating aphelion 17 AU < 250 AU -- boundary unreachable
[WARNING] [STEP 117] ⚠ C/2024 XK14 (Bok): osculating aphelion 32 AU < 250 AU -- boundary unreachable
[WARNING] [STEP 117] ⚠ C/2025 A3 (Tsuchinshan): osculating aphelion 15 AU < 250 AU -- boundary unreachable
[WARNING] [STEP 117] ⚠ C/2025 A4 (PANSTARRS): osculating aphelion 18 AU < 250 AU -- boundary unreachable
[WARNING] [STEP 117] ⚠ C/2025 K2 (PANSTARRS): osculating aphelion 47 AU < 250 AU -- boundary unreachable
[WARNING] [STEP 117] ⚠ C/2025 K4 (Siverd): osculating aphelion 84 AU < 250 AU -- boundary unreachable
[WARNING] [STEP 117] ⚠ C/2025 W2 (ATLAS): osculating aphelion 52 AU < 250 AU -- boundary unreachable
[WARNING] [STEP 117] ⚠ C/2025 X1 (PANSTARRS): osculating aphelion 63 AU < 250 AU -- boundary unreachable
[WARNING] [STEP 117] ⚠ C/2026 J1 (PANSTARRS): osculating aphelion 48 AU < 250 AU -- boundary unreachable
[WARNING] [STEP 117] ⚠ C/2026 M5 (PANSTARRS): osculating aphelion 151 AU < 250 AU -- boundary unreachable
[INFO] [STEP 117] control: integrated 0 comets x2 legs; 64 failed
[INFO] [STEP 117] slip-map transfer: rho=nan p=nan sign-acc=None (n=0)
[INFO] [STEP 117] primary(q<3.1): n=0 in=0 -- insufficient_sample
[INFO] [STEP 117] primary pure-gravity: n=0 in=0 -- insufficient_sample
[INFO] [STEP 117] oort-spike(q<3.1,0<1/a<100): n=0 in=0 -- insufficient_sample
[INFO] [STEP 117] oort-spike pure-gravity: n=0 in=0 -- insufficient_sample
[INFO] [STEP 117] all_near_parabolic: n=0 in=0 -- insufficient_sample
[INFO] [STEP 117] control(e<0.95): n=0 in=0 -- insufficient_sample
wrote /Users/matthewsmawfield/www/Temporal Equivalence Principle/TEP-9/results/step_b81_prospective_lpc.json
wrote /Users/matthewsmawfield/www/Temporal Equivalence Principle/TEP-9/results/step_b81_prospective_lpc.csv
wrote /Users/matthewsmawfield/www/Temporal Equivalence Principle/TEP-9/results/figures/step_b81_prospective_lpc.png
