craft,sclk,et_s,utc,rate_s_per_msf,tick_rate_hz,dnu_frac,r_au,ecl_lon_deg,ecl_lat_deg,mode
VG1,0,-704411388.2,1977-09-05T14:09:24,2880.002760,16.666651,-9.583e-07,1.008,343.213,-0.000,calibration
VG1,480000,-704382588.2,1977-09-05T22:09:24,2880.002760,16.666651,-9.583e-07,1.008,343.652,0.008,calibration
VG1,11424000,-703725947.6,1977-09-13T12:33:24,2880.010140,16.666608,-3.521e-06,1.017,353.511,0.186,calibration
VG1,11904000,-703697147.5,1977-09-13T20:33:24,2880.003360,16.666647,-1.167e-06,1.017,353.939,0.193,calibration
VG1,17904000,-703337147.0,1977-09-18T00:33:25,2879.995380,16.666693,1.604e-06,1.028,359.229,0.286,calibration
VG1,18384000,-703308347.1,1977-09-18T08:33:25,2880.002400,16.666653,-8.333e-07,1.029,359.648,0.294,calibration
VG1,25824000,-702861946.7,1977-09-23T12:33:25,2880.006300,16.666630,-2.187e-06,1.047,6.016,0.402,calibration
VG1,26304000,-702833146.6,1977-09-23T20:33:25,2880.002760,16.666651,-9.583e-07,1.049,6.418,0.409,calibration
VG1,67200000,-700379384.3,1977-10-22T06:09:28,2879.996940,16.666684,1.063e-06,1.231,36.100,0.826,calibration
VG1,67680000,-700350584.3,1977-10-22T14:09:27,2880.002460,16.666652,-8.542e-07,1.234,36.391,0.830,calibration
VG1,91008000,-698950903.1,1977-11-07T18:57:29,2879.997240,16.666683,9.583e-07,1.378,49.060,0.945,calibration
VG1,91488000,-698922103.2,1977-11-08T02:57:29,2880.002280,16.666653,-7.917e-07,1.381,49.293,0.947,calibration
VG1,104112000,-698164662.6,1977-11-16T21:21:29,2879.997960,16.666678,7.083e-07,1.465,55.045,0.984,calibration
VG1,104592000,-698135862.6,1977-11-17T05:21:29,2880.001920,16.666656,-6.667e-07,1.468,55.251,0.986,calibration
VG1,109440000,-697844982.4,1977-11-20T14:09:29,2879.997840,16.666679,7.500e-07,1.501,57.279,0.996,calibration
VG1,109920000,-697816182.4,1977-11-20T22:09:29,2880.001740,16.666657,-6.042e-07,1.504,57.475,0.997,calibration
VG1,115440000,-697484982.2,1977-11-24T18:09:30,2879.994360,16.666699,1.958e-06,1.542,59.667,1.007,calibration
VG1,115920000,-697456182.3,1977-11-25T02:09:30,2880.001260,16.666659,-4.375e-07,1.545,59.853,1.008,calibration
VG1,126480000,-696822582.0,1977-12-02T10:09:30,2880.009660,16.666611,-3.354e-06,1.619,63.742,1.022,calibration
VG1,126960000,-696793781.9,1977-12-02T18:09:30,2880.001800,16.666656,-6.250e-07,1.622,63.910,1.022,calibration
VG1,153264000,-695215540.9,1977-12-21T00:33:31,2879.998620,16.666675,4.792e-07,1.808,72.176,1.036,calibration
VG1,153744000,-695186740.9,1977-12-21T08:33:31,2880.001740,16.666657,-6.042e-07,1.811,72.312,1.036,calibration
VG1,155616000,-695074420.8,1977-12-22T15:45:31,2879.997000,16.666684,1.042e-06,1.824,72.834,1.036,calibration
VG1,156096000,-695045620.9,1977-12-22T23:45:31,2880.001320,16.666659,-4.583e-07,1.828,72.966,1.036,calibration
VG1,164400000,-694547380.6,1977-12-28T18:09:31,2879.996520,16.666687,1.208e-06,1.887,75.185,1.035,calibration
VG1,164880000,-694518580.7,1977-12-29T02:09:31,2880.000840,16.666662,-2.917e-07,1.890,75.309,1.035,calibration
VG1,169070383,-694267157.6,1977-12-31T23:59:54,2880.000840,16.666662,-2.917e-07,1.920,76.373,1.034,calibration
VG1,169870383,-694219156.6,1978-01-01T13:19:54,2880.000840,16.666662,-2.917e-07,1.925,76.573,1.034,calibration
VG1,182159983,-693481780.4,1978-01-10T02:09:30,2880.007680,16.666622,-2.667e-06,2.012,79.497,1.030,calibration
VG1,182639983,-693452980.3,1978-01-10T10:09:31,2880.001380,16.666659,-4.792e-07,2.015,79.606,1.029,calibration
VG1,216431983,-691425459.3,1978-02-02T21:21:31,2879.997240,16.666683,9.583e-07,2.250,86.471,1.008,calibration
VG1,216911983,-691396659.4,1978-02-03T05:21:31,2880.001200,16.666660,-4.167e-07,2.253,86.558,1.008,calibration
VG1,280703983,-687569137.8,1978-03-19T12:33:33,2879.996340,16.666688,1.271e-06,2.679,96.281,0.953,calibration
VG1,281183983,-687540337.8,1978-03-19T20:33:33,2880.000660,16.666663,-2.292e-07,2.682,96.343,0.952,calibration
VG1,288863983,-687079537.7,1978-03-25T04:33:33,2880.006180,16.666631,-2.146e-06,2.731,97.309,0.945,calibration
VG1,289343983,-687050737.6,1978-03-25T12:33:33,2880.001320,16.666659,-4.583e-07,2.734,97.368,0.945,calibration
VG1,302303983,-686273137.3,1978-04-03T12:33:34,2879.995500,16.666693,1.563e-06,2.817,98.919,0.933,calibration
VG1,302783983,-686244337.3,1978-04-03T20:33:33,2880.001080,16.666660,-3.750e-07,2.820,98.974,0.933,calibration
VG1,324431983,-684945456.8,1978-04-18T21:21:34,2879.995260,16.666694,1.646e-06,2.955,101.367,0.913,calibration
VG1,324911983,-684916656.9,1978-04-19T05:21:34,2880.000600,16.666663,-2.083e-07,2.958,101.418,0.913,calibration
VG1,333023983,-684429936.8,1978-04-24T20:33:34,2880.006000,16.666632,-2.083e-06,3.008,102.258,0.905,calibration
VG1,333503983,-684401136.7,1978-04-25T04:33:34,2880.000960,16.666661,-3.333e-07,3.011,102.307,0.905,calibration
VG1,355967983,-683053296.3,1978-05-10T18:57:35,2880.005760,16.666633,-2.000e-06,3.148,104.490,0.885,calibration
VG1,356447983,-683024496.2,1978-05-11T02:57:35,2880.001020,16.666661,-3.542e-07,3.150,104.535,0.884,calibration
VG1,361055983,-682748016.1,1978-05-14T07:45:35,2879.994300,16.666700,1.979e-06,3.178,104.959,0.880,calibration
VG1,361535983,-682719216.2,1978-05-14T15:45:35,2880.000300,16.666665,-1.042e-07,3.181,105.003,0.880,calibration
VG1,371471983,-682123056.1,1978-05-21T13:21:35,2880.006960,16.666626,-2.417e-06,3.240,105.891,0.871,calibration
VG1,371951983,-682094256.0,1978-05-21T21:21:35,2880.000900,16.666661,-3.125e-07,3.243,105.933,0.871,calibration
VG1,397055983,-680588015.6,1978-06-08T07:45:35,2879.994420,16.666699,1.938e-06,3.389,108.038,0.850,calibration
VG1,397535983,-680559215.6,1978-06-08T15:45:35,2880.000660,16.666663,-2.292e-07,3.392,108.076,0.849,calibration
VG1,413231983,-679617455.4,1978-06-19T13:21:35,2879.993940,16.666702,2.104e-06,3.481,109.301,0.836,calibration
VG1,413711983,-679588655.5,1978-06-19T21:21:35,2880.000240,16.666665,-8.333e-08,3.484,109.337,0.836,calibration
VG1,431087983,-678546095.4,1978-07-01T22:57:35,2880.006180,16.666631,-2.146e-06,3.581,110.620,0.822,calibration
VG1,431567983,-678517295.3,1978-07-02T06:57:35,2880.000600,16.666663,-2.083e-07,3.584,110.655,0.822,calibration
VG1,461423983,-676725935.0,1978-07-23T00:33:36,2879.995500,16.666693,1.563e-06,3.748,112.702,0.799,calibration
VG1,461903983,-676697135.0,1978-07-23T08:33:36,2880.000420,16.666664,-1.458e-07,3.750,112.734,0.798,calibration
VG1,484703983,-675329134.8,1978-08-08T04:33:36,2880.010320,16.666607,-3.583e-06,3.872,114.180,0.781,calibration
VG1,485183983,-675300334.7,1978-08-08T12:33:36,2880.000900,16.666661,-3.125e-07,3.874,114.210,0.781,calibration
VG1,493343983,-674810734.5,1978-08-14T04:33:36,2879.994120,16.666701,2.042e-06,3.917,114.705,0.775,calibration
VG1,493823983,-674781934.6,1978-08-14T12:33:36,2880.000420,16.666664,-1.458e-07,3.920,114.734,0.775,calibration
VG1,519167983,-673261294.4,1978-09-01T02:57:36,2880.006960,16.666626,-2.417e-06,4.051,116.204,0.757,calibration
VG1,519647983,-673232494.3,1978-09-01T10:57:37,2880.000780,16.666662,-2.708e-07,4.053,116.230,0.756,calibration
VG1,537215983,-672178414.0,1978-09-13T15:45:37,2879.995020,16.666695,1.729e-06,4.143,117.194,0.744,calibration
VG1,537695983,-672149614.1,1978-09-13T23:45:37,2880.000480,16.666664,-1.667e-07,4.145,117.220,0.744,calibration
VG1,555551983,-671078253.9,1978-09-26T09:21:37,2879.993760,16.666703,2.167e-06,4.234,118.156,0.732,calibration
VG1,556031983,-671049454.0,1978-09-26T17:21:37,2880.000000,16.666667,0.000e+00,4.236,118.181,0.732,calibration
VG1,578879983,-669678574.0,1978-10-12T14:09:37,2880.007320,16.666624,-2.542e-06,4.348,119.323,0.717,calibration
VG1,579359983,-669649773.9,1978-10-12T22:09:37,2880.000720,16.666663,-2.500e-07,4.351,119.346,0.716,calibration
VG1,596447983,-668624493.6,1978-10-24T18:57:37,2879.995320,16.666694,1.625e-06,4.433,120.162,0.705,calibration
VG1,596927983,-668595693.7,1978-10-25T02:57:37,2880.000600,16.666663,-2.083e-07,4.435,120.184,0.705,calibration
VG1,647458383,-665563869.0,1978-11-29T05:08:02,2006.040000,23.927738,4.357e-01,4.671,122.427,0.674,rate_mode
VG1,647459183,-665563835.6,1978-11-29T05:08:35,2880.000600,16.666663,-2.083e-07,4.671,122.427,0.674,calibration
VG1,658223983,-664917947.5,1978-12-06T16:33:23,2880.008460,16.666618,-2.937e-06,4.720,122.875,0.668,calibration
VG1,658703983,-664889147.4,1978-12-07T00:33:23,2880.001020,16.666661,-3.542e-07,4.722,122.895,0.668,calibration
VG1,662207983,-664678907.3,1978-12-09T10:57:24,2879.994660,16.666698,1.854e-06,4.738,123.039,0.666,calibration
VG1,662687983,-664650107.4,1978-12-09T18:57:23,2880.000120,16.666666,-4.167e-08,4.740,123.059,0.665,calibration
VG1,669551983,-664238267.4,1978-12-14T13:21:23,2880.004980,16.666638,-1.729e-06,4.771,123.337,0.661,calibration
VG1,670031983,-664209467.3,1978-12-14T21:21:24,2880.000480,16.666664,-1.667e-07,4.773,123.357,0.661,calibration
VG1,694669583,-662731211.1,1978-12-31T23:59:00,2820.000480,17.021274,2.128e-02,4.883,124.326,0.647,rate_mode
VG1,694670383,-662731164.1,1978-12-31T23:59:47,2880.000480,16.666664,-1.667e-07,4.883,124.326,0.647,calibration
VG1,696863983,-662599547.0,1979-01-02T12:33:23,2880.008820,16.666616,-3.062e-06,4.892,124.410,0.646,calibration
VG1,697343983,-662570746.9,1979-01-02T20:33:23,2880.000960,16.666661,-3.333e-07,4.895,124.429,0.646,calibration
VG1,710783983,-661764346.7,1979-01-12T04:33:23,2879.994480,16.666699,1.917e-06,4.953,124.936,0.638,calibration
VG1,711263983,-661735546.7,1979-01-12T12:33:23,2880.000720,16.666663,-2.500e-07,4.956,124.954,0.638,calibration
VG1,759503983,-658841146.0,1979-02-15T00:33:24,2879.991300,16.666717,3.021e-06,5.164,126.667,0.611,calibration
VG1,759983983,-658812346.1,1979-02-15T08:33:24,2880.000240,16.666665,-8.333e-08,5.166,126.683,0.610,calibration
VG1,770303983,-658193146.0,1979-02-22T12:33:24,2880.007500,16.666623,-2.604e-06,5.211,127.024,0.604,calibration
VG1,770783983,-658164346.0,1979-02-22T20:33:24,2880.000540,16.666664,-1.875e-07,5.213,127.039,0.604,calibration
VG1,783983983,-657372345.8,1979-03-04T00:33:24,2879.992500,16.666710,2.604e-06,5.275,127.444,0.595,calibration
VG1,784463983,-657343545.9,1979-03-04T08:33:24,2880.000240,16.666665,-8.333e-08,5.278,127.457,0.594,calibration
VG1,785893583,-657257769.8,1979-03-05T08:23:00,2880.324300,16.664790,-1.126e-04,5.288,127.500,0.593,calibration
VG1,785923183,-657255993.6,1979-03-05T08:52:36,2880.594720,16.663226,-2.065e-04,5.289,127.502,0.593,rate_mode
VG1,786013583,-657250568.5,1979-03-05T10:23:01,2881.076820,16.660437,-3.738e-04,5.290,127.508,0.593,rate_mode
VG1,786073583,-657246967.2,1979-03-05T11:23:03,2881.226400,16.659572,-4.257e-04,5.290,127.512,0.593,rate_mode
VG1,786133583,-657243365.6,1979-03-05T12:23:04,2881.618380,16.657306,-5.616e-04,5.291,127.518,0.594,rate_mode
VG1,786163183,-657241588.6,1979-03-05T12:52:41,2880.658380,16.662857,-2.286e-04,5.291,127.521,0.594,rate_mode
VG1,786192783,-657239812.2,1979-03-05T13:22:18,2880.034740,16.666466,-1.206e-05,5.292,127.525,0.594,calibration
VG1,786223183,-657237988.2,1979-03-05T13:52:42,2879.172660,16.671456,2.874e-04,5.292,127.528,0.594,rate_mode
VG1,786253583,-657236164.7,1979-03-05T14:23:05,2880.304020,16.664907,-1.056e-04,5.292,127.532,0.594,calibration
VG1,786313583,-657232564.4,1979-03-05T15:23:05,2880.361620,16.664574,-1.255e-04,5.293,127.540,0.595,calibration
VG1,786492783,-657221811.0,1979-03-05T18:22:19,2880.308520,16.664881,-1.071e-04,5.294,127.564,0.596,calibration
VG1,786583183,-657216386.4,1979-03-05T19:52:43,2880.472680,16.663932,-1.641e-04,5.295,127.576,0.596,calibration
VG1,786642383,-657212833.8,1979-03-05T20:51:56,2880.005760,16.666633,-2.000e-06,5.295,127.584,0.597,calibration
VG1,791183983,-656940337.3,1979-03-09T00:33:33,2879.947260,16.666972,1.831e-05,5.307,128.107,0.621,calibration
VG1,791663983,-656911537.8,1979-03-09T08:33:32,2880.000840,16.666662,-2.917e-07,5.308,128.159,0.623,calibration
VG1,805583983,-656076337.6,1979-03-19T00:33:32,2879.995560,16.666692,1.542e-06,5.337,129.596,0.685,calibration
VG1,806063983,-656047537.6,1979-03-19T08:33:32,2880.000660,16.666663,-2.292e-07,5.338,129.645,0.687,calibration
VG1,827183983,-654780337.3,1979-04-03T00:33:32,2879.993880,16.666702,2.125e-06,5.384,131.740,0.774,calibration
VG1,827663983,-654751537.4,1979-04-03T08:33:32,2880.000540,16.666664,-1.875e-07,5.385,131.787,0.776,calibration
VG1,851663983,-653311537.1,1979-04-20T00:33:33,2880.007620,16.666623,-2.646e-06,5.442,134.106,0.871,calibration
VG1,852143983,-653282737.0,1979-04-20T08:33:33,2880.000600,16.666663,-2.083e-07,5.443,134.152,0.873,calibration
VG1,911519983,-649720176.3,1979-05-31T14:09:34,2879.994420,16.666699,1.938e-06,5.608,139.643,1.091,calibration
VG1,911999983,-649691376.4,1979-05-31T22:09:33,2880.000540,16.666664,-1.875e-07,5.610,139.686,1.092,calibration
VG1,947711983,-647548656.0,1979-06-25T17:21:34,2880.006360,16.666630,-2.208e-06,5.724,142.816,1.212,calibration
VG1,948191983,-647519855.9,1979-06-26T01:21:34,2880.000960,16.666661,-3.333e-07,5.726,142.857,1.213,calibration
VG1,969407983,-646246895.5,1979-07-10T18:57:34,2879.993400,16.666705,2.292e-06,5.799,144.653,1.280,calibration
VG1,969887983,-646218095.5,1979-07-11T02:57:34,2880.000660,16.666663,-2.292e-07,5.801,144.694,1.282,calibration
VG1,1048223983,-641517934.5,1979-09-03T12:33:35,2879.994360,16.666699,1.958e-06,6.102,150.919,1.503,calibration
VG1,1048703983,-641489134.5,1979-09-03T20:33:35,2880.000600,16.666663,-2.083e-07,6.104,150.956,1.504,calibration
VG1,1077983983,-639732334.2,1979-09-24T04:33:36,2880.007500,16.666623,-2.604e-06,6.228,153.119,1.577,calibration
VG1,1078463983,-639703534.1,1979-09-24T12:33:36,2880.000960,16.666661,-3.333e-07,6.230,153.154,1.578,calibration
VG1,1113263983,-637615533.4,1979-10-18T16:33:36,2880.006660,16.666628,-2.312e-06,6.384,155.612,1.658,calibration
VG1,1113743983,-637586733.3,1979-10-19T00:33:37,2880.001020,16.666661,-3.542e-07,6.386,155.645,1.659,calibration
VG1,1138655983,-636092012.8,1979-11-05T07:45:37,2879.993940,16.666702,2.104e-06,6.500,157.330,1.712,calibration
VG1,1139135983,-636063212.8,1979-11-05T15:45:37,2880.000840,16.666662,-2.917e-07,6.503,157.362,1.713,calibration
VG1,1203743983,-632186731.7,1979-12-20T12:33:38,2879.991960,16.666713,2.792e-06,6.815,161.458,1.836,calibration
VG1,1204223983,-632157931.8,1979-12-20T20:33:38,2880.000480,16.666664,-1.667e-07,6.817,161.487,1.837,calibration
VG1,1220269583,-631195195.6,1979-12-31T23:59:14,2820.000480,17.021274,2.128e-02,6.898,162.445,1.864,rate_mode
VG1,1220270383,-631195147.6,1980-01-01T00:00:01,2880.000480,16.666664,-1.667e-07,6.898,162.445,1.864,calibration
VG1,1235087983,-630306091.5,1980-01-11T06:57:37,2880.005820,16.666633,-2.021e-06,6.973,163.310,1.888,calibration
VG1,1235567983,-630277291.4,1980-01-11T14:57:37,2880.000480,16.666664,-1.667e-07,6.975,163.338,1.889,calibration
VG1,1254815983,-629122411.2,1980-01-24T23:45:38,2880.006300,16.666630,-2.187e-06,7.075,164.433,1.919,calibration
VG1,1255295983,-629093611.2,1980-01-25T07:45:38,2880.000540,16.666664,-1.875e-07,7.077,164.460,1.920,calibration
VG1,1312895983,-625637610.5,1980-03-05T07:45:38,2880.008820,16.666616,-3.062e-06,7.383,167.556,2.001,calibration
VG1,1313375983,-625608810.4,1980-03-05T15:45:38,2880.000540,16.666664,-1.875e-07,7.385,167.581,2.001,calibration
VG1,1361423983,-622725929.9,1980-04-08T00:33:39,2880.002880,16.666650,-1.000e-06,7.649,169.970,2.060,calibration
VG1,1361903983,-622697129.9,1980-04-08T08:33:39,2880.000360,16.666665,-1.250e-07,7.651,169.993,2.060,calibration
VG1,1373183983,-622020329.8,1980-04-16T04:33:39,2880.008760,16.666616,-3.042e-06,7.714,170.529,2.073,calibration
VG1,1373663983,-621991529.7,1980-04-16T12:33:39,2880.000480,16.666664,-1.667e-07,7.717,170.552,2.073,calibration
VG1,1401983983,-620292329.4,1980-05-06T04:33:39,2880.015240,16.666578,-5.292e-06,7.876,171.860,2.103,calibration
VG1,1402463983,-620263529.3,1980-05-06T12:33:40,2880.001200,16.666660,-4.167e-07,7.879,171.882,2.104,calibration
VG1,1410143983,-619802729.1,1980-05-11T20:33:40,2879.987940,16.666736,4.188e-06,7.923,172.227,2.111,calibration
VG1,1410623983,-619773929.2,1980-05-12T04:33:40,2880.000240,16.666665,-8.333e-08,7.925,172.249,2.112,calibration
VG1,1441823983,-617901929.0,1980-06-02T20:33:40,2880.010500,16.666606,-3.646e-06,8.104,173.613,2.142,calibration
VG1,1442303983,-617873128.9,1980-06-03T04:33:40,2880.000660,16.666663,-2.292e-07,8.107,173.634,2.142,calibration
VG1,1451903983,-617297128.8,1980-06-09T20:33:40,2879.987820,16.666737,4.229e-06,8.162,174.041,2.151,calibration
VG1,1452383983,-617268328.9,1980-06-10T04:33:40,2880.000240,16.666665,-8.333e-08,8.165,174.061,2.151,calibration
VG1,1461023983,-616749928.9,1980-06-16T04:33:40,2880.006300,16.666630,-2.187e-06,8.215,174.423,2.159,calibration
VG1,1461503983,-616721128.8,1980-06-16T12:33:40,2880.000480,16.666664,-1.667e-07,8.218,174.443,2.159,calibration
VG1,1495343983,-614690728.5,1980-07-10T00:33:40,2879.990160,16.666724,3.417e-06,8.416,175.817,2.187,calibration
VG1,1495823983,-614661928.6,1980-07-10T08:33:40,2880.000240,16.666665,-8.333e-08,8.419,175.836,2.188,calibration
VG1,1523699183,-612989416.4,1980-07-29T17:08:52,1771.200000,27.100271,6.260e-01,8.583,176.919,2.209,rate_mode
VG1,1523699983,-612989386.9,1980-07-29T17:09:22,2880.000240,16.666665,-8.333e-08,8.583,176.919,2.209,calibration
VG1,1533983983,-612372346.9,1980-08-05T20:33:22,2880.013800,16.666587,-4.792e-06,8.645,177.309,2.216,calibration
VG1,1534463983,-612343546.7,1980-08-06T04:33:22,2880.000720,16.666663,-2.500e-07,8.647,177.327,2.216,calibration
VG1,1563743983,-610586746.3,1980-08-26T12:33:23,2879.990940,16.666719,3.146e-06,8.823,178.405,2.236,calibration
VG1,1564223983,-610557946.4,1980-08-26T20:33:22,2880.000300,16.666665,-1.042e-07,8.826,178.422,2.237,calibration
VG1,1612223983,-607677946.1,1980-09-29T04:33:23,2879.992740,16.666709,2.521e-06,9.116,180.098,2.266,calibration
VG1,1612703983,-607649146.1,1980-09-29T12:33:23,2880.000120,16.666666,-4.167e-08,9.119,180.115,2.266,calibration
VG1,1632383983,-606468346.1,1980-10-13T04:33:23,2880.010860,16.666604,-3.771e-06,9.239,180.771,2.278,calibration
VG1,1632863983,-606439546.0,1980-10-13T12:33:23,2880.000600,16.666663,-2.083e-07,9.242,180.787,2.278,calibration
VG1,1637183983,-606180345.9,1980-10-16T12:33:23,2879.990280,16.666723,3.375e-06,9.269,180.929,2.280,calibration
VG1,1637663983,-606151546.0,1980-10-16T20:33:23,2879.999880,16.666667,4.167e-08,9.272,180.944,2.280,calibration
VG1,1657343983,-604970746.1,1980-10-30T12:33:23,2880.009780,16.666610,-3.396e-06,9.393,181.580,2.291,calibration
VG1,1657823983,-604941946.0,1980-10-30T20:33:23,2880.000300,16.666665,-1.042e-07,9.396,181.595,2.291,calibration
VG1,1674623983,-603933945.9,1980-11-11T12:33:23,2880.008520,16.666617,-2.958e-06,9.501,182.127,2.300,calibration
VG1,1675103983,-603905145.8,1980-11-11T20:33:23,2880.000600,16.666663,-2.083e-07,9.504,182.142,2.300,calibration
VG1,1684703983,-603329145.7,1980-11-18T12:33:23,2879.992380,16.666711,2.646e-06,9.543,182.523,2.546,calibration
VG1,1685183983,-603300345.8,1980-11-18T20:33:23,2880.000000,16.666667,0.000e+00,9.544,182.542,2.560,calibration
VG1,1704863983,-602119545.7,1980-12-02T12:33:23,2880.009180,16.666614,-3.187e-06,9.606,183.317,3.117,calibration
VG1,1705343983,-602090745.7,1980-12-02T20:33:23,2880.000240,16.666665,-8.333e-08,9.608,183.335,3.131,calibration
VG1,1717823983,-601341945.6,1980-12-11T12:33:23,2879.991720,16.666715,2.875e-06,9.647,183.821,3.478,calibration
VG1,1718303983,-601313145.7,1980-12-11T20:33:23,2880.000000,16.666667,0.000e+00,9.649,183.839,3.492,calibration
VG1,1729343983,-600650745.7,1980-12-19T12:33:23,2880.004740,16.666639,-1.646e-06,9.685,184.265,3.796,calibration
VG1,1729823983,-600621945.6,1980-12-19T20:33:23,2880.000600,16.666663,-2.083e-07,9.686,184.284,3.809,calibration
VG1,1742783983,-599844345.5,1980-12-28T20:33:23,2879.986860,16.666743,4.563e-06,9.729,184.780,4.163,calibration
VG1,1743263983,-599815545.6,1980-12-29T04:33:23,2880.000120,16.666666,-4.167e-08,9.731,184.798,4.176,calibration
VG1,1773023983,-598029945.5,1981-01-18T20:33:23,2880.010080,16.666608,-3.500e-06,9.833,185.921,4.975,calibration
VG1,1773503983,-598001145.4,1981-01-19T04:33:23,2880.000420,16.666664,-1.458e-07,9.834,185.939,4.987,calibration
VG1,1798847983,-596480505.2,1981-02-05T18:57:24,2879.991060,16.666718,3.104e-06,9.924,186.879,5.652,calibration
VG1,1799327983,-596451705.3,1981-02-06T02:57:24,2880.000240,16.666665,-8.333e-08,9.926,186.896,5.664,calibration
VG1,1848863983,-593479545.0,1981-03-12T12:33:24,2880.010200,16.666608,-3.542e-06,10.111,188.688,6.923,calibration
VG1,1849343983,-593450744.9,1981-03-12T20:33:24,2880.000480,16.666664,-1.667e-07,10.112,188.705,6.935,calibration
VG1,1865663983,-592471544.8,1981-03-24T04:33:24,2879.989920,16.666725,3.500e-06,10.176,189.283,7.338,calibration
VG1,1866143983,-592442744.9,1981-03-24T12:33:24,2880.000240,16.666665,-8.333e-08,10.178,189.300,7.350,calibration
VG1,1930463983,-588583544.6,1981-05-08T04:33:24,2880.009300,16.666613,-3.229e-06,10.437,191.516,8.881,calibration
VG1,1930943983,-588554744.5,1981-05-08T12:33:24,2880.000480,16.666664,-1.667e-07,10.439,191.532,8.892,calibration
VG1,1969151983,-586262264.1,1981-06-04T01:21:25,2879.991480,16.666716,2.958e-06,10.601,192.804,9.759,calibration
VG1,1969631983,-586233464.2,1981-06-04T09:21:25,2880.000180,16.666666,-6.250e-08,10.604,192.820,9.769,calibration
VG1,2007951183,-583934311.0,1981-07-01T00:00:37,2820.000180,17.021276,2.128e-02,10.772,194.061,10.607,rate_mode
VG1,2007951983,-583934264.0,1981-07-01T00:01:24,2880.000180,16.666666,-6.250e-08,10.772,194.061,10.607,calibration
VG1,2148508783,-575500855.5,1981-10-06T14:38:12,6194001.000000,0.007749,-9.995e-01,11.430,198.345,13.420,rate_mode
VG1,2148509583,-575397622.2,1981-10-07T19:18:46,2880.000180,16.666666,-6.250e-08,11.439,198.395,13.452,calibration
VG1,2151325583,-575228662.7,1981-10-09T18:14:45,0.523860,91627.534074,5.497e+03,11.453,198.477,13.505,rate_mode
VG1,2153045583,-575228643.9,1981-10-09T18:15:04,2880.000180,16.666666,-6.250e-08,11.453,198.477,13.505,calibration
VG1,2183275983,-573414819.8,1981-10-30T18:05:28,2890.200000,16.607847,-3.529e-03,11.602,199.341,14.056,rate_mode
VG1,2183276783,-573414771.6,1981-10-30T18:06:16,2879.999880,16.666667,4.167e-08,11.602,199.341,14.056,calibration
VG1,2205983983,-572052339.7,1981-11-15T12:33:28,2880.007860,16.666621,-2.729e-06,11.717,199.979,14.459,calibration
VG1,2206463983,-572023539.6,1981-11-15T20:33:28,2880.000180,16.666666,-6.250e-08,11.719,199.992,14.467,calibration
VG1,2238143983,-570122739.5,1981-12-07T20:33:28,2879.988900,16.666731,3.854e-06,11.881,200.865,15.013,calibration
VG1,2238623983,-570093939.6,1981-12-08T04:33:28,2879.999940,16.666667,2.083e-08,11.883,200.878,15.021,calibration
VG1,2251055983,-569348019.6,1981-12-16T19:45:28,2880.005580,16.666634,-1.937e-06,11.947,201.215,15.231,calibration
VG1,2251535983,-569319219.5,1981-12-17T03:45:28,2880.000120,16.666666,-4.167e-08,11.950,201.227,15.239,calibration
VG1,2258255983,-568916019.5,1981-12-21T19:45:28,2880.004560,16.666640,-1.583e-06,11.985,201.408,15.351,calibration
VG1,2258735983,-568887219.5,1981-12-22T03:45:28,2880.000180,16.666666,-6.250e-08,11.987,201.421,15.358,calibration
VG1,2272911183,-568036707.4,1982-01-01T00:00:40,3001.800000,15.990406,-4.058e-02,12.061,201.800,15.592,rate_mode
VG1,2272911983,-568036657.4,1982-01-01T00:01:30,2880.000060,16.666666,-2.083e-08,12.061,201.800,15.592,calibration
VG1,2377679983,-561750577.3,1982-03-14T18:09:31,2880.005460,16.666635,-1.896e-06,12.621,204.482,17.211,calibration
VG1,2378159983,-561721777.2,1982-03-15T02:09:31,2880.000120,16.666666,-4.167e-08,12.624,204.494,17.218,calibration
VG1,2394143983,-560762737.2,1982-03-26T04:33:31,2880.005640,16.666634,-1.958e-06,12.712,204.886,17.449,calibration
VG1,2394623983,-560733937.1,1982-03-26T12:33:31,2880.000540,16.666664,-1.875e-07,12.714,204.897,17.456,calibration
VG1,2418623983,-559293936.8,1982-04-12T04:33:31,2879.992320,16.666711,2.667e-06,12.847,205.477,17.796,calibration
VG1,2419103983,-559265136.9,1982-04-12T12:33:31,2880.000180,16.666666,-6.250e-08,12.849,205.489,17.803,calibration
VG1,2474227983,-555957696.7,1982-05-20T19:17:31,2876.697960,16.685798,1.148e-03,13.158,206.784,18.550,rate_mode
VG1,2475575183,-555876957.4,1982-05-21T17:43:10,2880.000780,16.666662,-2.708e-07,13.165,206.815,18.568,calibration
VG1,2485620783,-555274221.2,1982-05-28T17:08:47,7864.140000,6.103655,-6.338e-01,13.222,207.045,18.700,rate_mode
VG1,2485621583,-555274090.2,1982-05-28T17:10:58,2880.000180,16.666666,-6.250e-08,13.222,207.045,18.700,calibration
VG1,2533550383,-552398362.0,1982-06-30T23:59:46,2820.000180,17.021276,2.128e-02,13.496,208.123,19.307,rate_mode
VG1,2533551183,-552398314.0,1982-07-01T00:00:33,2880.000180,16.666666,-6.250e-08,13.496,208.123,19.307,calibration
VG1,2580911983,-549556665.8,1982-08-02T21:21:21,2879.993700,16.666703,2.188e-06,13.770,209.152,19.878,calibration
VG1,2581391983,-549527865.9,1982-08-03T05:21:21,2880.000120,16.666666,-4.167e-08,13.772,209.162,19.884,calibration
VG1,2589023983,-549069945.8,1982-08-08T12:33:21,2880.009840,16.666610,-3.417e-06,13.817,209.325,19.973,calibration
VG1,2589503983,-549041145.8,1982-08-08T20:33:21,2880.000660,16.666663,-2.292e-07,13.820,209.335,19.979,calibration
VG1,2593583983,-548796345.7,1982-08-11T16:33:21,2879.993580,16.666704,2.229e-06,13.844,209.422,20.026,calibration
VG1,2594063983,-548767545.8,1982-08-12T00:33:21,2880.000060,16.666666,-2.083e-08,13.846,209.432,20.032,calibration
VG1,2675087983,-543906105.7,1982-10-07T06:57:21,2880.005940,16.666632,-2.062e-06,14.324,211.101,20.932,calibration
VG1,2675567983,-543877305.6,1982-10-07T14:57:21,2880.000180,16.666666,-6.250e-08,14.327,211.111,20.937,calibration
VG1,2692943983,-542834745.5,1982-10-19T16:33:21,2880.008340,16.666618,-2.896e-06,14.431,211.457,21.120,calibration
VG1,2693423983,-542805945.5,1982-10-20T00:33:21,2880.000840,16.666662,-2.917e-07,14.434,211.466,21.125,calibration
VG1,2715743983,-541466745.1,1982-11-04T12:33:22,2879.993220,16.666706,2.354e-06,14.567,211.904,21.355,calibration
VG1,2716223983,-541437945.1,1982-11-04T20:33:22,2880.000480,16.666664,-1.667e-07,14.570,211.913,21.360,calibration
VG1,2723087983,-541026105.1,1982-11-09T14:57:22,2879.993040,16.666707,2.417e-06,14.612,212.047,21.430,calibration
VG1,2723567983,-540997305.1,1982-11-09T22:57:22,2880.000180,16.666666,-6.250e-08,14.614,212.056,21.435,calibration
VG1,2764415983,-538546425.0,1982-12-08T07:45:22,2879.993640,16.666703,2.208e-06,14.861,212.836,21.839,calibration
VG1,2764895983,-538517625.0,1982-12-08T15:45:22,2880.000120,16.666666,-4.167e-08,14.864,212.845,21.844,calibration
VG1,2873327983,-532011704.8,1983-02-21T22:57:22,2879.994000,16.666701,2.083e-06,15.528,214.814,22.838,calibration
VG1,2873807983,-531982904.8,1983-02-22T06:57:22,2880.000060,16.666666,-2.083e-08,15.531,214.823,22.842,calibration
VG1,2888351983,-531110264.8,1983-03-04T09:21:22,2880.010440,16.666606,-3.625e-06,15.621,215.076,22.967,calibration
VG1,2888831983,-531081464.7,1983-03-04T17:21:22,2880.001080,16.666660,-3.750e-07,15.624,215.084,22.971,calibration
VG1,2914559983,-529537784.1,1983-03-22T14:09:23,2880.007860,16.666621,-2.729e-06,15.784,215.526,23.188,calibration
VG1,2915039983,-529508984.0,1983-03-22T22:09:23,2880.001200,16.666660,-4.167e-07,15.787,215.534,23.192,calibration
VG1,2926415983,-528826423.8,1983-03-30T19:45:23,2879.983860,16.666760,5.604e-06,15.858,215.727,23.286,calibration
VG1,2926895983,-528797623.9,1983-03-31T03:45:23,2880.000240,16.666665,-8.333e-08,15.861,215.735,23.290,calibration
VG1,2961935983,-526695223.7,1983-04-24T11:45:23,2880.005820,16.666633,-2.021e-06,16.080,216.320,23.572,calibration
VG1,2962415983,-526666423.7,1983-04-24T19:45:23,2880.000720,16.666663,-2.500e-07,16.083,216.328,23.576,calibration
VG1,2993519983,-524800183.2,1983-05-16T10:09:24,2879.993520,16.666704,2.250e-06,16.278,216.836,23.819,calibration
VG1,2993999983,-524771383.3,1983-05-16T18:09:24,2880.000420,16.666664,-1.458e-07,16.281,216.844,23.822,calibration
VG1,3014927983,-523515703.1,1983-05-31T06:57:24,2880.012660,16.666593,-4.396e-06,16.413,217.180,23.981,calibration
VG1,3015407983,-523486903.0,1983-05-31T14:57:24,2880.000960,16.666661,-3.333e-07,16.416,217.188,23.985,calibration
VG1,3044159983,-521761782.4,1983-06-20T14:09:24,2879.991900,16.666714,2.813e-06,16.597,217.641,24.198,calibration
VG1,3044639983,-521732982.5,1983-06-20T22:09:24,2880.000360,16.666665,-1.250e-07,16.600,217.649,24.202,calibration
VG1,3059150383,-520862358.4,1983-06-30T23:59:48,2815.020360,17.051386,2.308e-02,16.692,217.875,24.307,rate_mode
VG1,3059151183,-520862310.5,1983-07-01T00:00:35,2880.000240,16.666665,-8.333e-08,16.692,217.875,24.307,calibration
VG1,3084911983,-519316662.3,1983-07-18T21:21:23,2879.994360,16.666699,1.958e-06,16.856,218.270,24.490,calibration
VG1,3085391983,-519287862.4,1983-07-19T05:21:23,2880.000120,16.666666,-4.167e-08,16.859,218.278,24.493,calibration
VG1,3138431983,-516105462.3,1983-08-25T01:21:24,2884.800120,16.638934,-1.664e-03,17.198,219.072,24.856,rate_mode
VG1,3138432783,-516105414.2,1983-08-25T01:22:12,2880.000120,16.666666,-4.167e-08,17.198,219.072,24.856,calibration
VG1,3145151984,-515702262.1,1983-08-29T17:21:24,2880.000120,16.666666,-4.167e-08,17.241,219.171,24.901,calibration
VG1,3145152784,-515702214.1,1983-08-29T17:22:12,2880.000840,16.666662,-2.917e-07,17.241,219.171,24.901,calibration
VG1,3155135984,-515103221.9,1983-09-05T15:45:24,2879.992980,16.666707,2.438e-06,17.305,219.316,24.967,calibration
VG1,3155615984,-515074422.0,1983-09-05T23:45:24,2880.000480,16.666664,-1.667e-07,17.308,219.323,24.970,calibration
VG1,3176927984,-513795701.8,1983-09-20T18:57:24,2879.990820,16.666720,3.188e-06,17.444,219.632,25.108,calibration
VG1,3177407984,-513766901.9,1983-09-21T02:57:24,2880.000060,16.666666,-2.083e-08,17.447,219.639,25.112,calibration
VG1,3204959984,-512113781.9,1983-10-10T06:09:24,2880.006600,16.666628,-2.292e-06,17.625,220.031,25.286,calibration
VG1,3205439984,-512084981.8,1983-10-10T14:09:24,2880.000180,16.666666,-6.250e-08,17.628,220.037,25.289,calibration
VG1,3238991984,-510071861.7,1983-11-02T21:21:24,2880.009240,16.666613,-3.208e-06,17.844,220.506,25.496,calibration
VG1,3239471984,-510043061.6,1983-11-03T05:21:24,2880.000660,16.666663,-2.292e-07,17.847,220.513,25.499,calibration
VG1,3250223984,-509397941.4,1983-11-10T16:33:24,2879.990280,16.666723,3.375e-06,17.917,220.661,25.564,calibration
VG1,3250703984,-509369141.5,1983-11-11T00:33:24,2880.000180,16.666666,-6.250e-08,17.920,220.667,25.567,calibration
VG1,3327551984,-504758261.2,1984-01-03T09:21:25,2879.992860,16.666708,2.479e-06,18.419,221.696,26.011,calibration
VG1,3328031984,-504729461.3,1984-01-03T17:21:25,2880.000120,16.666666,-4.167e-08,18.422,221.703,26.014,calibration
VG1,3335231984,-504297461.3,1984-01-08T17:21:25,2880.010380,16.666607,-3.604e-06,18.469,221.797,26.054,calibration
VG1,3335711984,-504268661.2,1984-01-09T01:21:25,2880.000720,16.666663,-2.500e-07,18.472,221.803,26.057,calibration
VG1,3357215984,-502978420.9,1984-01-23T23:45:25,2879.993460,16.666705,2.271e-06,18.612,222.081,26.175,calibration
VG1,3357695984,-502949620.9,1984-01-24T07:45:25,2880.000480,16.666664,-1.667e-07,18.615,222.087,26.177,calibration
VG1,3364367984,-502549300.9,1984-01-28T22:57:25,2879.991780,16.666714,2.854e-06,18.659,222.172,26.213,calibration
VG1,3364847984,-502520500.9,1984-01-29T06:57:25,2880.000120,16.666666,-4.167e-08,18.662,222.179,26.216,calibration
VG1,3396383984,-500628340.9,1984-02-20T04:33:25,2880.007020,16.666626,-2.437e-06,18.868,222.578,26.384,calibration
VG1,3396863984,-500599540.8,1984-02-20T12:33:25,2880.000480,16.666664,-1.667e-07,18.872,222.584,26.386,calibration
VG1,3427199984,-498779380.5,1984-03-12T14:09:25,2879.992620,16.666709,2.563e-06,19.070,222.961,26.543,calibration
VG1,3427679984,-498750580.6,1984-03-12T22:09:25,2880.000120,16.666666,-4.167e-08,19.074,222.967,26.546,calibration
VG1,3469199984,-496259380.5,1984-04-10T18:09:25,2880.006300,16.666630,-2.187e-06,19.346,223.472,26.754,calibration
VG1,3469679984,-496230580.4,1984-04-11T02:09:25,2880.000180,16.666666,-6.250e-08,19.350,223.477,26.756,calibration
VG1,3489503984,-495041140.3,1984-04-24T20:33:25,2880.009180,16.666614,-3.187e-06,19.480,223.714,26.853,calibration
VG1,3489983984,-495012340.2,1984-04-25T04:33:26,2880.000960,16.666661,-3.333e-07,19.483,223.720,26.855,calibration
VG1,3498911984,-494476660.1,1984-05-01T09:21:26,2879.993160,16.666706,2.375e-06,19.542,223.825,26.898,calibration
VG1,3499391984,-494447860.1,1984-05-01T17:21:26,2880.000420,16.666664,-1.458e-07,19.545,223.831,26.900,calibration
VG1,3510479984,-493782580.0,1984-05-09T10:09:26,2879.993700,16.666703,2.188e-06,19.618,223.961,26.953,calibration
VG1,3510959984,-493753780.1,1984-05-09T18:09:26,2880.000120,16.666666,-4.167e-08,19.622,223.967,26.955,calibration
VG1,3568679184,-490290627.9,1984-06-18T20:08:38,2667.900120,17.991678,7.950e-02,20.003,224.632,27.222,rate_mode
VG1,3568679984,-490290583.5,1984-06-18T20:09:22,2880.000120,16.666666,-4.167e-08,20.003,224.632,27.222,calibration
VG1,3589775984,-489024823.4,1984-07-03T11:45:22,2880.004980,16.666638,-1.729e-06,20.143,224.869,27.316,calibration
VG1,3590255984,-488996023.4,1984-07-03T19:45:22,2880.000240,16.666665,-8.333e-08,20.146,224.874,27.318,calibration
VG1,3601871984,-488299063.3,1984-07-11T21:21:22,2880.007680,16.666622,-2.667e-06,20.223,225.004,27.369,calibration
VG1,3602351984,-488270263.2,1984-07-12T05:21:23,2880.000780,16.666662,-2.708e-07,20.226,225.009,27.371,calibration
VG1,3612383984,-487668343.1,1984-07-19T04:33:23,2879.987880,16.666737,4.208e-06,20.293,225.120,27.415,calibration
VG1,3612863984,-487639543.2,1984-07-19T12:33:23,2880.000120,16.666666,-4.167e-08,20.296,225.126,27.417,calibration
VG1,3627167984,-486781303.2,1984-07-29T10:57:23,2880.004140,16.666643,-1.437e-06,20.391,225.283,27.479,calibration
VG1,3627647984,-486752503.1,1984-07-29T18:57:23,2880.000240,16.666665,-8.333e-08,20.394,225.288,27.481,calibration
VG1,3629951984,-486614263.1,1984-07-31T09:21:23,2880.005580,16.666634,-1.937e-06,20.409,225.313,27.491,calibration
VG1,3630431984,-486585463.1,1984-07-31T17:21:23,2880.000720,16.666663,-2.500e-07,20.413,225.318,27.493,calibration
VG1,3638639984,-486092982.9,1984-08-06T10:09:23,2879.994060,16.666701,2.063e-06,20.467,225.408,27.528,calibration
VG1,3639119984,-486064183.0,1984-08-06T18:09:23,2880.000300,16.666665,-1.042e-07,20.470,225.413,27.530,calibration
VG1,3660143984,-484802742.9,1984-08-21T08:33:23,2880.005340,16.666636,-1.854e-06,20.610,225.640,27.618,calibration
VG1,3660623984,-484773942.8,1984-08-21T16:33:23,2880.000660,16.666663,-2.292e-07,20.613,225.646,27.620,calibration
VG1,3668495984,-484301622.7,1984-08-27T03:45:23,2880.008340,16.666618,-2.896e-06,20.666,225.730,27.653,calibration
VG1,3668975984,-484272822.6,1984-08-27T11:45:23,2880.000960,16.666661,-3.333e-07,20.669,225.735,27.655,calibration
VG1,3678527984,-483699702.4,1984-09-03T02:57:23,2879.994660,16.666698,1.854e-06,20.733,225.837,27.694,calibration
VG1,3679007984,-483670902.5,1984-09-03T10:57:23,2880.000540,16.666664,-1.875e-07,20.736,225.842,27.696,calibration
VG1,3683375984,-483408822.4,1984-09-06T11:45:23,2879.993640,16.666703,2.208e-06,20.765,225.888,27.714,calibration
VG1,3683855984,-483380022.5,1984-09-06T19:45:23,2880.000000,16.666667,0.000e+00,20.768,225.893,27.716,calibration
VG1,3710447984,-481784502.5,1984-09-25T06:57:23,2880.005520,16.666635,-1.917e-06,20.945,226.173,27.824,calibration
VG1,3710927984,-481755702.4,1984-09-25T14:57:23,2880.000060,16.666666,-2.083e-08,20.948,226.178,27.825,calibration
VG1,3772607984,-478054902.4,1984-11-07T10:57:23,2880.007920,16.666621,-2.750e-06,21.360,226.811,28.066,calibration
VG1,3773087984,-478026102.3,1984-11-07T18:57:24,2880.000540,16.666664,-1.875e-07,21.364,226.816,28.068,calibration
VG1,3779039984,-477668982.2,1984-11-11T22:09:24,2879.992560,16.666710,2.583e-06,21.403,226.876,28.090,calibration
VG1,3779519984,-477640182.3,1984-11-12T06:09:24,2880.000000,16.666667,0.000e+00,21.407,226.880,28.092,calibration
VG1,3785615984,-477274422.3,1984-11-16T11:45:24,2879.999460,16.666670,1.875e-07,21.447,226.941,28.115,calibration
VG1,3786095984,-477245622.3,1984-11-16T19:45:24,2880.000000,16.666667,0.000e+00,21.451,226.946,28.117,calibration
VG1,3805823984,-476061942.3,1984-11-30T12:33:24,2880.005220,16.666636,-1.812e-06,21.583,227.143,28.190,calibration
VG1,3806303984,-476033142.2,1984-11-30T20:33:24,2880.000120,16.666666,-4.167e-08,21.586,227.147,28.192,calibration
VG1,3852911984,-473236662.1,1985-01-02T05:21:24,2879.996040,16.666690,1.375e-06,21.899,227.603,28.361,calibration
VG1,3853391984,-473207862.2,1985-01-02T13:21:24,2880.000060,16.666666,-2.083e-08,21.902,227.607,28.362,calibration
VG1,3931055984,-468548022.1,1985-02-25T11:45:24,2880.005940,16.666632,-2.062e-06,22.424,228.341,28.630,calibration
VG1,3931535984,-468519222.0,1985-02-25T19:45:24,2880.000180,16.666666,-6.250e-08,22.427,228.345,28.632,calibration
VG1,3933215984,-468418422.0,1985-02-26T23:45:24,2880.006660,16.666628,-2.312e-06,22.438,228.361,28.637,calibration
VG1,3933695984,-468389621.9,1985-02-27T07:45:24,2880.000960,16.666661,-3.333e-07,22.442,228.365,28.639,calibration
VG1,3940655984,-467972021.8,1985-03-04T03:45:24,2879.992560,16.666710,2.583e-06,22.488,228.429,28.662,calibration
VG1,3941135984,-467943221.9,1985-03-04T11:45:24,2880.000360,16.666665,-1.250e-07,22.492,228.434,28.664,calibration
VG1,3951263984,-467335541.8,1985-03-11T12:33:24,2879.993100,16.666707,2.396e-06,22.560,228.526,28.697,calibration
VG1,3951743984,-467306741.9,1985-03-11T20:33:24,2880.000000,16.666667,0.000e+00,22.563,228.531,28.699,calibration
VG1,4008671984,-463891061.9,1985-04-20T09:21:24,2880.009780,16.666610,-3.396e-06,22.947,229.043,28.882,calibration
VG1,4009151984,-463862261.8,1985-04-20T17:21:24,2880.000300,16.666665,-1.042e-07,22.950,229.048,28.883,calibration
VG1,4012607984,-463654901.7,1985-04-23T02:57:24,2880.003000,16.666649,-1.042e-06,22.973,229.078,28.894,calibration
VG1,4013087984,-463626101.7,1985-04-23T10:57:24,2880.000360,16.666665,-1.250e-07,22.977,229.083,28.896,calibration
VG1,4018751984,-463286261.7,1985-04-27T09:21:24,2880.006360,16.666630,-2.208e-06,23.015,229.133,28.913,calibration
VG1,4019231984,-463257461.6,1985-04-27T17:21:24,2880.000540,16.666664,-1.875e-07,23.018,229.137,28.915,calibration
VG1,4046927984,-461595701.3,1985-05-16T22:57:25,2879.993580,16.666704,2.229e-06,23.205,229.379,29.000,calibration
VG1,4047407984,-461566901.4,1985-05-17T06:57:24,2880.000060,16.666666,-2.083e-08,23.208,229.383,29.002,calibration
VG1,4111790384,-457703957.3,1985-06-30T23:59:49,2820.000060,17.021276,2.128e-02,23.644,229.934,29.194,rate_mode
VG1,4111791184,-457703909.3,1985-07-01T00:00:36,2880.000060,16.666666,-2.083e-08,23.644,229.934,29.194,calibration
VG1,4160303984,-454793141.2,1985-08-03T16:33:24,2880.007260,16.666625,-2.521e-06,23.973,230.336,29.332,calibration
VG1,4160783984,-454764341.1,1985-08-04T00:33:24,2880.000420,16.666664,-1.458e-07,23.976,230.340,29.334,calibration
VG1,4200527984,-452379700.8,1985-08-31T14:57:24,2879.993640,16.666703,2.208e-06,24.245,230.663,29.444,calibration
VG1,4201007984,-452350900.9,1985-08-31T22:57:24,2880.000180,16.666666,-6.250e-08,24.249,230.666,29.445,calibration
VG1,4220447984,-451184500.8,1985-09-14T10:57:24,2879.994420,16.666699,1.938e-06,24.381,230.822,29.497,calibration
VG1,4220927984,-451155700.8,1985-09-14T18:57:24,2880.000120,16.666666,-4.167e-08,24.384,230.826,29.499,calibration
VG1,4244543984,-449738740.8,1985-10-01T04:33:24,2879.994540,16.666698,1.896e-06,24.544,231.012,29.561,calibration
VG1,4245023984,-449709940.8,1985-10-01T12:33:24,2879.999940,16.666667,2.083e-08,24.548,231.016,29.563,calibration
VG1,4257983984,-448932340.9,1985-10-10T12:33:24,2880.004680,16.666640,-1.625e-06,24.636,231.117,29.597,calibration
VG1,4258463984,-448903540.8,1985-10-10T20:33:24,2880.000420,16.666664,-1.458e-07,24.639,231.121,29.598,calibration
VG1,4266671984,-448411060.7,1985-10-16T13:21:24,2879.994060,16.666701,2.063e-06,24.695,231.185,29.619,calibration
VG1,4267151984,-448382260.8,1985-10-16T21:21:24,2880.000000,16.666667,0.000e+00,24.698,231.189,29.621,calibration
VG1,4283135984,-447423220.8,1985-10-27T23:45:24,2880.006060,16.666632,-2.104e-06,24.807,231.312,29.662,calibration
VG1,4283615984,-447394420.7,1985-10-28T07:45:24,2880.000240,16.666665,-8.333e-08,24.810,231.316,29.663,calibration
VG1,4308719984,-445888180.6,1985-11-14T18:09:24,2879.993700,16.666703,2.188e-06,24.981,231.508,29.727,calibration
VG1,4309199984,-445859380.7,1985-11-15T02:09:24,2880.000060,16.666666,-2.083e-08,24.984,231.512,29.728,calibration
VG1,4340495984,-443981620.6,1985-12-06T19:45:24,2879.999220,16.666671,2.708e-07,25.197,231.748,29.806,calibration
VG1,4340975984,-443952820.6,1985-12-07T03:45:24,2880.000060,16.666666,-2.083e-08,25.200,231.751,29.807,calibration
VG1,4449119984,-437464180.5,1986-02-20T06:09:24,2879.994780,16.666697,1.813e-06,25.931,232.513,30.085,calibration
VG1,4449599984,-437435380.6,1986-02-20T14:09:24,2880.000060,16.666666,-2.083e-08,25.935,232.516,30.086,calibration
VG1,4497311984,-434572660.5,1986-03-25T17:21:24,2880.002820,16.666650,-9.792e-07,26.260,232.851,30.193,calibration
VG1,4497791984,-434543860.5,1986-03-26T01:21:24,2880.000240,16.666665,-8.333e-08,26.264,232.854,30.194,calibration
VG1,4504031984,-434169460.4,1986-03-30T09:21:24,2880.006300,16.666630,-2.187e-06,26.306,232.897,30.208,calibration
VG1,4504511984,-434140660.4,1986-03-30T17:21:24,2880.000540,16.666664,-1.875e-07,26.309,232.901,30.209,calibration
VG1,4515743984,-433466740.2,1986-04-07T12:33:25,2879.994960,16.666696,1.750e-06,26.386,232.978,30.233,calibration
VG1,4516223984,-433437940.3,1986-04-07T20:33:25,2880.000120,16.666666,-4.167e-08,26.389,232.981,30.234,calibration
VG1,4528655984,-432692020.3,1986-04-16T11:45:25,2879.994180,16.666700,2.021e-06,26.474,233.067,30.261,calibration
VG1,4529135984,-432663220.3,1986-04-16T19:45:24,2879.999880,16.666667,4.167e-08,26.478,233.070,30.262,calibration
VG1,4550111984,-431404660.4,1986-05-01T09:21:24,2880.005460,16.666635,-1.896e-06,26.621,233.213,30.307,calibration
VG1,4550591984,-431375860.3,1986-05-01T17:21:24,2880.000120,16.666666,-4.167e-08,26.624,233.216,30.308,calibration
VG1,4575551984,-429878260.3,1986-05-19T01:21:25,2879.993640,16.666703,2.208e-06,26.795,233.384,30.361,calibration
VG1,4576031984,-429849460.3,1986-05-19T09:21:24,2879.999940,16.666667,2.083e-08,26.798,233.387,30.362,calibration
VG1,4597151984,-428582260.3,1986-06-03T01:21:24,2880.006960,16.666626,-2.417e-06,26.942,233.527,30.406,calibration
VG1,4597631984,-428553460.3,1986-06-03T09:21:25,2880.000540,16.666664,-1.875e-07,26.946,233.531,30.407,calibration
VG1,4605215984,-428098420.2,1986-06-08T15:45:25,2879.993820,16.666702,2.146e-06,26.998,233.581,30.423,calibration
VG1,4605695984,-428069620.3,1986-06-08T23:45:25,2880.000000,16.666667,0.000e+00,27.001,233.584,30.424,calibration
VG1,4617167984,-427381300.3,1986-06-16T22:57:25,2879.993460,16.666705,2.271e-06,27.079,233.659,30.447,calibration
VG1,4617647984,-427352500.3,1986-06-17T06:57:24,2879.999700,16.666668,1.042e-07,27.083,233.663,30.448,calibration
VG1,4691807984,-422902900.8,1986-08-07T18:57:24,2879.994060,16.666701,2.063e-06,27.590,234.140,30.595,calibration
VG1,4692287984,-422874100.8,1986-08-08T02:57:24,2879.999580,16.666669,1.458e-07,27.593,234.144,30.596,calibration
VG1,4725791984,-420863861.1,1986-08-31T09:21:24,2880.006360,16.666630,-2.208e-06,27.823,234.354,30.660,calibration
VG1,4726271984,-420835061.1,1986-08-31T17:21:24,2880.000180,16.666666,-6.250e-08,27.826,234.357,30.661,calibration
VG1,4754079984,-419166581.0,1986-09-20T00:49:24,2904.600180,16.525510,-8.469e-03,28.017,234.529,30.714,rate_mode
VG1,4754080784,-419166532.6,1986-09-20T00:50:12,2880.000180,16.666666,-6.250e-08,28.017,234.529,30.714,calibration
VG1,4832831984,-414441460.3,1986-11-13T17:21:25,2879.995200,16.666694,1.667e-06,28.556,235.006,30.857,calibration
VG1,4833311984,-414412660.3,1986-11-14T01:21:25,2879.999880,16.666667,4.167e-08,28.560,235.009,30.857,calibration
VG1,4855967984,-413053300.4,1986-11-29T18:57:24,2880.009060,16.666614,-3.146e-06,28.715,235.143,30.897,calibration
VG1,4856447984,-413024500.3,1986-11-30T02:57:25,2879.999760,16.666668,8.333e-08,28.718,235.146,30.898,calibration
VG1,4858655984,-412892020.4,1986-12-01T15:45:24,2880.007140,16.666625,-2.479e-06,28.734,235.159,30.902,calibration
VG1,4859135984,-412863220.3,1986-12-01T23:45:25,2880.000180,16.666666,-6.250e-08,28.737,235.161,30.903,calibration
VG1,4871135984,-412143220.3,1986-12-10T07:45:25,2879.991120,16.666718,3.083e-06,28.819,235.232,30.923,calibration
VG1,4871615984,-412114420.4,1986-12-10T15:45:24,2879.999760,16.666668,8.333e-08,28.823,235.235,30.924,calibration
VG1,4881791984,-411503860.4,1986-12-17T17:21:24,2880.007680,16.666622,-2.667e-06,28.892,235.294,30.942,calibration
VG1,4882271984,-411475060.3,1986-12-18T01:21:24,2880.000360,16.666665,-1.250e-07,28.896,235.297,30.943,calibration
VG1,4894607984,-410734900.2,1986-12-26T14:57:25,2880.007260,16.666625,-2.521e-06,28.980,235.368,30.964,calibration
VG1,4895087984,-410706100.2,1986-12-26T22:57:25,2880.000600,16.666663,-2.083e-07,28.984,235.371,30.965,calibration
VG1,4935071984,-408307059.7,1987-01-23T17:21:25,2879.994540,16.666698,1.896e-06,29.258,235.600,31.032,calibration
VG1,4935551984,-408278259.7,1987-01-24T01:21:25,2880.000480,16.666664,-1.667e-07,29.261,235.603,31.033,calibration
VG1,4940831984,-407961459.7,1987-01-27T17:21:25,2879.993340,16.666705,2.313e-06,29.298,235.633,31.041,calibration
VG1,4941311984,-407932659.7,1987-01-28T01:21:25,2879.999940,16.666667,2.083e-08,29.301,235.636,31.042,calibration
VG1,4961951984,-406694259.8,1987-02-11T09:21:25,2879.993340,16.666705,2.313e-06,29.443,235.752,31.076,calibration
VG1,4962431984,-406665459.8,1987-02-11T17:21:25,2879.999700,16.666668,1.042e-07,29.446,235.755,31.077,calibration
VG1,4984031984,-405369460.0,1987-02-26T17:21:25,2880.007740,16.666622,-2.687e-06,29.594,235.876,31.112,calibration
VG1,4984511984,-405340659.9,1987-02-27T01:21:25,2880.000060,16.666666,-2.083e-08,29.598,235.878,31.113,calibration
VG1,4988351984,-405110259.9,1987-03-01T17:21:25,2880.005820,16.666633,-2.021e-06,29.624,235.900,31.119,calibration
VG1,4988831984,-405081459.8,1987-03-02T01:21:25,2880.000360,16.666665,-1.250e-07,29.627,235.902,31.120,calibration
VG1,5010047984,-403808499.7,1987-03-16T18:57:25,2879.993040,16.666707,2.417e-06,29.773,236.019,31.153,calibration
VG1,5010527984,-403779699.7,1987-03-17T02:57:25,2879.999940,16.666667,2.083e-08,29.777,236.022,31.154,calibration
VG1,5032991984,-402431859.8,1987-04-01T17:21:25,2880.006180,16.666631,-2.146e-06,29.931,236.145,31.189,calibration
VG1,5033471984,-402403059.7,1987-04-02T01:21:25,2880.000180,16.666666,-6.250e-08,29.934,236.148,31.190,calibration
VG1,5041631984,-401913459.7,1987-04-07T17:21:25,2879.992080,16.666713,2.750e-06,29.990,236.192,31.203,calibration
VG1,5042111984,-401884659.7,1987-04-08T01:21:25,2879.999700,16.666668,1.042e-07,29.994,236.195,31.204,calibration
VG1,5051471984,-401323059.8,1987-04-14T13:21:25,2880.006180,16.666631,-2.146e-06,30.058,236.245,31.218,calibration
VG1,5051951984,-401294259.7,1987-04-14T21:21:25,2880.000180,16.666666,-6.250e-08,30.061,236.248,31.219,calibration
VG1,5070527984,-400179699.7,1987-04-27T18:57:25,2879.995020,16.666695,1.729e-06,30.189,236.348,31.247,calibration
VG1,5071007984,-400150899.7,1987-04-28T02:57:25,2880.000000,16.666667,0.000e+00,30.192,236.350,31.248,calibration
VG1,5119151984,-397262259.7,1987-05-31T13:21:25,2880.005520,16.666635,-1.917e-06,30.523,236.606,31.321,calibration
VG1,5119631984,-397233459.7,1987-05-31T21:21:25,2880.000420,16.666664,-1.458e-07,30.527,236.608,31.321,calibration
VG1,5139071984,-396067059.5,1987-06-14T09:21:25,2879.992740,16.666709,2.521e-06,30.660,236.710,31.350,calibration
VG1,5139551984,-396038259.6,1987-06-14T17:21:25,2880.000060,16.666666,-2.083e-08,30.664,236.713,31.351,calibration
VG1,5165951984,-394454259.5,1987-07-03T01:21:25,2880.004140,16.666643,-1.437e-06,30.845,236.849,31.389,calibration
VG1,5166431984,-394425459.5,1987-07-03T09:21:25,2880.000180,16.666666,-6.250e-08,30.849,236.852,31.390,calibration
VG1,5172671984,-394051059.5,1987-07-07T17:21:25,2880.007320,16.666624,-2.542e-06,30.892,236.884,31.399,calibration
VG1,5173151984,-394022259.4,1987-07-08T01:21:25,2880.000540,16.666664,-1.875e-07,30.895,236.886,31.400,calibration
VG1,5183711984,-393388659.3,1987-07-15T09:21:26,2879.992620,16.666709,2.563e-06,30.968,236.940,31.415,calibration
VG1,5184191984,-393359859.3,1987-07-15T17:21:25,2880.000060,16.666666,-2.083e-08,30.971,236.943,31.415,calibration
VG1,5200511984,-392380659.3,1987-07-27T01:21:25,2879.993880,16.666702,2.125e-06,31.083,237.026,31.439,calibration
VG1,5200991984,-392351859.4,1987-07-27T09:21:25,2879.999880,16.666667,4.167e-08,31.086,237.028,31.439,calibration
VG1,5215871984,-391459059.4,1987-08-06T17:21:25,2879.993580,16.666704,2.229e-06,31.189,237.104,31.460,calibration
VG1,5216351984,-391430259.5,1987-08-07T01:21:25,2879.999700,16.666668,1.042e-07,31.192,237.106,31.461,calibration
VG1,5238815984,-390082419.6,1987-08-22T15:45:25,2880.003780,16.666645,-1.312e-06,31.347,237.219,31.492,calibration
VG1,5239295984,-390053619.6,1987-08-22T23:45:25,2879.999820,16.666668,6.250e-08,31.350,237.221,31.493,calibration
VG1,5241791984,-389903859.6,1987-08-24T17:21:25,2880.005880,16.666633,-2.042e-06,31.367,237.234,31.496,calibration
VG1,5242271984,-389875059.5,1987-08-25T01:21:25,2880.000180,16.666666,-6.250e-08,31.371,237.236,31.497,calibration
VG1,5247071984,-389587059.5,1987-08-28T09:21:25,2880.006960,16.666626,-2.417e-06,31.404,237.260,31.503,calibration
VG1,5247551984,-389558259.5,1987-08-28T17:21:25,2880.000720,16.666663,-2.500e-07,31.407,237.262,31.504,calibration
VG1,5264879984,-388518579.2,1987-09-09T18:09:26,2879.996160,16.666689,1.333e-06,31.526,237.348,31.528,calibration
VG1,5265359984,-388489779.2,1987-09-10T02:09:26,2880.000540,16.666664,-1.875e-07,31.530,237.351,31.529,calibration
VG1,5272031984,-388089459.2,1987-09-14T17:21:26,2879.993520,16.666704,2.250e-06,31.576,237.384,31.538,calibration
VG1,5272511984,-388060659.2,1987-09-15T01:21:26,2880.000240,16.666665,-8.333e-08,31.579,237.386,31.538,calibration
VG1,5282111984,-387484659.2,1987-09-21T17:21:26,2879.991900,16.666714,2.813e-06,31.645,237.433,31.551,calibration
VG1,5282591984,-387455859.3,1987-09-22T01:21:26,2879.999760,16.666668,8.333e-08,31.648,237.436,31.552,calibration
VG1,5313599984,-385595379.4,1987-10-13T14:09:25,2879.994780,16.666697,1.813e-06,31.862,237.587,31.593,calibration
VG1,5314079984,-385566579.5,1987-10-13T22:09:25,2879.999700,16.666668,1.042e-07,31.865,237.589,31.594,calibration
VG1,5349167984,-383461299.7,1987-11-07T06:57:25,2880.007620,16.666623,-2.646e-06,32.107,237.758,31.640,calibration
VG1,5349647984,-383432499.6,1987-11-07T14:57:25,2880.000000,16.666667,0.000e+00,32.110,237.760,31.641,calibration
VG1,5407247984,-379976499.6,1987-12-17T14:57:25,2880.006240,16.666631,-2.167e-06,32.507,238.032,31.714,calibration
VG1,5407727984,-379947699.5,1987-12-17T22:57:25,2880.000480,16.666664,-1.667e-07,32.511,238.035,31.715,calibration
VG1,5413055984,-379628019.5,1987-12-21T15:45:25,2879.993760,16.666703,2.167e-06,32.547,238.059,31.721,calibration
VG1,5413535984,-379599219.6,1987-12-21T23:45:25,2879.999880,16.666667,4.167e-08,32.551,238.062,31.722,calibration
VG1,5427950384,-378734355.6,1987-12-31T23:59:49,2819.999880,17.021277,2.128e-02,32.650,238.129,31.740,rate_mode
VG1,5427951184,-378734307.6,1988-01-01T00:00:36,2879.999880,16.666667,4.167e-08,32.650,238.129,31.740,calibration
VG1,5453400784,-377207331.7,1988-01-18T16:10:12,2879.999880,16.666667,4.167e-08,32.825,238.246,31.771,calibration
VG1,5453401584,-377207283.7,1988-01-18T16:11:00,2879.999880,16.666667,4.167e-08,32.825,238.246,31.771,calibration
VG1,5537999984,-372131379.9,1988-03-17T10:09:24,2880.003900,16.666644,-1.354e-06,33.409,238.627,31.872,calibration
VG1,5538479984,-372102579.9,1988-03-17T18:09:24,2879.999940,16.666667,2.083e-08,33.412,238.629,31.873,calibration
VG1,5544287984,-371754099.9,1988-03-21T18:57:24,2880.006060,16.666632,-2.104e-06,33.452,238.655,31.880,calibration
VG1,5544767984,-371725299.8,1988-03-22T02:57:24,2880.000120,16.666666,-4.167e-08,33.455,238.657,31.880,calibration
VG1,5552111984,-371284659.8,1988-03-27T05:21:24,2880.007260,16.666625,-2.521e-06,33.506,238.690,31.889,calibration
VG1,5552591984,-371255859.7,1988-03-27T13:21:24,2880.000360,16.666665,-1.250e-07,33.509,238.692,31.889,calibration
VG1,5570495984,-370181619.6,1988-04-08T23:45:24,2879.994240,16.666700,2.000e-06,33.633,238.770,31.910,calibration
VG1,5570975984,-370152819.6,1988-04-09T07:45:24,2879.999880,16.666667,4.167e-08,33.636,238.772,31.911,calibration
VG1,5584895984,-369317619.7,1988-04-18T23:45:24,2880.006600,16.666628,-2.292e-06,33.732,238.833,31.926,calibration
VG1,5585375984,-369288819.6,1988-04-19T07:45:24,2880.000300,16.666665,-1.042e-07,33.736,238.835,31.927,calibration
VG1,5596799984,-368603379.5,1988-04-27T06:09:24,2879.992740,16.666709,2.521e-06,33.814,238.885,31.940,calibration
VG1,5597279984,-368574579.6,1988-04-27T14:09:24,2879.999820,16.666668,6.250e-08,33.818,238.887,31.941,calibration
VG1,5626079984,-366846579.7,1988-05-17T14:09:24,2880.005940,16.666632,-2.062e-06,34.016,239.011,31.973,calibration
VG1,5626559984,-366817779.6,1988-05-17T22:09:24,2879.999940,16.666667,2.083e-08,34.020,239.013,31.973,calibration
VG1,5640959984,-365953779.7,1988-05-27T22:09:24,2880.008940,16.666615,-3.104e-06,34.119,239.075,31.989,calibration
VG1,5641439984,-365924979.6,1988-05-28T06:09:24,2880.000240,16.666665,-8.333e-08,34.122,239.077,31.990,calibration
VG1,5669087984,-364266099.4,1988-06-16T10:57:24,2879.993220,16.666706,2.354e-06,34.313,239.194,32.020,calibration
VG1,5669567984,-364237299.5,1988-06-16T18:57:24,2880.000060,16.666666,-2.083e-08,34.317,239.196,32.021,calibration
VG1,5706335984,-362031219.5,1988-07-12T07:45:24,2879.993640,16.666703,2.208e-06,34.570,239.350,32.060,calibration
VG1,5706815984,-362002419.5,1988-07-12T15:45:24,2880.000000,16.666667,0.000e+00,34.574,239.352,32.061,calibration
VG1,5744255984,-359756019.5,1988-08-07T15:45:24,2879.993880,16.666702,2.125e-06,34.832,239.506,32.100,calibration
VG1,5744735984,-359727219.6,1988-08-07T23:45:24,2879.999820,16.666668,6.250e-08,34.835,239.508,32.101,calibration
VG1,5749919984,-359416179.6,1988-08-11T14:09:24,2879.995980,16.666690,1.396e-06,34.871,239.530,32.106,calibration
VG1,5750399984,-359387379.6,1988-08-11T22:09:24,2879.999700,16.666668,1.042e-07,34.875,239.531,32.107,calibration
VG1,5785055984,-357308019.9,1988-09-04T23:45:24,2880.007080,16.666626,-2.458e-06,35.114,239.672,32.143,calibration
VG1,5785535984,-357279219.8,1988-09-05T07:45:24,2880.000060,16.666666,-2.083e-08,35.117,239.674,32.143,calibration
VG1,5824415984,-354946419.7,1988-10-02T07:45:24,2879.996220,16.666689,1.313e-06,35.386,239.830,32.182,calibration
VG1,5824895984,-354917619.8,1988-10-02T15:45:24,2880.000000,16.666667,0.000e+00,35.389,239.832,32.183,calibration
VG1,5860991984,-352751859.8,1988-10-27T17:21:24,2879.995260,16.666694,1.646e-06,35.638,239.975,32.219,calibration
VG1,5861471984,-352723059.8,1988-10-28T01:21:24,2880.000000,16.666667,0.000e+00,35.642,239.976,32.219,calibration
VG1,5908319984,-349912179.8,1988-11-29T14:09:24,2879.993760,16.666703,2.167e-06,35.965,240.159,32.265,calibration
VG1,5908799984,-349883379.9,1988-11-29T22:09:24,2879.999940,16.666667,2.083e-08,35.968,240.161,32.265,calibration
VG1,5914175984,-349560819.9,1988-12-03T15:45:24,2879.992620,16.666709,2.563e-06,36.006,240.181,32.270,calibration
VG1,5914655984,-349532020.0,1988-12-03T23:45:24,2879.999400,16.666670,2.083e-07,36.009,240.183,32.271,calibration
VG1,5925503984,-348881140.1,1988-12-11T12:33:24,2880.005280,16.666636,-1.833e-06,36.084,240.225,32.281,calibration
VG1,5925983984,-348852340.1,1988-12-11T20:33:24,2879.999700,16.666668,1.042e-07,36.087,240.227,32.282,calibration
VG1,5930015984,-348610420.1,1988-12-14T15:45:24,2880.005820,16.666633,-2.021e-06,36.115,240.242,32.285,calibration
VG1,5930495984,-348581620.0,1988-12-14T23:45:24,2880.000000,16.666667,0.000e+00,36.118,240.244,32.286,calibration
VG1,5959391984,-346847860.0,1989-01-04T01:21:24,2879.994360,16.666699,1.958e-06,36.318,240.354,32.313,calibration
VG1,5959871984,-346819060.1,1989-01-04T09:21:24,2879.999880,16.666667,4.167e-08,36.321,240.356,32.314,calibration
VG1,5981375984,-345528820.1,1989-01-19T07:45:24,2879.995500,16.666693,1.563e-06,36.470,240.437,32.334,calibration
VG1,5981855984,-345500020.2,1989-01-19T15:45:24,2879.999820,16.666668,6.250e-08,36.473,240.439,32.334,calibration
VG1,5999807984,-344422900.2,1989-02-01T02:57:24,2880.002280,16.666653,-7.917e-07,36.597,240.506,32.351,calibration
VG1,6000287984,-344394100.2,1989-02-01T10:57:24,2880.000000,16.666667,0.000e+00,36.600,240.508,32.351,calibration
VG1,6014015984,-343570420.2,1989-02-10T23:45:24,2880.005580,16.666634,-1.937e-06,36.695,240.559,32.363,calibration
VG1,6014495984,-343541620.2,1989-02-11T07:45:24,2880.000480,16.666664,-1.667e-07,36.699,240.561,32.364,calibration
VG1,6024575984,-342936820.1,1989-02-18T07:45:24,2879.991060,16.666718,3.104e-06,36.768,240.598,32.373,calibration
VG1,6025055984,-342908020.2,1989-02-18T15:45:24,2879.999880,16.666667,4.167e-08,36.772,240.600,32.374,calibration
VG1,6080975984,-339552820.3,1989-03-29T11:45:24,2879.993460,16.666705,2.271e-06,37.158,240.805,32.423,calibration
VG1,6081455984,-339524020.4,1989-03-29T19:45:23,2879.999760,16.666668,8.333e-08,37.161,240.806,32.424,calibration
VG1,6092015984,-338890420.4,1989-04-06T03:45:23,2879.992380,16.666711,2.646e-06,37.234,240.845,32.433,calibration
VG1,6092495984,-338861620.5,1989-04-06T11:45:23,2879.999460,16.666670,1.875e-07,37.238,240.846,32.434,calibration
VG1,6100847984,-338360500.6,1989-04-12T06:57:23,2880.005700,16.666634,-1.979e-06,37.295,240.876,32.441,calibration
VG1,6101327984,-338331700.5,1989-04-12T14:57:23,2879.999880,16.666667,4.167e-08,37.299,240.878,32.441,calibration
VG1,6128399984,-336707380.6,1989-05-01T10:09:23,2880.005460,16.666635,-1.896e-06,37.486,240.975,32.465,calibration
VG1,6128879984,-336678580.5,1989-05-01T18:09:23,2880.000000,16.666667,0.000e+00,37.489,240.977,32.465,calibration
VG1,6202559984,-332257780.5,1989-06-21T22:09:23,2879.994780,16.666697,1.813e-06,37.998,241.236,32.527,calibration
VG1,6203039984,-332228980.6,1989-06-22T06:09:23,2879.999940,16.666667,2.083e-08,38.002,241.238,32.528,calibration
VG1,6272255984,-328076020.7,1989-08-09T07:45:23,2880.005460,16.666635,-1.896e-06,38.480,241.476,32.584,calibration
VG1,6272735984,-328047220.6,1989-08-09T15:45:23,2880.000300,16.666665,-1.042e-07,38.483,241.477,32.585,calibration
VG1,6281423984,-327525940.6,1989-08-15T16:33:23,2879.994300,16.666700,1.979e-06,38.544,241.507,32.592,calibration
VG1,6281903984,-327497140.6,1989-08-16T00:33:23,2879.999760,16.666668,8.333e-08,38.547,241.508,32.592,calibration
VG1,6307199984,-325979380.8,1989-09-02T14:09:23,2880.004500,16.666641,-1.562e-06,38.722,241.594,32.612,calibration
VG1,6307679984,-325950580.7,1989-09-02T22:09:23,2879.999820,16.666668,6.250e-08,38.725,241.595,32.612,calibration
VG1,6392351984,-320870261.0,1989-10-31T17:21:23,2880.005280,16.666636,-1.833e-06,39.310,241.875,32.678,calibration
VG1,6392831984,-320841461.0,1989-11-01T01:21:23,2880.000000,16.666667,0.000e+00,39.314,241.877,32.678,calibration
VG1,6444863984,-317719541.0,1989-12-07T04:33:23,2879.996400,16.666688,1.250e-06,39.674,242.045,32.717,calibration
VG1,6445343984,-317690741.0,1989-12-07T12:33:23,2879.999880,16.666667,4.167e-08,39.677,242.047,32.718,calibration
VG1,6480252784,-315596213.1,1989-12-31T18:22:11,2822.999880,17.003189,2.019e-02,39.918,242.158,32.743,rate_mode
VG1,6480253584,-315596166.0,1989-12-31T18:22:58,2880.000000,16.666667,0.000e+00,39.918,242.158,32.743,calibration
VG1,6489215984,-315058421.0,1990-01-06T23:45:22,2879.993760,16.666703,2.167e-06,39.980,242.186,32.750,calibration
VG1,6489695984,-315029621.1,1990-01-07T07:45:22,2879.999520,16.666669,1.667e-07,39.984,242.188,32.750,calibration
VG1,6508991984,-313871861.3,1990-01-20T17:21:22,2880.002820,16.666650,-9.792e-07,40.117,242.248,32.764,calibration
VG1,6509471984,-313843061.3,1990-01-21T01:21:22,2880.000060,16.666666,-2.083e-08,40.120,242.250,32.764,calibration
VG1,6521951984,-313094261.3,1990-01-29T17:21:22,2879.995500,16.666693,1.563e-06,40.207,242.289,32.773,calibration
VG1,6522431984,-313065461.3,1990-01-30T01:21:22,2879.999700,16.666668,1.042e-07,40.210,242.290,32.774,calibration
VG1,6543695984,-311789621.4,1990-02-13T19:45:21,2880.003720,16.666645,-1.292e-06,40.357,242.357,32.789,calibration
VG1,6544175984,-311760821.4,1990-02-14T03:45:21,2880.000300,16.666665,-1.042e-07,40.360,242.358,32.789,calibration
VG1,6553775984,-311184821.3,1990-02-20T19:45:21,2880.004320,16.666642,-1.500e-06,40.427,242.388,32.796,calibration
VG1,6554255984,-311156021.3,1990-02-21T03:45:22,2880.000720,16.666663,-2.500e-07,40.430,242.389,32.796,calibration
VG1,6567599984,-310355381.1,1990-03-02T10:09:22,2879.995860,16.666691,1.438e-06,40.522,242.430,32.805,calibration
VG1,6568079984,-310326581.1,1990-03-02T18:09:22,2880.000120,16.666666,-4.167e-08,40.526,242.432,32.806,calibration
VG1,6573935984,-309975221.1,1990-03-06T19:45:22,2880.013320,16.666590,-4.625e-06,40.566,242.450,32.810,calibration
VG1,6574415984,-309946421.0,1990-03-07T03:45:22,2880.001080,16.666660,-3.750e-07,40.569,242.451,32.810,calibration
VG1,6578735984,-309687220.9,1990-03-10T03:45:22,2879.994300,16.666700,1.979e-06,40.599,242.465,32.813,calibration
VG1,6579215984,-309658420.9,1990-03-10T11:45:22,2880.000120,16.666666,-4.167e-08,40.603,242.466,32.814,calibration
VG1,6595535984,-308679220.9,1990-03-21T19:45:22,2879.995080,16.666695,1.708e-06,40.715,242.516,32.825,calibration
VG1,6596015984,-308650421.0,1990-03-22T03:45:22,2879.998860,16.666673,3.958e-07,40.719,242.517,32.825,calibration
VG1,6602447984,-308264501.1,1990-03-26T14:57:22,2880.002160,16.666654,-7.500e-07,40.763,242.537,32.830,calibration
VG1,6602927984,-308235701.1,1990-03-26T22:57:22,2879.999940,16.666667,2.083e-08,40.767,242.538,32.830,calibration
VG1,6620735984,-307167221.1,1990-04-08T07:45:22,2880.004860,16.666639,-1.687e-06,40.890,242.593,32.842,calibration
VG1,6621215984,-307138421.1,1990-04-08T15:45:22,2880.000180,16.666666,-6.250e-08,40.893,242.594,32.842,calibration
VG1,6638975984,-306072821.0,1990-04-20T23:45:22,2879.996880,16.666685,1.083e-06,41.016,242.648,32.855,calibration
VG1,6639455984,-306044021.0,1990-04-21T07:45:22,2879.999880,16.666667,4.167e-08,41.019,242.649,32.855,calibration
VG1,6684431984,-303345461.1,1990-05-22T13:21:22,2879.993220,16.666706,2.354e-06,41.330,242.783,32.885,calibration
VG1,6684911984,-303316661.2,1990-05-22T21:21:22,2879.999640,16.666669,1.250e-07,41.334,242.785,32.885,calibration
VG1,6693023984,-302829941.3,1990-05-28T12:33:22,2880.008040,16.666620,-2.792e-06,41.390,242.809,32.891,calibration
VG1,6693503984,-302801141.2,1990-05-28T20:33:22,2880.000180,16.666666,-6.250e-08,41.393,242.810,32.891,calibration
VG1,6765215984,-298498420.9,1990-07-17T15:45:22,2879.991660,16.666715,2.896e-06,41.889,243.020,32.938,calibration
VG1,6765695984,-298469621.0,1990-07-17T23:45:22,2879.999460,16.666670,1.875e-07,41.892,243.021,32.938,calibration
VG1,6775295984,-297893621.1,1990-07-24T15:45:22,2880.008580,16.666617,-2.979e-06,41.959,243.049,32.944,calibration
VG1,6775775984,-297864821.0,1990-07-24T23:45:22,2880.000120,16.666666,-4.167e-08,41.962,243.050,32.944,calibration
VG1,6804075184,-296166869.0,1990-08-13T15:24:34,3448.560000,13.918853,-1.649e-01,42.158,243.131,32.962,rate_mode
VG1,6804075984,-296166811.5,1990-08-13T15:25:31,2880.000120,16.666666,-4.167e-08,42.158,243.131,32.962,calibration
VG1,6825570384,-294877147.4,1990-08-28T13:39:55,2880.000120,16.666666,-4.167e-08,42.306,243.192,32.976,calibration
VG1,6825571184,-294877099.4,1990-08-28T13:40:43,2880.000300,16.666665,-1.042e-07,42.306,243.192,32.976,calibration
VG1,6835055984,-294308011.4,1990-09-04T03:45:31,2880.007260,16.666625,-2.521e-06,42.372,243.219,32.982,calibration
VG1,6835535984,-294279211.3,1990-09-04T11:45:32,2880.000540,16.666664,-1.875e-07,42.375,243.221,32.982,calibration
VG1,6846815984,-293602411.2,1990-09-12T07:45:32,2879.993880,16.666702,2.125e-06,42.453,243.253,32.989,calibration
VG1,6847295984,-293573611.2,1990-09-12T15:45:32,2880.000000,16.666667,0.000e+00,42.457,243.254,32.989,calibration
VG1,6914783984,-289524331.2,1990-10-29T12:33:32,2880.006180,16.666631,-2.146e-06,42.923,243.442,33.030,calibration
VG1,6915263984,-289495531.2,1990-10-29T20:33:32,2880.000120,16.666666,-4.167e-08,42.927,243.443,33.031,calibration
VG1,6975071984,-285907051.0,1990-12-10T09:21:32,2879.993760,16.666703,2.167e-06,43.340,243.607,33.066,calibration
VG1,6975551984,-285878251.1,1990-12-10T17:21:32,2880.000060,16.666666,-2.083e-08,43.344,243.608,33.066,calibration
VG1,7005822384,-284062027.1,1990-12-31T17:51:56,2820.000060,17.021276,2.128e-02,43.553,243.690,33.084,rate_mode
VG1,7005823184,-284061980.1,1990-12-31T17:52:43,2880.000060,16.666666,-2.083e-08,43.553,243.690,33.084,calibration
VG1,7061711984,-280708651.0,1991-02-08T13:21:31,2880.008880,16.666615,-3.083e-06,43.940,243.838,33.116,calibration
VG1,7062191984,-280679850.9,1991-02-08T21:21:31,2880.000540,16.666664,-1.875e-07,43.943,243.840,33.116,calibration
VG1,7067375984,-280368810.8,1991-02-12T11:45:31,2879.996640,16.666686,1.167e-06,43.979,243.853,33.119,calibration
VG1,7067855984,-280340010.9,1991-02-12T19:45:31,2880.000360,16.666665,-1.250e-07,43.982,243.855,33.119,calibration
VG1,7075775984,-279864810.8,1991-02-18T07:45:31,2879.990280,16.666723,3.375e-06,44.037,243.875,33.124,calibration
VG1,7076255984,-279836010.9,1991-02-18T15:45:31,2879.999940,16.666667,2.083e-08,44.040,243.877,33.124,calibration
VG1,7083935984,-279375210.9,1991-02-23T23:45:31,2880.006480,16.666629,-2.250e-06,44.093,243.897,33.128,calibration
VG1,7084415984,-279346410.9,1991-02-24T07:45:31,2880.000420,16.666664,-1.458e-07,44.097,243.898,33.129,calibration
VG1,7099007984,-278470890.7,1991-03-06T10:57:31,2879.986380,16.666745,4.729e-06,44.197,243.936,33.137,calibration
VG1,7099487984,-278442090.9,1991-03-06T18:57:31,2879.999640,16.666669,1.250e-07,44.201,243.938,33.137,calibration
VG1,7110911984,-277756651.0,1991-03-14T17:21:31,2880.006600,16.666628,-2.292e-06,44.280,243.967,33.143,calibration
VG1,7111391984,-277727850.9,1991-03-15T01:21:31,2879.999880,16.666667,4.167e-08,44.283,243.969,33.144,calibration
VG1,7150702384,-275369227.0,1991-04-11T08:31:55,2891.279880,16.601644,-3.901e-03,44.555,244.070,33.165,rate_mode
VG1,7150703184,-275369178.8,1991-04-11T08:32:43,2879.999880,16.666667,4.167e-08,44.555,244.070,33.165,calibration
VG1,7226255984,-270836011.0,1991-06-02T19:45:31,2880.006780,16.666627,-2.354e-06,45.077,244.262,33.206,calibration
VG1,7226735984,-270807210.9,1991-06-03T03:45:31,2880.000120,16.666666,-4.167e-08,45.081,244.263,33.206,calibration
VG1,7260335984,-268791210.8,1991-06-26T11:45:31,2879.993520,16.666704,2.250e-06,45.313,244.347,33.224,calibration
VG1,7260815984,-268762410.9,1991-06-26T19:45:31,2880.000000,16.666667,0.000e+00,45.316,244.349,33.224,calibration
VG1,7327055984,-264788010.9,1991-08-11T19:45:31,2880.007920,16.666621,-2.750e-06,45.774,244.512,33.258,calibration
VG1,7327535984,-264759210.8,1991-08-12T03:45:31,2880.000060,16.666666,-2.083e-08,45.778,244.513,33.258,calibration
VG1,7347935984,-263535210.8,1991-08-26T07:45:31,2879.993460,16.666705,2.271e-06,45.919,244.563,33.268,calibration
VG1,7348415984,-263506410.9,1991-08-26T15:45:31,2879.999880,16.666667,4.167e-08,45.922,244.564,33.269,calibration
VG1,7495247984,-254696491.2,1991-12-06T14:57:31,2880.006300,16.666630,-2.187e-06,46.937,244.913,33.340,calibration
VG1,7495727984,-254667691.2,1991-12-06T22:57:31,2880.000060,16.666666,-2.083e-08,46.941,244.914,33.341,calibration
VG1,7573343984,-250010731.1,1992-01-29T20:33:31,2879.994360,16.666699,1.958e-06,47.477,245.092,33.377,calibration
VG1,7573823984,-249981931.1,1992-01-30T04:33:31,2880.000000,16.666667,0.000e+00,47.481,245.093,33.377,calibration
VG1,7583135984,-249423211.1,1992-02-05T15:45:31,2880.005040,16.666638,-1.750e-06,47.545,245.115,33.381,calibration
VG1,7583615984,-249394411.1,1992-02-05T23:45:31,2880.000120,16.666666,-4.167e-08,47.548,245.116,33.382,calibration
VG1,7603487984,-248202091.0,1992-02-19T18:57:31,2879.993760,16.666703,2.167e-06,47.686,245.161,33.391,calibration
VG1,7603967984,-248173291.1,1992-02-20T02:57:31,2879.999880,16.666667,4.167e-08,47.689,245.162,33.391,calibration
VG1,7700303984,-242393131.3,1992-04-27T00:33:30,2879.995140,16.666695,1.688e-06,48.355,245.376,33.434,calibration
VG1,7700783984,-242364331.4,1992-04-27T08:33:30,2879.999760,16.666668,8.333e-08,48.358,245.377,33.434,calibration
VG1,7740191984,-239999851.6,1992-05-24T17:21:30,2880.006780,16.666627,-2.354e-06,48.630,245.464,33.451,calibration
VG1,7740671984,-239971051.5,1992-05-25T01:21:30,2879.999880,16.666667,4.167e-08,48.634,245.465,33.451,calibration
VG1,7761215984,-238738411.6,1992-06-08T07:45:30,2880.005700,16.666634,-1.979e-06,48.776,245.509,33.460,calibration
VG1,7761695984,-238709611.5,1992-06-08T15:45:30,2880.000000,16.666667,0.000e+00,48.779,245.510,33.461,calibration
VG1,7793870384,-236779147.5,1992-06-30T23:59:54,2820.000000,17.021277,2.128e-02,49.001,245.579,33.474,rate_mode
VG1,7793871184,-236779099.5,1992-07-01T00:00:41,2880.000000,16.666667,0.000e+00,49.001,245.579,33.474,calibration
VG1,7885631984,-231273451.5,1992-09-02T17:21:29,2879.993700,16.666703,2.188e-06,49.636,245.774,33.512,calibration
VG1,7886111984,-231244651.6,1992-09-03T01:21:29,2879.999880,16.666667,4.167e-08,49.639,245.775,33.513,calibration
VG1,7910495984,-229781611.6,1992-09-19T23:45:29,2879.993460,16.666705,2.271e-06,49.807,245.826,33.523,calibration
VG1,7910975984,-229752811.7,1992-09-20T07:45:29,2879.999760,16.666668,8.333e-08,49.811,245.827,33.523,calibration
VG1,8045183984,-221700332.4,1992-12-22T12:33:28,2880.006240,16.666631,-2.167e-06,50.738,246.100,33.576,calibration
VG1,8045663984,-221671532.3,1992-12-22T20:33:29,2879.999940,16.666667,2.083e-08,50.741,246.101,33.576,calibration
VG1,8136911984,-216196652.4,1993-02-24T05:21:28,2879.993700,16.666703,2.188e-06,51.371,246.282,33.611,calibration
VG1,8137391984,-216167852.5,1993-02-24T13:21:28,2879.999760,16.666668,8.333e-08,51.375,246.283,33.611,calibration
VG1,8219567984,-211237292.9,1993-04-22T14:57:28,2879.993760,16.666703,2.167e-06,51.942,246.442,33.642,calibration
VG1,8220047984,-211208492.9,1993-04-22T22:57:28,2879.999460,16.666670,1.875e-07,51.946,246.443,33.642,calibration
VG1,8257199984,-208979373.4,1993-05-18T18:09:27,2880.005160,16.666637,-1.792e-06,52.202,246.514,33.655,calibration
VG1,8257679984,-208950573.3,1993-05-19T02:09:28,2879.999700,16.666668,1.042e-07,52.205,246.515,33.655,calibration
VG1,8276495984,-207821613.4,1993-06-01T03:45:27,2880.005940,16.666632,-2.062e-06,52.335,246.551,33.662,calibration
VG1,8276975984,-207792813.4,1993-06-01T11:45:27,2879.999820,16.666668,6.250e-08,52.339,246.552,33.662,calibration
VG1,8319470384,-205243149.5,1993-06-30T23:59:51,2760.000540,17.391301,4.348e-02,52.632,246.631,33.677,rate_mode
VG1,8319471184,-205243101.5,1993-07-01T00:00:38,2879.999820,16.666668,6.250e-08,52.632,246.631,33.677,calibration
VG1,8336015984,-204250413.6,1993-07-12T11:45:26,2879.993400,16.666705,2.292e-06,52.746,246.662,33.683,calibration
VG1,8336495984,-204221613.7,1993-07-12T19:45:26,2879.999700,16.666668,1.042e-07,52.750,246.663,33.683,calibration
VG1,8367311984,-202372653.9,1993-08-03T05:21:26,2880.005640,16.666634,-1.958e-06,52.962,246.720,33.694,calibration
VG1,8367791984,-202343853.8,1993-08-03T13:21:26,2880.000540,16.666664,-1.875e-07,52.966,246.721,33.694,calibration
VG1,8376575984,-201816813.7,1993-08-09T15:45:26,2879.993160,16.666706,2.375e-06,53.026,246.737,33.697,calibration
VG1,8377055984,-201788013.8,1993-08-09T23:45:26,2879.999940,16.666667,2.083e-08,53.030,246.738,33.698,calibration
VG1,8389007984,-201070893.8,1993-08-18T06:57:26,2879.993700,16.666703,2.188e-06,53.112,246.760,33.702,calibration
VG1,8389487984,-201042093.8,1993-08-18T14:57:26,2879.999760,16.666668,8.333e-08,53.116,246.761,33.702,calibration
VG1,8450735984,-197367214.2,1993-09-30T03:45:26,2879.993940,16.666702,2.104e-06,53.538,246.873,33.723,calibration
VG1,8451215984,-197338414.2,1993-09-30T11:45:26,2879.999580,16.666669,1.458e-07,53.542,246.874,33.723,calibration
VG1,8485727984,-195267694.5,1993-10-24T10:57:25,2880.005580,16.666634,-1.937e-06,53.780,246.936,33.734,calibration
VG1,8486207984,-195238894.5,1993-10-24T18:57:25,2879.999640,16.666669,1.250e-07,53.783,246.937,33.735,calibration
VG1,8536319984,-192232174.8,1993-11-28T14:09:25,2880.006540,16.666629,-2.271e-06,54.129,247.026,33.751,calibration
VG1,8536799984,-192203374.8,1993-11-28T22:09:25,2879.999820,16.666668,6.250e-08,54.132,247.027,33.751,calibration
VG1,8579999984,-189611374.9,1993-12-28T22:09:25,2879.992740,16.666709,2.521e-06,54.430,247.103,33.765,calibration
VG1,8580479984,-189582575.0,1993-12-29T06:09:25,2879.999640,16.666669,1.250e-07,54.434,247.104,33.766,calibration
VG1,8599103984,-188465135.1,1994-01-11T04:33:25,2879.999640,16.666669,1.250e-07,54.562,247.136,33.772,calibration
VG1,8599104784,-188465087.1,1994-01-11T04:34:13,2879.999640,16.666669,1.250e-07,54.562,247.136,33.772,calibration
VG1,8626799984,-186803375.3,1994-01-30T10:09:24,2880.006240,16.666631,-2.167e-06,54.753,247.184,33.780,calibration
VG1,8627279984,-186774575.3,1994-01-30T18:09:25,2880.000300,16.666665,-1.042e-07,54.757,247.185,33.781,calibration
VG1,8634671984,-186331055.2,1994-02-04T21:21:25,2879.992620,16.666709,2.563e-06,54.808,247.198,33.783,calibration
VG1,8635151984,-186302255.3,1994-02-05T05:21:25,2879.999340,16.666670,2.292e-07,54.811,247.199,33.783,calibration
VG1,8664191984,-184559855.7,1994-02-25T09:21:24,2880.005700,16.666634,-1.979e-06,55.011,247.249,33.792,calibration
VG1,8664671984,-184531055.7,1994-02-25T17:21:24,2879.999820,16.666668,6.250e-08,55.015,247.250,33.792,calibration
VG1,8755295984,-179093616.0,1994-04-29T15:45:24,2879.993520,16.666704,2.250e-06,55.640,247.404,33.820,calibration
VG1,8755775984,-179064816.1,1994-04-29T23:45:24,2879.999700,16.666668,1.042e-07,55.643,247.404,33.821,calibration
VG1,8774543984,-177938736.2,1994-05-13T00:33:24,2879.992800,16.666708,2.500e-06,55.773,247.436,33.826,calibration
VG1,8775023984,-177909936.2,1994-05-13T08:33:24,2879.999280,16.666671,2.500e-07,55.776,247.437,33.826,calibration
VG1,8780783984,-177564336.3,1994-05-17T08:33:23,2880.006060,16.666632,-2.104e-06,55.816,247.446,33.828,calibration
VG1,8781263984,-177535536.3,1994-05-17T16:33:24,2879.999820,16.666668,6.250e-08,55.819,247.447,33.828,calibration
VG1,8821151984,-175142256.4,1994-06-14T09:21:23,2880.005700,16.666634,-1.979e-06,56.094,247.513,33.840,calibration
VG1,8821631984,-175113456.4,1994-06-14T17:21:23,2880.000180,16.666666,-6.250e-08,56.097,247.514,33.841,calibration
VG1,8830895984,-174557616.3,1994-06-21T03:45:23,2879.993280,16.666706,2.333e-06,56.161,247.529,33.843,calibration
VG1,8831375984,-174528816.4,1994-06-21T11:45:23,2879.999640,16.666669,1.250e-07,56.165,247.530,33.843,calibration
VG1,8845070384,-173707152.5,1994-06-30T23:59:47,2819.999640,17.021279,2.128e-02,56.259,247.553,33.848,rate_mode
VG1,8845071184,-173707104.5,1994-07-01T00:00:34,2879.999640,16.666669,1.250e-07,56.259,247.553,33.848,calibration
VG1,8893055984,-170828016.9,1994-08-03T07:45:22,2880.006480,16.666629,-2.250e-06,56.590,247.631,33.862,calibration
VG1,8893535984,-170799216.8,1994-08-03T15:45:22,2880.000060,16.666666,-2.083e-08,56.593,247.632,33.862,calibration
VG1,8907407984,-169966896.8,1994-08-13T06:57:22,2879.992560,16.666710,2.583e-06,56.689,247.654,33.866,calibration
VG1,8907887984,-169938096.9,1994-08-13T14:57:22,2879.999640,16.666669,1.250e-07,56.692,247.655,33.866,calibration
VG1,9032351984,-162470257.8,1994-11-08T01:21:21,2879.992080,16.666713,2.750e-06,57.550,247.854,33.902,calibration
VG1,9032831984,-162441457.9,1994-11-08T09:21:21,2879.999220,16.666671,2.708e-07,57.554,247.855,33.902,calibration
VG1,9041855984,-161900018.0,1994-11-14T15:45:21,2880.005580,16.666634,-1.937e-06,57.616,247.869,33.904,calibration
VG1,9042335984,-161871218.0,1994-11-14T23:45:21,2879.999640,16.666669,1.250e-07,57.619,247.870,33.904,calibration
VG1,9069023984,-160269938.2,1994-12-03T12:33:21,2880.006060,16.666632,-2.104e-06,57.803,247.911,33.912,calibration
VG1,9069503984,-160241138.1,1994-12-03T20:33:21,2879.999760,16.666668,8.333e-08,57.807,247.912,33.912,calibration
VG1,9133487984,-156402098.4,1995-01-17T06:57:20,2879.993700,16.666703,2.188e-06,58.248,248.011,33.930,calibration
VG1,9133967984,-156373298.5,1995-01-17T14:57:20,2879.999640,16.666669,1.250e-07,58.251,248.012,33.930,calibration
VG1,9152447984,-155264498.6,1995-01-30T10:57:20,2880.006120,16.666631,-2.125e-06,58.378,248.040,33.935,calibration
VG1,9152927984,-155235698.6,1995-01-30T18:57:20,2880.000240,16.666665,-8.333e-08,58.382,248.041,33.935,calibration
VG1,9163535984,-154599218.5,1995-02-07T03:45:20,2879.992980,16.666707,2.438e-06,58.455,248.057,33.938,calibration
VG1,9164015984,-154570418.6,1995-02-07T11:45:20,2879.999820,16.666668,6.250e-08,58.458,248.058,33.938,calibration
VG1,9186623984,-153213938.7,1995-02-23T04:33:20,2879.993700,16.666703,2.188e-06,58.614,248.092,33.944,calibration
VG1,9187103984,-153185138.7,1995-02-23T12:33:20,2879.999700,16.666668,1.042e-07,58.617,248.093,33.944,calibration
VG1,9214127984,-151563698.9,1995-03-14T06:57:20,2880.006720,16.666628,-2.333e-06,58.803,248.134,33.951,calibration
VG1,9214607984,-151534898.8,1995-03-14T14:57:20,2880.000180,16.666666,-6.250e-08,58.807,248.135,33.951,calibration
VG1,9221087984,-151146098.8,1995-03-19T02:57:20,2879.993880,16.666702,2.125e-06,58.851,248.144,33.953,calibration
VG1,9221567984,-151117298.9,1995-03-19T10:57:20,2879.999520,16.666669,1.667e-07,58.855,248.145,33.953,calibration
VG1,9265295984,-148493619.3,1995-04-18T19:45:20,2880.005460,16.666635,-1.896e-06,59.156,248.211,33.965,calibration
VG1,9265775984,-148464819.2,1995-04-19T03:45:20,2879.999580,16.666669,1.458e-07,59.159,248.211,33.965,calibration
VG1,9340991984,-143951859.9,1995-06-10T09:21:19,2880.005220,16.666636,-1.812e-06,59.677,248.323,33.984,calibration
VG1,9341471984,-143923059.9,1995-06-10T17:21:19,2879.999700,16.666668,1.042e-07,59.681,248.323,33.985,calibration
VG1,9485615984,-135274420.8,1995-09-18T19:45:18,2880.006300,16.666630,-2.187e-06,60.674,248.531,34.021,calibration
VG1,9486095984,-135245620.7,1995-09-19T03:45:18,2880.000120,16.666666,-4.167e-08,60.677,248.532,34.021,calibration
VG1,9494975984,-134712820.7,1995-09-25T07:45:18,2879.993460,16.666705,2.271e-06,60.738,248.544,34.023,calibration
VG1,9495455984,-134684020.7,1995-09-25T15:45:18,2879.999520,16.666669,1.667e-07,60.741,248.545,34.023,calibration
VG1,9533135984,-132423221.1,1995-10-21T19:45:18,2880.005640,16.666634,-1.958e-06,61.001,248.598,34.032,calibration
VG1,9533615984,-132394421.1,1995-10-22T03:45:18,2879.999880,16.666667,4.167e-08,61.004,248.599,34.032,calibration
VG1,9558047984,-130928501.1,1995-11-08T02:57:18,2879.993220,16.666706,2.354e-06,61.172,248.633,34.038,calibration
VG1,9558527984,-130899701.2,1995-11-08T10:57:18,2879.999520,16.666669,1.667e-07,61.176,248.634,34.039,calibration
VG1,9566831984,-130401461.3,1995-11-14T05:21:18,2880.005220,16.666636,-1.812e-06,61.233,248.645,34.041,calibration
VG1,9567311984,-130372661.2,1995-11-14T13:21:18,2879.999940,16.666667,2.083e-08,61.236,248.646,34.041,calibration
VG1,9635630384,-126273557.3,1995-12-31T23:59:42,2819.999940,17.021277,2.128e-02,61.707,248.741,34.057,rate_mode
VG1,9635631184,-126273509.3,1996-01-01T00:00:29,2879.999940,16.666667,2.083e-08,61.707,248.741,34.057,calibration
VG1,9676751984,-123806261.4,1996-01-29T13:21:16,2880.005880,16.666633,-2.042e-06,61.990,248.797,34.067,calibration
VG1,9677231984,-123777461.3,1996-01-29T21:21:17,2880.000300,16.666665,-1.042e-07,61.993,248.797,34.067,calibration
VG1,9690239984,-122996981.2,1996-02-07T22:09:17,2879.993700,16.666703,2.188e-06,62.082,248.815,34.070,calibration
VG1,9690719984,-122968181.3,1996-02-08T06:09:17,2879.999880,16.666667,4.167e-08,62.086,248.816,34.070,calibration
VG1,9795887984,-116658101.5,1996-04-21T06:57:16,2882.108940,16.654471,-7.317e-04,62.810,248.957,34.094,rate_mode
VG1,9795892784,-116657813.3,1996-04-21T07:02:04,2879.999760,16.666668,8.333e-08,62.810,248.957,34.094,calibration
VG1,9850655984,-113372021.6,1996-05-29T07:45:16,2880.005760,16.666633,-2.000e-06,63.186,249.029,34.106,calibration
VG1,9851135984,-113343221.5,1996-05-29T15:45:16,2879.999820,16.666668,6.250e-08,63.190,249.030,34.106,calibration
VG1,9945263984,-107695541.9,1996-08-03T00:33:16,2880.005400,16.666635,-1.875e-06,63.837,249.152,34.127,calibration
VG1,9945743984,-107666741.8,1996-08-03T08:33:16,2879.999820,16.666668,6.250e-08,63.841,249.152,34.127,calibration
VG1,10080671984,-99571062.4,1996-11-05T01:21:15,2879.992800,16.666708,2.500e-06,64.769,249.323,34.156,calibration
VG1,10081151984,-99542262.4,1996-11-05T09:21:15,2879.999220,16.666671,2.708e-07,64.772,249.324,34.156,calibration
VG1,10088831984,-99081462.5,1996-11-10T17:21:15,2880.005340,16.666636,-1.854e-06,64.825,249.333,34.157,calibration
VG1,10089311984,-99052662.5,1996-11-11T01:21:15,2879.999760,16.666668,8.333e-08,64.828,249.334,34.158,calibration
VG1,10144799984,-95723382.8,1996-12-19T14:09:15,2880.005340,16.666636,-1.854e-06,65.210,249.402,34.169,calibration
VG1,10145279984,-95694582.7,1996-12-19T22:09:15,2879.999820,16.666668,6.250e-08,65.213,249.403,34.169,calibration
VG1,10184111984,-93364662.9,1997-01-15T21:21:15,2879.992980,16.666707,2.438e-06,65.480,249.451,34.177,calibration
VG1,10184591984,-93335862.9,1997-01-16T05:21:15,2879.999400,16.666670,2.083e-07,65.483,249.451,34.177,calibration
VG1,10222415984,-91066423.4,1997-02-11T11:45:14,2880.005040,16.666638,-1.750e-06,65.743,249.497,34.185,calibration
VG1,10222895984,-91037623.4,1997-02-11T19:45:14,2879.999700,16.666668,1.042e-07,65.747,249.498,34.185,calibration
VG1,10247759984,-89545783.5,1997-03-01T02:09:14,2880.004380,16.666641,-1.521e-06,65.918,249.528,34.190,calibration
VG1,10248239984,-89516983.5,1997-03-01T10:09:14,2880.000540,16.666664,-1.875e-07,65.921,249.528,34.190,calibration
VG1,10255919984,-89056183.4,1997-03-06T18:09:14,2879.992740,16.666709,2.521e-06,65.974,249.538,34.192,calibration
VG1,10256399984,-89027383.5,1997-03-07T02:09:14,2879.999760,16.666668,8.333e-08,65.977,249.538,34.192,calibration
VG1,10336943984,-84194743.9,1997-05-02T00:33:14,2879.993100,16.666707,2.396e-06,66.531,249.634,34.208,calibration
VG1,10337423984,-84165943.9,1997-05-02T08:33:14,2879.999700,16.666668,1.042e-07,66.534,249.635,34.208,calibration
VG1,10423310384,-79012760.5,1997-06-30T23:59:37,2819.999700,17.021278,2.128e-02,67.124,249.736,34.224,rate_mode
VG1,10423311184,-79012712.5,1997-07-01T00:00:24,2879.999700,16.666668,1.042e-07,67.124,249.736,34.224,calibration
VG1,10473119984,-76024184.8,1997-08-04T14:09:12,2880.006360,16.666630,-2.208e-06,67.467,249.793,34.234,calibration
VG1,10473599984,-75995384.7,1997-08-04T22:09:12,2880.000240,16.666665,-8.333e-08,67.470,249.794,34.234,calibration
VG1,10487231984,-75177464.6,1997-08-14T09:21:12,2879.993460,16.666705,2.271e-06,67.564,249.809,34.236,calibration
VG1,10487711984,-75148664.7,1997-08-14T17:21:12,2879.999820,16.666668,6.250e-08,67.567,249.810,34.236,calibration
VG1,10526303984,-72833144.9,1997-09-10T12:33:12,2880.006000,16.666632,-2.083e-06,67.832,249.854,34.244,calibration
VG1,10526783984,-72804344.8,1997-09-10T20:33:12,2880.000120,16.666666,-4.167e-08,67.835,249.855,34.244,calibration
VG1,10537967984,-72133304.8,1997-09-18T14:57:12,2879.993280,16.666706,2.333e-06,67.912,249.867,34.246,calibration
VG1,10538447984,-72104504.8,1997-09-18T22:57:12,2879.999820,16.666668,6.250e-08,67.916,249.868,34.246,calibration
VG1,10589615984,-69034425.0,1997-10-24T11:45:12,2879.994000,16.666701,2.083e-06,68.267,249.926,34.255,calibration
VG1,10590095984,-69005625.1,1997-10-24T19:45:12,2879.999760,16.666668,8.333e-08,68.270,249.926,34.255,calibration
VG1,10614767984,-67525305.2,1997-11-10T22:57:12,2879.990940,16.666719,3.146e-06,68.440,249.954,34.260,calibration
VG1,10615247984,-67496505.3,1997-11-11T06:57:12,2879.998980,16.666673,3.542e-07,68.443,249.954,34.260,calibration
VG1,10618751984,-67286265.4,1997-11-13T17:21:11,2880.004320,16.666642,-1.500e-06,68.467,249.958,34.261,calibration
VG1,10619231984,-67257465.3,1997-11-14T01:21:11,2879.999700,16.666668,1.042e-07,68.471,249.959,34.261,calibration
VG1,10648799984,-65483385.5,1997-12-04T14:09:11,2880.004140,16.666643,-1.437e-06,68.674,249.992,34.266,calibration
VG1,10649279984,-65454585.5,1997-12-04T22:09:11,2880.000000,16.666667,0.000e+00,68.677,249.992,34.266,calibration
VG1,10668383984,-64308345.5,1997-12-18T04:33:11,2879.991900,16.666714,2.813e-06,68.808,250.013,34.270,calibration
VG1,10668863984,-64279545.6,1997-12-18T12:33:11,2879.999640,16.666669,1.250e-07,68.812,250.014,34.270,calibration
VG1,10707119984,-61984185.8,1998-01-14T02:09:11,2880.004620,16.666640,-1.604e-06,69.074,250.056,34.277,calibration
VG1,10707599984,-61955385.8,1998-01-14T10:09:11,2879.999760,16.666668,8.333e-08,69.078,250.057,34.277,calibration
VG1,10740623984,-59973946.0,1998-02-06T08:33:11,2880.006600,16.666628,-2.292e-06,69.304,250.093,34.283,calibration
VG1,10741103984,-59945145.9,1998-02-06T16:33:11,2879.999340,16.666670,2.292e-07,69.308,250.093,34.283,calibration
VG1,10750175984,-59400826.0,1998-02-12T23:45:11,2880.005160,16.666637,-1.792e-06,69.370,250.103,34.284,calibration
VG1,10750655984,-59372026.0,1998-02-13T07:45:11,2879.999580,16.666669,1.458e-07,69.373,250.104,34.284,calibration
VG1,10815743984,-55466746.5,1998-03-30T12:33:10,2880.005400,16.666635,-1.875e-06,69.820,250.174,34.296,calibration
VG1,10816223984,-55437946.5,1998-03-30T20:33:10,2879.999700,16.666668,1.042e-07,69.824,250.174,34.296,calibration
VG1,10860287984,-52794106.8,1998-04-30T10:57:10,2879.993760,16.666703,2.167e-06,70.126,250.222,34.303,calibration
VG1,10860767984,-52765306.8,1998-04-30T18:57:10,2879.999580,16.666669,1.458e-07,70.130,250.222,34.303,calibration
VG1,10908815984,-49882427.2,1998-06-03T03:45:10,2880.005040,16.666638,-1.750e-06,70.459,250.273,34.312,calibration
VG1,10909295984,-49853627.2,1998-06-03T11:45:10,2879.999760,16.666668,8.333e-08,70.463,250.273,34.312,calibration
VG1,10939631984,-48033467.3,1998-06-24T13:21:09,2879.993160,16.666706,2.375e-06,70.671,250.305,34.317,calibration
VG1,10940111984,-48004667.4,1998-06-24T21:21:09,2879.999700,16.666668,1.042e-07,70.674,250.306,34.317,calibration
VG1,11000159984,-44401787.8,1998-08-05T14:09:09,2880.006000,16.666632,-2.083e-06,71.087,250.368,34.327,calibration
VG1,11000639984,-44372987.7,1998-08-05T22:09:09,2879.999580,16.666669,1.458e-07,71.090,250.369,34.327,calibration
VG1,11005967984,-44053307.8,1998-08-09T14:57:09,2880.003660,16.666645,-1.271e-06,71.126,250.374,34.328,calibration
VG1,11006447984,-44024507.7,1998-08-09T22:57:09,2880.000060,16.666666,-2.083e-08,71.130,250.375,34.328,calibration
VG1,11026127984,-42843707.7,1998-08-23T14:57:09,2879.993460,16.666705,2.271e-06,71.265,250.395,34.331,calibration
VG1,11026607984,-42814907.8,1998-08-23T22:57:09,2879.999820,16.666668,6.250e-08,71.268,250.396,34.331,calibration
VG1,11052623984,-41253947.9,1998-09-11T00:33:09,2880.006180,16.666631,-2.146e-06,71.447,250.422,34.336,calibration
VG1,11053103984,-41225147.8,1998-09-11T08:33:09,2880.000360,16.666665,-1.250e-07,71.450,250.423,34.336,calibration
VG1,11064911984,-40516667.7,1998-09-19T13:21:09,2879.992500,16.666710,2.604e-06,71.531,250.435,34.338,calibration
VG1,11065391984,-40487867.8,1998-09-19T21:21:09,2880.000060,16.666666,-2.083e-08,71.534,250.435,34.338,calibration
VG1,11092175984,-38880827.8,1998-10-08T11:45:09,2879.994000,16.666701,2.083e-06,71.718,250.463,34.342,calibration
VG1,11092655984,-38852027.8,1998-10-08T19:45:09,2879.999880,16.666667,4.167e-08,71.722,250.463,34.342,calibration
VG1,11139023984,-36069947.9,1998-11-10T00:33:09,2879.992980,16.666707,2.438e-06,72.040,250.510,34.349,calibration
VG1,11139503984,-36041148.0,1998-11-10T08:33:09,2879.999400,16.666670,2.083e-07,72.043,250.511,34.350,calibration
VG1,11148095984,-35525628.1,1998-11-16T07:45:09,2880.005640,16.666634,-1.958e-06,72.102,250.519,34.351,calibration
VG1,11148575984,-35496828.1,1998-11-16T15:45:09,2879.999880,16.666667,4.167e-08,72.105,250.520,34.351,calibration
VG1,11213870384,-31579164.2,1998-12-31T23:59:33,2819.999880,17.021277,2.128e-02,72.554,250.585,34.361,rate_mode
VG1,11213871184,-31579116.2,1999-01-01T00:00:20,2879.999880,16.666667,4.167e-08,72.554,250.585,34.361,calibration
VG1,11266223984,-28437948.4,1999-02-06T08:33:07,2880.006420,16.666630,-2.229e-06,72.913,250.637,34.369,calibration
VG1,11266703984,-28409148.3,1999-02-06T16:33:08,2879.999760,16.666668,8.333e-08,72.916,250.637,34.370,calibration
VG1,11296367984,-26629308.4,1999-02-27T06:57:07,2880.006360,16.666630,-2.208e-06,73.120,250.666,34.374,calibration
VG1,11296847984,-26600508.4,1999-02-27T14:57:07,2880.000300,16.666665,-1.042e-07,73.123,250.667,34.374,calibration
VG1,11308511984,-25900668.3,1999-03-07T17:21:08,2879.992620,16.666709,2.563e-06,73.203,250.678,34.376,calibration
VG1,11308991984,-25871868.4,1999-03-08T01:21:07,2879.999940,16.666667,2.083e-08,73.206,250.679,34.376,calibration
VG1,11323343984,-25010748.4,1999-03-18T00:33:07,2879.994420,16.666699,1.938e-06,73.305,250.693,34.378,calibration
VG1,11323823984,-24981948.5,1999-03-18T08:33:07,2879.999760,16.666668,8.333e-08,73.308,250.693,34.378,calibration
VG1,11440463984,-17983549.0,1999-06-07T08:33:07,2880.005220,16.666636,-1.812e-06,74.108,250.806,34.396,calibration
VG1,11440943984,-17954749.0,1999-06-07T16:33:07,2879.999880,16.666667,4.167e-08,74.112,250.806,34.396,calibration
VG1,11492879984,-14838589.1,1999-07-13T18:09:07,2879.994060,16.666701,2.063e-06,74.468,250.855,34.404,calibration
VG1,11493359984,-14809789.2,1999-07-14T02:09:07,2879.999820,16.666668,6.250e-08,74.471,250.856,34.404,calibration
VG1,11524751984,-12926269.3,1999-08-04T21:21:07,2880.006300,16.666630,-2.187e-06,74.687,250.885,34.408,calibration
VG1,11525231984,-12897469.2,1999-08-05T05:21:07,2880.000360,16.666665,-1.250e-07,74.690,250.886,34.408,calibration
VG1,11533967984,-12373309.2,1999-08-11T06:57:07,2879.992620,16.666709,2.563e-06,74.750,250.894,34.410,calibration
VG1,11534447984,-12344509.2,1999-08-11T14:57:07,2879.999580,16.666669,1.458e-07,74.753,250.894,34.410,calibration
VG1,11548607984,-11494909.4,1999-08-21T10:57:06,2880.005040,16.666638,-1.750e-06,74.850,250.907,34.412,calibration
VG1,11549087984,-11466109.3,1999-08-21T18:57:07,2879.998920,16.666673,3.750e-07,74.854,250.908,34.412,calibration
VG1,11554943984,-11114749.4,1999-08-25T20:33:06,2880.010380,16.666607,-3.604e-06,74.894,250.913,34.413,calibration
VG1,11555423984,-11085949.3,1999-08-26T04:33:06,2879.999700,16.666668,1.042e-07,74.897,250.914,34.413,calibration
VG1,11622623984,-7053949.7,1999-10-11T20:33:06,2880.014160,16.666585,-4.917e-06,75.358,250.976,34.422,calibration
VG1,11623103984,-7025149.5,1999-10-12T04:33:06,2879.999700,16.666668,1.042e-07,75.361,250.977,34.422,calibration
VG1,11744831986,278529.8,2000-01-04T17:21:06,2879.999700,16.666668,1.042e-07,76.196,251.087,34.439,calibration
VG1,11744832786,278577.8,2000-01-04T17:21:54,2879.999700,16.666668,1.042e-07,76.196,251.087,34.439,calibration
VG1,11789471986,2956929.6,2000-02-04T17:21:05,2880.022920,16.666534,-7.958e-06,76.503,251.127,34.446,calibration
VG1,11789951986,2985729.8,2000-02-05T01:21:06,2879.999940,16.666667,2.083e-08,76.506,251.128,34.446,calibration
VG1,11836511986,5779329.8,2000-03-08T09:21:06,2879.983500,16.666762,5.729e-06,76.825,251.169,34.452,calibration
VG1,11836991986,5808129.6,2000-03-08T17:21:05,2879.999220,16.666671,2.708e-07,76.828,251.170,34.452,calibration
VG1,11853791986,6816129.4,2000-03-20T09:21:05,2880.029460,16.666496,-1.023e-05,76.944,251.185,34.454,calibration
VG1,11854271986,6844929.7,2000-03-20T17:21:05,2880.000360,16.666665,-1.250e-07,76.947,251.185,34.454,calibration
VG1,11881151986,8457729.9,2000-04-08T09:21:06,2879.961780,16.666888,1.327e-05,77.131,251.209,34.458,calibration
VG1,11881631986,8486529.5,2000-04-08T17:21:05,2879.999640,16.666669,1.250e-07,77.135,251.209,34.458,calibration
VG1,11996351986,15369728.7,2000-06-27T09:21:05,2880.010740,16.666605,-3.729e-06,77.921,251.309,34.473,calibration
VG1,11996831986,15398528.8,2000-06-27T17:21:05,2879.999760,16.666668,8.333e-08,77.925,251.309,34.473,calibration
VG1,12052991986,18768128.6,2000-08-05T17:21:04,2880.019380,16.666555,-6.729e-06,78.310,251.357,34.480,calibration
VG1,12053471986,18796928.8,2000-08-06T01:21:05,2880.000540,16.666664,-1.875e-07,78.313,251.358,34.480,calibration
VG1,12066431986,19574528.9,2000-08-15T01:21:05,2879.977740,16.666795,7.729e-06,78.402,251.369,34.482,calibration
VG1,12066911986,19603328.7,2000-08-15T09:21:05,2879.999640,16.666669,1.250e-07,78.405,251.369,34.482,calibration
VG1,12124991986,23088128.3,2000-09-24T17:21:04,2880.028800,16.666500,-1.000e-05,78.803,251.418,34.490,calibration
VG1,12125471986,23116928.6,2000-09-25T01:21:04,2879.999820,16.666668,6.250e-08,78.807,251.419,34.490,calibration
VG1,12209951986,28185728.4,2000-11-22T17:21:04,2879.973300,16.666821,9.271e-06,79.386,251.489,34.500,calibration
VG1,12210431986,28214528.1,2000-11-23T01:21:04,2879.999760,16.666668,8.333e-08,79.389,251.490,34.500,calibration
VG1,12382751986,38553727.5,2001-03-22T17:21:03,2879.985360,16.666751,5.083e-06,80.570,251.631,34.521,calibration
VG1,12383231986,38582527.3,2001-03-23T01:21:03,2879.999820,16.666668,6.250e-08,80.574,251.631,34.521,calibration
VG1,12453311986,42787327.1,2001-05-10T17:21:03,2879.979240,16.666787,7.208e-06,81.054,251.687,34.529,calibration
VG1,12453791986,42816126.9,2001-05-11T01:21:03,2879.999460,16.666670,1.875e-07,81.057,251.688,34.529,calibration
VG1,12487871986,44860926.5,2001-06-03T17:21:02,2880.019920,16.666551,-6.917e-06,81.291,251.715,34.533,calibration
VG1,12488351986,44889726.7,2001-06-04T01:21:03,2879.999100,16.666672,3.125e-07,81.294,251.715,34.533,calibration
VG1,12505151986,45897726.4,2001-06-15T17:21:02,2880.024360,16.666526,-8.458e-06,81.409,251.728,34.535,calibration
VG1,12505631986,45926526.7,2001-06-16T01:21:02,2879.999580,16.666669,1.458e-07,81.413,251.729,34.535,calibration
VG1,12576191986,50160126.1,2001-08-04T01:21:02,2880.033000,16.666476,-1.146e-05,81.896,251.784,34.543,calibration
VG1,12576671986,50188926.4,2001-08-04T09:21:02,2880.001140,16.666660,-3.958e-07,81.899,251.785,34.543,calibration
VG1,12588671986,50908926.7,2001-08-12T17:21:03,2879.960880,16.666893,1.358e-05,81.982,251.794,34.545,calibration
VG1,12589151986,50937726.3,2001-08-13T01:21:02,2879.999220,16.666671,2.708e-07,81.985,251.794,34.545,calibration
VG1,12608831986,52118526.0,2001-08-26T17:21:02,2880.018960,16.666557,-6.583e-06,82.120,251.810,34.547,calibration
VG1,12609311986,52147326.2,2001-08-27T01:21:02,2879.999220,16.666671,2.708e-07,82.123,251.810,34.547,calibration
VG1,12640511986,54019325.7,2001-09-17T17:21:02,2880.027360,16.666508,-9.500e-06,82.337,251.834,34.551,calibration
VG1,12640991986,54048126.0,2001-09-18T01:21:02,2879.998620,16.666675,4.792e-07,82.340,251.835,34.551,calibration
VG1,12652031986,54710525.7,2001-09-25T17:21:01,2880.027180,16.666509,-9.437e-06,82.416,251.843,34.552,calibration
VG1,12652511986,54739326.0,2001-09-26T01:21:02,2879.999220,16.666671,2.708e-07,82.419,251.844,34.552,calibration
VG1,12682271986,56524925.5,2001-10-16T17:21:01,2880.029460,16.666496,-1.023e-05,82.623,251.866,34.555,calibration
VG1,12682751986,56553725.8,2001-10-17T01:21:02,2879.999160,16.666672,2.917e-07,82.626,251.867,34.555,calibration
VG1,12718271986,58684925.2,2001-11-10T17:21:01,2880.027660,16.666507,-9.604e-06,82.870,251.894,34.559,calibration
VG1,12718751986,58713725.5,2001-11-11T01:21:01,2879.998920,16.666673,3.750e-07,82.873,251.894,34.559,calibration
VG1,12737951986,59865725.1,2001-11-24T09:21:01,2880.032280,16.666480,-1.121e-05,83.005,251.909,34.561,calibration
VG1,12738431986,59894525.4,2001-11-24T17:21:01,2879.999160,16.666672,2.917e-07,83.008,251.909,34.561,calibration
VG1,12755231986,60902525.1,2001-12-06T09:21:01,2880.021240,16.666544,-7.375e-06,83.123,251.922,34.563,calibration
VG1,12755711986,60931325.3,2001-12-06T17:21:01,2879.999700,16.666668,1.042e-07,83.126,251.922,34.563,calibration
VG1,12969311986,73747324.1,2002-05-04T01:21:00,2880.015300,16.666578,-5.312e-06,84.590,252.082,34.586,calibration
VG1,12969791986,73776124.3,2002-05-04T09:21:00,2879.999460,16.666670,1.875e-07,84.593,252.082,34.586,calibration
VG1,12999071986,75532924.0,2002-05-24T17:21:00,2880.023340,16.666532,-8.104e-06,84.794,252.104,34.589,calibration
VG1,12999551986,75561724.2,2002-05-25T01:21:00,2880.000360,16.666665,-1.250e-07,84.797,252.104,34.589,calibration
VG1,13048031986,78470524.6,2002-06-27T17:21:00,2879.982180,16.666770,6.188e-06,85.129,252.139,34.594,calibration
VG1,13048511986,78499324.4,2002-06-28T01:21:00,2880.000120,16.666666,-4.167e-08,85.132,252.139,34.594,calibration
VG1,13239071986,89932925.0,2002-11-07T09:21:01,2879.979720,16.666784,7.042e-06,86.438,252.276,34.613,calibration
VG1,13239551986,89961724.8,2002-11-07T17:21:01,2879.999760,16.666668,8.333e-08,86.441,252.276,34.613,calibration
VG1,13269791986,91776124.7,2002-11-28T17:21:01,2880.026880,16.666511,-9.333e-06,86.648,252.297,34.616,calibration
VG1,13270271986,91804925.0,2002-11-29T01:21:01,2880.000300,16.666665,-1.042e-07,86.651,252.297,34.616,calibration
VG1,13307231986,94022525.2,2002-12-24T17:21:01,2879.983380,16.666763,5.771e-06,86.905,252.323,34.620,calibration
VG1,13307711986,94051325.0,2002-12-25T01:21:01,2879.999940,16.666667,2.083e-08,86.908,252.324,34.620,calibration
VG1,13330271986,95404925.0,2003-01-09T17:21:01,2880.016020,16.666574,-5.562e-06,87.062,252.339,34.622,calibration
VG1,13330751986,95433725.2,2003-01-10T01:21:01,2880.000000,16.666667,0.000e+00,87.066,252.340,34.622,calibration
VG1,13372991986,97968125.2,2003-02-08T09:21:01,2880.022800,16.666535,-7.917e-06,87.355,252.369,34.626,calibration
VG1,13373471986,97996925.4,2003-02-08T17:21:01,2880.003300,16.666648,-1.146e-06,87.358,252.369,34.626,calibration
VG1,13387391986,98832126.4,2003-02-18T09:21:02,2879.905080,16.667216,3.296e-05,87.454,252.379,34.627,calibration
VG1,13387871986,98860925.4,2003-02-18T17:21:01,2880.000360,16.666665,-1.250e-07,87.457,252.379,34.627,calibration
VG1,13459871986,103180926.0,2003-04-09T17:21:02,2879.981040,16.666776,6.583e-06,87.950,252.428,34.634,calibration
VG1,13460351986,103209725.8,2003-04-10T01:21:02,2880.000660,16.666663,-2.292e-07,87.953,252.429,34.634,calibration
VG1,13473791986,104016126.0,2003-04-19T09:21:02,2879.973600,16.666819,9.167e-06,88.045,252.438,34.635,calibration
VG1,13474271986,104044925.8,2003-04-19T17:21:02,2880.000600,16.666663,-2.083e-07,88.048,252.438,34.635,calibration
VG1,13488671986,104908926.0,2003-04-29T17:21:02,2879.984520,16.666756,5.375e-06,88.147,252.448,34.637,calibration
VG1,13489151986,104937725.8,2003-04-30T01:21:02,2880.000660,16.666663,-2.292e-07,88.150,252.448,34.637,calibration
VG1,13511711986,106291326.1,2003-05-15T17:21:02,2879.959440,16.666901,1.408e-05,88.305,252.464,34.639,calibration
VG1,13512191986,106320125.7,2003-05-16T01:21:02,2879.999460,16.666670,1.875e-07,88.308,252.464,34.639,calibration
VG1,13539071986,107932925.4,2003-06-03T17:21:01,2880.042840,16.666419,-1.487e-05,88.492,252.482,34.641,calibration
VG1,13539551986,107961725.9,2003-06-04T01:21:02,2880.000660,16.666663,-2.292e-07,88.495,252.482,34.642,calibration
VG1,13559711986,109171326.2,2003-06-18T01:21:02,2879.967660,16.666854,1.123e-05,88.633,252.496,34.643,calibration
VG1,13560191986,109200125.8,2003-06-18T09:21:02,2879.999700,16.666668,1.042e-07,88.637,252.496,34.643,calibration
VG1,13583711986,110611325.7,2003-07-04T17:21:02,2880.021000,16.666545,-7.292e-06,88.798,252.512,34.646,calibration
VG1,13584191986,110640125.9,2003-07-05T01:21:02,2880.000180,16.666666,-6.250e-08,88.801,252.512,34.646,calibration
VG1,13611071986,112252926.0,2003-07-23T17:21:02,2879.975520,16.666808,8.500e-06,88.985,252.530,34.648,calibration
VG1,13611551986,112281725.8,2003-07-24T01:21:02,2880.000000,16.666667,0.000e+00,88.988,252.530,34.648,calibration
VG1,13665311986,115507325.8,2003-08-30T09:21:02,2879.976480,16.666803,8.167e-06,89.356,252.566,34.653,calibration
VG1,13665791986,115536125.5,2003-08-30T17:21:01,2879.999400,16.666670,2.083e-07,89.360,252.566,34.653,calibration
VG1,13707551986,118041725.1,2003-09-28T17:21:01,2880.027240,16.666509,-9.458e-06,89.646,252.594,34.657,calibration
VG1,13708031986,118070525.3,2003-09-29T01:21:01,2880.000300,16.666665,-1.042e-07,89.649,252.594,34.657,calibration
VG1,13743551986,120201725.6,2003-10-23T17:21:01,2879.963580,16.666877,1.265e-05,89.892,252.618,34.660,calibration
VG1,13744031986,120230525.2,2003-10-24T01:21:01,2879.999640,16.666669,1.250e-07,89.895,252.618,34.660,calibration
VG1,13801151986,123657724.8,2003-12-02T17:21:01,2880.027300,16.666509,-9.479e-06,90.286,252.655,34.665,calibration
VG1,13801631986,123686525.1,2003-12-03T01:21:01,2880.000240,16.666665,-8.333e-08,90.290,252.655,34.665,calibration
VG1,13948511986,132499325.8,2004-03-14T01:21:02,2879.922600,16.667115,2.688e-05,91.295,252.749,34.678,calibration
VG1,13948991986,132528125.1,2004-03-14T09:21:01,2880.000420,16.666664,-1.458e-07,91.298,252.750,34.678,calibration
VG1,13994111986,135235325.5,2004-04-14T17:21:01,2879.951280,16.666949,1.692e-05,91.607,252.778,34.681,calibration
VG1,13994591986,135264125.0,2004-04-15T01:21:01,2880.000420,16.666664,-1.458e-07,91.610,252.779,34.681,calibration
VG1,14009951986,136185725.2,2004-04-25T17:21:01,2879.977080,16.666799,7.958e-06,91.715,252.788,34.683,calibration
VG1,14010431986,136214524.9,2004-04-26T01:21:01,2880.000360,16.666665,-1.250e-07,91.718,252.789,34.683,calibration
VG1,14040671986,138028925.2,2004-05-17T01:21:01,2879.950380,16.666954,1.723e-05,91.925,252.807,34.685,calibration
VG1,14041151986,138057724.7,2004-05-17T09:21:00,2880.000300,16.666665,-1.042e-07,91.929,252.808,34.685,calibration
VG1,14064671986,139468924.9,2004-06-02T17:21:01,2879.974140,16.666816,8.979e-06,92.090,252.822,34.687,calibration
VG1,14065151986,139497724.6,2004-06-03T01:21:00,2880.000000,16.666667,0.000e+00,92.093,252.823,34.687,calibration
VG1,14102591986,141744124.6,2004-06-29T01:21:00,2880.019620,16.666553,-6.812e-06,92.349,252.846,34.690,calibration
VG1,14103071986,141772924.8,2004-06-29T09:21:01,2879.999760,16.666668,8.333e-08,92.352,252.846,34.690,calibration
VG1,14164031986,145430524.6,2004-08-10T17:21:00,2880.010260,16.666607,-3.562e-06,92.769,252.884,34.695,calibration
VG1,14164511986,145459324.7,2004-08-11T01:21:00,2879.999760,16.666668,8.333e-08,92.773,252.884,34.695,calibration
VG1,14331071986,155452924.0,2004-12-04T17:21:00,2879.982780,16.666766,5.979e-06,93.912,252.986,34.709,calibration
VG1,14331551986,155481723.8,2004-12-05T01:21:00,2879.999760,16.666668,8.333e-08,93.915,252.986,34.709,calibration
VG1,14366591986,157584123.7,2004-12-29T09:20:59,2879.982540,16.666768,6.063e-06,94.155,253.007,34.712,calibration
VG1,14367071986,157612923.5,2004-12-29T17:20:59,2879.999760,16.666668,8.333e-08,94.158,253.007,34.712,calibration
VG1,14439551986,161961723.1,2005-02-18T01:20:59,2880.019860,16.666552,-6.896e-06,94.654,253.050,34.717,calibration
VG1,14440031986,161990523.3,2005-02-18T09:20:59,2879.999820,16.666668,6.250e-08,94.657,253.051,34.717,calibration
VG1,14606111986,171955322.9,2005-06-13T17:20:59,2880.011820,16.666598,-4.104e-06,95.793,253.148,34.730,calibration
VG1,14606591986,171984123.0,2005-06-14T01:20:59,2879.999820,16.666668,6.250e-08,95.796,253.148,34.730,calibration
VG1,14716991986,178608122.6,2005-08-29T17:20:58,2879.968440,16.666849,1.096e-05,96.551,253.212,34.738,calibration
VG1,14717471986,178636922.3,2005-08-30T01:20:58,2879.999880,16.666667,4.167e-08,96.554,253.212,34.738,calibration
VG1,14767391986,181632122.2,2005-10-03T17:20:58,2880.022320,16.666538,-7.750e-06,96.895,253.240,34.742,calibration
VG1,14767871986,181660922.4,2005-10-04T01:20:58,2879.999880,16.666667,4.167e-08,96.898,253.241,34.742,calibration
VG1,14812031986,184310522.4,2005-11-03T17:20:58,2879.990100,16.666724,3.438e-06,97.200,253.265,34.745,calibration
VG1,14812511986,184339322.3,2005-11-04T01:20:58,2879.999820,16.666668,6.250e-08,97.204,253.266,34.745,calibration
VG1,14890559987,189022202.0,2005-12-28T06:08:58,2879.999820,16.666668,6.250e-08,97.737,253.309,34.751,calibration
VG1,14890560787,189022250.0,2005-12-28T06:09:46,2879.999820,16.666668,6.250e-08,97.737,253.309,34.751,calibration
VG1,14895950387,189345626.0,2005-12-31T23:59:22,2819.999820,17.021278,2.128e-02,97.774,253.312,34.751,rate_mode
VG1,14895951187,189345675.0,2006-01-01T00:00:10,2879.999820,16.666668,6.250e-08,97.774,253.312,34.751,calibration
VG1,14899199987,189540603.0,2006-01-03T06:08:58,2879.903640,16.667224,3.346e-05,97.796,253.314,34.752,calibration
VG1,14899679987,189569402.0,2006-01-03T14:08:57,2879.999880,16.666667,4.167e-08,97.799,253.315,34.752,calibration
VG1,15020159987,196798201.8,2006-03-28T06:08:57,2879.973960,16.666817,9.042e-06,98.622,253.381,34.760,calibration
VG1,15020639987,196827001.6,2006-03-28T14:08:56,2879.999400,16.666670,2.083e-07,98.626,253.381,34.760,calibration
VG1,15068159987,199678201.0,2006-04-30T14:08:56,2880.032760,16.666477,-1.137e-05,98.950,253.407,34.764,calibration
VG1,15068639987,199707001.3,2006-04-30T22:08:56,2879.999700,16.666668,1.042e-07,98.954,253.407,34.764,calibration
VG1,15119999987,202788601.0,2006-06-05T14:08:56,2880.013560,16.666588,-4.708e-06,99.305,253.435,34.767,calibration
VG1,15120479987,202817401.1,2006-06-05T22:08:56,2879.999820,16.666668,6.250e-08,99.308,253.436,34.767,calibration
VG1,15213599987,208404600.8,2006-08-09T14:08:56,2880.023940,16.666528,-8.312e-06,99.944,253.486,34.774,calibration
VG1,15214079987,208433401.1,2006-08-09T22:08:56,2879.999940,16.666667,2.083e-08,99.947,253.486,34.774,calibration
VG1,15251039987,210651001.1,2006-09-04T14:08:56,2879.980560,16.666779,6.750e-06,100.200,253.506,34.776,calibration
VG1,15251519987,210679800.9,2006-09-04T22:08:56,2879.999700,16.666668,1.042e-07,100.203,253.506,34.776,calibration
VG1,15285599987,212724600.7,2006-09-28T14:08:55,2880.017280,16.666567,-6.000e-06,100.436,253.524,34.778,calibration
VG1,15286079987,212753400.8,2006-09-28T22:08:56,2879.999820,16.666668,6.250e-08,100.439,253.524,34.779,calibration
VG1,15353279987,216785400.6,2006-11-14T14:08:55,2879.984520,16.666756,5.375e-06,100.898,253.559,34.783,calibration
VG1,15353759987,216814200.5,2006-11-14T22:08:55,2879.999760,16.666668,8.333e-08,100.901,253.560,34.783,calibration
VG1,15470399987,223812599.9,2007-02-03T22:08:55,2880.024840,16.666523,-8.625e-06,101.697,253.620,34.791,calibration
VG1,15470879987,223841400.2,2007-02-04T06:08:55,2880.000180,16.666666,-6.250e-08,101.701,253.621,34.791,calibration
VG1,15505439987,225915000.3,2007-02-28T06:08:55,2879.974500,16.666814,8.854e-06,101.937,253.638,34.793,calibration
VG1,15505919987,225943800.0,2007-02-28T14:08:55,2879.999820,16.666668,6.250e-08,101.940,253.639,34.793,calibration
VG1,15654239987,234842999.6,2007-06-11T14:08:54,2880.010020,16.666609,-3.479e-06,102.952,253.714,34.803,calibration
VG1,15654719987,234871799.7,2007-06-11T22:08:55,2879.999820,16.666668,6.250e-08,102.955,253.714,34.803,calibration
VG1,15698879987,237521399.5,2007-07-12T14:08:54,2880.013320,16.666590,-4.625e-06,103.257,253.737,34.806,calibration
VG1,15699359987,237550199.7,2007-07-12T22:08:54,2879.999880,16.666667,4.167e-08,103.260,253.737,34.806,calibration
VG1,15737759987,239854199.6,2007-08-08T14:08:54,2880.018600,16.666559,-6.458e-06,103.522,253.756,34.808,calibration
VG1,15738239987,239882999.8,2007-08-08T22:08:55,2880.000120,16.666666,-4.167e-08,103.525,253.756,34.808,calibration
VG1,15766559987,241582199.8,2007-08-28T14:08:55,2879.984280,16.666758,5.458e-06,103.719,253.770,34.810,calibration
VG1,15767039987,241610999.7,2007-08-28T22:08:55,2879.999880,16.666667,4.167e-08,103.722,253.771,34.810,calibration
VG1,15871007987,247849079.5,2007-11-09T02:56:54,2879.999880,16.666667,4.167e-08,104.431,253.822,34.816,calibration
VG1,15871008787,247849127.7,2007-11-09T02:57:42,2879.999880,16.666667,4.167e-08,104.431,253.822,34.816,calibration
VG1,16149599987,264564599.2,2008-05-20T14:08:54,2879.983860,16.666760,5.604e-06,106.331,253.956,34.833,calibration
VG1,16150079987,264593399.0,2008-05-20T22:08:54,2879.999820,16.666668,6.250e-08,106.335,253.956,34.833,calibration
VG1,16222079987,268913398.8,2008-07-09T22:08:54,2879.987760,16.666738,4.250e-06,106.825,253.990,34.838,calibration
VG1,16222559987,268942198.6,2008-07-10T06:08:53,2879.999640,16.666669,1.250e-07,106.829,253.990,34.838,calibration
VG1,16313759987,274414198.0,2008-09-11T14:08:53,2880.014880,16.666581,-5.167e-06,107.450,254.032,34.843,calibration
VG1,16314239987,274442998.1,2008-09-11T22:08:53,2879.999460,16.666670,1.875e-07,107.454,254.033,34.843,calibration
VG1,16333919987,275623797.9,2008-09-25T14:08:53,2880.011460,16.666600,-3.979e-06,107.588,254.042,34.844,calibration
VG1,16334399987,275652598.0,2008-09-25T22:08:53,2879.999820,16.666668,6.250e-08,107.591,254.042,34.844,calibration
VG1,16381439987,278474997.9,2008-10-28T14:08:53,2879.988000,16.666736,4.167e-06,107.912,254.064,34.847,calibration
VG1,16381919987,278503797.7,2008-10-28T22:08:53,2879.999760,16.666668,8.333e-08,107.915,254.064,34.847,calibration
VG1,16414559987,280462197.6,2008-11-20T14:08:52,2879.988480,16.666733,4.000e-06,108.138,254.079,34.849,calibration
VG1,16415039987,280490997.5,2008-11-20T22:08:52,2879.999580,16.666669,1.458e-07,108.141,254.079,34.849,calibration
VG1,16469279987,283745397.1,2008-12-28T14:08:52,2880.012900,16.666592,-4.479e-06,108.511,254.104,34.852,calibration
VG1,16469759987,283774197.2,2008-12-28T22:08:52,2879.999640,16.666669,1.250e-07,108.514,254.104,34.852,calibration
VG1,16474190387,284040021.2,2008-12-31T23:59:16,2819.999640,17.021279,2.128e-02,108.544,254.106,34.852,rate_mode
VG1,16474191187,284040069.2,2009-01-01T00:00:03,2879.999640,16.666669,1.250e-07,108.544,254.106,34.852,calibration
VG1,16542239987,288122996.7,2009-02-17T06:08:51,2880.015480,16.666577,-5.375e-06,109.008,254.137,34.856,calibration
VG1,16542719987,288151796.9,2009-02-17T14:08:51,2879.999640,16.666669,1.250e-07,109.011,254.137,34.856,calibration
VG1,16574399987,290052596.7,2009-03-11T14:08:50,2880.022800,16.666535,-7.917e-06,109.227,254.151,34.858,calibration
VG1,16574879987,290081396.9,2009-03-11T22:08:51,2880.000360,16.666665,-1.250e-07,109.230,254.151,34.858,calibration
VG1,16585439987,290714997.0,2009-03-19T06:08:51,2879.972400,16.666826,9.583e-06,109.302,254.156,34.859,calibration
VG1,16585919987,290743796.7,2009-03-19T14:08:51,2879.999160,16.666672,2.917e-07,109.305,254.156,34.859,calibration
VG1,16621919987,292903796.1,2009-04-13T14:08:50,2880.032460,16.666479,-1.127e-05,109.551,254.172,34.861,calibration
VG1,16622399987,292932596.4,2009-04-13T22:08:50,2880.000000,16.666667,0.000e+00,109.554,254.172,34.861,calibration
VG1,16656479987,294977396.4,2009-05-07T14:08:50,2879.981280,16.666775,6.500e-06,109.786,254.187,34.863,calibration
VG1,16656959987,295006196.2,2009-05-07T22:08:50,2879.999820,16.666668,6.250e-08,109.789,254.188,34.863,calibration
VG1,16686719987,296791796.2,2009-05-28T14:08:50,2879.983620,16.666761,5.688e-06,109.992,254.201,34.864,calibration
VG1,16687199987,296820596.0,2009-05-28T22:08:50,2879.999820,16.666668,6.250e-08,109.995,254.201,34.864,calibration
VG1,16775999987,302148595.7,2009-07-29T14:08:49,2879.985000,16.666753,5.208e-06,110.600,254.240,34.869,calibration
VG1,16776479987,302177395.5,2009-07-29T22:08:49,2879.999820,16.666668,6.250e-08,110.604,254.240,34.869,calibration
VG1,16898399987,309492595.1,2009-10-22T14:08:49,2879.985720,16.666749,4.958e-06,111.434,254.293,34.876,calibration
VG1,16898879987,309521395.0,2009-10-22T22:08:49,2879.999820,16.666668,6.250e-08,111.437,254.293,34.876,calibration
VG1,16935839987,311738994.9,2009-11-17T14:08:49,2879.975940,16.666806,8.354e-06,111.689,254.309,34.878,calibration
VG1,16936319987,311767794.6,2009-11-17T22:08:48,2879.999640,16.666669,1.250e-07,111.692,254.309,34.878,calibration
VG1,17105279987,321905393.6,2010-03-15T06:08:47,2880.010440,16.666606,-3.625e-06,112.843,254.380,34.887,calibration
VG1,17105759987,321934193.7,2010-03-15T14:08:47,2879.999640,16.666669,1.250e-07,112.846,254.381,34.887,calibration
VG1,17198879987,327521393.0,2010-05-19T06:08:47,2879.988480,16.666733,4.000e-06,113.480,254.419,34.892,calibration
VG1,17199359987,327550192.9,2010-05-19T14:08:47,2879.999700,16.666668,1.042e-07,113.484,254.420,34.892,calibration
VG1,17235839987,329738992.7,2010-06-13T22:08:47,2879.977320,16.666798,7.875e-06,113.732,254.435,34.894,calibration
VG1,17236319987,329767792.5,2010-06-14T06:08:46,2879.999160,16.666672,2.917e-07,113.735,254.435,34.894,calibration
VG1,17258399987,331092592.1,2010-06-29T14:08:46,2880.016920,16.666569,-5.875e-06,113.886,254.444,34.895,calibration
VG1,17258879987,331121392.3,2010-06-29T22:08:46,2879.999640,16.666669,1.250e-07,113.889,254.444,34.895,calibration
VG1,17327519987,335239791.8,2010-08-16T14:08:46,2880.017100,16.666568,-5.937e-06,114.356,254.472,34.899,calibration
VG1,17327999987,335268591.9,2010-08-16T22:08:46,2879.999460,16.666670,1.875e-07,114.360,254.472,34.899,calibration
VG1,17390879987,339041391.3,2010-09-29T14:08:45,2880.025020,16.666522,-8.687e-06,114.788,254.498,34.902,calibration
VG1,17391359987,339070191.5,2010-09-29T22:08:45,2879.999460,16.666670,1.875e-07,114.791,254.498,34.902,calibration
VG1,17468159987,343678190.7,2010-11-22T06:08:45,2879.991720,16.666715,2.875e-06,115.314,254.529,34.906,calibration
VG1,17468639987,343706990.6,2010-11-22T14:08:44,2879.999580,16.666669,1.458e-07,115.317,254.529,34.906,calibration
VG1,17632799987,353556589.3,2011-03-16T14:08:43,2880.011460,16.666600,-3.979e-06,116.434,254.594,34.914,calibration
VG1,17633279987,353585389.4,2011-03-16T22:08:43,2879.999580,16.666669,1.458e-07,116.438,254.594,34.914,calibration
VG1,17690879987,357041388.9,2011-04-25T22:08:43,2879.987100,16.666741,4.479e-06,116.830,254.616,34.916,calibration
VG1,17691359987,357070188.8,2011-04-26T06:08:43,2879.999460,16.666670,1.875e-07,116.833,254.616,34.916,calibration
VG1,17936639987,371786986.2,2011-10-13T14:08:40,2879.989020,16.666730,3.813e-06,118.502,254.710,34.928,calibration
VG1,17937119987,371815786.1,2011-10-13T22:08:40,2879.999340,16.666670,2.292e-07,118.506,254.711,34.928,calibration
VG1,17976959987,374206185.6,2011-11-10T14:08:39,2879.980740,16.666778,6.688e-06,118.777,254.726,34.930,calibration
VG1,17977439987,374234985.4,2011-11-10T22:08:39,2879.998620,16.666675,4.792e-07,118.780,254.726,34.930,calibration
VG1,17993279987,375185384.9,2011-11-21T22:08:39,2880.025320,16.666520,-8.792e-06,118.888,254.732,34.931,calibration
VG1,17993759987,375214185.2,2011-11-22T06:08:39,2879.999400,16.666670,2.083e-07,118.891,254.732,34.931,calibration
VG1,18036287996,377765865.2,2011-12-21T18:56:39,2879.999400,16.666670,2.083e-07,119.180,254.748,34.933,calibration
VG1,18036288796,377765913.2,2011-12-21T18:57:27,2879.999400,16.666670,2.083e-07,119.180,254.748,34.933,calibration
VG1,18054047996,378831464.9,2012-01-03T02:56:39,2879.963400,16.666878,1.271e-05,119.301,254.754,34.933,calibration
VG1,18054527996,378860264.6,2012-01-03T10:56:38,2879.999640,16.666669,1.250e-07,119.305,254.754,34.933,calibration
VG1,18203327996,387788263.5,2012-04-15T18:56:37,2879.987520,16.666739,4.333e-06,120.317,254.809,34.940,calibration
VG1,18203807996,387817063.4,2012-04-16T02:56:37,2879.999460,16.666670,1.875e-07,120.320,254.809,34.940,calibration
VG1,18267167996,391618662.7,2012-05-30T02:56:37,2880.011820,16.666598,-4.104e-06,120.751,254.833,34.943,calibration
VG1,18267647996,391647462.8,2012-05-30T10:56:37,2879.999580,16.666669,1.458e-07,120.755,254.833,34.943,calibration
VG1,18313071196,394372854.4,2012-06-30T23:59:48,2819.999580,17.021279,2.128e-02,121.064,254.849,34.945,rate_mode
VG1,18313071996,394372902.4,2012-07-01T00:00:35,2879.999580,16.666669,1.458e-07,121.064,254.849,34.945,calibration
VG1,18374207996,398041061.9,2012-08-12T10:56:35,2880.025200,16.666521,-8.750e-06,121.480,254.871,34.948,calibration
VG1,18374687996,398069862.1,2012-08-12T18:56:35,2880.000180,16.666666,-6.250e-08,121.483,254.871,34.948,calibration
VG1,18388607996,398905062.2,2012-08-22T10:56:35,2879.984640,16.666756,5.333e-06,121.578,254.876,34.948,calibration
VG1,18389087996,398933862.0,2012-08-22T18:56:35,2879.999400,16.666670,2.083e-07,121.581,254.876,34.948,calibration
VG1,18428927996,401324261.6,2012-09-19T10:56:34,2880.013680,16.666588,-4.750e-06,121.852,254.891,34.950,calibration
VG1,18429407996,401353061.7,2012-09-19T18:56:35,2880.000120,16.666666,-4.167e-08,121.855,254.891,34.950,calibration
VG1,18447647996,402447461.8,2012-10-02T10:56:35,2879.974920,16.666812,8.708e-06,121.979,254.897,34.951,calibration
VG1,18448127996,402476261.5,2012-10-02T18:56:34,2879.999520,16.666669,1.667e-07,121.983,254.898,34.951,calibration
VG1,18480767996,404434661.2,2012-10-25T10:56:34,2879.980380,16.666780,6.813e-06,122.205,254.909,34.952,calibration
VG1,18481247996,404463461.0,2012-10-25T18:56:34,2879.998980,16.666673,3.542e-07,122.208,254.909,34.952,calibration
VG1,18505247996,405903460.5,2012-11-11T10:56:33,2880.021540,16.666542,-7.479e-06,122.371,254.918,34.953,calibration
VG1,18505727996,405932260.7,2012-11-11T18:56:34,2879.999640,16.666669,1.250e-07,122.375,254.918,34.953,calibration
VG1,18529247996,407343460.6,2012-11-28T02:56:33,2880.022020,16.666539,-7.646e-06,122.535,254.926,34.954,calibration
VG1,18529727996,407372260.8,2012-11-28T10:56:34,2879.999820,16.666668,6.250e-08,122.538,254.926,34.954,calibration
VG1,18569087996,409733860.7,2012-12-25T18:56:33,2879.966940,16.666858,1.148e-05,122.806,254.940,34.956,calibration
VG1,18569567996,409762660.3,2012-12-26T02:56:33,2879.999460,16.666670,1.875e-07,122.809,254.940,34.956,calibration
VG1,18638687996,413909859.6,2013-02-12T02:56:32,2880.023280,16.666532,-8.083e-06,123.279,254.965,34.959,calibration
VG1,18639167996,413938659.8,2013-02-12T10:56:33,2879.999400,16.666670,2.083e-07,123.282,254.965,34.959,calibration
VG1,18676127996,416156259.4,2013-03-10T02:56:32,2880.034620,16.666466,-1.202e-05,123.534,254.978,34.960,calibration
VG1,18676607996,416185059.7,2013-03-10T10:56:33,2880.000120,16.666666,-4.167e-08,123.537,254.978,34.960,calibration
VG1,18698207996,417481059.8,2013-03-25T10:56:33,2879.967180,16.666857,1.140e-05,123.684,254.985,34.961,calibration
VG1,18698687996,417509859.5,2013-03-25T18:56:32,2879.999340,16.666670,2.292e-07,123.687,254.985,34.961,calibration
VG1,18832607996,425545057.7,2013-06-26T18:56:31,2880.019980,16.666551,-6.937e-06,124.598,255.031,34.967,calibration
VG1,18833087996,425573857.9,2013-06-27T02:56:31,2879.999400,16.666670,2.083e-07,124.602,255.032,34.967,calibration
VG1,18889727996,428972257.2,2013-08-05T10:56:30,2880.018720,16.666558,-6.500e-06,124.987,255.051,34.969,calibration
VG1,18890207996,429001057.4,2013-08-05T18:56:30,2879.999280,16.666671,2.500e-07,124.990,255.051,34.969,calibration
VG1,18964607996,433465056.3,2013-09-26T10:56:29,2880.015420,16.666577,-5.354e-06,125.496,255.076,34.972,calibration
VG1,18965087996,433493856.5,2013-09-26T18:56:29,2879.999400,16.666670,2.083e-07,125.500,255.076,34.972,calibration
VG1,19063967996,439426655.2,2013-12-04T10:56:28,2879.985240,16.666752,5.125e-06,126.172,255.109,34.976,calibration
VG1,19064447996,439455455.1,2013-12-04T18:56:28,2879.999340,16.666670,2.292e-07,126.176,255.109,34.976,calibration
VG1,19195967996,447346653.4,2014-03-06T02:56:26,2880.038580,16.666443,-1.340e-05,127.070,255.153,34.981,calibration
VG1,19196447996,447375453.8,2014-03-06T10:56:27,2880.000240,16.666665,-8.333e-08,127.074,255.153,34.981,calibration
VG1,19220447996,448815454.0,2014-03-23T02:56:27,2879.973180,16.666822,9.313e-06,127.237,255.161,34.981,calibration
VG1,19220927996,448844253.7,2014-03-23T10:56:27,2879.999460,16.666670,1.875e-07,127.240,255.161,34.982,calibration
VG1,19327007996,455209052.5,2014-06-05T02:56:25,2880.013080,16.666591,-4.542e-06,127.962,255.196,34.985,calibration
VG1,19327487996,455237852.7,2014-06-05T10:56:25,2879.999460,16.666670,1.875e-07,127.965,255.196,34.985,calibration
VG1,19608767996,472114649.6,2014-12-17T18:56:22,2879.960280,16.666897,1.379e-05,129.878,255.286,34.996,calibration
VG1,19609247996,472143449.2,2014-12-18T02:56:22,2879.999280,16.666671,2.500e-07,129.881,255.286,34.996,calibration
VG1,19879487996,488357845.4,2015-06-23T18:56:18,2880.013500,16.666589,-4.687e-06,131.719,255.370,35.005,calibration
VG1,19879967996,488386645.5,2015-06-24T02:56:18,2879.999220,16.666671,2.708e-07,131.722,255.370,35.005,calibration
VG1,19889871196,488980837.4,2015-06-30T23:59:30,2819.999220,17.021281,2.128e-02,131.789,255.373,35.005,rate_mode
VG1,19889871996,488980885.4,2015-07-01T00:00:17,2879.999220,16.666671,2.708e-07,131.789,255.373,35.005,calibration
VG1,19965887996,493541844.1,2015-08-22T18:56:16,2880.016020,16.666574,-5.562e-06,132.306,255.396,35.008,calibration
VG1,19966367996,493570644.3,2015-08-23T02:56:16,2879.999280,16.666671,2.500e-07,132.309,255.397,35.008,calibration
VG1,20057087996,499013843.0,2015-10-25T02:56:15,2880.018120,16.666562,-6.292e-06,132.926,255.424,35.011,calibration
VG1,20057567996,499042643.2,2015-10-25T10:56:15,2879.999460,16.666670,1.875e-07,132.930,255.424,35.011,calibration
VG1,20093087996,501173842.8,2015-11-19T02:56:15,2879.965320,16.666867,1.204e-05,133.171,255.435,35.012,calibration
VG1,20093567996,501202642.5,2015-11-19T10:56:14,2879.999340,16.666670,2.292e-07,133.174,255.435,35.012,calibration
VG1,20252447996,510735440.4,2016-03-08T18:56:12,2879.990640,16.666721,3.250e-06,134.254,255.483,35.017,calibration
VG1,20252927996,510764240.3,2016-03-09T02:56:12,2879.999220,16.666671,2.708e-07,134.258,255.483,35.017,calibration
VG1,20330687996,515429839.1,2016-05-02T02:56:11,2880.006000,16.666632,-2.083e-06,134.786,255.506,35.020,calibration
VG1,20331167996,515458639.1,2016-05-02T10:56:11,2879.999100,16.666672,3.125e-07,134.789,255.506,35.020,calibration
VG1,20352287996,516725838.8,2016-05-17T02:56:11,2879.991900,16.666714,2.813e-06,134.933,255.512,35.021,calibration
VG1,20352767996,516754638.7,2016-05-17T10:56:10,2879.998860,16.666673,3.958e-07,134.936,255.512,35.021,calibration
VG1,20359007996,517129038.5,2016-05-21T18:56:10,2880.013320,16.666590,-4.625e-06,134.979,255.514,35.021,calibration
VG1,20359487996,517157838.7,2016-05-22T02:56:10,2880.001440,16.666658,-5.000e-07,134.982,255.514,35.021,calibration
VG1,20371007996,517849039.0,2016-05-30T02:56:11,2879.948160,16.666967,1.800e-05,135.060,255.518,35.021,calibration
VG1,20371487996,517877838.5,2016-05-30T10:56:10,2879.999280,16.666671,2.500e-07,135.063,255.518,35.021,calibration
VG1,20391647996,519087438.2,2016-06-13T10:56:10,2880.017640,16.666565,-6.125e-06,135.200,255.524,35.022,calibration
VG1,20392127996,519116238.4,2016-06-13T18:56:10,2879.999220,16.666671,2.708e-07,135.204,255.524,35.022,calibration
VG1,20400767996,519634638.3,2016-06-19T18:56:10,2879.999820,16.666668,6.250e-08,135.262,255.526,35.022,calibration
VG1,20401247996,519663438.2,2016-06-20T02:56:10,2879.999280,16.666671,2.500e-07,135.266,255.526,35.022,calibration
VG1,20451167996,522658637.5,2016-07-24T18:56:09,2880.005700,16.666634,-1.979e-06,135.605,255.541,35.024,calibration
VG1,20451647996,522687437.6,2016-07-25T02:56:09,2879.999820,16.666668,6.250e-08,135.608,255.541,35.024,calibration
VG1,20472767996,523954637.5,2016-08-08T18:56:09,2879.964120,16.666874,1.246e-05,135.752,255.547,35.024,calibration
VG1,20473247996,523983437.1,2016-08-09T02:56:09,2879.998680,16.666674,4.583e-07,135.755,255.547,35.024,calibration
VG1,20491007996,525049036.7,2016-08-21T10:56:08,2880.015600,16.666576,-5.417e-06,135.876,255.553,35.025,calibration
VG1,20491487996,525077836.8,2016-08-21T18:56:09,2879.999100,16.666672,3.125e-07,135.879,255.553,35.025,calibration
VG1,20592767996,531154634.9,2016-10-31T02:56:07,2880.029040,16.666499,-1.008e-05,136.567,255.582,35.028,calibration
VG1,20593247996,531183435.2,2016-10-31T10:56:07,2879.999160,16.666672,2.917e-07,136.570,255.582,35.028,calibration
VG1,20612927996,532364234.9,2016-11-14T02:56:07,2879.986440,16.666745,4.708e-06,136.704,255.588,35.029,calibration
VG1,20613407996,532393034.7,2016-11-14T10:56:07,2879.999100,16.666672,3.125e-07,136.707,255.588,35.029,calibration
VG1,20654687996,534869834.0,2016-12-13T02:56:06,2880.008580,16.666617,-2.979e-06,136.988,255.600,35.030,calibration
VG1,20655167996,534898634.1,2016-12-13T10:56:06,2879.999100,16.666672,3.125e-07,136.991,255.600,35.030,calibration
VG1,20681871196,536500825.6,2016-12-31T23:59:17,2819.999100,17.021282,2.128e-02,137.173,255.608,35.031,rate_mode
VG1,20681871996,536500873.6,2017-01-01T00:00:04,2879.999100,16.666672,3.125e-07,137.173,255.608,35.031,calibration
VG1,20687807996,536857033.5,2017-01-05T02:56:04,2879.998320,16.666676,5.833e-07,137.213,255.609,35.031,calibration
VG1,20688287996,536885833.5,2017-01-05T10:56:04,2879.998380,16.666676,5.625e-07,137.216,255.609,35.031,calibration
VG1,20705087996,537893833.0,2017-01-17T02:56:04,2880.029400,16.666497,-1.021e-05,137.330,255.614,35.032,calibration
VG1,20705567996,537922633.2,2017-01-17T10:56:04,2879.999160,16.666672,2.917e-07,137.334,255.614,35.032,calibration
VG1,20856767996,546994630.7,2017-05-02T10:56:01,2879.995260,16.666694,1.646e-06,138.361,255.657,35.036,calibration
VG1,20857247996,547023430.6,2017-05-02T18:56:01,2879.999100,16.666672,3.125e-07,138.364,255.657,35.036,calibration
VG1,20956607996,552985028.8,2017-07-10T18:56:00,2879.983500,16.666762,5.729e-06,139.039,255.685,35.039,calibration
VG1,20957087996,553013828.7,2017-07-11T02:55:59,2879.999040,16.666672,3.333e-07,139.042,255.685,35.039,calibration
VG1,21048287996,558485826.9,2017-09-12T10:55:58,2879.993220,16.666706,2.354e-06,139.662,255.710,35.042,calibration
VG1,21048767996,558514626.8,2017-09-12T18:55:58,2879.998980,16.666673,3.542e-07,139.665,255.710,35.042,calibration
VG1,21109727996,562172225.5,2017-10-25T02:55:56,2879.996220,16.666689,1.313e-06,140.079,255.727,35.044,calibration
VG1,21110207996,562201025.5,2017-10-25T10:55:56,2879.998860,16.666673,3.958e-07,140.082,255.727,35.044,calibration
VG1,21175487996,566117823.9,2017-12-09T18:55:55,2880.012900,16.666592,-4.479e-06,140.526,255.745,35.046,calibration
VG1,21175967996,566146624.1,2017-12-10T02:55:55,2879.998860,16.666673,3.958e-07,140.529,255.745,35.046,calibration
VG1,21182015996,566509503.9,2017-12-14T07:43:55,2879.998919,16.666673,3.753e-07,140.570,255.747,35.046,calibration
VG1,21182016796,566509551.9,2017-12-14T07:44:43,2879.998919,16.666673,3.753e-07,140.570,255.747,35.046,calibration
VG1,21257855996,571059902.2,2018-02-04T23:43:53,2880.010624,16.666605,-3.689e-06,141.085,255.768,35.048,calibration
VG1,21258335996,571088702.3,2018-02-05T07:43:53,2879.999179,16.666671,2.852e-07,141.088,255.768,35.048,calibration
VG1,21319775996,574775101.3,2018-03-19T23:43:52,2879.986289,16.666746,4.761e-06,141.505,255.784,35.050,calibration
VG1,21320255996,574803901.1,2018-03-20T07:43:52,2879.999082,16.666672,3.188e-07,141.509,255.784,35.050,calibration
VG1,21450335996,582608698.6,2018-06-18T15:43:49,2879.983683,16.666761,5.666e-06,142.392,255.819,35.054,calibration
VG1,21450815996,582637498.5,2018-06-18T23:43:49,2879.998997,16.666672,3.484e-07,142.395,255.819,35.054,calibration
VG1,21631295996,593466294.7,2018-10-22T07:43:46,2879.982935,16.666765,5.925e-06,143.620,255.867,35.059,calibration
VG1,21631775996,593495094.5,2018-10-22T15:43:45,2879.998741,16.666674,4.371e-07,143.623,255.867,35.059,calibration
VG1,21676895996,596202293.4,2018-11-22T23:43:44,2880.014458,16.666583,-5.020e-06,143.929,255.879,35.060,calibration
VG1,21677375996,596231093.5,2018-11-23T07:43:44,2879.998874,16.666673,3.911e-07,143.933,255.879,35.060,calibration
VG1,21720095996,598794292.5,2018-12-22T23:43:43,2880.003421,16.666647,-1.188e-06,144.223,255.890,35.062,calibration
VG1,21720575996,598823092.5,2018-12-23T07:43:43,2879.998879,16.666673,3.891e-07,144.226,255.890,35.062,calibration
VG1,21762815996,601357491.5,2019-01-21T15:43:42,2879.995496,16.666693,1.564e-06,144.512,255.901,35.063,calibration
VG1,21763295996,601386291.5,2019-01-21T23:43:42,2879.999031,16.666672,3.366e-07,144.516,255.901,35.063,calibration
VG1,21777695996,602250291.2,2019-01-31T23:43:42,2879.991991,16.666713,2.781e-06,144.613,255.905,35.063,calibration
VG1,21778175996,602279091.1,2019-02-01T07:43:42,2879.998882,16.666673,3.882e-07,144.617,255.905,35.063,calibration
VG1,21828095996,605274290.0,2019-03-07T23:43:41,2879.993985,16.666701,2.088e-06,144.955,255.918,35.065,calibration
VG1,21828575996,605303089.9,2019-03-08T07:43:41,2879.998830,16.666673,4.062e-07,144.959,255.918,35.065,calibration
VG1,21874655996,608067888.8,2019-04-09T07:43:40,2879.996017,16.666690,1.383e-06,145.271,255.930,35.066,calibration
VG1,21875135996,608096688.7,2019-04-09T15:43:40,2879.998802,16.666674,4.159e-07,145.275,255.930,35.066,calibration
VG1,21936575996,611783087.2,2019-05-22T07:43:38,2879.995439,16.666693,1.584e-06,145.691,255.946,35.068,calibration
VG1,21937055996,611811887.2,2019-05-22T15:43:38,2879.998768,16.666674,4.280e-07,145.695,255.946,35.068,calibration
VG1,22148255996,624483881.7,2019-10-16T07:43:33,2879.988312,16.666734,4.058e-06,147.127,255.999,35.074,calibration
VG1,22148735996,624512681.6,2019-10-16T15:43:32,2879.998741,16.666674,4.371e-07,147.130,255.999,35.074,calibration
VG1,22276895996,632202278.3,2020-01-13T15:43:29,2879.991165,16.666718,3.068e-06,148.000,256.031,35.077,calibration
VG1,22277375996,632231078.2,2020-01-13T23:43:29,2879.998698,16.666674,4.522e-07,148.003,256.031,35.077,calibration
VG1,22390175996,638999075.1,2020-04-01T07:43:26,2879.987923,16.666737,4.193e-06,148.768,256.059,35.080,calibration
VG1,22390655996,639027875.0,2020-04-01T15:43:26,2879.998614,16.666675,4.813e-07,148.771,256.059,35.080,calibration
VG1,22406015996,639949474.6,2020-04-12T07:43:25,2879.998997,16.666672,3.482e-07,148.875,256.063,35.081,calibration
VG1,22406495996,639978274.5,2020-04-12T15:43:25,2879.998676,16.666674,4.595e-07,148.878,256.063,35.081,calibration
VG1,22468415996,643693472.8,2020-05-25T15:43:24,2879.987803,16.666737,4.235e-06,149.298,256.078,35.082,calibration
VG1,22468895996,643722272.7,2020-05-25T23:43:24,2879.998644,16.666675,4.708e-07,149.301,256.078,35.082,calibration
VG1,22531295996,647466271.0,2020-07-08T07:43:22,2879.985857,16.666749,4.911e-06,149.724,256.093,35.084,calibration
VG1,22531775996,647495070.8,2020-07-08T15:43:22,2879.998522,16.666675,5.133e-07,149.728,256.093,35.084,calibration
VG1,22647935996,654464667.2,2020-09-27T07:43:18,2880.000782,16.666662,-2.716e-07,150.515,256.121,35.087,calibration
VG1,22648415996,654493467.2,2020-09-27T15:43:18,2879.998521,16.666675,5.137e-07,150.518,256.121,35.087,calibration
VG1,22788095996,662874262.9,2021-01-02T15:43:14,2879.988384,16.666734,4.033e-06,151.465,256.154,35.091,calibration
VG1,22788575996,662903062.8,2021-01-02T23:43:14,2879.998480,16.666675,5.279e-07,151.468,256.154,35.091,calibration
VG1,22873055996,667971860.1,2021-03-02T15:43:11,2879.993989,16.666701,2.087e-06,152.041,256.174,35.093,calibration
VG1,22873535996,668000660.1,2021-03-02T23:43:11,2879.998419,16.666676,5.490e-07,152.044,256.174,35.093,calibration
VG1,22920095996,670794258.6,2021-04-04T07:43:09,2879.997763,16.666680,7.768e-07,152.359,256.185,35.094,calibration
VG1,22920575996,670823058.5,2021-04-04T15:43:09,2879.998422,16.666676,5.478e-07,152.363,256.185,35.094,calibration
VG1,22994975996,675287056.1,2021-05-26T07:43:07,2879.996642,16.666686,1.166e-06,152.867,256.202,35.096,calibration
VG1,22995455996,675315856.1,2021-05-26T15:43:07,2879.998561,16.666675,4.997e-07,152.870,256.202,35.096,calibration
VG1,23064095996,679434254.0,2021-07-13T07:43:05,2879.997672,16.666680,8.082e-07,153.335,256.218,35.098,calibration
VG1,23064575996,679463054.0,2021-07-13T15:43:05,2879.998537,16.666675,5.081e-07,153.338,256.218,35.098,calibration
VG1,23133695996,683610251.9,2021-08-30T15:43:03,2879.996935,16.666684,1.064e-06,153.806,256.234,35.100,calibration
VG1,23134175996,683639051.8,2021-08-30T23:43:03,2879.998513,16.666675,5.165e-07,153.810,256.234,35.100,calibration
VG1,23249375996,690551048.3,2021-11-18T23:42:59,2879.994053,16.666701,2.065e-06,154.590,256.260,35.103,calibration
VG1,23249855996,690579848.2,2021-11-19T07:42:59,2879.998531,16.666675,5.102e-07,154.593,256.260,35.103,calibration
VG1,23377535996,698240644.3,2022-02-15T23:42:55,2879.976632,16.666802,8.114e-06,155.458,256.288,35.106,calibration
VG1,23378015996,698269444.1,2022-02-16T07:42:55,2879.998417,16.666676,5.495e-07,155.461,256.288,35.106,calibration
VG1,23486015996,704749440.5,2022-05-02T07:42:51,2879.993717,16.666703,2.182e-06,156.193,256.312,35.109,calibration
VG1,23486495996,704778240.4,2022-05-02T15:42:51,2879.998407,16.666676,5.532e-07,156.196,256.312,35.109,calibration
VG1,23599775996,711575036.7,2022-07-20T07:42:47,2880.045258,16.666405,-1.571e-05,156.963,256.337,35.111,calibration
VG1,23600255996,711603837.1,2022-07-20T15:42:48,2879.998626,16.666675,4.772e-07,156.967,256.337,35.111,calibration
VG1,23700575996,717623034.3,2022-09-28T07:42:45,2879.998447,16.666676,5.393e-07,157.646,256.359,35.114,calibration
VG1,23701055996,717651834.2,2022-09-28T15:42:45,2879.998622,16.666675,4.785e-07,157.649,256.359,35.114,calibration
VG1,23776895996,722202232.1,2022-11-20T07:42:43,2880.013306,16.666590,-4.620e-06,158.163,256.375,35.116,calibration
VG1,23777375996,722231032.2,2022-11-20T15:42:43,2879.998601,16.666675,4.859e-07,158.166,256.375,35.116,calibration
VG1,23899295996,729546228.6,2023-02-13T07:42:39,2879.986576,16.666744,4.661e-06,158.992,256.401,35.119,calibration
VG1,23899775996,729575028.5,2023-02-13T15:42:39,2879.998592,16.666675,4.891e-07,158.995,256.401,35.119,calibration
VG1,23968895996,733722226.5,2023-04-02T15:42:37,2880.001503,16.666658,-5.219e-07,159.463,256.416,35.120,calibration
VG1,23969375996,733751026.5,2023-04-02T23:42:37,2879.998488,16.666675,5.250e-07,159.466,256.416,35.120,calibration
VG1,24109535996,742160622.1,2023-07-09T07:42:33,2879.978608,16.666790,7.428e-06,160.415,256.445,35.123,calibration
VG1,24110015996,742189421.9,2023-07-09T15:42:33,2879.998397,16.666676,5.567e-07,160.418,256.445,35.124,calibration
VG1,24244415996,750253417.4,2023-10-10T23:42:28,2879.997795,16.666679,7.656e-07,161.328,256.472,35.127,calibration
VG1,24244895996,750282217.4,2023-10-11T07:42:28,2879.998367,16.666676,5.669e-07,161.332,256.473,35.127,calibration
VG1,24327743996,755253094.5,2023-12-07T20:30:25,5782.680010,8.300650,-5.020e-01,161.893,256.489,35.128,rate_mode
VG1,24327744796,755253190.9,2023-12-07T20:32:02,2879.996828,16.666685,1.101e-06,161.893,256.489,35.128,calibration
VG1,24836063996,785752342.9,2024-11-24T20:31:14,2880.010165,16.666608,-3.529e-06,165.334,256.590,35.139,calibration
VG1,24836543996,785781143.0,2024-11-25T04:31:14,2880.010165,16.666608,-3.529e-06,165.338,256.590,35.139,calibration
VG1,24870623996,787825950.3,2024-12-18T20:31:21,2880.303213,16.664912,-1.053e-04,165.568,256.597,35.140,calibration
VG1,24871103996,787854753.3,2024-12-19T04:31:24,2879.996662,16.666686,1.159e-06,165.572,256.597,35.140,calibration
VG1,25059263996,799144340.2,2025-04-28T20:31:11,2880.004213,16.666642,-1.463e-06,166.846,256.633,35.144,calibration
VG1,25059743996,799173140.3,2025-04-29T04:31:11,2879.996693,16.666686,1.148e-06,166.849,256.633,35.144,calibration
VG2,0,-705788213.5,1977-08-20T15:42:18,2880.004080,16.666643,-1.417e-06,1.012,327.820,0.001,calibration
VG2,240000,-705773813.5,1977-08-20T19:42:18,2880.004080,16.666643,-1.417e-06,1.011,328.033,0.020,calibration
VG2,2352000,-705647093.3,1977-08-22T06:54:19,2879.997780,16.666680,7.708e-07,1.009,329.892,0.177,calibration
VG2,2592000,-705632693.3,1977-08-22T10:54:19,2880.002880,16.666650,-1.000e-06,1.009,330.104,0.195,calibration
VG2,7872000,-705315893.0,1977-08-26T02:54:19,2880.000540,16.666664,-1.875e-07,1.004,334.781,0.589,calibration
VG2,9312000,-705229493.0,1977-08-27T02:54:19,2880.002460,16.666652,-8.542e-07,1.004,336.062,0.696,calibration
VG2,13392000,-704984692.8,1977-08-29T22:54:19,2880.000420,16.666664,-1.458e-07,1.003,339.698,0.999,calibration
VG2,14112000,-704941492.8,1977-08-30T10:54:19,2880.002280,16.666653,-7.917e-07,1.003,340.340,1.051,calibration
VG2,19632000,-704610292.5,1977-09-03T06:54:19,2879.994240,16.666700,2.000e-06,1.005,345.255,1.452,calibration
VG2,20352000,-704567092.6,1977-09-03T18:54:19,2880.001380,16.666659,-4.792e-07,1.006,345.894,1.503,calibration
VG2,22752000,-704423092.5,1977-09-05T10:54:19,2880.004320,16.666642,-1.500e-06,1.008,348.019,1.673,calibration
VG2,23232000,-704394292.5,1977-09-05T18:54:19,2880.001740,16.666657,-6.042e-07,1.008,348.443,1.706,calibration
VG2,34272000,-703731892.1,1977-09-13T10:54:20,2880.008160,16.666619,-2.833e-06,1.026,358.047,2.437,calibration
VG2,34752000,-703703092.0,1977-09-13T18:54:20,2880.001980,16.666655,-6.875e-07,1.027,358.457,2.466,calibration
VG2,39312000,-703429491.8,1977-09-16T22:54:20,2879.996460,16.666687,1.229e-06,1.037,2.305,2.740,calibration
VG2,39792000,-703400691.8,1977-09-17T06:54:20,2880.001560,16.666658,-5.417e-07,1.039,2.705,2.767,calibration
VG2,43872000,-703155891.7,1977-09-20T02:54:20,2879.995740,16.666691,1.479e-06,1.050,6.069,2.995,calibration
VG2,44352000,-703127091.7,1977-09-20T10:54:20,2880.001140,16.666660,-3.958e-07,1.051,6.460,3.020,calibration
VG2,61872000,-702075891.3,1977-10-02T14:54:20,2880.005520,16.666635,-1.917e-06,1.116,19.947,3.815,calibration
VG2,62352000,-702047091.3,1977-10-02T22:54:21,2880.001560,16.666658,-5.417e-07,1.118,20.294,3.833,calibration
VG2,73500000,-701378208.0,1977-10-10T16:42:24,2880.000780,16.666662,-2.708e-07,1.169,27.988,4.191,calibration
VG2,73980000,-701349408.0,1977-10-11T00:42:24,2880.000780,16.666662,-2.708e-07,1.172,28.303,4.204,calibration
VG2,76272000,-701211888.0,1977-10-12T14:54:24,2880.006300,16.666630,-2.187e-06,1.183,29.794,4.264,calibration
VG2,76752000,-701183087.9,1977-10-12T22:54:24,2880.001800,16.666656,-6.250e-07,1.186,30.103,4.276,calibration
VG2,82512000,-700837487.7,1977-10-16T22:54:24,2879.996100,16.666689,1.354e-06,1.216,33.708,4.409,calibration
VG2,82992000,-700808687.7,1977-10-17T06:54:24,2880.001440,16.666658,-5.000e-07,1.218,34.001,4.418,calibration
VG2,86736000,-700584047.6,1977-10-19T21:18:24,2879.994900,16.666696,1.771e-06,1.239,36.239,4.491,calibration
VG2,87216000,-700555247.7,1977-10-20T05:18:24,2880.000900,16.666661,-3.125e-07,1.241,36.521,4.500,calibration
VG2,100752000,-699743087.4,1977-10-29T14:54:24,2879.995800,16.666691,1.458e-06,1.319,43.990,4.689,calibration
VG2,101232000,-699714287.5,1977-10-29T22:54:24,2880.000720,16.666663,-2.500e-07,1.322,44.238,4.694,calibration
VG2,112656000,-699028847.3,1977-11-06T21:18:25,2879.996460,16.666687,1.229e-06,1.391,49.849,4.782,calibration
VG2,113136000,-699000047.3,1977-11-07T05:18:24,2880.000600,16.666663,-2.083e-07,1.394,50.073,4.784,calibration
VG2,115440000,-698861807.3,1977-11-08T19:42:25,2879.994360,16.666699,1.958e-06,1.409,51.132,4.795,calibration
VG2,115920000,-698833007.4,1977-11-09T03:42:24,2879.999820,16.666668,6.250e-08,1.412,51.350,4.798,calibration
VG2,123552000,-698375087.4,1977-11-14T10:54:24,2880.006420,16.666630,-2.229e-06,1.460,54.696,4.821,calibration
VG2,124032000,-698346287.3,1977-11-14T18:54:24,2880.000540,16.666664,-1.875e-07,1.463,54.899,4.822,calibration
VG2,131856000,-697876847.2,1977-11-20T05:18:25,2879.994960,16.666696,1.750e-06,1.513,58.092,4.828,calibration
VG2,132336000,-697848047.3,1977-11-20T13:18:25,2880.000180,16.666666,-6.250e-08,1.516,58.281,4.828,calibration
VG2,142656000,-697228847.2,1977-11-27T17:18:25,2879.994060,16.666701,2.063e-06,1.583,62.165,4.814,calibration
VG2,143136000,-697200047.3,1977-11-28T01:18:25,2879.999940,16.666667,2.083e-08,1.586,62.338,4.813,calibration
VG2,149712000,-696805487.3,1977-12-02T14:54:25,2879.992380,16.666711,2.646e-06,1.629,64.636,4.794,calibration
VG2,150192000,-696776687.4,1977-12-02T22:54:24,2879.999220,16.666671,2.708e-07,1.632,64.799,4.793,calibration
VG2,158688000,-696266927.5,1977-12-08T20:30:24,2879.995380,16.666693,1.604e-06,1.688,67.584,4.759,calibration
VG2,159168000,-696238127.6,1977-12-09T04:30:24,2879.999040,16.666672,3.333e-07,1.691,67.736,4.756,calibration
VG2,170112000,-695581487.8,1977-12-16T18:54:24,2880.004740,16.666639,-1.646e-06,1.763,71.050,4.701,calibration
VG2,170592000,-695552687.7,1977-12-17T02:54:24,2879.999700,16.666668,1.042e-07,1.766,71.189,4.698,calibration
VG2,178944000,-695051567.8,1977-12-22T22:06:24,2879.996880,16.666685,1.083e-06,1.821,73.533,4.649,calibration
VG2,179424000,-695022767.8,1977-12-23T06:06:24,2879.999520,16.666669,1.667e-07,1.824,73.664,4.646,calibration
VG2,181536000,-694896047.9,1977-12-24T17:18:24,2879.996280,16.666688,1.292e-06,1.838,74.232,4.632,calibration
VG2,182016000,-694867247.9,1977-12-25T01:18:24,2879.998860,16.666673,3.958e-07,1.841,74.360,4.629,calibration
VG2,192017583,-694267153.1,1977-12-31T23:59:59,2879.998860,16.666673,3.958e-07,1.907,76.931,4.563,calibration
VG2,192817583,-694219152.1,1978-01-01T13:19:59,2879.998860,16.666673,3.958e-07,1.912,77.129,4.558,calibration
VG2,212207983,-693055728.6,1978-01-15T00:30:22,2880.006180,16.666631,-2.146e-06,2.037,81.620,4.419,calibration
VG2,212687983,-693026928.5,1978-01-15T08:30:22,2879.999280,16.666671,2.500e-07,2.041,81.725,4.416,calibration
VG2,221807983,-692479728.7,1978-01-21T16:30:22,2879.997000,16.666684,1.042e-06,2.099,83.645,4.348,calibration
VG2,222287983,-692450928.7,1978-01-22T00:30:22,2879.999100,16.666672,3.125e-07,2.102,83.743,4.344,calibration
VG2,226511983,-692197488.8,1978-01-24T22:54:22,2879.998980,16.666673,3.542e-07,2.129,84.595,4.313,calibration
VG2,228959983,-692050608.8,1978-01-26T15:42:22,2879.996340,16.666688,1.271e-06,2.144,85.078,4.294,calibration
VG2,229439983,-692021808.9,1978-01-26T23:42:22,2879.998920,16.666673,3.750e-07,2.147,85.172,4.291,calibration
VG2,262991983,-690008689.6,1978-02-19T06:54:21,2879.998320,16.666676,5.833e-07,2.356,91.147,4.037,calibration
VG2,263471983,-689979889.6,1978-02-19T14:54:21,2879.998740,16.666674,4.375e-07,2.359,91.225,4.034,calibration
VG2,269711983,-689605489.8,1978-02-23T22:54:21,2879.998200,16.666677,6.250e-07,2.397,92.219,3.987,calibration
VG2,276911983,-689173490.1,1978-02-28T22:54:21,2879.998560,16.666675,5.000e-07,2.441,93.328,3.933,calibration
VG2,314351983,-686927091.2,1978-03-26T22:54:20,2879.992680,16.666709,2.542e-06,2.661,98.516,3.664,calibration
VG2,314831983,-686898291.3,1978-03-27T06:54:20,2879.998200,16.666677,6.250e-07,2.664,98.577,3.661,calibration
VG2,325535983,-686256051.7,1978-04-03T17:18:19,2879.991720,16.666715,2.875e-06,2.725,99.905,3.587,calibration
VG2,326015983,-686227251.8,1978-04-04T01:18:19,2879.997660,16.666680,8.125e-07,2.728,99.963,3.584,calibration
VG2,336671983,-685587892.3,1978-04-11T10:54:19,2879.991420,16.666716,2.979e-06,2.788,101.224,3.512,calibration
VG2,337151983,-685559092.4,1978-04-11T18:54:18,2879.997060,16.666684,1.021e-06,2.791,101.279,3.508,calibration
VG2,343199983,-685196212.7,1978-04-15T23:42:18,2880.004740,16.666639,-1.646e-06,2.824,101.970,3.468,calibration
VG2,343679983,-685167412.7,1978-04-16T07:42:18,2879.998260,16.666677,6.042e-07,2.827,102.024,3.465,calibration
VG2,366239983,-683813813.5,1978-05-01T23:42:17,2880.003720,16.666645,-1.292e-06,2.951,104.458,3.319,calibration
VG2,366719983,-683785013.5,1978-05-02T07:42:17,2879.998500,16.666675,5.208e-07,2.953,104.507,3.316,calibration
VG2,371807983,-683479733.6,1978-05-05T20:30:17,2879.993280,16.666706,2.333e-06,2.981,105.027,3.284,calibration
VG2,372287983,-683450933.7,1978-05-06T04:30:17,2879.998020,16.666678,6.875e-07,2.983,105.076,3.281,calibration
VG2,382751983,-682823094.1,1978-05-13T10:54:17,2879.992620,16.666709,2.563e-06,3.039,106.115,3.216,calibration
VG2,383231983,-682794294.2,1978-05-13T18:54:17,2879.997660,16.666680,8.125e-07,3.041,106.161,3.213,calibration
VG2,389423983,-682422774.5,1978-05-18T02:06:16,2880.004260,16.666642,-1.479e-06,3.074,106.757,3.175,calibration
VG2,389903983,-682393974.5,1978-05-18T10:06:16,2879.998140,16.666677,6.458e-07,3.076,106.803,3.172,calibration
VG2,435887983,-679634936.2,1978-06-19T08:30:15,2880.005040,16.666638,-1.750e-06,3.311,110.860,2.906,calibration
VG2,436367983,-679606136.2,1978-06-19T16:30:15,2879.998740,16.666674,4.375e-07,3.313,110.900,2.904,calibration
VG2,452975983,-678609656.6,1978-07-01T05:18:14,2879.991420,16.666716,2.979e-06,3.394,112.227,2.813,calibration
VG2,453455983,-678580856.7,1978-07-01T13:18:14,2879.997300,16.666682,9.375e-07,3.396,112.265,2.811,calibration
VG2,485855983,-676636858.5,1978-07-24T01:18:12,2879.990820,16.666720,3.188e-06,3.550,114.679,2.643,calibration
VG2,486335983,-676608058.6,1978-07-24T09:18:12,2879.997120,16.666683,1.000e-06,3.552,114.713,2.640,calibration
VG2,508079983,-675303419.9,1978-08-08T11:42:11,2880.006480,16.666629,-2.250e-06,3.652,116.219,2.533,calibration
VG2,508559983,-675274619.9,1978-08-08T19:42:11,2879.997420,16.666682,8.958e-07,3.654,116.251,2.530,calibration
VG2,541871983,-673275901.7,1978-08-31T22:54:09,2880.003960,16.666644,-1.375e-06,3.802,118.405,2.373,calibration
VG2,542351983,-673247101.6,1978-09-01T06:54:09,2879.997960,16.666678,7.083e-07,3.804,118.435,2.371,calibration
VG2,558671983,-672267902.3,1978-09-12T14:54:08,2879.984940,16.666754,5.229e-06,3.874,119.429,2.297,calibration
VG2,559151983,-672239102.5,1978-09-12T22:54:08,2879.997120,16.666683,1.000e-06,3.876,119.458,2.295,calibration
VG2,580031983,-670986303.7,1978-09-27T10:54:07,2880.003900,16.666644,-1.354e-06,3.963,120.678,2.204,calibration
VG2,580511983,-670957503.7,1978-09-27T18:54:07,2879.997300,16.666682,9.375e-07,3.965,120.705,2.202,calibration
VG2,583631983,-670770303.9,1978-09-29T22:54:07,2880.006300,16.666630,-2.187e-06,3.978,120.883,2.188,calibration
VG2,584111983,-670741503.8,1978-09-30T06:54:07,2879.998080,16.666678,6.667e-07,3.980,120.910,2.186,calibration
VG2,601871983,-669675904.5,1978-10-12T14:54:06,2879.983560,16.666762,5.708e-06,4.052,121.898,2.111,calibration
VG2,602351983,-669647104.7,1978-10-12T22:54:06,2879.997240,16.666683,9.583e-07,4.054,121.925,2.109,calibration
VG2,619295983,-668630465.6,1978-10-24T17:18:05,2880.003840,16.666644,-1.333e-06,4.122,122.834,2.039,calibration
VG2,619775983,-668601665.6,1978-10-25T01:18:05,2879.997960,16.666678,7.083e-07,4.124,122.860,2.037,calibration
VG2,629711983,-668005506.0,1978-10-31T22:54:05,2879.990520,16.666722,3.292e-06,4.163,123.379,1.997,calibration
VG2,630191983,-667976706.1,1978-11-01T06:54:05,2879.997120,16.666683,1.000e-06,4.164,123.404,1.996,calibration
VG2,639887983,-667394946.7,1978-11-08T00:30:04,2880.004440,16.666641,-1.542e-06,4.202,123.901,1.957,calibration
VG2,640367983,-667366146.7,1978-11-08T08:30:04,2879.997720,16.666680,7.917e-07,4.204,123.925,1.955,calibration
VG2,651551983,-666695107.2,1978-11-16T02:54:04,2879.988240,16.666735,4.083e-06,4.247,124.487,1.911,calibration
VG2,652031983,-666666307.3,1978-11-16T10:54:04,2879.996880,16.666685,1.083e-06,4.248,124.511,1.909,calibration
VG2,674579983,-665313428.8,1978-12-02T02:42:02,4648.740000,10.325378,-3.805e-01,4.333,125.609,1.823,rate_mode
VG2,674580783,-665313351.3,1978-12-02T02:43:20,2879.996880,16.666685,1.083e-06,4.333,125.609,1.823,calibration
VG2,717616783,-662731194.1,1978-12-31T23:59:17,2819.996880,17.021295,2.128e-02,4.487,127.591,1.666,rate_mode
VG2,717617583,-662731146.1,1979-01-01T00:00:04,2879.996880,16.666685,1.083e-06,4.487,127.591,1.666,calibration
VG2,729311983,-662029482.9,1979-01-09T02:54:27,2880.006000,16.666632,-2.083e-06,4.528,128.106,1.624,calibration
VG2,729791983,-662000682.8,1979-01-09T10:54:27,2879.997300,16.666682,9.375e-07,4.530,128.127,1.623,calibration
VG2,751871983,-660675884.0,1979-01-24T18:54:26,2880.004380,16.666641,-1.521e-06,4.605,129.074,1.546,calibration
VG2,752351983,-660647084.0,1979-01-25T02:54:26,2879.997660,16.666680,8.125e-07,4.606,129.095,1.544,calibration
VG2,806831983,-657378286.6,1979-03-03T22:54:23,2880.005640,16.666634,-1.958e-06,4.783,131.302,1.363,calibration
VG2,807311983,-657349486.6,1979-03-04T06:54:23,2879.998020,16.666678,6.875e-07,4.785,131.321,1.361,calibration
VG2,829871983,-655995887.5,1979-03-19T22:54:22,2879.985480,16.666751,5.042e-06,4.855,132.186,1.289,calibration
VG2,830351983,-655967087.7,1979-03-20T06:54:22,2879.997420,16.666682,8.958e-07,4.856,132.204,1.288,calibration
VG2,870059983,-653584609.8,1979-04-16T20:42:20,3466.800000,13.845621,-1.693e-01,4.975,133.664,1.164,rate_mode
VG2,870060783,-653584552.0,1979-04-16T20:43:18,2879.997420,16.666682,8.958e-07,4.975,133.664,1.164,calibration
VG2,873071983,-653403880.2,1979-04-18T22:54:30,2879.971080,16.666834,1.004e-05,4.984,133.771,1.155,calibration
VG2,873551983,-653375080.5,1979-04-19T06:54:29,2879.997660,16.666680,8.125e-07,4.985,133.789,1.153,calibration
VG2,896591983,-651992681.6,1979-05-05T06:54:28,2879.990100,16.666724,3.438e-06,5.051,134.597,1.083,calibration
VG2,897071983,-651963881.7,1979-05-05T14:54:28,2879.997180,16.666683,9.792e-07,5.053,134.613,1.082,calibration
VG2,930287983,-649970923.6,1979-05-28T16:30:26,2880.005040,16.666638,-1.750e-06,5.146,135.732,0.982,calibration
VG2,930767983,-649942123.6,1979-05-29T00:30:26,2879.997420,16.666682,8.958e-07,5.147,135.748,0.981,calibration
VG2,935855983,-649636843.9,1979-06-01T13:18:26,2879.991300,16.666717,3.021e-06,5.161,135.914,0.965,calibration
VG2,936335983,-649608044.0,1979-06-01T21:18:26,2879.996880,16.666685,1.083e-06,5.163,135.930,0.964,calibration
VG2,941039983,-649325804.3,1979-06-05T03:42:26,2880.001620,16.666657,-5.625e-07,5.176,136.082,0.950,calibration
VG2,941519983,-649297004.2,1979-06-05T11:42:26,2879.997360,16.666682,9.167e-07,5.177,136.098,0.948,calibration
VG2,953759983,-648562604.9,1979-06-13T23:42:25,2879.992800,16.666708,2.500e-06,5.211,136.486,0.911,calibration
VG2,954239983,-648533805.0,1979-06-14T07:42:25,2879.997120,16.666683,1.000e-06,5.212,136.502,0.910,calibration
VG2,970127983,-647580525.9,1979-06-25T08:30:24,2880.001080,16.666660,-3.750e-07,5.256,136.987,0.860,calibration
VG2,970607983,-647551725.9,1979-06-25T16:30:24,2879.997600,16.666681,8.333e-07,5.258,137.001,0.859,calibration
VG2,980063983,-646984366.4,1979-07-02T06:06:23,2880.001380,16.666659,-4.792e-07,5.286,137.271,0.827,calibration
VG2,980543983,-646955566.4,1979-07-02T14:06:23,2879.997900,16.666679,7.292e-07,5.287,137.284,0.826,calibration
VG2,991295983,-646310446.9,1979-07-10T01:18:23,2880.004680,16.666640,-1.625e-06,5.332,137.571,0.783,calibration
VG2,991775983,-646281646.8,1979-07-10T09:18:23,2879.998200,16.666677,6.250e-07,5.336,137.611,0.783,calibration
VG2,999887983,-645794927.1,1979-07-16T00:30:23,2879.988720,16.666732,3.917e-06,5.365,138.352,0.817,calibration
VG2,1000367983,-645766127.2,1979-07-16T08:30:23,2879.997540,16.666681,8.542e-07,5.366,138.394,0.819,calibration
VG2,1016495983,-644798448.1,1979-07-27T13:18:22,2880.003180,16.666648,-1.104e-06,5.407,139.753,0.879,calibration
VG2,1016975983,-644769648.0,1979-07-27T21:18:22,2879.997780,16.666680,7.708e-07,5.408,139.792,0.881,calibration
VG2,1025135983,-644280048.4,1979-08-02T13:18:21,2879.992320,16.666711,2.667e-06,5.428,140.458,0.910,calibration
VG2,1025615983,-644251248.5,1979-08-02T21:18:21,2879.997540,16.666681,8.542e-07,5.429,140.497,0.911,calibration
VG2,1049567983,-642814129.7,1979-08-19T12:30:20,2879.991240,16.666717,3.042e-06,5.489,142.403,0.992,calibration
VG2,1050047983,-642785329.8,1979-08-19T20:30:20,2879.997360,16.666682,9.167e-07,5.490,142.440,0.994,calibration
VG2,1087631983,-640530291.9,1979-09-14T22:54:18,2880.005280,16.666636,-1.833e-06,5.587,145.321,1.113,calibration
VG2,1088111983,-640501491.8,1979-09-15T06:54:18,2879.997720,16.666680,7.917e-07,5.588,145.357,1.114,calibration
VG2,1101071983,-639723892.4,1979-09-24T06:54:17,2879.989680,16.666726,3.583e-06,5.623,146.323,1.153,calibration
VG2,1101551983,-639695092.5,1979-09-24T14:54:17,2879.997480,16.666681,8.750e-07,5.624,146.359,1.155,calibration
VG2,1115663983,-638848373.3,1979-10-04T10:06:17,2879.990220,16.666723,3.396e-06,5.663,147.396,1.196,calibration
VG2,1116143983,-638819573.4,1979-10-04T18:06:16,2879.997240,16.666683,9.583e-07,5.664,147.431,1.197,calibration
VG2,1124111983,-638341493.8,1979-10-10T06:54:16,2880.004800,16.666639,-1.667e-06,5.686,148.009,1.220,calibration
VG2,1124591983,-638312693.8,1979-10-10T14:54:16,2879.997660,16.666680,8.125e-07,5.687,148.044,1.222,calibration
VG2,1180271983,-634971896.5,1979-11-18T06:54:13,2879.986620,16.666744,4.646e-06,5.850,151.951,1.373,calibration
VG2,1180751983,-634943096.6,1979-11-18T14:54:13,2879.997240,16.666683,9.583e-07,5.851,151.983,1.374,calibration
VG2,1243217583,-631195164.2,1979-12-31T23:59:46,2819.997240,17.021293,2.128e-02,6.048,156.097,1.525,rate_mode
VG2,1243218383,-631195116.2,1980-01-01T00:00:33,2879.997240,16.666683,9.583e-07,6.048,156.097,1.525,calibration
VG2,1282031983,-628866302.5,1980-01-27T22:54:06,2880.005580,16.666634,-1.937e-06,6.177,158.516,1.611,calibration
VG2,1282511983,-628837502.4,1980-01-28T06:54:06,2879.997540,16.666681,8.542e-07,6.178,158.546,1.612,calibration
VG2,1295759983,-628042623.1,1980-02-06T11:42:06,2879.991000,16.666719,3.125e-06,6.223,159.348,1.639,calibration
VG2,1296239983,-628013823.2,1980-02-06T19:42:06,2879.997360,16.666682,9.167e-07,6.225,159.376,1.640,calibration
VG2,1312031983,-627066304.0,1980-02-17T18:54:05,2879.987580,16.666739,4.313e-06,6.279,160.317,1.672,calibration
VG2,1312511983,-627037504.2,1980-02-18T02:54:05,2879.997120,16.666683,1.000e-06,6.281,160.345,1.673,calibration
VG2,1327535983,-626136065.1,1980-02-28T13:18:04,2880.004440,16.666641,-1.542e-06,6.334,161.224,1.703,calibration
VG2,1328015983,-626107265.0,1980-02-28T21:18:04,2879.997240,16.666683,9.583e-07,6.335,161.251,1.703,calibration
VG2,1336127983,-625620545.5,1980-03-05T12:30:03,2880.004980,16.666638,-1.729e-06,6.364,161.720,1.719,calibration
VG2,1336607983,-625591745.4,1980-03-05T20:30:03,2879.997240,16.666683,9.583e-07,6.366,161.747,1.720,calibration
VG2,1349471983,-624819906.2,1980-03-14T18:54:03,2880.004980,16.666638,-1.729e-06,6.411,162.480,1.744,calibration
VG2,1349951983,-624791106.1,1980-03-15T02:54:03,2879.997420,16.666682,8.958e-07,6.413,162.508,1.745,calibration
VG2,1393391983,-622184708.5,1980-04-14T06:54:00,2880.006180,16.666631,-2.146e-06,6.571,164.906,1.821,calibration
VG2,1393871983,-622155908.4,1980-04-14T14:54:00,2879.997600,16.666681,8.333e-07,6.573,164.932,1.822,calibration
VG2,1426271983,-620211910.0,1980-05-07T02:53:59,2879.987700,16.666738,4.271e-06,6.694,166.645,1.875,calibration
VG2,1426751983,-620183110.1,1980-05-07T10:53:59,2879.997300,16.666682,9.375e-07,6.695,166.670,1.876,calibration
VG2,1494815983,-616099274.0,1980-06-23T17:17:55,2879.988840,16.666731,3.875e-06,6.957,170.069,1.975,calibration
VG2,1495295983,-616070474.1,1980-06-24T01:17:55,2879.997000,16.666684,1.042e-06,6.959,170.092,1.976,calibration
VG2,1539779983,-613401436.9,1980-07-24T22:41:52,5486.940000,8.748045,-4.751e-01,7.134,172.176,2.033,rate_mode
VG2,1539780783,-613401345.4,1980-07-24T22:43:23,2879.997000,16.666684,1.042e-06,7.134,172.176,2.033,calibration
VG2,1544111983,-613141473.7,1980-07-27T22:54:35,2879.982180,16.666770,6.188e-06,7.152,172.373,2.038,calibration
VG2,1544591983,-613112673.9,1980-07-28T06:54:35,2879.996580,16.666686,1.188e-06,7.153,172.395,2.039,calibration
VG2,1606511983,-609397478.3,1980-09-09T06:54:31,2880.010080,16.666608,-3.500e-06,7.404,175.114,2.109,calibration
VG2,1606991983,-609368678.2,1980-09-09T14:54:31,2879.997300,16.666682,9.375e-07,7.406,175.135,2.110,calibration
VG2,1618511983,-608677478.8,1980-09-17T14:54:30,2879.988240,16.666735,4.083e-06,7.453,175.620,2.122,calibration
VG2,1618991983,-608648678.9,1980-09-17T22:54:30,2879.996880,16.666685,1.083e-06,7.455,175.640,2.122,calibration
VG2,1681391983,-604904683.0,1980-10-31T06:54:26,2879.990520,16.666722,3.292e-06,7.714,178.164,2.183,calibration
VG2,1681871983,-604875883.1,1980-10-31T14:54:26,2879.996580,16.666686,1.188e-06,7.716,178.182,2.183,calibration
VG2,1727951983,-602111086.4,1980-12-02T14:54:22,2880.009420,16.666612,-3.271e-06,7.910,179.938,2.223,calibration
VG2,1728431983,-602082286.3,1980-12-02T22:54:23,2879.997240,16.666683,9.583e-07,7.912,179.956,2.223,calibration
VG2,1736111983,-601621486.7,1980-12-08T06:54:22,2879.980080,16.666782,6.917e-06,7.945,180.240,2.229,calibration
VG2,1736591983,-601592686.9,1980-12-08T14:54:22,2879.996460,16.666687,1.229e-06,7.947,180.258,2.229,calibration
VG2,1750031983,-600786287.9,1980-12-17T22:54:21,2880.008400,16.666618,-2.917e-06,8.004,180.749,2.240,calibration
VG2,1750511983,-600757487.8,1980-12-18T06:54:21,2879.996820,16.666685,1.104e-06,8.006,180.767,2.240,calibration
VG2,1780895983,-598934449.8,1981-01-08T09:18:19,2879.986440,16.666745,4.708e-06,8.136,181.852,2.263,calibration
VG2,1781375983,-598905650.0,1981-01-08T17:18:19,2879.996640,16.666686,1.167e-06,8.138,181.869,2.263,calibration
VG2,1794671983,-598107890.9,1981-01-17T22:54:18,2880.011340,16.666601,-3.937e-06,8.196,182.332,2.273,calibration
VG2,1795151983,-598079090.8,1981-01-18T06:54:18,2879.997240,16.666683,9.583e-07,8.198,182.349,2.273,calibration
VG2,1816271983,-596811892.0,1981-02-01T22:54:17,2879.978220,16.666793,7.563e-06,8.289,183.072,2.288,calibration
VG2,1816751983,-596783092.2,1981-02-02T06:54:17,2879.996580,16.666686,1.188e-06,8.291,183.088,2.288,calibration
VG2,1845551983,-595055094.3,1981-02-22T06:54:15,2880.011280,16.666601,-3.917e-06,8.416,184.049,2.306,calibration
VG2,1846031983,-595026294.2,1981-02-22T14:54:15,2879.997180,16.666683,9.792e-07,8.418,184.064,2.307,calibration
VG2,1866671983,-593787895.4,1981-03-08T22:54:13,2879.981400,16.666774,6.458e-06,8.507,184.735,2.319,calibration
VG2,1867151983,-593759095.6,1981-03-09T06:54:13,2879.996640,16.666686,1.167e-06,8.510,184.750,2.320,calibration
VG2,1871951983,-593471095.9,1981-03-12T14:54:13,2880.006720,16.666628,-2.333e-06,8.530,184.904,2.322,calibration
VG2,1872431983,-593442295.8,1981-03-12T22:54:13,2879.997300,16.666682,9.375e-07,8.533,184.920,2.323,calibration
VG2,1896911983,-591973497.2,1981-03-29T22:54:12,2879.970600,16.666837,1.021e-05,8.640,185.692,2.337,calibration
VG2,1897391983,-591944697.5,1981-03-30T06:54:11,2879.996400,16.666688,1.250e-06,8.642,185.707,2.337,calibration
VG2,1912271983,-591051898.6,1981-04-09T14:54:10,2880.003360,16.666647,-1.167e-06,8.707,186.167,2.345,calibration
VG2,1912751983,-591023098.6,1981-04-09T22:54:10,2879.996640,16.666686,1.167e-06,8.709,186.182,2.345,calibration
VG2,1920911983,-590533499.2,1981-04-15T14:54:10,2880.004680,16.666640,-1.625e-06,8.745,186.431,2.350,calibration
VG2,1921391983,-590504699.1,1981-04-15T22:54:10,2879.997240,16.666683,9.583e-07,8.747,186.446,2.350,calibration
VG2,1937711983,-589525500.0,1981-04-27T06:54:09,2879.984100,16.666759,5.521e-06,8.819,186.938,2.358,calibration
VG2,1938191983,-589496700.2,1981-04-27T14:54:09,2879.996640,16.666686,1.167e-06,8.821,186.953,2.359,calibration
VG2,1946591983,-588992700.8,1981-05-03T10:54:08,2880.009300,16.666613,-3.229e-06,8.858,187.203,2.363,calibration
VG2,1947071983,-588963900.7,1981-05-03T18:54:08,2879.997240,16.666683,9.583e-07,8.860,187.217,2.363,calibration
VG2,1964015983,-587947261.7,1981-05-15T13:18:07,2879.982660,16.666767,6.021e-06,8.935,187.715,2.371,calibration
VG2,1964495983,-587918461.8,1981-05-15T21:18:07,2879.996640,16.666686,1.167e-06,8.937,187.729,2.372,calibration
VG2,1970279983,-587571422.2,1981-05-19T21:42:07,4467.780000,10.743591,-3.554e-01,8.963,187.897,2.374,rate_mode
VG2,1970280783,-587571347.8,1981-05-19T21:43:21,2879.996640,16.666686,1.167e-06,8.963,187.897,2.374,calibration
VG2,2014223983,-584934758.9,1981-06-19T10:06:30,2879.984700,16.666755,5.313e-06,9.158,189.143,2.394,calibration
VG2,2014703983,-584905959.0,1981-06-19T18:06:30,2879.996280,16.666688,1.292e-06,9.160,189.157,2.394,calibration
VG2,2030897583,-583934343.3,1981-07-01T00:00:05,2819.996280,17.021299,2.128e-02,9.232,189.602,2.401,rate_mode
VG2,2030898383,-583934296.3,1981-07-01T00:00:52,2879.996280,16.666688,1.292e-06,9.232,189.603,2.401,calibration
VG2,2054591983,-582512682.1,1981-07-17T10:54:26,2880.004620,16.666640,-1.604e-06,9.338,190.242,2.410,calibration
VG2,2055071983,-582483882.1,1981-07-17T18:54:26,2879.996640,16.666686,1.167e-06,9.340,190.255,2.411,calibration
VG2,2068991983,-581648683.0,1981-07-27T10:54:25,2880.006300,16.666630,-2.187e-06,9.403,190.624,2.416,calibration
VG2,2069471983,-581619883.0,1981-07-27T18:54:25,2879.997000,16.666684,1.042e-06,9.405,190.637,2.416,calibration
VG2,2073239983,-581393803.2,1981-07-30T09:42:25,2966.400000,16.181230,-2.913e-02,9.422,190.736,2.418,rate_mode
VG2,2073240783,-581393753.8,1981-07-30T09:43:14,2879.997000,16.666684,1.042e-06,9.422,190.736,2.418,calibration
VG2,2082911983,-580813482.4,1981-08-06T02:54:25,2879.986080,16.666747,4.833e-06,9.466,190.989,2.421,calibration
VG2,2083391983,-580784682.5,1981-08-06T10:54:25,2879.996160,16.666689,1.333e-06,9.468,191.001,2.421,calibration
VG2,2098223983,-579894763.7,1981-08-16T18:06:24,2880.007860,16.666621,-2.729e-06,9.536,191.385,2.427,calibration
VG2,2098703983,-579865963.6,1981-08-17T02:06:24,2879.997120,16.666683,1.000e-06,9.538,191.397,2.427,calibration
VG2,2125631983,-578250285.2,1981-09-04T18:54:23,2879.988780,16.666732,3.896e-06,9.608,192.456,2.416,calibration
VG2,2126111983,-578221485.4,1981-09-05T02:54:22,2879.996880,16.666685,1.083e-06,9.608,192.479,2.416,calibration
VG2,2142431983,-577242286.4,1981-09-16T10:54:21,2879.988960,16.666731,3.833e-06,9.613,193.279,2.400,calibration
VG2,2142911983,-577213486.5,1981-09-16T18:54:21,2879.996580,16.666686,1.188e-06,9.614,193.302,2.399,calibration
VG2,2188751983,-574463089.8,1981-10-18T14:54:18,2879.985180,16.666752,5.146e-06,9.637,195.528,2.352,calibration
VG2,2189231983,-574434289.9,1981-10-18T22:54:18,2879.996160,16.666689,1.333e-06,9.637,195.552,2.351,calibration
VG2,2198207983,-573895730.7,1981-10-25T04:30:17,2880.003120,16.666649,-1.083e-06,9.643,195.985,2.342,calibration
VG2,2198687983,-573866930.6,1981-10-25T12:30:17,2879.996460,16.666687,1.229e-06,9.643,196.008,2.341,calibration
VG2,2218127983,-572700532.1,1981-11-08T00:30:16,2880.004320,16.666642,-1.500e-06,9.657,196.945,2.320,calibration
VG2,2218607983,-572671732.0,1981-11-08T08:30:16,2879.996520,16.666687,1.208e-06,9.658,196.968,2.320,calibration
VG2,2231807983,-571879733.0,1981-11-17T12:30:15,2879.989320,16.666728,3.708e-06,9.668,197.603,2.305,calibration
VG2,2232287983,-571850933.1,1981-11-17T20:30:15,2879.996280,16.666688,1.292e-06,9.669,197.626,2.305,calibration
VG2,2243471983,-571179893.9,1981-11-25T14:54:14,2880.006720,16.666628,-2.333e-06,9.679,198.162,2.292,calibration
VG2,2243951983,-571151093.9,1981-11-25T22:54:14,2879.996640,16.666686,1.167e-06,9.679,198.185,2.291,calibration
VG2,2252591983,-570632694.5,1981-12-01T22:54:13,2879.989200,16.666729,3.750e-06,9.687,198.598,2.281,calibration
VG2,2253071983,-570603894.6,1981-12-02T06:54:13,2879.996340,16.666688,1.271e-06,9.688,198.621,2.281,calibration
VG2,2327039983,-566165820.2,1982-01-22T15:42:08,5126.100000,9.363844,-4.382e-01,9.773,202.124,2.193,rate_mode
VG2,2327040783,-566165734.8,1982-01-22T15:43:33,2879.996340,16.666688,1.271e-06,9.773,202.124,2.193,calibration
VG2,2364671983,-563907865.7,1982-02-17T18:54:42,2879.991240,16.666717,3.042e-06,9.827,203.880,2.145,calibration
VG2,2365151983,-563879065.7,1982-02-18T02:54:42,2879.996280,16.666688,1.292e-06,9.827,203.902,2.145,calibration
VG2,2413871983,-560955869.5,1982-03-23T22:54:38,2879.990160,16.666724,3.417e-06,9.908,206.144,2.081,calibration
VG2,2414351983,-560927069.6,1982-03-24T06:54:38,2879.996220,16.666689,1.313e-06,9.909,206.166,2.080,calibration
VG2,2442671983,-559227871.9,1982-04-12T22:54:36,2880.004740,16.666639,-1.646e-06,9.961,207.451,2.043,calibration
VG2,2443151983,-559199071.8,1982-04-13T06:54:36,2879.996700,16.666686,1.146e-06,9.962,207.472,2.042,calibration
VG2,2453951983,-558551072.5,1982-04-20T18:54:35,2879.989380,16.666728,3.688e-06,9.982,207.959,2.027,calibration
VG2,2454431983,-558522272.7,1982-04-21T02:54:35,2879.996160,16.666689,1.333e-06,9.983,207.980,2.027,calibration
VG2,2463791983,-557960673.4,1982-04-27T14:54:34,2880.001920,16.666656,-6.667e-07,10.002,208.400,2.014,calibration
VG2,2464271983,-557931873.4,1982-04-27T22:54:34,2879.996400,16.666688,1.250e-06,10.003,208.421,2.013,calibration
VG2,2516063983,-554824357.3,1982-06-02T22:06:31,2879.989560,16.666727,3.625e-06,10.113,210.714,1.942,calibration
VG2,2516543983,-554795557.4,1982-06-03T06:06:30,2879.996220,16.666689,1.313e-06,10.114,210.735,1.941,calibration
VG2,2556496783,-552398392.5,1982-06-30T23:59:15,2819.996220,17.021299,2.128e-02,10.207,212.468,1.885,rate_mode
VG2,2556497583,-552398344.5,1982-07-01T00:00:02,2879.996220,16.666689,1.313e-06,10.207,212.468,1.885,calibration
VG2,2569391983,-551624681.5,1982-07-09T22:54:25,2880.006300,16.666630,-2.187e-06,10.239,213.020,1.867,calibration
VG2,2569871983,-551595881.5,1982-07-10T06:54:25,2879.996580,16.666686,1.188e-06,10.240,213.040,1.866,calibration
VG2,2675903983,-545233969.0,1982-09-21T22:06:18,2880.009720,16.666610,-3.375e-06,10.526,217.446,1.715,calibration
VG2,2676383983,-545205168.9,1982-09-22T06:06:18,2879.997180,16.666683,9.792e-07,10.528,217.465,1.714,calibration
VG2,2688863983,-544456369.7,1982-09-30T22:06:17,2879.989980,16.666725,3.479e-06,10.565,217.967,1.696,calibration
VG2,2689343983,-544427569.8,1982-10-01T06:06:17,2879.996940,16.666684,1.063e-06,10.566,217.987,1.696,calibration
VG2,2698943983,-543851570.4,1982-10-07T22:06:16,2879.991900,16.666714,2.813e-06,10.595,218.370,1.682,calibration
VG2,2699423983,-543822770.5,1982-10-08T06:06:16,2879.996820,16.666685,1.104e-06,10.596,218.390,1.681,calibration
VG2,2708591983,-543272691.1,1982-10-14T14:54:16,2879.985360,16.666751,5.083e-06,10.624,218.754,1.668,calibration
VG2,2709071983,-543243891.2,1982-10-14T22:54:16,2879.996520,16.666687,1.208e-06,10.625,218.773,1.667,calibration
VG2,2717615983,-542731251.8,1982-10-20T21:18:15,2880.008040,16.666620,-2.792e-06,10.651,219.111,1.655,calibration
VG2,2718095983,-542702451.8,1982-10-21T05:18:15,2879.996880,16.666685,1.083e-06,10.653,219.130,1.654,calibration
VG2,2750519983,-540757013.9,1982-11-12T17:42:13,4891.620000,9.812700,-4.112e-01,10.755,220.396,1.608,rate_mode
VG2,2750520783,-540756932.4,1982-11-12T17:43:34,2879.996700,16.666686,1.146e-06,10.755,220.396,1.608,calibration
VG2,2812271983,-537051864.6,1982-12-25T14:54:42,2879.987940,16.666736,4.188e-06,10.959,222.740,1.519,calibration
VG2,2812751983,-537023064.7,1982-12-25T22:54:42,2879.996400,16.666688,1.250e-06,10.961,222.758,1.519,calibration
VG2,2995151983,-526079078.4,1983-05-01T14:54:28,2879.989260,16.666729,3.729e-06,11.638,229.164,1.265,calibration
VG2,2995631983,-526050278.5,1983-05-01T22:54:28,2879.996340,16.666688,1.271e-06,11.640,229.179,1.264,calibration
VG2,3008399983,-525284199.5,1983-05-10T19:42:27,2880.004980,16.666638,-1.729e-06,11.691,229.599,1.247,calibration
VG2,3008879983,-525255399.4,1983-05-11T03:42:27,2879.997000,16.666684,1.042e-06,11.693,229.615,1.247,calibration
VG2,3028463983,-524080360.7,1983-05-24T18:06:26,2879.987820,16.666737,4.229e-06,11.772,230.251,1.220,calibration
VG2,3028943983,-524051560.8,1983-05-25T02:06:26,2879.996400,16.666688,1.250e-06,11.774,230.266,1.220,calibration
VG2,3050975983,-522729642.4,1983-06-09T09:18:24,2880.002760,16.666651,-9.583e-07,11.865,230.972,1.190,calibration
VG2,3051455983,-522700842.4,1983-06-09T17:18:24,2879.997000,16.666684,1.042e-06,11.867,230.987,1.190,calibration
VG2,3067535983,-521736043.4,1983-06-20T21:18:23,2879.988600,16.666733,3.958e-06,11.934,231.495,1.169,calibration
VG2,3068015983,-521707243.5,1983-06-21T05:18:23,2879.996520,16.666687,1.208e-06,11.936,231.510,1.168,calibration
VG2,3082097583,-520862348.5,1983-06-30T23:59:58,2814.356520,17.055408,2.332e-02,11.995,231.949,1.150,rate_mode
VG2,3082098383,-520862300.6,1983-07-01T00:00:45,2879.996400,16.666688,1.250e-06,11.995,231.950,1.150,calibration
VG2,3139487983,-517418928.9,1983-08-09T20:30:17,2879.989860,16.666725,3.521e-06,12.241,233.697,1.076,calibration
VG2,3139967983,-517390129.0,1983-08-10T04:30:17,2879.996280,16.666688,1.292e-06,12.243,233.712,1.075,calibration
VG2,3145199984,-517076209.4,1983-08-13T19:42:16,2879.996280,16.666688,1.292e-06,12.266,233.867,1.069,calibration
VG2,3145200784,-517076161.4,1983-08-13T19:43:04,2879.996280,16.666688,1.292e-06,12.266,233.867,1.069,calibration
VG2,3153887984,-516554930.1,1983-08-19T20:30:16,2880.002280,16.666653,-7.917e-07,12.304,234.125,1.058,calibration
VG2,3154367984,-516526130.1,1983-08-20T04:30:16,2879.996640,16.666686,1.167e-06,12.306,234.139,1.057,calibration
VG2,3159464784,-516220322.4,1983-08-23T17:27:03,4346.696640,11.042869,-3.374e-01,12.329,234.289,1.051,rate_mode
VG2,3159465584,-516220250.0,1983-08-23T17:28:16,2879.996640,16.666686,1.167e-06,12.329,234.289,1.051,calibration
VG2,3177695984,-515126427.2,1983-09-05T09:18:39,2879.987460,16.666739,4.354e-06,12.410,234.822,1.028,calibration
VG2,3178175984,-515097627.4,1983-09-05T17:18:38,2879.996400,16.666688,1.250e-06,12.412,234.836,1.027,calibration
VG2,3191375984,-514305628.4,1983-09-14T21:18:37,2880.004980,16.666638,-1.729e-06,12.471,235.217,1.011,calibration
VG2,3191855984,-514276828.3,1983-09-15T05:18:38,2879.996760,16.666685,1.125e-06,12.473,235.231,1.010,calibration
VG2,3212464784,-513040301.7,1983-09-29T12:47:24,4342113.660000,0.011055,-9.993e-01,12.566,235.819,0.985,rate_mode
VG2,3212465584,-512967933.1,1983-09-30T08:53:33,2879.997060,16.666684,1.021e-06,12.571,235.853,0.983,calibration
VG2,3223218384,-512322765.8,1983-10-07T20:06:20,0.631368,76025.392481,4.561e+03,12.620,236.156,0.970,rate_mode
VG2,3224423984,-512322749.9,1983-10-07T20:06:36,2879.996280,16.666688,1.292e-06,12.620,236.156,0.970,calibration
VG2,3249023984,-510846751.8,1983-10-24T22:06:34,2880.003660,16.666645,-1.271e-06,12.732,236.840,0.941,calibration
VG2,3249503984,-510817951.8,1983-10-25T06:06:34,2879.996760,16.666685,1.125e-06,12.735,236.854,0.940,calibration
VG2,3273743984,-509363553.4,1983-11-11T02:06:32,2880.006360,16.666630,-2.208e-06,12.847,237.516,0.911,calibration
VG2,3274223984,-509334753.4,1983-11-11T10:06:32,2879.997180,16.666683,9.792e-07,12.849,237.529,0.911,calibration
VG2,3281999984,-508868193.8,1983-11-16T19:42:32,2879.992440,16.666710,2.625e-06,12.885,237.739,0.901,calibration
VG2,3282479984,-508839393.9,1983-11-17T03:42:32,2879.996940,16.666684,1.063e-06,12.888,237.752,0.901,calibration
VG2,3288239984,-508493794.3,1983-11-21T03:42:32,2879.981460,16.666774,6.438e-06,12.915,237.907,0.894,calibration
VG2,3288719984,-508464994.5,1983-11-21T11:42:31,2879.996220,16.666689,1.313e-06,12.917,237.920,0.893,calibration
VG2,3359279984,-504231400.0,1984-01-09T11:42:26,2879.989320,16.666728,3.708e-06,13.252,239.763,0.812,calibration
VG2,3359759984,-504202600.1,1984-01-09T19:42:26,2879.996100,16.666689,1.354e-06,13.254,239.775,0.812,calibration
VG2,3371183984,-503517161.1,1984-01-17T18:06:25,2880.004800,16.666639,-1.667e-06,13.309,240.064,0.799,calibration
VG2,3371663984,-503488361.0,1984-01-18T02:06:25,2879.996460,16.666687,1.229e-06,13.312,240.076,0.798,calibration
VG2,3380447984,-502961321.7,1984-01-24T04:30:24,2880.004680,16.666640,-1.625e-06,13.354,240.297,0.789,calibration
VG2,3380927984,-502932521.6,1984-01-24T12:30:24,2879.996820,16.666685,1.104e-06,13.357,240.309,0.788,calibration
VG2,3386975984,-502569642.0,1984-01-28T17:18:24,2879.988600,16.666733,3.958e-06,13.386,240.460,0.781,calibration
VG2,3387455984,-502540842.1,1984-01-29T01:18:24,2879.996280,16.666688,1.292e-06,13.388,240.472,0.781,calibration
VG2,3424655984,-500308845.0,1984-02-23T21:18:21,2879.989680,16.666726,3.583e-06,13.570,241.388,0.740,calibration
VG2,3425135984,-500280045.1,1984-02-24T05:18:21,2879.996160,16.666689,1.333e-06,13.573,241.399,0.739,calibration
VG2,3521711984,-494485492.8,1984-05-01T06:54:13,2880.004740,16.666639,-1.646e-06,14.056,243.662,0.638,calibration
VG2,3522191984,-494456692.8,1984-05-01T14:54:13,2879.996880,16.666685,1.083e-06,14.059,243.673,0.637,calibration
VG2,3555503984,-492457975.0,1984-05-24T18:06:11,2879.991360,16.666717,3.000e-06,14.229,244.417,0.604,calibration
VG2,3555983984,-492429175.0,1984-05-25T02:06:11,2879.996760,16.666685,1.125e-06,14.231,244.428,0.603,calibration
VG2,3570143984,-491579576.0,1984-06-03T22:06:10,2879.986380,16.666745,4.729e-06,14.304,244.739,0.589,calibration
VG2,3570623984,-491550776.1,1984-06-04T06:06:10,2879.996460,16.666687,1.229e-06,14.306,244.749,0.589,calibration
VG2,3582959984,-490810617.0,1984-06-12T19:42:09,2879.989860,16.666725,3.521e-06,14.370,245.018,0.576,calibration
VG2,3583439984,-490781817.1,1984-06-13T03:42:09,2879.996340,16.666688,1.271e-06,14.373,245.028,0.576,calibration
VG2,3612431984,-489042299.4,1984-07-03T06:54:06,2879.992680,16.666709,2.542e-06,14.523,245.649,0.548,calibration
VG2,3612911984,-489013499.4,1984-07-03T14:54:06,2879.996280,16.666688,1.292e-06,14.525,245.659,0.547,calibration
VG2,3626831984,-488178300.5,1984-07-13T06:54:05,2880.003360,16.666647,-1.167e-06,14.598,245.952,0.534,calibration
VG2,3627311984,-488149500.5,1984-07-13T14:54:05,2879.996760,16.666685,1.125e-06,14.601,245.962,0.533,calibration
VG2,3671807984,-485479743.5,1984-08-13T12:30:02,2879.989740,16.666726,3.563e-06,14.834,246.880,0.492,calibration
VG2,3672287984,-485450943.6,1984-08-13T20:30:02,2879.996580,16.666686,1.188e-06,14.837,246.890,0.491,calibration
VG2,3673559984,-485374623.7,1984-08-14T17:42:02,5733.896580,8.371271,-4.977e-01,14.844,246.916,0.490,rate_mode
VG2,3673560784,-485374528.1,1984-08-14T17:43:38,2879.996580,16.666686,1.188e-06,14.844,246.916,0.490,calibration
VG2,3682415984,-484843216.7,1984-08-20T21:18:49,2879.989440,16.666728,3.667e-06,14.890,247.095,0.482,calibration
VG2,3682895984,-484814416.8,1984-08-21T05:18:49,2879.996340,16.666688,1.271e-06,14.893,247.105,0.481,calibration
VG2,3696239984,-484013777.9,1984-08-30T11:42:48,2879.990820,16.666720,3.188e-06,14.964,247.372,0.469,calibration
VG2,3696719984,-483984978.0,1984-08-30T19:42:48,2879.996160,16.666689,1.333e-06,14.966,247.382,0.469,calibration
VG2,3726335984,-482208020.3,1984-09-20T09:18:45,2880.001860,16.666656,-6.458e-07,15.124,247.967,0.442,calibration
VG2,3726815984,-482179220.3,1984-09-20T17:18:46,2879.996700,16.666686,1.146e-06,15.127,247.976,0.441,calibration
VG2,3753791984,-480560662.2,1984-10-09T10:54:44,2879.989860,16.666725,3.521e-06,15.271,248.498,0.417,calibration
VG2,3754271984,-480531862.3,1984-10-09T18:54:44,2879.996520,16.666687,1.208e-06,15.274,248.507,0.417,calibration
VG2,3763967984,-479950103.0,1984-10-16T12:30:43,2879.994600,16.666698,1.875e-06,15.326,248.692,0.409,calibration
VG2,3764447984,-479921303.0,1984-10-16T20:30:43,2879.996400,16.666688,1.250e-06,15.328,248.701,0.408,calibration
VG2,3765407984,-479863703.1,1984-10-17T12:30:43,2879.992020,16.666713,2.771e-06,15.334,248.720,0.407,calibration
VG2,3765887984,-479834903.2,1984-10-17T20:30:43,2879.996160,16.666689,1.333e-06,15.336,248.729,0.407,calibration
VG2,3775439984,-479261783.9,1984-10-24T11:42:42,2879.990760,16.666720,3.208e-06,15.388,248.910,0.399,calibration
VG2,3775919984,-479232984.0,1984-10-24T19:42:42,2879.995920,16.666690,1.417e-06,15.390,248.919,0.398,calibration
VG2,3788111984,-478501465.1,1984-11-02T06:54:41,2880.002940,16.666650,-1.021e-06,15.456,249.148,0.388,calibration
VG2,3788591984,-478472665.0,1984-11-02T14:54:41,2879.996280,16.666688,1.292e-06,15.459,249.157,0.387,calibration
VG2,3798575984,-477873625.8,1984-11-09T13:18:40,2880.001260,16.666659,-4.375e-07,15.513,249.343,0.379,calibration
VG2,3799055984,-477844825.8,1984-11-09T21:18:40,2879.996520,16.666687,1.208e-06,15.516,249.352,0.378,calibration
VG2,3802895984,-477614426.1,1984-11-12T13:18:40,2880.000060,16.666666,-2.083e-08,15.536,249.423,0.375,calibration
VG2,3803375984,-477585626.1,1984-11-12T21:18:40,2879.996700,16.666686,1.146e-06,15.539,249.432,0.375,calibration
VG2,3808223984,-477294746.4,1984-11-16T06:06:39,2880.003780,16.666645,-1.312e-06,15.565,249.521,0.370,calibration
VG2,3808703984,-477265946.4,1984-11-16T14:06:39,2879.997060,16.666684,1.021e-06,15.568,249.530,0.370,calibration
VG2,3823055984,-476404827.2,1984-11-26T13:18:39,2879.989920,16.666725,3.500e-06,15.646,249.793,0.358,calibration
VG2,3823535984,-476376027.3,1984-11-26T21:18:38,2879.996820,16.666685,1.104e-06,15.649,249.802,0.357,calibration
VG2,3827135984,-476160027.6,1984-11-29T09:18:38,2879.993040,16.666707,2.417e-06,15.668,249.868,0.354,calibration
VG2,3827615984,-476131227.7,1984-11-29T17:18:38,2879.996700,16.666686,1.146e-06,15.671,249.876,0.354,calibration
VG2,3829295984,-476030427.8,1984-11-30T21:18:38,2879.992140,16.666712,2.729e-06,15.680,249.907,0.353,calibration
VG2,3829775984,-476001627.8,1984-12-01T05:18:38,2879.996400,16.666688,1.250e-06,15.683,249.916,0.352,calibration
VG2,3838079984,-475503388.5,1984-12-06T23:42:37,2879.990820,16.666720,3.188e-06,15.728,250.066,0.345,calibration
VG2,3838559984,-475474588.6,1984-12-07T07:42:37,2879.996160,16.666689,1.333e-06,15.731,250.075,0.345,calibration
VG2,3844703984,-475105949.1,1984-12-11T14:06:37,2880.002460,16.666652,-8.542e-07,15.764,250.186,0.340,calibration
VG2,3845183984,-475077149.0,1984-12-11T22:06:37,2879.996760,16.666685,1.125e-06,15.767,250.194,0.339,calibration
VG2,3854159984,-474538589.6,1984-12-18T03:42:36,2879.992200,16.666712,2.708e-06,15.816,250.355,0.332,calibration
VG2,3854639984,-474509789.7,1984-12-18T11:42:36,2879.996460,16.666687,1.229e-06,15.819,250.364,0.332,calibration
VG2,3863279984,-473991390.4,1984-12-24T11:42:35,2879.988360,16.666734,4.042e-06,15.866,250.517,0.324,calibration
VG2,3863759984,-473962590.5,1984-12-24T19:42:35,2879.996100,16.666689,1.354e-06,15.869,250.526,0.324,calibration
VG2,3876335984,-473208031.5,1985-01-02T13:18:34,2880.000900,16.666661,-3.125e-07,15.938,250.748,0.314,calibration
VG2,3876815984,-473179231.5,1985-01-02T21:18:34,2879.996220,16.666689,1.313e-06,15.940,250.757,0.313,calibration
VG2,3923759984,-470362595.2,1985-02-04T11:42:31,2880.000600,16.666663,-2.083e-07,16.199,251.569,0.276,calibration
VG2,3924239984,-470333795.2,1985-02-04T19:42:31,2879.996460,16.666687,1.229e-06,16.202,251.577,0.275,calibration
VG2,3929327984,-470028515.5,1985-02-08T08:30:30,2880.001140,16.666660,-3.958e-07,16.230,251.664,0.271,calibration
VG2,3929807984,-469999715.5,1985-02-08T16:30:30,2879.996700,16.666686,1.146e-06,16.233,251.672,0.271,calibration
VG2,3949487984,-468818916.9,1985-02-22T08:30:29,2879.987760,16.666738,4.250e-06,16.342,252.003,0.256,calibration
VG2,3949967984,-468790117.0,1985-02-22T16:30:29,2879.996160,16.666689,1.333e-06,16.345,252.011,0.255,calibration
VG2,3993167984,-466198120.5,1985-03-24T16:30:25,2879.991240,16.666717,3.042e-06,16.586,252.723,0.222,calibration
VG2,3993647984,-466169320.6,1985-03-25T00:30:25,2879.996100,16.666689,1.354e-06,16.589,252.731,0.222,calibration
VG2,4002159184,-465658649.2,1985-03-30T22:21:37,2879.996100,16.666689,1.354e-06,16.637,252.869,0.216,calibration
VG2,4002159984,-465658601.2,1985-03-30T22:22:25,2879.996100,16.666689,1.354e-06,16.637,252.869,0.216,calibration
VG2,4009199984,-465236201.8,1985-04-04T19:42:24,2880.002400,16.666653,-8.333e-07,16.676,252.982,0.210,calibration
VG2,4009679984,-465207401.7,1985-04-05T03:42:24,2879.996640,16.666686,1.167e-06,16.679,252.990,0.210,calibration
VG2,4041983984,-463269164.0,1985-04-27T14:06:22,2880.002580,16.666652,-8.958e-07,16.861,253.503,0.186,calibration
VG2,4042463984,-463240364.0,1985-04-27T22:06:22,2879.996820,16.666685,1.104e-06,16.863,253.511,0.186,calibration
VG2,4068095984,-461702445.7,1985-05-15T17:18:20,2879.990700,16.666720,3.229e-06,17.008,253.910,0.167,calibration
VG2,4068575984,-461673645.8,1985-05-16T01:18:20,2879.996280,16.666688,1.292e-06,17.011,253.917,0.167,calibration
VG2,4085423984,-460662767.1,1985-05-27T18:06:19,2880.001920,16.666656,-6.667e-07,17.106,254.176,0.155,calibration
VG2,4085903984,-460633967.1,1985-05-28T02:06:19,2879.996760,16.666685,1.125e-06,17.109,254.183,0.155,calibration
VG2,4098863984,-459856367.9,1985-06-06T02:06:18,2879.990220,16.666723,3.396e-06,17.183,254.380,0.146,calibration
VG2,4099343984,-459827568.0,1985-06-06T10:06:18,2879.996460,16.666687,1.229e-06,17.185,254.387,0.145,calibration
VG2,4106975984,-459369648.6,1985-06-11T17:18:17,2879.993100,16.666707,2.396e-06,17.229,254.503,0.140,calibration
VG2,4107455984,-459340848.7,1985-06-12T01:18:17,2879.996400,16.666688,1.250e-06,17.232,254.510,0.140,calibration
VG2,4115231984,-458874289.2,1985-06-17T10:54:17,2879.989500,16.666727,3.646e-06,17.276,254.627,0.134,calibration
VG2,4115711984,-458845489.3,1985-06-17T18:54:16,2879.996160,16.666689,1.333e-06,17.278,254.634,0.134,calibration
VG2,4119647984,-458609329.7,1985-06-20T12:30:16,2880.002700,16.666651,-9.375e-07,17.301,254.693,0.131,calibration
VG2,4120127984,-458580529.6,1985-06-20T20:30:16,2879.996820,16.666685,1.104e-06,17.304,254.700,0.131,calibration
VG2,4134737584,-457703954.6,1985-06-30T23:59:51,2819.996820,17.021296,2.128e-02,17.387,254.917,0.121,rate_mode
VG2,4134738384,-457703906.6,1985-07-01T00:00:38,2879.996820,16.666685,1.104e-06,17.387,254.917,0.121,calibration
VG2,4138991984,-457448690.9,1985-07-03T22:54:14,2879.989380,16.666728,3.688e-06,17.411,254.979,0.118,calibration
VG2,4139471984,-457419891.0,1985-07-04T06:54:14,2879.996220,16.666689,1.313e-06,17.414,254.987,0.117,calibration
VG2,4160543984,-456155572.7,1985-07-18T22:06:12,2880.003480,16.666647,-1.208e-06,17.534,255.295,0.103,calibration
VG2,4161023984,-456126772.6,1985-07-19T06:06:12,2879.996640,16.666686,1.167e-06,17.537,255.302,0.103,calibration
VG2,4172735984,-455424053.4,1985-07-27T09:18:11,2879.989380,16.666728,3.688e-06,17.604,255.471,0.095,calibration
VG2,4173215984,-455395253.5,1985-07-27T17:18:11,2879.996340,16.666688,1.271e-06,17.607,255.478,0.095,calibration
VG2,4241855984,-451276858.8,1985-09-13T09:18:06,2880.002760,16.666651,-9.583e-07,18.002,256.446,0.050,calibration
VG2,4242335984,-451248058.8,1985-09-13T17:18:06,2879.996760,16.666685,1.125e-06,18.005,256.452,0.049,calibration
VG2,4255007984,-450487739.6,1985-09-22T12:30:05,2879.990640,16.666721,3.250e-06,18.078,256.626,0.041,calibration
VG2,4255487984,-450458939.7,1985-09-22T20:30:05,2879.996340,16.666688,1.271e-06,18.081,256.633,0.041,calibration
VG2,4258799984,-450260220.0,1985-09-25T03:42:05,2879.991180,16.666718,3.063e-06,18.100,256.678,0.039,calibration
VG2,4259279984,-450231420.0,1985-09-25T11:42:05,2879.995980,16.666690,1.396e-06,18.103,256.684,0.038,calibration
VG2,4263359984,-449986620.4,1985-09-28T07:42:04,2880.000000,16.666667,0.000e+00,18.126,256.740,0.036,calibration
VG2,4263839984,-449957820.4,1985-09-28T15:42:04,2879.996160,16.666689,1.333e-06,18.129,256.746,0.036,calibration
VG2,4277459184,-449140669.5,1985-10-08T02:41:15,4835.339940,9.926913,-4.044e-01,18.208,256.931,0.027,rate_mode
VG2,4277459984,-449140588.9,1985-10-08T02:42:36,2879.996160,16.666689,1.333e-06,18.208,256.931,0.027,calibration
VG2,4284191984,-448736669.4,1985-10-12T18:54:35,2880.001020,16.666661,-3.542e-07,18.247,257.021,0.023,calibration
VG2,4284671984,-448707869.4,1985-10-13T02:54:35,2879.996520,16.666687,1.208e-06,18.250,257.028,0.022,calibration
VG2,4290719984,-448344989.9,1985-10-17T07:42:35,2880.001380,16.666659,-4.792e-07,18.285,257.109,0.019,calibration
VG2,4291199984,-448316189.8,1985-10-17T15:42:35,2879.996760,16.666685,1.125e-06,18.288,257.115,0.018,calibration
VG2,4312319984,-447048991.3,1985-11-01T07:42:34,2879.991600,16.666715,2.917e-06,18.411,257.395,0.005,calibration
VG2,4312799984,-447020191.3,1985-11-01T15:42:33,2879.996580,16.666686,1.188e-06,18.413,257.402,0.005,calibration
VG2,4316687984,-446786911.6,1985-11-04T08:30:33,2879.992560,16.666710,2.583e-06,18.436,257.453,0.003,calibration
VG2,4317167984,-446758111.7,1985-11-04T16:30:33,2879.996400,16.666688,1.250e-06,18.439,257.459,0.002,calibration
VG2,4319999984,-446588191.9,1985-11-06T15:42:33,2879.990400,16.666722,3.333e-06,18.455,257.496,0.001,calibration
VG2,4320479984,-446559392.0,1985-11-06T23:42:33,2879.995920,16.666690,1.417e-06,18.458,257.503,0.000,calibration
VG2,4334735984,-445704033.2,1985-11-16T21:18:32,2879.989740,16.666726,3.563e-06,18.541,257.689,-0.008,calibration
VG2,4335215984,-445675233.3,1985-11-17T05:18:31,2879.995680,16.666692,1.500e-06,18.544,257.695,-0.009,calibration
VG2,4344911984,-445093474.2,1985-11-23T22:54:31,2880.002160,16.666654,-7.500e-07,18.600,257.820,-0.014,calibration
VG2,4345391984,-445064674.2,1985-11-24T06:54:31,2879.996100,16.666689,1.354e-06,18.603,257.827,-0.015,calibration
VG2,4362527984,-444036515.6,1985-12-06T04:30:29,2879.989740,16.666726,3.563e-06,18.703,258.047,-0.025,calibration
VG2,4363007984,-444007715.7,1985-12-06T12:30:29,2879.995620,16.666692,1.521e-06,18.706,258.053,-0.025,calibration
VG2,4383887984,-442754917.6,1985-12-21T00:30:27,2880.001680,16.666657,-5.833e-07,18.828,258.318,-0.038,calibration
VG2,4384367984,-442726117.6,1985-12-21T08:30:27,2879.995920,16.666690,1.417e-06,18.831,258.324,-0.038,calibration
VG2,4389359984,-442426598.0,1985-12-24T19:42:27,2880.005160,16.666637,-1.792e-06,18.860,258.386,-0.041,calibration
VG2,4389839984,-442397797.9,1985-12-25T03:42:27,2879.996700,16.666686,1.146e-06,18.863,258.392,-0.041,calibration
VG2,4414271984,-440931879.6,1986-01-11T02:54:25,2880.002460,16.666652,-8.542e-07,19.007,258.697,-0.055,calibration
VG2,4414751984,-440903079.6,1986-01-11T10:54:25,2879.996820,16.666685,1.104e-06,19.009,258.703,-0.055,calibration
VG2,4479647984,-437009323.9,1986-02-25T12:30:21,2879.989560,16.666727,3.625e-06,19.351,259.778,-0.030,calibration
VG2,4480127984,-436980524.0,1986-02-25T20:30:21,2879.995620,16.666692,1.521e-06,19.353,259.786,-0.030,calibration
VG2,4506959984,-435370606.4,1986-03-16T11:42:18,2880.003720,16.666645,-1.292e-06,19.488,260.268,-0.009,calibration
VG2,4507439984,-435341806.4,1986-03-16T19:42:18,2879.996220,16.666689,1.313e-06,19.490,260.277,-0.008,calibration
VG2,4512911984,-435013486.8,1986-03-20T14:54:18,2880.001560,16.666658,-5.417e-07,19.518,260.374,-0.004,calibration
VG2,4513391984,-434984686.8,1986-03-20T22:54:18,2879.996460,16.666687,1.229e-06,19.520,260.383,-0.004,calibration
VG2,4528559984,-434074607.9,1986-03-31T11:42:17,2879.990640,16.666721,3.250e-06,19.597,260.651,0.008,calibration
VG2,4529039984,-434045808.0,1986-03-31T19:42:17,2879.996220,16.666689,1.313e-06,19.599,260.660,0.009,calibration
VG2,4539167984,-433438128.8,1986-04-07T20:30:16,2879.991060,16.666718,3.104e-06,19.651,260.838,0.016,calibration
VG2,4539647984,-433409328.9,1986-04-08T04:30:16,2879.996040,16.666690,1.375e-06,19.653,260.846,0.017,calibration
VG2,4553615984,-432571250.1,1986-04-17T21:18:15,2880.000060,16.666666,-2.083e-08,19.725,261.090,0.027,calibration
VG2,4554095984,-432542450.1,1986-04-18T05:18:15,2879.996940,16.666684,1.063e-06,19.727,261.099,0.028,calibration
VG2,4566047984,-431825330.8,1986-04-26T12:30:14,2879.991780,16.666714,2.854e-06,19.788,261.306,0.037,calibration
VG2,4566527984,-431796530.9,1986-04-26T20:30:14,2879.996640,16.666686,1.167e-06,19.791,261.314,0.037,calibration
VG2,4571183984,-431517171.2,1986-04-30T02:06:14,2879.989200,16.666729,3.750e-06,19.815,261.395,0.041,calibration
VG2,4571663984,-431488371.3,1986-04-30T10:06:13,2879.996040,16.666690,1.375e-06,19.817,261.403,0.041,calibration
VG2,4594903984,-430093973.3,1986-05-16T13:26:12,4946.396040,9.704035,-4.178e-01,19.937,261.801,0.058,rate_mode
VG2,4594904784,-430093890.8,1986-05-16T13:27:34,2879.996040,16.666690,1.375e-06,19.937,261.801,0.058,calibration
VG2,4610879984,-429135380.1,1986-05-27T15:42:45,2880.002460,16.666652,-8.542e-07,20.020,262.073,0.070,calibration
VG2,4611359984,-429106580.1,1986-05-27T23:42:45,2879.996160,16.666689,1.333e-06,20.022,262.081,0.070,calibration
VG2,4646255984,-427012822.9,1986-06-21T05:18:42,2879.989920,16.666725,3.500e-06,20.204,262.665,0.096,calibration
VG2,4646735984,-426984023.0,1986-06-21T13:18:42,2879.996040,16.666690,1.375e-06,20.207,262.673,0.096,calibration
VG2,4674239984,-425333785.3,1986-07-10T15:42:40,2880.003060,16.666649,-1.062e-06,20.351,263.126,0.116,calibration
VG2,4674719984,-425304985.2,1986-07-10T23:42:40,2879.996820,16.666685,1.104e-06,20.354,263.133,0.116,calibration
VG2,4688879984,-424455386.2,1986-07-20T19:42:39,2879.989740,16.666726,3.563e-06,20.429,263.364,0.126,calibration
VG2,4689359984,-424426586.3,1986-07-21T03:42:39,2879.996220,16.666689,1.313e-06,20.431,263.372,0.127,calibration
VG2,4705199984,-423476187.5,1986-08-01T03:42:37,2879.989800,16.666726,3.542e-06,20.516,263.628,0.138,calibration
VG2,4705679984,-423447387.6,1986-08-01T11:42:37,2879.996040,16.666690,1.375e-06,20.518,263.635,0.138,calibration
VG2,4741199984,-421316190.6,1986-08-26T03:42:34,2880.000960,16.666661,-3.333e-07,20.708,264.201,0.163,calibration
VG2,4741679984,-421287390.6,1986-08-26T11:42:34,2879.996100,16.666689,1.354e-06,20.710,264.209,0.163,calibration
VG2,4790159984,-418378594.5,1986-09-29T03:42:30,2880.002280,16.666653,-7.917e-07,20.972,264.965,0.196,calibration
VG2,4790639984,-418349794.5,1986-09-29T11:42:30,2879.996700,16.666686,1.146e-06,20.974,264.972,0.196,calibration
VG2,4800719984,-417744995.2,1986-10-06T11:42:30,2879.990100,16.666724,3.438e-06,21.029,265.127,0.203,calibration
VG2,4801199984,-417716195.3,1986-10-06T19:42:30,2879.996040,16.666690,1.375e-06,21.032,265.134,0.203,calibration
VG2,4886015984,-412627242.3,1986-12-04T17:18:23,2879.997000,16.666684,1.042e-06,21.497,266.404,0.258,calibration
VG2,4886495984,-412598442.3,1986-12-05T01:18:23,2879.996040,16.666690,1.375e-06,21.500,266.411,0.258,calibration
VG2,4888367984,-412486122.4,1986-12-06T08:30:22,2880.006300,16.666630,-2.187e-06,21.510,266.439,0.260,calibration
VG2,4888847984,-412457322.4,1986-12-06T16:30:22,2879.996760,16.666685,1.125e-06,21.513,266.446,0.260,calibration
VG2,4897199984,-411956202.9,1986-12-12T11:42:22,2879.988540,16.666733,3.979e-06,21.559,266.568,0.265,calibration
VG2,4897679984,-411927403.1,1986-12-12T19:42:22,2879.996100,16.666689,1.354e-06,21.562,266.575,0.266,calibration
VG2,4912079984,-411063404.2,1986-12-22T19:42:21,2879.989500,16.666727,3.646e-06,21.642,266.783,0.275,calibration
VG2,4912559984,-411034604.3,1986-12-23T03:42:20,2879.995860,16.666691,1.438e-06,21.644,266.790,0.275,calibration
VG2,4942319984,-409249006.9,1987-01-12T19:42:18,2880.001380,16.666659,-4.792e-07,21.810,267.217,0.293,calibration
VG2,4942799984,-409220206.9,1987-01-13T03:42:18,2879.996040,16.666690,1.375e-06,21.813,267.224,0.294,calibration
VG2,4973855984,-407356849.5,1987-02-03T17:18:15,2880.000960,16.666661,-3.333e-07,21.987,267.662,0.313,calibration
VG2,4974335984,-407328049.4,1987-02-04T01:18:15,2879.996100,16.666689,1.354e-06,21.990,267.669,0.313,calibration
VG2,4976879984,-407175409.6,1987-02-05T19:42:15,2879.998800,16.666674,4.167e-07,22.004,267.705,0.314,calibration
VG2,4977359984,-407146609.7,1987-02-06T03:42:15,2879.996220,16.666689,1.313e-06,22.007,267.711,0.315,calibration
VG2,4977695984,-407126449.7,1987-02-06T09:18:15,2880.003120,16.666649,-1.083e-06,22.009,267.716,0.315,calibration
VG2,4978175984,-407097649.7,1987-02-06T17:18:15,2879.996880,16.666685,1.083e-06,22.011,267.723,0.315,calibration
VG2,4993967984,-406150130.7,1987-02-17T16:30:14,2879.989920,16.666725,3.500e-06,22.100,267.942,0.325,calibration
VG2,4994447984,-406121330.8,1987-02-18T00:30:14,2879.996580,16.666686,1.188e-06,22.103,267.949,0.325,calibration
VG2,4997039984,-405965811.0,1987-02-19T19:42:14,2879.993280,16.666706,2.333e-06,22.118,267.985,0.327,calibration
VG2,4997519984,-405937011.0,1987-02-20T03:42:14,2879.996460,16.666687,1.229e-06,22.121,267.992,0.327,calibration
VG2,5001167984,-405718131.3,1987-02-22T16:30:14,2879.989560,16.666727,3.625e-06,22.141,268.042,0.329,calibration
VG2,5001647984,-405689331.4,1987-02-23T00:30:13,2879.996160,16.666689,1.333e-06,22.144,268.049,0.329,calibration
VG2,5007119984,-405361011.8,1987-02-26T19:42:13,2879.993040,16.666707,2.417e-06,22.175,268.124,0.333,calibration
VG2,5007599984,-405332211.9,1987-02-27T03:42:13,2879.996040,16.666690,1.375e-06,22.178,268.131,0.333,calibration
VG2,5026751984,-404183093.5,1987-03-12T10:54:11,2880.005640,16.666634,-1.958e-06,22.286,268.393,0.344,calibration
VG2,5027231984,-404154293.4,1987-03-12T18:54:11,2879.996760,16.666685,1.125e-06,22.289,268.400,0.344,calibration
VG2,5039279984,-403431414.2,1987-03-21T03:42:11,2879.990400,16.666722,3.333e-06,22.357,268.563,0.352,calibration
VG2,5039759984,-403402614.3,1987-03-21T11:42:10,2879.996340,16.666688,1.271e-06,22.360,268.570,0.352,calibration
VG2,5044559984,-403114614.7,1987-03-24T19:42:10,2879.990580,16.666721,3.271e-06,22.387,268.635,0.355,calibration
VG2,5045039984,-403085814.8,1987-03-25T03:42:10,2879.995800,16.666691,1.458e-06,22.390,268.641,0.355,calibration
VG2,5071919984,-401473017.2,1987-04-12T19:42:08,2880.001620,16.666657,-5.625e-07,22.544,269.002,0.370,calibration
VG2,5072399984,-401444217.1,1987-04-13T03:42:08,2879.995920,16.666690,1.417e-06,22.546,269.008,0.371,calibration
VG2,5079119984,-401041017.7,1987-04-17T19:42:07,2880.001680,16.666657,-5.833e-07,22.585,269.097,0.375,calibration
VG2,5079599984,-401012217.7,1987-04-18T03:42:07,2879.996580,16.666686,1.188e-06,22.588,269.104,0.375,calibration
VG2,5086319984,-400609018.2,1987-04-22T19:42:07,2879.987160,16.666741,4.458e-06,22.626,269.193,0.379,calibration
VG2,5086799984,-400580218.3,1987-04-23T03:42:07,2879.995800,16.666691,1.458e-06,22.629,269.199,0.379,calibration
VG2,5111519984,-399097020.5,1987-05-10T07:42:04,2880.004380,16.666641,-1.521e-06,22.771,269.524,0.393,calibration
VG2,5111999984,-399068220.4,1987-05-10T15:42:04,2879.996760,16.666685,1.125e-06,22.774,269.530,0.393,calibration
VG2,5133839984,-397757821.9,1987-05-25T19:42:03,2879.989140,16.666730,3.771e-06,22.900,269.814,0.405,calibration
VG2,5134319984,-397729022.0,1987-05-26T03:42:03,2879.996040,16.666690,1.375e-06,22.903,269.820,0.406,calibration
VG2,5135279984,-397671422.1,1987-05-26T19:42:03,2879.996040,16.666690,1.375e-06,22.908,269.832,0.406,calibration
VG2,5135759984,-397642622.1,1987-05-27T03:42:03,2879.996040,16.666690,1.375e-06,22.911,269.839,0.406,calibration
VG2,5147375984,-396945663.1,1987-06-04T05:18:02,2879.991120,16.666718,3.083e-06,22.978,269.988,0.413,calibration
VG2,5147855984,-396916863.2,1987-06-04T13:18:02,2879.995860,16.666691,1.438e-06,22.981,269.994,0.413,calibration
VG2,5151887984,-396674943.5,1987-06-07T08:30:01,2879.991000,16.666719,3.125e-06,23.004,270.046,0.415,calibration
VG2,5152367984,-396646143.6,1987-06-07T16:30:01,2879.995680,16.666692,1.500e-06,23.007,270.052,0.416,calibration
VG2,5155343984,-396467583.9,1987-06-09T18:06:01,2879.991960,16.666713,2.792e-06,23.024,270.090,0.417,calibration
VG2,5155823984,-396438784.0,1987-06-10T02:06:01,2879.995560,16.666692,1.542e-06,23.027,270.096,0.418,calibration
VG2,5158799984,-396260224.2,1987-06-12T03:42:01,2879.989140,16.666730,3.771e-06,23.045,270.134,0.419,calibration
VG2,5159279984,-396231424.3,1987-06-12T11:42:00,2879.995260,16.666694,1.646e-06,23.047,270.140,0.419,calibration
VG2,5166815984,-395779265.1,1987-06-17T17:18:00,2880.003900,16.666644,-1.354e-06,23.091,270.236,0.424,calibration
VG2,5167295984,-395750465.0,1987-06-18T01:18:00,2879.995860,16.666691,1.438e-06,23.094,270.242,0.424,calibration
VG2,5187119984,-394561026.8,1987-07-01T19:41:58,2880.002040,16.666655,-7.083e-07,23.209,270.493,0.435,calibration
VG2,5187599984,-394532226.7,1987-07-02T03:41:58,2879.995980,16.666690,1.396e-06,23.212,270.499,0.435,calibration
VG2,5215535984,-392856069.1,1987-07-21T13:17:56,2880.003300,16.666648,-1.146e-06,23.375,270.847,0.450,calibration
VG2,5216015984,-392827269.0,1987-07-21T21:17:56,2879.996760,16.666685,1.125e-06,23.378,270.853,0.450,calibration
VG2,5223599984,-392372229.6,1987-07-27T03:41:55,2879.991780,16.666714,2.854e-06,23.422,270.947,0.454,calibration
VG2,5224079984,-392343429.6,1987-07-27T11:41:55,2879.996400,16.666688,1.250e-06,23.425,270.953,0.454,calibration
VG2,5228543984,-392075590.0,1987-07-30T14:05:55,2879.991120,16.666718,3.083e-06,23.451,271.008,0.457,calibration
VG2,5229023984,-392046790.1,1987-07-30T22:05:55,2879.996220,16.666689,1.313e-06,23.454,271.014,0.457,calibration
VG2,5236079984,-391623430.6,1987-08-04T19:41:54,2879.990460,16.666722,3.313e-06,23.496,271.100,0.461,calibration
VG2,5236559984,-391594630.7,1987-08-05T03:41:54,2879.996040,16.666690,1.375e-06,23.498,271.106,0.461,calibration
VG2,5255615984,-390451272.3,1987-08-18T09:17:53,2879.990940,16.666719,3.146e-06,23.610,271.339,0.471,calibration
VG2,5256095984,-390422472.4,1987-08-18T17:17:52,2879.995920,16.666690,1.417e-06,23.613,271.345,0.471,calibration
VG2,5274959984,-389290634.0,1987-08-31T19:41:51,2880.002400,16.666653,-8.333e-07,23.724,271.573,0.481,calibration
VG2,5275439984,-389261834.0,1987-09-01T03:41:51,2879.996340,16.666688,1.271e-06,23.727,271.578,0.481,calibration
VG2,5275445584,-389261498.0,1987-09-01T03:47:27,5547.356340,8.652770,-4.808e-01,23.727,271.578,0.481,rate_mode
VG2,5275446384,-389261405.5,1987-09-01T03:48:59,2879.996340,16.666688,1.271e-06,23.727,271.578,0.481,calibration
VG2,5309375984,-387225632.1,1987-09-24T17:18:33,2879.990340,16.666723,3.354e-06,23.928,271.983,0.498,calibration
VG2,5309855984,-387196832.2,1987-09-25T01:18:33,2879.996220,16.666689,1.313e-06,23.931,271.989,0.499,calibration
VG2,5316575984,-386793632.7,1987-09-29T17:18:32,2880.004020,16.666643,-1.396e-06,23.971,272.068,0.502,calibration
VG2,5317055984,-386764832.7,1987-09-30T01:18:32,2879.996640,16.666686,1.167e-06,23.973,272.074,0.502,calibration
VG2,5332655984,-385828833.8,1987-10-10T21:18:31,2879.988720,16.666732,3.917e-06,24.066,272.257,0.510,calibration
VG2,5333135984,-385800033.9,1987-10-11T05:18:31,2879.996340,16.666688,1.271e-06,24.069,272.262,0.510,calibration
VG2,5337743984,-385523554.2,1987-10-14T10:06:31,2879.989020,16.666730,3.813e-06,24.096,272.316,0.513,calibration
VG2,5338223984,-385494754.3,1987-10-14T18:06:30,2879.995800,16.666691,1.458e-06,24.099,272.322,0.513,calibration
VG2,5352287984,-384650915.6,1987-10-24T12:30:29,2879.987700,16.666738,4.271e-06,24.183,272.485,0.520,calibration
VG2,5352767984,-384622115.7,1987-10-24T20:30:29,2879.995200,16.666694,1.667e-06,24.186,272.491,0.520,calibration
VG2,5374895984,-383294437.9,1987-11-09T05:18:27,2879.989680,16.666726,3.583e-06,24.318,272.745,0.531,calibration
VG2,5375375984,-383265638.0,1987-11-09T13:18:27,2879.995080,16.666695,1.708e-06,24.321,272.751,0.531,calibration
VG2,5402303984,-381649960.8,1987-11-28T06:06:24,2880.001260,16.666659,-4.375e-07,24.482,273.057,0.544,calibration
VG2,5402783984,-381621160.8,1987-11-28T14:06:24,2879.995320,16.666694,1.625e-06,24.485,273.062,0.544,calibration
VG2,5407391984,-381344681.2,1987-12-01T18:54:24,2879.999760,16.666668,8.333e-08,24.512,273.114,0.547,calibration
VG2,5407871984,-381315881.2,1987-12-02T02:54:24,2879.995500,16.666693,1.563e-06,24.515,273.120,0.547,calibration
VG2,5411375984,-381105641.5,1987-12-04T13:18:23,2880.002940,16.666650,-1.021e-06,24.536,273.159,0.548,calibration
VG2,5411855984,-381076841.5,1987-12-04T21:18:23,2879.995980,16.666690,1.396e-06,24.539,273.164,0.549,calibration
VG2,5450897584,-378734348.8,1987-12-31T23:59:56,2816.395980,17.043058,2.258e-02,24.774,273.599,0.567,rate_mode
VG2,5450898384,-378734300.8,1988-01-01T00:00:43,2879.995980,16.666690,1.396e-06,24.774,273.599,0.567,calibration
VG2,5463311984,-377989485.9,1988-01-09T14:54:18,2880.002280,16.666653,-7.917e-07,24.849,273.736,0.573,calibration
VG2,5463791984,-377960685.9,1988-01-09T22:54:18,2879.996340,16.666688,1.271e-06,24.852,273.741,0.573,calibration
VG2,5487119984,-376561007.6,1988-01-26T03:42:16,2879.988360,16.666734,4.042e-06,24.993,273.995,0.584,calibration
VG2,5487599984,-376532207.7,1988-01-26T11:42:16,2879.995980,16.666690,1.396e-06,24.996,274.000,0.584,calibration
VG2,5509487984,-375218929.6,1988-02-10T16:30:14,2879.990160,16.666724,3.417e-06,25.129,274.236,0.594,calibration
VG2,5509967984,-375190129.7,1988-02-11T00:30:14,2879.995860,16.666691,1.438e-06,25.132,274.241,0.594,calibration
VG2,5558447984,-372281333.9,1988-03-15T16:30:10,2879.990040,16.666724,3.458e-06,25.427,274.755,0.616,calibration
VG2,5558927984,-372252534.0,1988-03-16T00:30:10,2879.995800,16.666691,1.458e-06,25.430,274.760,0.616,calibration
VG2,5567039984,-371765814.7,1988-03-21T15:42:09,2880.002580,16.666652,-8.958e-07,25.479,274.844,0.620,calibration
VG2,5567519984,-371737014.6,1988-03-21T23:42:09,2879.996580,16.666686,1.188e-06,25.482,274.849,0.620,calibration
VG2,5583743984,-370763575.8,1988-04-02T06:06:08,2879.987460,16.666739,4.354e-06,25.581,275.018,0.627,calibration
VG2,5584223984,-370734775.9,1988-04-02T14:06:08,2879.995800,16.666691,1.458e-06,25.584,275.023,0.627,calibration
VG2,5625839984,-368237819.6,1988-05-01T11:42:04,2880.001260,16.666659,-4.375e-07,25.839,275.449,0.645,calibration
VG2,5626319984,-368209019.6,1988-05-01T19:42:04,2879.995920,16.666690,1.417e-06,25.842,275.454,0.646,calibration
VG2,5626799984,-368180219.6,1988-05-02T03:42:04,2880.002100,16.666655,-7.292e-07,25.845,275.459,0.646,calibration
VG2,5627279984,-368151419.6,1988-05-02T11:42:04,2879.996460,16.666687,1.229e-06,25.848,275.463,0.646,calibration
VG2,5648831984,-366858301.2,1988-05-17T10:54:03,2879.989800,16.666726,3.542e-06,25.981,275.681,0.655,calibration
VG2,5649311984,-366829501.3,1988-05-17T18:54:03,2879.995860,16.666691,1.438e-06,25.984,275.685,0.655,calibration
VG2,5673480784,-365379375.4,1988-06-03T13:42:48,5734.675860,8.370133,-4.978e-01,26.133,275.926,0.666,rate_mode
VG2,5673481584,-365379279.8,1988-06-03T13:44:24,2879.995860,16.666691,1.438e-06,26.133,275.926,0.666,calibration
VG2,5691695984,-364286417.3,1988-06-16T05:18:46,2880.002280,16.666653,-7.917e-07,26.245,276.106,0.673,calibration
VG2,5692175984,-364257617.3,1988-06-16T13:18:46,2879.995980,16.666690,1.396e-06,26.248,276.111,0.673,calibration
VG2,5729519984,-362016980.5,1988-07-12T11:42:43,2880.003120,16.666649,-1.083e-06,26.479,276.474,0.689,calibration
VG2,5729999984,-361988180.4,1988-07-12T19:42:43,2879.996700,16.666686,1.146e-06,26.482,276.479,0.689,calibration
VG2,5737199984,-361556180.9,1988-07-17T19:42:43,2879.991480,16.666716,2.958e-06,26.527,276.548,0.692,calibration
VG2,5737679984,-361527381.0,1988-07-18T03:42:43,2879.996280,16.666688,1.292e-06,26.530,276.553,0.692,calibration
VG2,5745983984,-361029141.6,1988-07-23T22:06:42,2879.989920,16.666725,3.500e-06,26.581,276.633,0.695,calibration
VG2,5746463984,-361000341.7,1988-07-24T06:06:42,2879.996040,16.666690,1.375e-06,26.584,276.637,0.695,calibration
VG2,5749199984,-360836182.0,1988-07-26T03:42:42,2879.991000,16.666719,3.125e-06,26.601,276.663,0.696,calibration
VG2,5749679984,-360807382.1,1988-07-26T11:42:42,2879.995860,16.666691,1.438e-06,26.604,276.668,0.697,calibration
VG2,5752175984,-360657622.3,1988-07-28T05:18:42,2879.987040,16.666742,4.500e-06,26.620,276.692,0.698,calibration
VG2,5752655984,-360628822.4,1988-07-28T13:18:41,2879.995020,16.666695,1.729e-06,26.623,276.697,0.698,calibration
VG2,5771304815,-359509894.5,1988-08-10T12:07:29,2879.995020,16.666695,1.729e-06,26.739,276.874,0.705,calibration
VG2,5771305615,-359509848.2,1988-08-10T12:08:16,2879.995020,16.666695,1.729e-06,26.739,276.874,0.705,calibration
VG2,5778000015,-359108184.9,1988-08-15T03:42:39,2880.003840,16.666644,-1.333e-06,26.781,276.937,0.708,calibration
VG2,5778480015,-359079384.8,1988-08-15T11:42:39,2879.995980,16.666690,1.396e-06,26.784,276.942,0.708,calibration
VG2,5792400015,-358244186.0,1988-08-25T03:42:38,2879.990040,16.666724,3.458e-06,26.870,277.072,0.714,calibration
VG2,5792880015,-358215386.1,1988-08-25T11:42:38,2879.995800,16.666691,1.458e-06,26.873,277.077,0.714,calibration
VG2,5800080015,-357783386.7,1988-08-30T11:42:37,2880.002580,16.666652,-8.958e-07,26.918,277.144,0.717,calibration
VG2,5800560015,-357754586.7,1988-08-30T19:42:37,2879.996280,16.666688,1.292e-06,26.921,277.149,0.717,calibration
VG2,5813520015,-356976987.7,1988-09-08T19:42:36,2879.990340,16.666723,3.354e-06,27.002,277.269,0.722,calibration
VG2,5814000015,-356948187.8,1988-09-09T03:42:36,2879.995980,16.666690,1.396e-06,27.005,277.274,0.722,calibration
VG2,5820624015,-356550748.4,1988-09-13T18:06:35,2879.990460,16.666722,3.313e-06,27.047,277.335,0.725,calibration
VG2,5821104015,-356521948.5,1988-09-14T02:06:35,2879.995800,16.666691,1.458e-06,27.050,277.340,0.725,calibration
VG2,5849520015,-354816991.0,1988-10-03T19:42:33,2879.989500,16.666727,3.646e-06,27.227,277.601,0.736,calibration
VG2,5850000015,-354788191.1,1988-10-04T03:42:33,2879.995740,16.666691,1.479e-06,27.230,277.605,0.736,calibration
VG2,5870880015,-353535392.9,1988-10-18T15:42:31,2880.002460,16.666652,-8.542e-07,27.361,277.795,0.744,calibration
VG2,5871360015,-353506592.9,1988-10-18T23:42:31,2879.996460,16.666687,1.229e-06,27.364,277.799,0.744,calibration
VG2,5925936015,-350232036.9,1988-11-25T21:18:27,2879.992500,16.666710,2.604e-06,27.708,278.286,0.764,calibration
VG2,5926416015,-350203237.0,1988-11-26T05:18:27,2879.996400,16.666688,1.250e-06,27.711,278.290,0.764,calibration
VG2,5928960015,-350050597.2,1988-11-27T23:42:27,2879.989620,16.666727,3.604e-06,27.727,278.313,0.765,calibration
VG2,5929440015,-350021797.3,1988-11-28T07:42:27,2879.995740,16.666691,1.479e-06,27.730,278.317,0.765,calibration
VG2,5962080015,-348063400.2,1988-12-20T23:42:24,2879.989860,16.666725,3.521e-06,27.936,278.602,0.777,calibration
VG2,5962560015,-348034600.3,1988-12-21T07:42:24,2879.995620,16.666692,1.521e-06,27.939,278.606,0.777,calibration
VG2,6020880015,-344535405.6,1989-01-30T19:42:18,2880.006960,16.666626,-2.417e-06,28.308,279.105,0.798,calibration
VG2,6021360015,-344506605.5,1989-01-31T03:42:18,2879.996760,16.666685,1.125e-06,28.311,279.109,0.798,calibration
VG2,6021552015,-344495085.5,1989-01-31T06:54:18,2879.991300,16.666717,3.021e-06,28.313,279.111,0.798,calibration
VG2,6022032015,-344466285.6,1989-01-31T14:54:18,2879.996340,16.666688,1.271e-06,28.316,279.115,0.798,calibration
VG2,6029520015,-344017006.2,1989-02-05T19:42:18,2879.994000,16.666701,2.083e-06,28.363,279.178,0.801,calibration
VG2,6030000015,-343988206.3,1989-02-06T03:42:18,2879.996220,16.666689,1.313e-06,28.366,279.182,0.801,calibration
VG2,6032160015,-343858606.4,1989-02-07T15:42:17,2879.990160,16.666724,3.417e-06,28.380,279.200,0.802,calibration
VG2,6032640015,-343829806.5,1989-02-07T23:42:17,2879.995680,16.666692,1.500e-06,28.383,279.204,0.802,calibration
VG2,6049536015,-342816048.0,1989-02-19T17:18:16,2879.999700,16.666668,1.042e-07,28.490,279.346,0.808,calibration
VG2,6050016015,-342787248.1,1989-02-20T01:18:16,2879.996460,16.666687,1.229e-06,28.493,279.350,0.808,calibration
VG2,6069840015,-341597809.5,1989-03-05T19:42:14,2879.989020,16.666730,3.813e-06,28.620,279.514,0.815,calibration
VG2,6070320015,-341569009.6,1989-03-06T03:42:14,2879.995860,16.666691,1.438e-06,28.623,279.518,0.815,calibration
VG2,6082800015,-340820210.7,1989-03-14T19:42:13,2879.988900,16.666731,3.854e-06,28.702,279.621,0.819,calibration
VG2,6083280015,-340791410.8,1989-03-15T03:42:13,2879.995560,16.666692,1.542e-06,28.705,279.625,0.820,calibration
VG2,6090288015,-340370931.5,1989-03-20T00:30:12,2880.001320,16.666659,-4.583e-07,28.750,279.682,0.822,calibration
VG2,6090768015,-340342131.4,1989-03-20T08:30:12,2879.996160,16.666689,1.333e-06,28.753,279.686,0.822,calibration
VG2,6102960015,-339610612.4,1989-03-28T19:42:11,2879.987580,16.666739,4.313e-06,28.831,279.786,0.826,calibration
VG2,6103440015,-339581812.5,1989-03-29T03:42:11,2879.995080,16.666695,1.708e-06,28.834,279.790,0.826,calibration
VG2,6135360015,-337666615.8,1989-04-20T07:42:08,2880.001920,16.666656,-6.667e-07,29.038,280.047,0.837,calibration
VG2,6135840015,-337637815.8,1989-04-20T15:42:08,2879.995860,16.666691,1.438e-06,29.041,280.051,0.837,calibration
VG2,6137328015,-337548535.9,1989-04-21T16:30:08,2880.001440,16.666658,-5.000e-07,29.050,280.063,0.838,calibration
VG2,6137808015,-337519735.9,1989-04-22T00:30:08,2879.996640,16.666686,1.167e-06,29.053,280.067,0.838,calibration
VG2,6153984015,-336549177.0,1989-05-03T06:06:07,2879.991900,16.666714,2.813e-06,29.157,280.196,0.843,calibration
VG2,6154464015,-336520377.1,1989-05-03T14:06:07,2879.996520,16.666687,1.208e-06,29.160,280.200,0.843,calibration
VG2,6160560015,-336154617.6,1989-05-07T19:42:06,2879.989980,16.666725,3.479e-06,29.199,280.249,0.845,calibration
VG2,6161040015,-336125817.7,1989-05-08T03:42:06,2879.996160,16.666689,1.333e-06,29.202,280.252,0.845,calibration
VG2,6192048015,-334265340.2,1989-05-29T16:30:04,2879.991840,16.666714,2.833e-06,29.401,280.497,0.855,calibration
VG2,6192528015,-334236540.2,1989-05-30T00:30:04,2879.995980,16.666690,1.396e-06,29.404,280.500,0.856,calibration
VG2,6194064015,-334144380.4,1989-05-31T02:06:03,2879.990340,16.666723,3.354e-06,29.414,280.512,0.856,calibration
VG2,6194544015,-334115580.5,1989-05-31T10:06:03,2879.995500,16.666693,1.563e-06,29.417,280.516,0.856,calibration
VG2,6197880815,-333915372.8,1989-06-02T17:42:51,4706.755500,10.198108,-3.881e-01,29.438,280.542,0.857,rate_mode
VG2,6197881615,-333915294.3,1989-06-02T17:44:10,2879.995500,16.666693,1.563e-06,29.438,280.542,0.857,calibration
VG2,6203760015,-333562590.9,1989-06-06T19:42:33,2879.986740,16.666743,4.604e-06,29.476,280.588,0.859,calibration
VG2,6204240015,-333533791.0,1989-06-07T03:42:33,2879.994900,16.666696,1.771e-06,29.479,280.592,0.859,calibration
VG2,6209616015,-333211231.6,1989-06-10T21:18:32,2880.000000,16.666667,0.000e+00,29.514,280.634,0.861,calibration
VG2,6210096015,-333182431.6,1989-06-11T05:18:32,2879.995260,16.666694,1.646e-06,29.517,280.637,0.861,calibration
VG2,6214896015,-332894432.0,1989-06-14T13:18:32,2880.002220,16.666654,-7.708e-07,29.548,280.675,0.863,calibration
VG2,6215376015,-332865632.0,1989-06-14T21:18:32,2879.995800,16.666691,1.458e-06,29.551,280.678,0.863,calibration
VG2,6251088015,-330722915.1,1989-07-09T16:30:29,2880.000960,16.666661,-3.333e-07,29.781,280.953,0.874,calibration
VG2,6251568015,-330694115.1,1989-07-10T00:30:29,2879.995920,16.666690,1.417e-06,29.784,280.957,0.874,calibration
VG2,6261168015,-330118116.0,1989-07-16T16:30:28,2880.001020,16.666661,-3.542e-07,29.846,281.030,0.877,calibration
VG2,6261648015,-330089315.9,1989-07-17T00:30:28,2879.995920,16.666690,1.417e-06,29.849,281.033,0.877,calibration
VG2,6295776015,-328041638.8,1989-08-09T17:18:25,2880.002700,16.666651,-9.375e-07,30.069,281.291,0.888,calibration
VG2,6296256015,-328012838.8,1989-08-10T01:18:25,2879.996280,16.666688,1.292e-06,30.072,281.294,0.888,calibration
VG2,6337248015,-325553322.0,1989-09-07T12:30:22,2879.991540,16.666716,2.938e-06,30.302,281.491,0.718,calibration
VG2,6337728015,-325524522.1,1989-09-07T20:30:22,2879.995800,16.666691,1.458e-06,30.304,281.492,0.713,calibration
VG2,6357792015,-324320683.8,1989-09-21T18:54:20,2880.000240,16.666665,-8.333e-08,30.396,281.528,0.531,calibration
VG2,6358272015,-324291883.8,1989-09-22T02:54:20,2879.995860,16.666691,1.438e-06,30.398,281.529,0.527,calibration
VG2,6393984015,-322149166.9,1989-10-16T22:06:17,2879.990400,16.666722,3.333e-06,30.562,281.592,0.206,calibration
VG2,6394464015,-322120367.0,1989-10-17T06:06:17,2879.996220,16.666689,1.313e-06,30.565,281.593,0.202,calibration
VG2,6397200015,-321956207.2,1989-10-19T03:42:17,2879.989860,16.666725,3.521e-06,30.577,281.598,0.177,calibration
VG2,6397680015,-321927407.3,1989-10-19T11:42:16,2879.995260,16.666694,1.646e-06,30.579,281.599,0.173,calibration
VG2,6404640015,-321509808.0,1989-10-24T07:42:16,2880.000840,16.666662,-2.917e-07,30.612,281.611,0.111,calibration
VG2,6405120015,-321481008.0,1989-10-24T15:42:16,2879.995740,16.666691,1.479e-06,30.614,281.612,0.106,calibration
VG2,6423360015,-320386609.6,1989-11-06T07:42:14,2880.001320,16.666659,-4.583e-07,30.698,281.644,-0.056,calibration
VG2,6423840015,-320357809.6,1989-11-06T15:42:14,2879.995860,16.666691,1.438e-06,30.700,281.645,-0.060,calibration
VG2,6440688015,-319346931.1,1989-11-18T08:30:13,2879.989620,16.666727,3.604e-06,30.778,281.674,-0.209,calibration
VG2,6441168015,-319318131.2,1989-11-18T16:30:13,2879.995080,16.666695,1.708e-06,30.780,281.675,-0.213,calibration
VG2,6451392015,-318704692.2,1989-11-25T18:54:12,2880.001140,16.666660,-3.958e-07,30.828,281.693,-0.303,calibration
VG2,6451872015,-318675892.2,1989-11-26T02:54:12,2879.995800,16.666691,1.458e-06,30.830,281.694,-0.307,calibration
VG2,6470688015,-317546933.9,1989-12-09T04:30:10,2880.001080,16.666660,-3.750e-07,30.917,281.726,-0.472,calibration
VG2,6471168015,-317518133.8,1989-12-09T12:30:10,2879.995980,16.666690,1.396e-06,30.920,281.727,-0.476,calibration
VG2,6474096015,-317342454.1,1989-12-11T13:18:10,2880.000000,16.666667,0.000e+00,30.933,281.732,-0.502,calibration
VG2,6474576015,-317313654.1,1989-12-11T21:18:10,2879.996580,16.666686,1.188e-06,30.936,281.733,-0.506,calibration
VG2,6482352015,-316847094.6,1989-12-17T06:54:09,2879.991540,16.666716,2.938e-06,30.972,281.746,-0.574,calibration
VG2,6482832015,-316818294.7,1989-12-17T14:54:09,2879.995680,16.666692,1.500e-06,30.974,281.747,-0.578,calibration
VG2,6503272015,-315591896.6,1989-12-31T19:34:07,2819.035680,17.027099,2.163e-02,31.069,281.782,-0.756,rate_mode
VG2,6503272815,-315591849.6,1989-12-31T19:34:54,2879.995680,16.666692,1.500e-06,31.069,281.782,-0.756,calibration
VG2,6533136015,-313800059.3,1990-01-21T13:18:04,2879.988720,16.666732,3.917e-06,31.209,281.833,-1.013,calibration
VG2,6533616015,-313771259.4,1990-01-21T21:18:03,2879.995140,16.666695,1.688e-06,31.211,281.834,-1.017,calibration
VG2,6543264015,-313192380.4,1990-01-28T14:06:02,2879.999280,16.666671,2.500e-07,31.257,281.850,-1.099,calibration
VG2,6543744015,-313163580.4,1990-01-28T22:06:02,2879.996340,16.666688,1.271e-06,31.259,281.851,-1.104,calibration
VG2,6547680015,-312927420.7,1990-01-31T15:42:02,2879.985900,16.666748,4.896e-06,31.277,281.858,-1.137,calibration
VG2,6548160015,-312898620.8,1990-01-31T23:42:02,2879.995860,16.666691,1.438e-06,31.280,281.858,-1.141,calibration
VG2,6602256015,-309652865.5,1990-03-10T13:17:57,2880.000180,16.666666,-6.250e-08,31.535,281.949,-1.599,calibration
VG2,6602736015,-309624065.5,1990-03-10T21:17:57,2879.996400,16.666688,1.250e-06,31.537,281.950,-1.603,calibration
VG2,6612000015,-309068226.2,1990-03-17T07:41:57,2879.993100,16.666707,2.396e-06,31.581,281.965,-1.681,calibration
VG2,6612480015,-309039426.2,1990-03-17T15:41:57,2879.995500,16.666693,1.563e-06,31.583,281.966,-1.685,calibration
VG2,6640080015,-307383428.8,1990-04-05T19:41:54,2880.001800,16.666656,-6.250e-07,31.714,282.012,-1.915,calibration
VG2,6640560015,-307354628.8,1990-04-06T03:41:54,2879.995740,16.666691,1.479e-06,31.716,282.012,-1.919,calibration
VG2,6765600015,-299852239.9,1990-07-01T23:41:43,2879.992260,16.666711,2.688e-06,32.314,282.214,-2.938,calibration
VG2,6766080015,-299823440.0,1990-07-02T07:41:43,2879.995800,16.666691,1.458e-06,32.316,282.215,-2.942,calibration
VG2,6775152015,-299279120.8,1990-07-08T14:53:42,2879.989320,16.666728,3.708e-06,32.360,282.229,-3.014,calibration
VG2,6775632015,-299250320.9,1990-07-08T22:53:42,2879.995560,16.666692,1.542e-06,32.362,282.230,-3.018,calibration
VG2,6808392015,-297284723.9,1990-07-31T16:53:39,31237.195560,1.536630,-9.078e-01,32.521,282.282,-3.278,rate_mode
VG2,6808392815,-297284203.3,1990-07-31T17:02:20,2879.995440,16.666693,1.583e-06,32.521,282.282,-3.278,calibration
VG2,6835920015,-295632573.9,1990-08-19T19:49:29,2880.003840,16.666644,-1.333e-06,32.654,282.325,-3.495,calibration
VG2,6836400015,-295603773.9,1990-08-20T03:49:29,2879.996160,16.666689,1.333e-06,32.656,282.325,-3.498,calibration
VG2,6849744015,-294803134.9,1990-08-29T10:13:28,2879.989320,16.666728,3.708e-06,32.721,282.346,-3.603,calibration
VG2,6850224015,-294774335.0,1990-08-29T18:13:28,2879.995500,16.666693,1.563e-06,32.724,282.347,-3.606,calibration
VG2,6905088015,-291482500.2,1990-10-06T20:37:23,2879.989500,16.666727,3.646e-06,32.991,282.431,-4.031,calibration
VG2,6905568015,-291453700.3,1990-10-07T04:37:23,2879.995440,16.666693,1.583e-06,32.993,282.432,-4.034,calibration
VG2,6977808015,-287119307.2,1990-11-26T08:37:16,2879.988480,16.666733,4.000e-06,33.348,282.541,-4.583,calibration
VG2,6978288015,-287090507.3,1990-11-26T16:37:16,2879.995380,16.666693,1.604e-06,33.350,282.542,-4.586,calibration
VG2,7007280015,-285350990.1,1990-12-16T19:49:13,2880.021000,16.666545,-7.292e-06,33.493,282.585,-4.803,calibration
VG2,7007760015,-285322189.8,1990-12-17T03:49:13,2879.995320,16.666694,1.625e-06,33.495,282.586,-4.807,calibration
VG2,7028851215,-284056719.9,1990-12-31T19:20:23,2819.995320,17.021305,2.128e-02,33.599,282.617,-4.963,rate_mode
VG2,7028852015,-284056672.9,1990-12-31T19:21:10,2879.995320,16.666694,1.625e-06,33.599,282.617,-4.963,calibration
VG2,7050192015,-282776274.0,1991-01-15T15:01:08,2880.029220,16.666498,-1.015e-05,33.705,282.648,-5.120,calibration
VG2,7050672015,-282747473.7,1991-01-15T23:01:08,2879.998320,16.666676,5.833e-07,33.707,282.649,-5.124,calibration
VG2,7050960015,-282730193.8,1991-01-16T03:49:08,2879.995560,16.666692,1.542e-06,33.709,282.649,-5.126,calibration
VG2,7051152015,-282718673.7,1991-01-16T07:01:08,2879.994720,16.666697,1.833e-06,33.710,282.650,-5.128,calibration
VG2,7067280015,-281750995.5,1991-01-27T11:49:06,2880.011820,16.666598,-4.104e-06,33.790,282.673,-5.246,calibration
VG2,7067760015,-281722195.4,1991-01-27T19:49:06,2879.994000,16.666701,2.083e-06,33.792,282.674,-5.249,calibration
VG2,7074960015,-281290196.3,1991-02-01T19:49:06,2880.009240,16.666613,-3.208e-06,33.828,282.684,-5.302,calibration
VG2,7075440015,-281261396.2,1991-02-02T03:49:06,2879.995860,16.666691,1.438e-06,33.830,282.685,-5.305,calibration
VG2,7124400015,-278323800.4,1991-03-08T03:49:01,2879.976660,16.666802,8.104e-06,34.074,282.756,-5.660,calibration
VG2,7124880015,-278295000.6,1991-03-08T11:49:01,2879.994540,16.666698,1.896e-06,34.076,282.757,-5.663,calibration
VG2,7136880015,-277575002.0,1991-03-16T19:49:00,2880.000480,16.666664,-1.667e-07,34.136,282.774,-5.750,calibration
VG2,7137360015,-277546202.0,1991-03-17T03:49:00,2879.995380,16.666693,1.604e-06,34.139,282.775,-5.753,calibration
VG2,7197216015,-273954847.7,1991-04-27T17:24:54,2880.002580,16.666652,-8.958e-07,34.438,282.860,-6.178,calibration
VG2,7197696015,-273926047.7,1991-04-28T01:24:54,2879.995500,16.666693,1.563e-06,34.441,282.860,-6.181,calibration
VG2,7260000015,-270187813.6,1991-06-10T07:48:48,2879.989200,16.666729,3.750e-06,34.754,282.947,-6.616,calibration
VG2,7260480015,-270159013.7,1991-06-10T15:48:48,2879.995380,16.666693,1.604e-06,34.757,282.948,-6.619,calibration
VG2,7298880015,-267855017.4,1991-07-07T07:48:44,2880.002100,16.666655,-7.292e-07,34.951,283.001,-6.883,calibration
VG2,7299360015,-267826217.3,1991-07-07T15:48:44,2879.995440,16.666693,1.583e-06,34.953,283.002,-6.887,calibration
VG2,7358736015,-264263663.0,1991-08-17T21:24:39,2879.989320,16.666728,3.708e-06,35.254,283.083,-7.289,calibration
VG2,7359216015,-264234863.1,1991-08-18T05:24:39,2879.995320,16.666694,1.625e-06,35.257,283.083,-7.292,calibration
VG2,7412880015,-261015028.3,1991-09-24T11:48:33,2879.989380,16.666728,3.688e-06,35.530,283.155,-7.650,calibration
VG2,7413360015,-260986228.4,1991-09-24T19:48:33,2879.994900,16.666696,1.771e-06,35.533,283.156,-7.653,calibration
VG2,7420080015,-260583029.1,1991-09-29T11:48:33,2879.997960,16.666678,7.083e-07,35.567,283.165,-7.697,calibration
VG2,7420560015,-260554229.2,1991-09-29T19:48:33,2879.995080,16.666695,1.708e-06,35.570,283.166,-7.700,calibration
VG2,7425840015,-260237429.7,1991-10-03T11:48:32,2880.002160,16.666654,-7.500e-07,35.597,283.173,-7.735,calibration
VG2,7426320015,-260208629.7,1991-10-03T19:48:32,2879.995320,16.666694,1.625e-06,35.599,283.173,-7.738,calibration
VG2,7434480015,-259719030.5,1991-10-09T11:48:31,2880.000480,16.666664,-1.667e-07,35.641,283.184,-7.792,calibration
VG2,7434960015,-259690230.5,1991-10-09T19:48:31,2879.995560,16.666692,1.542e-06,35.643,283.185,-7.795,calibration
VG2,7468080015,-257703033.5,1991-11-01T19:48:28,2879.988900,16.666731,3.854e-06,35.813,283.229,-8.012,calibration
VG2,7468560015,-257674233.7,1991-11-02T03:48:28,2879.995440,16.666693,1.583e-06,35.815,283.229,-8.015,calibration
VG2,7531920015,-253872639.7,1991-12-16T03:48:22,2880.002700,16.666651,-9.375e-07,36.141,283.312,-8.423,calibration
VG2,7532400015,-253843839.6,1991-12-16T11:48:22,2879.996040,16.666690,1.375e-06,36.143,283.312,-8.426,calibration
VG2,7544400015,-253123840.6,1991-12-24T19:48:21,2879.988360,16.666734,4.042e-06,36.205,283.328,-8.503,calibration
VG2,7544880015,-253095040.8,1991-12-25T03:48:21,2879.995320,16.666694,1.625e-06,36.208,283.329,-8.506,calibration
VG2,7594320015,-250128645.6,1992-01-28T11:48:16,2879.988360,16.666734,4.042e-06,36.463,283.392,-8.819,calibration
VG2,7594800015,-250099845.7,1992-01-28T19:48:16,2879.995260,16.666694,1.646e-06,36.465,283.393,-8.822,calibration
VG2,7674864015,-245296013.6,1992-03-24T10:12:08,2879.989080,16.666730,3.792e-06,36.881,283.494,-9.319,calibration
VG2,7675344015,-245267213.7,1992-03-24T18:12:08,2879.994720,16.666697,1.833e-06,36.883,283.494,-9.321,calibration
VG2,7682064015,-244864014.4,1992-03-29T10:12:07,2880.001380,16.666659,-4.792e-07,36.918,283.503,-9.363,calibration
VG2,7682544015,-244835214.4,1992-03-29T18:12:07,2879.995320,16.666694,1.625e-06,36.921,283.503,-9.366,calibration
VG2,7769328015,-239628182.9,1992-05-29T00:35:59,2880.001500,16.666658,-5.208e-07,37.373,283.611,-9.890,calibration
VG2,7769808015,-239599382.9,1992-05-29T08:35:59,2879.995200,16.666694,1.667e-06,37.376,283.611,-9.893,calibration
VG2,7791936015,-238271705.1,1992-06-13T17:23:57,2880.001140,16.666660,-3.958e-07,37.492,283.638,-10.025,calibration
VG2,7792416015,-238242905.1,1992-06-14T01:23:57,2879.996700,16.666686,1.146e-06,37.494,283.639,-10.028,calibration
VG2,7797936015,-237911705.5,1992-06-17T21:23:56,2879.989200,16.666729,3.750e-06,37.523,283.645,-10.061,calibration
VG2,7798416015,-237882905.6,1992-06-18T05:23:56,2879.995980,16.666690,1.396e-06,37.526,283.646,-10.064,calibration
VG2,7805520015,-237456666.2,1992-06-23T03:47:56,2879.989740,16.666726,3.563e-06,37.563,283.655,-10.106,calibration
VG2,7806000015,-237427866.3,1992-06-23T11:47:56,2879.995140,16.666695,1.688e-06,37.565,283.655,-10.108,calibration
VG2,7816812015,-236779147.4,1992-06-30T23:59:54,2819.995140,17.021306,2.128e-02,37.622,283.668,-10.172,rate_mode
VG2,7816812815,-236779099.4,1992-07-01T00:00:41,2879.995140,16.666695,1.688e-06,37.622,283.668,-10.172,calibration
VG2,7847712015,-234925150.5,1992-07-22T10:59:50,2880.000600,16.666663,-2.083e-07,37.784,283.705,-10.354,calibration
VG2,7848192015,-234896350.5,1992-07-22T18:59:50,2879.995200,16.666694,1.667e-06,37.787,283.706,-10.357,calibration
VG2,7925568015,-230253798.2,1992-09-14T12:35:43,2879.988960,16.666731,3.833e-06,38.195,283.798,-10.804,calibration
VG2,7926048015,-230224998.3,1992-09-14T20:35:42,2879.995140,16.666695,1.688e-06,38.197,283.799,-10.807,calibration
VG2,7939200015,-229435879.7,1992-09-23T23:47:41,2879.989020,16.666730,3.813e-06,38.267,283.814,-10.882,calibration
VG2,7939680015,-229407079.8,1992-09-24T07:47:41,2879.995380,16.666693,1.604e-06,38.269,283.815,-10.884,calibration
VG2,7990800015,-226339884.7,1992-10-29T19:47:36,2879.990460,16.666722,3.313e-06,38.540,283.874,-11.174,calibration
VG2,7991280015,-226311084.8,1992-10-30T03:47:36,2879.995260,16.666694,1.646e-06,38.542,283.875,-11.176,calibration
VG2,8054640015,-222509491.0,1992-12-13T03:47:30,2880.001260,16.666659,-4.375e-07,38.878,283.948,-11.529,calibration
VG2,8055120015,-222480691.0,1992-12-13T11:47:30,2879.995980,16.666690,1.396e-06,38.881,283.948,-11.532,calibration
VG2,8066160015,-221818292.0,1992-12-21T03:47:29,2879.989440,16.666728,3.667e-06,38.940,283.961,-11.593,calibration
VG2,8066640015,-221789492.1,1992-12-21T11:47:29,2879.995200,16.666694,1.667e-06,38.942,283.962,-11.595,calibration
VG2,8108592015,-219272376.3,1993-01-19T14:59:25,2879.989260,16.666729,3.729e-06,39.166,284.009,-11.825,calibration
VG2,8109072015,-219243576.4,1993-01-19T22:59:24,2879.995080,16.666695,1.708e-06,39.168,284.010,-11.827,calibration
VG2,8121600015,-218491897.6,1993-01-28T15:47:23,2880.000600,16.666663,-2.083e-07,39.235,284.024,-11.895,calibration
VG2,8122080015,-218463097.6,1993-01-28T23:47:23,2879.995200,16.666694,1.667e-06,39.238,284.024,-11.898,calibration
VG2,8160240015,-216173501.5,1993-02-24T11:47:19,2879.988660,16.666732,3.938e-06,39.442,284.067,-12.104,calibration
VG2,8160720015,-216144701.6,1993-02-24T19:47:19,2879.995080,16.666695,1.708e-06,39.444,284.068,-12.106,calibration
VG2,8231280015,-211911108.8,1993-04-14T19:47:12,2880.000840,16.666662,-2.917e-07,39.822,284.146,-12.481,calibration
VG2,8231760015,-211882308.8,1993-04-15T03:47:12,2879.995200,16.666694,1.667e-06,39.825,284.146,-12.484,calibration
VG2,8314800015,-206899917.1,1993-06-11T19:47:04,2880.002040,16.666655,-7.083e-07,40.271,284.237,-12.915,calibration
VG2,8315280015,-206871117.1,1993-06-12T03:47:04,2879.996100,16.666689,1.354e-06,40.274,284.237,-12.918,calibration
VG2,8332608015,-205831438.5,1993-06-24T04:35:02,2879.989140,16.666730,3.771e-06,40.367,284.256,-13.007,calibration
VG2,8333088015,-205802638.6,1993-06-24T12:35:02,2879.995440,16.666693,1.583e-06,40.370,284.256,-13.009,calibration
VG2,8342412815,-205243151.5,1993-06-30T23:59:49,2819.995440,17.021304,2.128e-02,40.420,284.266,-13.057,rate_mode
VG2,8342413615,-205243103.5,1993-07-01T00:00:36,2879.995440,16.666693,1.583e-06,40.420,284.266,-13.057,calibration
VG2,8366112015,-203821201.7,1993-07-17T10:58:58,2880.001080,16.666660,-3.750e-07,40.548,284.292,-13.178,calibration
VG2,8366592015,-203792401.7,1993-07-17T18:58:58,2879.996220,16.666689,1.313e-06,40.550,284.292,-13.180,calibration
VG2,8375856015,-203236562.4,1993-07-24T05:22:57,2879.988720,16.666732,3.917e-06,40.600,284.302,-13.227,calibration
VG2,8376336015,-203207762.6,1993-07-24T13:22:57,2879.995440,16.666693,1.583e-06,40.603,284.303,-13.229,calibration
VG2,8402112015,-201661205.0,1993-08-11T10:58:55,2880.001620,16.666657,-5.625e-07,40.742,284.330,-13.359,calibration
VG2,8402592015,-201632405.0,1993-08-11T18:58:55,2879.995620,16.666692,1.521e-06,40.745,284.331,-13.362,calibration
VG2,8438640015,-199469528.3,1993-09-05T19:46:52,2879.988420,16.666734,4.021e-06,40.940,284.369,-13.542,calibration
VG2,8439120015,-199440728.4,1993-09-06T03:46:51,2879.995500,16.666693,1.563e-06,40.942,284.369,-13.544,calibration
VG2,8458992015,-198248410.3,1993-09-19T22:58:50,2879.989440,16.666728,3.667e-06,41.050,284.390,-13.643,calibration
VG2,8459472015,-198219610.4,1993-09-20T06:58:49,2879.994960,16.666696,1.750e-06,41.053,284.390,-13.645,calibration
VG2,8469552015,-197614811.4,1993-09-27T06:58:48,2880.001620,16.666657,-5.625e-07,41.107,284.401,-13.695,calibration
VG2,8470032015,-197586011.4,1993-09-27T14:58:48,2879.995620,16.666692,1.521e-06,41.110,284.401,-13.698,calibration
VG2,8503920015,-195552734.5,1993-10-21T03:46:45,2879.989080,16.666730,3.792e-06,41.294,284.437,-13.864,calibration
VG2,8504400015,-195523934.6,1993-10-21T11:46:45,2879.995560,16.666692,1.542e-06,41.297,284.437,-13.866,calibration
VG2,8581632015,-190890021.8,1993-12-14T02:58:38,2880.002460,16.666652,-8.542e-07,41.717,284.516,-14.240,calibration
VG2,8582112015,-190861221.7,1993-12-14T10:58:38,2879.996460,16.666687,1.229e-06,41.719,284.517,-14.243,calibration
VG2,8590800015,-190339942.4,1993-12-20T11:46:37,2879.988540,16.666733,3.979e-06,41.767,284.526,-14.284,calibration
VG2,8591280015,-190311142.5,1993-12-20T19:46:37,2879.995680,16.666692,1.500e-06,41.769,284.526,-14.286,calibration
VG2,8617008015,-188767464.8,1994-01-07T16:34:35,2879.989320,16.666728,3.708e-06,41.910,284.552,-14.409,calibration
VG2,8617488015,-188738664.9,1994-01-08T00:34:35,2879.995560,16.666692,1.542e-06,41.912,284.553,-14.411,calibration
VG2,8640528015,-187356267.0,1994-01-24T00:34:33,2880.002640,16.666651,-9.167e-07,42.038,284.576,-14.520,calibration
VG2,8641008015,-187327467.0,1994-01-24T08:34:33,2879.996340,16.666688,1.271e-06,42.041,284.576,-14.523,calibration
VG2,8649984015,-186788907.7,1994-01-30T14:10:32,2879.990040,16.666724,3.458e-06,42.090,284.586,-14.565,calibration
VG2,8650464015,-186760107.8,1994-01-30T22:10:32,2879.995560,16.666692,1.542e-06,42.092,284.586,-14.567,calibration
VG2,8680512015,-184957230.6,1994-02-20T18:58:29,2880.001860,16.666656,-6.458e-07,42.257,284.616,-14.708,calibration
VG2,8680992015,-184928430.6,1994-02-21T02:58:29,2879.995920,16.666690,1.417e-06,42.259,284.617,-14.710,calibration
VG2,8746656015,-180988596.1,1994-04-07T17:22:24,2880.001380,16.666659,-4.792e-07,42.619,284.682,-15.014,calibration
VG2,8747136015,-180959796.1,1994-04-08T01:22:24,2879.996100,16.666689,1.354e-06,42.622,284.682,-15.017,calibration
VG2,8820912015,-176533242.1,1994-05-29T06:58:18,2879.989260,16.666729,3.729e-06,43.027,284.754,-15.352,calibration
VG2,8821392015,-176504442.2,1994-05-29T14:58:18,2879.995980,16.666690,1.396e-06,43.029,284.754,-15.354,calibration
VG2,8841552015,-175294843.9,1994-06-12T14:58:16,2880.002520,16.666652,-8.750e-07,43.140,284.774,-15.445,calibration
VG2,8842032015,-175266043.9,1994-06-12T22:58:16,2879.996760,16.666685,1.125e-06,43.143,284.774,-15.447,calibration
VG2,8853984015,-174548924.7,1994-06-21T06:10:15,2879.989800,16.666726,3.542e-06,43.209,284.786,-15.500,calibration
VG2,8854464015,-174520124.8,1994-06-21T14:10:15,2879.995920,16.666690,1.417e-06,43.211,284.786,-15.502,calibration
VG2,8868013615,-173707150.0,1994-06-30T23:59:50,2819.995920,17.021301,2.128e-02,43.286,284.799,-15.563,rate_mode
VG2,8868014415,-173707102.0,1994-07-01T00:00:37,2879.995920,16.666690,1.417e-06,43.286,284.799,-15.563,calibration
VG2,8899872015,-171795648.7,1994-07-23T02:58:10,2879.988720,16.666732,3.917e-06,43.462,284.830,-15.704,calibration
VG2,8900352015,-171766848.8,1994-07-23T10:58:10,2879.995260,16.666694,1.646e-06,43.464,284.830,-15.706,calibration
VG2,8909088015,-171242689.6,1994-07-29T12:34:09,2880.001920,16.666656,-6.667e-07,43.512,284.839,-15.745,calibration
VG2,8909568015,-171213889.6,1994-07-29T20:34:09,2879.996040,16.666690,1.375e-06,43.515,284.839,-15.747,calibration
VG2,8917008015,-170767490.2,1994-08-04T00:34:09,2879.996040,16.666690,1.375e-06,43.556,284.846,-15.780,calibration
VG2,8917008815,-170767442.2,1994-08-04T00:34:57,2879.996040,16.666690,1.375e-06,43.556,284.846,-15.780,calibration
VG2,8986032015,-166626055.9,1994-09-20T22:58:03,2879.988960,16.666731,3.833e-06,43.937,284.911,-16.080,calibration
VG2,8986512015,-166597256.0,1994-09-21T06:58:03,2879.995200,16.666694,1.667e-06,43.940,284.912,-16.082,calibration
VG2,8990880015,-166335176.5,1994-09-24T07:46:02,2880.001620,16.666657,-5.625e-07,43.964,284.916,-16.101,calibration
VG2,8991360015,-166306376.5,1994-09-24T15:46:02,2879.995980,16.666690,1.396e-06,43.967,284.916,-16.103,calibration
VG2,9036816015,-163579020.3,1994-10-26T05:21:59,2880.002580,16.666652,-8.958e-07,44.218,284.958,-16.298,calibration
VG2,9037296015,-163550220.2,1994-10-26T13:21:59,2879.996580,16.666686,1.188e-06,44.221,284.959,-16.300,calibration
VG2,9050592015,-162752461.2,1994-11-04T18:57:58,2879.989320,16.666728,3.708e-06,44.295,284.971,-16.357,calibration
VG2,9051072015,-162723661.3,1994-11-05T02:57:58,2879.995920,16.666690,1.417e-06,44.297,284.972,-16.359,calibration
VG2,9093744015,-160163344.9,1994-12-04T18:09:54,2879.989020,16.666730,3.813e-06,44.534,285.011,-16.539,calibration
VG2,9094224015,-160134545.0,1994-12-05T02:09:54,2879.995920,16.666690,1.417e-06,44.537,285.011,-16.541,calibration
VG2,9105696015,-159446226.0,1994-12-13T01:21:53,2880.003120,16.666649,-1.083e-06,44.600,285.022,-16.589,calibration
VG2,9106176015,-159417426.0,1994-12-13T09:21:53,2879.996760,16.666685,1.125e-06,44.603,285.022,-16.591,calibration
VG2,9113856015,-158956626.5,1994-12-18T17:21:52,2879.989860,16.666725,3.521e-06,44.646,285.029,-16.624,calibration
VG2,9114336015,-158927826.6,1994-12-19T01:21:52,2879.995920,16.666690,1.417e-06,44.648,285.030,-16.626,calibration
VG2,9135552015,-157654868.4,1995-01-02T18:57:50,2880.150120,16.665798,-5.212e-05,44.766,285.049,-16.714,calibration
VG2,9136032015,-157626066.9,1995-01-03T02:57:52,2879.995080,16.666695,1.708e-06,44.769,285.049,-16.716,calibration
VG2,9247392015,-150944478.3,1995-03-21T10:57:41,2879.998380,16.666676,5.625e-07,45.389,285.149,-17.173,calibration
VG2,9247872015,-150915678.3,1995-03-21T18:57:40,2879.993940,16.666702,2.104e-06,45.391,285.150,-17.175,calibration
VG2,9250368015,-150765918.6,1995-03-23T12:33:40,2879.999880,16.666667,4.167e-08,45.405,285.152,-17.185,calibration
VG2,9250848015,-150737118.6,1995-03-23T20:33:40,2879.995980,16.666690,1.396e-06,45.408,285.153,-17.187,calibration
VG2,9303456015,-147580643.0,1995-04-29T09:21:36,2879.990280,16.666723,3.375e-06,45.702,285.199,-17.398,calibration
VG2,9303936015,-147551843.1,1995-04-29T17:21:36,2879.995920,16.666690,1.417e-06,45.704,285.199,-17.400,calibration
VG2,9315360015,-146866404.1,1995-05-07T15:45:35,2880.002940,16.666650,-1.021e-06,45.768,285.209,-17.446,calibration
VG2,9315840015,-146837604.1,1995-05-07T23:45:35,2879.996460,16.666687,1.229e-06,45.771,285.210,-17.448,calibration
VG2,9323472015,-146379684.7,1995-05-13T06:57:34,2879.989500,16.666727,3.646e-06,45.813,285.217,-17.478,calibration
VG2,9323952015,-146350884.8,1995-05-13T14:57:34,2879.995980,16.666690,1.396e-06,45.816,285.217,-17.480,calibration
VG2,9358128015,-144300327.6,1995-06-06T08:33:31,2879.992800,16.666708,2.500e-06,46.007,285.247,-17.615,calibration
VG2,9358608015,-144271527.7,1995-06-06T16:33:31,2879.995560,16.666692,1.542e-06,46.010,285.247,-17.617,calibration
VG2,9365616015,-143851048.3,1995-06-11T13:21:30,2880.002580,16.666652,-8.958e-07,46.049,285.253,-17.644,calibration
VG2,9366096015,-143822248.3,1995-06-11T21:21:31,2879.996520,16.666687,1.208e-06,46.052,285.254,-17.646,calibration
VG2,9376512015,-143197289.1,1995-06-19T02:57:30,2879.989380,16.666728,3.688e-06,46.110,285.263,-17.687,calibration
VG2,9376992015,-143168489.2,1995-06-19T10:57:30,2879.995860,16.666691,1.438e-06,46.113,285.263,-17.689,calibration
VG2,9498192015,-135896499.6,1995-09-11T14:57:19,2879.988840,16.666731,3.875e-06,46.792,285.367,-18.157,calibration
VG2,9498672015,-135867699.7,1995-09-11T22:57:19,2879.995920,16.666690,1.417e-06,46.795,285.367,-18.159,calibration
VG2,9508368015,-135285940.6,1995-09-18T16:33:18,2879.987700,16.666738,4.271e-06,46.849,285.375,-18.196,calibration
VG2,9508848015,-135257140.7,1995-09-19T00:33:18,2879.995080,16.666695,1.708e-06,46.852,285.376,-18.198,calibration
VG2,9515136015,-134879861.3,1995-09-23T09:21:17,2880.001620,16.666657,-5.625e-07,46.887,285.381,-18.222,calibration
VG2,9515616015,-134851061.3,1995-09-23T17:21:18,2879.995800,16.666691,1.458e-06,46.890,285.381,-18.223,calibration
VG2,9545328015,-133068343.9,1995-10-14T08:33:15,2880.001140,16.666660,-3.958e-07,47.057,285.406,-18.336,calibration
VG2,9545808015,-133039543.9,1995-10-14T16:33:15,2879.995920,16.666690,1.417e-06,47.060,285.407,-18.338,calibration
VG2,9579696015,-131006266.8,1995-11-07T05:21:12,2880.002340,16.666653,-8.125e-07,47.250,285.435,-18.465,calibration
VG2,9580176015,-130977466.8,1995-11-07T13:21:12,2879.996460,16.666687,1.229e-06,47.253,285.436,-18.466,calibration
VG2,9586320015,-130608827.2,1995-11-11T19:45:12,2879.989260,16.666729,3.729e-06,47.288,285.441,-18.489,calibration
VG2,9586800015,-130580027.3,1995-11-12T03:45:11,2879.995740,16.666691,1.479e-06,47.290,285.441,-18.491,calibration
VG2,9625728015,-128244350.8,1995-12-09T04:33:08,2880.002160,16.666654,-7.500e-07,47.509,285.473,-18.635,calibration
VG2,9626208015,-128215550.8,1995-12-09T12:33:08,2879.996340,16.666688,1.271e-06,47.512,285.474,-18.637,calibration
VG2,9640848015,-127337151.9,1995-12-19T16:33:07,2879.989800,16.666726,3.542e-06,47.595,285.486,-18.691,calibration
VG2,9641328015,-127308352.0,1995-12-20T00:33:07,2879.995680,16.666692,1.500e-06,47.597,285.486,-18.693,calibration
VG2,9658574415,-126273569.5,1995-12-31T23:59:29,2819.995680,17.021303,2.128e-02,47.694,285.500,-18.756,rate_mode
VG2,9658575215,-126273521.5,1996-01-01T00:00:16,2879.995680,16.666692,1.500e-06,47.694,285.500,-18.756,calibration
VG2,9696096015,-124022276.9,1996-01-27T01:21:01,2880.001560,16.666658,-5.417e-07,47.906,285.531,-18.893,calibration
VG2,9696576015,-123993476.9,1996-01-27T09:21:01,2879.996160,16.666689,1.333e-06,47.909,285.531,-18.895,calibration
VG2,9751488015,-120698761.3,1996-03-05T12:32:57,2879.990040,16.666724,3.458e-06,48.219,285.576,-19.093,calibration
VG2,9751968015,-120669961.4,1996-03-05T20:32:56,2879.995920,16.666690,1.417e-06,48.222,285.576,-19.095,calibration
VG2,9799968015,-117789965.5,1996-04-08T04:32:52,2880.002280,16.666653,-7.917e-07,48.493,285.615,-19.266,calibration
VG2,9800448015,-117761165.4,1996-04-08T12:32:52,2879.996160,16.666689,1.333e-06,48.496,285.615,-19.267,calibration
VG2,9851856015,-114676689.5,1996-05-14T05:20:48,2879.987880,16.666737,4.208e-06,48.786,285.656,-19.449,calibration
VG2,9852336015,-114647889.7,1996-05-14T13:20:48,2879.995140,16.666695,1.688e-06,48.789,285.656,-19.450,calibration
VG2,9859536015,-114215890.4,1996-05-19T13:20:47,2880.002460,16.666652,-8.542e-07,48.830,285.662,-19.475,calibration
VG2,9860016015,-114187090.4,1996-05-19T21:20:47,2879.995920,16.666690,1.417e-06,48.833,285.662,-19.477,calibration
VG2,9874032015,-113346131.6,1996-05-29T14:56:46,2880.002220,16.666654,-7.708e-07,48.912,285.673,-19.526,calibration
VG2,9874512015,-113317331.5,1996-05-29T22:56:46,2879.996040,16.666690,1.375e-06,48.915,285.674,-19.528,calibration
VG2,9884400015,-112724052.4,1996-06-05T19:44:45,2879.997360,16.666682,9.167e-07,48.971,285.682,-19.562,calibration
VG2,9884880015,-112695252.4,1996-06-06T03:44:45,2879.996520,16.666687,1.208e-06,48.974,285.682,-19.564,calibration
VG2,9905136015,-111479893.9,1996-06-20T05:20:44,2879.990100,16.666724,3.438e-06,49.088,285.698,-19.634,calibration
VG2,9905616015,-111451094.0,1996-06-20T13:20:44,2879.996040,16.666690,1.375e-06,49.091,285.698,-19.636,calibration
VG2,9943968015,-109149977.1,1996-07-17T04:32:41,2879.990520,16.666722,3.292e-06,49.309,285.728,-19.768,calibration
VG2,9944448015,-109121177.2,1996-07-17T12:32:41,2879.995980,16.666690,1.396e-06,49.311,285.728,-19.769,calibration
VG2,9997248015,-105953181.6,1996-08-23T04:32:36,2879.990760,16.666720,3.208e-06,49.611,285.769,-19.949,calibration
VG2,9997728015,-105924381.7,1996-08-23T12:32:36,2879.995920,16.666690,1.417e-06,49.614,285.770,-19.951,calibration
VG2,10031568015,-103893984.6,1996-09-16T00:32:33,2879.988840,16.666731,3.875e-06,49.806,285.796,-20.065,calibration
VG2,10032048015,-103865184.7,1996-09-16T08:32:33,2879.995320,16.666694,1.625e-06,49.809,285.796,-20.066,calibration
VG2,10039344015,-103427425.4,1996-09-21T10:08:32,2880.001200,16.666660,-4.167e-07,49.850,285.801,-20.091,calibration
VG2,10039824015,-103398625.4,1996-09-21T18:08:32,2879.996040,16.666690,1.375e-06,49.853,285.802,-20.093,calibration
VG2,10097280015,-99951270.2,1996-10-31T15:44:28,2880.002700,16.666651,-9.375e-07,50.180,285.845,-20.284,calibration
VG2,10097760015,-99922470.1,1996-10-31T23:44:28,2879.996220,16.666689,1.313e-06,50.183,285.846,-20.286,calibration
VG2,10109136015,-99239911.0,1996-11-08T21:20:27,2879.990100,16.666724,3.438e-06,50.247,285.854,-20.323,calibration
VG2,10109616015,-99211111.1,1996-11-09T05:20:27,2879.995980,16.666690,1.396e-06,50.250,285.855,-20.325,calibration
VG2,10163808015,-95959595.7,1996-12-16T20:32:22,2879.990580,16.666721,3.271e-06,50.559,285.895,-20.502,calibration
VG2,10164288015,-95930795.8,1996-12-17T04:32:22,2879.995920,16.666690,1.417e-06,50.561,285.896,-20.504,calibration
VG2,10219536015,-92615920.5,1997-01-24T13:20:17,2879.989560,16.666727,3.625e-06,50.877,285.937,-20.683,calibration
VG2,10220016015,-92587120.6,1997-01-24T21:20:17,2879.995860,16.666691,1.438e-06,50.879,285.937,-20.685,calibration
VG2,10239408015,-91423602.2,1997-02-07T08:32:16,2880.001140,16.666660,-3.958e-07,50.990,285.951,-20.747,calibration
VG2,10239888015,-91394802.2,1997-02-07T16:32:16,2879.995980,16.666690,1.396e-06,50.993,285.952,-20.748,calibration
VG2,10288512015,-88477366.3,1997-03-13T10:56:12,2879.989140,16.666730,3.771e-06,51.270,285.987,-20.903,calibration
VG2,10288992015,-88448566.4,1997-03-13T18:56:11,2879.995920,16.666690,1.417e-06,51.273,285.988,-20.905,calibration
VG2,10304400015,-87524087.7,1997-03-24T11:44:10,2879.989380,16.666728,3.688e-06,51.361,285.999,-20.954,calibration
VG2,10304880015,-87495287.8,1997-03-24T19:44:10,2879.995140,16.666695,1.688e-06,51.364,285.999,-20.955,calibration
VG2,10312080015,-87063288.5,1997-03-29T19:44:09,2880.001740,16.666657,-6.042e-07,51.405,286.004,-20.978,calibration
VG2,10312560015,-87034488.5,1997-03-30T03:44:09,2879.995980,16.666690,1.396e-06,51.408,286.005,-20.979,calibration
VG2,10344288015,-85130811.2,1997-04-21T04:32:07,2880.003000,16.666649,-1.042e-06,51.589,286.028,-21.079,calibration
VG2,10344768015,-85102011.2,1997-04-21T12:32:07,2879.996640,16.666686,1.167e-06,51.592,286.028,-21.081,calibration
VG2,10353120015,-84600891.7,1997-04-27T07:44:06,2879.988720,16.666732,3.917e-06,51.640,286.034,-21.107,calibration
VG2,10353600015,-84572091.9,1997-04-27T15:44:06,2879.995800,16.666691,1.458e-06,51.642,286.034,-21.108,calibration
VG2,10397376015,-81945535.7,1997-05-28T01:20:02,2880.001140,16.666660,-3.958e-07,51.893,286.066,-21.244,calibration
VG2,10397856015,-81916735.7,1997-05-28T09:20:02,2879.995800,16.666691,1.458e-06,51.896,286.066,-21.246,calibration
VG2,10424016015,-80347138.0,1997-06-15T13:20:00,2880.001920,16.666656,-6.667e-07,52.045,286.085,-21.326,calibration
VG2,10424496015,-80318337.9,1997-06-15T21:20:00,2879.996100,16.666689,1.354e-06,52.048,286.085,-21.328,calibration
VG2,10429680015,-80007298.4,1997-06-19T11:43:59,2880.002100,16.666655,-7.292e-07,52.078,286.089,-21.344,calibration
VG2,10430160015,-79978498.3,1997-06-19T19:43:59,2879.996160,16.666689,1.333e-06,52.081,286.089,-21.345,calibration
VG2,10446256015,-79012739.6,1997-06-30T23:59:58,2819.996160,17.021300,2.128e-02,52.173,286.100,-21.395,rate_mode
VG2,10446256815,-79012691.6,1997-07-01T00:00:45,2879.992800,16.666708,2.500e-06,52.173,286.100,-21.395,calibration
VG2,10448352015,-78886979.9,1997-07-02T10:55:57,2880.001200,16.666660,-4.167e-07,52.185,286.102,-21.401,calibration
VG2,10448832015,-78858179.9,1997-07-02T18:55:57,2879.995920,16.666690,1.417e-06,52.187,286.102,-21.403,calibration
VG2,10475424015,-77262662.2,1997-07-21T06:07:55,2879.992380,16.666711,2.646e-06,52.340,286.121,-21.484,calibration
VG2,10475904015,-77233862.3,1997-07-21T14:07:55,2879.995500,16.666693,1.563e-06,52.343,286.121,-21.485,calibration
VG2,10488672015,-76467783.5,1997-07-30T10:55:53,2880.001680,16.666657,-5.833e-07,52.416,286.130,-21.524,calibration
VG2,10489152015,-76438983.4,1997-07-30T18:55:53,2879.995920,16.666690,1.417e-06,52.419,286.131,-21.525,calibration
VG2,10509936015,-75191945.2,1997-08-14T05:19:52,2879.989500,16.666727,3.646e-06,52.538,286.145,-21.588,calibration
VG2,10510416015,-75163145.3,1997-08-14T13:19:51,2879.995800,16.666691,1.458e-06,52.540,286.146,-21.590,calibration
VG2,10566096015,-71822350.2,1997-09-22T05:19:47,2879.986800,16.666743,4.583e-06,52.860,286.184,-21.757,calibration
VG2,10566576015,-71793550.3,1997-09-22T13:19:46,2879.994960,16.666696,1.750e-06,52.863,286.185,-21.758,calibration
VG2,10572048015,-71465230.9,1997-09-26T08:31:46,2880.000300,16.666665,-1.042e-07,52.894,286.189,-21.775,calibration
VG2,10572528015,-71436430.9,1997-09-26T16:31:46,2879.995920,16.666690,1.417e-06,52.897,286.189,-21.776,calibration
VG2,10602192015,-69656593.4,1997-10-17T06:55:43,2880.003300,16.666648,-1.146e-06,53.067,286.209,-21.864,calibration
VG2,10602672015,-69627793.4,1997-10-17T14:55:43,2879.995500,16.666693,1.563e-06,53.070,286.210,-21.865,calibration
VG2,10613568015,-68974034.4,1997-10-25T04:31:42,2880.001920,16.666656,-6.667e-07,53.133,286.217,-21.898,calibration
VG2,10614048015,-68945234.4,1997-10-25T12:31:42,2879.995980,16.666690,1.396e-06,53.135,286.217,-21.899,calibration
VG2,10657296015,-66350358.0,1997-11-24T13:19:39,2879.987340,16.666740,4.396e-06,53.384,286.247,-22.026,calibration
VG2,10657776015,-66321558.1,1997-11-24T21:19:39,2879.995260,16.666694,1.646e-06,53.387,286.247,-22.027,calibration
VG2,10663104015,-66001878.7,1997-11-28T14:07:38,2880.002220,16.666654,-7.708e-07,53.417,286.251,-22.043,calibration
VG2,10663584015,-65973078.6,1997-11-28T22:07:38,2879.995800,16.666691,1.458e-06,53.420,286.251,-22.044,calibration
VG2,10828416015,-56083173.1,1998-03-23T09:19:24,2879.988420,16.666734,4.021e-06,54.369,286.362,-22.517,calibration
VG2,10828896015,-56054373.2,1998-03-23T17:19:24,2879.995080,16.666695,1.708e-06,54.372,286.362,-22.519,calibration
VG2,10836816015,-55579174.0,1998-03-29T05:19:23,2880.001260,16.666659,-4.375e-07,54.417,286.367,-22.541,calibration
VG2,10837296015,-55550374.0,1998-03-29T13:19:23,2879.995740,16.666691,1.479e-06,54.420,286.368,-22.542,calibration
VG2,10861968015,-54070056.2,1998-04-15T16:31:21,2880.001020,16.666661,-3.542e-07,54.562,286.384,-22.611,calibration
VG2,10862448015,-54041256.2,1998-04-16T00:31:21,2879.995920,16.666690,1.417e-06,54.565,286.384,-22.613,calibration
VG2,10917552015,-50735020.8,1998-05-24T06:55:16,2879.989140,16.666730,3.771e-06,54.883,286.420,-22.766,calibration
VG2,10918032015,-50706220.9,1998-05-24T14:55:16,2879.995080,16.666695,1.708e-06,54.886,286.421,-22.767,calibration
VG2,10921680015,-50487341.3,1998-05-27T03:43:15,2880.001260,16.666659,-4.375e-07,54.907,286.423,-22.777,calibration
VG2,10922160015,-50458541.3,1998-05-27T11:43:16,2879.995800,16.666691,1.458e-06,54.910,286.423,-22.779,calibration
VG2,10951728015,-48684463.9,1998-06-17T00:31:13,2880.002160,16.666654,-7.500e-07,55.080,286.442,-22.860,calibration
VG2,10952208015,-48655663.9,1998-06-17T08:31:13,2879.996460,16.666687,1.229e-06,55.083,286.443,-22.862,calibration
VG2,10960464015,-48160304.5,1998-06-23T02:07:12,2879.988180,16.666735,4.104e-06,55.131,286.448,-22.884,calibration
VG2,10960944015,-48131504.6,1998-06-23T10:07:12,2879.995380,16.666693,1.604e-06,55.134,286.448,-22.886,calibration
VG2,10969776015,-47601585.5,1998-06-29T13:19:11,2880.001020,16.666661,-3.542e-07,55.185,286.454,-22.910,calibration
VG2,10970256015,-47572785.4,1998-06-29T21:19:11,2879.995620,16.666692,1.521e-06,55.187,286.454,-22.911,calibration
VG2,11134368015,-37726080.4,1998-10-21T20:30:56,2880.001440,16.666658,-5.000e-07,56.136,286.558,-23.352,calibration
VG2,11134848015,-37697280.4,1998-10-22T04:30:56,2879.995800,16.666691,1.458e-06,56.139,286.559,-23.354,calibration
VG2,11170800015,-35540163.6,1998-11-16T03:42:53,2880.004320,16.666642,-1.500e-06,56.347,286.581,-23.448,calibration
VG2,11171280015,-35511363.5,1998-11-16T11:42:53,2879.996700,16.666686,1.146e-06,56.350,286.581,-23.449,calibration
VG2,11209536015,-33216006.1,1998-12-13T01:18:51,2880.001680,16.666657,-5.833e-07,56.572,286.605,-23.549,calibration
VG2,11210016015,-33187206.1,1998-12-13T09:18:51,2879.997300,16.666682,9.375e-07,56.574,286.605,-23.551,calibration
VG2,11223120015,-32400966.9,1998-12-22T11:42:50,2879.988660,16.666732,3.938e-06,56.650,286.614,-23.585,calibration
VG2,11223600015,-32372167.0,1998-12-22T19:42:50,2879.996220,16.666689,1.313e-06,56.653,286.614,-23.586,calibration
VG2,11236816815,-31579160.0,1998-12-31T23:59:37,2819.996220,17.021299,2.128e-02,56.730,286.622,-23.620,rate_mode
VG2,11236817615,-31579112.0,1999-01-01T00:00:24,2879.997900,16.666679,7.292e-07,56.730,286.622,-23.620,calibration
VG2,11242080015,-31263368.2,1999-01-04T15:42:48,2879.989140,16.666730,3.771e-06,56.760,286.625,-23.634,calibration
VG2,11242560015,-31234568.4,1999-01-04T23:42:47,2879.996460,16.666687,1.229e-06,56.763,286.625,-23.635,calibration
VG2,11283456015,-28780811.4,1999-02-02T09:18:44,2880.001740,16.666657,-6.042e-07,57.000,286.650,-23.740,calibration
VG2,11283936015,-28752011.3,1999-02-02T17:18:44,2879.996520,16.666687,1.208e-06,57.003,286.651,-23.742,calibration
VG2,11381952015,-22871058.5,1999-04-11T18:54:37,2880.002880,16.666650,-1.000e-06,57.572,286.710,-23.990,calibration
VG2,11382432015,-22842258.4,1999-04-12T02:54:37,2879.996640,16.666686,1.167e-06,57.575,286.710,-23.991,calibration
VG2,11460960015,-18130583.9,1999-06-05T15:42:32,2880.002340,16.666653,-8.125e-07,58.031,286.757,-24.187,calibration
VG2,11461440015,-18101783.9,1999-06-05T23:42:32,2879.996400,16.666688,1.250e-06,58.034,286.757,-24.188,calibration
VG2,11470128015,-17580504.6,1999-06-12T00:30:31,2880.001740,16.666657,-6.042e-07,58.084,286.762,-24.210,calibration
VG2,11470608015,-17551704.5,1999-06-12T08:30:31,2879.997540,16.666681,8.542e-07,58.087,286.763,-24.211,calibration
VG2,11480448015,-16961305.0,1999-06-19T04:30:31,2879.990460,16.666722,3.313e-06,58.144,286.768,-24.235,calibration
VG2,11480928015,-16932505.1,1999-06-19T12:30:31,2879.997060,16.666684,1.021e-06,58.147,286.769,-24.236,calibration
VG2,11486256015,-16612825.5,1999-06-23T05:18:30,2879.990880,16.666719,3.167e-06,58.178,286.772,-24.250,calibration
VG2,11486736015,-16584025.6,1999-06-23T13:18:30,2879.997360,16.666682,9.167e-07,58.181,286.772,-24.251,calibration
VG2,11490480015,-16359385.8,1999-06-26T03:42:30,2879.989380,16.666728,3.688e-06,58.203,286.774,-24.260,calibration
VG2,11490960015,-16330585.9,1999-06-26T11:42:30,2879.996640,16.666686,1.167e-06,58.205,286.775,-24.261,calibration
VG2,11507856015,-15316827.0,1999-07-08T05:18:29,2879.990220,16.666723,3.396e-06,58.304,286.785,-24.303,calibration
VG2,11508336015,-15288027.1,1999-07-08T13:18:29,2879.996460,16.666687,1.229e-06,58.306,286.785,-24.304,calibration
VG2,11605008015,-9487714.3,1999-09-13T16:30:22,2879.988360,16.666734,4.042e-06,58.869,286.841,-24.538,calibration
VG2,11605488015,-9458914.4,1999-09-14T00:30:21,2879.996220,16.666689,1.313e-06,58.872,286.841,-24.539,calibration
VG2,11635728015,-7644516.7,1999-10-05T00:30:19,2880.004020,16.666643,-1.396e-06,59.048,286.859,-24.612,calibration
VG2,11636208015,-7615716.7,1999-10-05T08:30:19,2879.996460,16.666687,1.229e-06,59.051,286.859,-24.613,calibration
VG2,11678928015,-5052519.8,1999-11-04T00:30:16,2880.000240,16.666665,-8.333e-08,59.300,286.883,-24.715,calibration
VG2,11679408015,-5023719.8,1999-11-04T08:30:16,2879.996460,16.666687,1.229e-06,59.303,286.884,-24.716,calibration
VG2,11698608015,-3871721.2,1999-11-17T16:30:15,2880.009960,16.666609,-3.458e-06,59.414,286.895,-24.761,calibration
VG2,11699088015,-3842921.1,1999-11-18T00:30:15,2879.996340,16.666688,1.271e-06,59.417,286.895,-24.762,calibration
VG2,11738448015,-1481324.1,1999-12-15T08:30:12,2880.005220,16.666636,-1.812e-06,59.647,286.917,-24.855,calibration
VG2,11738928015,-1452524.1,1999-12-15T16:30:12,2879.996400,16.666688,1.250e-06,59.650,286.917,-24.856,calibration
VG2,11774928015,707473.3,2000-01-09T16:30:09,2879.971260,16.666833,9.979e-06,59.860,286.938,-24.940,calibration
VG2,11775408015,736273.0,2000-01-10T00:30:09,2879.996220,16.666689,1.313e-06,59.862,286.938,-24.941,calibration
VG2,11943408015,10816259.8,2000-05-05T16:29:56,2880.018540,16.666559,-6.437e-06,60.843,287.031,-25.325,calibration
VG2,11943888015,10845060.0,2000-05-06T00:29:56,2879.996280,16.666688,1.292e-06,60.846,287.031,-25.326,calibration
VG2,11967888015,12285058.2,2000-05-22T16:29:54,2880.016140,16.666573,-5.604e-06,60.987,287.044,-25.380,calibration
VG2,11968368015,12313858.4,2000-05-23T00:29:54,2879.996100,16.666689,1.354e-06,60.989,287.044,-25.381,calibration
VG2,12010608015,14848254.9,2000-06-21T08:29:51,2880.028560,16.666501,-9.917e-06,61.236,287.067,-25.475,calibration
VG2,12011088015,14877055.2,2000-06-21T16:29:51,2879.996280,16.666688,1.292e-06,61.239,287.067,-25.476,calibration
VG2,12062736015,17975931.2,2000-07-27T13:17:47,2879.996280,16.666688,1.292e-06,61.541,287.095,-25.590,calibration
VG2,12062736815,17975979.2,2000-07-27T13:18:35,2879.996280,16.666688,1.292e-06,61.541,287.095,-25.590,calibration
VG2,12117456015,21259127.0,2000-09-03T13:17:43,2879.979300,16.666786,7.188e-06,61.862,287.124,-25.710,calibration
VG2,12117936015,21287926.8,2000-09-03T21:17:43,2879.995980,16.666690,1.396e-06,61.865,287.124,-25.711,calibration
VG2,12178896015,24945521.7,2000-10-16T05:17:38,2880.028200,16.666503,-9.792e-06,62.222,287.156,-25.842,calibration
VG2,12179376015,24974322.0,2000-10-16T13:17:38,2879.996280,16.666688,1.292e-06,62.224,287.157,-25.843,calibration
VG2,12264816015,30100715.4,2000-12-14T21:17:31,2880.024780,16.666523,-8.604e-06,62.725,287.201,-26.025,calibration
VG2,12265296015,30129515.7,2000-12-15T05:17:31,2879.996940,16.666684,1.063e-06,62.728,287.201,-26.026,calibration
VG2,12279216015,30964714.8,2000-12-24T21:17:31,2879.974560,16.666814,8.833e-06,62.810,287.209,-26.056,calibration
VG2,12279696015,30993514.6,2000-12-25T05:17:30,2879.995980,16.666690,1.396e-06,62.813,287.209,-26.057,calibration
VG2,12315696015,33153511.6,2001-01-19T05:17:27,2880.045000,16.666406,-1.562e-05,63.024,287.227,-26.132,calibration
VG2,12316176015,33182312.0,2001-01-19T13:17:28,2879.998260,16.666677,6.042e-07,63.027,287.228,-26.133,calibration
VG2,12334416015,34276711.4,2001-02-01T05:17:27,2879.933580,16.667051,2.306e-05,63.134,287.237,-26.172,calibration
VG2,12334896015,34305510.7,2001-02-01T13:17:27,2879.996340,16.666688,1.271e-06,63.136,287.237,-26.173,calibration
VG2,12372816015,36580707.8,2001-02-27T21:17:24,2879.978280,16.666792,7.542e-06,63.359,287.256,-26.251,calibration
VG2,12373296015,36609507.6,2001-02-28T05:17:23,2879.996040,16.666690,1.375e-06,63.362,287.257,-26.252,calibration
VG2,12449136015,41159901.4,2001-04-21T21:17:17,2880.019800,16.666552,-6.875e-06,63.807,287.295,-26.408,calibration
VG2,12449616015,41188701.6,2001-04-22T05:17:17,2879.996160,16.666689,1.333e-06,63.810,287.295,-26.409,calibration
VG2,12476016015,42772699.5,2001-05-10T13:17:15,2880.024240,16.666526,-8.417e-06,63.965,287.308,-26.463,calibration
VG2,12476496015,42801499.7,2001-05-10T21:17:16,2879.996340,16.666688,1.271e-06,63.968,287.309,-26.464,calibration
VG2,12510576015,44846297.1,2001-06-03T13:17:13,2879.978040,16.666794,7.625e-06,64.168,287.326,-26.533,calibration
VG2,12511056015,44875096.9,2001-06-03T21:17:13,2879.995860,16.666691,1.438e-06,64.171,287.326,-26.534,calibration
VG2,12527856015,45883095.5,2001-06-15T13:17:11,2880.035880,16.666459,-1.246e-05,64.270,287.334,-26.568,calibration
VG2,12528336015,45911895.8,2001-06-15T21:17:12,2879.998380,16.666676,5.625e-07,64.273,287.335,-26.569,calibration
VG2,12538896015,46545495.5,2001-06-23T05:17:11,2879.945760,16.666981,1.883e-05,64.335,287.340,-26.590,calibration
VG2,12539376015,46574294.9,2001-06-23T13:17:11,2879.996520,16.666687,1.208e-06,64.338,287.340,-26.591,calibration
VG2,12571056015,48475092.7,2001-07-15T13:17:08,2879.965800,16.666865,1.188e-05,64.524,287.356,-26.655,calibration
VG2,12571536015,48503892.3,2001-07-15T21:17:08,2879.996220,16.666689,1.313e-06,64.527,287.356,-26.656,calibration
VG2,12631536015,52103887.6,2001-08-26T13:17:03,2879.973000,16.666823,9.375e-06,64.880,287.385,-26.775,calibration
VG2,12632016015,52132687.4,2001-08-26T21:17:03,2879.995920,16.666690,1.417e-06,64.882,287.386,-26.776,calibration
VG2,12704976015,56510281.2,2001-10-16T13:16:57,2880.027600,16.666507,-9.583e-06,65.312,287.421,-26.919,calibration
VG2,12705456015,56539081.4,2001-10-16T21:16:57,2879.996280,16.666688,1.292e-06,65.315,287.421,-26.920,calibration
VG2,12742896015,58785478.6,2001-11-11T21:16:54,2880.008700,16.666616,-3.021e-06,65.535,287.439,-26.992,calibration
VG2,12743376015,58814278.7,2001-11-12T05:16:54,2879.996040,16.666690,1.375e-06,65.538,287.439,-26.993,calibration
VG2,12799056015,62155074.1,2001-12-20T21:16:50,2880.010440,16.666606,-3.625e-06,65.866,287.466,-27.101,calibration
VG2,12799536015,62183874.2,2001-12-21T05:16:50,2879.996160,16.666689,1.333e-06,65.869,287.466,-27.101,calibration
VG2,12854736015,65495869.8,2002-01-28T13:16:46,2879.975100,16.666811,8.646e-06,66.194,287.493,-27.207,calibration
VG2,12855216015,65524669.6,2002-01-28T21:16:45,2879.996040,16.666690,1.375e-06,66.197,287.493,-27.208,calibration
VG2,12909936015,68807865.1,2002-03-07T21:16:41,2880.016560,16.666571,-5.750e-06,66.520,287.519,-27.311,calibration
VG2,12910416015,68836665.3,2002-03-08T05:16:41,2879.995320,16.666694,1.625e-06,66.523,287.519,-27.312,calibration
VG2,12928656015,69931063.5,2002-03-20T21:16:39,2880.013680,16.666588,-4.750e-06,66.630,287.527,-27.346,calibration
VG2,12929136015,69959863.7,2002-03-21T05:16:39,2879.995260,16.666694,1.646e-06,66.633,287.528,-27.347,calibration
VG2,12941136015,70679862.5,2002-03-29T13:16:38,2880.033840,16.666471,-1.175e-05,66.704,287.533,-27.369,calibration
VG2,12941616015,70708662.8,2002-03-29T21:16:39,2879.997180,16.666683,9.792e-07,66.707,287.533,-27.370,calibration
VG2,12961296015,71889461.7,2002-04-12T13:16:37,2879.983620,16.666761,5.688e-06,66.823,287.543,-27.407,calibration
VG2,12961776015,71918261.5,2002-04-12T21:16:37,2879.996940,16.666684,1.063e-06,66.826,287.543,-27.408,calibration
VG2,12993456015,73819059.5,2002-05-04T21:16:35,2879.968980,16.666846,1.077e-05,67.013,287.557,-27.466,calibration
VG2,12993936015,73847859.2,2002-05-05T05:16:35,2879.997120,16.666683,1.000e-06,67.015,287.558,-27.467,calibration
VG2,13000656015,74251058.8,2002-05-09T21:16:35,2879.979540,16.666785,7.104e-06,67.055,287.561,-27.480,calibration
VG2,13001136015,74279858.6,2002-05-10T05:16:34,2879.997000,16.666684,1.042e-06,67.058,287.561,-27.481,calibration
VG2,13010736015,74855858.0,2002-05-16T21:16:34,2879.976180,16.666805,8.271e-06,67.115,287.565,-27.498,calibration
VG2,13011216015,74884657.8,2002-05-17T05:16:34,2879.997480,16.666681,8.750e-07,67.117,287.566,-27.499,calibration
VG2,13022256015,75547057.2,2002-05-24T21:16:33,2879.961180,16.666891,1.348e-05,67.183,287.571,-27.520,calibration
VG2,13022736015,75575856.8,2002-05-25T05:16:33,2879.997720,16.666680,7.917e-07,67.185,287.571,-27.520,calibration
VG2,13035696015,76353456.2,2002-06-03T05:16:32,2879.948040,16.666967,1.804e-05,67.262,287.577,-27.544,calibration
VG2,13036176015,76382255.7,2002-06-03T13:16:32,2879.997420,16.666682,8.958e-07,67.265,287.577,-27.545,calibration
VG2,13049136015,77159855.0,2002-06-12T13:16:31,2879.964720,16.666871,1.225e-05,67.341,287.583,-27.569,calibration
VG2,13049616015,77188654.6,2002-06-12T21:16:30,2879.996700,16.666686,1.146e-06,67.344,287.583,-27.570,calibration
VG2,13071216015,78484653.2,2002-06-27T21:16:29,2879.971380,16.666832,9.938e-06,67.472,287.593,-27.609,calibration
VG2,13071696015,78513452.9,2002-06-28T05:16:29,2879.997780,16.666680,7.708e-07,67.475,287.593,-27.610,calibration
VG2,13083216015,79204652.4,2002-07-06T05:16:28,2879.946360,16.666977,1.863e-05,67.543,287.599,-27.631,calibration
VG2,13083696015,79233451.8,2002-07-06T13:16:28,2879.996100,16.666689,1.354e-06,67.545,287.599,-27.632,calibration
VG2,13144176015,82862246.9,2002-08-17T13:16:23,2879.972340,16.666827,9.604e-06,67.903,287.627,-27.742,calibration
VG2,13144656015,82891046.7,2002-08-17T21:16:22,2879.996040,16.666690,1.375e-06,67.906,287.627,-27.742,calibration
VG2,13382256015,97147027.4,2003-01-29T21:16:03,2879.979600,16.666785,7.083e-06,69.311,287.733,-28.162,calibration
VG2,13382736015,97175827.2,2003-01-30T05:16:03,2879.995740,16.666691,1.479e-06,69.314,287.733,-28.162,calibration
VG2,13454256015,101467020.9,2003-03-20T21:15:57,2880.012480,16.666594,-4.333e-06,69.737,287.764,-28.285,calibration
VG2,13454736015,101495821.0,2003-03-21T05:15:57,2879.995920,16.666690,1.417e-06,69.740,287.764,-28.286,calibration
VG2,13483056015,103195018.6,2003-04-09T21:15:54,2879.987700,16.666738,4.271e-06,69.908,287.777,-28.334,calibration
VG2,13483536015,103223818.5,2003-04-10T05:15:54,2879.996040,16.666690,1.375e-06,69.910,287.777,-28.335,calibration
VG2,13511856015,104923016.2,2003-04-29T21:15:52,2880.021840,16.666540,-7.583e-06,70.078,287.789,-28.383,calibration
VG2,13512336015,104951816.4,2003-04-30T05:15:52,2879.995920,16.666690,1.417e-06,70.081,287.789,-28.384,calibration
VG2,13781136015,121079793.6,2003-11-02T21:15:29,2880.018600,16.666559,-6.458e-06,71.675,287.903,-28.828,calibration
VG2,13781616015,121108593.8,2003-11-03T05:15:30,2879.995860,16.666691,1.438e-06,71.678,287.903,-28.829,calibration
VG2,13852176015,125342187.7,2003-12-22T05:15:24,2880.017760,16.666564,-6.167e-06,72.096,287.933,-28.942,calibration
VG2,13852656015,125370987.9,2003-12-22T13:15:24,2879.995800,16.666691,1.458e-06,72.099,287.933,-28.943,calibration
VG2,14017296015,135249373.7,2004-04-14T21:15:09,2879.982960,16.666765,5.917e-06,73.077,288.000,-29.202,calibration
VG2,14017776015,135278173.5,2004-04-15T05:15:09,2879.995980,16.666690,1.396e-06,73.080,288.000,-29.202,calibration
VG2,14033136015,136199772.2,2004-04-25T21:15:08,2880.010440,16.666606,-3.625e-06,73.171,288.007,-29.226,calibration
VG2,14033616015,136228572.3,2004-04-26T05:15:08,2879.996940,16.666684,1.063e-06,73.174,288.007,-29.227,calibration
VG2,14069136015,138359770.1,2004-05-20T21:15:06,2879.909520,16.667190,3.142e-05,73.385,288.021,-29.282,calibration
VG2,14069616015,138388569.2,2004-05-21T05:15:05,2879.995740,16.666691,1.479e-06,73.388,288.021,-29.283,calibration
VG2,14209296015,146769356.8,2004-08-26T05:14:53,2879.985360,16.666751,5.083e-06,74.219,288.077,-29.495,calibration
VG2,14209776015,146798156.7,2004-08-26T13:14:53,2879.995620,16.666692,1.521e-06,74.222,288.077,-29.496,calibration
VG2,14231376015,148094154.7,2004-09-10T13:14:51,2880.010080,16.666608,-3.500e-06,74.350,288.086,-29.528,calibration
VG2,14231856015,148122954.8,2004-09-10T21:14:51,2879.996340,16.666688,1.271e-06,74.353,288.086,-29.529,calibration
VG2,14245776015,148958153.8,2004-09-20T13:14:50,2879.971800,16.666830,9.792e-06,74.436,288.091,-29.550,calibration
VG2,14246256015,148986953.5,2004-09-20T21:14:49,2879.996280,16.666688,1.292e-06,74.439,288.091,-29.551,calibration
VG2,14303376015,152414149.1,2004-10-30T13:14:45,2879.943000,16.666997,1.979e-05,74.778,288.114,-29.636,calibration
VG2,14303856015,152442948.5,2004-10-30T21:14:44,2879.996280,16.666688,1.292e-06,74.781,288.114,-29.636,calibration
VG2,14353296015,155409344.7,2004-12-04T05:14:41,2879.930580,16.667068,2.410e-05,75.076,288.133,-29.709,calibration
VG2,14353776015,155438144.0,2004-12-04T13:14:40,2879.998320,16.666676,5.833e-07,75.078,288.133,-29.710,calibration
VG2,14384976015,157310142.9,2004-12-26T05:14:39,2879.848620,16.667543,5.257e-05,75.264,288.146,-29.756,calibration
VG2,14385456015,157338941.4,2004-12-26T13:14:37,2879.997720,16.666680,7.917e-07,75.267,288.146,-29.757,calibration
VG2,14419536015,159383739.8,2005-01-19T05:14:36,2879.852580,16.667520,5.119e-05,75.470,288.159,-29.806,calibration
VG2,14420016015,159412538.4,2005-01-19T13:14:34,2879.995620,16.666692,1.521e-06,75.473,288.159,-29.807,calibration
VG2,14502576015,164366130.9,2005-03-17T21:14:27,2880.019380,16.666555,-6.729e-06,75.964,288.191,-29.926,calibration
VG2,14503056015,164394931.1,2005-03-18T05:14:27,2879.995500,16.666693,1.563e-06,75.967,288.191,-29.927,calibration
VG2,14602896015,170385321.8,2005-05-26T13:14:18,2880.025620,16.666518,-8.896e-06,76.562,288.229,-30.069,calibration
VG2,14603376015,170414122.1,2005-05-26T21:14:18,2879.995560,16.666692,1.542e-06,76.565,288.229,-30.070,calibration
VG2,14628816015,171940519.7,2005-06-13T13:14:16,2880.021300,16.666543,-7.396e-06,76.717,288.239,-30.106,calibration
VG2,14629296015,171969319.9,2005-06-13T21:14:16,2879.998260,16.666677,6.042e-07,76.719,288.239,-30.106,calibration
VG2,14657136015,173639718.9,2005-07-03T05:14:15,2879.845140,16.667563,5.377e-05,76.885,288.249,-30.146,calibration
VG2,14657616015,173668517.4,2005-07-03T13:14:13,2879.995680,16.666692,1.500e-06,76.888,288.249,-30.146,calibration
VG2,14709456015,176778912.8,2005-08-08T13:14:09,2879.977980,16.666794,7.646e-06,77.197,288.269,-30.219,calibration
VG2,14709936015,176807712.5,2005-08-08T21:14:08,2879.995500,16.666693,1.563e-06,77.200,288.269,-30.219,calibration
VG2,14834736015,184295700.9,2005-11-03T13:13:57,2880.010560,16.666606,-3.667e-06,77.944,288.315,-30.391,calibration
VG2,14835216015,184324501.1,2005-11-03T21:13:57,2879.995680,16.666692,1.500e-06,77.947,288.315,-30.392,calibration
VG2,14892336015,187751696.0,2005-12-13T13:13:52,2880.009060,16.666614,-3.146e-06,78.288,288.336,-30.469,calibration
VG2,14892816015,187780496.0,2005-12-13T21:13:52,2879.995980,16.666690,1.396e-06,78.291,288.336,-30.470,calibration
VG2,14909616015,188788494.6,2005-12-25T13:13:50,2879.984760,16.666755,5.292e-06,78.391,288.342,-30.493,calibration
VG2,14910096015,188817294.5,2005-12-25T21:13:50,2879.995800,16.666691,1.458e-06,78.394,288.343,-30.493,calibration
VG2,14918901615,189345629.7,2005-12-31T23:59:26,2819.995800,17.021302,2.128e-02,78.446,288.346,-30.505,rate_mode
VG2,14918902415,189345678.7,2006-01-01T00:00:14,2879.995800,16.666691,1.458e-06,78.446,288.346,-30.505,calibration
VG2,14922576015,189566094.4,2006-01-03T13:13:49,2879.886420,16.667324,3.944e-05,78.468,288.347,-30.510,calibration
VG2,14923056015,189594893.3,2006-01-03T21:13:48,2879.995500,16.666693,1.563e-06,78.471,288.347,-30.511,calibration
VG2,15011856015,194922885.0,2006-03-06T13:13:40,2879.978100,16.666793,7.604e-06,79.001,288.379,-30.629,calibration
VG2,15012336015,194951684.8,2006-03-06T21:13:40,2879.995500,16.666693,1.563e-06,79.004,288.380,-30.630,calibration
VG2,15043536015,196823681.9,2006-03-28T13:13:37,2879.985240,16.666752,5.125e-06,79.190,288.391,-30.671,calibration
VG2,15044016015,196852481.8,2006-03-28T21:13:37,2879.995980,16.666690,1.396e-06,79.193,288.391,-30.672,calibration
VG2,15091056015,199674877.9,2006-04-30T13:13:33,2879.975400,16.666809,8.542e-06,79.474,288.408,-30.734,calibration
VG2,15091536015,199703677.6,2006-04-30T21:13:32,2879.995920,16.666690,1.417e-06,79.477,288.408,-30.735,calibration
VG2,15142896015,202785273.3,2006-06-05T13:13:28,2879.946360,16.666977,1.863e-05,79.783,288.426,-30.802,calibration
VG2,15143376015,202814072.8,2006-06-05T21:13:28,2879.995320,16.666694,1.625e-06,79.786,288.426,-30.802,calibration
VG2,15167376015,204254070.4,2006-06-22T13:13:25,2880.018900,16.666557,-6.562e-06,79.929,288.435,-30.833,calibration
VG2,15167856015,204282870.6,2006-06-22T21:13:25,2879.996220,16.666689,1.313e-06,79.932,288.435,-30.834,calibration
VG2,15187536015,205463669.1,2006-07-06T13:13:24,2879.964960,16.666869,1.217e-05,80.050,288.442,-30.860,calibration
VG2,15188016015,205492468.7,2006-07-06T21:13:24,2879.997660,16.666680,8.125e-07,80.053,288.442,-30.860,calibration
VG2,15196176015,205982068.3,2006-07-12T13:13:23,2879.953080,16.666938,1.629e-05,80.101,288.445,-30.871,calibration
VG2,15196656015,206010867.9,2006-07-12T21:13:23,2879.995380,16.666693,1.604e-06,80.104,288.445,-30.871,calibration
VG2,15208464032,206719347.8,2006-07-21T02:01:23,2879.995380,16.666693,1.604e-06,80.175,288.449,-30.887,calibration
VG2,15208464832,206719395.8,2006-07-21T02:02:11,2879.995380,16.666693,1.604e-06,80.175,288.449,-30.887,calibration
VG2,15208944032,206748147.7,2006-07-21T10:01:23,2879.896200,16.667267,3.604e-05,80.178,288.449,-30.887,calibration
VG2,15209424032,206776946.7,2006-07-21T18:01:21,2879.996640,16.666686,1.167e-06,80.181,288.450,-30.888,calibration
VG2,15236304032,208389744.8,2006-08-09T10:01:20,2879.922060,16.667118,2.706e-05,80.341,288.459,-30.922,calibration
VG2,15236784032,208418544.0,2006-08-09T18:01:19,2879.995380,16.666693,1.604e-06,80.344,288.459,-30.923,calibration
VG2,15273264032,210607340.5,2006-09-04T02:01:15,2880.006120,16.666631,-2.125e-06,80.562,288.472,-30.970,calibration
VG2,15273744032,210636140.6,2006-09-04T10:01:15,2879.996160,16.666689,1.333e-06,80.565,288.472,-30.970,calibration
VG2,15307824032,212680937.9,2006-09-28T02:01:13,2879.939340,16.667018,2.106e-05,80.768,288.484,-31.014,calibration
VG2,15308304032,212709737.3,2006-09-28T10:01:12,2879.995500,16.666693,1.563e-06,80.771,288.484,-31.014,calibration
VG2,15375504032,216741731.0,2006-11-14T02:01:06,2880.003420,16.666647,-1.187e-06,81.173,288.508,-31.099,calibration
VG2,15375984032,216770531.0,2006-11-14T10:01:06,2879.995260,16.666694,1.646e-06,81.176,288.508,-31.100,calibration
VG2,15419664032,219391326.8,2006-12-14T18:01:02,2879.953320,16.666937,1.621e-05,81.437,288.523,-31.155,calibration
VG2,15420144032,219420126.3,2006-12-15T02:01:01,2879.994240,16.666700,2.000e-06,81.439,288.523,-31.155,calibration
VG2,15448944032,221148122.9,2007-01-04T02:00:58,2880.029820,16.666494,-1.035e-05,81.612,288.533,-31.191,calibration
VG2,15449424032,221176923.2,2007-01-04T10:00:58,2879.995080,16.666695,1.708e-06,81.614,288.533,-31.192,calibration
VG2,15494064032,223855318.6,2007-02-04T10:00:53,2879.984040,16.666759,5.542e-06,81.881,288.548,-31.247,calibration
VG2,15494544032,223884118.5,2007-02-04T18:00:53,2879.995200,16.666694,1.667e-06,81.884,288.548,-31.248,calibration
VG2,15610704032,230853707.0,2007-04-26T10:00:42,2880.021420,16.666543,-7.437e-06,82.579,288.588,-31.390,calibration
VG2,15611184032,230882507.2,2007-04-26T18:00:42,2879.995560,16.666692,1.542e-06,82.581,288.588,-31.390,calibration
VG2,15640464032,232639304.5,2007-05-17T02:00:39,2879.977080,16.666799,7.958e-06,82.756,288.598,-31.426,calibration
VG2,15640944032,232668104.3,2007-05-17T10:00:39,2879.995320,16.666694,1.625e-06,82.759,288.598,-31.427,calibration
VG2,15759984032,239810492.7,2007-08-08T02:00:28,2879.974260,16.666816,8.938e-06,83.471,288.637,-31.569,calibration
VG2,15760464032,239839292.4,2007-08-08T10:00:27,2879.995080,16.666695,1.708e-06,83.474,288.638,-31.570,calibration
VG2,15805104032,242517687.9,2007-09-08T10:00:23,2880.011880,16.666598,-4.125e-06,83.741,288.652,-31.623,calibration
VG2,15805584032,242546488.0,2007-09-08T18:00:23,2879.995200,16.666694,1.667e-06,83.744,288.653,-31.623,calibration
VG2,15826224032,243784885.9,2007-09-23T02:00:21,2879.980380,16.666780,6.813e-06,83.868,288.659,-31.648,calibration
VG2,15826704032,243813685.7,2007-09-23T10:00:21,2879.995140,16.666695,1.688e-06,83.870,288.659,-31.648,calibration
VG2,15872304032,246549681.2,2007-10-25T02:00:16,2880.010980,16.666603,-3.812e-06,84.143,288.674,-31.702,calibration
VG2,15872784032,246578481.3,2007-10-25T10:00:16,2879.995800,16.666691,1.458e-06,84.146,288.675,-31.702,calibration
VG2,15882384032,247154480.5,2007-11-01T02:00:15,2879.977380,16.666798,7.854e-06,84.203,288.678,-31.714,calibration
VG2,15882864032,247183280.2,2007-11-01T10:00:15,2879.995020,16.666695,1.729e-06,84.206,288.678,-31.714,calibration
VG2,15948144032,251100073.5,2007-12-16T18:00:08,2879.995020,16.666695,1.729e-06,84.597,288.699,-31.790,calibration
VG2,15948144832,251100121.7,2007-12-16T18:00:56,2879.995020,16.666695,1.729e-06,84.597,288.699,-31.790,calibration
VG2,16115184032,261122456.5,2008-04-10T17:59:51,2879.973780,16.666818,9.104e-06,85.597,288.753,-31.981,calibration
VG2,16115664032,261151256.2,2008-04-11T01:59:51,2879.994900,16.666696,1.771e-06,85.600,288.753,-31.982,calibration
VG2,16203984032,266450446.8,2008-06-11T09:59:42,2880.018780,16.666558,-6.521e-06,86.128,288.781,-32.081,calibration
VG2,16204464032,266479247.0,2008-06-11T17:59:42,2879.995080,16.666695,1.708e-06,86.131,288.781,-32.082,calibration
VG2,16246224032,268984842.8,2008-07-10T17:59:38,2879.968740,16.666848,1.085e-05,86.381,288.794,-32.128,calibration
VG2,16246704032,269013642.5,2008-07-11T01:59:37,2879.994900,16.666696,1.771e-06,86.384,288.794,-32.129,calibration
VG2,16311984032,272930435.6,2008-08-25T09:59:30,2880.012300,16.666595,-4.271e-06,86.775,288.815,-32.201,calibration
VG2,16312464032,272959235.7,2008-08-25T17:59:31,2879.994540,16.666698,1.896e-06,86.778,288.815,-32.201,calibration
VG2,16326384032,273794434.1,2008-09-04T09:59:29,2880.023220,16.666532,-8.062e-06,86.861,288.819,-32.217,calibration
VG2,16326864032,273823234.4,2008-09-04T17:59:29,2879.996760,16.666685,1.125e-06,86.864,288.819,-32.217,calibration
VG2,16336464032,274399233.7,2008-09-11T09:59:29,2879.967660,16.666854,1.123e-05,86.922,288.822,-32.228,calibration
VG2,16336944032,274428033.4,2008-09-11T17:59:28,2879.996580,16.666686,1.188e-06,86.924,288.822,-32.228,calibration
VG2,16346544032,275004032.7,2008-09-18T09:59:28,2879.946120,16.666978,1.871e-05,86.982,288.825,-32.239,calibration
VG2,16347024032,275032832.2,2008-09-18T17:59:27,2879.995800,16.666691,1.458e-06,86.985,288.825,-32.239,calibration
VG2,16356624032,275608831.4,2008-09-25T09:59:26,2879.971560,16.666831,9.875e-06,87.042,288.828,-32.250,calibration
VG2,16357104032,275637631.1,2008-09-25T17:59:26,2879.996580,16.666686,1.188e-06,87.045,288.829,-32.250,calibration
VG2,16366704032,276213630.4,2008-10-02T09:59:25,2879.960520,16.666895,1.371e-05,87.103,288.831,-32.261,calibration
VG2,16367184032,276242430.0,2008-10-02T17:59:25,2879.996700,16.666686,1.146e-06,87.105,288.832,-32.261,calibration
VG2,16383984032,277250428.9,2008-10-14T09:59:24,2879.930040,16.667072,2.429e-05,87.206,288.837,-32.280,calibration
VG2,16384464032,277279228.2,2008-10-14T17:59:23,2879.996580,16.666686,1.188e-06,87.209,288.837,-32.280,calibration
VG2,16394064032,277855227.5,2008-10-21T09:59:22,2879.972040,16.666828,9.708e-06,87.266,288.840,-32.291,calibration
VG2,16394544032,277884027.2,2008-10-21T17:59:22,2879.997720,16.666680,7.917e-07,87.269,288.840,-32.291,calibration
VG2,16402224032,278344826.8,2008-10-27T01:59:22,2879.943660,16.666993,1.956e-05,87.315,288.842,-32.300,calibration
VG2,16402704032,278373626.3,2008-10-27T09:59:21,2879.994660,16.666698,1.854e-06,87.318,288.843,-32.300,calibration
VG2,16437264032,280447222.5,2008-11-20T09:59:17,2880.004320,16.666642,-1.500e-06,87.525,288.853,-32.338,calibration
VG2,16437744032,280476022.5,2008-11-20T17:59:17,2879.994900,16.666696,1.771e-06,87.528,288.853,-32.338,calibration
VG2,16492464032,283759216.7,2008-12-28T17:59:12,2880.003840,16.666644,-1.333e-06,87.856,288.870,-32.397,calibration
VG2,16492944032,283788016.8,2008-12-29T01:59:12,2879.995080,16.666695,1.708e-06,87.859,288.870,-32.398,calibration
VG2,16497144832,284040064.4,2008-12-31T23:59:59,2819.995080,17.021306,2.128e-02,87.884,288.871,-32.402,rate_mode
VG2,16497145632,284040112.4,2009-01-01T00:00:46,2879.995080,16.666695,1.708e-06,87.884,288.871,-32.402,calibration
VG2,16504464032,284479215.6,2009-01-06T01:59:09,2879.988900,16.666731,3.854e-06,87.928,288.874,-32.410,calibration
VG2,16504944032,284508015.5,2009-01-06T09:59:09,2879.996520,16.666687,1.208e-06,87.931,288.874,-32.410,calibration
VG2,16507344032,284652015.3,2009-01-08T01:59:09,2879.985840,16.666749,4.917e-06,87.945,288.875,-32.413,calibration
VG2,16507824032,284680815.2,2009-01-08T09:59:09,2879.996400,16.666688,1.250e-06,87.948,288.875,-32.414,calibration
VG2,16515504032,285141614.6,2009-01-13T17:59:08,2879.964060,16.666875,1.248e-05,87.994,288.877,-32.422,calibration
VG2,16515984032,285170414.3,2009-01-14T01:59:08,2879.994540,16.666698,1.896e-06,87.997,288.877,-32.422,calibration
VG2,16565424032,288136808.6,2009-02-17T09:59:02,2880.017760,16.666564,-6.167e-06,88.293,288.892,-32.475,calibration
VG2,16565904032,288165608.8,2009-02-17T17:59:03,2879.994600,16.666698,1.875e-06,88.296,288.892,-32.476,calibration
VG2,16597104032,290037605.3,2009-03-11T09:58:59,2880.017340,16.666566,-6.021e-06,88.483,288.902,-32.509,calibration
VG2,16597584032,290066405.5,2009-03-11T17:58:59,2879.995560,16.666692,1.542e-06,88.486,288.902,-32.509,calibration
VG2,16617264032,291247203.7,2009-03-25T09:58:58,2879.974140,16.666816,8.979e-06,88.603,288.908,-32.530,calibration
VG2,16617744032,291276003.4,2009-03-25T17:58:57,2879.994540,16.666698,1.896e-06,88.606,288.908,-32.530,calibration
VG2,16679184032,294962396.5,2009-05-07T09:58:50,2880.026880,16.666511,-9.333e-06,88.974,288.926,-32.595,calibration
VG2,16679664032,294991196.8,2009-05-07T17:58:51,2879.994540,16.666698,1.896e-06,88.977,288.926,-32.596,calibration
VG2,16729584032,297986391.1,2009-06-11T09:58:45,2880.018360,16.666560,-6.375e-06,89.276,288.941,-32.648,calibration
VG2,16730064032,298015191.3,2009-06-11T17:58:45,2879.995500,16.666693,1.563e-06,89.279,288.941,-32.648,calibration
VG2,16749744032,299195989.5,2009-06-25T09:58:43,2879.977380,16.666798,7.854e-06,89.397,288.947,-32.669,calibration
VG2,16750224032,299224789.3,2009-06-25T17:58:43,2879.993160,16.666706,2.375e-06,89.400,288.947,-32.669,calibration
VG2,16764144032,300059987.3,2009-07-05T09:58:41,2880.043380,16.666416,-1.506e-05,89.484,288.952,-32.684,calibration
VG2,16764624032,300088787.7,2009-07-05T17:58:42,2879.994780,16.666697,1.813e-06,89.486,288.952,-32.684,calibration
VG2,16850544032,305243978.4,2009-09-03T09:58:32,2879.973660,16.666819,9.146e-06,90.001,288.977,-32.773,calibration
VG2,16851024032,305272778.2,2009-09-03T17:58:32,2879.994660,16.666698,1.854e-06,90.004,288.977,-32.773,calibration
VG2,16869264032,306367176.2,2009-09-16T09:58:30,2880.024060,16.666527,-8.354e-06,90.114,288.982,-32.792,calibration
VG2,16869744032,306395976.4,2009-09-16T17:58:30,2879.995200,16.666694,1.667e-06,90.116,288.982,-32.792,calibration
VG2,16900944032,308267973.3,2009-10-08T09:58:27,2879.957520,16.666913,1.475e-05,90.303,288.992,-32.824,calibration
VG2,16901424032,308296772.9,2009-10-08T17:58:27,2879.994840,16.666697,1.792e-06,90.306,288.992,-32.824,calibration
VG2,16958064032,311695166.8,2009-11-17T01:58:21,2879.983380,16.666763,5.771e-06,90.646,289.008,-32.882,calibration
VG2,16958544032,311723966.7,2009-11-17T09:58:20,2879.994540,16.666698,1.896e-06,90.649,289.008,-32.882,calibration
VG2,17011344032,314891960.7,2009-12-24T01:58:15,2880.007260,16.666625,-2.521e-06,90.965,289.023,-32.935,calibration
VG2,17011824032,314920760.8,2009-12-24T09:58:15,2879.994540,16.666698,1.896e-06,90.968,289.024,-32.936,calibration
VG2,17128464032,321919147.6,2010-03-15T09:58:01,2880.024180,16.666527,-8.396e-06,91.667,289.057,-33.052,calibration
VG2,17128944032,321947947.9,2010-03-15T17:58:02,2879.995560,16.666692,1.542e-06,91.670,289.057,-33.052,calibration
VG2,17150544032,323243945.9,2010-03-30T17:58:00,2879.951820,16.666945,1.673e-05,91.800,289.063,-33.074,calibration
VG2,17151024032,323272745.4,2010-03-31T01:57:59,2879.994660,16.666698,1.854e-06,91.803,289.063,-33.074,calibration
VG2,17242224032,328744735.3,2010-06-02T09:57:49,3864.076140,12.422115,-2.547e-01,92.350,289.089,-33.163,rate_mode
VG2,17242704032,328783376.0,2010-06-02T20:41:50,2879.994660,16.666698,1.854e-06,92.353,289.089,-33.164,calibration
VG2,17281104032,331087371.8,2010-06-29T12:41:46,1948.758180,24.631070,4.779e-01,92.584,289.100,-33.201,rate_mode
VG2,17281584032,331106859.4,2010-06-29T18:06:33,2879.993940,16.666702,2.104e-06,92.586,289.100,-33.202,calibration
VG2,17308464032,332719656.0,2010-07-18T10:06:30,2880.030780,16.666489,-1.069e-05,92.747,289.107,-33.227,calibration
VG2,17308944032,332748456.3,2010-07-18T18:06:30,2879.994540,16.666698,1.896e-06,92.750,289.107,-33.228,calibration
VG2,17334384032,334274853.4,2010-08-05T10:06:27,2803.252080,17.122970,2.738e-02,92.902,289.114,-33.252,rate_mode
VG2,17334864032,334302886.0,2010-08-05T17:53:40,2879.995500,16.666693,1.563e-06,92.905,289.114,-33.253,calibration
VG2,17350224032,335224484.5,2010-08-16T09:53:38,2879.962320,16.666885,1.308e-05,92.997,289.119,-33.268,calibration
VG2,17350704032,335253284.1,2010-08-16T17:53:38,2879.994540,16.666698,1.896e-06,93.000,289.119,-33.268,calibration
VG2,17393424032,337816479.3,2010-09-15T09:53:33,2879.965620,16.666866,1.194e-05,93.256,289.131,-33.309,calibration
VG2,17393904032,337845279.0,2010-09-15T17:53:33,2879.994420,16.666699,1.938e-06,93.259,289.131,-33.309,calibration
VG2,17423664032,339630875.5,2010-10-06T09:53:29,2956.792560,16.233807,-2.597e-02,93.438,289.139,-33.338,rate_mode
VG2,17424144032,339660443.5,2010-10-06T18:06:17,2879.996100,16.666689,1.354e-06,93.441,289.139,-33.338,calibration
VG2,17430864032,340063642.9,2010-10-11T10:06:17,2879.970420,16.666838,1.027e-05,93.481,289.141,-33.345,calibration
VG2,17431344032,340092442.6,2010-10-11T18:06:16,2879.994780,16.666697,1.813e-06,93.484,289.141,-33.345,calibration
VG2,17464944032,342108439.0,2010-11-04T02:06:13,2879.974740,16.666813,8.771e-06,93.685,289.150,-33.377,calibration
VG2,17465424032,342137238.7,2010-11-04T10:06:13,2879.994480,16.666699,1.917e-06,93.688,289.150,-33.377,calibration
VG2,17515344032,345132433.0,2010-12-09T02:06:07,2880.012660,16.666593,-4.396e-06,93.988,289.164,-33.424,calibration
VG2,17515824032,345161233.2,2010-12-09T10:06:07,2879.995380,16.666693,1.604e-06,93.991,289.164,-33.425,calibration
VG2,17552784032,347378829.6,2011-01-04T02:06:03,2879.940480,16.667011,2.067e-05,94.212,289.174,-33.459,calibration
VG2,17553264032,347407629.0,2011-01-04T10:06:03,2879.994420,16.666699,1.938e-06,94.215,289.174,-33.460,calibration
VG2,17655504032,353542017.2,2011-03-16T10:05:51,2880.016200,16.666573,-5.625e-06,94.829,289.201,-33.555,calibration
VG2,17655984032,353570817.4,2011-03-16T18:05:51,2879.995140,16.666695,1.688e-06,94.832,289.201,-33.555,calibration
VG2,17667024032,354233216.3,2011-03-24T10:05:50,2879.958060,16.666909,1.456e-05,94.898,289.204,-33.565,calibration
VG2,17667504032,354262015.9,2011-03-24T18:05:50,2879.993760,16.666703,2.167e-06,94.901,289.204,-33.566,calibration
VG2,17685744032,355356413.5,2011-04-06T10:05:47,2880.025020,16.666522,-8.687e-06,95.010,289.209,-33.583,calibration
VG2,17686224032,355385213.8,2011-04-06T18:05:48,2879.994480,16.666699,1.917e-06,95.013,289.209,-33.583,calibration
VG2,17714544032,357084410.5,2011-04-26T10:05:44,2880.006360,16.666630,-2.208e-06,95.183,289.217,-33.609,calibration
VG2,17715024032,357113210.6,2011-04-26T18:05:44,2879.995440,16.666693,1.583e-06,95.186,289.217,-33.609,calibration
VG2,17737104032,358438008.5,2011-05-12T02:05:42,2879.946120,16.666978,1.871e-05,95.318,289.223,-33.630,calibration
VG2,17737584032,358466808.0,2011-05-12T10:05:42,2879.994540,16.666698,1.896e-06,95.321,289.223,-33.630,calibration
VG2,17766384032,360194804.7,2011-06-01T10:05:39,2879.976480,16.666803,8.167e-06,95.494,289.230,-33.656,calibration
VG2,17766864032,360223604.5,2011-06-01T18:05:38,2879.994120,16.666701,2.042e-06,95.497,289.231,-33.657,calibration
VG2,17784624032,361289202.3,2011-06-14T02:05:36,2880.032100,16.666481,-1.115e-05,95.604,289.235,-33.673,calibration
VG2,17785104032,361318002.6,2011-06-14T10:05:36,2879.995200,16.666694,1.667e-06,95.607,289.235,-33.673,calibration
VG2,17805264032,362527600.6,2011-06-28T10:05:34,2879.948760,16.666963,1.779e-05,95.728,289.241,-33.692,calibration
VG2,17805744032,362556400.1,2011-06-28T18:05:34,2879.994420,16.666699,1.938e-06,95.730,289.241,-33.692,calibration
VG2,17943504032,370821984.1,2011-10-02T10:05:18,2880.010440,16.666606,-3.625e-06,96.557,289.276,-33.816,calibration
VG2,17943984032,370850784.2,2011-10-02T18:05:18,2879.995800,16.666691,1.458e-06,96.560,289.276,-33.816,calibration
VG2,17958864032,371743583.0,2011-10-13T02:05:17,2879.944860,16.666986,1.915e-05,96.650,289.280,-33.829,calibration
VG2,17959344032,371772382.4,2011-10-13T10:05:16,2879.994360,16.666699,1.958e-06,96.653,289.280,-33.830,calibration
VG2,18354191994,395463213.7,2012-07-13T14:52:27,2879.993760,16.666703,2.167e-06,99.024,289.379,-34.172,calibration
VG2,18354192794,395463261.7,2012-07-13T14:53:15,2879.993760,16.666703,2.167e-06,99.024,289.379,-34.172,calibration
VG2,18397391994,398055208.2,2012-08-12T14:52:21,2879.983140,16.666764,5.854e-06,99.284,289.390,-34.208,calibration
VG2,18397871994,398084008.0,2012-08-12T22:52:21,2879.993760,16.666703,2.167e-06,99.286,289.390,-34.209,calibration
VG2,18451631994,401309601.0,2012-09-19T06:52:14,2880.016320,16.666572,-5.667e-06,99.609,289.403,-34.254,calibration
VG2,18452111994,401338401.2,2012-09-19T14:52:14,2879.994780,16.666697,1.813e-06,99.612,289.403,-34.254,calibration
VG2,18470351994,402432799.2,2012-10-02T06:52:12,2879.957820,16.666911,1.465e-05,99.722,289.408,-34.269,calibration
VG2,18470831994,402461598.8,2012-10-02T14:52:12,2879.993940,16.666702,2.104e-06,99.725,289.408,-34.270,calibration
VG2,18527951994,405888791.6,2012-11-11T06:52:04,2879.944320,16.666989,1.933e-05,100.068,289.421,-34.317,calibration
VG2,18528431994,405917591.0,2012-11-11T14:52:04,2879.992980,16.666707,2.438e-06,100.071,289.422,-34.317,calibration
VG2,18551951994,407328787.6,2012-11-27T22:52:00,2880.034620,16.666466,-1.202e-05,100.212,289.427,-34.337,calibration
VG2,18552431994,407357588.0,2012-11-28T06:52:01,2879.993880,16.666702,2.125e-06,100.215,289.427,-34.337,calibration
VG2,18591791994,409719183.0,2012-12-25T14:51:56,2880.019680,16.666553,-6.833e-06,100.452,289.437,-34.370,calibration
VG2,18592271994,409747983.2,2012-12-25T22:51:56,2879.993640,16.666703,2.208e-06,100.455,289.437,-34.370,calibration
VG2,18720911994,417466366.2,2013-03-25T06:51:39,2880.019500,16.666554,-6.771e-06,101.228,289.467,-34.475,calibration
VG2,18721391994,417495166.4,2013-03-25T14:51:39,2879.993580,16.666704,2.229e-06,101.231,289.467,-34.475,calibration
VG2,18826511994,423802352.4,2013-06-06T14:51:25,2880.027540,16.666507,-9.562e-06,101.863,289.492,-34.560,calibration
VG2,18826991994,423831152.7,2013-06-06T22:51:26,2879.994600,16.666698,1.875e-06,101.866,289.492,-34.560,calibration
VG2,18856271994,425587949.4,2013-06-27T06:51:22,2879.954760,16.666928,1.571e-05,102.042,289.499,-34.583,calibration
VG2,18856751994,425616749.0,2013-06-27T14:51:22,2879.993520,16.666704,2.250e-06,102.045,289.499,-34.584,calibration
VG2,18967151994,432240734.2,2013-09-12T06:51:07,2880.023940,16.666528,-8.312e-06,102.709,289.524,-34.671,calibration
VG2,18967631994,432269534.4,2013-09-12T14:51:07,2879.994000,16.666701,2.083e-06,102.712,289.525,-34.671,calibration
VG2,18987311994,433450332.0,2013-09-26T06:51:05,2879.977320,16.666798,7.875e-06,102.830,289.529,-34.687,calibration
VG2,18987791994,433479131.7,2013-09-26T14:51:05,2879.993640,16.666703,2.208e-06,102.833,289.529,-34.687,calibration
VG2,19086671994,439411918.6,2013-12-04T06:50:51,2880.014820,16.666581,-5.146e-06,103.428,289.552,-34.764,calibration
VG2,19087151994,439440718.8,2013-12-04T14:50:52,2879.994420,16.666699,1.938e-06,103.431,289.552,-34.764,calibration
VG2,19122191994,441543114.7,2013-12-28T22:50:48,2879.943960,16.666991,1.946e-05,103.641,289.560,-34.791,calibration
VG2,19122671994,441571914.2,2013-12-29T06:50:47,2879.993640,16.666703,2.208e-06,103.644,289.560,-34.792,calibration
VG2,19178351994,444912706.9,2014-02-05T22:50:40,2879.976480,16.666803,8.167e-06,103.979,289.572,-34.834,calibration
VG2,19178831994,444941506.6,2014-02-06T06:50:39,2879.993460,16.666705,2.271e-06,103.982,289.572,-34.835,calibration
VG2,19244111994,448858297.7,2014-03-23T14:50:31,2879.965560,16.666866,1.196e-05,104.375,289.587,-34.885,calibration
VG2,19244591994,448887097.4,2014-03-23T22:50:30,2879.993340,16.666705,2.313e-06,104.378,289.587,-34.885,calibration
VG2,19290191994,451623091.1,2014-04-24T14:50:24,2880.011100,16.666602,-3.854e-06,104.652,289.597,-34.919,calibration
VG2,19290671994,451651891.2,2014-04-24T22:50:24,2879.993340,16.666705,2.313e-06,104.655,289.597,-34.920,calibration
VG2,19320431994,453437487.1,2014-05-15T14:50:20,2879.957100,16.666915,1.490e-05,104.834,289.604,-34.942,calibration
VG2,19320911994,453466286.7,2014-05-15T22:50:19,2879.992980,16.666707,2.438e-06,104.837,289.604,-34.943,calibration
VG2,19350671994,455251882.3,2014-06-05T14:50:15,2880.042480,16.666421,-1.475e-05,105.016,289.611,-34.965,calibration
VG2,19351151994,455280682.8,2014-06-05T22:50:16,2879.994240,16.666700,2.000e-06,105.019,289.611,-34.965,calibration
VG2,19370351994,456432680.5,2014-06-19T06:50:13,2879.941080,16.667008,2.046e-05,105.135,289.615,-34.980,calibration
VG2,19370831994,456461479.9,2014-06-19T14:50:13,2879.992500,16.666710,2.604e-06,105.138,289.615,-34.980,calibration
VG2,19398191994,458103075.6,2014-07-08T14:50:08,2880.043380,16.666416,-1.506e-05,105.302,289.621,-35.000,calibration
VG2,19398671994,458131876.1,2014-07-08T22:50:09,2879.993460,16.666705,2.271e-06,105.305,289.621,-35.001,calibration
VG2,19481231994,463085464.9,2014-09-04T06:49:58,2879.966820,16.666859,1.152e-05,105.802,289.639,-35.062,calibration
VG2,19481711994,463114264.6,2014-09-04T14:49:57,2879.992380,16.666711,2.646e-06,105.805,289.639,-35.062,calibration
VG2,19563311994,468010251.7,2014-10-31T06:49:45,2880.111720,16.666020,-3.879e-05,106.296,289.657,-35.122,calibration
VG2,19563791994,468039052.8,2014-10-31T14:49:46,2879.993700,16.666703,2.188e-06,106.299,289.657,-35.123,calibration
VG2,19612271994,470947846.5,2014-12-04T06:49:39,2879.954700,16.666929,1.573e-05,106.591,289.668,-35.158,calibration
VG2,19612751994,470976646.0,2014-12-04T14:49:39,2879.993220,16.666706,2.354e-06,106.594,289.668,-35.158,calibration
VG2,19631951994,472128643.3,2014-12-17T22:49:36,2880.021540,16.666542,-7.479e-06,106.710,289.672,-35.172,calibration
VG2,19632431994,472157443.6,2014-12-18T06:49:36,2879.994060,16.666701,2.063e-06,106.712,289.672,-35.173,calibration
VG2,19657391994,473655040.5,2015-01-04T14:49:33,2879.943540,16.666993,1.960e-05,106.863,289.677,-35.191,calibration
VG2,19657871994,473683839.9,2015-01-04T22:49:33,2879.993160,16.666706,2.375e-06,106.866,289.678,-35.191,calibration
VG2,19834031994,484253415.0,2015-05-07T06:49:08,2879.978580,16.666791,7.438e-06,107.927,289.715,-35.317,calibration
VG2,19834511994,484282214.8,2015-05-07T14:49:08,2879.993160,16.666706,2.375e-06,107.929,289.715,-35.318,calibration
VG2,19912822394,488980827.7,2015-06-30T23:59:21,2819.993160,17.021318,2.128e-02,108.401,289.732,-35.373,rate_mode
VG2,19912823194,488980875.7,2015-07-01T00:00:08,2879.993160,16.666706,2.375e-06,108.401,289.732,-35.373,calibration
VG2,19975151994,492720594.8,2015-08-13T06:48:47,2879.974260,16.666816,8.938e-06,108.777,289.745,-35.417,calibration
VG2,19975631994,492749394.6,2015-08-13T14:48:46,2879.992980,16.666707,2.438e-06,108.780,289.745,-35.417,calibration
VG2,20080271994,499027779.4,2015-10-25T06:48:31,2880.008340,16.666618,-2.896e-06,109.410,289.767,-35.490,calibration
VG2,20080751994,499056579.5,2015-10-25T14:48:31,2879.993640,16.666703,2.208e-06,109.413,289.767,-35.490,calibration
VG2,20114831994,501101375.0,2015-11-18T06:48:27,2879.943120,16.666996,1.975e-05,109.618,289.774,-35.513,calibration
VG2,20115311994,501130174.4,2015-11-18T14:48:26,2879.992920,16.666708,2.458e-06,109.621,289.774,-35.514,calibration
VG2,20182991994,505190964.5,2016-01-04T14:48:16,2879.961000,16.666892,1.354e-05,110.029,289.788,-35.560,calibration
VG2,20183471994,505219764.1,2016-01-04T22:48:16,2879.992800,16.666708,2.500e-06,110.032,289.788,-35.560,calibration
VG2,20276591994,510806950.1,2016-03-09T14:48:02,2880.009120,16.666614,-3.167e-06,110.593,289.807,-35.624,calibration
VG2,20277071994,510835750.2,2016-03-09T22:48:02,2879.993280,16.666706,2.333e-06,110.596,289.807,-35.624,calibration
VG2,20286671994,511411748.9,2016-03-16T14:48:01,2879.966520,16.666860,1.163e-05,110.654,289.809,-35.630,calibration
VG2,20287151994,511440548.5,2016-03-16T22:48:00,2879.991840,16.666714,2.833e-06,110.657,289.809,-35.631,calibration
VG2,20303951994,512448545.7,2016-03-28T14:47:58,2880.016860,16.666569,-5.854e-06,110.758,289.813,-35.642,calibration
VG2,20304431994,512477345.9,2016-03-28T22:47:58,2879.992740,16.666709,2.521e-06,110.761,289.813,-35.642,calibration
VG2,20522351994,525552513.0,2016-08-27T06:47:25,2879.945520,16.666982,1.892e-05,112.074,289.857,-35.787,calibration
VG2,20522831994,525581312.4,2016-08-27T14:47:24,2879.994120,16.666701,2.042e-06,112.077,289.857,-35.787,calibration
VG2,20536751994,526416510.7,2016-09-06T06:47:23,2879.942100,16.667002,2.010e-05,112.161,289.860,-35.797,calibration
VG2,20537231994,526445310.2,2016-09-06T14:47:22,2879.992620,16.666709,2.563e-06,112.164,289.860,-35.797,calibration
VG2,20615951994,531168498.1,2016-10-31T06:47:10,2879.970960,16.666835,1.008e-05,112.638,289.875,-35.848,calibration
VG2,20616431994,531197297.8,2016-10-31T14:47:10,2879.992500,16.666710,2.604e-06,112.641,289.875,-35.849,calibration
VG2,20693231994,535805285.8,2016-12-23T22:46:58,2879.980260,16.666781,6.854e-06,113.104,289.891,-35.898,calibration
VG2,20693711994,535834085.6,2016-12-24T06:46:57,2879.992440,16.666710,2.625e-06,113.107,289.891,-35.899,calibration
VG2,20704824794,536500851.9,2016-12-31T23:59:44,2819.992440,17.021322,2.128e-02,113.174,289.893,-35.906,rate_mode
VG2,20704825594,536500899.9,2017-01-01T00:00:31,2879.992440,16.666710,2.625e-06,113.174,289.893,-35.906,calibration
VG2,20710511994,536842083.0,2017-01-04T22:46:54,2879.992020,16.666713,2.771e-06,113.208,289.894,-35.909,calibration
VG2,20710991994,536870882.9,2017-01-05T06:46:54,2879.992260,16.666711,2.688e-06,113.211,289.894,-35.910,calibration
VG2,20727791994,537878880.2,2017-01-16T22:46:51,2879.997180,16.666683,9.792e-07,113.313,289.897,-35.921,calibration
VG2,20728271994,537907680.2,2017-01-17T06:46:51,2879.992380,16.666711,2.646e-06,113.316,289.898,-35.921,calibration
VG2,20879471994,546979656.2,2017-05-02T06:46:27,2879.973600,16.666819,9.167e-06,114.227,289.927,-36.017,calibration
VG2,20879951994,547008456.0,2017-05-02T14:46:27,2879.992200,16.666712,2.708e-06,114.230,289.927,-36.018,calibration
VG2,21027791994,555878832.0,2017-08-13T06:46:03,2879.982600,16.666767,6.042e-06,115.121,289.956,-36.110,calibration
VG2,21028271994,555907631.9,2017-08-13T14:46:03,2879.992140,16.666712,2.729e-06,115.124,289.956,-36.111,calibration
VG2,21132911994,562186014.7,2017-10-25T06:45:46,2879.983140,16.666764,5.854e-06,115.755,289.976,-36.175,calibration
VG2,21133391994,562214814.6,2017-10-25T14:45:45,2879.992080,16.666713,2.750e-06,115.758,289.976,-36.176,calibration
VG2,21198671994,566131603.8,2017-12-09T22:45:35,2879.981700,16.666773,6.354e-06,116.152,289.989,-36.216,calibration
VG2,21199151994,566160403.6,2017-12-10T06:45:34,2879.991960,16.666713,2.792e-06,116.155,289.989,-36.216,calibration
VG2,21341711994,574713979.8,2018-03-19T06:45:11,2879.977560,16.666797,7.792e-06,117.014,290.016,-36.303,calibration
VG2,21342191994,574742779.6,2018-03-19T14:45:10,2879.991900,16.666714,2.813e-06,117.017,290.016,-36.303,calibration
VG2,21382031994,577133172.9,2018-04-16T06:45:04,2879.985840,16.666749,4.917e-06,117.258,290.023,-36.327,calibration
VG2,21382511994,577161972.8,2018-04-16T14:45:04,2879.991840,16.666714,2.833e-06,117.261,290.023,-36.327,calibration
VG2,21499919993,584206432.7,2018-07-07T03:32:44,2879.991739,16.666714,2.868e-06,117.969,290.045,-36.397,calibration
VG2,21499920793,584206480.7,2018-07-07T03:33:32,2879.991750,16.666714,2.865e-06,117.969,290.045,-36.397,calibration
VG2,21629307638,591969669.2,2018-10-05T00:00:00,2879.991640,16.666715,2.903e-06,118.749,290.069,-36.473,calibration
VG2,21735867947,598363269.2,2018-12-18T00:00:00,2879.991580,16.666715,2.924e-06,119.392,290.089,-36.535,calibration
VG2,21898588423,608126469.2,2019-04-10T00:00:00,2879.991480,16.666716,2.958e-06,120.373,290.118,-36.629,calibration
VG2,21953548586,611424106.7,2019-05-18T04:00:37,38104.860004,1.259682,-9.244e-01,120.704,290.128,-36.660,rate_mode
VG2,21953549386,611424741.8,2019-05-18T04:11:13,2879.991450,16.666716,2.969e-06,120.704,290.128,-36.660,calibration
VG2,21990738287,613656069.2,2019-06-13T00:00:00,2879.991690,16.666715,2.885e-06,120.929,290.135,-36.681,calibration
VG2,22015218358,615124869.2,2019-06-30T00:00:00,2879.992200,16.666712,2.708e-06,121.076,290.139,-36.695,calibration
VG2,22029618397,615988869.2,2019-07-10T00:00:00,2879.992600,16.666709,2.569e-06,121.163,290.142,-36.703,calibration
VG2,22038258419,616507269.2,2019-07-16T00:00:00,2879.992200,16.666712,2.708e-06,121.215,290.144,-36.708,calibration
VG2,22090098559,619617669.2,2019-08-21T00:00:00,2879.992300,16.666711,2.674e-06,121.528,290.153,-36.737,calibration
VG2,22215378894,627134469.2,2019-11-16T00:00:00,2879.992180,16.666712,2.715e-06,122.283,290.175,-36.807,calibration
VG2,22316749169,633216669.2,2020-01-25T09:30:00,2880.043250,16.666416,-1.502e-05,122.895,290.193,-36.862,calibration
VG2,22328178998,633902469.2,2020-02-02T08:00:00,2879.992100,16.666712,2.743e-06,122.964,290.195,-36.869,calibration
VG2,22425647993,639750592.8,2020-04-10T00:28:44,2879.991955,16.666713,2.793e-06,123.551,290.212,-36.922,calibration
VG2,22565039993,648114089.5,2020-07-15T19:40:20,2880.000000,16.666667,0.000e+00,124.392,290.236,-36.997,calibration
VG2,22566095993,648177449.5,2020-07-16T13:16:20,2879.991855,16.666714,2.828e-06,124.398,290.236,-36.997,calibration
VG2,22691519993,655702868.2,2020-10-11T15:39:59,2879.991750,16.666714,2.865e-06,125.155,290.257,-37.064,calibration
VG2,22896719993,668014832.9,2021-03-03T03:39:24,2879.983666,16.666761,5.671e-06,126.392,290.292,-37.171,calibration
VG2,22897199993,668043632.8,2021-03-03T11:39:24,2879.992093,16.666712,2.745e-06,126.395,290.292,-37.171,calibration
VG2,22942799993,670779625.2,2021-04-04T03:39:16,2879.997351,16.666682,9.198e-07,126.670,290.299,-37.195,calibration
VG2,22943279993,670808425.2,2021-04-04T11:39:16,2879.992095,16.666712,2.745e-06,126.672,290.299,-37.195,calibration
VG2,23017679993,675272413.0,2021-05-26T03:39:04,2879.987741,16.666738,4.257e-06,127.121,290.312,-37.233,calibration
VG2,23018159993,675301212.8,2021-05-26T11:39:04,2879.992025,16.666713,2.769e-06,127.124,290.312,-37.234,calibration
VG2,23087279993,679448401.4,2021-07-13T11:38:52,2879.997573,16.666681,8.425e-07,127.541,290.323,-37.269,calibration
VG2,23087759993,679477201.3,2021-07-13T19:38:52,2879.991878,16.666714,2.820e-06,127.544,290.323,-37.269,calibration
VG2,23157359993,683653189.6,2021-08-31T03:38:40,2879.983661,16.666761,5.673e-06,127.963,290.335,-37.304,calibration
VG2,23157839993,683681989.4,2021-08-31T11:38:40,2879.991800,16.666714,2.847e-06,127.966,290.335,-37.305,calibration
VG2,23273039993,690593969.7,2021-11-19T11:38:21,2879.983207,16.666764,5.831e-06,128.661,290.353,-37.363,calibration
VG2,23273519993,690622769.5,2021-11-19T19:38:20,2879.991754,16.666714,2.863e-06,128.663,290.353,-37.363,calibration
VG2,23393999993,697851548.8,2022-02-11T11:38:00,2880.041731,16.666425,-1.449e-05,129.390,290.373,-37.423,calibration
VG2,23394479993,697880349.3,2022-02-11T19:38:00,2879.991984,16.666713,2.783e-06,129.393,290.373,-37.423,calibration
VG2,23508719993,704734730.2,2022-05-02T03:37:41,2879.997249,16.666683,9.552e-07,130.081,290.391,-37.479,calibration
VG2,23509199993,704763530.2,2022-05-02T11:37:41,2879.991931,16.666713,2.802e-06,130.084,290.391,-37.480,calibration
VG2,23622479993,711560311.1,2022-07-20T03:37:22,2880.000582,16.666663,-2.020e-07,130.767,290.408,-37.535,calibration
VG2,23622959993,711589111.1,2022-07-20T11:37:22,2879.991814,16.666714,2.842e-06,130.770,290.409,-37.535,calibration
VG2,23721839993,717521894.3,2022-09-27T03:37:05,2879.992278,16.666711,2.681e-06,131.366,290.424,-37.583,calibration
VG2,23722319993,717550694.2,2022-09-27T11:37:05,2879.991796,16.666714,2.849e-06,131.369,290.424,-37.583,calibration
VG2,23799119993,722158681.1,2022-11-19T19:36:52,2879.981673,16.666773,6.364e-06,131.832,290.436,-37.620,calibration
VG2,23799599993,722187480.9,2022-11-20T03:36:52,2879.991707,16.666715,2.880e-06,131.835,290.436,-37.620,calibration
VG2,23923919993,729646659.4,2023-02-14T11:36:30,2879.969318,16.666844,1.065e-05,132.584,290.455,-37.679,calibration
VG2,23924399993,729675459.1,2023-02-14T19:36:30,2879.991553,16.666716,2.933e-06,132.587,290.455,-37.679,calibration
VG2,23992559993,733765047.1,2023-04-03T03:36:18,2879.986512,16.666745,4.683e-06,132.998,290.465,-37.711,calibration
VG2,23993039993,733793847.0,2023-04-03T11:36:18,2879.991434,16.666716,2.974e-06,133.001,290.465,-37.711,calibration
VG2,24132719993,742174622.0,2023-07-09T11:35:53,2880.026857,16.666511,-9.325e-06,133.843,290.486,-37.776,calibration
VG2,24133199993,742203422.3,2023-07-09T19:35:53,2879.991465,16.666716,2.964e-06,133.846,290.486,-37.777,calibration
VG2,24257519993,749662600.2,2023-10-04T03:35:31,2879.980661,16.666779,6.715e-06,134.595,290.504,-37.834,calibration
VG2,24257999993,749691400.0,2023-10-04T11:35:31,2879.991432,16.666716,2.975e-06,134.598,290.504,-37.834,calibration
VG2,24377039993,756833778.7,2023-12-26T03:35:10,2879.973915,16.666818,9.058e-06,135.316,290.521,-37.888,calibration
VG2,24377519993,756862578.5,2023-12-26T11:35:09,2879.991362,16.666717,2.999e-06,135.318,290.522,-37.888,calibration
VG2,24479279993,762968160.2,2024-03-06T03:34:51,2879.976385,16.666803,8.200e-06,135.932,290.536,-37.934,calibration
VG2,24479759993,762996959.9,2024-03-06T11:34:51,2879.991248,16.666717,3.039e-06,135.935,290.536,-37.934,calibration
VG2,24610127993,770819016.2,2024-06-05T00:22:27,2879.991160,16.666718,3.069e-06,136.721,290.555,-37.992,calibration
VG2,24645647993,772950209.6,2024-06-29T16:22:20,2879.991160,16.666718,3.069e-06,136.935,290.560,-38.008,calibration
VG2,24864527993,786082969.3,2024-11-28T16:21:40,2880.041415,16.666427,-1.438e-05,138.255,290.590,-38.104,calibration
VG2,24865007993,786111769.7,2024-11-29T00:21:41,2879.991365,16.666717,2.998e-06,138.258,290.590,-38.104,calibration
VG2,25100207993,800223727.4,2025-05-11T08:20:58,2880.038672,16.666443,-1.343e-05,139.676,290.622,-38.205,calibration
VG2,25100687993,800252527.8,2025-05-11T16:20:59,2879.991775,16.666714,2.856e-06,139.679,290.622,-38.205,calibration
VG2,25533167993,826201253.7,2026-03-08T00:19:45,2879.773230,16.667979,7.875e-05,142.288,290.680,-38.385,calibration
VG2,25533647993,826230051.4,2026-03-08T08:19:42,2879.991389,16.666717,2.990e-06,142.291,290.680,-38.385,calibration
NH1,0,190966210.4,2006-01-19T18:09:05,1.000000,50000.000000,0.000e+00,nan,nan,nan,calibration
NH1,2766250000,191021537.7,2006-01-20T09:31:12,1.000000,49999.999548,-9.050e-09,0.984,120.351,0.009,calibration
NH1,5196350000,191070139.7,2006-01-20T23:01:14,1.000000,49999.999534,-9.310e-09,0.984,121.161,0.022,calibration
NH1,9606650000,191158345.7,2006-01-21T23:31:20,1.000000,49999.999530,-9.390e-09,0.985,122.629,0.044,calibration
NH1,13926500000,191244742.7,2006-01-22T23:31:17,1.000000,49999.999541,-9.190e-09,0.986,124.066,0.065,calibration
NH1,18246400000,191331140.7,2006-01-23T23:31:15,1.000000,49999.999531,-9.380e-09,0.987,125.500,0.087,calibration
NH1,22566350000,191417539.7,2006-01-24T23:31:14,1.000000,49999.999554,-8.920e-09,0.988,126.929,0.108,calibration
NH1,26885950000,191503931.7,2006-01-25T23:31:06,1.000000,49999.999523,-9.540e-09,0.990,128.354,0.129,calibration
NH1,31206000000,191590332.7,2006-01-26T23:31:07,1.000000,49999.999322,-1.357e-08,0.992,129.774,0.150,calibration
NH1,44169100000,191849594.7,2006-01-29T23:32:09,1.000000,49999.996338,-7.324e-08,1.000,133.992,0.212,calibration
NH1,48495750000,191936127.7,2006-01-30T23:34:22,1.000000,50000.003293,6.585e-08,1.003,135.384,0.232,calibration
NH1,52805100000,192022314.7,2006-01-31T23:30:49,1.000000,49999.999491,-1.019e-08,1.007,136.760,0.252,calibration
NH1,57124700000,192108706.7,2006-02-01T23:30:41,1.000000,49999.999105,-1.790e-08,1.011,138.130,0.272,calibration
NH1,91701750000,192800247.7,2006-02-09T23:36:23,1.000000,50000.000849,1.697e-08,1.051,148.660,0.419,calibration
NH1,104645200000,193059116.7,2006-02-12T23:30:52,1.000000,49999.999574,-8.520e-09,1.070,152.372,0.467,calibration
NH1,108962750000,193145467.7,2006-02-13T23:30:03,1.000000,49999.999584,-8.330e-09,1.077,153.580,0.482,calibration
NH1,117603550000,193318283.7,2006-02-15T23:30:19,1.000000,49999.999601,-7.990e-09,1.092,155.950,0.512,calibration
NH1,134885300000,193663918.7,2006-02-19T23:30:54,1.000000,49999.999598,-8.040e-09,1.123,160.499,0.566,calibration
NH1,139201550000,193750243.7,2006-02-20T23:29:39,1.000000,49999.999621,-7.590e-09,1.131,161.595,0.579,calibration
NH1,143531500000,193836842.7,2006-02-21T23:32:58,1.000000,49999.999621,-7.590e-09,1.140,162.678,0.591,calibration
NH1,151982150000,194005855.7,2006-02-23T22:29:51,1.000000,49999.999636,-7.290e-09,1.157,164.745,0.614,calibration
NH1,165123050000,194268673.7,2006-02-26T23:30:09,1.000000,49999.999638,-7.240e-09,1.185,167.838,0.646,calibration
NH1,169440450000,194355021.7,2006-02-27T23:29:17,1.000000,49999.999651,-6.980e-09,1.194,168.823,0.656,calibration
NH1,173760250000,194441417.7,2006-02-28T23:29:13,1.000000,49999.999652,-6.970e-09,1.204,169.792,0.665,calibration
NH1,182401100000,194614234.7,2006-03-02T23:29:30,1.000000,49999.999661,-6.790e-09,1.223,171.686,0.684,calibration
NH1,195001700000,194866246.7,2006-03-05T21:29:42,1.000000,49999.999679,-6.410e-09,1.253,174.339,0.708,calibration
NH1,203280050000,195031813.7,2006-03-07T19:29:09,1.000000,49999.999695,-6.110e-09,1.273,176.014,0.722,calibration
NH1,212639700000,195219006.7,2006-03-09T23:29:02,1.000000,49999.999696,-6.070e-09,1.295,177.846,0.737,calibration
NH1,229381150000,195553835.7,2006-03-13T20:29:31,1.000000,49999.999714,-5.720e-09,1.337,180.964,0.762,calibration
NH1,246746750000,195901147.7,2006-03-17T20:58:03,1.000000,49999.999735,-5.300e-09,1.382,183.995,0.783,calibration
NH1,276812450000,196502461.7,2006-03-24T19:59:57,1.000000,49999.999764,-4.730e-09,1.463,188.794,0.812,calibration
NH1,293993950000,196846091.7,2006-03-28T19:27:07,1.000000,49999.999770,-4.600e-09,1.510,191.305,0.825,calibration
NH1,302633400000,197018880.7,2006-03-30T19:26:56,1.000000,49999.999774,-4.530e-09,1.534,192.509,0.831,calibration
NH1,306953150000,197105275.7,2006-03-31T19:26:51,1.000000,49999.999771,-4.590e-09,1.546,193.097,0.833,calibration
NH1,319912550000,197364463.7,2006-04-03T19:26:39,1.000000,49999.999795,-4.110e-09,1.582,194.808,0.840,calibration
NH1,324052200000,197447256.7,2006-04-04T18:26:32,1.000000,49999.999776,-4.480e-09,1.594,195.337,0.842,calibration
NH1,330712800000,197580468.7,2006-04-06T07:26:44,1.000000,49999.999794,-4.130e-09,1.612,196.174,0.846,calibration
NH1,333591800000,197638048.7,2006-04-06T23:26:24,1.000000,49999.999789,-4.230e-09,1.620,196.529,0.847,calibration
NH1,338271950000,197731651.7,2006-04-08T01:26:27,1.000000,49999.999812,-3.750e-09,1.634,197.100,0.849,calibration
NH1,354289800000,198052008.7,2006-04-11T18:25:44,1.000000,49999.999814,-3.710e-09,1.679,198.984,0.855,calibration
NH1,362929150000,198224795.7,2006-04-13T18:25:31,1.000000,49999.999819,-3.610e-09,1.704,199.958,0.857,calibration
NH1,388847050000,198743153.7,2006-04-19T18:24:49,1.000000,49999.999839,-3.220e-09,1.779,202.717,0.864,calibration
NH1,392986650000,198825945.7,2006-04-20T17:24:41,1.000000,49999.999375,-1.251e-08,1.790,203.137,0.864,calibration
NH1,399115100000,198948514.7,2006-04-22T03:27:30,1.000000,50000.000111,2.220e-09,1.808,203.748,0.865,calibration
NH1,409184950000,199149911.7,2006-04-24T11:24:07,1.000000,49999.999837,-3.250e-09,1.837,204.726,0.867,calibration
NH1,417824150000,199322695.7,2006-04-26T11:23:51,1.000000,49999.999851,-2.970e-09,1.862,205.540,0.868,calibration
NH1,423224000000,199430692.7,2006-04-27T17:23:48,1.000000,49999.999849,-3.010e-09,1.878,206.038,0.869,calibration
NH1,446442200000,199895056.7,2006-05-03T02:23:12,1.000000,49999.999848,-3.030e-09,1.945,208.089,0.870,calibration
NH1,450761650000,199981445.7,2006-05-04T02:23:01,1.000000,49999.999797,-4.070e-09,1.958,208.455,0.870,calibration
NH1,456701700000,200100246.7,2006-05-05T11:23:02,1.000000,49999.999818,-3.650e-09,1.975,208.951,0.870,calibration
NH1,457646000000,200119132.7,2006-05-05T16:37:48,1.000000,49999.999890,-2.200e-09,1.978,209.029,0.870,calibration
NH1,472359600000,200413404.7,2006-05-09T02:22:20,1.000000,49999.999872,-2.560e-09,2.021,210.216,0.871,calibration
NH1,480458600000,200575384.7,2006-05-10T23:22:00,1.000000,49999.999805,-3.900e-09,2.044,210.849,0.870,calibration
NH1,480997450000,200586161.7,2006-05-11T02:21:37,1.000000,49999.999877,-2.460e-09,2.046,210.891,0.870,calibration
NH1,488285850000,200731929.7,2006-05-12T18:51:05,1.000000,49999.999825,-3.490e-09,2.067,211.447,0.870,calibration
NH1,489576650000,200757745.7,2006-05-13T02:01:21,1.000000,49999.999875,-2.500e-09,2.071,211.544,0.870,calibration
NH1,502056250000,201007337.7,2006-05-15T23:21:13,1.000000,49999.999870,-2.600e-09,2.107,212.467,0.870,calibration
NH1,506375750000,201093727.7,2006-05-16T23:21:03,1.000000,49999.999879,-2.410e-09,2.120,212.779,0.869,calibration
NH1,513755750000,201241327.7,2006-05-18T16:21:03,1.000000,49999.999877,-2.450e-09,2.141,213.304,0.869,calibration
NH1,525455300000,201475318.7,2006-05-21T09:20:54,1.000000,49999.999892,-2.160e-09,2.175,214.115,0.868,calibration
NH1,532292800000,201612068.7,2006-05-22T23:20:04,1.000000,49999.999818,-3.640e-09,2.195,214.577,0.868,calibration
NH1,532471600000,201615644.7,2006-05-23T00:19:40,1.000000,49999.999889,-2.220e-09,2.195,214.589,0.868,calibration
NH1,549933200000,201964876.7,2006-05-27T01:20:12,1.000000,49999.999893,-2.150e-09,2.246,215.732,0.866,calibration
NH1,566849800000,202303208.7,2006-05-30T23:19:04,1.000000,49999.999897,-2.060e-09,2.294,216.791,0.864,calibration
NH1,579809400000,202562400.7,2006-06-02T23:18:56,1.000000,50000.000099,1.980e-09,2.332,217.573,0.863,calibration
NH1,579985850000,202565929.7,2006-06-03T00:17:45,1.000000,49999.999904,-1.920e-09,2.332,217.583,0.863,calibration
NH1,601479400000,202995800.7,2006-06-07T23:42:16,1.000000,49999.999891,-2.190e-09,2.394,218.825,0.860,calibration
NH1,605723700000,203080686.7,2006-06-08T23:17:02,1.000000,49999.999907,-1.860e-09,2.406,219.063,0.860,calibration
NH1,615804000000,203282292.7,2006-06-11T07:17:08,1.000000,49999.999900,-2.000e-09,2.435,219.618,0.858,calibration
NH1,620121000000,203368632.7,2006-06-12T07:16:08,1.000000,49999.999866,-2.690e-09,2.447,219.852,0.858,calibration
NH1,627320850000,203512629.7,2006-06-13T23:16:05,1.000000,49999.999909,-1.820e-09,2.468,220.236,0.857,calibration
NH1,671966000000,204405532.7,2006-06-24T07:17:48,1.000000,49999.999915,-1.710e-09,2.595,222.486,0.850,calibration
NH1,683473200000,204635676.7,2006-06-26T23:13:32,1.000000,49999.999916,-1.690e-09,2.628,223.030,0.848,calibration
NH1,687792600000,204722064.7,2006-06-27T23:13:20,1.000000,49999.999758,-4.840e-09,2.640,223.231,0.847,calibration
NH1,696435700000,204894926.7,2006-06-29T23:14:22,1.000000,50000.001203,2.405e-08,2.664,223.628,0.846,calibration
NH1,697510350000,204916419.7,2006-06-30T05:12:35,1.000000,49999.999919,-1.620e-09,2.667,223.676,0.846,calibration
NH1,714967950000,205265571.7,2006-07-04T06:11:47,1.000000,49999.999923,-1.540e-09,2.716,224.454,0.843,calibration
NH1,722422650000,205414665.7,2006-07-05T23:36:41,1.000000,49999.999733,-5.340e-09,2.737,224.777,0.842,calibration
NH1,730811950000,205582451.7,2006-07-07T22:13:07,1.000000,50000.000012,2.300e-10,2.761,225.135,0.840,calibration
NH1,748087600000,205927964.7,2006-07-11T22:11:40,1.000000,49999.999931,-1.390e-09,2.809,225.854,0.837,calibration
NH1,752654950000,206019311.7,2006-07-12T23:34:07,1.000000,49999.999912,-1.770e-09,2.822,226.040,0.836,calibration
NH1,753842350000,206043059.7,2006-07-13T06:09:55,1.000000,49999.999924,-1.520e-09,2.825,226.088,0.836,calibration
NH1,761042150000,206187055.7,2006-07-14T22:09:51,1.000000,49999.999928,-1.440e-09,2.845,226.377,0.835,calibration
NH1,775259250000,206471397.7,2006-07-18T05:08:53,1.000000,49999.999933,-1.350e-09,2.885,226.936,0.833,calibration
NH1,782639000000,206618992.7,2006-07-19T22:08:48,1.000000,49999.999934,-1.310e-09,2.905,227.220,0.831,calibration
NH1,787138350000,206708979.7,2006-07-20T23:08:35,1.000000,49999.999928,-1.450e-09,2.918,227.391,0.831,calibration
NH1,799738850000,206960989.7,2006-07-23T21:08:45,1.000000,49999.999933,-1.340e-09,2.953,227.863,0.828,calibration
NH1,808195200000,207130116.7,2006-07-25T20:07:32,1.000000,49999.999931,-1.380e-09,2.976,228.174,0.827,calibration
NH1,832676000000,207619732.7,2006-07-31T12:07:48,1.000000,49999.999941,-1.180e-09,3.043,229.046,0.823,calibration
NH1,838970850000,207745629.7,2006-08-01T23:06:05,1.000000,49999.999875,-2.500e-09,3.060,229.264,0.822,calibration
NH1,840049800000,207767208.7,2006-08-02T05:05:44,1.000000,49999.999938,-1.230e-09,3.063,229.301,0.821,calibration
NH1,844369150000,207853595.7,2006-08-03T05:05:31,1.000000,49999.999935,-1.290e-09,3.075,229.449,0.821,calibration
NH1,858589850000,208138009.7,2006-08-06T12:05:45,1.000000,49999.999937,-1.250e-09,3.114,229.929,0.818,calibration
NH1,870285400000,208371920.7,2006-08-09T05:04:16,1.000000,49999.999944,-1.120e-09,3.146,230.314,0.816,calibration
NH1,877902800000,208524268.7,2006-08-10T23:23:24,1.000000,49999.999934,-1.320e-09,3.167,230.561,0.815,calibration
NH1,894586250000,208857937.7,2006-08-14T20:04:33,1.000000,49999.999943,-1.130e-09,3.212,231.090,0.812,calibration
NH1,903834150000,209042895.7,2006-08-16T23:27:11,1.000000,49999.999937,-1.260e-09,3.237,231.377,0.810,calibration
NH1,908154500000,209129302.7,2006-08-17T23:27:18,1.000000,49999.999935,-1.290e-09,3.248,231.510,0.810,calibration
NH1,917620950000,209318631.7,2006-08-20T04:02:47,1.000000,49999.999945,-1.090e-09,3.274,231.797,0.808,calibration
NH1,929752450000,209561261.7,2006-08-22T23:26:37,1.000000,49999.999941,-1.170e-09,3.307,232.158,0.806,calibration
NH1,939037850000,209746969.7,2006-08-25T03:01:45,1.000000,49999.999943,-1.130e-09,3.331,232.430,0.804,calibration
NH1,959994900000,210166110.7,2006-08-29T23:27:26,1.000000,49999.999946,-1.070e-09,3.387,233.030,0.801,calibration
NH1,1016074350000,211287699.7,2006-09-11T23:00:35,1.000000,49999.999943,-1.140e-09,3.536,234.540,0.792,calibration
NH1,1026686350000,211499939.7,2006-09-14T09:57:55,1.000000,49999.999951,-9.700e-10,3.564,234.812,0.790,calibration
NH1,1041985000000,211805912.7,2006-09-17T22:57:28,1.000000,49999.999950,-1.000e-09,3.604,235.196,0.787,calibration
NH1,1052602800000,212018268.7,2006-09-20T09:56:44,1.000000,49999.999952,-9.500e-10,3.632,235.458,0.786,calibration
NH1,1069700750000,212360227.7,2006-09-24T08:56:03,1.000000,49999.999956,-8.700e-10,3.677,235.871,0.783,calibration
NH1,1075638050000,212478973.7,2006-09-25T17:55:09,1.000000,49999.999956,-8.700e-10,3.692,236.012,0.782,calibration
NH1,1093818600000,212842584.7,2006-09-29T22:55:20,1.000000,49999.999952,-9.600e-10,3.740,236.437,0.779,calibration
NH1,1105704700000,213080306.7,2006-10-02T16:57:22,1.000000,49999.999961,-7.800e-10,3.770,236.709,0.777,calibration
NH1,1111139050000,213188993.7,2006-10-03T23:08:49,1.000000,49999.999956,-8.700e-10,3.784,236.832,0.777,calibration
NH1,1134136500000,213648942.7,2006-10-09T06:54:38,1.000000,49999.999958,-8.300e-10,3.844,237.342,0.773,calibration
NH1,1161854200000,214203296.7,2006-10-15T16:53:52,1.000000,49999.999959,-8.100e-10,3.915,237.936,0.769,calibration
NH1,1199113650000,214948485.7,2006-10-24T07:53:41,1.000000,49999.999858,-2.840e-09,4.010,238.702,0.763,calibration
NH1,1204863900000,215063490.7,2006-10-25T15:50:26,1.000000,49999.999960,-7.900e-10,4.025,238.817,0.762,calibration
NH1,1219082650000,215347865.7,2006-10-28T22:50:01,1.000000,49999.999959,-8.200e-10,4.061,239.098,0.760,calibration
NH1,1222142600000,215409064.7,2006-10-29T15:50:00,1.000000,49999.999954,-9.100e-10,4.068,239.157,0.760,calibration
NH1,1227721900000,215520650.7,2006-10-30T22:49:46,1.000000,49999.999954,-9.200e-10,4.083,239.266,0.759,calibration
NH1,1232221850000,215610649.7,2006-10-31T23:49:45,1.000000,49999.999959,-8.100e-10,4.094,239.353,0.758,calibration
NH1,1249278850000,215951789.7,2006-11-04T22:35:25,1.000000,49999.999958,-8.400e-10,4.137,239.677,0.756,calibration
NH1,1252379700000,216013806.7,2006-11-05T15:49:02,1.000000,49999.999963,-7.300e-10,4.145,239.736,0.756,calibration
NH1,1257959650000,216125405.7,2006-11-06T22:49:01,1.000000,49999.999954,-9.100e-10,4.159,239.840,0.755,calibration
NH1,1262279350000,216211799.7,2006-11-07T22:48:55,1.000000,49999.999959,-8.100e-10,4.170,239.921,0.754,calibration
NH1,1275240600000,216471024.7,2006-11-10T22:49:20,1.000000,50000.000017,3.300e-10,4.202,240.159,0.752,calibration
NH1,1276137200000,216488956.7,2006-11-11T03:48:12,1.000000,49999.999958,-8.400e-10,4.204,240.176,0.752,calibration
NH1,1283877300000,216643758.7,2006-11-12T22:48:14,1.000000,49999.999961,-7.800e-10,4.224,240.316,0.751,calibration
NH1,1288197250000,216730157.7,2006-11-13T22:48:13,1.000000,49999.999864,-2.730e-09,4.235,240.394,0.751,calibration
NH1,1292516700000,216816546.7,2006-11-14T22:48:02,1.000000,49999.999959,-8.100e-10,4.245,240.472,0.750,calibration
NH1,1296836650000,216902945.7,2006-11-15T22:48:01,1.000000,49999.999954,-9.200e-10,4.256,240.549,0.749,calibration
NH1,1309798200000,217162176.7,2006-11-18T22:48:32,1.000000,49999.999953,-9.400e-10,4.289,240.778,0.748,calibration
NH1,1312675250000,217219717.7,2006-11-19T14:47:33,1.000000,49999.999952,-9.500e-10,4.296,240.828,0.747,calibration
NH1,1319874350000,217363699.7,2006-11-21T06:47:15,1.000000,49999.999960,-8.000e-10,4.314,240.954,0.746,calibration
NH1,1339853950000,217763291.7,2006-11-25T21:47:07,1.000000,49999.999952,-9.600e-10,4.363,241.296,0.744,calibration
NH1,1344173650000,217849685.7,2006-11-26T21:47:01,1.000000,49999.999959,-8.200e-10,4.374,241.369,0.743,calibration
NH1,1352814300000,218022498.7,2006-11-28T21:47:14,1.000000,49999.999961,-7.800e-10,4.395,241.514,0.742,calibration
NH1,1361454000000,218195292.7,2006-11-30T21:47:08,1.000000,49999.999970,-6.100e-10,4.417,241.658,0.741,calibration
NH1,1365052000000,218267252.7,2006-12-01T17:46:28,1.000000,49999.999949,-1.020e-09,4.425,241.717,0.740,calibration
NH1,1370092200000,218368056.7,2006-12-02T21:46:32,1.000000,49999.999974,-5.100e-10,4.438,241.800,0.740,calibration
NH1,1373691950000,218440051.7,2006-12-03T17:46:27,1.000000,49999.999946,-1.080e-09,4.447,241.859,0.739,calibration
NH1,1378731900000,218540850.7,2006-12-04T21:46:26,1.000000,49999.999965,-6.900e-10,4.459,241.941,0.738,calibration
NH1,1383771850000,218641649.7,2006-12-06T01:46:25,1.000000,49999.999957,-8.500e-10,4.472,242.022,0.738,calibration
NH1,1390970800000,218785628.7,2006-12-07T17:46:04,1.000000,49999.999947,-1.060e-09,4.489,242.138,0.737,calibration
NH1,1394570450000,218857621.7,2006-12-08T13:45:57,1.000000,49999.999959,-8.200e-10,4.498,242.195,0.736,calibration
NH1,1400330600000,218972824.7,2006-12-09T21:46:00,1.000000,49999.999965,-6.900e-10,4.512,242.287,0.736,calibration
NH1,1405010500000,219066422.7,2006-12-10T23:45:58,1.000000,49999.999951,-9.800e-10,4.524,242.361,0.735,calibration
NH1,1413110450000,219228421.7,2006-12-12T20:45:57,1.000000,49999.999954,-9.200e-10,4.543,242.488,0.734,calibration
NH1,1418330500000,219332822.7,2006-12-14T01:45:58,1.000000,49999.999956,-8.800e-10,4.556,242.569,0.733,calibration
NH1,1427690350000,219520019.7,2006-12-16T05:45:55,1.000000,49999.999944,-1.110e-09,4.579,242.714,0.732,calibration
NH1,1430389500000,219574002.7,2006-12-16T20:45:38,1.000000,49999.999965,-6.900e-10,4.586,242.756,0.732,calibration
NH1,1435610000000,219678412.7,2006-12-18T01:45:48,1.000000,49999.999952,-9.500e-10,4.598,242.835,0.731,calibration
NH1,1447670200000,219919616.7,2006-12-20T20:45:52,1.000000,49999.999951,-9.700e-10,4.628,243.018,0.730,calibration
NH1,1456310300000,220092418.7,2006-12-22T20:45:54,1.000000,49999.999969,-6.200e-10,4.649,243.148,0.729,calibration
NH1,1460809050000,220182393.7,2006-12-23T21:45:29,1.000000,49999.999948,-1.030e-09,4.660,243.215,0.728,calibration
NH1,1477911950000,220524451.7,2006-12-27T20:46:27,1.000000,49999.999984,-3.100e-10,4.701,243.466,0.726,calibration
NH1,1481148000000,220589172.7,2006-12-28T14:45:08,1.000000,49999.999938,-1.230e-09,4.709,243.514,0.726,calibration
NH1,1486548250000,220697177.7,2006-12-29T20:45:13,1.000000,49999.999946,-1.070e-09,4.722,243.592,0.725,calibration
NH1,1490688500000,220779982.7,2006-12-30T19:45:18,1.000000,49999.999953,-9.300e-10,4.732,243.652,0.724,calibration
NH1,1495188100000,220869974.7,2006-12-31T20:45:10,1.000000,49999.999952,-9.600e-10,4.743,243.716,0.724,calibration
NH1,1503649150000,221039195.7,2007-01-02T19:45:31,1.000000,49999.999958,-8.300e-10,4.763,243.837,0.723,calibration
NH1,1507067700000,221107566.7,2007-01-03T14:45:02,1.000000,49999.999943,-1.140e-09,4.772,243.886,0.722,calibration
NH1,1516652300000,221299258.8,2007-01-05T19:59:54,1.000000,49999.999951,-9.800e-10,4.795,244.021,0.721,calibration
NH1,1520927800000,221384768.8,2007-01-06T19:45:04,1.000000,49999.999952,-9.600e-10,4.805,244.080,0.721,calibration
NH1,1525247800000,221471168.8,2007-01-07T19:45:04,1.000000,49999.999951,-9.700e-10,4.815,244.141,0.720,calibration
NH1,1527767300000,221521558.8,2007-01-08T09:44:54,1.000000,49999.999942,-1.150e-09,4.821,244.176,0.720,calibration
NH1,1532447400000,221615160.8,2007-01-09T11:44:56,1.000000,49999.999946,-1.070e-09,4.833,244.240,0.719,calibration
NH1,1538207800000,221730368.8,2007-01-10T19:45:04,1.000000,49999.999949,-1.010e-09,4.846,244.320,0.719,calibration
NH1,1549729800000,221960808.8,2007-01-13T11:45:44,1.000000,49999.999945,-1.100e-09,4.874,244.477,0.717,calibration
NH1,1554047400000,222047160.8,2007-01-14T11:44:56,1.000000,49999.999947,-1.060e-09,4.884,244.535,0.717,calibration
NH1,1562688650000,222219985.8,2007-01-16T11:45:21,1.000000,49999.999945,-1.100e-09,4.905,244.652,0.716,calibration
NH1,1576730250000,222500817.8,2007-01-19T17:45:53,1.000000,49999.999945,-1.090e-09,4.939,244.838,0.714,calibration
NH1,1581227950000,222590771.8,2007-01-20T18:45:07,1.000000,49999.999943,-1.140e-09,4.949,244.898,0.714,calibration
NH1,1588608900000,222738390.8,2007-01-22T11:45:26,1.000000,49999.999943,-1.140e-09,4.967,244.994,0.713,calibration
NH1,1593647950000,222839171.8,2007-01-23T15:45:07,1.000000,49999.999947,-1.060e-09,4.979,245.060,0.712,calibration
NH1,1597607900000,222918370.8,2007-01-24T13:45:06,1.000000,49999.999936,-1.280e-09,4.988,245.111,0.712,calibration
NH1,1605709100000,223080394.8,2007-01-26T10:45:30,1.000000,49999.999943,-1.140e-09,5.008,245.216,0.711,calibration
NH1,1616869950000,223303611.8,2007-01-29T00:45:47,1.000000,49999.999939,-1.210e-09,5.034,245.358,0.710,calibration
NH1,1629290050000,223552013.8,2007-01-31T21:45:49,1.000000,49999.999942,-1.160e-09,5.064,245.515,0.708,calibration
NH1,1633608950000,223638391.8,2007-02-01T21:45:27,1.000000,49999.999951,-9.700e-10,5.074,245.569,0.708,calibration
NH1,1637208850000,223710389.8,2007-02-02T17:45:25,1.000000,49999.999928,-1.450e-09,5.082,245.614,0.708,calibration
NH1,1641169100000,223789594.8,2007-02-03T15:45:30,1.000000,49999.999938,-1.230e-09,5.092,245.664,0.707,calibration
NH1,1646209150000,223890395.8,2007-02-04T19:45:31,1.000000,49999.999938,-1.230e-09,5.104,245.726,0.707,calibration
NH1,1648368600000,223933584.8,2007-02-05T07:45:20,1.000000,49999.999931,-1.380e-09,5.109,245.753,0.706,calibration
NH1,1653228850000,224030789.8,2007-02-06T10:45:25,1.000000,49999.999922,-1.570e-09,5.120,245.812,0.706,calibration
NH1,1658449250000,224135197.8,2007-02-07T15:45:33,1.000000,49999.999933,-1.340e-09,5.133,245.876,0.705,calibration
NH1,1667270750000,224311627.8,2007-02-09T16:46:03,1.000000,49999.999938,-1.240e-09,5.154,245.984,0.704,calibration
NH1,1674469350000,224455599.8,2007-02-11T08:45:35,1.000000,49999.999933,-1.330e-09,5.171,246.070,0.704,calibration
NH1,1679869800000,224563608.8,2007-02-12T14:45:44,1.000000,49999.999921,-1.590e-09,5.183,246.135,0.703,calibration
NH1,1684189900000,224650010.8,2007-02-13T14:45:46,1.000000,49999.999929,-1.420e-09,5.194,246.187,0.703,calibration
NH1,1687249650000,224711205.8,2007-02-14T07:45:41,1.000000,49999.999928,-1.440e-09,5.201,246.223,0.702,calibration
NH1,1698590750000,224938027.8,2007-02-16T22:46:03,1.000000,49999.999926,-1.490e-09,5.228,246.357,0.701,calibration
NH1,1702910950000,225024431.8,2007-02-17T22:46:07,1.000000,49999.999918,-1.650e-09,5.238,246.407,0.701,calibration
NH1,1706150700000,225089226.8,2007-02-18T16:46:02,1.000000,49999.999931,-1.390e-09,5.246,246.445,0.701,calibration
NH1,1710290800000,225172028.8,2007-02-19T15:46:04,1.000000,49999.999924,-1.520e-09,5.256,246.493,0.700,calibration
NH1,1714430900000,225254830.8,2007-02-20T14:46:06,1.000000,49999.999909,-1.830e-09,5.265,246.541,0.700,calibration
NH1,1719291200000,225352036.8,2007-02-21T17:46:12,1.000000,49999.999935,-1.300e-09,5.277,246.597,0.699,calibration
NH1,1723071150000,225427635.8,2007-02-22T14:46:11,1.000000,49999.999901,-1.980e-09,5.286,246.640,0.699,calibration
NH1,1727931500000,225524842.8,2007-02-23T17:46:18,1.000000,49999.999915,-1.700e-09,5.298,246.696,0.699,calibration
NH1,1732791800000,225622048.8,2007-02-24T20:46:24,1.000000,49999.999901,-1.980e-09,5.310,246.751,0.698,calibration
NH1,1740713050000,225780473.8,2007-02-26T16:46:49,1.000000,49999.999868,-2.650e-09,5.330,246.843,0.698,calibration
NH1,1746292350000,225892059.8,2007-02-27T23:46:35,1.000000,49999.999847,-3.060e-09,5.345,246.913,0.699,calibration
NH1,1750432350000,225974859.8,2007-02-28T22:46:35,1.000000,49999.999837,-3.260e-09,5.356,246.975,0.701,calibration
NH1,1753672200000,226039656.8,2007-03-01T16:46:32,1.000000,49999.999859,-2.820e-09,5.365,247.029,0.703,calibration
NH1,1759072650000,226147665.8,2007-03-02T22:46:41,1.000000,49999.999864,-2.730e-09,5.379,247.125,0.707,calibration
NH1,1763572800000,226237668.8,2007-03-03T23:46:44,1.000000,49999.999867,-2.660e-09,5.390,247.206,0.711,calibration
NH1,1769513400000,226356480.8,2007-03-05T08:46:56,1.000000,49999.999874,-2.510e-09,5.405,247.313,0.715,calibration
NH1,1775993050000,226486073.8,2007-03-06T20:46:49,1.000000,49999.999864,-2.730e-09,5.421,247.430,0.720,calibration
NH1,1780673300000,226579678.8,2007-03-07T22:46:54,1.000000,49999.999886,-2.290e-09,5.433,247.514,0.723,calibration
NH1,1783552950000,226637271.8,2007-03-08T14:46:47,1.000000,49999.999870,-2.600e-09,5.440,247.566,0.725,calibration
NH1,1786612750000,226698467.8,2007-03-09T07:46:43,1.000000,49999.999878,-2.440e-09,5.447,247.620,0.727,calibration
NH1,1796874750000,226903707.8,2007-03-11T16:47:23,1.000000,49999.999864,-2.730e-09,5.472,247.803,0.735,calibration
NH1,1801013600000,226986484.8,2007-03-12T15:47:00,1.000000,49999.999880,-2.390e-09,5.482,247.876,0.737,calibration
NH1,1806054000000,227087292.8,2007-03-13T19:47:08,1.000000,49999.999876,-2.480e-09,5.495,247.965,0.741,calibration
NH1,1810194050000,227170093.8,2007-03-14T18:47:09,1.000000,49999.999874,-2.510e-09,5.505,248.038,0.744,calibration
NH1,1818835550000,227342923.8,2007-03-16T18:47:39,1.000000,49999.999876,-2.470e-09,5.526,248.189,0.750,calibration
NH1,1823154500000,227429302.8,2007-03-17T18:47:18,1.000000,49999.999865,-2.710e-09,5.536,248.264,0.753,calibration
NH1,1827474650000,227515705.8,2007-03-18T18:47:21,1.000000,49999.999872,-2.570e-09,5.547,248.339,0.756,calibration
NH1,1831794750000,227602107.8,2007-03-19T18:47:23,1.000000,49999.999870,-2.600e-09,5.557,248.413,0.759,calibration
NH1,1836835350000,227702919.8,2007-03-20T22:47:35,1.000000,49999.999855,-2.890e-09,5.569,248.500,0.762,calibration
NH1,1841155250000,227789317.8,2007-03-21T22:47:33,1.000000,49999.999896,-2.080e-09,5.580,248.574,0.765,calibration
NH1,1844215050000,227850513.8,2007-03-22T15:47:29,1.000000,49999.999865,-2.710e-09,5.587,248.626,0.767,calibration
NH1,1849075350000,227947719.8,2007-03-23T18:47:35,1.000000,49999.999867,-2.660e-09,5.599,248.709,0.770,calibration
NH1,1857176600000,228109744.8,2007-03-25T15:48:00,1.000000,49999.999864,-2.730e-09,5.618,248.845,0.776,calibration
NH1,1861495550000,228196123.8,2007-03-26T15:47:39,1.000000,49999.999878,-2.440e-09,5.629,248.918,0.778,calibration
NH1,1868516500000,228336542.8,2007-03-28T06:47:58,1.000000,49999.999863,-2.740e-09,5.646,249.036,0.783,calibration
NH1,1874275850000,228451729.8,2007-03-29T14:47:45,1.000000,49999.999871,-2.580e-09,5.660,249.131,0.787,calibration
NH1,1879676300000,228559738.8,2007-03-30T20:47:54,1.000000,49999.999865,-2.700e-09,5.673,249.221,0.790,calibration
NH1,1888317750000,228732567.8,2007-04-01T20:48:23,1.000000,49999.999870,-2.600e-09,5.693,249.363,0.796,calibration
NH1,1891376300000,228793738.8,2007-04-02T13:47:54,1.000000,49999.999869,-2.620e-09,5.701,249.413,0.798,calibration
NH1,1896236550000,228890943.8,2007-04-03T16:47:59,1.000000,49999.999836,-3.280e-09,5.712,249.493,0.801,calibration
NH1,1900556650000,228977345.8,2007-04-04T16:48:01,1.000000,49999.999867,-2.660e-09,5.723,249.563,0.803,calibration
NH1,1909198050000,229150173.8,2007-04-06T16:48:29,1.000000,49999.999857,-2.860e-09,5.744,249.703,0.809,calibration
NH1,1913877050000,229243753.8,2007-04-07T18:48:09,1.000000,49999.999861,-2.780e-09,5.755,249.778,0.812,calibration
NH1,1926659700000,229499406.8,2007-04-10T17:49:02,1.000000,49999.999851,-2.980e-09,5.786,249.982,0.820,calibration
NH1,1934758500000,229661382.8,2007-04-12T14:48:38,1.000000,49999.999871,-2.580e-09,5.805,250.111,0.825,calibration
NH1,1939797550000,229762163.8,2007-04-13T18:48:19,1.000000,49999.999857,-2.860e-09,5.817,250.190,0.828,calibration
NH1,1944117650000,229848565.8,2007-04-14T18:48:21,1.000000,49999.999857,-2.860e-09,5.827,250.258,0.830,calibration
NH1,1951320650000,229992625.8,2007-04-16T10:49:21,1.000000,49999.999853,-2.930e-09,5.845,250.370,0.835,calibration
NH1,1970040050000,230367013.8,2007-04-20T18:49:09,1.000000,49999.999847,-3.060e-09,5.890,250.660,0.846,calibration
NH1,1978859300000,230543398.8,2007-04-22T19:48:54,1.000000,49999.999861,-2.790e-09,5.911,250.795,0.851,calibration
NH1,1982097850000,230608169.8,2007-04-23T13:48:25,1.000000,49999.999855,-2.900e-09,5.919,250.844,0.853,calibration
NH1,1984977950000,230665771.8,2007-04-24T05:48:27,1.000000,49999.999846,-3.070e-09,5.925,250.888,0.854,calibration
NH1,1989028300000,230746778.8,2007-04-25T04:18:34,1.000000,49999.999856,-2.880e-09,5.935,250.949,0.857,calibration
NH1,1993438400000,230834980.8,2007-04-26T04:48:36,1.000000,49999.999853,-2.940e-09,5.946,251.015,0.859,calibration
NH1,1999738950000,230960991.8,2007-04-27T15:48:47,1.000000,49999.999843,-3.150e-09,5.961,251.110,0.863,calibration
NH1,2004238050000,231050973.8,2007-04-28T16:48:29,1.000000,49999.999846,-3.090e-09,5.972,251.177,0.865,calibration
NH1,2011799350000,231202199.8,2007-04-30T10:48:55,1.000000,49999.999851,-2.970e-09,5.990,251.290,0.870,calibration
NH1,2021519200000,231396596.8,2007-05-02T16:48:52,1.000000,49999.999845,-3.100e-09,6.013,251.433,0.875,calibration
NH1,2025838000000,231482972.8,2007-05-03T16:48:28,1.000000,49999.999848,-3.040e-09,6.023,251.497,0.878,calibration
NH1,2029797850000,231562169.8,2007-05-04T14:48:25,1.000000,49999.999843,-3.150e-09,6.033,251.555,0.880,calibration
NH1,2038619050000,231738593.8,2007-05-06T15:48:49,1.000000,49999.999849,-3.020e-09,6.054,251.683,0.885,calibration
NH1,2042757750000,231821367.8,2007-05-07T14:48:23,1.000000,49999.999841,-3.190e-09,6.064,251.743,0.887,calibration
NH1,2049598350000,231958179.8,2007-05-09T04:48:35,1.000000,49999.999834,-3.310e-09,6.080,251.842,0.891,calibration
NH1,2053918000000,232044572.8,2007-05-10T04:48:28,1.000000,49999.999844,-3.130e-09,6.091,251.904,0.893,calibration
NH1,2060398500000,232174182.8,2007-05-11T16:48:38,1.000000,49999.999838,-3.230e-09,6.106,251.997,0.897,calibration
NH1,2075340200000,232473016.8,2007-05-15T03:49:12,1.000000,49999.999843,-3.150e-09,6.142,252.209,0.905,calibration
NH1,2079657450000,232559361.8,2007-05-16T03:48:17,1.000000,49999.999843,-3.150e-09,6.152,252.270,0.907,calibration
NH1,2083977300000,232645758.8,2007-05-17T03:48:14,1.000000,49999.999840,-3.200e-09,6.162,252.330,0.909,calibration
NH1,2090097650000,232768165.8,2007-05-18T13:48:21,1.000000,49999.999833,-3.330e-09,6.177,252.416,0.912,calibration
NH1,2094056450000,232847341.8,2007-05-19T11:47:57,1.000000,49999.999837,-3.260e-09,6.187,252.471,0.914,calibration
NH1,2103237500000,233030962.8,2007-05-21T14:48:18,1.000000,49999.999844,-3.120e-09,6.208,252.598,0.919,calibration
NH1,2107196050000,233110133.8,2007-05-22T12:47:49,1.000000,49999.999824,-3.520e-09,6.218,252.653,0.921,calibration
NH1,2112236550000,233210943.8,2007-05-23T16:47:59,1.000000,49999.999843,-3.140e-09,6.230,252.722,0.924,calibration
NH1,2116195850000,233290129.8,2007-05-24T14:47:45,1.000000,49999.999826,-3.470e-09,6.239,252.776,0.926,calibration
NH1,2120695700000,233380126.8,2007-05-25T15:47:42,1.000000,49999.999836,-3.280e-09,6.250,252.838,0.928,calibration
NH1,2133477500000,233635762.8,2007-05-28T14:48:18,1.000000,49999.999828,-3.440e-09,6.281,253.011,0.935,calibration
NH1,2140855600000,233783324.8,2007-05-30T07:47:40,1.000000,49999.999830,-3.390e-09,6.298,253.110,0.939,calibration
NH1,2146434450000,233894901.8,2007-05-31T14:47:17,1.000000,49999.999835,-3.290e-09,6.312,253.185,0.941,calibration
NH1,2150574150000,233977695.8,2007-06-01T13:47:11,1.000000,49999.999829,-3.420e-09,6.321,253.240,0.943,calibration
NH1,2163715900000,234240530.8,2007-06-04T14:47:46,1.000000,49999.999826,-3.470e-09,6.353,253.414,0.950,calibration
NH1,2170193700000,234370086.8,2007-06-06T02:47:02,1.000000,49999.999828,-3.440e-09,6.368,253.500,0.953,calibration
NH1,2174513300000,234456478.8,2007-06-07T02:46:54,1.000000,49999.999826,-3.480e-09,6.379,253.556,0.955,calibration
NH1,2182793850000,234622089.8,2007-06-09T00:47:05,1.000000,49999.999827,-3.460e-09,6.398,253.664,0.959,calibration
NH1,2193053650000,234827285.8,2007-06-11T09:47:01,1.000000,49999.999824,-3.520e-09,6.423,253.797,0.964,calibration
NH1,2202592100000,235018054.8,2007-06-13T14:46:30,1.000000,49999.999833,-3.330e-09,6.445,253.920,0.969,calibration
NH1,2206910550000,235104423.8,2007-06-14T14:45:59,1.000000,49999.999819,-3.620e-09,6.456,253.975,0.971,calibration
NH1,2215911200000,235284436.8,2007-06-16T16:46:12,1.000000,49999.999823,-3.540e-09,6.477,254.090,0.975,calibration
NH1,2223290200000,235432016.8,2007-06-18T09:45:52,1.000000,49999.999819,-3.610e-09,6.495,254.183,0.979,calibration
NH1,2227609350000,235518399.8,2007-06-19T09:45:35,1.000000,49999.999823,-3.540e-09,6.505,254.237,0.981,calibration
NH1,2237150000000,235709212.8,2007-06-21T14:45:48,1.000000,49999.999852,-2.960e-09,6.528,254.357,0.985,calibration
NH1,2240207950000,235770371.8,2007-06-22T07:45:07,1.000000,49999.999744,-5.130e-09,6.535,254.395,0.986,calibration
NH1,2241377250000,235793757.8,2007-06-22T14:14:53,1.000000,49999.999819,-3.610e-09,6.538,254.410,0.987,calibration
NH1,2253168700000,236029586.8,2007-06-25T07:45:22,1.000000,49999.999811,-3.770e-09,6.566,254.556,0.992,calibration
NH1,2481917350000,240604559.8,2007-08-17T06:34:55,1.000000,49999.999804,-3.920e-09,7.108,257.165,1.088,calibration
NH1,2498474700000,240935706.8,2007-08-21T02:34:02,1.000000,49999.999805,-3.890e-09,7.147,257.339,1.094,calibration
NH1,2503874200000,241043696.8,2007-08-22T08:33:52,1.000000,49999.999799,-4.030e-09,7.160,257.395,1.096,calibration
NH1,2512512900000,241216470.8,2007-08-24T08:33:26,1.000000,49999.999804,-3.920e-09,7.180,257.484,1.100,calibration
NH1,2542748300000,241821178.8,2007-08-31T08:31:54,1.000000,49999.999804,-3.920e-09,7.251,257.794,1.111,calibration
NH1,2558280850000,242131829.8,2007-09-03T22:49:25,1.000000,49999.999713,-5.740e-09,7.288,257.950,1.116,calibration
NH1,2559125550000,242148723.8,2007-09-04T03:30:59,1.000000,49999.999809,-3.820e-09,7.290,257.959,1.117,calibration
NH1,2564165000000,242249512.8,2007-09-05T07:30:48,1.000000,49999.999803,-3.930e-09,7.302,258.009,1.118,calibration
NH1,2571260400000,242391420.8,2007-09-06T22:55:56,1.000000,49999.999739,-5.220e-09,7.318,258.080,1.121,calibration
NH1,2572083600000,242407884.8,2007-09-07T03:30:20,1.000000,49999.999805,-3.900e-09,7.320,258.088,1.121,calibration
NH1,2585941750000,242685047.8,2007-09-10T08:29:43,1.000000,49999.999800,-3.990e-09,7.353,258.225,1.126,calibration
NH1,2598544050000,242937093.8,2007-09-13T06:30:29,1.000000,49999.999810,-3.800e-09,7.383,258.349,1.131,calibration
NH1,2602679050000,243019793.8,2007-09-14T05:28:49,1.000000,49999.999799,-4.010e-09,7.392,258.389,1.132,calibration
NH1,2617617400000,243318560.8,2007-09-17T16:28:16,1.000000,49999.999799,-4.010e-09,7.427,258.534,1.137,calibration
NH1,2653252350000,244031259.8,2007-09-25T22:26:35,1.000000,49999.999799,-4.020e-09,7.511,258.874,1.149,calibration
NH1,2655231400000,244070840.8,2007-09-26T09:26:16,1.000000,49999.999803,-3.930e-09,7.516,258.893,1.150,calibration
NH1,2659190750000,244150027.8,2007-09-27T07:26:03,1.000000,49999.999795,-4.100e-09,7.525,258.930,1.151,calibration
NH1,2663510150000,244236415.8,2007-09-28T07:25:51,1.000000,49999.999805,-3.900e-09,7.535,258.970,1.153,calibration
NH1,2669810200000,244362416.8,2007-09-29T18:25:52,1.000000,49999.999798,-4.040e-09,7.550,259.029,1.155,calibration
NH1,2674129650000,244448805.8,2007-09-30T18:25:41,1.000000,49999.999800,-3.990e-09,7.560,259.070,1.156,calibration
NH1,2678449050000,244535193.8,2007-10-01T18:25:29,1.000000,49999.999806,-3.870e-09,7.570,259.110,1.158,calibration
NH1,2682768350000,244621579.8,2007-10-02T18:25:15,1.000000,49999.999798,-4.050e-09,7.580,259.150,1.159,calibration
NH1,2691406700000,244794346.8,2007-10-04T18:24:42,1.000000,49999.999805,-3.890e-09,7.601,259.230,1.162,calibration
NH1,2693925850000,244844729.8,2007-10-05T08:24:25,1.000000,49999.999795,-4.100e-09,7.607,259.253,1.163,calibration
NH1,2708504250000,245136297.8,2007-10-08T17:23:53,1.000000,49999.999799,-4.020e-09,7.641,259.387,1.168,calibration
NH1,2718043200000,245327076.8,2007-10-10T22:23:32,1.000000,49999.999722,-5.570e-09,7.663,259.473,1.171,calibration
NH1,2718582050000,245337853.8,2007-10-11T01:23:09,1.000000,49999.999806,-3.880e-09,7.664,259.478,1.171,calibration
NH1,2726682550000,245499863.8,2007-10-12T22:23:19,1.000000,49999.999798,-4.050e-09,7.683,259.551,1.173,calibration
NH1,2731001450000,245586241.8,2007-10-13T22:22:57,1.000000,49999.999731,-5.380e-09,7.693,259.590,1.175,calibration
NH1,2731540300000,245597018.8,2007-10-14T01:22:34,1.000000,49999.999799,-4.010e-09,7.695,259.595,1.175,calibration
NH1,2738380100000,245733814.8,2007-10-15T15:22:30,1.000000,49999.999808,-3.830e-09,7.711,259.657,1.177,calibration
NH1,2743779750000,245841807.8,2007-10-16T21:22:23,1.000000,49999.999793,-4.140e-09,7.723,259.705,1.179,calibration
NH1,2751698500000,246000182.8,2007-10-18T17:21:58,1.000000,49999.999800,-4.000e-09,7.742,259.775,1.181,calibration
NH1,2760337400000,246172960.8,2007-10-20T17:21:36,1.000000,49999.999799,-4.010e-09,7.762,259.852,1.184,calibration
NH1,2764656850000,246259349.8,2007-10-21T17:21:25,1.000000,49999.999797,-4.070e-09,7.772,259.890,1.185,calibration
NH1,2768976300000,246345738.8,2007-10-22T17:21:14,1.000000,49999.999801,-3.970e-09,7.782,259.928,1.187,calibration
NH1,2773295750000,246432127.8,2007-10-23T17:21:03,1.000000,49999.999794,-4.130e-09,7.792,259.966,1.188,calibration
NH1,2778516100000,246536534.8,2007-10-24T22:21:10,1.000000,49999.999804,-3.910e-09,7.805,260.012,1.190,calibration
NH1,2781754700000,246601306.8,2007-10-25T16:20:42,1.000000,49999.999796,-4.090e-09,7.812,260.040,1.191,calibration
NH1,2786974300000,246705698.8,2007-10-26T21:20:34,1.000000,49999.999799,-4.010e-09,7.824,260.085,1.192,calibration
NH1,2803352050000,247033253.8,2007-10-30T16:19:49,1.000000,49999.999795,-4.110e-09,7.863,260.227,1.197,calibration
NH1,2813970250000,247245617.8,2007-11-02T03:19:13,1.000000,49999.999796,-4.090e-09,7.887,260.318,1.200,calibration
NH1,2829269150000,247551595.8,2007-11-05T16:18:51,1.000000,49999.999794,-4.120e-09,7.923,260.449,1.205,calibration
NH1,2838988250000,247745977.8,2007-11-07T22:18:33,1.000000,49999.999735,-5.310e-09,7.946,260.531,1.208,calibration
NH1,2839167100000,247749554.8,2007-11-07T23:18:10,1.000000,49999.999803,-3.940e-09,7.946,260.532,1.208,calibration
NH1,2846547200000,247897156.8,2007-11-09T16:18:12,1.000000,49999.999793,-4.140e-09,7.963,260.594,1.210,calibration
NH1,2855006250000,248066337.8,2007-11-11T15:17:53,1.000000,49999.999800,-4.000e-09,7.983,260.665,1.213,calibration
NH1,2877864350000,248523499.8,2007-11-16T22:17:15,1.000000,49999.999796,-4.080e-09,8.036,260.855,1.219,calibration
NH1,2886503650000,248696285.8,2007-11-18T22:17:01,1.000000,49999.999787,-4.270e-09,8.056,260.926,1.222,calibration
NH1,2890463200000,248775476.8,2007-11-19T20:16:52,1.000000,49999.999792,-4.160e-09,8.066,260.958,1.223,calibration
NH1,2898202200000,248930256.8,2007-11-21T15:16:32,1.000000,49999.999792,-4.170e-09,8.084,261.022,1.225,calibration
NH1,2906841450000,249103041.8,2007-11-23T15:16:17,1.000000,49999.999799,-4.020e-09,8.104,261.092,1.228,calibration
NH1,2915121550000,249268643.8,2007-11-25T13:16:19,1.000000,49999.999790,-4.200e-09,8.123,261.159,1.230,calibration
NH1,2925201100000,249470234.8,2007-11-27T21:16:10,1.000000,49999.999808,-3.830e-09,8.146,261.240,1.233,calibration
NH1,2928800550000,249542223.8,2007-11-28T17:15:59,1.000000,49999.999790,-4.210e-09,8.155,261.269,1.234,calibration
NH1,2945359150000,249873395.8,2007-12-02T13:15:31,1.000000,49999.999793,-4.150e-09,8.193,261.401,1.238,calibration
NH1,2955438750000,250074987.8,2007-12-04T21:15:23,1.000000,49999.999795,-4.100e-09,8.217,261.481,1.241,calibration
NH1,2958498300000,250136178.8,2007-12-05T14:15:14,1.000000,49999.999792,-4.170e-09,8.224,261.505,1.242,calibration
NH1,2967137750000,250308967.8,2007-12-07T14:15:03,1.000000,49999.999786,-4.290e-09,8.244,261.572,1.244,calibration
NH1,2977217300000,250510558.8,2007-12-09T22:14:54,1.000000,49999.999791,-4.180e-09,8.267,261.651,1.247,calibration
NH1,2985676750000,250679747.8,2007-12-11T21:14:43,1.000000,49999.999791,-4.180e-09,8.287,261.717,1.249,calibration
NH1,2990042500000,250767062.8,2007-12-12T21:29:58,1.000000,49999.999812,-3.750e-09,8.297,261.751,1.251,calibration
NH1,2993828150000,250842775.8,2007-12-13T18:31:51,1.000000,49999.999778,-4.450e-09,8.306,261.780,1.252,calibration
NH1,2998323600000,250932684.8,2007-12-14T19:30:20,1.000000,49999.999792,-4.160e-09,8.316,261.815,1.253,calibration
NH1,3009974050000,251165693.8,2007-12-17T12:13:49,1.000000,49999.999806,-3.880e-09,8.343,261.904,1.256,calibration
NH1,3016094250000,251288097.8,2007-12-18T22:13:53,1.000000,49999.999773,-4.540e-09,8.357,261.951,1.257,calibration
NH1,3020235050000,251370913.8,2007-12-19T21:14:09,1.000000,49999.999799,-4.020e-09,8.367,261.982,1.259,calibration
NH1,3024733850000,251460889.8,2007-12-20T22:13:45,1.000000,49999.999797,-4.060e-09,8.377,262.017,1.260,calibration
NH1,3029053650000,251547285.8,2007-12-21T22:13:41,1.000000,49999.999770,-4.600e-09,8.387,262.049,1.261,calibration
NH1,3033193350000,251630079.8,2007-12-22T21:13:35,1.000000,49999.999802,-3.950e-09,8.397,262.081,1.262,calibration
NH1,3036613000000,251698472.8,2007-12-23T16:13:28,1.000000,49999.999787,-4.270e-09,8.405,262.106,1.263,calibration
NH1,3054792500000,252062062.9,2007-12-27T21:13:18,1.000000,49999.999812,-3.750e-09,8.447,262.243,1.267,calibration
NH1,3058033100000,252126874.9,2007-12-28T15:13:30,1.000000,49999.999785,-4.300e-09,8.455,262.267,1.268,calibration
NH1,3070452450000,252375261.9,2007-12-31T12:13:17,1.000000,49999.999783,-4.340e-09,8.483,262.359,1.271,calibration
NH1,3085031600000,252666844.9,2008-01-03T21:13:00,1.000000,49999.999791,-4.180e-09,8.517,262.467,1.275,calibration
NH1,3101951100000,253005234.9,2008-01-07T19:12:50,1.000000,49999.999782,-4.370e-09,8.556,262.590,1.279,calibration
NH1,3114010600000,253246424.9,2008-01-10T14:12:40,1.000000,49999.999784,-4.330e-09,8.584,262.678,1.282,calibration
NH1,3132551800000,253617248.9,2008-01-14T21:13:04,1.000000,49999.999777,-4.460e-09,8.627,262.811,1.287,calibration
NH1,3145151550000,253869243.9,2008-01-17T19:12:59,1.000000,49999.999784,-4.330e-09,8.656,262.901,1.290,calibration
NH1,3162971450000,254225641.9,2008-01-21T22:12:57,1.000000,49999.999775,-4.500e-09,8.697,263.027,1.294,calibration
NH1,3175391450000,254474041.9,2008-01-24T19:12:57,1.000000,49999.999776,-4.490e-09,8.726,263.114,1.297,calibration
NH1,3192671550000,254819643.9,2008-01-28T19:12:59,1.000000,49999.999776,-4.480e-09,8.765,263.234,1.301,calibration
NH1,3205631450000,255078841.9,2008-01-31T19:12:57,1.000000,49999.999787,-4.260e-09,8.795,263.324,1.304,calibration
NH1,3210310700000,255172426.9,2008-02-01T21:12:42,1.000000,49999.999773,-4.550e-09,8.806,263.356,1.306,calibration
NH1,3223452000000,255435252.9,2008-02-04T22:13:08,1.000000,49999.999769,-4.620e-09,8.836,263.446,1.309,calibration
NH1,3235691700000,255680046.9,2008-02-07T18:13:02,1.000000,49999.999762,-4.760e-09,8.864,263.529,1.311,calibration
NH1,3252972100000,256025654.9,2008-02-11T18:13:10,1.000000,49999.999771,-4.590e-09,8.904,263.646,1.315,calibration
NH1,3265932350000,256284859.9,2008-02-14T18:13:15,1.000000,49999.999765,-4.700e-09,8.934,263.733,1.318,calibration
NH1,3283933000000,256644872.9,2008-02-18T22:13:28,1.000000,49999.999763,-4.750e-09,8.975,263.852,1.322,calibration
NH1,3287351950000,256713251.9,2008-02-19T17:13:07,1.000000,49999.999706,-5.870e-09,8.983,263.875,1.323,calibration
NH1,4311315250000,277192518.0,2008-10-13T17:54:13,1.000000,49999.999678,-6.440e-09,11.295,269.243,1.498,calibration
NH1,4322833150000,277422876.0,2008-10-16T09:53:31,1.000000,49999.999678,-6.440e-09,11.321,269.291,1.500,calibration
NH1,4326792500000,277502063.0,2008-10-17T07:53:18,1.000000,49999.999682,-6.360e-09,11.330,269.307,1.500,calibration
NH1,4330031800000,277566849.0,2008-10-18T01:53:04,1.000000,49999.999676,-6.480e-09,11.337,269.321,1.501,calibration
NH1,4341550950000,277797232.0,2008-10-20T17:52:47,1.000000,49999.999677,-6.450e-09,11.362,269.368,1.502,calibration
NH1,4345870450000,277883622.0,2008-10-21T17:52:37,1.000000,49999.999682,-6.360e-09,11.372,269.386,1.503,calibration
NH1,4350189800000,277970009.0,2008-10-22T17:52:24,1.000000,49999.999680,-6.390e-09,11.382,269.404,1.504,calibration
NH1,4354509250000,278056398.0,2008-10-23T17:52:13,1.000000,49999.999681,-6.380e-09,11.391,269.422,1.504,calibration
NH1,4363870050000,278243614.0,2008-10-25T21:52:29,1.000000,49999.999652,-6.970e-09,11.412,269.460,1.505,calibration
NH1,4364228800000,278250789.0,2008-10-25T23:52:04,1.000000,49999.999676,-6.480e-09,11.413,269.462,1.505,calibration
NH1,4371607000000,278398353.0,2008-10-27T16:51:28,1.000000,49999.999692,-6.170e-09,11.429,269.492,1.506,calibration
NH1,4375026450000,278466742.0,2008-10-28T11:51:17,1.000000,49999.999676,-6.470e-09,11.437,269.506,1.507,calibration
NH1,4388884900000,278743911.0,2008-10-31T16:50:46,1.000000,49999.999675,-6.490e-09,11.467,269.562,1.508,calibration
NH1,4394104450000,278848302.0,2008-11-01T21:50:37,1.000000,49999.999636,-7.290e-09,11.479,269.583,1.509,calibration
NH1,4394646350000,278859140.0,2008-11-02T00:51:15,1.000000,49999.999680,-6.390e-09,11.480,269.585,1.509,calibration
NH1,4401843200000,279003077.0,2008-11-03T16:50:12,1.000000,49999.999696,-6.070e-09,11.496,269.614,1.510,calibration
NH1,4407102600000,279108265.0,2008-11-04T22:03:20,1.000000,49999.999617,-7.660e-09,11.508,269.635,1.511,calibration
NH1,4408681900000,279139851.0,2008-11-05T06:49:46,1.000000,49999.999689,-6.220e-09,11.511,269.642,1.511,calibration
NH1,4415701800000,279280249.0,2008-11-06T21:49:44,1.000000,49999.999615,-7.710e-09,11.527,269.670,1.512,calibration
NH1,4417140800000,279309029.0,2008-11-07T05:49:24,1.000000,49999.999679,-6.410e-09,11.530,269.676,1.512,calibration
NH1,4432079600000,279607805.0,2008-11-10T16:49:00,1.000000,49999.999667,-6.660e-09,11.563,269.735,1.514,calibration
NH1,4436399150000,279694196.0,2008-11-11T16:48:51,1.000000,49999.999679,-6.410e-09,11.573,269.753,1.514,calibration
NH1,4443237900000,279830971.0,2008-11-13T06:48:26,1.000000,49999.999680,-6.400e-09,11.588,269.780,1.515,calibration
NH1,4450257850000,279971370.0,2008-11-14T21:48:25,1.000000,49999.999677,-6.460e-09,11.603,269.808,1.516,calibration
NH1,4461596200000,280198137.0,2008-11-17T12:47:52,1.000000,49999.999679,-6.410e-09,11.628,269.852,1.518,calibration
NH1,4468614800000,280338509.0,2008-11-19T03:47:24,1.000000,49999.999674,-6.520e-09,11.644,269.880,1.518,calibration
NH1,4481753700000,280601287.0,2008-11-22T04:47:02,1.000000,49999.999683,-6.330e-09,11.673,269.931,1.520,calibration
NH1,4490212800000,280770469.0,2008-11-24T03:46:44,1.000000,49999.999681,-6.370e-09,11.692,269.964,1.521,calibration
NH1,4502092600000,281008065.0,2008-11-26T21:46:40,1.000000,49999.999593,-8.140e-09,11.718,270.011,1.522,calibration
NH1,4503351650000,281033246.0,2008-11-27T04:46:21,1.000000,49999.999677,-6.450e-09,11.721,270.016,1.523,calibration
NH1,4519371200000,281353637.0,2008-11-30T21:46:12,1.000000,49999.999623,-7.550e-09,11.756,270.077,1.525,calibration
NH1,4519550050000,281357214.0,2008-11-30T22:45:49,1.000000,49999.999675,-6.490e-09,11.757,270.078,1.525,calibration
NH1,4526750250000,281501218.0,2008-12-02T14:45:53,1.000000,49999.999674,-6.510e-09,11.772,270.106,1.525,calibration
NH1,4539708800000,281760389.0,2008-12-05T14:45:24,1.000000,49999.999693,-6.140e-09,11.801,270.156,1.527,calibration
NH1,4545364550000,281873504.0,2008-12-06T22:10:39,1.000000,49999.999587,-8.270e-09,11.814,270.177,1.528,calibration
NH1,4546368050000,281893574.0,2008-12-07T03:45:09,1.000000,49999.999678,-6.430e-09,11.816,270.181,1.528,calibration
NH1,4552668350000,282019580.0,2008-12-08T14:45:15,1.000000,49999.999677,-6.460e-09,11.830,270.205,1.529,calibration
NH1,4556991650000,282106046.0,2008-12-09T14:46:21,1.000000,49999.999679,-6.420e-09,11.839,270.221,1.529,calibration
NH1,4571207200000,282390357.0,2008-12-12T21:44:52,1.000000,49999.999641,-7.190e-09,11.871,270.275,1.531,calibration
NH1,4574086600000,282447945.0,2008-12-13T13:44:40,1.000000,49999.999676,-6.480e-09,11.877,270.286,1.531,calibration
NH1,4582185850000,282609930.0,2008-12-15T10:44:25,1.000000,49999.999674,-6.520e-09,11.895,270.317,1.532,calibration
NH1,4587817850000,282722570.0,2008-12-16T18:01:45,1.000000,49999.999630,-7.400e-09,11.907,270.338,1.533,calibration
NH1,5464594600000,300258106.2,2009-07-07T17:00:40,1.000000,49999.999595,-8.110e-09,13.818,273.174,1.619,calibration
NH1,5468508700000,300336388.2,2009-07-08T14:45:22,1.000000,49999.999585,-8.300e-09,13.827,273.185,1.619,calibration
NH1,5473188500000,300429984.2,2009-07-09T16:45:18,1.000000,49999.999586,-8.280e-09,13.837,273.198,1.619,calibration
NH1,5477506150000,300516337.2,2009-07-10T16:44:31,1.000000,49999.999583,-8.350e-09,13.846,273.210,1.620,calibration
NH1,5490105000000,300768314.2,2009-07-13T14:44:08,1.000000,49999.999587,-8.260e-09,13.873,273.245,1.621,calibration
NH1,5494424600000,300854706.2,2009-07-14T14:44:00,1.000000,49999.999582,-8.360e-09,13.882,273.257,1.621,calibration
NH1,5498744250000,300941099.2,2009-07-15T14:43:53,1.000000,49999.999585,-8.310e-09,13.892,273.269,1.621,calibration
NH1,5507383450000,301113883.2,2009-07-17T14:43:37,1.000000,49999.999587,-8.260e-09,13.910,273.293,1.622,calibration
NH1,5520162200000,301369458.2,2009-07-20T13:43:12,1.000000,49999.999576,-8.480e-09,13.938,273.328,1.623,calibration
NH1,5528981400000,301545842.2,2009-07-22T14:42:56,1.000000,49999.999571,-8.580e-09,13.957,273.352,1.624,calibration
NH1,5533480950000,301635833.2,2009-07-23T15:42:47,1.000000,49999.999583,-8.350e-09,13.966,273.364,1.624,calibration
NH1,5537800550000,301722225.2,2009-07-24T15:42:39,1.000000,49999.999588,-8.250e-09,13.976,273.376,1.625,calibration
NH1,5544821150000,301862637.2,2009-07-26T06:42:51,1.000000,49999.999236,-1.528e-08,13.991,273.395,1.625,calibration
NH1,5550759150000,301981397.2,2009-07-27T15:42:11,1.000000,49999.999559,-8.820e-09,14.004,273.411,1.626,calibration
NH1,5554720100000,302060616.2,2009-07-28T13:42:30,1.000000,49999.999575,-8.490e-09,14.012,273.422,1.626,calibration
NH1,5563177450000,302229763.2,2009-07-30T12:41:37,1.000000,49999.999573,-8.540e-09,14.030,273.445,1.627,calibration
NH1,5567857250000,302323359.2,2009-07-31T14:41:33,1.000000,49999.999639,-7.220e-09,14.040,273.458,1.627,calibration
NH1,5573438350000,302434981.2,2009-08-01T21:41:55,1.000000,49999.999573,-8.540e-09,14.052,273.473,1.627,calibration
NH1,5577757900000,302521372.2,2009-08-02T21:41:46,1.000000,49999.999380,-1.241e-08,14.062,273.485,1.628,calibration
NH1,5579377200000,302553758.2,2009-08-03T06:41:32,1.000000,49999.999579,-8.420e-09,14.065,273.489,1.628,calibration
NH1,5589454700000,302755308.2,2009-08-05T14:40:42,1.000000,49999.999576,-8.470e-09,14.087,273.516,1.629,calibration
NH1,5592333950000,302812893.2,2009-08-06T06:40:27,1.000000,49999.999567,-8.670e-09,14.093,273.524,1.629,calibration
NH1,5598126600000,302928746.2,2009-08-07T14:51:20,1.000000,49999.999572,-8.560e-09,14.106,273.539,1.629,calibration
NH1,5607994300000,303126100.2,2009-08-09T21:40:34,1.000000,49999.999574,-8.520e-09,14.127,273.566,1.630,calibration
NH1,5611052100000,303187256.2,2009-08-10T14:39:50,1.000000,49999.999579,-8.410e-09,14.133,273.574,1.630,calibration
NH1,5616633100000,303298876.2,2009-08-11T21:40:10,1.000000,49999.999576,-8.470e-09,14.145,273.589,1.631,calibration
NH1,5619691000000,303360034.2,2009-08-12T14:39:28,1.000000,49999.999560,-8.810e-09,14.152,273.597,1.631,calibration
NH1,5622391600000,303414046.2,2009-08-13T05:39:40,1.000000,49999.999574,-8.520e-09,14.158,273.604,1.631,calibration
NH1,5629590050000,303558015.2,2009-08-14T21:39:09,1.000000,49999.999581,-8.380e-09,14.173,273.623,1.632,calibration
NH1,5645427500000,303874764.2,2009-08-18T13:38:18,1.000000,49999.999551,-8.980e-09,14.207,273.665,1.633,calibration
NH1,5649386950000,303953953.2,2009-08-19T11:38:07,1.000000,49999.999584,-8.320e-09,14.216,273.675,1.633,calibration
NH1,5658385800000,304133930.2,2009-08-21T13:37:44,1.000000,49999.999555,-8.890e-09,14.235,273.699,1.634,calibration
NH1,5664145400000,304249122.2,2009-08-22T21:37:36,1.000000,49999.999578,-8.430e-09,14.247,273.714,1.635,calibration
NH1,5672064150000,304407497.2,2009-08-24T17:37:11,1.000000,49999.999635,-7.310e-09,14.264,273.735,1.635,calibration
NH1,5675168500000,304469584.2,2009-08-25T10:51:58,1.000000,49999.999553,-8.930e-09,14.271,273.743,1.635,calibration
NH1,6860372750000,328173669.4,2010-05-26T19:20:03,1.000000,49999.999620,-7.600e-09,16.782,276.375,1.711,calibration
NH1,6864692500000,328260064.4,2010-05-27T19:19:58,1.000000,49999.999389,-1.223e-08,16.791,276.384,1.711,calibration
NH1,6869010250000,328346419.4,2010-05-28T19:19:13,1.000000,49999.999525,-9.510e-09,16.800,276.392,1.711,calibration
NH1,6886110100000,328688416.4,2010-06-01T18:19:10,1.000000,49999.999503,-9.940e-09,16.836,276.424,1.712,calibration
NH1,6894750100000,328861216.4,2010-06-03T18:19:10,1.000000,49999.999504,-9.920e-09,16.854,276.440,1.713,calibration
NH1,6899070000000,328947614.4,2010-06-04T18:19:08,1.000000,49999.999505,-9.900e-09,16.863,276.448,1.713,calibration
NH1,6912569950000,329217613.4,2010-06-07T21:19:07,1.000000,49999.999523,-9.550e-09,16.891,276.473,1.714,calibration
NH1,6916889900000,329304012.4,2010-06-08T21:19:06,1.000000,49999.999485,-1.031e-08,16.900,276.481,1.714,calibration
NH1,6921209750000,329390409.4,2010-06-09T21:19:03,1.000000,49999.999466,-1.068e-08,16.909,276.489,1.714,calibration
NH1,6925169600000,329469606.4,2010-06-10T19:19:00,1.000000,49999.999514,-9.720e-09,16.917,276.497,1.714,calibration
NH1,6928229200000,329530798.4,2010-06-11T12:18:52,1.000000,49999.999496,-1.008e-08,16.924,276.502,1.715,calibration
NH1,6942269100000,329811596.4,2010-06-14T18:18:50,1.000000,49999.999521,-9.590e-09,16.953,276.528,1.715,calibration
NH1,6945015400000,329866522.4,2010-06-15T09:34:16,1.000000,49999.999485,-1.031e-08,16.959,276.534,1.715,calibration
NH1,6950728800000,329980790.4,2010-06-16T17:18:44,1.000000,49999.999497,-1.006e-08,16.971,276.544,1.716,calibration
NH1,6955228750000,330070789.4,2010-06-17T18:18:43,1.000000,49999.999505,-9.910e-09,16.980,276.552,1.716,calibration
NH1,6959188500000,330149984.4,2010-06-18T16:18:38,1.000000,49999.999499,-1.003e-08,16.989,276.560,1.716,calibration
NH1,6972508150000,330416377.4,2010-06-21T18:18:31,1.000000,49999.999498,-1.005e-08,17.016,276.584,1.717,calibration
NH1,6976827950000,330502773.4,2010-06-22T18:18:27,1.000000,49999.999488,-1.024e-08,17.025,276.592,1.717,calibration
NH1,6980967700000,330585568.4,2010-06-23T17:18:22,1.000000,49999.999498,-1.005e-08,17.034,276.600,1.717,calibration
NH1,6984927400000,330664762.4,2010-06-24T15:18:16,1.000000,49999.999502,-9.970e-09,17.042,276.607,1.717,calibration
NH1,6989246950000,330751153.4,2010-06-25T15:18:07,1.000000,49999.999521,-9.580e-09,17.051,276.615,1.718,calibration
NH1,6993927100000,330844756.4,2010-06-26T17:18:10,1.000000,49999.999481,-1.038e-08,17.061,276.624,1.718,calibration
NH1,7002206300000,331010340.4,2010-06-28T15:17:54,1.000000,49999.999492,-1.017e-08,17.079,276.639,1.718,calibration
NH1,7006886450000,331103943.4,2010-06-29T17:17:57,1.000000,49999.999500,-1.000e-08,17.088,276.647,1.719,calibration
NH1,7011926400000,331204742.4,2010-06-30T21:17:56,1.000000,49999.999411,-1.179e-08,17.099,276.656,1.719,calibration
NH1,7015345950000,331273133.4,2010-07-01T16:17:47,1.000000,49999.999447,-1.107e-08,17.106,276.663,1.719,calibration
NH1,7018945150000,331345117.4,2010-07-02T12:17:31,1.000000,49999.999480,-1.041e-08,17.113,276.669,1.719,calibration
NH1,7019067900000,331347572.4,2010-07-02T12:58:26,1.000000,49999.999480,-1.041e-08,17.114,276.669,1.719,calibration
NH1,7023989200000,331445998.4,2010-07-03T16:18:52,1.000000,49999.999411,-1.178e-08,17.124,276.678,1.719,calibration
NH1,7032266700000,331611548.4,2010-07-05T14:18:02,1.000000,49999.999495,-1.011e-08,17.141,276.693,1.720,calibration
NH1,7036944600000,331705106.4,2010-07-06T16:17:20,1.000000,49999.999494,-1.012e-08,17.151,276.702,1.720,calibration
NH1,7039646450000,331759143.4,2010-07-07T07:17:57,1.000000,49999.999493,-1.015e-08,17.157,276.707,1.720,calibration
NH1,7045223950000,331870693.4,2010-07-08T14:17:07,1.000000,49999.999495,-1.011e-08,17.168,276.717,1.721,calibration
NH1,7050083700000,331967888.4,2010-07-09T17:17:02,1.000000,49999.999492,-1.017e-08,17.178,276.725,1.721,calibration
NH1,7061242600000,332191066.4,2010-07-12T07:16:40,1.000000,49999.999498,-1.005e-08,17.202,276.746,1.721,calibration
NH1,7072402250000,332414259.4,2010-07-14T21:16:33,1.000000,49999.999494,-1.012e-08,17.225,276.766,1.722,calibration
NH1,7076721900000,332500652.4,2010-07-15T21:16:26,1.000000,49999.999608,-7.840e-09,17.234,276.773,1.722,calibration
NH1,7081043800000,332587090.4,2010-07-16T21:17:04,1.000000,49999.999159,-1.683e-08,17.243,276.781,1.722,calibration
NH1,7082663200000,332619478.4,2010-07-17T06:16:52,1.000000,49999.999495,-1.010e-08,17.246,276.784,1.722,calibration
NH1,7094000400000,332846222.5,2010-07-19T21:15:56,1.000000,49999.999508,-9.850e-09,17.270,276.804,1.723,calibration
NH1,7096699600000,332900206.5,2010-07-20T12:15:40,1.000000,49999.999477,-1.046e-08,17.276,276.809,1.723,calibration
NH1,7101559250000,332997399.5,2010-07-21T15:15:33,1.000000,49999.999496,-1.009e-08,17.286,276.818,1.723,calibration
NH1,7111278900000,333191792.5,2010-07-23T21:15:26,1.000000,49999.999464,-1.073e-08,17.306,276.835,1.724,calibration
NH1,7111637700000,333198968.5,2010-07-23T23:15:02,1.000000,49999.999490,-1.021e-08,17.307,276.836,1.724,calibration
NH1,7124237400000,333450962.5,2010-07-26T21:14:56,1.000000,49999.999513,-9.740e-09,17.333,276.858,1.724,calibration
NH1,7126990250000,333506019.5,2010-07-27T12:32:33,1.000000,49999.999481,-1.038e-08,17.339,276.863,1.725,calibration
NH1,7132563750000,333617489.5,2010-07-28T19:30:23,1.000000,49999.999516,-9.690e-09,17.350,276.873,1.725,calibration
NH1,7135622550000,333678665.5,2010-07-29T12:29:59,1.000000,49999.999494,-1.013e-08,17.357,276.878,1.725,calibration
NH1,7543374300000,341833700.5,2010-10-31T21:47:14,1.000000,49999.999494,-1.013e-08,18.204,277.564,1.744,calibration
NH1,8225273900000,355471692.7,2011-04-07T18:07:06,1.000000,49999.999458,-1.084e-08,19.607,278.580,1.772,calibration
NH1,8345155950000,357869333.7,2011-05-05T12:07:48,1.000000,49999.999459,-1.083e-08,19.853,278.743,1.776,calibration
NH1,8363519450000,358236603.7,2011-05-09T18:08:58,1.000000,49999.999512,-9.760e-09,19.890,278.768,1.777,calibration
NH1,8366710000000,358300414.7,2011-05-10T11:52:29,1.000000,49999.999454,-1.093e-08,19.897,278.772,1.777,calibration
NH1,8372290600000,358412026.7,2011-05-11T18:52:41,1.000000,49999.999446,-1.108e-08,19.908,278.780,1.777,calibration
NH1,8376607350000,358498361.7,2011-05-12T18:51:36,1.000000,49999.999459,-1.083e-08,19.917,278.785,1.777,calibration
NH1,8380927300000,358584760.7,2011-05-13T18:51:35,1.000000,49999.999454,-1.093e-08,19.926,278.791,1.777,calibration
NH1,8392627650000,358818767.7,2011-05-16T11:51:42,1.000000,49999.999448,-1.105e-08,19.950,278.807,1.778,calibration
NH1,8402708150000,359020377.7,2011-05-18T19:51:52,1.000000,49999.999461,-1.078e-08,19.970,278.820,1.778,calibration
NH1,8405587850000,359077971.7,2011-05-19T11:51:46,1.000000,49999.999451,-1.099e-08,19.976,278.824,1.778,calibration
NH1,8411168200000,359189578.7,2011-05-20T18:51:53,1.000000,49999.999451,-1.098e-08,19.987,278.831,1.778,calibration
NH1,8424128350000,359448781.7,2011-05-23T18:51:56,1.000000,49999.999433,-1.134e-08,20.014,278.849,1.779,calibration
NH1,8426889000000,359503994.7,2011-05-24T10:12:09,1.000000,49999.999453,-1.095e-08,20.020,278.852,1.779,calibration
NH1,8432588050000,359617975.7,2011-05-25T17:51:50,1.000000,49999.999503,-9.950e-09,20.031,278.860,1.779,calibration
NH1,8435678750000,359679789.7,2011-05-26T11:02:04,1.000000,49999.999450,-1.100e-08,20.037,278.864,1.779,calibration
NH1,8441408150000,359794377.7,2011-05-27T18:51:52,1.000000,49999.999472,-1.056e-08,20.049,278.872,1.780,calibration
NH1,8443027750000,359826769.7,2011-05-28T03:51:44,1.000000,49999.999452,-1.096e-08,20.052,278.874,1.780,calibration
NH1,8459114250000,360148499.7,2011-05-31T21:13:54,1.000000,49999.999424,-1.153e-08,20.085,278.895,1.780,calibration
NH1,8461568250000,360197579.7,2011-06-01T10:51:54,1.000000,49999.999460,-1.081e-08,20.090,278.898,1.780,calibration
NH1,8467722650000,360320667.7,2011-06-02T21:03:22,1.000000,49999.999412,-1.177e-08,20.103,278.906,1.780,calibration
NH1,8470208100000,360370376.7,2011-06-03T10:51:51,1.000000,49999.999446,-1.109e-08,20.108,278.910,1.781,calibration
NH1,8484248000000,360651174.7,2011-06-06T16:51:49,1.000000,49999.999459,-1.082e-08,20.137,278.928,1.781,calibration
NH1,8487128200000,360708778.7,2011-06-07T08:51:53,1.000000,49999.999451,-1.099e-08,20.142,278.932,1.781,calibration
NH1,8493608450000,360838383.7,2011-06-08T20:51:58,1.000000,49999.999426,-1.148e-08,20.156,278.940,1.781,calibration
NH1,8495947850000,360885171.7,2011-06-09T09:51:46,1.000000,49999.999453,-1.095e-08,20.160,278.943,1.781,calibration
NH1,8502248350000,361011181.7,2011-06-10T20:51:56,1.000000,49999.999419,-1.163e-08,20.173,278.951,1.782,calibration
NH1,8503327450000,361032763.7,2011-06-11T02:51:38,1.000000,49999.999443,-1.114e-08,20.176,278.953,1.782,calibration
NH1,8513227600000,361230766.7,2011-06-13T09:51:41,1.000000,49999.999455,-1.091e-08,20.196,278.966,1.782,calibration
NH1,8519530950000,361356833.7,2011-06-14T20:52:48,1.000000,49999.999402,-1.196e-08,20.209,278.974,1.782,calibration
NH1,8521867300000,361403560.7,2011-06-15T09:51:35,1.000000,49999.999454,-1.092e-08,20.213,278.977,1.782,calibration
NH1,8528171050000,361529635.7,2011-06-16T20:52:50,1.000000,49999.999424,-1.152e-08,20.226,278.985,1.783,calibration
NH1,8530506700000,361576348.7,2011-06-17T09:51:23,1.000000,49999.999449,-1.103e-08,20.231,278.988,1.783,calibration
NH1,8545447300000,361875160.8,2011-06-20T20:51:35,1.000000,49999.999424,-1.152e-08,20.261,279.008,1.783,calibration
NH1,8549226950000,361950753.8,2011-06-21T17:51:28,1.000000,49999.999459,-1.082e-08,20.269,279.012,1.783,calibration
NH1,8554086950000,362047953.8,2011-06-22T20:51:28,1.000000,49999.999432,-1.137e-08,20.279,279.019,1.783,calibration
NH1,8558406850000,362134351.8,2011-06-23T20:51:26,1.000000,49999.999443,-1.114e-08,20.288,279.024,1.784,calibration
NH1,8561646200000,362199138.8,2011-06-24T14:51:13,1.000000,49999.999442,-1.116e-08,20.294,279.029,1.784,calibration
NH1,8573345500000,362433124.8,2011-06-27T07:50:59,1.000000,49999.999446,-1.108e-08,20.318,279.044,1.784,calibration
NH1,9904950750000,389065230.1,2012-04-30T13:39:24,1.000000,49999.999346,-1.308e-08,23.009,280.555,1.824,calibration
NH1,9910130650000,389168828.1,2012-05-01T18:26:02,1.000000,49999.999437,-1.126e-08,23.019,280.560,1.824,calibration
NH1,9913731300000,389240841.1,2012-05-02T14:26:15,1.000000,49999.999411,-1.178e-08,23.026,280.563,1.824,calibration
NH1,9918406000000,389334335.1,2012-05-03T16:24:29,1.000000,49999.999425,-1.150e-08,23.036,280.568,1.824,calibration
NH1,9922906200000,389424339.1,2012-05-04T17:24:33,1.000000,49999.999419,-1.162e-08,23.045,280.573,1.824,calibration
NH1,9936226800000,389690751.1,2012-05-07T19:24:45,1.000000,49999.999420,-1.161e-08,23.071,280.586,1.825,calibration
NH1,9937846500000,389723145.1,2012-05-08T04:24:39,1.000000,49999.999421,-1.158e-08,23.075,280.587,1.825,calibration
NH1,9943426850000,389834752.1,2012-05-09T11:24:46,1.000000,49999.999419,-1.163e-08,23.086,280.593,1.825,calibration
NH1,9953327150000,390032758.1,2012-05-11T18:24:52,1.000000,49999.999425,-1.151e-08,23.106,280.603,1.825,calibration
NH1,9966654850000,390299312.1,2012-05-14T20:27:26,1.000000,49999.999400,-1.201e-08,23.132,280.616,1.826,calibration
NH1,9969348000000,390353175.1,2012-05-15T11:25:09,1.000000,49999.999421,-1.158e-08,23.138,280.619,1.826,calibration
NH1,9975108300000,390468381.1,2012-05-16T19:25:15,1.000000,49999.999411,-1.179e-08,23.149,280.624,1.826,calibration
NH1,9979247900000,390551173.1,2012-05-17T18:25:07,1.000000,49999.999425,-1.150e-08,23.158,280.629,1.826,calibration
NH1,9983388350000,390633982.1,2012-05-18T17:25:16,1.000000,49999.999417,-1.166e-08,23.166,280.633,1.826,calibration
NH1,9996527900000,390896773.1,2012-05-21T18:25:07,1.000000,49999.999414,-1.172e-08,23.192,280.646,1.826,calibration
NH1,9999408000000,390954375.1,2012-05-22T10:25:09,1.000000,49999.999416,-1.168e-08,23.198,280.648,1.826,calibration
NH1,10009488400000,391155983.1,2012-05-24T18:25:17,1.000000,49999.999416,-1.168e-08,23.218,280.658,1.827,calibration
NH1,10012548450000,391217184.1,2012-05-25T11:25:18,1.000000,49999.999421,-1.158e-08,23.224,280.661,1.827,calibration
NH1,10016689400000,391300003.1,2012-05-26T10:25:37,1.000000,49999.999426,-1.148e-08,23.233,280.665,1.827,calibration
NH1,10022809100000,391422397.1,2012-05-27T20:25:31,1.000000,49999.999402,-1.197e-08,23.245,280.671,1.827,calibration
NH1,10025148400000,391469183.1,2012-05-28T09:25:17,1.000000,49999.999415,-1.171e-08,23.249,280.674,1.827,calibration
NH1,10030368550000,391573586.1,2012-05-29T14:25:20,1.000000,49999.999427,-1.146e-08,23.260,280.679,1.827,calibration
NH1,10035768950000,391681594.1,2012-05-30T20:25:28,1.000000,49999.999414,-1.173e-08,23.271,280.684,1.827,calibration
NH1,10039548450000,391757184.1,2012-05-31T17:25:18,1.000000,49999.999423,-1.155e-08,23.278,280.688,1.827,calibration
NH1,10042608500000,391818385.1,2012-06-01T10:25:19,1.000000,49999.999427,-1.147e-08,23.284,280.691,1.827,calibration
NH1,10061688900000,392199993.1,2012-06-05T20:25:27,1.000000,49999.999428,-1.144e-08,23.323,280.709,1.828,calibration
NH1,10066043500000,392287085.1,2012-06-06T20:36:59,1.000000,49999.999400,-1.200e-08,23.331,280.714,1.828,calibration
NH1,10068348300000,392333181.1,2012-06-07T09:25:15,1.000000,49999.999422,-1.157e-08,23.336,280.716,1.828,calibration
NH1,10074108450000,392448384.1,2012-06-08T17:25:18,1.000000,49999.999421,-1.159e-08,23.347,280.722,1.828,calibration
NH1,10085628600000,392678787.1,2012-06-11T09:25:21,1.000000,49999.999437,-1.126e-08,23.370,280.733,1.829,calibration
NH1,10091928300000,392804781.1,2012-06-12T20:25:15,1.000000,49999.999417,-1.167e-08,23.383,280.739,1.829,calibration
NH1,10096247900000,392891173.1,2012-06-13T20:25:07,1.000000,49999.999427,-1.147e-08,23.392,280.743,1.829,calibration
NH1,10100633500000,392978885.1,2012-06-14T20:46:59,1.000000,49999.999391,-1.218e-08,23.400,280.747,1.829,calibration
NH1,10102908000000,393024375.1,2012-06-15T09:25:09,1.000000,49999.999381,-1.238e-08,23.405,280.749,1.829,calibration
NH1,10117852800000,393323271.1,2012-06-18T20:26:45,1.000000,49999.999390,-1.221e-08,23.435,280.764,1.829,calibration
NH1,10120187000000,393369955.1,2012-06-19T09:24:49,1.000000,49999.999406,-1.187e-08,23.440,280.766,1.829,calibration
NH1,10125767000000,393481555.1,2012-06-20T16:24:49,1.000000,49999.999421,-1.159e-08,23.451,280.772,1.830,calibration
NH1,10130087050000,393567956.1,2012-06-21T16:24:50,1.000000,49999.999416,-1.168e-08,23.459,280.776,1.830,calibration
NH1,10134226800000,393650751.1,2012-06-22T15:24:45,1.000000,49999.999406,-1.187e-08,23.468,280.780,1.830,calibration
NH1,10147366250000,393913540.1,2012-06-25T16:24:34,1.000000,49999.999433,-1.135e-08,23.494,280.792,1.830,calibration
NH1,10152411400000,394014443.1,2012-06-26T20:26:17,1.000000,49999.999364,-1.272e-08,23.504,280.797,1.830,calibration
NH1,10154565750000,394057530.1,2012-06-27T08:24:24,1.000000,49999.999425,-1.150e-08,23.508,280.799,1.830,calibration
NH1,10161046150000,394187138.1,2012-06-28T20:24:32,1.000000,49999.999385,-1.231e-08,23.521,280.805,1.830,calibration
NH1,10164645700000,394259129.1,2012-06-29T16:24:23,1.000000,49999.999412,-1.176e-08,23.528,280.809,1.831,calibration
NH1,10173285800000,394431932.1,2012-07-01T16:24:25,1.000000,49999.999418,-1.164e-08,23.546,280.817,1.831,calibration
NH1,10177245000000,394511116.1,2012-07-02T14:24:09,1.000000,49999.999422,-1.157e-08,23.554,280.821,1.831,calibration
NH1,10994355950000,410853335.3,2013-01-07T17:54:28,1.000000,49999.999437,-1.127e-08,25.180,281.551,1.850,calibration
NH1,11002995100000,411026118.3,2013-01-09T17:54:11,1.000000,49999.999430,-1.140e-08,25.197,281.558,1.850,calibration
NH1,11007314450000,411112505.3,2013-01-10T17:53:58,1.000000,49999.999444,-1.112e-08,25.205,281.562,1.850,calibration
NH1,11011995750000,411206131.3,2013-01-11T19:54:24,1.000000,49999.999425,-1.150e-08,25.214,281.566,1.850,calibration
NH1,11015955700000,411285330.3,2013-01-12T17:54:23,1.000000,49999.999435,-1.131e-08,25.222,281.569,1.850,calibration
NH1,11024595350000,411458123.3,2013-01-14T17:54:16,1.000000,49999.999439,-1.122e-08,25.239,281.576,1.850,calibration
NH1,11033054300000,411627302.3,2013-01-16T16:53:55,1.000000,49999.999429,-1.143e-08,25.256,281.583,1.850,calibration
NH1,11041693500000,411800086.3,2013-01-18T16:53:39,1.000000,49999.999433,-1.134e-08,25.273,281.590,1.851,calibration
NH1,11054834150000,412062899.3,2013-01-21T17:53:52,1.000000,49999.999443,-1.115e-08,25.299,281.601,1.851,calibration
NH1,11059154050000,412149297.3,2013-01-22T17:53:50,1.000000,49999.999428,-1.144e-08,25.308,281.605,1.851,calibration
NH1,11063473650000,412235689.3,2013-01-23T17:53:42,1.000000,49999.999458,-1.085e-08,25.316,281.608,1.851,calibration
NH1,11066713700000,412300490.3,2013-01-24T11:53:43,1.000000,49999.999415,-1.170e-08,25.323,281.611,1.851,calibration
NH1,11071933500000,412404886.3,2013-01-25T16:53:39,1.000000,49999.999438,-1.124e-08,25.333,281.615,1.851,calibration
NH1,11076073750000,412487691.3,2013-01-26T15:53:44,1.000000,49999.999417,-1.167e-08,25.341,281.619,1.851,calibration
NH1,11580636850000,422578953.4,2013-05-23T11:01:26,1.000000,49999.999404,-1.192e-08,26.338,282.019,1.861,calibration
NH1,11589090300000,422748022.4,2013-05-25T09:59:15,1.000000,49999.999404,-1.193e-08,26.355,282.026,1.862,calibration
NH1,11595217250000,422870561.4,2013-05-26T20:01:34,1.000000,49999.999402,-1.196e-08,26.367,282.030,1.862,calibration
NH1,11599568350000,422957583.4,2013-05-27T20:11:56,1.000000,49999.999406,-1.187e-08,26.375,282.034,1.862,calibration
NH1,11600810600000,422982428.4,2013-05-28T03:06:01,1.000000,49999.999394,-1.213e-08,26.378,282.035,1.862,calibration
NH1,11608170900000,423129634.5,2013-05-29T19:59:27,1.000000,49999.999379,-1.242e-08,26.392,282.040,1.862,calibration
NH1,11609250200000,423151220.5,2013-05-30T01:59:13,1.000000,49999.999392,-1.216e-08,26.394,282.041,1.862,calibration
NH1,11615010500000,423266426.5,2013-05-31T09:59:19,1.000000,49999.999404,-1.193e-08,26.406,282.045,1.862,calibration
NH1,11629771050000,423561637.5,2013-06-03T19:59:30,1.000000,49999.999394,-1.213e-08,26.435,282.057,1.862,calibration
NH1,11634119600000,423648608.5,2013-06-04T20:09:01,1.000000,49999.999396,-1.208e-08,26.443,282.060,1.862,calibration
NH1,11638411050000,423734437.5,2013-06-05T19:59:30,1.000000,49999.999365,-1.270e-08,26.452,282.063,1.862,calibration
NH1,11639490100000,423756018.5,2013-06-06T01:59:11,1.000000,49999.999394,-1.213e-08,26.454,282.064,1.862,calibration
NH1,11645250450000,423871225.5,2013-06-07T09:59:18,1.000000,49999.999401,-1.198e-08,26.465,282.068,1.863,calibration
NH1,11655691000000,424080036.5,2013-06-09T19:59:29,1.000000,49999.999405,-1.190e-08,26.486,282.076,1.863,calibration
NH1,11660011000000,424166436.5,2013-06-10T19:59:29,1.000000,49999.999395,-1.210e-08,26.494,282.080,1.863,calibration
NH1,11664330950000,424252835.5,2013-06-11T19:59:28,1.000000,49999.999395,-1.210e-08,26.503,282.083,1.863,calibration
NH1,11668656900000,424339354.5,2013-06-12T20:01:27,1.000000,49999.999360,-1.281e-08,26.512,282.086,1.863,calibration
NH1,11670990150000,424386019.5,2013-06-13T08:59:12,1.000000,49999.999404,-1.192e-08,26.516,282.088,1.863,calibration
NH1,11677290200000,424512020.5,2013-06-14T19:59:13,1.000000,49999.999394,-1.213e-08,26.529,282.093,1.863,calibration
NH1,11689710400000,424760424.5,2013-06-17T16:59:17,1.000000,49999.999406,-1.188e-08,26.553,282.102,1.863,calibration
NH1,11694577100000,424857758.5,2013-06-18T20:01:31,1.000000,49999.999382,-1.237e-08,26.563,282.106,1.864,calibration
NH1,11698169350000,424929603.5,2013-06-19T15:58:56,1.000000,49999.999388,-1.225e-08,26.570,282.108,1.864,calibration
NH1,11702129050000,425008797.5,2013-06-20T13:58:50,1.000000,49999.999411,-1.178e-08,26.577,282.111,1.864,calibration
NH1,11707536150000,425116939.5,2013-06-21T20:01:12,1.000000,49999.999372,-1.256e-08,26.588,282.115,1.864,calibration
NH1,11709869250000,425163601.5,2013-06-22T08:58:54,1.000000,49999.999393,-1.215e-08,26.593,282.117,1.864,calibration
NH1,11719768800000,425361592.5,2013-06-24T15:58:45,1.000000,49999.999394,-1.213e-08,26.612,282.124,1.864,calibration
NH1,11732547750000,425617171.5,2013-06-27T14:58:24,1.000000,49999.999412,-1.177e-08,26.637,282.134,1.864,calibration
NH1,11737768500000,425721586.5,2013-06-28T19:58:39,1.000000,49999.999390,-1.220e-08,26.648,282.138,1.864,calibration
NH1,11746486200000,425895940.5,2013-06-30T20:24:33,1.000000,49999.999385,-1.230e-08,26.665,282.144,1.864,calibration
NH1,11749287350000,425951963.5,2013-07-01T11:58:16,1.000000,49999.999403,-1.194e-08,26.670,282.146,1.865,calibration
NH1,11755126650000,426068749.5,2013-07-02T20:24:42,1.000000,49999.999373,-1.254e-08,26.682,282.151,1.865,calibration
NH1,11758648000000,426139176.5,2013-07-03T15:58:29,1.000000,49999.999397,-1.206e-08,26.689,282.153,1.865,calibration
NH1,11762787000000,426221956.5,2013-07-04T14:58:09,1.000000,49999.999410,-1.180e-08,26.697,282.157,1.865,calibration
NH1,11768007750000,426326371.5,2013-07-05T19:58:24,1.000000,49999.999667,-6.660e-09,26.707,282.160,1.865,calibration
NH1,11772327300000,426412762.5,2013-07-06T19:58:15,1.000000,49999.999385,-1.230e-08,26.716,282.164,1.865,calibration
NH1,11776647150000,426499159.5,2013-07-07T19:58:12,1.000000,49999.999395,-1.210e-08,26.724,282.167,1.865,calibration
NH1,11780966900000,426585554.5,2013-07-08T19:58:07,1.000000,49999.999400,-1.200e-08,26.733,282.170,1.865,calibration
NH1,11785286800000,426671952.5,2013-07-09T19:58:05,1.000000,49999.999394,-1.213e-08,26.741,282.173,1.865,calibration
NH1,11789606300000,426758342.5,2013-07-10T19:57:55,1.000000,49999.999382,-1.236e-08,26.750,282.176,1.865,calibration
NH1,11792665400000,426819524.5,2013-07-11T12:57:37,1.000000,49999.999405,-1.189e-08,26.756,282.179,1.865,calibration
NH1,11794465750000,426855531.5,2013-07-11T22:57:44,1.000000,49999.999393,-1.215e-08,26.759,282.180,1.865,calibration
NH1,11801846400000,427003144.5,2013-07-13T15:57:57,1.000000,49999.999398,-1.205e-08,26.774,282.185,1.866,calibration
NH1,11806165850000,427089533.5,2013-07-14T15:57:46,1.000000,49999.999402,-1.197e-08,26.782,282.189,1.866,calibration
NH1,11809583800000,427157892.5,2013-07-15T10:57:05,1.000000,49999.999400,-1.201e-08,26.789,282.191,1.866,calibration
NH1,11813723200000,427240680.5,2013-07-16T09:56:53,1.000000,49999.999394,-1.212e-08,26.797,282.194,1.866,calibration
NH1,11818583100000,427337878.5,2013-07-17T12:56:51,1.000000,49999.999393,-1.214e-08,26.807,282.198,1.866,calibration
NH1,11823263150000,427431479.5,2013-07-18T14:56:52,1.000000,49999.999399,-1.203e-08,26.816,282.201,1.866,calibration
NH1,11826143850000,427489093.5,2013-07-19T06:57:06,1.000000,49999.999393,-1.214e-08,26.821,282.203,1.866,calibration
NH1,11840001300000,427766242.5,2013-07-22T11:56:15,1.000000,49999.999406,-1.187e-08,26.849,282.214,1.866,calibration
NH1,11843241050000,427831037.5,2013-07-23T05:56:10,1.000000,49999.999390,-1.220e-08,26.855,282.216,1.866,calibration
NH1,11849181100000,427949838.5,2013-07-24T14:56:11,1.000000,49999.999394,-1.213e-08,26.867,282.220,1.866,calibration
NH1,11853500700000,428036230.5,2013-07-25T14:56:03,1.000000,49999.999405,-1.189e-08,26.875,282.223,1.866,calibration
NH1,11857099800000,428108212.5,2013-07-26T10:55:45,1.000000,49999.999393,-1.215e-08,26.882,282.226,1.867,calibration
NH1,11870599150000,428378199.5,2013-07-29T13:55:32,1.000000,49999.999395,-1.210e-08,26.909,282.236,1.867,calibration
NH1,11874558300000,428457382.5,2013-07-30T11:55:15,1.000000,49999.999399,-1.202e-08,26.917,282.239,1.867,calibration
NH1,11879238300000,428550982.5,2013-07-31T13:55:15,1.000000,49999.999401,-1.199e-08,26.926,282.242,1.867,calibration
NH1,11883557850000,428637373.5,2013-08-01T13:55:06,1.000000,49999.999390,-1.221e-08,26.934,282.245,1.867,calibration
NH1,11887877500000,428723766.5,2013-08-02T13:54:59,1.000000,49999.999396,-1.209e-08,26.943,282.249,1.867,calibration
NH1,11900836200000,428982940.5,2013-08-05T13:54:33,1.000000,49999.999399,-1.202e-08,26.968,282.258,1.867,calibration
NH1,11904795350000,429062123.5,2013-08-06T11:54:16,1.000000,49999.999403,-1.194e-08,26.976,282.261,1.867,calibration
NH1,11909475400000,429155724.5,2013-08-07T13:54:17,1.000000,49999.999394,-1.212e-08,26.985,282.264,1.867,calibration
NH1,11913794750000,429242111.5,2013-08-08T13:54:04,1.000000,49999.999397,-1.206e-08,26.994,282.267,1.868,calibration
NH1,11918114400000,429328504.5,2013-08-09T13:53:57,1.000000,49999.999397,-1.206e-08,27.002,282.271,1.868,calibration
NH1,11930892800000,429584072.5,2013-08-12T12:53:25,1.000000,49999.999400,-1.201e-08,27.027,282.280,1.868,calibration
NH1,11936473550000,429695687.5,2013-08-13T19:53:40,1.000000,49999.999402,-1.197e-08,27.038,282.284,1.868,calibration
NH1,11940792500000,429782066.5,2013-08-14T19:53:19,1.000000,49999.999397,-1.207e-08,27.047,282.287,1.868,calibration
NH1,11945111950000,429868455.5,2013-08-15T19:53:08,1.000000,49999.999386,-1.229e-08,27.055,282.290,1.868,calibration
NH1,11948170950000,429929635.5,2013-08-16T12:52:48,1.000000,49999.999405,-1.189e-08,27.061,282.292,1.868,calibration
NH1,11955754500000,430081306.5,2013-08-18T07:00:39,1.000000,49999.999411,-1.179e-08,27.076,282.298,1.868,calibration
NH1,13255684500000,456079906.8,2014-06-15T04:50:40,1.000000,49999.999381,-1.239e-08,29.616,283.156,1.889,calibration
NH1,13261033450000,456186885.8,2014-06-16T10:33:39,1.000000,49999.999382,-1.237e-08,29.627,283.160,1.890,calibration
NH1,13266433650000,456294889.8,2014-06-17T16:33:43,1.000000,49999.999409,-1.182e-08,29.637,283.163,1.890,calibration
NH1,13271293600000,456392088.8,2014-06-18T19:33:42,1.000000,49999.999367,-1.267e-08,29.647,283.166,1.890,calibration
NH1,13274892000000,456464056.8,2014-06-19T15:33:10,1.000000,49999.999396,-1.209e-08,29.654,283.168,1.890,calibration
NH1,13292712500000,456820466.8,2014-06-23T18:33:20,1.000000,49999.999388,-1.225e-08,29.688,283.179,1.890,calibration
NH1,13297213350000,456910483.8,2014-06-24T19:33:37,1.000000,49999.999390,-1.221e-08,29.697,283.181,1.890,calibration
NH1,13301533100000,456996878.9,2014-06-25T19:33:32,1.000000,49999.999397,-1.207e-08,29.705,283.184,1.890,calibration
NH1,13305853000000,457083276.9,2014-06-26T19:33:30,1.000000,49999.999390,-1.220e-08,29.714,283.187,1.890,calibration
NH1,13310172750000,457169671.9,2014-06-27T19:33:25,1.000000,49999.999361,-1.279e-08,29.722,283.189,1.890,calibration
NH1,13311071850000,457187653.9,2014-06-28T00:33:07,1.000000,49999.999388,-1.225e-08,29.724,283.190,1.890,calibration
NH1,13322410700000,457414430.9,2014-06-30T15:32:44,1.000000,49999.999400,-1.200e-08,29.746,283.196,1.890,calibration
NH1,13327451200000,457515240.9,2014-07-01T19:32:54,1.000000,49999.999389,-1.222e-08,29.756,283.199,1.891,calibration
NH1,13330870900000,457583634.9,2014-07-02T14:32:48,1.000000,49999.999391,-1.218e-08,29.762,283.202,1.891,calibration
NH1,13335010150000,457666419.9,2014-07-03T13:32:33,1.000000,49999.999388,-1.224e-08,29.770,283.204,1.891,calibration
NH1,13352650450000,458019225.9,2014-07-07T15:32:39,1.000000,49999.999399,-1.202e-08,29.805,283.215,1.891,calibration
NH1,13356789700000,458102010.9,2014-07-08T14:32:24,1.000000,49999.999391,-1.219e-08,29.813,283.217,1.891,calibration
NH1,13363989500000,458246006.9,2014-07-10T06:32:20,1.000000,49999.999383,-1.234e-08,29.827,283.221,1.891,calibration
NH1,13369929600000,458364808.9,2014-07-11T15:32:22,1.000000,49999.999404,-1.193e-08,29.838,283.225,1.891,calibration
NH1,13372628850000,458418793.9,2014-07-12T06:32:07,1.000000,49999.999392,-1.217e-08,29.844,283.226,1.891,calibration
NH1,13378568800000,458537592.9,2014-07-13T15:32:06,1.000000,49999.999403,-1.195e-08,29.855,283.230,1.891,calibration
NH1,13383608800000,458638392.9,2014-07-14T19:32:06,1.000000,49999.999260,-1.481e-08,29.865,283.233,1.891,calibration
NH1,13388005950000,458726335.9,2014-07-15T19:57:49,1.000000,49999.999228,-1.545e-08,29.873,283.236,1.891,calibration
NH1,13392247700000,458811170.9,2014-07-16T19:31:44,1.000000,49999.999220,-1.560e-08,29.882,283.238,1.891,calibration
NH1,13396567300000,458897562.9,2014-07-17T19:31:36,1.000000,49999.999228,-1.544e-08,29.890,283.241,1.892,calibration
NH1,13400887100000,458983958.9,2014-07-18T19:31:32,1.000000,49999.999157,-1.686e-08,29.898,283.243,1.892,calibration
NH1,13401426750000,458994751.9,2014-07-18T22:31:25,1.000000,49999.999230,-1.541e-08,29.899,283.244,1.892,calibration
NH1,13409526350000,459156743.9,2014-07-20T19:31:17,1.000000,49999.999207,-1.586e-08,29.915,283.248,1.892,calibration
NH1,13412946200000,459225140.9,2014-07-21T14:31:14,1.000000,49999.999238,-1.524e-08,29.922,283.250,1.892,calibration
NH1,13416545050000,459297117.9,2014-07-22T10:30:51,1.000000,49999.999212,-1.577e-08,29.929,283.252,1.892,calibration
NH1,13421585550000,459397927.9,2014-07-23T14:31:01,1.000000,50000.000822,1.644e-08,29.939,283.255,1.892,calibration
NH1,13425905550000,459484327.9,2014-07-24T14:31:01,1.000000,49999.999395,-1.210e-08,29.947,283.258,1.892,calibration
NH1,13430045050000,459567117.9,2014-07-25T13:30:51,1.000000,49999.999398,-1.205e-08,29.955,283.260,1.892,calibration
NH1,13434003800000,459646292.9,2014-07-26T11:30:26,1.000000,49999.999383,-1.234e-08,29.963,283.263,1.892,calibration
NH1,13438684350000,459739903.9,2014-07-27T13:30:37,1.000000,49999.999394,-1.212e-08,29.972,283.266,1.892,calibration
NH1,13442822700000,459822670.9,2014-07-28T12:30:04,1.000000,49999.999389,-1.223e-08,29.980,283.268,1.892,calibration
NH1,13447322500000,459912666.9,2014-07-29T13:30:00,1.000000,49999.999408,-1.184e-08,29.989,283.271,1.892,calibration
NH1,13450202100000,459970258.9,2014-07-30T05:29:52,1.000000,49999.999386,-1.229e-08,29.994,283.272,1.892,calibration
NH1,13455961950000,460085455.9,2014-07-31T13:29:49,1.000000,49999.999401,-1.198e-08,30.005,283.276,1.892,calibration
NH1,13460281250000,460171841.9,2014-08-01T13:29:35,1.000000,49999.999397,-1.207e-08,30.014,283.278,1.892,calibration
NH1,13473240250000,460431021.9,2014-08-04T13:29:15,1.000000,49999.999406,-1.188e-08,30.039,283.286,1.893,calibration
NH1,13476119600000,460488608.9,2014-08-05T05:29:02,1.000000,49999.999384,-1.232e-08,30.044,283.288,1.893,calibration
NH1,13481879450000,460603805.9,2014-08-06T13:28:59,1.000000,49999.999393,-1.215e-08,30.056,283.291,1.893,calibration
NH1,13486199000000,460690196.9,2014-08-07T13:28:50,1.000000,49999.999403,-1.195e-08,30.064,283.293,1.893,calibration
NH1,13490518550000,460776587.9,2014-08-08T13:28:41,1.000000,49999.999394,-1.213e-08,30.072,283.296,1.893,calibration
NH1,13503477250000,461035761.9,2014-08-11T13:28:15,1.000000,49999.999399,-1.203e-08,30.098,283.304,1.893,calibration
NH1,13508876650000,461143749.9,2014-08-12T19:28:03,1.000000,49999.999378,-1.244e-08,30.108,283.307,1.893,calibration
NH1,13511935950000,461204935.9,2014-08-13T12:27:49,1.000000,49999.999398,-1.205e-08,30.114,283.309,1.893,calibration
NH1,13517515650000,461316529.9,2014-08-14T19:27:43,1.000000,49999.999392,-1.217e-08,30.125,283.312,1.893,calibration
NH1,13520575300000,461377722.9,2014-08-15T12:27:36,1.000000,49999.999400,-1.201e-08,30.131,283.314,1.893,calibration
NH1,13523456150000,461435339.9,2014-08-16T04:27:53,1.000000,49999.999391,-1.218e-08,30.136,283.315,1.893,calibration
NH1,13529214350000,461550503.9,2014-08-17T12:27:17,1.000000,49999.999388,-1.224e-08,30.148,283.319,1.893,calibration
NH1,13533533800000,461636892.9,2014-08-18T12:27:06,1.000000,49999.999399,-1.202e-08,30.156,283.321,1.893,calibration
NH1,13539113200000,461748480.9,2014-08-19T19:26:54,1.000000,49999.999387,-1.226e-08,30.167,283.324,1.894,calibration
NH1,13542172850000,461809673.9,2014-08-20T12:26:47,1.000000,49999.999397,-1.207e-08,30.173,283.326,1.894,calibration
NH1,13546493350000,461896083.9,2014-08-21T12:26:57,1.000000,49999.999396,-1.209e-08,30.181,283.329,1.894,calibration
NH1,13550811700000,461982450.9,2014-08-22T12:26:24,1.000000,49999.999402,-1.196e-08,30.189,283.331,1.894,calibration
NH1,13555131250000,462068841.9,2014-08-23T12:26:15,1.000000,49999.999388,-1.224e-08,30.198,283.334,1.894,calibration
NH1,13559450700000,462155230.9,2014-08-24T12:26:04,1.000000,49999.999405,-1.189e-08,30.206,283.336,1.894,calibration
NH1,13563590200000,462238020.9,2014-08-25T11:25:54,1.000000,49999.999401,-1.199e-08,30.214,283.339,1.894,calibration
NH1,13567189600000,462310008.9,2014-08-26T07:25:42,1.000000,49999.999409,-1.182e-08,30.221,283.341,1.894,calibration
NH1,14012316650000,471212550.0,2014-12-07T08:21:23,1.000000,49999.999422,-1.156e-08,31.083,283.592,1.900,calibration
NH1,14017491550000,471316048.0,2014-12-08T13:06:21,1.000000,49999.999419,-1.163e-08,31.093,283.595,1.900,calibration
NH1,14021631150000,471398840.0,2014-12-09T12:06:13,1.000000,49999.999426,-1.148e-08,31.101,283.597,1.900,calibration
NH1,14025950450000,471485226.0,2014-12-10T12:05:59,1.000000,49999.999420,-1.161e-08,31.110,283.599,1.900,calibration
NH1,14030269000000,471571597.0,2014-12-11T12:05:30,1.000000,49999.999436,-1.128e-08,31.118,283.602,1.900,calibration
NH1,14035130200000,471668821.0,2014-12-12T15:05:54,1.000000,49999.999378,-1.245e-08,31.127,283.604,1.900,calibration
NH1,14037467650000,471715570.0,2014-12-13T04:05:03,1.000000,49999.999423,-1.154e-08,31.132,283.606,1.900,calibration
NH1,14050066300000,471967543.0,2014-12-16T02:04:36,1.000000,49999.999426,-1.149e-08,31.156,283.613,1.901,calibration
NH1,14056186900000,472089955.0,2014-12-17T12:04:48,1.000000,49999.999421,-1.158e-08,31.168,283.616,1.901,calibration
NH1,14067525150000,472316720.0,2014-12-20T03:04:13,1.000000,49999.999423,-1.155e-08,31.190,283.622,1.901,calibration
NH1,14077785250000,472521922.0,2014-12-22T12:04:15,1.000000,49999.999443,-1.115e-08,31.210,283.628,1.901,calibration
NH1,14082826300000,472622743.0,2014-12-23T16:04:36,1.000000,49999.999371,-1.258e-08,31.220,283.630,1.901,calibration
NH1,14084984400000,472665905.0,2014-12-24T04:03:58,1.000000,49999.999423,-1.155e-08,31.224,283.632,1.901,calibration
NH1,14099203650000,472950290.0,2014-12-27T11:03:43,1.000000,49999.999426,-1.149e-08,31.251,283.639,1.901,calibration
NH1,14107844600000,473123109.0,2014-12-29T11:04:02,1.000000,49999.999424,-1.152e-08,31.268,283.644,1.901,calibration
NH1,14110002000000,473166257.0,2014-12-29T23:03:10,1.000000,49999.999417,-1.167e-08,31.272,283.645,1.901,calibration
NH1,14119362100000,473353459.0,2015-01-01T03:03:12,1.000000,49999.999421,-1.159e-08,31.290,283.650,1.901,calibration
NH1,14126564050000,473497498.0,2015-01-02T19:03:51,1.000000,49999.999427,-1.146e-08,31.304,283.654,1.902,calibration
NH1,14138803200000,473742281.0,2015-01-05T15:03:34,1.000000,49999.999429,-1.142e-08,31.328,283.661,1.902,calibration
NH1,14143843150000,473843080.1,2015-01-06T19:03:33,1.000000,49999.999406,-1.188e-08,31.338,283.663,1.902,calibration
NH1,14146541650000,473897050.1,2015-01-07T10:03:03,1.000000,49999.999424,-1.153e-08,31.343,283.665,1.902,calibration
NH1,14156801350000,474102244.1,2015-01-09T19:02:57,1.000000,49999.999406,-1.187e-08,31.363,283.670,1.902,calibration
NH1,14157340300000,474113023.1,2015-01-09T22:02:36,1.000000,49999.999420,-1.160e-08,31.364,283.671,1.902,calibration
NH1,14165442350000,474275064.1,2015-01-11T19:03:17,1.000000,49999.999401,-1.199e-08,31.379,283.675,1.902,calibration
NH1,14167960800000,474325433.1,2015-01-12T09:02:46,1.000000,49999.999418,-1.165e-08,31.384,283.676,1.902,calibration
NH1,14173901700000,474444251.1,2015-01-13T18:03:04,1.000000,49999.999439,-1.122e-08,31.396,283.680,1.902,calibration
NH1,14178400600000,474534229.1,2015-01-14T19:02:42,1.000000,49999.999309,-1.382e-08,31.404,283.682,1.902,calibration
NH1,14178939550000,474545008.1,2015-01-14T22:02:21,1.000000,49999.999414,-1.172e-08,31.405,283.682,1.902,calibration
NH1,14186500650000,474696230.1,2015-01-16T16:02:43,1.000000,49999.999414,-1.172e-08,31.420,283.686,1.902,calibration
NH1,14199821300000,474962643.1,2015-01-19T18:02:56,1.000000,49999.999431,-1.138e-08,31.446,283.694,1.902,calibration
NH1,14204319900000,475052615.1,2015-01-20T19:02:28,1.000000,49999.999305,-1.391e-08,31.454,283.696,1.903,calibration
NH1,14204858900000,475063395.1,2015-01-20T22:02:08,1.000000,49999.999412,-1.176e-08,31.456,283.696,1.903,calibration
NH1,14219619300000,475358603.1,2015-01-24T08:02:16,1.000000,49999.999413,-1.175e-08,31.484,283.704,1.903,calibration
NH1,14230239450000,475571006.1,2015-01-26T19:02:19,1.000000,49999.999407,-1.185e-08,31.505,283.710,1.903,calibration
NH1,14233479350000,475635804.1,2015-01-27T13:02:17,1.000000,49999.999402,-1.197e-08,31.511,283.712,1.903,calibration
NH1,14247160550000,475909428.1,2015-01-30T17:02:41,1.000000,49999.999399,-1.202e-08,31.537,283.719,1.903,calibration
NH1,14260120300000,476168623.1,2015-02-02T17:02:36,1.000000,49999.999395,-1.211e-08,31.562,283.726,1.903,calibration
NH1,14267139200000,476309001.1,2015-02-04T08:02:14,1.000000,49999.999398,-1.205e-08,31.576,283.730,1.903,calibration
NH1,14271459350000,476395404.1,2015-02-05T08:02:17,1.000000,49999.999393,-1.215e-08,31.584,283.732,1.903,calibration
NH1,14277759350000,476521404.1,2015-02-06T19:02:17,1.000000,49999.999348,-1.305e-08,31.596,283.735,1.903,calibration
NH1,14278839500000,476543007.1,2015-02-07T01:02:20,1.000000,49999.999393,-1.214e-08,31.598,283.736,1.904,calibration
NH1,14285499350000,476676204.1,2015-02-08T14:02:17,1.000000,49999.999384,-1.233e-08,31.611,283.739,1.904,calibration
NH1,14289999600000,476766209.1,2015-02-09T15:02:22,1.000000,49999.999404,-1.193e-08,31.620,283.742,1.904,calibration
NH1,14292699050000,476820198.1,2015-02-10T06:02:11,1.000000,49999.999868,-2.650e-09,31.625,283.743,1.904,calibration
NH1,14296479450000,476895806.1,2015-02-11T03:02:19,1.000000,49999.999410,-1.181e-08,31.632,283.745,1.904,calibration
NH1,14312319750000,477212612.1,2015-02-14T19:02:25,1.000000,49999.999394,-1.212e-08,31.663,283.753,1.904,calibration
NH1,14312678750000,477219792.1,2015-02-14T21:02:05,1.000000,49999.999402,-1.196e-08,31.664,283.754,1.904,calibration
NH1,14320421150000,477374640.1,2015-02-16T16:02:53,1.000000,49999.999416,-1.169e-08,31.679,283.758,1.904,calibration
NH1,14329420100000,477554619.1,2015-02-18T18:02:32,1.000000,49999.999405,-1.191e-08,31.696,283.763,1.904,calibration
NH1,14332480050000,477615818.1,2015-02-19T11:02:31,1.000000,49999.999409,-1.182e-08,31.702,283.764,1.904,calibration
NH1,14337880250000,477723822.1,2015-02-20T17:02:35,1.000000,49999.999396,-1.209e-08,31.712,283.767,1.904,calibration
NH1,14341840750000,477803032.1,2015-02-21T15:02:45,1.000000,49999.999397,-1.207e-08,31.720,283.769,1.904,calibration
NH1,14344720400000,477860625.1,2015-02-22T07:02:38,1.000000,49999.999401,-1.199e-08,31.726,283.771,1.904,calibration
NH1,14349221150000,477950640.1,2015-02-23T08:02:53,1.000000,49999.999413,-1.174e-08,31.734,283.773,1.904,calibration
NH1,14353360550000,478033428.1,2015-02-24T07:02:41,1.000000,49999.999402,-1.196e-08,31.742,283.775,1.904,calibration
NH1,14358760650000,478141430.1,2015-02-25T13:02:43,1.000000,49999.999399,-1.203e-08,31.753,283.778,1.905,calibration
NH1,14363441950000,478235056.1,2015-02-26T15:03:09,1.000000,49999.999418,-1.165e-08,31.762,283.780,1.905,calibration
NH1,14368301100000,478332239.1,2015-02-27T18:02:52,1.000000,49999.999319,-1.362e-08,31.771,283.783,1.905,calibration
NH1,14369200650000,478350230.1,2015-02-27T23:02:43,1.000000,49999.999405,-1.189e-08,31.773,283.783,1.905,calibration
NH1,14381441600000,478595049.1,2015-03-02T19:03:02,1.000000,49999.999329,-1.342e-08,31.796,283.790,1.905,calibration
NH1,14381620400000,478598625.1,2015-03-02T20:02:38,1.000000,49999.999399,-1.203e-08,31.797,283.790,1.905,calibration
NH1,14392242450000,478811066.1,2015-03-05T07:03:19,1.000000,49999.999395,-1.211e-08,31.817,283.796,1.905,calibration
NH1,14402323200000,479012681.1,2015-03-07T15:03:34,1.000000,49999.999405,-1.191e-08,31.837,283.801,1.905,calibration
NH1,14407363850000,479113494.1,2015-03-08T19:03:47,1.000000,49999.999401,-1.199e-08,31.846,283.803,1.905,calibration
NH1,14411682700000,479199871.1,2015-03-09T19:03:24,1.000000,49999.999916,-1.690e-09,31.855,283.806,1.905,calibration
NH1,14416003050000,479286278.1,2015-03-10T19:03:31,1.000000,49999.999410,-1.180e-08,31.863,283.808,1.905,calibration
NH1,14418163400000,479329485.1,2015-03-11T07:03:38,1.000000,49999.999400,-1.201e-08,31.867,283.809,1.905,calibration
NH1,14428962800000,479545473.1,2015-03-13T19:03:26,1.000000,49999.999408,-1.184e-08,31.888,283.815,1.905,calibration
NH1,14429321850000,479552654.1,2015-03-13T21:03:07,1.000000,49999.999414,-1.172e-08,31.889,283.815,1.905,calibration
NH1,14441923500000,479804687.1,2015-03-16T19:03:40,1.000000,49999.999397,-1.207e-08,31.913,283.821,1.906,calibration
NH1,14443542900000,479837075.1,2015-03-17T04:03:28,1.000000,49999.999437,-1.126e-08,31.916,283.822,1.906,calibration
NH1,14449664100000,479959499.1,2015-03-18T14:03:52,1.000000,49999.999400,-1.200e-08,31.928,283.826,1.906,calibration
NH1,14461184250000,480189902.1,2015-03-21T06:03:55,1.000000,49999.999408,-1.184e-08,31.950,283.832,1.906,calibration
NH1,14465504400000,480276305.1,2015-03-22T06:03:58,1.000000,49999.999412,-1.177e-08,31.958,283.834,1.906,calibration
NH1,14475044650000,480467110.1,2015-03-24T11:04:03,1.000000,49999.999405,-1.190e-08,31.977,283.839,1.906,calibration
NH1,14479905600000,480564329.1,2015-03-25T14:04:22,1.000000,49999.999412,-1.176e-08,31.986,283.841,1.906,calibration
NH1,14488365800000,480733533.1,2015-03-27T13:04:26,1.000000,49999.999420,-1.160e-08,32.003,283.846,1.906,calibration
NH1,14503666300000,481039543.1,2015-03-31T02:04:36,1.000000,49999.999404,-1.192e-08,32.032,283.854,1.906,calibration
NH1,14509967150000,481165560.1,2015-04-01T13:04:53,1.000000,49999.999390,-1.220e-08,32.044,283.857,1.906,calibration
NH1,14519687150000,481359960.1,2015-04-03T19:04:53,1.000000,49999.999482,-1.037e-08,32.063,283.862,1.907,calibration
NH1,14522208500000,481410387.1,2015-04-04T09:05:20,1.000000,49999.999406,-1.188e-08,32.068,283.863,1.907,calibration
NH1,14532288300000,481611983.1,2015-04-06T17:05:16,1.000000,49999.999412,-1.177e-08,32.087,283.868,1.907,calibration
NH1,14540748600000,481781189.1,2015-04-08T16:05:22,1.000000,49999.999393,-1.215e-08,32.104,283.873,1.907,calibration
NH1,14544529100000,481856799.1,2015-04-09T13:05:32,1.000000,49999.999402,-1.197e-08,32.111,283.875,1.907,calibration
NH1,14548669550000,481939608.1,2015-04-10T12:05:41,1.000000,49999.999420,-1.160e-08,32.119,283.877,1.907,calibration
NH1,14552448950000,482015196.1,2015-04-11T09:05:29,1.000000,49999.999404,-1.193e-08,32.126,283.879,1.907,calibration
NH1,14561630650000,482198830.1,2015-04-13T12:06:03,1.000000,49999.999407,-1.186e-08,32.144,283.883,1.907,calibration
NH1,14567210400000,482310425.2,2015-04-14T19:05:58,1.000000,49999.999396,-1.208e-08,32.155,283.886,1.907,calibration
NH1,14571530800000,482396833.2,2015-04-15T19:06:06,1.000000,49999.999405,-1.190e-08,32.163,283.888,1.907,calibration
NH1,14575850800000,482483233.2,2015-04-16T19:06:06,1.000000,49999.999435,-1.131e-08,32.171,283.891,1.907,calibration
NH1,14578910400000,482544425.2,2015-04-17T12:05:58,1.000000,49999.999392,-1.216e-08,32.177,283.892,1.907,calibration
NH1,14584311000000,482652437.2,2015-04-18T18:06:10,1.000000,49999.999406,-1.187e-08,32.187,283.895,1.907,calibration
NH1,14588811450000,482742446.2,2015-04-19T19:06:19,1.000000,49999.999406,-1.188e-08,32.196,283.897,1.907,calibration
NH1,14592771400000,482821645.2,2015-04-20T17:06:18,1.000000,49999.999411,-1.178e-08,32.204,283.899,1.907,calibration
NH1,14595831450000,482882846.2,2015-04-21T10:06:19,1.000000,49999.999402,-1.196e-08,32.210,283.901,1.907,calibration
NH1,14601411750000,482994452.2,2015-04-22T17:06:25,1.000000,49999.999407,-1.185e-08,32.220,283.904,1.908,calibration
NH1,14610232250000,483170862.2,2015-04-24T18:06:35,1.000000,49999.999404,-1.192e-08,32.237,283.908,1.908,calibration
NH1,14640654850000,483779314.2,2015-05-01T19:07:27,1.000000,49999.999432,-1.136e-08,32.296,283.924,1.908,calibration
NH1,14642094250000,483808102.2,2015-05-02T03:07:15,1.000000,49999.999401,-1.198e-08,32.299,283.924,1.908,calibration
NH1,14652174350000,484009704.2,2015-05-04T11:07:17,1.000000,49999.999410,-1.181e-08,32.318,283.930,1.908,calibration
NH1,14661174050000,484189698.2,2015-05-06T13:07:11,1.000000,49999.999398,-1.204e-08,32.335,283.934,1.908,calibration
NH1,14668015200000,484326521.2,2015-05-08T03:07:34,1.000000,49999.999401,-1.198e-08,32.349,283.938,1.908,calibration
NH1,14682235200000,484610921.2,2015-05-11T10:07:34,1.000000,49999.999400,-1.200e-08,32.376,283.945,1.909,calibration
NH1,14687815250000,484722522.2,2015-05-12T17:07:35,1.000000,49999.999401,-1.199e-08,32.387,283.948,1.909,calibration
NH1,14692315900000,484812535.2,2015-05-13T18:07:48,1.000000,49999.999398,-1.204e-08,32.395,283.950,1.909,calibration
NH1,14696635800000,484898933.2,2015-05-14T18:07:46,1.000000,49999.999410,-1.180e-08,32.404,283.952,1.909,calibration
NH1,14700956700000,484985351.2,2015-05-15T18:08:04,1.000000,49999.999388,-1.224e-08,32.412,283.954,1.909,calibration
NH1,14714096050000,485248138.2,2015-05-18T19:07:51,1.000000,49999.999403,-1.195e-08,32.437,283.961,1.909,calibration
NH1,14718055550000,485327328.2,2015-05-19T17:07:41,1.000000,49999.999399,-1.202e-08,32.445,283.963,1.909,calibration
NH1,14722555850000,485417334.2,2015-05-20T18:07:47,1.000000,49999.999402,-1.197e-08,32.454,283.965,1.909,calibration
NH1,14726876350000,485503744.2,2015-05-21T18:07:57,1.000000,49999.999404,-1.192e-08,32.462,283.967,1.909,calibration
NH1,14731015900000,485586535.2,2015-05-22T17:07:48,1.000000,49999.999411,-1.178e-08,32.470,283.969,1.909,calibration
NH1,14734615600000,485658529.2,2015-05-23T13:07:42,1.000000,49999.999394,-1.212e-08,32.477,283.971,1.909,calibration
NH1,14738035600000,485726929.2,2015-05-24T08:07:42,1.000000,49999.999405,-1.191e-08,32.483,283.973,1.909,calibration
NH1,14744336650000,485852950.2,2015-05-25T19:08:03,1.000000,49999.999387,-1.227e-08,32.496,283.976,1.909,calibration
NH1,14748476600000,485935749.2,2015-05-26T18:08:02,1.000000,49999.999447,-1.107e-08,32.504,283.978,1.909,calibration
NH1,14752977850000,486025774.2,2015-05-27T19:08:27,1.000000,49999.999385,-1.231e-08,32.512,283.981,1.909,calibration
NH1,14756937250000,486104962.2,2015-05-28T17:08:15,1.000000,49999.999393,-1.215e-08,32.520,283.983,1.909,calibration
NH1,14761257200000,486191361.2,2015-05-29T17:08:14,1.000000,49999.999385,-1.231e-08,32.528,283.985,1.909,calibration
NH1,14765577350000,486277764.2,2015-05-30T17:08:17,1.000000,49999.999398,-1.205e-08,32.536,283.987,1.910,calibration
NH1,14768457650000,486335370.2,2015-05-31T09:08:23,1.000000,49999.999398,-1.204e-08,32.542,283.988,1.910,calibration
NH1,14774639350000,486459004.2,2015-06-01T19:28:57,1.000000,49999.999361,-1.278e-08,32.554,283.991,1.910,calibration
NH1,14778357250000,486533362.2,2015-06-02T16:08:15,1.000000,49999.999383,-1.235e-08,32.561,283.993,1.910,calibration
NH1,14782677250000,486619762.2,2015-06-03T16:08:15,1.000000,49999.999399,-1.203e-08,32.569,283.995,1.910,calibration
NH1,14787538400000,486716985.2,2015-06-04T19:08:38,1.000000,49999.999348,-1.304e-08,32.579,283.998,1.910,calibration
NH1,14791498150000,486796180.2,2015-06-05T17:08:33,1.000000,49999.999391,-1.218e-08,32.586,284.000,1.910,calibration
NH1,14796178200000,486889781.2,2015-06-06T19:08:34,1.000000,49999.999375,-1.251e-08,32.595,284.002,1.910,calibration
NH1,14800498350000,486976184.2,2015-06-07T19:08:37,1.000000,49999.999371,-1.258e-08,32.604,284.004,1.910,calibration
NH1,14804818200000,487062581.2,2015-06-08T19:08:34,1.000000,49999.999361,-1.278e-08,32.612,284.006,1.910,calibration
NH1,14809138250000,487148982.2,2015-06-09T19:08:35,1.000000,49999.999372,-1.256e-08,32.620,284.009,1.910,calibration
NH1,14813458350000,487235384.2,2015-06-10T19:08:37,1.000000,49999.999356,-1.288e-08,32.629,284.011,1.910,calibration
NH1,14817778200000,487321781.2,2015-06-11T19:08:34,1.000000,49999.999364,-1.272e-08,32.637,284.013,1.910,calibration
NH1,14822103000000,487408277.2,2015-06-12T19:10:10,1.000000,49999.999351,-1.298e-08,32.645,284.015,1.910,calibration
NH1,14826417400000,487494565.2,2015-06-13T19:08:18,1.000000,49999.999202,-1.597e-08,32.654,284.017,1.910,calibration
NH1,14830737300000,487580963.2,2015-06-14T19:08:16,1.000000,49999.999456,-1.089e-08,32.662,284.019,1.910,calibration
NH1,14835057450000,487667366.2,2015-06-15T19:08:19,1.000000,49999.999416,-1.169e-08,32.670,284.022,1.910,calibration
NH1,14838837100000,487742959.2,2015-06-16T16:08:12,1.000000,49999.999456,-1.088e-08,32.677,284.023,1.910,calibration
NH1,14843697100000,487840159.2,2015-06-17T19:08:12,1.000000,49999.999430,-1.140e-08,32.687,284.026,1.910,calibration
NH1,14847476900000,487915755.2,2015-06-18T16:08:08,1.000000,49999.999442,-1.116e-08,32.694,284.028,1.910,calibration
NH1,14852336900000,488012955.2,2015-06-19T19:08:08,1.000000,49999.999422,-1.156e-08,32.703,284.030,1.911,calibration
NH1,14855936850000,488084954.2,2015-06-20T15:08:07,1.000000,49999.999448,-1.104e-08,32.710,284.032,1.911,calibration
NH1,14860976800000,488185753.2,2015-06-21T19:08:06,1.000000,49999.999420,-1.160e-08,32.720,284.034,1.911,calibration
NH1,14865296850000,488272154.2,2015-06-22T19:08:07,1.000000,49999.999418,-1.164e-08,32.728,284.037,1.911,calibration
NH1,14869076650000,488347750.2,2015-06-23T16:08:03,1.000000,49999.999434,-1.132e-08,32.736,284.038,1.911,calibration
NH1,14873936550000,488444948.2,2015-06-24T19:08:01,1.000000,49999.999422,-1.157e-08,32.745,284.041,1.911,calibration
NH1,14878256400000,488531345.2,2015-06-25T19:07:58,1.000000,49999.999426,-1.148e-08,32.753,284.043,1.911,calibration
NH1,14882576200000,488617741.2,2015-06-26T19:07:54,1.000000,49999.999420,-1.160e-08,32.762,284.045,1.911,calibration
NH1,14886896050000,488704138.2,2015-06-27T19:07:51,1.000000,49999.999417,-1.167e-08,32.770,284.047,1.911,calibration
NH1,14891215850000,488790534.2,2015-06-28T19:07:47,1.000000,49999.999422,-1.157e-08,32.778,284.049,1.911,calibration
NH1,14895535650000,488876930.2,2015-06-29T19:07:43,1.000000,49999.999323,-1.354e-08,32.786,284.051,1.911,calibration
NH1,14908495100000,489136120.2,2015-07-02T19:07:32,1.000000,49999.999395,-1.210e-08,32.811,284.058,1.911,calibration
NH1,14912815050000,489222519.2,2015-07-03T19:07:31,1.000000,49999.999399,-1.203e-08,32.820,284.060,1.911,calibration
NH1,14922770100000,489421620.2,2015-07-06T02:25:52,1.000000,49999.999407,-1.186e-08,32.839,284.065,1.911,calibration
NH1,14923794700000,489442112.2,2015-07-06T08:07:24,1.000000,49999.999396,-1.208e-08,32.841,284.065,1.911,calibration
NH1,14930094450000,489568107.2,2015-07-07T19:07:19,1.000000,49999.999397,-1.207e-08,32.853,284.069,1.911,calibration
NH1,14934414000000,489654498.2,2015-07-08T19:07:10,1.000000,49999.999386,-1.229e-08,32.861,284.071,1.912,calibration
NH1,14938733850000,489740895.2,2015-07-09T19:07:07,1.000000,49999.999399,-1.203e-08,32.869,284.073,1.912,calibration
NH1,14943053700000,489827292.2,2015-07-10T19:07:04,1.000000,49999.999391,-1.219e-08,32.878,284.075,1.912,calibration
NH1,14947373250000,489913683.2,2015-07-11T19:06:55,1.000000,49999.999398,-1.205e-08,32.886,284.077,1.912,calibration
NH1,14951693200000,490000082.2,2015-07-12T19:06:54,1.000000,49999.999377,-1.247e-08,32.894,284.079,1.912,calibration
NH1,14954572050000,490057659.2,2015-07-13T11:06:31,1.000000,49999.999383,-1.234e-08,32.900,284.081,1.912,calibration
NH1,14956552800000,490097274.2,2015-07-13T22:06:46,1.000000,49999.999388,-1.224e-08,32.904,284.082,1.912,calibration
NH1,14963752900000,490241276.2,2015-07-15T14:06:48,1.000000,49999.999398,-1.205e-08,32.918,284.085,1.912,calibration
NH1,14968072700000,490327672.2,2015-07-16T14:06:44,1.000000,49999.999389,-1.223e-08,32.926,284.087,1.912,calibration
NH1,14972031000000,490406838.2,2015-07-17T12:06:10,1.000000,49999.999383,-1.235e-08,32.933,284.089,1.912,calibration
NH1,14976350850000,490493235.2,2015-07-18T12:06:07,1.000000,49999.999385,-1.230e-08,32.942,284.091,1.912,calibration
NH1,14980670500000,490579628.2,2015-07-19T12:06:00,1.000000,49999.999390,-1.220e-08,32.950,284.093,1.912,calibration
NH1,14984990250000,490666023.2,2015-07-20T12:05:55,1.000000,49999.999385,-1.230e-08,32.958,284.095,1.912,calibration
NH1,14989129850000,490748815.3,2015-07-21T11:05:47,1.000000,49999.999396,-1.208e-08,32.966,284.097,1.912,calibration
NH1,14994890350000,490864025.3,2015-07-22T19:05:57,1.000000,49999.999372,-1.256e-08,32.977,284.100,1.912,calibration
NH1,14998310750000,490932433.3,2015-07-23T14:06:05,1.000000,49999.999393,-1.214e-08,32.984,284.102,1.912,calibration
NH1,15003349650000,491033211.3,2015-07-24T18:05:43,1.000000,49999.999377,-1.247e-08,32.994,284.104,1.912,calibration
NH1,15006950050000,491105219.3,2015-07-25T14:05:51,1.000000,49999.999397,-1.206e-08,33.001,284.106,1.912,calibration
NH1,15011989000000,491205998.3,2015-07-26T18:05:30,1.000000,49999.999370,-1.260e-08,33.010,284.108,1.912,calibration
NH1,15015047750000,491267173.3,2015-07-27T11:05:05,1.000000,49999.999392,-1.216e-08,33.016,284.110,1.913,calibration
NH1,15020808250000,491382383.3,2015-07-28T19:05:15,1.000000,49999.999368,-1.264e-08,33.027,284.113,1.913,calibration
NH1,15023687100000,491439960.3,2015-07-29T11:04:52,1.000000,49999.999398,-1.204e-08,33.033,284.114,1.913,calibration
NH1,15026927300000,491504764.3,2015-07-30T05:04:56,1.000000,49999.999366,-1.268e-08,33.039,284.116,1.913,calibration
NH1,15033766300000,491641544.3,2015-07-31T19:04:36,1.000000,49999.999370,-1.261e-08,33.052,284.119,1.913,calibration
NH1,15035565750000,491677533.3,2015-08-01T05:04:25,1.000000,49999.999381,-1.238e-08,33.056,284.120,1.913,calibration
NH1,15041325350000,491792725.3,2015-08-02T13:04:17,1.000000,49999.999395,-1.210e-08,33.067,284.123,1.913,calibration
NH1,15045644950000,491879117.3,2015-08-03T13:04:09,1.000000,49999.999422,-1.157e-08,33.075,284.125,1.913,calibration
NH1,15051046500000,491987148.3,2015-08-04T19:04:40,1.000000,49999.999269,-1.463e-08,33.085,284.127,1.913,calibration
NH1,15052844350000,492023105.3,2015-08-05T05:03:57,1.000000,49999.999426,-1.148e-08,33.089,284.128,1.913,calibration
NH1,15057164750000,492109513.3,2015-08-06T05:04:05,1.000000,49999.999362,-1.276e-08,33.097,284.130,1.913,calibration
NH1,15062743450000,492221087.3,2015-08-07T12:03:39,1.000000,49999.999389,-1.223e-08,33.108,284.133,1.913,calibration
NH1,15067243300000,492311084.3,2015-08-08T13:03:36,1.000000,49999.999397,-1.206e-08,33.116,284.135,1.913,calibration
NH1,15069942550000,492365069.3,2015-08-09T04:03:21,1.000000,49999.999411,-1.178e-08,33.122,284.137,1.913,calibration
NH1,15076963700000,492505492.3,2015-08-10T19:03:44,1.000000,49999.999334,-1.333e-08,33.135,284.140,1.913,calibration
NH1,15080201950000,492570257.3,2015-08-11T13:03:09,1.000000,49999.999388,-1.225e-08,33.141,284.141,1.913,calibration
NH1,15084521500000,492656648.3,2015-08-12T13:03:00,1.000000,49999.999383,-1.235e-08,33.150,284.144,1.913,calibration
NH1,15088840850000,492743035.3,2015-08-13T13:02:47,1.000000,49999.999429,-1.143e-08,33.158,284.146,1.913,calibration
NH1,15094240950000,492851037.3,2015-08-14T19:02:49,1.000000,49999.999165,-1.671e-08,33.168,284.148,1.914,calibration
NH1,15094420500000,492854628.3,2015-08-14T20:02:40,1.000000,49999.999377,-1.247e-08,33.169,284.148,1.914,calibration
NH1,15102879300000,493023804.3,2015-08-16T19:02:16,1.000000,49999.999384,-1.233e-08,33.185,284.152,1.914,calibration
NH1,15107198900000,493110196.3,2015-08-17T19:02:08,1.000000,49999.999553,-8.940e-09,33.193,284.154,1.914,calibration
NH1,15111518350000,493196585.3,2015-08-18T19:01:57,1.000000,49999.999401,-1.198e-08,33.201,284.157,1.914,calibration
NH1,15115657700000,493279372.3,2015-08-19T18:01:44,1.000000,49999.999396,-1.208e-08,33.209,284.158,1.914,calibration
NH1,15119977250000,493365763.3,2015-08-20T18:01:35,1.000000,49999.999389,-1.223e-08,33.218,284.161,1.914,calibration
NH1,15124476800000,493455754.3,2015-08-21T19:01:26,1.000000,49999.999406,-1.188e-08,33.226,284.163,1.914,calibration
NH1,15128796350000,493542145.3,2015-08-22T19:01:17,1.000000,49999.999303,-1.394e-08,33.235,284.165,1.914,calibration
NH1,15128975750000,493545733.3,2015-08-22T20:01:05,1.000000,49999.999397,-1.207e-08,33.235,284.165,1.914,calibration
NH1,15137435650000,493714931.3,2015-08-24T19:01:03,1.000000,49999.999397,-1.207e-08,33.251,284.169,1.914,calibration
NH1,15141755100000,493801320.3,2015-08-25T19:00:52,1.000000,49999.999397,-1.206e-08,33.259,284.171,1.914,calibration
NH1,15146074300000,493887704.3,2015-08-26T19:00:36,1.000000,49999.999391,-1.219e-08,33.268,284.173,1.914,calibration
NH1,15150394050000,493974099.3,2015-08-27T19:00:31,1.000000,49999.999398,-1.204e-08,33.276,284.175,1.914,calibration
NH1,15154713500000,494060488.3,2015-08-28T19:00:20,1.000000,49999.999400,-1.200e-08,33.284,284.177,1.914,calibration
NH1,15159033000000,494146878.3,2015-08-29T19:00:10,1.000000,49999.999399,-1.203e-08,33.293,284.179,1.914,calibration
NH1,15163352500000,494233268.3,2015-08-30T19:00:00,1.000000,49999.999402,-1.196e-08,33.301,284.181,1.914,calibration
NH1,15167311300000,494312444.3,2015-08-31T16:59:36,1.000000,49999.999398,-1.204e-08,33.308,284.183,1.914,calibration
NH1,15171992800000,494406074.3,2015-09-01T19:00:06,1.000000,49999.999403,-1.195e-08,33.317,284.185,1.914,calibration
NH1,15176310750000,494492433.3,2015-09-02T18:59:25,1.000000,49999.999400,-1.200e-08,33.326,284.187,1.915,calibration
NH1,15180630250000,494578823.3,2015-09-03T18:59:15,1.000000,49999.999394,-1.212e-08,33.334,284.190,1.915,calibration
NH1,15184949700000,494665212.3,2015-09-04T18:59:04,1.000000,49999.999401,-1.198e-08,33.342,284.192,1.915,calibration
NH1,15189269000000,494751598.3,2015-09-05T18:58:50,1.000000,49999.999402,-1.197e-08,33.351,284.194,1.915,calibration
NH1,15193588450000,494837987.3,2015-09-06T18:58:39,1.000000,49999.999401,-1.199e-08,33.359,284.196,1.915,calibration
NH1,15197547300000,494917164.3,2015-09-07T16:58:16,1.000000,49999.999398,-1.204e-08,33.366,284.198,1.915,calibration
NH1,15202227400000,495010766.3,2015-09-08T18:58:18,1.000000,49999.999402,-1.196e-08,33.375,284.200,1.915,calibration
NH1,15206546650000,495097151.3,2015-09-09T18:58:03,1.000000,49999.999277,-1.447e-08,33.384,284.202,1.915,calibration
NH1,15210686150000,495179941.3,2015-09-10T17:57:53,1.000000,49999.999535,-9.290e-09,33.392,284.204,1.915,calibration
NH1,15215185500000,495269928.3,2015-09-11T18:57:40,1.000000,49999.999384,-1.233e-08,33.400,284.206,1.915,calibration
NH1,15219324950000,495352717.3,2015-09-12T17:57:29,1.000000,49999.999402,-1.197e-08,33.408,284.208,1.915,calibration
NH1,15222203900000,495410296.3,2015-09-13T09:57:08,1.000000,49999.999405,-1.189e-08,33.414,284.209,1.915,calibration
NH1,15227963550000,495525489.3,2015-09-14T17:57:01,1.000000,49999.999445,-1.111e-08,33.425,284.212,1.915,calibration
NH1,15232464050000,495615499.3,2015-09-15T18:57:11,1.000000,49999.999359,-1.283e-08,33.433,284.214,1.915,calibration
NH1,15236602250000,495698263.3,2015-09-16T17:56:35,1.000000,49999.999411,-1.179e-08,33.441,284.216,1.915,calibration
NH1,15241101700000,495788252.3,2015-09-17T18:56:24,1.000000,49999.999408,-1.184e-08,33.450,284.218,1.915,calibration
NH1,15245436900000,495874956.3,2015-09-18T19:01:28,1.000000,49999.999405,-1.190e-08,33.458,284.220,1.915,calibration
NH1,15249740600000,495961030.3,2015-09-19T18:56:02,1.000000,49999.999384,-1.233e-08,33.467,284.222,1.915,calibration
NH1,15253879800000,496043814.3,2015-09-20T17:55:46,1.000000,49999.999405,-1.190e-08,33.475,284.224,1.915,calibration
NH1,15258199100000,496130200.3,2015-09-21T17:55:32,1.000000,49999.999396,-1.209e-08,33.483,284.226,1.916,calibration
NH1,15261078300000,496187784.3,2015-09-22T09:55:16,1.000000,49999.999417,-1.167e-08,33.488,284.228,1.916,calibration
NH1,15266838050000,496302979.3,2015-09-23T17:55:11,1.000000,49999.999416,-1.169e-08,33.499,284.230,1.916,calibration
NH1,15271337400000,496392966.3,2015-09-24T18:54:58,1.000000,49999.999403,-1.194e-08,33.508,284.232,1.916,calibration
NH1,15275659550000,496479409.3,2015-09-25T18:55:41,1.000000,49999.999412,-1.177e-08,33.516,284.234,1.916,calibration
NH1,15279975700000,496565732.3,2015-09-26T18:54:24,1.000000,49999.999359,-1.282e-08,33.525,284.237,1.916,calibration
NH1,15282494800000,496616114.3,2015-09-27T08:54:06,1.000000,49999.999421,-1.158e-08,33.529,284.238,1.916,calibration
NH1,15288660550000,496739429.3,2015-09-28T19:09:21,1.000000,49999.999394,-1.212e-08,33.541,284.241,1.916,calibration
NH1,15292574200000,496817702.3,2015-09-29T16:53:54,1.000000,49999.999413,-1.175e-08,33.549,284.242,1.916,calibration
NH1,15296893600000,496904090.3,2015-09-30T16:53:42,1.000000,49999.999446,-1.109e-08,33.557,284.244,1.916,calibration
NH1,15301573250000,496997683.3,2015-10-01T18:53:35,1.000000,49999.999376,-1.248e-08,33.566,284.247,1.916,calibration
NH1,15305891950000,497084057.3,2015-10-02T18:53:09,1.000000,49999.999402,-1.196e-08,33.574,284.249,1.916,calibration
NH1,15310211350000,497170445.3,2015-10-03T18:52:57,1.000000,49999.999405,-1.191e-08,33.583,284.251,1.916,calibration
NH1,15314171100000,497249640.3,2015-10-04T16:52:52,1.000000,49999.999406,-1.187e-08,33.590,284.253,1.916,calibration
NH1,15318490300000,497336024.3,2015-10-05T16:52:36,1.000000,49999.999413,-1.174e-08,33.598,284.255,1.916,calibration
NH1,15322809800000,497422414.3,2015-10-06T16:52:26,1.000000,49999.999449,-1.102e-08,33.607,284.257,1.916,calibration
NH1,15327565250000,497517523.3,2015-10-07T19:17:35,1.000000,49999.999405,-1.191e-08,33.616,284.259,1.916,calibration
NH1,15331808950000,497602397.3,2015-10-08T18:52:09,1.000000,49999.999415,-1.170e-08,33.624,284.261,1.916,calibration
NH1,15336128300000,497688784.3,2015-10-09T18:51:56,1.000000,49999.999417,-1.166e-08,33.632,284.263,1.916,calibration
NH1,15340447400000,497775166.3,2015-10-10T18:51:38,1.000000,49999.999351,-1.298e-08,33.641,284.265,1.917,calibration
NH1,15344226500000,497850748.3,2015-10-11T15:51:20,1.000000,49999.999405,-1.189e-08,33.648,284.267,1.917,calibration
NH1,15346925200000,497904722.3,2015-10-12T06:50:54,1.000000,49999.999444,-1.112e-08,33.653,284.268,1.917,calibration
NH1,15353405550000,498034329.3,2015-10-13T18:51:01,1.000000,49999.999369,-1.262e-08,33.665,284.271,1.917,calibration
NH1,15357184650000,498109911.3,2015-10-14T15:50:43,1.000000,49999.999448,-1.104e-08,33.673,284.273,1.917,calibration
NH1,15362119500000,498208608.3,2015-10-15T19:15:40,1.000000,49999.999415,-1.170e-08,33.682,284.275,1.917,calibration
NH1,15366363900000,498293496.3,2015-10-16T18:50:28,1.000000,49999.999380,-1.241e-08,33.690,284.277,1.917,calibration
NH1,15370682400000,498379866.3,2015-10-17T18:49:58,1.000000,49999.999404,-1.193e-08,33.698,284.279,1.917,calibration
NH1,15374462150000,498455461.3,2015-10-18T15:49:53,1.000000,49999.999406,-1.188e-08,33.706,284.281,1.917,calibration
NH1,15378781500000,498541848.3,2015-10-19T15:49:40,1.000000,49999.999471,-1.059e-08,33.714,284.283,1.917,calibration
NH1,15381661850000,498599455.3,2015-10-20T07:49:47,1.000000,49999.999425,-1.150e-08,33.720,284.284,1.917,calibration
NH1,15387960400000,498725426.3,2015-10-21T18:49:18,1.000000,49999.999348,-1.305e-08,33.732,284.287,1.917,calibration
NH1,15388860450000,498743427.3,2015-10-21T23:49:19,1.000000,49999.999491,-1.018e-08,33.733,284.287,1.917,calibration
NH1,15396033450000,498886887.3,2015-10-23T15:40:19,1.000000,49999.999426,-1.148e-08,33.747,284.291,1.917,calibration
NH1,15400918500000,498984588.3,2015-10-24T18:48:40,1.000000,49999.999373,-1.255e-08,33.756,284.293,1.917,calibration
NH1,15401818650000,499002591.3,2015-10-24T23:48:43,1.000000,49999.999414,-1.173e-08,33.758,284.293,1.917,calibration
NH1,15408837850000,499142975.3,2015-10-26T14:48:27,1.000000,49999.999411,-1.179e-08,33.772,284.297,1.917,calibration
NH1,15413337700000,499232972.4,2015-10-27T15:48:24,1.000000,49999.999430,-1.140e-08,33.780,284.299,1.917,calibration
NH1,15414596550000,499258149.4,2015-10-27T22:48:01,1.000000,49999.999419,-1.163e-08,33.783,284.299,1.917,calibration
NH1,15421796500000,499402148.4,2015-10-29T14:48:00,1.000000,49999.999410,-1.180e-08,33.796,284.303,1.917,calibration
NH1,15424855700000,499463332.4,2015-10-30T07:47:44,1.000000,49999.999422,-1.156e-08,33.802,284.304,1.918,calibration
NH1,15428813950000,499542497.4,2015-10-31T05:47:09,1.000000,49999.999420,-1.161e-08,33.810,284.306,1.918,calibration
NH1,15434754450000,499661307.4,2015-11-01T14:47:19,1.000000,49999.999418,-1.164e-08,33.821,284.309,1.918,calibration
NH1,15439793300000,499762084.4,2015-11-02T18:46:56,1.000000,49999.999418,-1.165e-08,33.831,284.311,1.918,calibration
NH1,15444112600000,499848470.4,2015-11-03T18:46:42,1.000000,49999.999414,-1.173e-08,33.839,284.313,1.918,calibration
NH1,15448508200000,499936382.4,2015-11-04T19:11:54,1.000000,49999.999403,-1.195e-08,33.848,284.315,1.918,calibration
NH1,15452032100000,500006860.4,2015-11-05T14:46:32,1.000000,49999.999355,-1.290e-08,33.854,284.317,1.918,calibration
NH1,15454730100000,500060820.4,2015-11-06T05:45:52,1.000000,49999.999412,-1.176e-08,33.860,284.318,1.918,calibration
NH1,15460670150000,500179621.4,2015-11-07T14:45:53,1.000000,49999.999420,-1.161e-08,33.871,284.321,1.918,calibration
NH1,15464989550000,500266009.4,2015-11-08T14:45:41,1.000000,49999.999413,-1.174e-08,33.879,284.323,1.918,calibration
NH1,15469128950000,500348797.4,2015-11-09T13:45:29,1.000000,49999.999441,-1.119e-08,33.887,284.325,1.918,calibration
NH1,15474431600000,500454850.4,2015-11-10T19:13:02,1.000000,49999.999358,-1.284e-08,33.897,284.328,1.918,calibration
NH1,15477767900000,500521576.4,2015-11-11T13:45:08,1.000000,49999.999420,-1.160e-08,33.904,284.329,1.918,calibration
NH1,15482087200000,500607962.4,2015-11-12T13:44:54,1.000000,49999.999405,-1.189e-08,33.912,284.331,1.918,calibration
NH1,15486406800000,500694354.4,2015-11-13T13:44:46,1.000000,49999.999420,-1.161e-08,33.920,284.333,1.918,calibration
NH1,15490726200000,500780742.4,2015-11-14T13:44:34,1.000000,49999.999451,-1.099e-08,33.929,284.335,1.918,calibration
NH1,15495945850000,500885135.4,2015-11-15T18:44:27,1.000000,49999.999361,-1.278e-08,33.939,284.338,1.918,calibration
NH1,15499365000000,500953518.4,2015-11-16T13:44:10,1.000000,49999.999426,-1.149e-08,33.945,284.340,1.918,calibration
NH1,15503864500000,501043508.4,2015-11-17T14:44:00,1.000000,49999.999432,-1.136e-08,33.954,284.342,1.918,calibration
NH1,15508983350000,501145885.4,2015-11-18T19:10:17,1.000000,49999.999383,-1.235e-08,33.964,284.344,1.918,calibration
NH1,15513223250000,501230683.4,2015-11-19T18:43:35,1.000000,49999.999418,-1.164e-08,33.972,284.346,1.918,calibration
NH1,15517542750000,501317073.4,2015-11-20T18:43:25,1.000000,49999.999449,-1.102e-08,33.980,284.348,1.918,calibration
NH1,15521862750000,501403473.4,2015-11-21T18:43:25,1.000000,49999.999366,-1.268e-08,33.988,284.350,1.918,calibration
NH1,15524921650000,501464651.4,2015-11-22T11:43:03,1.000000,49999.999416,-1.169e-08,33.994,284.352,1.918,calibration
NH1,15530578700000,501577792.4,2015-11-23T19:08:44,1.000000,49999.999446,-1.108e-08,34.005,284.354,1.919,calibration
NH1,15534821450000,501662647.4,2015-11-24T18:42:59,1.000000,49999.999369,-1.262e-08,34.013,284.356,1.919,calibration
NH1,15538240550000,501731029.4,2015-11-25T13:42:41,1.000000,49999.999449,-1.103e-08,34.020,284.358,1.919,calibration
NH1,15543280400000,501831826.4,2015-11-26T17:42:38,1.000000,49999.999379,-1.243e-08,34.029,284.360,1.919,calibration
NH1,15547779200000,501921802.4,2015-11-27T18:42:14,1.000000,49999.999428,-1.145e-08,34.038,284.362,1.919,calibration
NH1,15550478700000,501975792.4,2015-11-28T09:42:04,1.000000,49999.999416,-1.169e-08,34.043,284.364,1.919,calibration
NH1,15554978250000,502065783.4,2015-11-29T10:41:55,1.000000,49999.999436,-1.128e-08,34.052,284.366,1.919,calibration
NH1,15560738550000,502180989.4,2015-11-30T18:42:01,1.000000,49999.999372,-1.256e-08,34.063,284.368,1.919,calibration
NH1,15563977800000,502245774.4,2015-12-01T12:41:46,1.000000,49999.999418,-1.164e-08,34.069,284.370,1.919,calibration
NH1,15566856750000,502303353.4,2015-12-02T04:41:25,1.000000,49999.999440,-1.121e-08,34.074,284.371,1.919,calibration
NH1,15572618450000,502418587.4,2015-12-03T12:41:59,1.000000,49999.999422,-1.156e-08,34.086,284.374,1.919,calibration
NH1,15578017050000,502526559.4,2015-12-04T18:41:31,1.000000,49999.999365,-1.270e-08,34.096,284.376,1.919,calibration
NH1,15581256000000,502591338.4,2015-12-05T12:41:10,1.000000,49999.999453,-1.095e-08,34.102,284.378,1.919,calibration
NH1,15586655900000,502699336.4,2015-12-06T18:41:08,1.000000,49999.999792,-4.170e-09,34.112,284.380,1.919,calibration
NH1,15589536950000,502756957.4,2015-12-07T10:41:29,1.000000,49999.999426,-1.149e-08,34.118,284.382,1.919,calibration
NH1,15595295300000,502872124.4,2015-12-08T18:40:56,1.000000,49999.999328,-1.345e-08,34.129,284.385,1.919,calibration
NH1,15597094150000,502908101.4,2015-12-09T04:40:33,1.000000,49999.999431,-1.139e-08,34.132,284.385,1.919,calibration
NH1,15602853950000,503023297.4,2015-12-10T12:40:29,1.000000,49999.999433,-1.134e-08,34.143,284.388,1.919,calibration
NH1,15606633500000,503098888.4,2015-12-11T09:40:20,1.000000,49999.999422,-1.157e-08,34.151,284.390,1.919,calibration
NH1,15611313150000,503192481.4,2015-12-12T11:40:13,1.000000,49999.999428,-1.144e-08,34.160,284.392,1.919,calibration
NH1,15616892500000,503304068.4,2015-12-13T18:40:00,1.000000,49999.999444,-1.113e-08,34.170,284.395,1.919,calibration
NH1,15620672000000,503379658.4,2015-12-14T15:39:50,1.000000,49999.999441,-1.119e-08,34.178,284.396,1.919,calibration
NH1,15625533250000,503476883.4,2015-12-15T18:40:15,1.000000,49999.999395,-1.211e-08,34.187,284.399,1.919,calibration
NH1,15629852000000,503563258.4,2015-12-16T18:39:50,1.000000,49999.999439,-1.122e-08,34.195,284.401,1.919,calibration
NH1,15634186700000,503649952.4,2015-12-17T18:44:44,1.000000,49999.999360,-1.280e-08,34.203,284.403,1.919,calibration
NH1,15634889950000,503664017.4,2015-12-17T22:39:09,1.000000,49999.999419,-1.163e-08,34.205,284.403,1.920,calibration
NH1,15640109950000,503768417.4,2015-12-19T03:39:09,1.000000,49999.999430,-1.140e-08,34.215,284.405,1.920,calibration
NH1,15647130550000,503908829.4,2015-12-20T18:39:21,1.000000,49999.999426,-1.149e-08,34.228,284.409,1.920,calibration
NH1,15648749850000,503941215.4,2015-12-21T03:39:07,1.000000,49999.999429,-1.142e-08,34.231,284.409,1.920,calibration
NH1,15660089600000,504168010.4,2015-12-23T18:39:02,1.000000,49999.999425,-1.151e-08,34.253,284.415,1.920,calibration
NH1,15664410500000,504254428.4,2015-12-24T18:39:20,1.000000,49999.999438,-1.124e-08,34.261,284.417,1.920,calibration
NH1,15666568200000,504297582.4,2015-12-25T06:38:34,1.000000,49999.999423,-1.154e-08,34.265,284.418,1.920,calibration
NH1,15677368500000,504513588.4,2015-12-27T18:38:40,1.000000,49999.999425,-1.150e-08,34.286,284.423,1.920,calibration
NH1,15681507800000,504596374.4,2015-12-28T17:38:26,1.000000,49999.999471,-1.059e-08,34.294,284.425,1.920,calibration
NH1,15686010050000,504686419.4,2015-12-29T18:39:11,1.000000,49999.999286,-1.429e-08,34.303,284.427,1.920,calibration
NH1,15687627100000,504718760.4,2015-12-30T03:38:12,1.000000,49999.999428,-1.145e-08,34.306,284.427,1.920,calibration
NH1,15698967200000,504945562.4,2016-01-01T18:38:14,1.000000,49999.999442,-1.117e-08,34.327,284.433,1.920,calibration
NH1,15702566350000,505017545.4,2016-01-02T14:37:57,1.000000,49999.999416,-1.169e-08,34.334,284.434,1.920,calibration
NH1,15707607400000,505118366.4,2016-01-03T18:38:18,1.000000,49999.999431,-1.138e-08,34.344,284.437,1.920,calibration
NH1,15723085550000,505427929.4,2016-01-07T08:37:41,1.000000,49999.999461,-1.078e-08,34.374,284.444,1.920,calibration
NH1,15728667900000,505539576.4,2016-01-08T15:38:28,1.000000,49999.999389,-1.223e-08,34.384,284.446,1.920,calibration
NH1,15732984950000,505625917.4,2016-01-09T15:37:29,1.000000,49999.999429,-1.142e-08,34.393,284.448,1.920,calibration
NH1,15737665300000,505719524.4,2016-01-10T17:37:36,1.000000,49999.999435,-1.130e-08,34.402,284.450,1.920,calibration
NH1,15741624700000,505798712.4,2016-01-11T15:37:24,1.000000,49999.999442,-1.117e-08,34.409,284.452,1.920,calibration
NH1,15746484600000,505895910.4,2016-01-12T18:37:22,1.000000,49999.999426,-1.149e-08,34.418,284.454,1.921,calibration
NH1,15750882300000,505983864.4,2016-01-13T19:03:16,1.000000,49999.999419,-1.163e-08,34.427,284.456,1.921,calibration
NH1,15754584200000,506057902.4,2016-01-14T15:37:14,1.000000,49999.999430,-1.140e-08,34.434,284.458,1.921,calibration
NH1,15759264650000,506151511.4,2016-01-15T17:37:23,1.000000,49999.999471,-1.058e-08,34.443,284.460,1.921,calibration
NH1,15763044450000,506227107.4,2016-01-16T14:37:19,1.000000,49999.999400,-1.201e-08,34.450,284.462,1.921,calibration
NH1,15768083900000,506327896.4,2016-01-17T18:37:08,1.000000,49999.999441,-1.119e-08,34.460,284.464,1.921,calibration
NH1,15772403750000,506414293.4,2016-01-18T18:37:05,1.000000,49999.999346,-1.309e-08,34.468,284.466,1.921,calibration
NH1,15772762700000,506421472.4,2016-01-18T20:36:44,1.000000,49999.999426,-1.149e-08,34.469,284.466,1.921,calibration
NH1,15780143500000,506569088.4,2016-01-20T13:37:00,1.000000,49999.999437,-1.126e-08,34.483,284.470,1.921,calibration
NH1,15784283350000,506651885.4,2016-01-21T12:36:57,1.000000,49999.999421,-1.159e-08,34.491,284.472,1.921,calibration
NH1,15789766200000,506761542.4,2016-01-22T19:04:34,1.000000,49999.999430,-1.140e-08,34.501,284.474,1.921,calibration
NH1,15794003350000,506846285.4,2016-01-23T18:36:57,1.000000,49999.999419,-1.162e-08,34.509,284.476,1.921,calibration
NH1,15798143850000,506929095.4,2016-01-24T17:37:07,1.000000,49999.999436,-1.129e-08,34.517,284.478,1.921,calibration
NH1,15802643200000,507019082.4,2016-01-25T18:36:54,1.000000,49999.999433,-1.135e-08,34.526,284.480,1.921,calibration
NH1,15806783050000,507101879.4,2016-01-26T17:36:51,1.000000,49999.999418,-1.165e-08,34.534,284.482,1.921,calibration
NH1,15809663150000,507159481.4,2016-01-27T09:36:53,1.000000,49999.999435,-1.131e-08,34.539,284.483,1.921,calibration
NH1,15815639500000,507279008.4,2016-01-28T18:49:00,1.000000,49999.999449,-1.102e-08,34.551,284.486,1.921,calibration
NH1,15819565300000,507357524.4,2016-01-29T16:37:36,1.000000,49999.999408,-1.184e-08,34.558,284.488,1.921,calibration
NH1,15824243050000,507451079.4,2016-01-30T18:36:51,1.000000,49999.999422,-1.156e-08,34.567,284.490,1.921,calibration
NH1,15828562900000,507537476.4,2016-01-31T18:36:48,1.000000,49999.999471,-1.059e-08,34.575,284.492,1.921,calibration
NH1,15832705450000,507620327.4,2016-02-01T17:37:39,1.000000,49999.999393,-1.214e-08,34.583,284.494,1.921,calibration
NH1,15837202950000,507710277.5,2016-02-02T18:36:49,1.000000,49999.999427,-1.146e-08,34.592,284.496,1.921,calibration
NH1,15841522900000,507796676.5,2016-02-03T18:36:48,1.000000,49999.999431,-1.139e-08,34.600,284.498,1.921,calibration
NH1,15845662850000,507879475.5,2016-02-04T17:36:47,1.000000,49999.999416,-1.169e-08,34.608,284.500,1.921,calibration
NH1,15850162950000,507969477.5,2016-02-05T18:36:49,1.000000,49999.999426,-1.148e-08,34.617,284.502,1.921,calibration
NH1,15851962500000,508005468.5,2016-02-06T04:36:40,1.000000,49999.999433,-1.135e-08,34.620,284.503,1.921,calibration
NH1,15858802950000,508142277.5,2016-02-07T18:36:49,1.000000,49999.999417,-1.166e-08,34.633,284.506,1.922,calibration
NH1,15863122950000,508228677.5,2016-02-08T18:36:49,1.000000,49999.999410,-1.181e-08,34.642,284.508,1.922,calibration
NH1,15865463200000,508275482.5,2016-02-09T07:36:54,1.000000,49999.999442,-1.116e-08,34.646,284.509,1.922,calibration
NH1,15871403050000,508394279.5,2016-02-10T16:36:51,1.000000,49999.999422,-1.156e-08,34.657,284.511,1.922,calibration
NH1,15880403250000,508574283.5,2016-02-12T18:36:55,1.000000,49999.999399,-1.203e-08,34.675,284.515,1.922,calibration
NH1,15882743300000,508621084.5,2016-02-13T07:36:56,1.000000,49999.999441,-1.118e-08,34.679,284.517,1.922,calibration
NH1,15886719250000,508700603.5,2016-02-14T05:42:15,1.000000,49999.999448,-1.104e-08,34.687,284.518,1.922,calibration
NH1,15892826050000,508822739.5,2016-02-15T15:37:51,1.000000,49999.999358,-1.284e-08,34.698,284.521,1.922,calibration
NH1,15895703600000,508880290.5,2016-02-16T07:37:02,1.000000,49999.999428,-1.144e-08,34.704,284.522,1.922,calibration
NH1,15903803100000,509042280.5,2016-02-18T04:36:52,1.000000,49999.999427,-1.147e-08,34.719,284.526,1.922,calibration
NH1,15910643700000,509179092.5,2016-02-19T18:37:04,1.000000,49999.999422,-1.156e-08,34.732,284.529,1.922,calibration
NH1,15914963800000,509265494.5,2016-02-20T18:37:06,1.000000,49999.999436,-1.128e-08,34.741,284.531,1.922,calibration
NH1,15918743750000,509341093.5,2016-02-21T15:37:05,1.000000,49999.999425,-1.150e-08,34.748,284.533,1.922,calibration
NH1,15923063900000,509427496.5,2016-02-22T15:37:08,1.000000,49999.999413,-1.174e-08,34.756,284.535,1.922,calibration
NH1,15927924200000,509524702.5,2016-02-23T18:37:14,1.000000,49999.999439,-1.122e-08,34.766,284.537,1.922,calibration
NH1,15929229850000,509550815.5,2016-02-24T01:52:27,1.000000,49999.999415,-1.170e-08,34.768,284.537,1.922,calibration
NH1,15936564400000,509697506.5,2016-02-25T18:37:18,1.000000,49999.999429,-1.142e-08,34.782,284.541,1.922,calibration
NH1,15940884500000,509783908.5,2016-02-26T18:37:20,1.000000,49999.999425,-1.150e-08,34.790,284.543,1.922,calibration
NH1,15945204650000,509870311.5,2016-02-27T18:37:23,1.000000,49999.999427,-1.146e-08,34.799,284.545,1.922,calibration
NH1,15949344750000,509953113.5,2016-02-28T17:37:25,1.000000,49999.999414,-1.172e-08,34.806,284.547,1.922,calibration
NH1,15953664850000,510039515.5,2016-02-29T17:37:27,1.000000,49999.999424,-1.152e-08,34.815,284.548,1.922,calibration
NH1,15958165050000,510129519.5,2016-03-01T18:37:31,1.000000,49999.999425,-1.151e-08,34.823,284.550,1.922,calibration
NH1,15961945000000,510205118.5,2016-03-02T15:37:30,1.000000,49999.999413,-1.174e-08,34.831,284.552,1.922,calibration
NH1,15966625300000,510298724.5,2016-03-03T17:37:36,1.000000,49999.999434,-1.133e-08,34.839,284.554,1.923,calibration
NH1,15970585350000,510377925.5,2016-03-04T15:37:37,1.000000,49999.999410,-1.181e-08,34.847,284.556,1.923,calibration
NH1,15975445700000,510475132.5,2016-03-05T18:37:44,1.000000,49999.999436,-1.128e-08,34.856,284.558,1.923,calibration
NH1,15979045700000,510547132.5,2016-03-06T14:37:44,1.000000,49999.999402,-1.196e-08,34.863,284.560,1.923,calibration
NH1,15981925950000,510604737.5,2016-03-07T06:37:49,1.000000,49999.999415,-1.171e-08,34.869,284.561,1.923,calibration
NH1,15986246200000,510691142.5,2016-03-08T06:37:54,1.000000,49999.999427,-1.147e-08,34.877,284.563,1.923,calibration
NH1,15994345950000,510853137.5,2016-03-10T03:37:49,1.000000,49999.999413,-1.175e-08,34.892,284.567,1.923,calibration
NH1,16001427850000,510994775.5,2016-03-11T18:58:27,1.000000,49999.999431,-1.139e-08,34.906,284.570,1.923,calibration
NH1,16005686950000,511079957.5,2016-03-12T18:38:09,1.000000,49999.999419,-1.163e-08,34.914,284.572,1.923,calibration
NH1,16009827050000,511162759.5,2016-03-13T17:38:11,1.000000,49999.999426,-1.149e-08,34.922,284.574,1.923,calibration
NH1,16013247100000,511231160.5,2016-03-14T12:38:12,1.000000,49999.999411,-1.178e-08,34.929,284.575,1.923,calibration
NH1,16018287400000,511331966.5,2016-03-15T16:38:18,1.000000,49999.999415,-1.170e-08,34.938,284.577,1.923,calibration
NH1,16022967700000,511425572.5,2016-03-16T18:38:24,1.000000,49999.999441,-1.118e-08,34.947,284.579,1.923,calibration
NH1,16026027750000,511486773.5,2016-03-17T11:38:25,1.000000,49999.999406,-1.188e-08,34.953,284.581,1.923,calibration
NH1,16031428100000,511594780.5,2016-03-18T17:38:32,1.000000,49999.999412,-1.177e-08,34.963,284.583,1.923,calibration
NH1,16035928350000,511684785.5,2016-03-19T18:38:37,1.000000,49999.999419,-1.163e-08,34.972,284.585,1.923,calibration
NH1,16040248500000,511771188.5,2016-03-20T18:38:40,1.000000,49999.999416,-1.169e-08,34.980,284.587,1.923,calibration
NH1,16044568700000,511857592.5,2016-03-21T18:38:44,1.000000,49999.999424,-1.153e-08,34.988,284.589,1.923,calibration
NH1,16048528850000,511936795.5,2016-03-22T16:38:47,1.000000,49999.999427,-1.146e-08,34.996,284.591,1.923,calibration
NH1,16052308800000,512012394.5,2016-03-23T13:38:46,1.000000,49999.999406,-1.188e-08,35.003,284.592,1.923,calibration
NH1,16057529300000,512116804.5,2016-03-24T18:38:56,1.000000,49999.999407,-1.186e-08,35.013,284.595,1.923,calibration
NH1,16061849550000,512203209.5,2016-03-25T18:39:01,1.000000,49999.999459,-1.083e-08,35.021,284.597,1.923,calibration
NH1,16065091800000,512268054.5,2016-03-26T12:39:46,1.000000,49999.999392,-1.217e-08,35.028,284.598,1.923,calibration
NH1,16070309900000,512372416.5,2016-03-27T17:39:08,1.000000,49999.999420,-1.160e-08,35.038,284.600,1.923,calibration
NH1,16074270050000,512451619.5,2016-03-28T15:39:11,1.000000,49999.999430,-1.140e-08,35.045,284.602,1.923,calibration
NH1,16078050050000,512527219.5,2016-03-29T12:39:11,1.000000,49999.999395,-1.211e-08,35.052,284.604,1.923,calibration
NH1,16083450650000,512635231.5,2016-03-30T18:39:23,1.000000,49999.999445,-1.111e-08,35.063,284.606,1.924,calibration
NH1,16086690600000,512700030.5,2016-03-31T12:39:22,1.000000,49999.999403,-1.195e-08,35.069,284.608,1.924,calibration
NH1,16091911100000,512804440.5,2016-04-01T17:39:32,1.000000,49999.999404,-1.193e-08,35.079,284.610,1.924,calibration
NH1,16096426650000,512894751.5,2016-04-02T18:44:43,1.000000,49999.999414,-1.173e-08,35.088,284.612,1.924,calibration
NH1,16100731500000,512980848.5,2016-04-03T18:39:40,1.000000,49999.999424,-1.153e-08,35.096,284.614,1.924,calibration
NH1,16105051750000,513067253.5,2016-04-04T18:39:45,1.000000,49999.999452,-1.096e-08,35.104,284.616,1.924,calibration
NH1,16108294250000,513132103.5,2016-04-05T12:40:35,1.000000,49999.999394,-1.213e-08,35.110,284.617,1.924,calibration
NH1,16112791900000,513222056.5,2016-04-06T13:39:48,1.000000,49999.999432,-1.137e-08,35.119,284.619,1.924,calibration
NH1,16117652900000,513319276.5,2016-04-07T16:40:08,1.000000,49999.999416,-1.169e-08,35.128,284.621,1.924,calibration
NH1,16121973200000,513405682.5,2016-04-08T16:40:14,1.000000,49999.999378,-1.245e-08,35.136,284.623,1.924,calibration
NH1,16126652950000,513499277.5,2016-04-09T18:40:09,1.000000,49999.999422,-1.156e-08,35.145,284.625,1.924,calibration
NH1,16128452800000,513535274.5,2016-04-10T04:40:06,1.000000,49999.999416,-1.169e-08,35.149,284.626,1.924,calibration
NH1,16134933100000,513664880.5,2016-04-11T16:40:12,1.000000,49999.999398,-1.204e-08,35.161,284.629,1.924,calibration
NH1,16139613700000,513758492.5,2016-04-12T18:40:24,1.000000,49999.999417,-1.167e-08,35.170,284.631,1.924,calibration
NH1,16143573650000,513837691.5,2016-04-13T16:40:23,1.000000,49999.999420,-1.161e-08,35.178,284.633,1.924,calibration
NH1,16148073950000,513927697.5,2016-04-14T17:40:29,1.000000,49999.999408,-1.183e-08,35.186,284.635,1.924,calibration
NH1,16152574250000,514017703.5,2016-04-15T18:40:35,1.000000,49999.999412,-1.176e-08,35.195,284.637,1.924,calibration
NH1,16156894450000,514104107.5,2016-04-16T18:40:39,1.000000,49999.999416,-1.169e-08,35.203,284.639,1.924,calibration
NH1,16160674450000,514179707.5,2016-04-17T15:40:39,1.000000,49999.999455,-1.090e-08,35.210,284.640,1.924,calibration
NH1,16164276500000,514251748.5,2016-04-18T11:41:20,1.000000,49999.999372,-1.257e-08,35.217,284.642,1.924,calibration
NH1,16169494900000,514356116.5,2016-04-19T16:40:48,1.000000,49999.999408,-1.184e-08,35.227,284.644,1.924,calibration
NH1,16174175400000,514449726.5,2016-04-20T18:40:58,1.000000,49999.999411,-1.179e-08,35.236,284.646,1.924,calibration
NH1,16178495550000,514536129.5,2016-04-21T18:41:01,1.000000,49999.999412,-1.177e-08,35.244,284.648,1.924,calibration
NH1,16182815700000,514622532.5,2016-04-22T18:41:04,1.000000,49999.999412,-1.176e-08,35.252,284.650,1.924,calibration
NH1,16186775700000,514701732.5,2016-04-23T16:41:04,1.000000,49999.999411,-1.179e-08,35.260,284.652,1.924,calibration
NH1,16191095900000,514788136.5,2016-04-24T16:41:08,1.000000,49999.999404,-1.192e-08,35.268,284.654,1.924,calibration
NH1,16195596300000,514878144.5,2016-04-25T17:41:16,1.000000,49999.999404,-1.192e-08,35.277,284.656,1.925,calibration
NH1,16199916350000,514964545.5,2016-04-26T17:41:17,1.000000,49999.999415,-1.170e-08,35.285,284.657,1.925,calibration
NH1,16204416850000,515054555.5,2016-04-27T18:41:27,1.000000,49999.999434,-1.132e-08,35.294,284.659,1.925,calibration
NH1,16207116400000,515108546.5,2016-04-28T09:41:18,1.000000,49999.999393,-1.215e-08,35.299,284.661,1.925,calibration
NH1,16213057250000,515227363.5,2016-04-29T18:41:35,1.000000,49999.999415,-1.171e-08,35.310,284.663,1.925,calibration
NH1,16217377450000,515313767.5,2016-04-30T18:41:39,1.000000,49999.999405,-1.189e-08,35.318,284.665,1.925,calibration
NH1,16221697650000,515400171.5,2016-05-01T18:41:43,1.000000,49999.999445,-1.110e-08,35.327,284.667,1.925,calibration
NH1,16225657450000,515479367.5,2016-05-02T16:41:39,1.000000,49999.999413,-1.175e-08,35.334,284.669,1.925,calibration
NH1,16228899600000,515544210.5,2016-05-03T10:42:22,1.000000,49999.999400,-1.200e-08,35.340,284.670,1.925,calibration
NH1,16234477900000,515655776.5,2016-05-04T17:41:48,1.000000,49999.999424,-1.153e-08,35.351,284.673,1.925,calibration
NH1,16237539800000,515717014.5,2016-05-05T10:42:26,1.000000,49999.999396,-1.208e-08,35.357,284.674,1.925,calibration
NH1,16241859500000,515803408.5,2016-05-06T10:42:20,1.000000,49999.999405,-1.191e-08,35.365,284.676,1.925,calibration
NH1,16247619100000,515918600.5,2016-05-07T18:42:12,1.000000,49999.999414,-1.173e-08,35.376,284.678,1.925,calibration
NH1,16251398400000,515994186.5,2016-05-08T15:41:58,1.000000,49999.999403,-1.194e-08,35.383,284.680,1.925,calibration
NH1,16253378450000,516033787.5,2016-05-09T02:41:59,1.000000,49999.999410,-1.180e-08,35.387,284.681,1.925,calibration
NH1,16260218750000,516170593.5,2016-05-10T16:42:05,1.000000,49999.999399,-1.203e-08,35.400,284.684,1.925,calibration
NH1,16264899700000,516264212.6,2016-05-11T18:42:24,1.000000,49999.999418,-1.164e-08,35.409,284.686,1.925,calibration
NH1,16268498950000,516336197.6,2016-05-12T14:42:09,1.000000,49999.999394,-1.213e-08,35.416,284.687,1.925,calibration
NH1,16273539900000,516437016.6,2016-05-13T18:42:28,1.000000,49999.999414,-1.172e-08,35.426,284.690,1.925,calibration
NH1,16277860100000,516523420.6,2016-05-14T18:42:32,1.000000,49999.999398,-1.205e-08,35.434,284.691,1.925,calibration
NH1,16282180100000,516609820.6,2016-05-15T18:42:32,1.000000,49999.999413,-1.175e-08,35.442,284.693,1.925,calibration
NH1,16285959500000,516685408.6,2016-05-16T15:42:20,1.000000,49999.999404,-1.193e-08,35.449,284.695,1.925,calibration
NH1,16290099500000,516768208.6,2016-05-17T14:42:20,1.000000,49999.999403,-1.194e-08,35.457,284.697,1.925,calibration
NH1,16294960000000,516865418.6,2016-05-18T17:42:30,1.000000,49999.999398,-1.205e-08,35.467,284.699,1.925,calibration
NH1,16299280150000,516951821.6,2016-05-19T17:42:33,1.000000,49999.999405,-1.189e-08,35.475,284.701,1.925,calibration
NH1,16303600300000,517038224.6,2016-05-20T17:42:36,1.000000,49999.999405,-1.191e-08,35.483,284.703,1.925,calibration
NH1,16307379950000,517113817.6,2016-05-21T14:42:29,1.000000,49999.999402,-1.197e-08,35.490,284.704,1.925,calibration
NH1,16312060250000,517207423.6,2016-05-22T16:42:35,1.000000,49999.999405,-1.191e-08,35.499,284.706,1.926,calibration
NH1,16316020150000,517286621.6,2016-05-23T14:42:33,1.000000,49999.999416,-1.168e-08,35.507,284.708,1.926,calibration
NH1,16321077400000,517387766.6,2016-05-24T18:48:18,1.000000,49999.999389,-1.223e-08,35.516,284.710,1.926,calibration
NH1,16325201100000,517470240.6,2016-05-25T17:42:52,1.000000,49999.999406,-1.187e-08,35.524,284.712,1.926,calibration
NH1,16329160450000,517549427.6,2016-05-26T15:42:39,1.000000,49999.999393,-1.215e-08,35.532,284.714,1.926,calibration
NH1,16333841350000,517643045.6,2016-05-27T17:42:57,1.000000,49999.999429,-1.143e-08,35.541,284.716,1.926,calibration
NH1,16338341350000,517733045.6,2016-05-28T18:42:57,1.000000,49999.999399,-1.202e-08,35.549,284.718,1.926,calibration
NH1,16342718500000,517820588.6,2016-05-29T19:02:00,1.000000,49999.999416,-1.168e-08,35.558,284.719,1.926,calibration
NH1,16347058400000,517907386.6,2016-05-30T19:08:38,1.000000,49999.999370,-1.261e-08,35.566,284.721,1.926,calibration
NH1,16350580650000,517977831.6,2016-05-31T14:42:43,1.000000,49999.999393,-1.214e-08,35.573,284.723,1.926,calibration
NH1,16355261050000,518071439.6,2016-06-01T16:42:51,1.000000,49999.999418,-1.165e-08,35.582,284.725,1.926,calibration
NH1,16359952750000,518165273.6,2016-06-02T18:46:45,1.000000,49999.999383,-1.235e-08,35.591,284.727,1.926,calibration
NH1,16363901300000,518244244.6,2016-06-03T16:42:56,1.000000,49999.999413,-1.174e-08,35.598,284.728,1.926,calibration
NH1,16367860850000,518323435.6,2016-06-04T14:42:47,1.000000,49999.999396,-1.209e-08,35.606,284.730,1.926,calibration
NH1,16372541500000,518417048.6,2016-06-05T16:43:00,1.000000,49999.999407,-1.186e-08,35.615,284.732,1.926,calibration
NH1,16376861550000,518503449.6,2016-06-06T16:43:01,1.000000,49999.999415,-1.171e-08,35.623,284.734,1.926,calibration
NH1,16381581100000,518597840.6,2016-06-07T18:56:12,1.000000,49999.999397,-1.206e-08,35.632,284.736,1.926,calibration
NH1,16385861450000,518683447.6,2016-06-08T18:42:59,1.000000,49999.999410,-1.181e-08,35.640,284.738,1.926,calibration
NH1,16390181300000,518769844.6,2016-06-09T18:42:56,1.000000,49999.999396,-1.209e-08,35.648,284.740,1.926,calibration
NH1,16394501450000,518856247.6,2016-06-10T18:42:59,1.000000,49999.999401,-1.198e-08,35.656,284.742,1.926,calibration
NH1,16398821250000,518942643.6,2016-06-11T18:42:55,1.000000,49999.999405,-1.191e-08,35.665,284.743,1.926,calibration
NH1,16403141500000,519029048.6,2016-06-12T18:43:00,1.000000,49999.999370,-1.261e-08,35.673,284.745,1.926,calibration
NH1,16406560600000,519097430.6,2016-06-13T13:42:42,1.000000,49999.999419,-1.163e-08,35.679,284.747,1.926,calibration
NH1,16411781300000,519201844.6,2016-06-14T18:42:56,1.000000,49999.999393,-1.214e-08,35.689,284.749,1.926,calibration
NH1,16416101000000,519288238.6,2016-06-15T18:42:50,1.000000,49999.999388,-1.225e-08,35.698,284.751,1.926,calibration
NH1,16419880900000,519363836.6,2016-06-16T15:42:48,1.000000,49999.999399,-1.203e-08,35.705,284.752,1.926,calibration
NH1,16422760850000,519421435.6,2016-06-17T07:42:47,1.000000,49999.999400,-1.200e-08,35.710,284.754,1.926,calibration
NH1,16428340550000,519533029.6,2016-06-18T14:42:41,1.000000,49999.999401,-1.198e-08,35.721,284.756,1.927,calibration
NH1,16432660350000,519619425.6,2016-06-19T14:42:37,1.000000,49999.999400,-1.201e-08,35.729,284.758,1.927,calibration
NH1,16436800150000,519702221.6,2016-06-20T13:42:33,1.000000,49999.999398,-1.204e-08,35.737,284.760,1.927,calibration
NH1,16441300250000,519792223.6,2016-06-21T14:42:35,1.000000,49999.999403,-1.194e-08,35.746,284.762,1.927,calibration
NH1,16445800600000,519882230.6,2016-06-22T15:42:42,1.000000,49999.999412,-1.176e-08,35.754,284.764,1.927,calibration
NH1,16449219750000,519950613.6,2016-06-23T10:42:25,1.000000,49999.999405,-1.190e-08,35.761,284.765,1.927,calibration
NH1,16455054550000,520067309.6,2016-06-24T19:07:21,1.000000,49999.999397,-1.206e-08,35.772,284.767,1.927,calibration
NH1,16459300000000,520152218.6,2016-06-25T18:42:30,1.000000,49999.999401,-1.198e-08,35.780,284.769,1.927,calibration
NH1,16463619900000,520238616.6,2016-06-26T18:42:28,1.000000,49999.999405,-1.189e-08,35.788,284.771,1.927,calibration
NH1,16467984300000,520325904.6,2016-06-27T18:57:16,1.000000,49999.999397,-1.207e-08,35.796,284.773,1.927,calibration
NH1,16472288950000,520411997.6,2016-06-28T18:52:09,1.000000,49999.999382,-1.236e-08,35.805,284.775,1.927,calibration
NH1,16476039750000,520487013.6,2016-06-29T15:42:25,1.000000,49999.999394,-1.212e-08,35.812,284.776,1.927,calibration
NH1,16480359500000,520573408.6,2016-06-30T15:42:20,1.000000,49999.999404,-1.193e-08,35.820,284.778,1.927,calibration
NH1,16484318900000,520652596.6,2016-07-01T13:42:08,1.000000,49999.999415,-1.171e-08,35.828,284.780,1.927,calibration
NH1,16489618400000,520758586.6,2016-07-02T19:08:38,1.000000,49999.999407,-1.186e-08,35.838,284.782,1.927,calibration
NH1,16493858750000,520843393.6,2016-07-03T18:42:05,1.000000,49999.999379,-1.243e-08,35.846,284.784,1.927,calibration
NH1,16497458400000,520915386.6,2016-07-04T14:41:58,1.000000,49999.999393,-1.214e-08,35.853,284.785,1.927,calibration
NH1,16501778750000,521001793.6,2016-07-05T14:42:05,1.000000,49999.999411,-1.179e-08,35.861,284.787,1.927,calibration
NH1,16505557700000,521077372.6,2016-07-06T11:41:44,1.000000,49999.999396,-1.208e-08,35.868,284.789,1.927,calibration
NH1,16510237700000,521170972.6,2016-07-07T13:41:44,1.000000,49999.999405,-1.189e-08,35.877,284.791,1.927,calibration
NH1,16514738050000,521260979.6,2016-07-08T14:41:51,1.000000,49999.999393,-1.214e-08,35.886,284.793,1.927,calibration
NH1,16518697150000,521340161.6,2016-07-09T12:41:33,1.000000,49999.999399,-1.203e-08,35.893,284.794,1.927,calibration
NH1,16523378350000,521433785.6,2016-07-10T14:41:57,1.000000,49999.999409,-1.182e-08,35.902,284.796,1.927,calibration
NH1,16526078050000,521487779.6,2016-07-11T05:41:51,1.000000,49999.999404,-1.192e-08,35.907,284.798,1.927,calibration
NH1,16532018200000,521606582.6,2016-07-12T14:41:54,1.000000,49999.999412,-1.177e-08,35.919,284.800,1.927,calibration
NH1,16537057300000,521707364.6,2016-07-13T18:41:36,1.000000,49999.999299,-1.403e-08,35.928,284.802,1.927,calibration
NH1,16537777050000,521721759.6,2016-07-13T22:41:31,1.000000,49999.999404,-1.193e-08,35.930,284.802,1.927,calibration
NH1,16543356850000,521833355.6,2016-07-15T05:41:27,1.000000,49999.999403,-1.194e-08,35.940,284.805,1.927,calibration
NH1,16551815650000,522002531.6,2016-07-17T04:41:03,1.000000,49999.999399,-1.202e-08,35.956,284.808,1.928,calibration
NH1,16557755000000,522121318.6,2016-07-18T13:40:50,1.000000,49999.999397,-1.207e-08,35.968,284.811,1.928,calibration
NH1,16566394800000,522294114.6,2016-07-20T13:40:46,1.000000,49999.999405,-1.189e-08,35.984,284.815,1.928,calibration
NH1,16570714500000,522380508.6,2016-07-21T13:40:40,1.000000,49999.999224,-1.553e-08,35.992,284.816,1.928,calibration
NH1,16575034150000,522466901.6,2016-07-22T13:40:33,1.000000,49999.999399,-1.203e-08,36.000,284.818,1.928,calibration
NH1,16579353850000,522553295.6,2016-07-23T13:40:27,1.000000,49999.999405,-1.191e-08,36.009,284.820,1.928,calibration
NH1,16583673500000,522639688.6,2016-07-24T13:40:20,1.000000,49999.999396,-1.208e-08,36.017,284.822,1.928,calibration
NH1,16587993150000,522726081.6,2016-07-25T13:40:13,1.000000,49999.999399,-1.203e-08,36.025,284.824,1.928,calibration
NH1,16592312800000,522812474.6,2016-07-26T13:40:06,1.000000,49999.999402,-1.197e-08,36.033,284.825,1.928,calibration
NH1,16596632400000,522898866.6,2016-07-27T13:39:58,1.000000,49999.999400,-1.200e-08,36.042,284.827,1.928,calibration
NH1,16600952100000,522985260.6,2016-07-28T13:39:52,1.000000,49999.999401,-1.198e-08,36.050,284.829,1.928,calibration
NH1,16605271700000,523071652.6,2016-07-29T13:39:44,1.000000,49999.999406,-1.187e-08,36.058,284.831,1.928,calibration
NH1,16609593300000,523158084.6,2016-07-30T13:40:16,1.000000,49999.999395,-1.210e-08,36.066,284.833,1.928,calibration
NH1,16613730500000,523240828.6,2016-07-31T12:39:20,1.000000,49999.999402,-1.196e-08,36.074,284.834,1.928,calibration
NH1,16618050250000,523327223.6,2016-08-01T12:39:15,1.000000,49999.999404,-1.192e-08,36.082,284.836,1.928,calibration
NH1,16622189600000,523410010.6,2016-08-02T11:39:02,1.000000,49999.999395,-1.210e-08,36.090,284.838,1.928,calibration
NH1,16626329150000,523492801.6,2016-08-03T10:38:53,1.000000,49999.999405,-1.190e-08,36.098,284.840,1.928,calibration
NH1,16630468650000,523575591.6,2016-08-04T09:38:43,1.000000,49999.999405,-1.189e-08,36.106,284.841,1.928,calibration
NH1,16635328900000,523672796.6,2016-08-05T12:38:48,1.000000,49999.999392,-1.216e-08,36.115,284.843,1.928,calibration
NH1,16639468200000,523755582.6,2016-08-06T11:38:34,1.000000,49999.999407,-1.186e-08,36.123,284.845,1.928,calibration
NH1,16643968100000,523845580.6,2016-08-07T12:38:32,1.000000,49999.999415,-1.171e-08,36.132,284.847,1.928,calibration
NH1,16647929450000,523924807.6,2016-08-08T10:38:59,1.000000,49999.999394,-1.212e-08,36.139,284.849,1.928,calibration
NH1,16652426750000,524014753.6,2016-08-09T11:38:05,1.000000,49999.999400,-1.200e-08,36.148,284.851,1.928,calibration
NH1,16656926900000,524104756.6,2016-08-10T12:38:08,1.000000,49999.999396,-1.208e-08,36.156,284.852,1.928,calibration
NH1,16661065950000,524187537.6,2016-08-11T11:37:49,1.000000,49999.999418,-1.164e-08,36.164,284.854,1.928,calibration
NH1,16664845200000,524263122.6,2016-08-12T08:37:34,1.000000,49999.999406,-1.187e-08,36.172,284.856,1.928,calibration
NH1,16670967550000,524385569.6,2016-08-13T18:38:21,1.000000,49999.999397,-1.207e-08,36.183,284.858,1.929,calibration
NH1,16675285750000,524471933.6,2016-08-14T18:37:45,1.000000,49999.999387,-1.226e-08,36.191,284.860,1.929,calibration
NH1,16678344150000,524533101.6,2016-08-15T11:37:13,1.000000,49999.999408,-1.183e-08,36.197,284.861,1.929,calibration
NH1,16682663650000,524619491.6,2016-08-16T11:37:03,1.000000,49999.999408,-1.184e-08,36.205,284.863,1.929,calibration
NH1,16685543400000,524677086.6,2016-08-17T03:36:58,1.000000,49999.999402,-1.197e-08,36.211,284.864,1.929,calibration
NH1,16691122450000,524788667.7,2016-08-18T10:36:39,1.000000,49999.999406,-1.188e-08,36.222,284.867,1.929,calibration
NH1,16695622650000,524878671.7,2016-08-19T11:36:43,1.000000,49999.999405,-1.191e-08,36.230,284.868,1.929,calibration
NH1,16701201900000,524990256.7,2016-08-20T18:36:28,1.000000,49999.999414,-1.172e-08,36.241,284.871,1.929,calibration
NH1,16705161800000,525069454.7,2016-08-21T16:36:26,1.000000,49999.999395,-1.211e-08,36.248,284.872,1.929,calibration
NH1,16708040350000,525127025.7,2016-08-22T08:35:57,1.000000,49999.999401,-1.198e-08,36.254,284.874,1.929,calibration
NH1,16712900600000,525224230.7,2016-08-23T11:36:02,1.000000,49999.999405,-1.190e-08,36.263,284.876,1.929,calibration
NH1,16718480250000,525335823.7,2016-08-24T18:35:55,1.000000,49999.999412,-1.177e-08,36.274,284.878,1.929,calibration
NH1,16722799800000,525422214.7,2016-08-25T18:35:46,1.000000,49999.999402,-1.196e-08,36.282,284.880,1.929,calibration
NH1,16727119300000,525508604.7,2016-08-26T18:35:36,1.000000,49999.999394,-1.213e-08,36.290,284.882,1.929,calibration
NH1,16728558200000,525537382.7,2016-08-27T02:35:14,1.000000,49999.999405,-1.190e-08,36.293,284.882,1.929,calibration
NH1,16734497950000,525656177.7,2016-08-28T11:35:09,1.000000,49999.999409,-1.182e-08,36.304,284.885,1.929,calibration
NH1,16738817300000,525742564.7,2016-08-29T11:34:56,1.000000,49999.999405,-1.189e-08,36.312,284.886,1.929,calibration
NH1,16742956350000,525825345.7,2016-08-30T10:34:37,1.000000,49999.999405,-1.190e-08,36.320,284.888,1.929,calibration
NH1,16747275750000,525911733.7,2016-08-31T10:34:25,1.000000,49999.999405,-1.190e-08,36.328,284.890,1.929,calibration
NH1,16751595350000,525998125.7,2016-09-01T10:34:17,1.000000,49999.999405,-1.190e-08,36.337,284.892,1.929,calibration
NH1,16755734550000,526080909.7,2016-09-02T09:34:01,1.000000,49999.999411,-1.179e-08,36.345,284.893,1.929,calibration
NH1,16760234650000,526170911.7,2016-09-03T10:34:03,1.000000,49999.999408,-1.184e-08,36.353,284.895,1.929,calibration
NH1,16764554000000,526257298.7,2016-09-04T10:33:50,1.000000,49999.999409,-1.182e-08,36.361,284.897,1.929,calibration
NH1,16768873400000,526343686.7,2016-09-05T10:33:38,1.000000,49999.999404,-1.193e-08,36.370,284.899,1.929,calibration
NH1,16773192800000,526430074.7,2016-09-06T10:33:26,1.000000,49999.999416,-1.168e-08,36.378,284.901,1.929,calibration
NH1,16777331800000,526512854.7,2016-09-07T09:33:06,1.000000,49999.999404,-1.193e-08,36.386,284.902,1.929,calibration
NH1,16781831750000,526602853.7,2016-09-08T10:33:05,1.000000,49999.999426,-1.148e-08,36.394,284.904,1.929,calibration
NH1,16787591350000,526718045.7,2016-09-09T18:32:57,1.000000,49999.999371,-1.259e-08,36.405,284.906,1.929,calibration
NH1,16789929750000,526764813.7,2016-09-10T07:32:25,1.000000,49999.999415,-1.170e-08,36.410,284.907,1.929,calibration
NH1,16794069250000,526847603.7,2016-09-11T06:32:15,1.000000,49999.999406,-1.187e-08,36.418,284.909,1.930,calibration
NH1,16799109300000,526948404.7,2016-09-12T10:32:16,1.000000,49999.999415,-1.171e-08,36.427,284.911,1.930,calibration
NH1,16803428700000,527034792.7,2016-09-13T10:32:04,1.000000,49999.999406,-1.188e-08,36.435,284.913,1.930,calibration
NH1,16807748100000,527121180.7,2016-09-14T10:31:52,1.000000,49999.999408,-1.183e-08,36.444,284.915,1.930,calibration
NH1,16812067500000,527207568.7,2016-09-15T10:31:40,1.000000,49999.999407,-1.186e-08,36.452,284.917,1.930,calibration
NH1,16816206500000,527290348.7,2016-09-16T09:31:20,1.000000,49999.999419,-1.162e-08,36.460,284.918,1.930,calibration
NH1,16820525750000,527376733.7,2016-09-17T09:31:05,1.000000,49999.999418,-1.165e-08,36.468,284.920,1.930,calibration
NH1,16826287700000,527491972.7,2016-09-18T17:31:45,1.000000,49999.999389,-1.222e-08,36.479,284.922,1.930,calibration
NH1,16829165050000,527549519.7,2016-09-19T09:30:52,1.000000,49999.999412,-1.176e-08,36.484,284.924,1.930,calibration
NH1,16833304600000,527632310.7,2016-09-20T08:30:43,1.000000,49999.999422,-1.156e-08,36.492,284.925,1.930,calibration
NH1,16837803700000,527722292.7,2016-09-21T09:30:25,1.000000,49999.999403,-1.194e-08,36.501,284.927,1.930,calibration
NH1,16841942600000,527805070.7,2016-09-22T08:30:03,1.000000,49999.999418,-1.165e-08,36.509,284.929,1.930,calibration
NH1,16846262050000,527891459.7,2016-09-23T08:29:52,1.000000,49999.999413,-1.175e-08,36.517,284.930,1.930,calibration
NH1,16850401250000,527974243.7,2016-09-24T07:29:36,1.000000,49999.999415,-1.170e-08,36.525,284.932,1.930,calibration
NH1,16855081400000,528067846.7,2016-09-25T09:29:39,1.000000,49999.999408,-1.184e-08,36.534,284.934,1.930,calibration
NH1,16859400850000,528154235.7,2016-09-26T09:29:28,1.000000,49999.999419,-1.162e-08,36.542,284.936,1.930,calibration
NH1,16863539650000,528237011.7,2016-09-27T08:29:04,1.000000,49999.999417,-1.166e-08,36.550,284.938,1.930,calibration
NH1,16867859050000,528323399.7,2016-09-28T08:28:52,1.000000,49999.999407,-1.185e-08,36.558,284.939,1.930,calibration
NH1,16872178400000,528409786.7,2016-09-29T08:28:39,1.000000,49999.999419,-1.162e-08,36.566,284.941,1.930,calibration
NH1,16876497750000,528496173.7,2016-09-30T08:28:26,1.000000,49999.999432,-1.136e-08,36.574,284.943,1.930,calibration
NH1,16882617300000,528618564.7,2016-10-01T18:28:17,1.000000,49999.999411,-1.178e-08,36.586,284.945,1.930,calibration
NH1,16886936700000,528704952.7,2016-10-02T18:28:05,1.000000,49999.999391,-1.218e-08,36.594,284.947,1.930,calibration
NH1,16889456300000,528755344.7,2016-10-03T08:27:57,1.000000,49999.999419,-1.162e-08,36.599,284.948,1.930,calibration
NH1,16895215750000,528870533.7,2016-10-04T16:27:46,1.000000,49999.999404,-1.192e-08,36.610,284.950,1.930,calibration
NH1,16896654850000,528899315.7,2016-10-05T00:27:28,1.000000,49999.999415,-1.171e-08,36.613,284.951,1.930,calibration
NH1,16902414350000,529014505.7,2016-10-06T08:27:18,1.000000,49999.999436,-1.129e-08,36.624,284.953,1.930,calibration
NH1,16908533600000,529136890.7,2016-10-07T18:27:03,1.000000,49999.999397,-1.206e-08,36.635,284.956,1.930,calibration
NH1,16912493400000,529216086.7,2016-10-08T16:26:59,1.000000,49999.999409,-1.182e-08,36.643,284.957,1.930,calibration
NH1,16915192050000,529270059.7,2016-10-09T07:26:32,1.000000,49999.999427,-1.147e-08,36.648,284.959,1.930,calibration
NH1,16920951750000,529385253.7,2016-10-10T15:26:26,1.000000,49999.999417,-1.166e-08,36.659,284.961,1.931,calibration
NH1,16925271150000,529471641.7,2016-10-11T15:26:14,1.000000,49999.999416,-1.169e-08,36.667,284.963,1.931,calibration
NH1,16929590900000,529558036.7,2016-10-12T15:26:09,1.000000,49999.999422,-1.156e-08,36.675,284.964,1.931,calibration
NH1,16933910200000,529644422.7,2016-10-13T15:25:55,1.000000,49999.999427,-1.146e-08,36.684,284.966,1.931,calibration
NH1,16938853750000,529743293.7,2016-10-14T18:53:46,1.000000,49999.999415,-1.171e-08,36.693,284.968,1.931,calibration
NH1,16943088350000,529827985.7,2016-10-15T18:25:18,1.000000,49999.999361,-1.278e-08,36.701,284.970,1.931,calibration
NH1,16943987900000,529845976.7,2016-10-15T23:25:09,1.000000,49999.999422,-1.157e-08,36.703,284.970,1.931,calibration
NH1,16949747050000,529961159.7,2016-10-17T07:24:52,1.000000,49999.999431,-1.139e-08,36.714,284.973,1.931,calibration
NH1,16956046500000,530087148.7,2016-10-18T18:24:41,1.000000,49999.999382,-1.236e-08,36.726,284.975,1.931,calibration
NH1,16958388150000,530133981.7,2016-10-19T07:25:14,1.000000,49999.999431,-1.139e-08,36.730,284.976,1.931,calibration
NH1,16964145800000,530249134.7,2016-10-20T15:24:27,1.000000,49999.999423,-1.155e-08,36.741,284.978,1.931,calibration
NH1,16968467050000,530335559.7,2016-10-21T15:24:52,1.000000,49999.999423,-1.154e-08,36.749,284.980,1.931,calibration
NH1,16973324050000,530432699.7,2016-10-22T18:23:52,1.000000,49999.999413,-1.174e-08,36.758,284.982,1.931,calibration
NH1,16976923700000,530504692.7,2016-10-23T14:23:45,1.000000,49999.999424,-1.153e-08,36.765,284.984,1.931,calibration
NH1,16981423350000,530594685.7,2016-10-24T15:23:38,1.000000,49999.999431,-1.139e-08,36.774,284.985,1.931,calibration
NH1,16985562350000,530677465.7,2016-10-25T14:23:18,1.000000,49999.999420,-1.161e-08,36.782,284.987,1.931,calibration
NH1,16989881900000,530763856.7,2016-10-26T14:23:09,1.000000,49999.999425,-1.151e-08,36.790,284.989,1.931,calibration
NH1,16998522950000,530936677.7,2016-10-28T14:23:30,1.000000,49999.999426,-1.149e-08,36.806,284.992,1.931,calibration
NH1,17003559750000,531037413.7,2016-10-29T18:22:26,1.000000,49999.999389,-1.223e-08,36.816,284.994,1.931,calibration
NH1,17005718950000,531080597.7,2016-10-30T06:22:10,1.000000,49999.999436,-1.129e-08,36.820,284.995,1.931,calibration
NH1,17012198550000,531210189.7,2016-10-31T18:22:02,1.000000,49999.999421,-1.159e-08,36.832,284.998,1.931,calibration
NH1,17016517950000,531296577.7,2016-11-01T18:21:50,1.000000,49999.999430,-1.141e-08,36.841,284.999,1.931,calibration
NH1,17020837400000,531382966.7,2016-11-02T18:21:39,1.000000,49999.999416,-1.169e-08,36.849,285.001,1.931,calibration
NH1,17024437250000,531454963.7,2016-11-03T14:21:36,1.000000,49999.999422,-1.156e-08,36.856,285.003,1.931,calibration
NH1,17028756850000,531541355.7,2016-11-04T14:21:28,1.000000,49999.999432,-1.137e-08,36.864,285.004,1.931,calibration
NH1,17033076200000,531627742.7,2016-11-05T14:21:15,1.000000,49999.999426,-1.148e-08,36.872,285.006,1.931,calibration
NH1,17037395650000,531714131.7,2016-11-06T14:21:04,1.000000,49999.999422,-1.156e-08,36.880,285.008,1.931,calibration
NH1,17041715000000,531800518.7,2016-11-07T14:20:51,1.000000,49999.999418,-1.165e-08,36.888,285.010,1.931,calibration
NH1,17044594200000,531858102.7,2016-11-08T06:20:35,1.000000,49999.999433,-1.134e-08,36.894,285.011,1.931,calibration
NH1,17051076150000,531987741.7,2016-11-09T18:21:14,1.000000,49999.999420,-1.161e-08,36.906,285.013,1.932,calibration
NH1,17054673400000,532059686.7,2016-11-10T14:20:19,1.000000,49999.999420,-1.160e-08,36.913,285.015,1.932,calibration
NH1,17057372150000,532113661.7,2016-11-11T05:19:54,1.000000,49999.999427,-1.146e-08,36.918,285.016,1.932,calibration
NH1,17065830700000,532282832.7,2016-11-13T04:19:25,1.000000,49999.999439,-1.122e-08,36.934,285.019,1.932,calibration
NH1,17072670650000,532419631.7,2016-11-14T18:19:24,1.000000,49999.999424,-1.152e-08,36.947,285.022,1.932,calibration
NH1,17076990050000,532506019.7,2016-11-15T18:19:12,1.000000,49999.999417,-1.167e-08,36.955,285.024,1.932,calibration
NH1,17080410050000,532574419.7,2016-11-16T13:19:12,1.000000,49999.999431,-1.139e-08,36.962,285.025,1.932,calibration
NH1,17094268050000,532851579.7,2016-11-19T18:18:32,1.000000,49999.999422,-1.156e-08,36.988,285.031,1.932,calibration
NH1,17096067950000,532887577.7,2016-11-20T04:18:30,1.000000,49999.999436,-1.129e-08,36.992,285.031,1.932,calibration
NH1,17102907000000,533024358.7,2016-11-21T18:18:11,1.000000,49999.999423,-1.155e-08,37.005,285.034,1.932,calibration
NH1,17106327000000,533092758.7,2016-11-22T13:18:11,1.000000,49999.999418,-1.165e-08,37.011,285.035,1.932,calibration
NH1,17109025850000,533146735.7,2016-11-23T04:17:48,1.000000,49999.999431,-1.139e-08,37.016,285.036,1.932,calibration
NH1,17124504550000,533456309.8,2016-11-26T18:17:22,1.000000,49999.999507,-9.870e-09,37.046,285.043,1.932,calibration
NH1,17124864200000,533463502.8,2016-11-26T20:17:15,1.000000,49999.999428,-1.144e-08,37.046,285.043,1.932,calibration
NH1,17133143650000,533629091.8,2016-11-28T18:17:04,1.000000,49999.999447,-1.106e-08,37.062,285.046,1.932,calibration
NH1,17137103200000,533708282.8,2016-11-29T16:16:55,1.000000,49999.999399,-1.202e-08,37.070,285.048,1.932,calibration
NH1,17139262500000,533751468.8,2016-11-30T04:16:41,1.000000,49999.999438,-1.124e-08,37.074,285.048,1.932,calibration
NH1,17150424750000,533974713.8,2016-12-02T18:17:26,1.000000,49999.999413,-1.175e-08,37.095,285.053,1.932,calibration
NH1,17151143600000,533989090.8,2016-12-02T22:17:03,1.000000,49999.999422,-1.156e-08,37.096,285.053,1.932,calibration
NH1,17155820200000,534082622.8,2016-12-04T00:15:55,1.000000,49999.999432,-1.136e-08,37.105,285.055,1.932,calibration
NH1,17167744750000,534321113.8,2016-12-06T18:30:46,1.000000,49999.999429,-1.143e-08,37.128,285.060,1.932,calibration
NH1,17172019850000,534406615.8,2016-12-07T18:15:48,1.000000,49999.999428,-1.144e-08,37.136,285.061,1.932,calibration
NH1,17175259800000,534471414.8,2016-12-08T12:15:47,1.000000,49999.999439,-1.122e-08,37.142,285.063,1.932,calibration
NH1,17180659050000,534579399.8,2016-12-09T18:15:32,1.000000,49999.999437,-1.127e-08,37.152,285.065,1.933,calibration
NH1,17184978600000,534665790.8,2016-12-10T18:15:23,1.000000,49999.999433,-1.135e-08,37.161,285.066,1.933,calibration
NH1,17189298300000,534752184.8,2016-12-11T18:15:17,1.000000,49999.999345,-1.311e-08,37.169,285.068,1.933,calibration
NH1,17189477500000,534755768.8,2016-12-11T19:15:01,1.000000,49999.999424,-1.152e-08,37.169,285.068,1.933,calibration
NH1,17195417700000,534874572.8,2016-12-13T04:15:05,1.000000,49999.999440,-1.120e-08,37.180,285.071,1.933,calibration
NH1,17210898900000,535184196.8,2016-12-16T18:15:29,1.000000,49999.999425,-1.151e-08,37.210,285.077,1.933,calibration
NH1,17215216200000,535270542.8,2016-12-17T18:14:35,1.000000,49999.999330,-1.340e-08,37.218,285.078,1.933,calibration
NH1,17215395350000,535274125.8,2016-12-17T19:14:18,1.000000,49999.999435,-1.131e-08,37.218,285.078,1.933,calibration
NH1,17227997550000,535526169.8,2016-12-20T17:15:02,1.000000,49999.999432,-1.137e-08,37.242,285.083,1.933,calibration
NH1,17235554650000,535677311.8,2016-12-22T11:14:04,1.000000,49999.999432,-1.136e-08,37.257,285.086,1.933,calibration
NH1,17241134150000,535788901.8,2016-12-23T18:13:54,1.000000,49999.999432,-1.136e-08,37.267,285.089,1.933,calibration
NH1,17242753950000,535821297.8,2016-12-24T03:13:50,1.000000,49999.999433,-1.134e-08,37.270,285.089,1.933,calibration
NH1,17256972900000,536105676.8,2016-12-27T10:13:29,1.000000,49999.999443,-1.115e-08,37.297,285.095,1.933,calibration
NH1,17262372650000,536213671.8,2016-12-28T16:13:24,1.000000,49999.999399,-1.203e-08,37.308,285.097,1.933,calibration
NH1,17264171900000,536249656.8,2016-12-29T02:13:09,1.000000,49999.999436,-1.128e-08,37.311,285.098,1.933,calibration
NH1,17268675600000,536339730.8,2016-12-30T03:14:23,1.000000,49999.999435,-1.131e-08,37.320,285.099,1.933,calibration
NH1,17305931000000,537084839.8,2017-01-07T18:12:51,1.000000,49999.999436,-1.129e-08,37.390,285.114,1.933,calibration
NH1,17314570800000,537257635.8,2017-01-09T18:12:47,1.000000,49999.999442,-1.117e-08,37.407,285.117,1.934,calibration
NH1,17321409500000,537394409.8,2017-01-11T08:12:21,1.000000,49999.999433,-1.134e-08,37.420,285.120,1.934,calibration
NH1,17330229700000,537570813.8,2017-01-13T09:12:25,1.000000,49999.999438,-1.124e-08,37.436,285.123,1.934,calibration
NH1,17343008800000,537826395.8,2017-01-16T08:12:07,1.000000,49999.999439,-1.122e-08,37.461,285.128,1.934,calibration
NH1,17351108400000,537988387.8,2017-01-18T05:11:59,1.000000,49999.999425,-1.151e-08,37.476,285.132,1.934,calibration
NH1,17357589400000,538118007.8,2017-01-19T17:12:19,1.000000,49999.999454,-1.092e-08,37.488,285.134,1.934,calibration
NH1,17360108300000,538168385.8,2017-01-20T07:11:57,1.000000,49999.999435,-1.131e-08,37.493,285.135,1.934,calibration
NH1,17373248350000,538431186.8,2017-01-23T08:11:58,1.000000,49999.999428,-1.145e-08,37.518,285.140,1.934,calibration
NH1,17380629850000,538578816.8,2017-01-25T01:12:28,1.000000,49999.999432,-1.137e-08,37.532,285.143,1.934,calibration
NH1,17384949450000,538665208.8,2017-01-26T01:12:20,1.000000,49999.999450,-1.100e-08,37.540,285.145,1.934,calibration
NH1,17391428700000,538794793.8,2017-01-27T13:12:05,1.000000,49999.999431,-1.138e-08,37.552,285.147,1.934,calibration
NH1,17400968800000,538985595.8,2017-01-29T18:12:07,1.000000,49999.999435,-1.130e-08,37.571,285.151,1.934,calibration
NH1,17404570800000,539057635.8,2017-01-30T14:12:47,1.000000,49999.999437,-1.127e-08,37.577,285.152,1.934,calibration
NH1,17409608700000,539158393.8,2017-01-31T18:12:05,1.000000,49999.999445,-1.110e-08,37.587,285.154,1.934,calibration
NH1,17413928750000,539244794.8,2017-02-01T18:12:06,1.000000,49999.999419,-1.163e-08,37.595,285.156,1.934,calibration
NH1,17416447850000,539295176.8,2017-02-02T08:11:48,1.000000,49999.999437,-1.127e-08,37.600,285.157,1.934,calibration
NH1,17431211050000,539590440.8,2017-02-05T18:12:52,1.000000,49999.999419,-1.162e-08,37.628,285.162,1.934,calibration
NH1,17435168750000,539669594.8,2017-02-06T16:12:06,1.000000,49999.999438,-1.124e-08,37.635,285.164,1.934,calibration
NH1,17447994150000,539926102.8,2017-02-09T15:27:14,1.000000,49999.999422,-1.157e-08,37.660,285.169,1.935,calibration
NH1,17452810950000,540022438.8,2017-02-10T18:12:50,1.000000,49999.999437,-1.126e-08,37.669,285.171,1.935,calibration
NH1,17457131200000,540108843.8,2017-02-11T18:12:55,1.000000,49999.999429,-1.142e-08,37.677,285.172,1.935,calibration
NH1,17461448300000,540195185.8,2017-02-12T18:11:57,1.000000,49999.999436,-1.128e-08,37.685,285.174,1.935,calibration
NH1,17463788150000,540241982.8,2017-02-13T07:11:54,1.000000,49999.999430,-1.140e-08,37.690,285.175,1.935,calibration
NH1,17474408500000,540454389.8,2017-02-15T18:12:01,1.000000,49999.999408,-1.184e-08,37.710,285.179,1.935,calibration
NH1,17475307850000,540472376.8,2017-02-15T23:11:48,1.000000,49999.999442,-1.117e-08,37.712,285.179,1.935,calibration
NH1,17480528050000,540576780.8,2017-02-17T04:11:52,1.000000,49999.999422,-1.156e-08,37.721,285.181,1.935,calibration
NH1,17485388550000,540673990.8,2017-02-18T07:12:02,1.000000,49999.999430,-1.141e-08,37.731,285.183,1.935,calibration
NH1,17495472100000,540875661.8,2017-02-20T15:13:13,1.000000,49999.999434,-1.133e-08,37.750,285.187,1.935,calibration
NH1,17499789550000,540962010.8,2017-02-21T15:12:22,1.000000,49999.999439,-1.122e-08,37.758,285.189,1.935,calibration
NH1,17501051200000,540987243.8,2017-02-21T22:12:55,1.000000,49999.999431,-1.139e-08,37.760,285.189,1.935,calibration
NH1,17515629750000,541278814.8,2017-02-25T07:12:26,1.000000,49999.999436,-1.128e-08,37.788,285.195,1.935,calibration
NH1,17519229050000,541350800.8,2017-02-26T03:12:12,1.000000,49999.999431,-1.138e-08,37.795,285.196,1.935,calibration
NH1,17527869350000,541523606.8,2017-02-28T03:12:18,1.000000,49999.999422,-1.156e-08,37.811,285.200,1.935,calibration
NH1,17534173000000,541649679.8,2017-03-01T14:13:31,1.000000,49999.999433,-1.134e-08,37.823,285.202,1.935,calibration
NH1,17543530400000,541836827.8,2017-03-03T18:12:39,1.000000,49999.999409,-1.182e-08,37.841,285.206,1.935,calibration
NH1,17547130900000,541908837.9,2017-03-04T14:12:49,1.000000,49999.999453,-1.095e-08,37.848,285.207,1.935,calibration
NH1,17551451150000,541995242.9,2017-03-05T14:12:54,1.000000,49999.999420,-1.160e-08,37.856,285.209,1.935,calibration
NH1,17555773500000,542081689.9,2017-03-06T14:13:41,1.000000,49999.999423,-1.154e-08,37.864,285.210,1.935,calibration
NH1,17566930800000,542304835.9,2017-03-09T04:12:47,1.000000,49999.999432,-1.137e-08,37.885,285.214,1.935,calibration
NH1,17573771500000,542441649.9,2017-03-10T18:13:01,1.000000,49999.999423,-1.155e-08,37.898,285.217,1.935,calibration
NH1,17575931800000,542484855.9,2017-03-11T06:13:07,1.000000,49999.999426,-1.149e-08,37.902,285.218,1.935,calibration
NH1,17580071400000,542567647.9,2017-03-12T05:12:59,1.000000,49999.999422,-1.156e-08,37.910,285.219,1.936,calibration
NH1,17586734950000,542700918.9,2017-03-13T18:14:10,1.000000,49999.999435,-1.131e-08,37.923,285.222,1.936,calibration
NH1,17588892450000,542744068.9,2017-03-14T06:13:20,1.000000,49999.999426,-1.149e-08,37.927,285.223,1.936,calibration
NH1,17598613600000,542938491.9,2017-03-16T12:13:43,1.000000,49999.999424,-1.153e-08,37.945,285.226,1.936,calibration
NH1,17607435050000,543114920.9,2017-03-18T13:14:12,1.000000,49999.999430,-1.140e-08,37.962,285.230,1.936,calibration
NH1,17612113050000,543208480.9,2017-03-19T15:13:32,1.000000,49999.999414,-1.173e-08,37.971,285.232,1.936,calibration
NH1,17616973450000,543305688.9,2017-03-20T18:13:40,1.000000,49999.999431,-1.139e-08,37.980,285.233,1.936,calibration
NH1,17618953650000,543345292.9,2017-03-21T05:13:44,1.000000,49999.999429,-1.143e-08,37.984,285.234,1.936,calibration
NH1,17628314450000,543532508.9,2017-03-23T09:14:00,1.000000,49999.999405,-1.189e-08,38.002,285.238,1.936,calibration
NH1,17631914300000,543604505.9,2017-03-24T05:13:57,1.000000,49999.999425,-1.150e-08,38.008,285.239,1.936,calibration
NH1,17642715400000,543820527.9,2017-03-26T17:14:19,1.000000,49999.999417,-1.167e-08,38.029,285.243,1.936,calibration
NH1,17650455450000,543975328.9,2017-03-28T12:14:20,1.000000,49999.999428,-1.144e-08,38.044,285.246,1.936,calibration
NH1,17658735250000,544140924.9,2017-03-30T10:14:16,1.000000,49999.999421,-1.158e-08,38.059,285.249,1.936,calibration
NH1,17665936150000,544284942.9,2017-04-01T02:14:34,1.000000,49999.999411,-1.179e-08,38.073,285.252,1.936,calibration
NH1,17672056750000,544407354.9,2017-04-02T12:14:46,1.000000,49999.999427,-1.147e-08,38.084,285.254,1.936,calibration
NH1,17677276450000,544511748.9,2017-04-03T17:14:40,1.000000,49999.999445,-1.111e-08,38.094,285.256,1.936,calibration
NH1,17679617200000,544558563.9,2017-04-04T06:14:55,1.000000,49999.999410,-1.181e-08,38.099,285.257,1.936,calibration
NH1,18372466000000,558415540.0,2017-09-11T15:24:31,1.000000,49999.999402,-1.196e-08,39.409,285.509,1.941,calibration
NH1,18374267850000,558451577.0,2017-09-12T01:25:08,1.000000,49999.999375,-1.251e-08,39.412,285.510,1.941,calibration
NH1,18380876800000,558583756.0,2017-09-13T14:08:07,1.000000,49999.999406,-1.187e-08,39.425,285.512,1.941,calibration
NH1,18384296300000,558652146.0,2017-09-14T09:07:57,1.000000,49999.999422,-1.157e-08,39.431,285.513,1.941,calibration
NH1,18390055050000,558767321.0,2017-09-15T17:07:32,1.000000,49999.999411,-1.179e-08,39.442,285.515,1.941,calibration
NH1,18394373100000,558853682.0,2017-09-16T17:06:53,1.000000,49999.999411,-1.178e-08,39.450,285.517,1.941,calibration
NH1,18397071600000,558907652.0,2017-09-17T08:06:23,1.000000,49999.999419,-1.162e-08,39.455,285.518,1.941,calibration
NH1,18401572650000,558997673.0,2017-09-18T09:06:44,1.000000,49999.999417,-1.166e-08,39.464,285.519,1.941,calibration
NH1,18410211450000,559170449.1,2017-09-20T09:06:20,1.000000,49999.999425,-1.151e-08,39.480,285.522,1.941,calibration
NH1,18419930100000,559364822.1,2017-09-22T15:05:53,1.000000,49999.999422,-1.157e-08,39.499,285.526,1.941,calibration
NH1,18429107850000,559548377.1,2017-09-24T18:05:08,1.000000,49999.999388,-1.224e-08,39.516,285.529,1.941,calibration
NH1,18432889750000,559624015.1,2017-09-25T15:05:46,1.000000,49999.999421,-1.158e-08,39.523,285.530,1.941,calibration
NH1,18436126950000,559688759.1,2017-09-26T09:04:50,1.000000,49999.999424,-1.153e-08,39.529,285.531,1.942,calibration
NH1,18455024000000,560066700.1,2017-09-30T18:03:51,1.000000,49999.999392,-1.217e-08,39.565,285.538,1.942,calibration
NH1,18457543150000,560117083.1,2017-10-01T08:03:34,1.000000,49999.999424,-1.153e-08,39.570,285.539,1.942,calibration
NH1,18463302800000,560232276.1,2017-10-02T16:03:27,1.000000,49999.999433,-1.135e-08,39.580,285.541,1.942,calibration
NH1,18467983100000,560325882.1,2017-10-03T18:03:33,1.000000,49999.999413,-1.175e-08,39.589,285.542,1.942,calibration
NH1,18471583600000,560397892.1,2017-10-04T14:03:43,1.000000,49999.999428,-1.145e-08,39.596,285.544,1.942,calibration
NH1,18475901700000,560484254.1,2017-10-05T14:03:05,1.000000,49999.999413,-1.174e-08,39.604,285.545,1.942,calibration
NH1,18480580800000,560577836.1,2017-10-06T16:02:47,1.000000,49999.999422,-1.156e-08,39.613,285.547,1.942,calibration
NH1,18484900000000,560664220.1,2017-10-07T16:02:31,1.000000,49999.999416,-1.169e-08,39.621,285.548,1.942,calibration
NH1,18489219400000,560750608.1,2017-10-08T16:02:19,1.000000,49999.999424,-1.153e-08,39.629,285.550,1.942,calibration
NH1,18493539000000,560837000.1,2017-10-09T16:02:11,1.000000,49999.999427,-1.146e-08,39.638,285.551,1.942,calibration
NH1,18497858250000,560923385.1,2017-10-10T16:01:56,1.000000,49999.999424,-1.153e-08,39.646,285.553,1.942,calibration
NH1,18502177500000,561009770.1,2017-10-11T16:01:41,1.000000,49999.999421,-1.158e-08,39.654,285.554,1.942,calibration
NH1,18506497100000,561096162.1,2017-10-12T16:01:33,1.000000,49999.999424,-1.152e-08,39.662,285.556,1.942,calibration
NH1,18510635950000,561178939.1,2017-10-13T15:01:10,1.000000,49999.999440,-1.120e-08,39.670,285.557,1.942,calibration
NH1,18515550100000,561277222.1,2017-10-14T18:19:13,1.000000,49999.999412,-1.177e-08,39.679,285.559,1.942,calibration
NH1,18519274700000,561351714.1,2017-10-15T15:00:45,1.000000,49999.999419,-1.162e-08,39.686,285.560,1.942,calibration
NH1,18523594250000,561438105.1,2017-10-16T15:00:36,1.000000,49999.999425,-1.151e-08,39.694,285.562,1.942,calibration
NH1,18527913550000,561524491.1,2017-10-17T15:00:22,1.000000,49999.999432,-1.136e-08,39.702,285.563,1.942,calibration
NH1,18532857000000,561623360.1,2017-10-18T18:28:11,1.000000,49999.999417,-1.167e-08,39.712,285.565,1.942,calibration
NH1,18536554650000,561697313.1,2017-10-19T15:00:44,1.000000,49999.999440,-1.121e-08,39.719,285.566,1.942,calibration
NH1,18541486750000,561795955.1,2017-10-20T18:24:46,1.000000,49999.999412,-1.177e-08,39.728,285.568,1.942,calibration
NH1,18545191350000,561870047.1,2017-10-21T14:59:38,1.000000,49999.999440,-1.121e-08,39.735,285.569,1.942,calibration
NH1,18550050150000,561967223.1,2017-10-22T17:59:14,1.000000,49999.999406,-1.188e-08,39.744,285.571,1.942,calibration
NH1,18553830050000,562042821.1,2017-10-23T14:59:12,1.000000,49999.999434,-1.133e-08,39.751,285.572,1.942,calibration
NH1,18558149500000,562129210.1,2017-10-24T14:59:01,1.000000,49999.999421,-1.158e-08,39.759,285.574,1.942,calibration
NH1,18562468800000,562215596.1,2017-10-25T14:58:47,1.000000,49999.999436,-1.129e-08,39.768,285.575,1.942,calibration
NH1,18566788300000,562301986.1,2017-10-26T14:58:37,1.000000,49999.999429,-1.142e-08,39.776,285.577,1.942,calibration
NH1,18570567000000,562377560.1,2017-10-27T11:58:11,1.000000,49999.999420,-1.161e-08,39.783,285.578,1.942,calibration
NH1,18575246650000,562471153.1,2017-10-28T13:58:04,1.000000,49999.999430,-1.140e-08,39.792,285.580,1.942,calibration
NH1,18579566300000,562557546.1,2017-10-29T13:57:57,1.000000,49999.999434,-1.132e-08,39.800,285.581,1.942,calibration
NH1,18583528400000,562636788.1,2017-10-30T11:58:39,1.000000,49999.999435,-1.130e-08,39.807,285.583,1.942,calibration
NH1,18593244750000,562831115.1,2017-11-01T17:57:26,1.000000,49999.999324,-1.353e-08,39.826,285.586,1.943,calibration
NH1,18593965500000,562845530.1,2017-11-01T21:57:41,1.000000,49999.999432,-1.137e-08,39.827,285.586,1.943,calibration
NH1,18605483000000,563075880.1,2017-11-04T13:56:51,1.000000,49999.999411,-1.178e-08,39.849,285.590,1.943,calibration
NH1,18606922000000,563104660.1,2017-11-04T21:56:31,1.000000,49999.999429,-1.142e-08,39.851,285.591,1.943,calibration
NH1,18614121650000,563248653.1,2017-11-06T13:56:24,1.000000,49999.999432,-1.136e-08,39.865,285.593,1.943,calibration
NH1,18618441100000,563335042.1,2017-11-07T13:56:13,1.000000,49999.999437,-1.127e-08,39.873,285.595,1.943,calibration
NH1,18623479900000,563435818.1,2017-11-08T17:55:49,1.000000,49999.999420,-1.160e-08,39.883,285.596,1.943,calibration
NH1,18627080000000,563507820.1,2017-11-09T13:55:51,1.000000,49999.999433,-1.135e-08,39.889,285.598,1.943,calibration
NH1,18632838500000,563622990.1,2017-11-10T21:55:21,1.000000,49999.999435,-1.131e-08,39.900,285.600,1.943,calibration
NH1,18639858200000,563763384.1,2017-11-12T12:55:15,1.000000,49999.999427,-1.146e-08,39.914,285.602,1.943,calibration
NH1,18644177400000,563849768.1,2017-11-13T12:54:59,1.000000,49999.999435,-1.130e-08,39.922,285.603,1.943,calibration
NH1,18649396700000,563954154.1,2017-11-14T17:54:45,1.000000,49999.999434,-1.133e-08,39.932,285.605,1.943,calibration
NH1,18652816250000,564022545.1,2017-11-15T12:54:36,1.000000,49999.999436,-1.129e-08,39.938,285.606,1.943,calibration
NH1,18654255400000,564051328.1,2017-11-15T20:54:19,1.000000,49999.999432,-1.137e-08,39.941,285.607,1.943,calibration
NH1,18661275050000,564191721.1,2017-11-17T11:54:12,1.000000,49999.999436,-1.128e-08,39.954,285.609,1.943,calibration
NH1,18666674500000,564299710.1,2017-11-18T17:54:01,1.000000,49999.999433,-1.135e-08,39.964,285.611,1.943,calibration
NH1,18670094450000,564368109.1,2017-11-19T12:54:00,1.000000,49999.999424,-1.152e-08,39.971,285.612,1.943,calibration
NH1,18674414100000,564454502.1,2017-11-20T12:53:53,1.000000,49999.999442,-1.116e-08,39.979,285.614,1.943,calibration
NH1,18679681950000,564559859.1,2017-11-21T18:09:50,1.000000,49999.999433,-1.135e-08,39.989,285.616,1.943,calibration
NH1,18683053050000,564627281.1,2017-11-22T12:53:32,1.000000,49999.999430,-1.140e-08,39.995,285.617,1.943,calibration
NH1,18684492050000,564656061.1,2017-11-22T20:53:12,1.000000,49999.999435,-1.130e-08,39.998,285.617,1.943,calibration
NH1,18696911050000,564904441.1,2017-11-25T17:52:52,1.000000,49999.999437,-1.127e-08,40.021,285.621,1.943,calibration
NH1,18700151150000,564969243.1,2017-11-26T11:52:54,1.000000,49999.999434,-1.132e-08,40.027,285.623,1.943,calibration
NH1,18708429600000,565134812.1,2017-11-28T09:52:23,1.000000,49999.999433,-1.134e-08,40.043,285.625,1.943,calibration
NH1,18714235250000,565250925.1,2017-11-29T18:07:36,1.000000,49999.999440,-1.121e-08,40.054,285.627,1.943,calibration
NH1,18718508600000,565336392.1,2017-11-30T17:52:03,1.000000,49999.999428,-1.145e-08,40.062,285.629,1.943,calibration
NH1,18721748900000,565401198.1,2017-12-01T11:52:09,1.000000,49999.999442,-1.116e-08,40.068,285.630,1.943,calibration
NH1,18727147700000,565509174.1,2017-12-02T17:51:45,1.000000,49999.999289,-1.423e-08,40.078,285.632,1.943,calibration
NH1,18727326900000,565512758.1,2017-12-02T18:51:29,1.000000,49999.999436,-1.129e-08,40.078,285.632,1.943,calibration
NH1,18734707450000,565660369.1,2017-12-04T11:51:40,1.000000,49999.999434,-1.132e-08,40.092,285.634,1.943,calibration
NH1,18739028600000,565746792.1,2017-12-05T11:52:03,1.000000,49999.999405,-1.191e-08,40.100,285.636,1.944,calibration
NH1,18748746550000,565941151.1,2017-12-07T17:51:22,1.000000,49999.999447,-1.106e-08,40.119,285.639,1.944,calibration
NH1,18752526200000,566016744.1,2017-12-08T14:51:15,1.000000,49999.999424,-1.153e-08,40.126,285.640,1.944,calibration
NH1,18757387200000,566113964.1,2017-12-09T17:51:35,1.000000,49999.999441,-1.119e-08,40.135,285.642,1.944,calibration
NH1,18761704650000,566200313.1,2017-12-10T17:50:44,1.000000,49999.999444,-1.113e-08,40.143,285.644,1.944,calibration
NH1,18764764600000,566261512.1,2017-12-11T10:50:43,1.000000,49999.999431,-1.138e-08,40.149,285.645,1.944,calibration
NH1,18769084150000,566347903.1,2017-12-12T10:50:34,1.000000,49999.999432,-1.136e-08,40.157,285.646,1.944,calibration
NH1,18774672100000,566459662.1,2017-12-13T17:53:13,1.000000,49999.999461,-1.079e-08,40.168,285.648,1.944,calibration
NH1,18777182700000,566509874.1,2017-12-14T07:50:05,1.000000,49999.999434,-1.132e-08,40.172,285.649,1.944,calibration
NH1,18782043000000,566607080.1,2017-12-15T10:50:11,1.000000,49999.999437,-1.127e-08,40.182,285.650,1.944,calibration
NH1,18787622700000,566718674.1,2017-12-16T17:50:05,1.000000,49999.999441,-1.119e-08,40.192,285.652,1.944,calibration
NH1,18791942050000,566805061.1,2017-12-17T17:49:52,1.000000,49999.999439,-1.122e-08,40.200,285.654,1.944,calibration
NH1,18796261750000,566891455.1,2017-12-18T17:49:46,1.000000,49999.999473,-1.055e-08,40.208,285.655,1.944,calibration
NH1,18798422900000,566934678.1,2017-12-19T05:50:09,1.000000,49999.999430,-1.141e-08,40.212,285.656,1.944,calibration
NH1,19526044950000,581487119.3,2018-06-05T16:10:50,1.000000,49999.999029,-1.942e-08,41.581,285.894,1.948,calibration
NH1,19529234350000,581550907.3,2018-06-06T09:53:58,1.000000,49999.999407,-1.185e-08,41.587,285.895,1.948,calibration
NH1,19532834100000,581622902.3,2018-06-07T05:53:53,1.000000,49999.999415,-1.171e-08,41.594,285.896,1.948,calibration
NH1,19538233000000,581730880.3,2018-06-08T11:53:31,1.000000,49999.999403,-1.195e-08,41.604,285.898,1.948,calibration
NH1,19543273300000,581831686.3,2018-06-09T15:53:37,1.000000,49999.999408,-1.183e-08,41.614,285.900,1.949,calibration
NH1,19547593250000,581918085.3,2018-06-10T15:53:36,1.000000,49999.999405,-1.189e-08,41.622,285.901,1.949,calibration
NH1,19551400200000,581994224.3,2018-06-11T13:02:35,1.000000,49999.999429,-1.143e-08,41.629,285.902,1.949,calibration
NH1,19554251750000,582051255.3,2018-06-12T04:53:06,1.000000,49999.999400,-1.200e-08,41.634,285.903,1.949,calibration
NH1,19560553300000,582177286.3,2018-06-13T15:53:37,1.000000,49999.999435,-1.131e-08,41.646,285.905,1.949,calibration
NH1,19565239000000,582271000.3,2018-06-14T17:55:31,1.000000,49999.999383,-1.235e-08,41.655,285.906,1.949,calibration
NH1,19569012250000,582346465.3,2018-06-15T14:53:16,1.000000,49999.999405,-1.190e-08,41.662,285.908,1.949,calibration
NH1,19572971750000,582425655.3,2018-06-16T12:53:06,1.000000,49999.999414,-1.172e-08,41.669,285.909,1.949,calibration
NH1,19577652350000,582519267.3,2018-06-17T14:53:18,1.000000,49999.999413,-1.174e-08,41.678,285.910,1.949,calibration
NH1,19580532400000,582576868.3,2018-06-18T06:53:19,1.000000,49999.999405,-1.189e-08,41.684,285.911,1.949,calibration
NH1,19585751650000,582681253.3,2018-06-19T11:53:04,1.000000,49999.999419,-1.162e-08,41.693,285.913,1.949,calibration
NH1,19589172400000,582749668.3,2018-06-20T06:53:19,1.000000,49999.999397,-1.207e-08,41.700,285.914,1.949,calibration
NH1,19595511800000,582876456.3,2018-06-21T18:06:27,1.000000,49999.999416,-1.168e-08,41.712,285.916,1.949,calibration
NH1,19599252100000,582951262.3,2018-06-22T14:53:13,1.000000,49999.999426,-1.148e-08,41.719,285.917,1.949,calibration
NH1,19604120000000,583048620.3,2018-06-23T17:55:51,1.000000,49999.999381,-1.238e-08,41.728,285.919,1.949,calibration
NH1,19607711800000,583120456.3,2018-06-24T13:53:07,1.000000,49999.999428,-1.144e-08,41.735,285.920,1.949,calibration
NH1,19610411850000,583174457.3,2018-06-25T04:53:08,1.000000,49999.999401,-1.199e-08,41.740,285.921,1.949,calibration
NH1,19616534050000,583296901.3,2018-06-26T14:53:52,1.000000,49999.999410,-1.181e-08,41.751,285.923,1.949,calibration
NH1,19620853750000,583383295.3,2018-06-27T14:53:46,1.000000,49999.999407,-1.185e-08,41.759,285.924,1.949,calibration
NH1,19625173550000,583469691.3,2018-06-28T14:53:42,1.000000,49999.999417,-1.167e-08,41.767,285.925,1.949,calibration
NH1,19629494050000,583556101.3,2018-06-29T14:53:52,1.000000,49999.999406,-1.187e-08,41.776,285.927,1.949,calibration
NH1,19633450700000,583635234.3,2018-06-30T12:52:45,1.000000,49999.999405,-1.191e-08,41.783,285.928,1.949,calibration
NH1,19637950650000,583725233.3,2018-07-01T13:52:44,1.000000,49999.999416,-1.169e-08,41.791,285.929,1.949,calibration
NH1,19641910200000,583804424.3,2018-07-02T11:52:35,1.000000,49999.999408,-1.183e-08,41.799,285.931,1.949,calibration
NH1,19645869950000,583883619.3,2018-07-03T09:52:30,1.000000,49999.999409,-1.182e-08,41.806,285.932,1.949,calibration
NH1,19650009700000,583966414.3,2018-07-04T08:52:25,1.000000,49999.999407,-1.186e-08,41.814,285.933,1.949,calibration
NH1,19655973400000,584085688.3,2018-07-05T18:00:19,1.000000,49999.999418,-1.164e-08,41.825,285.935,1.949,calibration
NH1,19659009300000,584146406.3,2018-07-06T10:52:17,1.000000,49999.999399,-1.202e-08,41.831,285.936,1.949,calibration
NH1,19663689650000,584240013.3,2018-07-07T12:52:24,1.000000,49999.999410,-1.181e-08,41.840,285.937,1.949,calibration
NH1,19668009250000,584326405.3,2018-07-08T12:52:16,1.000000,49999.999424,-1.153e-08,41.848,285.939,1.949,calibration
NH1,19673237500000,584430970.3,2018-07-09T17:55:01,1.000000,49999.999398,-1.205e-08,41.858,285.940,1.949,calibration
NH1,19676108450000,584488389.3,2018-07-10T09:52:00,1.000000,49999.999416,-1.168e-08,41.863,285.941,1.949,calibration
NH1,19681877000000,584603760.3,2018-07-11T17:54:51,1.000000,49999.999399,-1.202e-08,41.874,285.943,1.949,calibration
NH1,19684568000000,584657580.3,2018-07-12T08:51:51,1.000000,49999.999394,-1.213e-08,41.879,285.944,1.949,calibration
NH1,19689608250000,584758385.3,2018-07-13T12:51:56,1.000000,49999.999416,-1.169e-08,41.888,285.946,1.949,calibration
NH1,19693928050000,584844781.3,2018-07-14T12:51:52,1.000000,49999.999414,-1.173e-08,41.897,285.947,1.949,calibration
NH1,19697887300000,584923966.3,2018-07-15T10:51:37,1.000000,49999.999415,-1.171e-08,41.904,285.948,1.949,calibration
NH1,19703116750000,585028555.3,2018-07-16T15:54:46,1.000000,49999.999389,-1.223e-08,41.914,285.950,1.949,calibration
NH1,19705447600000,585075172.3,2018-07-17T04:51:43,1.000000,49999.999418,-1.165e-08,41.918,285.950,1.949,calibration
NH1,19716434600000,585294912.4,2018-07-19T17:54:03,1.000000,49999.999383,-1.235e-08,41.939,285.954,1.950,calibration
NH1,19719126000000,585348740.4,2018-07-20T08:51:11,1.000000,49999.999406,-1.188e-08,41.944,285.955,1.950,calibration
NH1,19723805900000,585442338.4,2018-07-21T10:51:09,1.000000,49999.999411,-1.179e-08,41.953,285.956,1.950,calibration
NH1,19727046500000,585507150.4,2018-07-22T04:51:21,1.000000,49999.999409,-1.182e-08,41.959,285.957,1.950,calibration
NH1,19732445150000,585615123.4,2018-07-23T10:50:54,1.000000,49999.999407,-1.186e-08,41.969,285.959,1.950,calibration
NH1,19740005550000,585766331.4,2018-07-25T04:51:02,1.000000,49999.999416,-1.168e-08,41.983,285.961,1.950,calibration
NH1,19746672850000,585899677.4,2018-07-26T17:53:28,1.000000,49999.999401,-1.198e-08,41.995,285.963,1.950,calibration
NH1,19749363750000,585953495.4,2018-07-27T08:50:26,1.000000,49999.999421,-1.159e-08,42.001,285.964,1.950,calibration
NH1,19752423250000,586014685.4,2018-07-28T01:50:16,1.000000,49999.999399,-1.202e-08,42.006,285.965,1.950,calibration
NH1,19759451500000,586155250.4,2018-07-29T16:53:01,1.000000,49999.999445,-1.110e-08,42.019,285.967,1.950,calibration
NH1,19763771100000,586241642.4,2018-07-30T16:52:53,1.000000,49999.999375,-1.250e-08,42.028,285.969,1.950,calibration
NH1,19766822500000,586302670.4,2018-07-31T09:50:01,1.000000,49999.999406,-1.188e-08,42.033,285.970,1.950,calibration
NH1,19771322050000,586392661.4,2018-08-01T10:49:52,1.000000,49999.999407,-1.186e-08,42.042,285.971,1.950,calibration
NH1,19775641700000,586479054.4,2018-08-02T10:49:45,1.000000,49999.999412,-1.177e-08,42.050,285.972,1.950,calibration
NH1,19779241050000,586551041.4,2018-08-03T06:49:32,1.000000,49999.999405,-1.189e-08,42.057,285.973,1.950,calibration
NH1,19784100750000,586648235.4,2018-08-04T09:49:26,1.000000,49999.999414,-1.172e-08,42.066,285.975,1.950,calibration
NH1,19791300050000,586792221.4,2018-08-06T01:49:12,1.000000,49999.999404,-1.193e-08,42.079,285.977,1.950,calibration
NH1,19795980400000,586885828.4,2018-08-07T03:49:19,1.000000,49999.999412,-1.176e-08,42.088,285.979,1.950,calibration
NH1,19801559700000,586997414.4,2018-08-08T10:49:05,1.000000,49999.999423,-1.154e-08,42.098,285.980,1.950,calibration
NH1,19804978600000,587065792.4,2018-08-09T05:48:43,1.000000,49999.999410,-1.181e-08,42.105,285.981,1.950,calibration
NH1,19809478400000,587155788.4,2018-08-10T06:48:39,1.000000,49999.999402,-1.197e-08,42.113,285.983,1.950,calibration
NH1,19815615450000,587278529.4,2018-08-11T16:54:20,1.000000,49999.999406,-1.188e-08,42.125,285.985,1.950,calibration
NH1,19818477500000,587335770.4,2018-08-12T08:48:21,1.000000,49999.999420,-1.161e-08,42.130,285.986,1.950,calibration
NH1,19822617950000,587418579.4,2018-08-13T07:48:30,1.000000,49999.999405,-1.189e-08,42.138,285.987,1.950,calibration
NH1,19827478850000,587515797.4,2018-08-14T10:48:48,1.000000,49999.999415,-1.171e-08,42.147,285.988,1.950,calibration
NH1,19835936650000,587684953.4,2018-08-16T09:48:04,1.000000,49999.999416,-1.169e-08,42.163,285.991,1.950,calibration
NH1,19846024000000,587886700.4,2018-08-18T17:50:31,1.000000,49999.999407,-1.186e-08,42.182,285.994,1.950,calibration
NH1,19847095000000,587908120.4,2018-08-18T23:47:31,1.000000,49999.999405,-1.189e-08,42.184,285.994,1.950,calibration
NH1,19856276250000,588091745.4,2018-08-21T02:47:56,1.000000,49999.999414,-1.172e-08,42.201,285.997,1.950,calibration
NH1,19866173950000,588289699.4,2018-08-23T09:47:10,1.000000,49999.999407,-1.186e-08,42.220,286.000,1.950,calibration
NH1,19870493500000,588376090.4,2018-08-24T09:47:01,1.000000,49999.999415,-1.171e-08,42.228,286.002,1.950,calibration
NH1,19876259550000,588491411.4,2018-08-25T17:49:02,1.000000,49999.999405,-1.191e-08,42.239,286.003,1.950,calibration
NH1,19879132050000,588548861.4,2018-08-26T09:46:32,1.000000,49999.999431,-1.139e-08,42.244,286.004,1.950,calibration
NH1,19882371150000,588613643.4,2018-08-27T03:46:14,1.000000,49999.999408,-1.184e-08,42.250,286.005,1.951,calibration
NH1,19906496700000,589096154.4,2018-09-01T17:48:05,1.000000,49999.999443,-1.114e-08,42.295,286.013,1.951,calibration
NH1,19909369400000,589153608.4,2018-09-02T09:45:39,1.000000,49999.999406,-1.188e-08,42.301,286.013,1.951,calibration
NH1,19913689000000,589240000.4,2018-09-03T09:45:31,1.000000,49999.999423,-1.155e-08,42.309,286.015,1.951,calibration
NH1,19918008500000,589326390.4,2018-09-04T09:45:21,1.000000,49999.999415,-1.170e-08,42.317,286.016,1.951,calibration
NH1,19935105200000,589668324.4,2018-09-08T08:44:15,1.000000,49999.999417,-1.166e-08,42.349,286.021,1.951,calibration
NH1,19938166150000,589729543.4,2018-09-09T01:44:34,1.000000,49999.999417,-1.166e-08,42.355,286.022,1.951,calibration
NH1,19942485550000,589815931.4,2018-09-10T01:44:22,1.000000,49999.999419,-1.163e-08,42.363,286.024,1.951,calibration
NH1,19946625000000,589898720.4,2018-09-11T00:44:11,1.000000,49999.999410,-1.180e-08,42.371,286.025,1.951,calibration
NH1,19956702650000,590100273.4,2018-09-13T08:43:24,1.000000,49999.999421,-1.158e-08,42.389,286.028,1.951,calibration
NH1,19961203000000,590190280.4,2018-09-14T09:43:31,1.000000,49999.999408,-1.183e-08,42.398,286.029,1.951,calibration
NH1,19965341100000,590273042.4,2018-09-15T08:42:53,1.000000,49999.999419,-1.162e-08,42.406,286.031,1.951,calibration
NH1,19973980100000,590445822.4,2018-09-17T08:42:33,1.000000,49999.999417,-1.167e-08,42.422,286.033,1.951,calibration
NH1,19977938850000,590524997.4,2018-09-18T06:42:08,1.000000,49999.999411,-1.179e-08,42.429,286.034,1.951,calibration
NH1,19982619500000,590618610.4,2018-09-19T08:42:21,1.000000,49999.999423,-1.155e-08,42.438,286.036,1.951,calibration
NH1,19988380250000,590733825.4,2018-09-20T16:42:36,1.000000,49999.999404,-1.192e-08,42.449,286.038,1.951,calibration
NH1,19990896900000,590784158.4,2018-09-21T06:41:29,1.000000,49999.999434,-1.133e-08,42.454,286.038,1.951,calibration
NH1,19997198650000,590910193.4,2018-09-22T17:42:04,1.000000,49999.999380,-1.241e-08,42.465,286.040,1.951,calibration
NH1,19999535450000,590956929.4,2018-09-23T06:41:00,1.000000,49999.999420,-1.160e-08,42.470,286.041,1.951,calibration
NH1,20002777050000,591021761.4,2018-09-24T00:41:32,1.000000,49999.999419,-1.163e-08,42.476,286.042,1.951,calibration
NH1,20007454150000,591115303.4,2018-09-25T02:40:34,1.000000,49999.999411,-1.178e-08,42.485,286.043,1.951,calibration
NH1,20011235950000,591190939.4,2018-09-25T23:41:10,1.000000,49999.999422,-1.156e-08,42.492,286.045,1.951,calibration
NH1,20016813150000,591302483.4,2018-09-27T06:40:14,1.000000,49999.999412,-1.176e-08,42.502,286.046,1.951,calibration
NH1,20021132700000,591388874.4,2018-09-28T06:40:05,1.000000,49999.999420,-1.160e-08,42.510,286.048,1.951,calibration
NH1,20027074500000,591507710.4,2018-09-29T15:40:41,1.000000,49999.999424,-1.152e-08,42.521,286.049,1.951,calibration
NH1,20031394000000,591594100.4,2018-09-30T15:40:31,1.000000,49999.999425,-1.151e-08,42.529,286.051,1.951,calibration
NH1,20036071600000,591687652.4,2018-10-01T17:39:43,1.000000,49999.999552,-8.950e-09,42.538,286.052,1.951,calibration
NH1,20039490750000,591756035.4,2018-10-02T12:39:26,1.000000,49999.999419,-1.163e-08,42.545,286.053,1.951,calibration
NH1,20041829050000,591802801.4,2018-10-03T01:38:52,1.000000,49999.999425,-1.151e-08,42.549,286.054,1.951,calibration
NH1,20048129600000,591928812.4,2018-10-04T12:39:03,1.000000,49999.999418,-1.165e-08,42.561,286.056,1.951,calibration
NH1,20050648000000,591979180.4,2018-10-05T02:38:31,1.000000,49999.999418,-1.164e-08,42.566,286.056,1.951,calibration
NH1,20057310250000,592112425.4,2018-10-06T15:39:16,1.000000,49999.999435,-1.131e-08,42.578,286.058,1.952,calibration
NH1,20061988300000,592205986.4,2018-10-07T17:38:37,1.000000,49999.999408,-1.184e-08,42.587,286.060,1.952,calibration
NH1,20065767350000,592281567.4,2018-10-08T14:38:18,1.000000,49999.999424,-1.152e-08,42.594,286.061,1.952,calibration
NH1,20071706700000,592400354.4,2018-10-09T23:38:05,1.000000,49999.999423,-1.155e-08,42.605,286.063,1.952,calibration
NH1,20078544950000,592537119.4,2018-10-11T13:37:30,1.000000,49999.999433,-1.134e-08,42.618,286.065,1.952,calibration
NH1,20083404950000,592634319.4,2018-10-12T16:37:30,1.000000,49999.999423,-1.154e-08,42.627,286.066,1.952,calibration
NH1,20087903750000,592724295.4,2018-10-13T17:37:06,1.000000,49999.999423,-1.155e-08,42.635,286.068,1.952,calibration
NH1,20092223200000,592810684.4,2018-10-14T17:36:55,1.000000,49999.999406,-1.188e-08,42.643,286.069,1.952,calibration
NH1,20093481600000,592835852.4,2018-10-15T00:36:23,1.000000,49999.999424,-1.152e-08,42.646,286.069,1.952,calibration
NH1,20099962200000,592965464.4,2018-10-16T12:36:35,1.000000,49999.999415,-1.171e-08,42.658,286.071,1.952,calibration
NH1,20104462500000,593055470.4,2018-10-17T13:36:41,1.000000,49999.999419,-1.162e-08,42.666,286.073,1.952,calibration
NH1,20107340250000,593113025.4,2018-10-18T05:35:56,1.000000,49999.999421,-1.158e-08,42.672,286.074,1.952,calibration
NH1,20111840050000,593203021.4,2018-10-19T06:35:52,1.000000,49999.999438,-1.124e-08,42.680,286.075,1.952,calibration
NH1,20118139200000,593329004.4,2018-10-20T17:35:35,1.000000,49999.999421,-1.158e-08,42.692,286.077,1.952,calibration
NH1,20122458700000,593415394.4,2018-10-21T17:35:25,1.000000,49999.999425,-1.151e-08,42.700,286.078,1.952,calibration
NH1,20125698350000,593480187.4,2018-10-22T11:35:18,1.000000,49999.999427,-1.147e-08,42.706,286.079,1.952,calibration
NH1,20127856650000,593523353.4,2018-10-22T23:34:44,1.000000,49999.999414,-1.173e-08,42.710,286.080,1.952,calibration
NH1,20133439000000,593635000.4,2018-10-24T06:35:31,1.000000,49999.999437,-1.126e-08,42.721,286.081,1.952,calibration
NH1,20137757700000,593721374.4,2018-10-25T06:35:05,1.000000,49999.999439,-1.123e-08,42.729,286.083,1.952,calibration
NH1,20144055450000,593847329.5,2018-10-26T17:34:20,1.000000,49999.999412,-1.176e-08,42.741,286.085,1.952,calibration
NH1,20147655850000,593919337.5,2018-10-27T13:34:28,1.000000,49999.999430,-1.140e-08,42.747,286.086,1.952,calibration
NH1,20155753650000,594081293.5,2018-10-29T10:33:44,1.000000,49999.999412,-1.177e-08,42.762,286.088,1.952,calibration
NH1,20159173450000,594149689.5,2018-10-30T05:33:40,1.000000,49999.999426,-1.149e-08,42.769,286.089,1.952,calibration
NH1,20163493450000,594236089.5,2018-10-31T05:33:40,1.000000,49999.999446,-1.108e-08,42.777,286.090,1.952,calibration
NH1,20168712000000,594340460.5,2018-11-01T10:33:11,1.000000,49999.999412,-1.176e-08,42.787,286.092,1.952,calibration
NH1,20172131650000,594408853.5,2018-11-02T05:33:04,1.000000,49999.999427,-1.147e-08,42.793,286.093,1.952,calibration
NH1,20177891900000,594524058.5,2018-11-03T13:33:09,1.000000,49999.999431,-1.138e-08,42.804,286.095,1.952,calibration
NH1,20182211850000,594610457.5,2018-11-04T13:33:08,1.000000,49999.999436,-1.129e-08,42.812,286.096,1.952,calibration
NH1,20186169850000,594689617.5,2018-11-05T11:32:28,1.000000,49999.999431,-1.138e-08,42.819,286.097,1.952,calibration
NH1,20190851050000,594783241.5,2018-11-06T13:32:52,1.000000,49999.999432,-1.136e-08,42.828,286.099,1.952,calibration
NH1,20195888750000,594883995.5,2018-11-07T17:32:06,1.000000,49999.999427,-1.147e-08,42.838,286.100,1.952,calibration
NH1,20199490200000,594956024.5,2018-11-08T13:32:35,1.000000,49999.999436,-1.129e-08,42.844,286.101,1.952,calibration
NH1,20203809150000,595042403.5,2018-11-09T13:32:14,1.000000,49999.999431,-1.139e-08,42.852,286.103,1.952,calibration
NH1,20208128700000,595128794.5,2018-11-10T13:32:05,1.000000,49999.999441,-1.119e-08,42.861,286.104,1.952,calibration
NH1,20213166100000,595229542.5,2018-11-11T17:31:13,1.000000,49999.999423,-1.154e-08,42.870,286.105,1.952,calibration
NH1,20216225700000,595290734.5,2018-11-12T10:31:05,1.000000,49999.999435,-1.130e-08,42.876,286.106,1.952,calibration
NH1,20226124500000,595488710.5,2018-11-14T17:30:41,1.000000,49999.999389,-1.222e-08,42.894,286.109,1.952,calibration
NH1,20226664600000,595499512.5,2018-11-14T20:30:43,1.000000,49999.999435,-1.131e-08,42.895,286.109,1.952,calibration
NH1,20233155200000,595629324.5,2018-11-16T08:34:15,1.000000,49999.999430,-1.140e-08,42.907,286.111,1.952,calibration
NH1,20239082800000,595747876.5,2018-11-17T17:30:07,1.000000,49999.999454,-1.092e-08,42.919,286.113,1.953,calibration
NH1,20243404400000,595834308.5,2018-11-18T17:30:39,1.000000,49999.999404,-1.192e-08,42.927,286.114,1.953,calibration
NH1,20246281950000,595891859.5,2018-11-19T09:29:50,1.000000,49999.999443,-1.115e-08,42.932,286.115,1.953,calibration
NH1,20252043750000,596007095.5,2018-11-20T17:30:26,1.000000,49999.999417,-1.166e-08,42.943,286.117,1.953,calibration
NH1,20255462550000,596075471.5,2018-11-21T12:30:02,1.000000,49999.999444,-1.113e-08,42.949,286.118,1.953,calibration
NH1,20265000900000,596266238.5,2018-11-23T17:29:29,1.000000,49999.999430,-1.141e-08,42.967,286.121,1.953,calibration
NH1,20269320250000,596352625.5,2018-11-24T17:29:16,1.000000,49999.999439,-1.123e-08,42.975,286.122,1.953,calibration
NH1,20273640250000,596439025.5,2018-11-25T17:29:16,1.000000,49999.999420,-1.161e-08,42.983,286.123,1.953,calibration
NH1,20277958400000,596525388.5,2018-11-26T17:28:39,1.000000,49999.999445,-1.111e-08,42.991,286.125,1.953,calibration
NH1,20280838300000,596582986.5,2018-11-27T09:28:37,1.000000,49999.999436,-1.128e-08,42.997,286.125,1.953,calibration
NH1,20286597500000,596698170.5,2018-11-28T17:28:21,1.000000,49999.999440,-1.120e-08,43.008,286.127,1.953,calibration
NH1,20290917250000,596784565.5,2018-11-29T17:28:16,1.000000,49999.999445,-1.111e-08,43.016,286.128,1.953,calibration
NH1,20295236550000,596870951.5,2018-11-30T17:28:02,1.000000,49999.999451,-1.099e-08,43.024,286.130,1.953,calibration
NH1,20299556900000,596957358.5,2018-12-01T17:28:09,1.000000,49999.999695,-6.100e-09,43.032,286.131,1.953,calibration
NH1,20303876650000,597043753.5,2018-12-02T17:28:04,1.000000,49999.999434,-1.132e-08,43.040,286.132,1.953,calibration
NH1,20307117300000,597108566.5,2018-12-03T11:28:17,1.000000,49999.999441,-1.118e-08,43.046,286.133,1.953,calibration
NH1,20312515350000,597216527.5,2018-12-04T17:27:38,1.000000,49999.999441,-1.119e-08,43.056,286.135,1.953,calibration
NH1,20316834800000,597302916.5,2018-12-05T17:27:27,1.000000,49999.999452,-1.096e-08,43.064,286.136,1.953,calibration
NH1,20321154500000,597389310.5,2018-12-06T17:27:21,1.000000,49999.999431,-1.139e-08,43.072,286.137,1.953,calibration
NH1,20324033650000,597446893.5,2018-12-07T09:27:04,1.000000,49999.999441,-1.118e-08,43.078,286.138,1.953,calibration
NH1,20329613050000,597558481.5,2018-12-08T16:26:52,1.000000,49999.999432,-1.136e-08,43.088,286.140,1.953,calibration
NH1,20334113000000,597648480.5,2018-12-09T17:26:51,1.000000,49999.999445,-1.110e-08,43.096,286.141,1.953,calibration
NH1,20338072250000,597727665.5,2018-12-10T15:26:36,1.000000,49999.999455,-1.091e-08,43.104,286.142,1.953,calibration
NH1,20342752100000,597821262.5,2018-12-11T17:26:33,1.000000,49999.999444,-1.112e-08,43.113,286.144,1.953,calibration
NH1,20347072050000,597907661.5,2018-12-12T17:26:32,1.000000,49999.999410,-1.180e-08,43.121,286.145,1.953,calibration
NH1,20350313050000,597972481.5,2018-12-13T11:26:52,1.000000,49999.999450,-1.100e-08,43.127,286.146,1.953,calibration
NH1,20355710750000,598080435.5,2018-12-14T17:26:06,1.000000,49999.999434,-1.133e-08,43.137,286.148,1.953,calibration
NH1,20359670200000,598159624.5,2018-12-15T15:25:55,1.000000,49999.999446,-1.108e-08,43.144,286.149,1.953,calibration
NH1,20363990100000,598246022.5,2018-12-16T15:25:53,1.000000,49999.999434,-1.132e-08,43.152,286.150,1.953,calibration
NH1,20368309500000,598332410.5,2018-12-17T15:25:41,1.000000,49999.999445,-1.111e-08,43.161,286.151,1.953,calibration
NH1,20372990000000,598426020.5,2018-12-18T17:25:51,1.000000,49999.999426,-1.148e-08,43.169,286.153,1.953,calibration
NH1,20376051400000,598487248.5,2018-12-19T10:26:19,1.000000,49999.999445,-1.111e-08,43.175,286.154,1.953,calibration
NH1,20381629600000,598598812.5,2018-12-20T17:25:43,1.000000,49999.999451,-1.099e-08,43.185,286.155,1.953,calibration
NH1,20385768900000,598681598.5,2018-12-21T16:25:29,1.000000,49999.999444,-1.112e-08,43.193,286.156,1.953,calibration
NH1,20390268900000,598771598.5,2018-12-22T17:25:29,1.000000,49999.999444,-1.113e-08,43.202,286.158,1.953,calibration
NH1,20393687750000,598839975.5,2018-12-23T12:25:06,1.000000,49999.999432,-1.137e-08,43.208,286.159,1.953,calibration
NH1,20398367550000,598933571.5,2018-12-24T14:25:02,1.000000,49999.999433,-1.135e-08,43.217,286.160,1.953,calibration
NH1,20403227600000,599030772.5,2018-12-25T17:25:03,1.000000,49999.999463,-1.075e-08,43.226,286.162,1.953,calibration
NH1,20407547050000,599117161.5,2018-12-26T17:24:52,1.000000,49999.999443,-1.115e-08,43.234,286.163,1.953,calibration
NH1,20411866950000,599203559.5,2018-12-27T17:24:50,1.000000,49999.999436,-1.128e-08,43.242,286.164,1.953,calibration
NH1,20416188900000,599289998.5,2018-12-28T17:25:29,1.000000,49999.999421,-1.158e-08,43.250,286.165,1.954,calibration
NH1,20420508000000,599376380.5,2018-12-29T17:25:11,1.000000,49999.999448,-1.105e-08,43.258,286.167,1.954,calibration
NH1,20423568050000,599437581.5,2018-12-30T10:25:12,1.000000,49999.999445,-1.110e-08,43.264,286.168,1.954,calibration
NH1,20428605700000,599538334.5,2018-12-31T14:24:25,1.000000,49999.999436,-1.128e-08,43.273,286.169,1.954,calibration
NH1,20433287850000,599631977.5,2019-01-01T16:25:08,1.000000,49999.999454,-1.092e-08,43.282,286.170,1.954,calibration
NH1,20437784750000,599721915.5,2019-01-02T17:24:06,1.000000,49999.999418,-1.164e-08,43.291,286.172,1.954,calibration
NH1,20442104500000,599808310.5,2019-01-03T17:24:01,1.000000,49999.999457,-1.087e-08,43.299,286.173,1.954,calibration
NH1,20444985300000,599865926.5,2019-01-04T09:24:17,1.000000,49999.999443,-1.115e-08,43.304,286.174,1.954,calibration
NH1,20463344050000,600233101.5,2019-01-08T15:23:52,1.000000,49999.999452,-1.097e-08,43.338,286.179,1.954,calibration
NH1,20468022250000,600326665.5,2019-01-09T17:23:16,1.000000,49999.999434,-1.133e-08,43.347,286.181,1.954,calibration
NH1,20472343650000,600413093.5,2019-01-10T17:23:44,1.000000,49999.999469,-1.063e-08,43.355,286.182,1.954,calibration
NH1,20476661800000,600499456.5,2019-01-11T17:23:07,1.000000,49999.999440,-1.120e-08,43.363,286.183,1.954,calibration
NH1,20480981700000,600585854.5,2019-01-12T17:23:05,1.000000,49999.999458,-1.085e-08,43.371,286.184,1.954,calibration
NH1,20485301500000,600672250.5,2019-01-13T17:23:01,1.000000,49999.999425,-1.150e-08,43.379,286.186,1.954,calibration
NH1,20489261550000,600751451.5,2019-01-14T15:23:02,1.000000,49999.999441,-1.119e-08,43.387,286.187,1.954,calibration
NH1,20492321900000,600812658.5,2019-01-15T08:23:09,1.000000,49999.999457,-1.086e-08,43.393,286.188,1.954,calibration
NH1,20497181250000,600909845.5,2019-01-16T11:22:56,1.000000,49999.999446,-1.109e-08,43.402,286.189,1.954,calibration
NH1,20506900900000,601104238.5,2019-01-18T17:22:49,1.000000,49999.999455,-1.090e-08,43.420,286.192,1.954,calibration
NH1,20511220850000,601190637.5,2019-01-19T17:22:48,1.000000,49999.999440,-1.120e-08,43.428,286.193,1.954,calibration
NH1,20515540700000,601277034.5,2019-01-20T17:22:45,1.000000,49999.999431,-1.139e-08,43.436,286.194,1.954,calibration
NH1,20519320850000,601352637.5,2019-01-21T14:22:48,1.000000,49999.999452,-1.097e-08,43.443,286.195,1.954,calibration
NH1,20524180450000,601449829.5,2019-01-22T17:22:40,1.000000,49999.999448,-1.104e-08,43.452,286.197,1.954,calibration
NH1,20528500350000,601536227.5,2019-01-23T17:22:38,1.000000,49999.999444,-1.113e-08,43.460,286.198,1.954,calibration
NH1,20532820350000,601622627.5,2019-01-24T17:22:38,1.000000,49999.999449,-1.103e-08,43.468,286.199,1.954,calibration
NH1,20537140350000,601709027.5,2019-01-25T17:22:38,1.000000,49999.999441,-1.119e-08,43.476,286.201,1.954,calibration
NH1,20541460300000,601795426.5,2019-01-26T17:22:37,1.000000,49999.999442,-1.117e-08,43.485,286.202,1.954,calibration
NH1,20545780200000,601881824.5,2019-01-27T17:22:35,1.000000,49999.999435,-1.131e-08,43.493,286.203,1.954,calibration
NH1,20549740900000,601961038.5,2019-01-28T15:22:49,1.000000,49999.999445,-1.110e-08,43.500,286.204,1.954,calibration
NH1,20553880300000,602043826.5,2019-01-29T14:22:37,1.000000,49999.999446,-1.109e-08,43.508,286.205,1.954,calibration
NH1,20556940850000,602105037.5,2019-01-30T07:22:48,1.000000,49999.999447,-1.106e-08,43.513,286.206,1.954,calibration
NH1,20567380000000,602313820.5,2019-02-01T17:22:31,1.000000,49999.999447,-1.106e-08,43.533,286.209,1.954,calibration
NH1,20571700100000,602400222.5,2019-02-02T17:22:33,1.000000,49999.999444,-1.113e-08,43.541,286.211,1.954,calibration
NH1,20576020050000,602486621.5,2019-02-03T17:22:32,1.000000,49999.999429,-1.143e-08,43.549,286.212,1.954,calibration
NH1,20578360250000,602533425.5,2019-02-04T06:22:36,1.000000,49999.999438,-1.124e-08,43.554,286.213,1.954,calibration
NH1,20584301150000,602652243.6,2019-02-05T15:22:54,1.000000,49999.999451,-1.098e-08,43.565,286.214,1.954,calibration
NH1,20588440300000,602735026.6,2019-02-06T14:22:37,1.000000,49999.999447,-1.106e-08,43.572,286.215,1.954,calibration
NH1,20593300100000,602832222.6,2019-02-07T17:22:33,1.000000,49999.999402,-1.197e-08,43.581,286.217,1.954,calibration
NH1,20597620100000,602918622.6,2019-02-08T17:22:33,1.000000,49999.999441,-1.118e-08,43.590,286.218,1.955,calibration
NH1,20601940050000,603005021.6,2019-02-09T17:22:32,1.000000,49999.999442,-1.116e-08,43.598,286.219,1.955,calibration
NH1,20606260150000,603091423.6,2019-02-10T17:22:34,1.000000,49999.999443,-1.115e-08,43.606,286.221,1.955,calibration
NH1,20610400000000,603174220.6,2019-02-11T16:22:31,1.000000,49999.999424,-1.153e-08,43.613,286.222,1.955,calibration
NH1,20612920600000,603224632.6,2019-02-12T06:22:43,1.000000,49999.999445,-1.111e-08,43.618,286.223,1.955,calibration
NH1,20617960100000,603325422.6,2019-02-13T10:22:33,1.000000,49999.999442,-1.117e-08,43.628,286.224,1.955,calibration
NH1,20623540400000,603437028.6,2019-02-14T17:22:39,1.000000,49999.999442,-1.117e-08,43.638,286.226,1.955,calibration
NH1,20627680400000,603519828.6,2019-02-15T16:22:39,1.000000,49999.999435,-1.130e-08,43.646,286.227,1.955,calibration
NH1,20632180600000,603609832.6,2019-02-16T17:22:43,1.000000,49999.999440,-1.121e-08,43.654,286.228,1.955,calibration
NH1,20636547500000,603697170.6,2019-02-17T17:38:21,1.000000,49999.999438,-1.125e-08,43.662,286.229,1.955,calibration
NH1,20639560600000,603757432.6,2019-02-18T10:22:43,1.000000,49999.999441,-1.118e-08,43.668,286.230,1.955,calibration
NH1,20643880750000,603843835.6,2019-02-19T10:22:46,1.000000,49999.999435,-1.131e-08,43.676,286.231,1.955,calibration
NH1,20648200650000,603930233.6,2019-02-20T10:22:44,1.000000,49999.999435,-1.130e-08,43.684,286.233,1.955,calibration
NH1,20653780900000,604041838.6,2019-02-21T17:22:49,1.000000,49999.999438,-1.124e-08,43.695,286.234,1.955,calibration
NH1,20658101000000,604128240.6,2019-02-22T17:22:51,1.000000,49999.999441,-1.119e-08,43.703,286.236,1.955,calibration
NH1,20662421150000,604214643.6,2019-02-23T17:22:54,1.000000,49999.999441,-1.119e-08,43.711,286.237,1.955,calibration
NH1,20666741400000,604301048.6,2019-02-24T17:22:59,1.000000,49999.999440,-1.120e-08,43.719,286.238,1.955,calibration
NH1,20671061450000,604387449.6,2019-02-25T17:23:00,1.000000,49999.999435,-1.130e-08,43.727,286.239,1.955,calibration
NH1,20672680950000,604419839.6,2019-02-26T02:22:50,1.000000,49999.999437,-1.127e-08,43.730,286.240,1.955,calibration
NH1,20679701650000,604560253.6,2019-02-27T17:23:04,1.000000,49999.999445,-1.110e-08,43.743,286.242,1.955,calibration
NH1,20683661700000,604639454.6,2019-02-28T15:23:05,1.000000,49999.999424,-1.152e-08,43.750,286.243,1.955,calibration
NH1,20688343050000,604733081.6,2019-03-01T17:23:32,1.000000,49999.999455,-1.090e-08,43.759,286.244,1.955,calibration
NH1,20691223250000,604790685.6,2019-03-02T09:23:36,1.000000,49999.999432,-1.136e-08,43.765,286.245,1.955,calibration
NH1,20705655900000,605079338.6,2019-03-05T17:34:29,1.000000,49999.999460,-1.080e-08,43.792,286.249,1.955,calibration
NH1,20708503850000,605136297.6,2019-03-06T09:23:48,1.000000,49999.999435,-1.131e-08,43.797,286.250,1.955,calibration
NH1,20722367150000,605413563.6,2019-03-09T14:24:54,1.000000,49999.999431,-1.138e-08,43.823,286.254,1.955,calibration
NH1,20724884650000,605463913.6,2019-03-10T04:24:04,1.000000,49999.999440,-1.120e-08,43.827,286.255,1.955,calibration
NH1,20731547450000,605597169.6,2019-03-11T17:25:00,1.000000,49999.999435,-1.130e-08,43.840,286.257,1.955,calibration
NH1,20734785300000,605661926.6,2019-03-12T11:24:17,1.000000,49999.999436,-1.128e-08,43.846,286.258,1.955,calibration
NH1,20748825200000,605942724.6,2019-03-15T17:24:15,1.000000,49999.999440,-1.121e-08,43.872,286.262,1.955,calibration
NH1,20761068300000,606187586.6,2019-03-18T13:25:17,1.000000,49999.999405,-1.191e-08,43.895,286.265,1.955,calibration
NH1,20763226100000,606230742.6,2019-03-19T01:24:33,1.000000,49999.999439,-1.122e-08,43.899,286.266,1.955,calibration
NH1,20773845300000,606443126.6,2019-03-21T12:24:17,1.000000,49999.999426,-1.149e-08,43.919,286.269,1.955,calibration
NH1,20779065650000,606547533.6,2019-03-22T17:24:24,1.000000,49999.999444,-1.113e-08,43.929,286.270,1.955,calibration
NH1,20783205850000,606630337.6,2019-03-23T16:24:28,1.000000,49999.999432,-1.137e-08,43.936,286.271,1.956,calibration
NH1,20787706250000,606720345.6,2019-03-24T17:24:36,1.000000,49999.999447,-1.107e-08,43.945,286.273,1.956,calibration
NH1,20791486300000,606795946.6,2019-03-25T14:24:37,1.000000,49999.999422,-1.156e-08,43.952,286.274,1.956,calibration
NH1,20794726350000,606860747.6,2019-03-26T08:24:38,1.000000,49999.999452,-1.096e-08,43.958,286.275,1.956,calibration
NH1,20797606250000,606918345.6,2019-03-27T00:24:36,1.000000,49999.999426,-1.148e-08,43.963,286.275,1.956,calibration
NH1,20801926250000,607004745.6,2019-03-28T00:24:36,1.000000,49999.999432,-1.137e-08,43.971,286.277,1.956,calibration
NH1,20809307200000,607152364.6,2019-03-29T17:24:55,1.000000,49999.999433,-1.134e-08,43.985,286.279,1.956,calibration
NH1,20813627450000,607238769.6,2019-03-30T17:25:00,1.000000,49999.999434,-1.132e-08,43.993,286.280,1.956,calibration
NH1,20817947650000,607325173.6,2019-03-31T17:25:04,1.000000,49999.999443,-1.115e-08,44.001,286.281,1.956,calibration
NH1,20820827650000,607382773.6,2019-04-01T09:25:04,1.000000,49999.999441,-1.118e-08,44.007,286.282,1.956,calibration
NH1,20825687750000,607479975.6,2019-04-02T12:25:06,1.000000,49999.999436,-1.128e-08,44.016,286.283,1.956,calibration
NH1,20830008150000,607566383.6,2019-04-03T12:25:14,1.000000,49999.999423,-1.155e-08,44.024,286.285,1.956,calibration
NH1,20839548800000,607757196.6,2019-04-05T17:25:27,1.000000,49999.999444,-1.113e-08,44.042,286.287,1.956,calibration
NH1,20839908250000,607764385.6,2019-04-05T19:25:16,1.000000,49999.999435,-1.131e-08,44.042,286.287,1.956,calibration
NH1,20848009150000,607926403.6,2019-04-07T16:25:34,1.000000,49999.999435,-1.130e-08,44.058,286.290,1.956,calibration
NH1,20852149400000,608009208.6,2019-04-08T15:25:39,1.000000,49999.999423,-1.154e-08,44.065,286.291,1.956,calibration
NH1,20856649600000,608099212.6,2019-04-09T16:25:43,1.000000,49999.999442,-1.116e-08,44.074,286.292,1.956,calibration
NH1,20860429750000,608174815.6,2019-04-10T13:25:46,1.000000,49999.999431,-1.138e-08,44.081,286.293,1.956,calibration
NH1,20864930050000,608264821.6,2019-04-11T14:25:52,1.000000,49999.999422,-1.157e-08,44.089,286.294,1.956,calibration
NH1,20869790400000,608362028.6,2019-04-12T17:25:59,1.000000,49999.999441,-1.119e-08,44.098,286.296,1.956,calibration
NH1,20873750600000,608441232.6,2019-04-13T15:26:03,1.000000,49999.999434,-1.133e-08,44.106,286.297,1.956,calibration
NH1,20877710600000,608520432.6,2019-04-14T13:26:03,1.000000,49999.999418,-1.164e-08,44.113,286.298,1.956,calibration
NH1,20881130600000,608588832.6,2019-04-15T08:26:03,1.000000,49999.999426,-1.148e-08,44.119,286.299,1.956,calibration
NH1,20886711250000,608700445.6,2019-04-16T15:26:16,1.000000,49999.999436,-1.129e-08,44.130,286.301,1.956,calibration
NH1,20890671400000,608779648.6,2019-04-17T13:26:19,1.000000,49999.999424,-1.153e-08,44.137,286.302,1.956,calibration
NH1,20895531550000,608876851.6,2019-04-18T16:26:22,1.000000,49999.999431,-1.139e-08,44.146,286.303,1.956,calibration
NH1,20899491700000,608956054.6,2019-04-19T14:26:25,1.000000,49999.999424,-1.152e-08,44.154,286.304,1.956,calibration
NH1,20904172200000,609049664.6,2019-04-20T16:26:35,1.000000,49999.999428,-1.145e-08,44.162,286.306,1.956,calibration
NH1,20908672550000,609139671.6,2019-04-21T17:26:42,1.000000,49999.999423,-1.154e-08,44.171,286.307,1.956,calibration
NH1,20912632450000,609218869.6,2019-04-22T15:26:40,1.000000,49999.999436,-1.128e-08,44.178,286.308,1.956,calibration
NH1,20916772700000,609301674.6,2019-04-23T14:26:45,1.000000,49999.999420,-1.160e-08,44.186,286.309,1.956,calibration
NH1,20921453050000,609395281.6,2019-04-24T16:26:52,1.000000,49999.999431,-1.138e-08,44.195,286.310,1.956,calibration
NH1,20925413100000,609474482.6,2019-04-25T14:26:53,1.000000,49999.999427,-1.147e-08,44.202,286.311,1.956,calibration
NH1,20930093350000,609568087.6,2019-04-26T16:26:58,1.000000,49999.999436,-1.129e-08,44.211,286.313,1.956,calibration
NH1,20933693400000,609640088.6,2019-04-27T12:26:59,1.000000,49999.999422,-1.156e-08,44.218,286.314,1.956,calibration
NH1,20938553800000,609737296.6,2019-04-28T15:27:07,1.000000,49999.999422,-1.156e-08,44.227,286.315,1.956,calibration
NH1,20942873950000,609823699.6,2019-04-29T15:27:10,1.000000,49999.999436,-1.129e-08,44.235,286.316,1.956,calibration
NH1,20945934350000,609884907.6,2019-04-30T08:27:18,1.000000,49999.999428,-1.144e-08,44.240,286.317,1.956,calibration
NH1,20950074100000,609967702.6,2019-05-01T07:27:13,1.000000,49999.999418,-1.164e-08,44.248,286.318,1.956,calibration
NH1,20955834600000,610082912.6,2019-05-02T15:27:23,1.000000,49999.999426,-1.149e-08,44.259,286.320,1.956,calibration
NH1,20964835450000,610262929.6,2019-05-04T17:27:40,1.000000,49999.999433,-1.134e-08,44.276,286.323,1.956,calibration
NH1,20968074850000,610327717.6,2019-05-05T11:27:28,1.000000,49999.999413,-1.174e-08,44.282,286.323,1.956,calibration
NH1,20973115250000,610428525.6,2019-05-06T15:27:36,1.000000,49999.999433,-1.134e-08,44.291,286.325,1.957,calibration
NH1,20976895250000,610504125.6,2019-05-07T12:27:36,1.000000,49999.999421,-1.158e-08,44.298,286.326,1.957,calibration
NH1,20986436950000,610694959.6,2019-05-09T17:28:10,1.000000,49999.999423,-1.155e-08,44.316,286.329,1.957,calibration
NH1,20990757300000,610781366.6,2019-05-10T17:28:17,1.000000,49999.999424,-1.153e-08,44.324,286.330,1.957,calibration
NH1,20993636800000,610838956.6,2019-05-11T09:28:07,1.000000,49999.999425,-1.151e-08,44.330,286.331,1.957,calibration
NH1,20999397550000,610954171.6,2019-05-12T17:28:22,1.000000,49999.999417,-1.167e-08,44.340,286.332,1.957,calibration
NH1,21003717850000,611040577.6,2019-05-13T17:28:28,1.000000,49999.999436,-1.128e-08,44.348,286.333,1.957,calibration
NH1,21007316400000,611112548.6,2019-05-14T13:27:59,1.000000,49999.999421,-1.158e-08,44.355,286.334,1.957,calibration
NH1,21011996650000,611206153.6,2019-05-15T15:28:04,1.000000,49999.999413,-1.175e-08,44.364,286.336,1.957,calibration
NH1,21016678300000,611299786.6,2019-05-16T17:28:37,1.000000,49999.999428,-1.145e-08,44.373,286.337,1.957,calibration
NH1,21020817600000,611382572.7,2019-05-17T16:28:23,1.000000,49999.999433,-1.135e-08,44.380,286.338,1.957,calibration
NH1,21024416800000,611454556.7,2019-05-18T12:28:07,1.000000,49999.999407,-1.186e-08,44.387,286.339,1.957,calibration
NH1,21029097100000,611548162.7,2019-05-19T14:28:13,1.000000,49999.999424,-1.152e-08,44.396,286.341,1.957,calibration
NH1,21033597450000,611638169.7,2019-05-20T15:28:20,1.000000,49999.999434,-1.132e-08,44.404,286.342,1.957,calibration
NH1,21037197250000,611710165.7,2019-05-21T11:28:16,1.000000,49999.999419,-1.163e-08,44.411,286.343,1.957,calibration
NH1,21041697450000,611800169.7,2019-05-22T12:28:20,1.000000,49999.999415,-1.170e-08,44.419,286.344,1.957,calibration
NH1,21046739100000,611901002.7,2019-05-23T16:28:53,1.000000,49999.999418,-1.164e-08,44.429,286.345,1.957,calibration
NH1,21051058800000,611987396.7,2019-05-24T16:28:47,1.000000,49999.999426,-1.149e-08,44.437,286.347,1.957,calibration
NH1,21053938550000,612044991.7,2019-05-25T08:28:42,1.000000,49999.999414,-1.173e-08,44.442,286.347,1.957,calibration
NH1,21059699250000,612160205.7,2019-05-26T16:28:56,1.000000,49999.999425,-1.151e-08,44.453,286.349,1.957,calibration
NH1,21063838400000,612242988.7,2019-05-27T15:28:39,1.000000,49999.999423,-1.154e-08,44.461,286.350,1.957,calibration
NH1,21068339200000,612333004.7,2019-05-28T16:28:55,1.000000,49999.999416,-1.169e-08,44.469,286.351,1.957,calibration
NH1,21076979350000,612505807.7,2019-05-30T16:28:58,1.000000,49999.999422,-1.157e-08,44.485,286.354,1.957,calibration
NH1,21081299750000,612592215.7,2019-05-31T16:29:06,1.000000,49999.999424,-1.153e-08,44.493,286.355,1.957,calibration
NH1,21085078250000,612667785.7,2019-06-01T13:28:36,1.000000,49999.999421,-1.159e-08,44.500,286.356,1.957,calibration
NH1,21089939600000,612765012.7,2019-06-02T16:29:03,1.000000,49999.999411,-1.178e-08,44.509,286.357,1.957,calibration
NH1,21094078800000,612847796.7,2019-06-03T15:28:47,1.000000,49999.999423,-1.155e-08,44.517,286.359,1.957,calibration
NH1,21098398800000,612934196.7,2019-06-04T15:28:47,1.000000,49999.999424,-1.153e-08,44.525,286.360,1.957,calibration
NH1,21101279400000,612991808.7,2019-06-05T07:28:59,1.000000,49999.999413,-1.175e-08,44.530,286.361,1.957,calibration
NH1,21107039050000,613107001.7,2019-06-06T15:28:52,1.000000,49999.999428,-1.144e-08,44.541,286.362,1.957,calibration
NH1,21109919550000,613164611.7,2019-06-07T07:29:02,1.000000,49999.999423,-1.154e-08,44.547,286.363,1.957,calibration
NH1,21116042850000,613287077.7,2019-06-08T17:30:08,1.000000,49999.999406,-1.187e-08,44.558,286.365,1.957,calibration
NH1,21119278300000,613351786.7,2019-06-09T11:28:37,1.000000,49999.999428,-1.145e-08,44.564,286.366,1.957,calibration
NH1,21123418350000,613434587.7,2019-06-10T10:28:38,1.000000,49999.999405,-1.190e-08,44.572,286.367,1.957,calibration
NH1,21128639600000,613539012.7,2019-06-11T15:29:03,1.000000,49999.999427,-1.147e-08,44.582,286.368,1.957,calibration
NH1,21132058300000,613607386.7,2019-06-12T10:28:37,1.000000,49999.999410,-1.180e-08,44.588,286.369,1.957,calibration
NH1,21137279700000,613711814.7,2019-06-13T15:29:05,1.000000,49999.999445,-1.110e-08,44.598,286.370,1.957,calibration
NH1,21139618200000,613758584.7,2019-06-14T04:28:35,1.000000,49999.999410,-1.181e-08,44.602,286.371,1.957,calibration
NH1,21145919850000,613884617.7,2019-06-15T15:29:08,1.000000,49999.999413,-1.174e-08,44.614,286.373,1.957,calibration
NH1,21148619200000,613938604.7,2019-06-16T06:28:55,1.000000,49999.999423,-1.154e-08,44.619,286.374,1.957,calibration
NH1,21152939150000,614025003.7,2019-06-17T06:28:54,1.000000,49999.999416,-1.168e-08,44.627,286.375,1.957,calibration
NH1,21158879450000,614143809.7,2019-06-18T15:29:00,1.000000,49999.999419,-1.163e-08,44.638,286.376,1.957,calibration
NH1,21161579100000,614197802.7,2019-06-19T06:28:53,1.000000,49999.999415,-1.170e-08,44.643,286.377,1.958,calibration
NH1,21165898900000,614284198.7,2019-06-20T06:28:49,1.000000,49999.999416,-1.168e-08,44.651,286.378,1.958,calibration
NH1,21171117900000,614388578.7,2019-06-21T11:28:30,1.000000,49999.999424,-1.153e-08,44.661,286.380,1.958,calibration
NH1,21175437800000,614474976.7,2019-06-22T11:28:28,1.000000,49999.999406,-1.187e-08,44.669,286.381,1.958,calibration
NH1,21180301350000,614572247.7,2019-06-23T14:29:39,1.000000,49999.999426,-1.149e-08,44.678,286.382,1.958,calibration
NH1,21184618800000,614658596.7,2019-06-24T14:28:48,1.000000,49999.999404,-1.193e-08,44.686,286.384,1.958,calibration
NH1,21187498700000,614716194.7,2019-06-25T06:28:46,1.000000,49999.999415,-1.170e-08,44.691,286.384,1.958,calibration
NH1,21193258750000,614831395.7,2019-06-26T14:28:47,1.000000,49999.999420,-1.160e-08,44.702,286.386,1.958,calibration
NH1,21201898650000,615004193.7,2019-06-28T14:28:45,1.000000,49999.999414,-1.172e-08,44.718,286.388,1.958,calibration
NH1,21204598100000,615058182.7,2019-06-29T05:28:34,1.000000,49999.999418,-1.164e-08,44.723,286.389,1.958,calibration
NH1,21210538450000,615176989.7,2019-06-30T14:28:41,1.000000,49999.999417,-1.166e-08,44.734,286.391,1.958,calibration
NH1,21214497050000,615256161.7,2019-07-01T12:28:13,1.000000,49999.999410,-1.180e-08,44.742,286.392,1.958,calibration
NH1,21218997150000,615346163.7,2019-07-02T13:28:15,1.000000,49999.999419,-1.162e-08,44.750,286.393,1.958,calibration
NH1,21222956500000,615425350.7,2019-07-03T11:28:02,1.000000,49999.999429,-1.142e-08,44.758,286.394,1.958,calibration
NH1,21226197350000,615490167.7,2019-07-04T05:28:19,1.000000,49999.999414,-1.173e-08,44.764,286.395,1.958,calibration
NH1,21232680100000,615619822.7,2019-07-05T17:29:14,1.000000,49999.999416,-1.168e-08,44.776,286.397,1.958,calibration
NH1,21235915900000,615684538.7,2019-07-06T11:27:50,1.000000,49999.999411,-1.179e-08,44.782,286.398,1.958,calibration
NH1,21240597100000,615778162.7,2019-07-07T13:28:14,1.000000,49999.999441,-1.119e-08,44.790,286.399,1.958,calibration
NH1,21245639200000,615879004.7,2019-07-08T17:28:56,1.000000,49999.999366,-1.268e-08,44.800,286.400,1.958,calibration
NH1,21247796450000,615922149.7,2019-07-09T05:28:01,1.000000,49999.999420,-1.160e-08,44.804,286.401,1.958,calibration
NH1,21253375700000,616033734.7,2019-07-10T12:27:46,1.000000,49999.999418,-1.164e-08,44.814,286.402,1.958,calibration
NH1,21258598900000,616138198.7,2019-07-11T17:28:50,1.000000,49999.999408,-1.183e-08,44.824,286.404,1.958,calibration
NH1,21262195500000,616210130.7,2019-07-12T13:27:42,1.000000,49999.999417,-1.167e-08,44.831,286.405,1.958,calibration
NH1,21265794500000,616282110.7,2019-07-13T09:27:22,1.000000,49999.999422,-1.156e-08,44.837,286.406,1.958,calibration
NH1,21269214750000,616350515.7,2019-07-14T04:27:27,1.000000,49999.999415,-1.171e-08,44.844,286.407,1.958,calibration
NH1,21275878150000,616483783.7,2019-07-15T17:28:35,1.000000,49999.999415,-1.171e-08,44.856,286.409,1.958,calibration
NH1,21279113850000,616548497.7,2019-07-16T11:27:09,1.000000,49999.999424,-1.153e-08,44.862,286.409,1.958,calibration
NH1,21283073350000,616627687.7,2019-07-17T09:26:59,1.000000,49999.999414,-1.172e-08,44.870,286.411,1.958,calibration
NH1,21287573250000,616717685.7,2019-07-18T10:26:57,1.000000,49999.999410,-1.180e-08,44.878,286.412,1.958,calibration
NH1,21292253800000,616811296.7,2019-07-19T12:27:08,1.000000,49999.999417,-1.166e-08,44.887,286.413,1.958,calibration
NH1,21296212750000,616890475.7,2019-07-20T10:26:47,1.000000,49999.999418,-1.165e-08,44.894,286.414,1.958,calibration
NH1,21305212800000,617070476.7,2019-07-22T12:26:48,1.000000,49999.999413,-1.174e-08,44.911,286.417,1.958,calibration
NH1,21308092800000,617128076.7,2019-07-23T04:26:48,1.000000,49999.999426,-1.148e-08,44.916,286.417,1.958,calibration
NH1,21314755150000,617261323.7,2019-07-24T17:27:35,1.000000,49999.999407,-1.186e-08,44.929,286.419,1.958,calibration
NH1,21317811300000,617322446.7,2019-07-25T10:26:18,1.000000,49999.999409,-1.182e-08,44.934,286.420,1.958,calibration
NH1,21322311350000,617412447.7,2019-07-26T11:26:19,1.000000,49999.999432,-1.137e-08,44.943,286.421,1.958,calibration
NH1,21325371400000,617473648.7,2019-07-27T04:26:20,1.000000,49999.999413,-1.174e-08,44.949,286.422,1.958,calibration
NH1,21330590100000,617578022.7,2019-07-28T09:25:54,1.000000,49999.999417,-1.166e-08,44.958,286.423,1.958,calibration
NH1,21335450900000,617675238.7,2019-07-29T12:26:10,1.000000,49999.999428,-1.145e-08,44.967,286.425,1.958,calibration
NH1,21339049250000,617747205.7,2019-07-30T08:25:37,1.000000,49999.999411,-1.178e-08,44.974,286.426,1.958,calibration
NH1,21343729150000,617840803.7,2019-07-31T10:25:35,1.000000,49999.999430,-1.140e-08,44.983,286.427,1.958,calibration
NH1,21346789700000,617902014.7,2019-08-01T03:25:46,1.000000,49999.999419,-1.162e-08,44.988,286.428,1.958,calibration
NH1,21352008200000,618006384.7,2019-08-02T08:25:16,1.000000,49999.999424,-1.152e-08,44.998,286.429,1.958,calibration
NH1,21357952050000,618125261.7,2019-08-03T17:26:33,1.000000,49999.999419,-1.163e-08,45.009,286.431,1.959,calibration
NH1,21362271800000,618211656.7,2019-08-04T17:26:28,1.000000,49999.999392,-1.216e-08,45.017,286.432,1.959,calibration
NH1,21365508150000,618276383.7,2019-08-05T11:25:15,1.000000,49999.999419,-1.162e-08,45.023,286.433,1.959,calibration
NH1,21368388000000,618333980.7,2019-08-06T03:25:12,1.000000,49999.999417,-1.166e-08,45.029,286.434,1.959,calibration
NH1,21375230200000,618470824.7,2019-08-07T17:25:56,1.000000,49999.999425,-1.151e-08,45.041,286.436,1.959,calibration
NH1,21378106000000,618528340.7,2019-08-08T09:24:32,1.000000,49999.999420,-1.160e-08,45.047,286.436,1.959,calibration
NH1,21382605950000,618618339.7,2019-08-09T10:24:31,1.000000,49999.999420,-1.161e-08,45.055,286.438,1.959,calibration
NH1,21386745300000,618701126.7,2019-08-10T09:24:18,1.000000,49999.999418,-1.165e-08,45.063,286.439,1.959,calibration
NH1,21392508350000,618816387.7,2019-08-11T17:25:19,1.000000,49999.999431,-1.138e-08,45.074,286.440,1.959,calibration
NH1,21396827900000,618902778.7,2019-08-12T17:25:10,1.000000,49999.999399,-1.202e-08,45.082,286.441,1.959,calibration
NH1,21399884050000,618963901.7,2019-08-13T10:23:53,1.000000,49999.999428,-1.145e-08,45.087,286.442,1.959,calibration
NH1,21403843400000,619043088.7,2019-08-14T08:23:40,1.000000,49999.999419,-1.163e-08,45.095,286.443,1.959,calibration
NH1,21408523400000,619136688.7,2019-08-15T10:23:40,1.000000,49999.999413,-1.175e-08,45.104,286.445,1.959,calibration
NH1,21412843000000,619223080.7,2019-08-16T10:23:32,1.000000,49999.999426,-1.148e-08,45.112,286.446,1.959,calibration
NH1,21417162650000,619309473.7,2019-08-17T10:23:25,1.000000,49999.999424,-1.152e-08,45.120,286.447,1.959,calibration
NH1,21421301700000,619392254.7,2019-08-18T09:23:06,1.000000,49999.999408,-1.184e-08,45.127,286.448,1.959,calibration
NH1,21424362100000,619453462.7,2019-08-19T02:23:14,1.000000,49999.999420,-1.161e-08,45.133,286.449,1.959,calibration
NH1,21430121350000,619568647.7,2019-08-20T10:22:59,1.000000,49999.999417,-1.167e-08,45.144,286.450,1.959,calibration
NH1,21435703600000,619680292.7,2019-08-21T17:23:44,1.000000,49999.999433,-1.134e-08,45.154,286.452,1.959,calibration
NH1,21440020200000,619766624.7,2019-08-22T17:22:36,1.000000,49999.999427,-1.146e-08,45.162,286.453,1.959,calibration
NH1,21443079850000,619827817.7,2019-08-23T10:22:29,1.000000,49999.999436,-1.128e-08,45.168,286.454,1.959,calibration
NH1,21448662450000,619939469.7,2019-08-24T17:23:21,1.000000,49999.999392,-1.217e-08,45.178,286.455,1.959,calibration
NH1,21451538750000,619996995.7,2019-08-25T09:22:07,1.000000,49999.999424,-1.153e-08,45.184,286.456,1.959,calibration
NH1,21455858200000,620083384.7,2019-08-26T09:21:56,1.000000,49999.999419,-1.162e-08,45.192,286.457,1.959,calibration
NH1,21459637100000,620158962.8,2019-08-27T06:21:34,1.000000,49999.999424,-1.153e-08,45.199,286.458,1.959,calibration
NH1,21464316650000,620252553.8,2019-08-28T08:21:25,1.000000,49999.999425,-1.151e-08,45.208,286.460,1.959,calibration
NH1,21468095850000,620328137.8,2019-08-29T05:21:09,1.000000,49999.999423,-1.155e-08,45.215,286.461,1.959,calibration
NH1,21472956850000,620425357.8,2019-08-30T08:21:29,1.000000,49999.999424,-1.153e-08,45.224,286.462,1.959,calibration
NH1,21487536400000,620716948.8,2019-09-02T17:21:20,1.000000,49999.999429,-1.142e-08,45.251,286.466,1.959,calibration
NH1,21493296150000,620832143.8,2019-09-04T01:21:15,1.000000,49999.999426,-1.148e-08,45.262,286.467,1.959,calibration
NH1,21500497150000,620976163.8,2019-09-05T17:21:35,1.000000,49999.999417,-1.167e-08,45.275,286.469,1.959,calibration
NH1,21503373100000,621033682.8,2019-09-06T09:20:14,1.000000,49999.999429,-1.142e-08,45.280,286.470,1.959,calibration
NH1,21509132500000,621148870.8,2019-09-07T17:20:02,1.000000,49999.999431,-1.138e-08,45.291,286.472,1.959,calibration
NH1,21513451800000,621235256.8,2019-09-08T17:19:48,1.000000,49999.999418,-1.164e-08,45.299,286.473,1.959,calibration
NH1,21515970000000,621285620.8,2019-09-09T07:19:12,1.000000,49999.999435,-1.131e-08,45.304,286.473,1.959,calibration
NH1,21522090800000,621408036.8,2019-09-10T17:19:28,1.000000,49999.999426,-1.149e-08,45.315,286.475,1.959,calibration
NH1,21524789150000,621462003.8,2019-09-11T08:18:55,1.000000,49999.999431,-1.138e-08,45.320,286.476,1.959,calibration
NH1,21530729500000,621580810.8,2019-09-12T17:19:02,1.000000,49999.999426,-1.148e-08,45.331,286.477,1.959,calibration
NH1,21535049400000,621667208.8,2019-09-13T17:19:00,1.000000,49999.999441,-1.118e-08,45.339,286.479,1.959,calibration
NH1,21539190700000,621750034.8,2019-09-14T16:19:26,1.000000,49999.999407,-1.186e-08,45.347,286.480,1.959,calibration
NH1,21541526400000,621796748.8,2019-09-15T05:18:00,1.000000,49999.999427,-1.146e-08,45.351,286.480,1.959,calibration
NH1,21547827550000,621922771.8,2019-09-16T16:18:23,1.000000,49999.999430,-1.140e-08,45.363,286.482,1.959,calibration
NH1,21550165200000,621969524.8,2019-09-17T05:17:36,1.000000,49999.999436,-1.128e-08,45.367,286.483,1.959,calibration
NH1,21554844850000,622063117.8,2019-09-18T07:17:29,1.000000,49999.999427,-1.146e-08,45.376,286.484,1.960,calibration
NH1,21559344800000,622153116.8,2019-09-19T08:17:28,1.000000,49999.999435,-1.130e-08,45.385,286.485,1.960,calibration
NH1,21565105300000,622268326.8,2019-09-20T16:17:38,1.000000,49999.999411,-1.178e-08,45.395,286.487,1.960,calibration
NH1,21566543850000,622297097.8,2019-09-21T00:17:09,1.000000,49999.999433,-1.135e-08,45.398,286.487,1.960,calibration
NH1,21573743900000,622441098.8,2019-09-22T16:17:10,1.000000,49999.999435,-1.130e-08,45.411,286.489,1.960,calibration
NH1,21578063100000,622527482.8,2019-09-23T16:16:54,1.000000,49999.999448,-1.105e-08,45.419,286.490,1.960,calibration
NH1,21582561800000,622617456.8,2019-09-24T17:16:28,1.000000,49999.999343,-1.315e-08,45.428,286.491,1.960,calibration
NH1,21583280300000,622631826.8,2019-09-24T21:15:58,1.000000,49999.999432,-1.137e-08,45.429,286.491,1.960,calibration
NH1,21589039700000,622747014.8,2019-09-26T05:15:46,1.000000,49999.999435,-1.131e-08,45.440,286.493,1.960,calibration
NH1,21598220000000,622930620.8,2019-09-28T08:15:52,1.000000,49999.999435,-1.130e-08,45.457,286.495,1.960,calibration
NH1,21603799600000,623042212.8,2019-09-29T15:15:44,1.000000,49999.999424,-1.153e-08,45.467,286.497,1.960,calibration
NH1,21606677850000,623099777.8,2019-09-30T07:15:09,1.000000,49999.999437,-1.127e-08,45.473,286.498,1.960,calibration
NH1,21621076500000,623387750.8,2019-10-03T15:14:42,1.000000,49999.999453,-1.095e-08,45.500,286.501,1.960,calibration
NH1,21625755400000,623481328.8,2019-10-04T17:14:20,1.000000,49999.999437,-1.126e-08,45.508,286.503,1.960,calibration
NH1,21630074700000,623567714.8,2019-10-05T17:14:06,1.000000,49999.999391,-1.219e-08,45.516,286.504,1.960,calibration
NH1,21632594100000,623618102.8,2019-10-06T07:13:54,1.000000,49999.999444,-1.113e-08,45.521,286.504,1.960,calibration
NH1,21638354600000,623733312.8,2019-10-07T15:14:04,1.000000,49999.999435,-1.130e-08,45.532,286.506,1.960,calibration
NH1,21649691100000,623960042.8,2019-10-10T06:12:54,1.000000,49999.999450,-1.101e-08,45.553,286.509,1.960,calibration
NH1,21655991100000,624086042.8,2019-10-11T17:12:54,1.000000,49999.999322,-1.356e-08,45.565,286.511,1.960,calibration
NH1,21656890900000,624104038.8,2019-10-11T22:12:50,1.000000,49999.999440,-1.121e-08,45.566,286.511,1.960,calibration
NH1,21664270600000,624251632.8,2019-10-13T15:12:44,1.000000,49999.999446,-1.108e-08,45.580,286.513,1.960,calibration
NH1,21668410250000,624334425.8,2019-10-14T14:12:37,1.000000,49999.999439,-1.123e-08,45.588,286.514,1.960,calibration
NH1,21674168600000,624449592.8,2019-10-15T22:12:04,1.000000,49999.999433,-1.134e-08,45.598,286.515,1.960,calibration
NH1,21681452350000,624595267.8,2019-10-17T14:39:59,1.000000,49999.999459,-1.083e-08,45.612,286.517,1.960,calibration
NH1,21686226450000,624690749.8,2019-10-18T17:11:21,1.000000,49999.999405,-1.189e-08,45.621,286.519,1.960,calibration
NH1,21688569400000,624737608.8,2019-10-19T06:12:20,1.000000,49999.999439,-1.123e-08,45.625,286.519,1.960,calibration
NH1,21692885350000,624823927.8,2019-10-20T06:10:59,1.000000,49999.999441,-1.119e-08,45.633,286.520,1.960,calibration
NH1,21698645750000,624939135.8,2019-10-21T14:11:07,1.000000,49999.999441,-1.118e-08,45.644,286.522,1.960,calibration
NH1,21701343700000,624993094.8,2019-10-22T05:10:26,1.000000,49999.999447,-1.106e-08,45.649,286.523,1.960,calibration
NH1,21715022150000,625266663.8,2019-10-25T09:09:55,1.000000,49999.999421,-1.159e-08,45.674,286.526,1.960,calibration
NH1,21718802200000,625342264.8,2019-10-26T06:09:56,1.000000,49999.999453,-1.094e-08,45.682,286.527,1.960,calibration
NH1,21722400400000,625414228.8,2019-10-27T02:09:20,1.000000,49999.999434,-1.133e-08,45.688,286.528,1.960,calibration
NH1,21727260350000,625511427.8,2019-10-28T05:09:19,1.000000,49999.999456,-1.088e-08,45.697,286.529,1.960,calibration
NH1,21732299450000,625612209.8,2019-10-29T09:09:01,1.000000,49999.999429,-1.142e-08,45.707,286.531,1.960,calibration
NH1,21735898950000,625684199.8,2019-10-30T05:08:51,1.000000,49999.999442,-1.116e-08,45.713,286.532,1.960,calibration
NH1,21742382850000,625813877.8,2019-10-31T17:10:09,1.000000,49999.999589,-8.220e-09,45.725,286.533,1.960,calibration
NH1,21742741750000,625821055.8,2019-10-31T19:09:47,1.000000,49999.999431,-1.139e-08,45.726,286.534,1.960,calibration
NH1,21748676850000,625939757.8,2019-11-02T04:08:09,1.000000,49999.999449,-1.102e-08,45.737,286.535,1.960,calibration
NH1,21753176450000,626029749.8,2019-11-03T05:08:01,1.000000,49999.999449,-1.103e-08,45.746,286.536,1.960,calibration
NH1,21758936800000,626144956.8,2019-11-04T13:08:08,1.000000,49999.999430,-1.140e-08,45.756,286.538,1.961,calibration
NH1,21760376000000,626173740.8,2019-11-04T21:07:52,1.000000,49999.999449,-1.102e-08,45.759,286.538,1.961,calibration
NH1,21768114900000,626328518.8,2019-11-06T16:07:30,1.000000,49999.999441,-1.118e-08,45.773,286.540,1.961,calibration
NH1,21776214650000,626490513.8,2019-11-08T13:07:25,1.000000,49999.999453,-1.095e-08,45.788,286.542,1.961,calibration
NH1,21780173300000,626569686.8,2019-11-09T11:06:58,1.000000,49999.999439,-1.122e-08,45.796,286.543,1.961,calibration
NH1,21784853950000,626663299.8,2019-11-10T13:07:11,1.000000,49999.999433,-1.134e-08,45.804,286.545,1.961,calibration
NH1,21787551850000,626717257.8,2019-11-11T04:06:29,1.000000,49999.999450,-1.100e-08,45.809,286.545,1.961,calibration
NH1,21791511050000,626796441.8,2019-11-12T02:06:13,1.000000,49999.999455,-1.091e-08,45.817,286.546,1.961,calibration
NH1,21798531050000,626936841.8,2019-11-13T17:06:13,1.000000,49999.999412,-1.177e-08,45.830,286.548,1.961,calibration
NH1,21799070500000,626947630.8,2019-11-13T20:06:02,1.000000,49999.999454,-1.092e-08,45.831,286.548,1.961,calibration
NH1,21806810050000,627102421.8,2019-11-15T15:05:53,1.000000,49999.999447,-1.107e-08,45.845,286.550,1.961,calibration
NH1,21811129600000,627188812.8,2019-11-16T15:05:44,1.000000,49999.999415,-1.170e-08,45.853,286.551,1.961,calibration
NH1,21813108300000,627228386.8,2019-11-17T02:05:18,1.000000,49999.999438,-1.125e-08,45.857,286.552,1.961,calibration
NH1,21817607850000,627318377.8,2019-11-18T03:05:09,1.000000,49999.999456,-1.089e-08,45.865,286.553,1.961,calibration
NH1,21823548450000,627437189.8,2019-11-19T12:05:21,1.000000,49999.999448,-1.104e-08,45.876,286.555,1.961,calibration
NH1,21828767350000,627541567.8,2019-11-20T17:04:59,1.000000,49999.999454,-1.093e-08,45.886,286.556,1.961,calibration
NH1,21829307350000,627552367.8,2019-11-20T20:04:59,1.000000,49999.999449,-1.103e-08,45.887,286.556,1.961,calibration
NH1,21837406150000,627714343.8,2019-11-22T17:04:35,1.000000,49999.999449,-1.102e-08,45.902,286.558,1.961,calibration
NH1,21840826750000,627782755.8,2019-11-23T12:04:47,1.000000,49999.999453,-1.095e-08,45.909,286.559,1.961,calibration
NH1,21846045300000,627887126.8,2019-11-24T17:04:18,1.000000,49999.999446,-1.109e-08,45.918,286.561,1.961,calibration
NH1,21849466100000,627955542.8,2019-11-25T12:04:34,1.000000,49999.999438,-1.125e-08,45.925,286.561,1.961,calibration
NH1,21852164100000,628009502.8,2019-11-26T03:03:54,1.000000,49999.999451,-1.098e-08,45.930,286.562,1.961,calibration
NH1,21869442150000,628355063.8,2019-11-30T03:03:15,1.000000,49999.999450,-1.101e-08,45.962,286.567,1.961,calibration
NH1,21876281750000,628491855.8,2019-12-01T17:03:07,1.000000,49999.999454,-1.092e-08,45.975,286.568,1.961,calibration
NH1,21879522700000,628556674.8,2019-12-02T11:03:26,1.000000,49999.999445,-1.110e-08,45.981,286.569,1.961,calibration
NH1,21882400850000,628614237.8,2019-12-03T03:02:49,1.000000,49999.999445,-1.110e-08,45.986,286.570,1.961,calibration
NH1,21888884100000,628743902.8,2019-12-04T15:03:54,1.000000,49999.999468,-1.065e-08,45.998,286.572,1.961,calibration
NH1,21891040000000,628787020.8,2019-12-05T03:02:32,1.000000,49999.999453,-1.094e-08,46.002,286.572,1.961,calibration
NH1,21909578750000,629157795.9,2019-12-09T10:02:07,1.000000,49999.999452,-1.096e-08,46.037,286.577,1.961,calibration
NH1,21915158550000,629269391.9,2019-12-10T17:02:03,1.000000,49999.999443,-1.115e-08,46.047,286.579,1.961,calibration
NH1,21916777250000,629301765.9,2019-12-11T02:01:37,1.000000,49999.999452,-1.096e-08,46.050,286.579,1.961,calibration
NH1,21928117150000,629528563.9,2019-12-13T17:01:35,1.000000,49999.999464,-1.072e-08,46.071,286.582,1.961,calibration
NH1,21931176950000,629589759.9,2019-12-14T10:01:31,1.000000,49999.999457,-1.086e-08,46.077,286.583,1.961,calibration
NH1,21935135800000,629668936.9,2019-12-15T08:01:08,1.000000,49999.999451,-1.099e-08,46.084,286.584,1.961,calibration
NH1,21939816200000,629762544.9,2019-12-16T10:01:16,1.000000,49999.999446,-1.109e-08,46.093,286.585,1.961,calibration
NH1,21945395700000,629874134.9,2019-12-17T17:01:06,1.000000,49999.999454,-1.093e-08,46.103,286.586,1.961,calibration
NH1,21949715300000,629960526.9,2019-12-18T17:00:58,1.000000,49999.999347,-1.306e-08,46.111,286.587,1.961,calibration
NH1,21949895200000,629964124.9,2019-12-18T18:00:56,1.000000,49999.999467,-1.067e-08,46.112,286.588,1.961,calibration
NH1,21958354250000,630133305.9,2019-12-20T17:00:37,1.000000,49999.999360,-1.281e-08,46.127,286.590,1.961,calibration
NH1,21958892950000,630144079.9,2019-12-20T20:00:11,1.000000,49999.999448,-1.105e-08,46.128,286.590,1.961,calibration
NH1,21965736450000,630280949.9,2019-12-22T10:01:21,1.000000,49999.999459,-1.083e-08,46.141,286.592,1.962,calibration
NH1,21973832800000,630442876.9,2019-12-24T07:00:08,1.000000,49999.999452,-1.096e-08,46.156,286.594,1.962,calibration
NH1,21988594050000,630738101.9,2019-12-27T17:00:33,1.000000,49999.999479,-1.042e-08,46.184,286.598,1.962,calibration
NH1,21992911750000,630824455.9,2019-12-28T16:59:47,1.000000,49999.999446,-1.109e-08,46.192,286.599,1.962,calibration
NH1,21997231450000,630910849.9,2019-12-29T16:59:41,1.000000,49999.999442,-1.117e-08,46.200,286.600,1.962,calibration
NH1,22001191350000,630990047.9,2019-12-30T14:59:39,1.000000,49999.999456,-1.088e-08,46.207,286.601,1.962,calibration
NH1,22018830350000,631342827.9,2020-01-03T16:59:19,1.000000,49999.999447,-1.107e-08,46.240,286.605,1.962,calibration
NH1,22021711300000,631400446.9,2020-01-04T08:59:38,1.000000,49999.999462,-1.077e-08,46.245,286.606,1.962,calibration
NH1,22027469750000,631515615.9,2020-01-05T16:59:07,1.000000,49999.999421,-1.159e-08,46.256,286.608,1.962,calibration
NH1,22030350850000,631573237.9,2020-01-06T08:59:29,1.000000,49999.999471,-1.059e-08,46.261,286.608,1.962,calibration
NH1,22034129300000,631648806.9,2020-01-07T05:58:58,1.000000,49999.999461,-1.079e-08,46.268,286.609,1.962,calibration
NH1,22040429350000,631774807.9,2020-01-08T16:58:59,1.000000,49999.999458,-1.085e-08,46.280,286.611,1.962,calibration
NH1,22049068950000,631947599.9,2020-01-10T16:58:51,1.000000,49999.999453,-1.095e-08,46.296,286.613,1.962,calibration
NH1,22053208800000,632030396.9,2020-01-11T15:58:48,1.000000,49999.999457,-1.087e-08,46.304,286.614,1.962,calibration
NH1,22057708600000,632120392.9,2020-01-12T16:58:44,1.000000,49999.999415,-1.171e-08,46.312,286.615,1.962,calibration
NH1,22058067350000,632127567.9,2020-01-12T18:58:19,1.000000,49999.999459,-1.082e-08,46.313,286.615,1.962,calibration
NH1,22064368000000,632253580.9,2020-01-14T05:58:32,1.000000,49999.999455,-1.091e-08,46.324,286.617,1.962,calibration
NH1,22068507950000,632336379.9,2020-01-15T04:58:31,1.000000,49999.999456,-1.088e-08,46.332,286.618,1.962,calibration
NH1,22074988050000,632465981.9,2020-01-16T16:58:33,1.000000,49999.999452,-1.096e-08,46.344,286.620,1.962,calibration
NH1,22077688800000,632519996.9,2020-01-17T07:58:48,1.000000,49999.999444,-1.113e-08,46.349,286.620,1.962,calibration
NH1,22080567350000,632577567.9,2020-01-17T23:58:19,1.000000,49999.999459,-1.082e-08,46.355,286.621,1.962,calibration
NH1,22086328550000,632692791.9,2020-01-19T07:58:43,1.000000,49999.999460,-1.081e-08,46.365,286.623,1.962,calibration
NH1,22091547550000,632797171.9,2020-01-20T12:58:23,1.000000,49999.999458,-1.084e-08,46.375,286.624,1.962,calibration
NH1,22109547050000,633157161.9,2020-01-24T16:58:13,1.000000,49999.999440,-1.120e-08,46.408,286.629,1.962,calibration
NH1,22113688500000,633239990.9,2020-01-25T15:58:42,1.000000,49999.999463,-1.075e-08,46.416,286.630,1.962,calibration
NH1,22115846600000,633283152.9,2020-01-26T03:58:04,1.000000,49999.999456,-1.088e-08,46.420,286.630,1.962,calibration
NH1,22131146750000,633589155.9,2020-01-29T16:58:07,1.000000,49999.999450,-1.101e-08,46.449,286.634,1.962,calibration
NH1,22134566700000,633657554.9,2020-01-30T11:58:06,1.000000,49999.999462,-1.076e-08,46.455,286.635,1.962,calibration
NH1,22143567100000,633837562.9,2020-02-01T13:58:14,1.000000,49999.999369,-1.263e-08,46.472,286.637,1.962,calibration
NH1,22145186300000,633869946.9,2020-02-01T22:57:58,1.000000,49999.999460,-1.081e-08,46.475,286.638,1.962,calibration
NH1,22150947050000,633985161.9,2020-02-03T06:58:13,1.000000,49999.999451,-1.098e-08,46.485,286.639,1.962,calibration
NH1,22161028100000,634186782.9,2020-02-05T14:58:34,1.000000,49999.999454,-1.092e-08,46.504,286.642,1.962,calibration
NH1,22169668000000,634359580.9,2020-02-07T14:58:32,1.000000,49999.999469,-1.062e-08,46.520,286.644,1.963,calibration
NH1,22174351150000,634453243.9,2020-02-08T16:59:35,1.000000,49999.999442,-1.117e-08,46.529,286.645,1.963,calibration
NH1,22177766850000,634521557.9,2020-02-09T11:58:09,1.000000,49999.999446,-1.109e-08,46.535,286.646,1.963,calibration
NH1,22181187700000,634589974.9,2020-02-10T06:58:26,1.000000,49999.999470,-1.061e-08,46.542,286.647,1.963,calibration
NH1,22186948400000,634705188.9,2020-02-11T14:58:40,1.000000,49999.999441,-1.118e-08,46.552,286.648,1.963,calibration
NH1,22190186950000,634769959.9,2020-02-12T08:58:11,1.000000,49999.999447,-1.106e-08,46.558,286.649,1.963,calibration
NH1,22200271400000,634971648.9,2020-02-14T16:59:40,1.000000,49999.999479,-1.042e-08,46.577,286.652,1.963,calibration
NH1,22204591450000,635058049.9,2020-02-15T16:59:41,1.000000,49999.999424,-1.152e-08,46.585,286.653,1.963,calibration
NH1,22208368650000,635133593.9,2020-02-16T13:58:45,1.000000,49999.995597,-8.807e-08,46.592,286.654,1.963,calibration
NH1,22211247600000,635191172.9,2020-02-17T05:58:24,1.000000,49999.999438,-1.125e-08,46.597,286.654,1.963,calibration
NH1,22221328900000,635392798.9,2020-02-19T13:58:50,1.000000,49999.999446,-1.108e-08,46.616,286.657,1.963,calibration
NH1,22229968900000,635565598.9,2020-02-21T13:58:50,1.000000,49999.999450,-1.101e-08,46.632,286.659,1.963,calibration
NH1,22234652100000,635659262.9,2020-02-22T15:59:54,1.000000,49999.999433,-1.135e-08,46.641,286.660,1.963,calibration
NH1,22237168500000,635709590.9,2020-02-23T05:58:42,1.000000,49999.999435,-1.131e-08,46.646,286.661,1.963,calibration
NH1,22241488750000,635795995.9,2020-02-24T05:58:47,1.000000,49999.999443,-1.115e-08,46.654,286.662,1.963,calibration
NH1,22245809050000,635882401.9,2020-02-25T05:58:53,1.000000,49999.999470,-1.060e-08,46.662,286.663,1.963,calibration
NH1,22249048250000,635947185.9,2020-02-25T23:58:37,1.000000,49999.999430,-1.141e-08,46.668,286.664,1.963,calibration
NH1,22253368100000,636033582.9,2020-02-26T23:58:34,1.000000,49999.999436,-1.129e-08,46.676,286.665,1.963,calibration
NH1,22260573050000,636177681.9,2020-02-28T16:00:13,1.000000,49999.999445,-1.111e-08,46.689,286.667,1.963,calibration
NH1,22263988450000,636245989.9,2020-02-29T10:58:41,1.000000,49999.999437,-1.127e-08,46.695,286.668,1.963,calibration
NH1,22268669800000,636339616.9,2020-03-01T12:59:08,1.000000,49999.999437,-1.126e-08,46.704,286.669,1.963,calibration
NH1,22277310350000,636512427.9,2020-03-03T12:59:19,1.000000,49999.999461,-1.078e-08,46.720,286.671,1.963,calibration
NH1,22282353700000,636613294.9,2020-03-04T17:00:26,1.000000,49999.999410,-1.181e-08,46.730,286.672,1.963,calibration
NH1,22285950850000,636685237.9,2020-03-05T12:59:29,1.000000,49999.999449,-1.103e-08,46.736,286.673,1.963,calibration
NH1,22290994050000,636786101.9,2020-03-06T17:00:33,1.000000,49999.999417,-1.166e-08,46.746,286.674,1.963,calibration
NH1,22294590850000,636858037.9,2020-03-07T12:59:29,1.000000,49999.999467,-1.066e-08,46.752,286.675,1.963,calibration
NH1,22298009600000,636926412.9,2020-03-08T07:59:04,1.000000,49999.999430,-1.141e-08,46.759,286.676,1.963,calibration
NH1,22303050550000,637027231.9,2020-03-09T11:59:23,1.000000,49999.999438,-1.124e-08,46.768,286.678,1.963,calibration
NH1,22306649850000,637099217.9,2020-03-10T07:59:09,1.000000,49999.999439,-1.123e-08,46.775,286.678,1.963,calibration
NH1,22314029900000,637246818.9,2020-03-12T00:59:10,1.000000,49999.999441,-1.118e-08,46.788,286.680,1.963,calibration
NH1,22321234600000,637390912.9,2020-03-13T17:00:44,1.000000,49999.999417,-1.166e-08,46.802,286.682,1.963,calibration
NH1,22324471250000,637455645.9,2020-03-14T10:59:37,1.000000,49999.999449,-1.102e-08,46.808,286.683,1.963,calibration
NH1,22328250750000,637531236.0,2020-03-15T07:59:27,1.000000,49999.999427,-1.146e-08,46.815,286.684,1.963,calibration
NH1,22333292300000,637632067.0,2020-03-16T11:59:58,1.000000,49999.999459,-1.082e-08,46.824,286.685,1.963,calibration
NH1,22335451050000,637675242.0,2020-03-16T23:59:33,1.000000,49999.999425,-1.150e-08,46.828,286.686,1.963,calibration
NH1,22340131050000,637768842.0,2020-03-18T01:59:33,1.000000,49999.999453,-1.094e-08,46.837,286.687,1.963,calibration
NH1,22343911500000,637844451.0,2020-03-18T22:59:42,1.000000,49999.999436,-1.129e-08,46.844,286.688,1.963,calibration
NH1,22350935700000,637984935.0,2020-03-20T14:01:06,1.000000,49999.999405,-1.190e-08,46.857,286.690,1.963,calibration
NH1,22353452650000,638035274.0,2020-03-21T04:00:05,1.000000,49999.999435,-1.130e-08,46.862,286.690,1.963,calibration
NH1,22362093550000,638208092.0,2020-03-23T04:00:23,1.000000,49999.999433,-1.134e-08,46.878,286.692,1.963,calibration
NH1,22367854200000,638323305.0,2020-03-24T12:00:36,1.000000,49999.999443,-1.115e-08,46.888,286.694,1.963,calibration
NH1,22370552850000,638377278.0,2020-03-25T03:00:09,1.000000,49999.999435,-1.130e-08,46.893,286.694,1.963,calibration
NH1,22374332600000,638452873.0,2020-03-26T00:00:04,1.000000,49999.999432,-1.136e-08,46.900,286.695,1.963,calibration
NH1,22379374450000,638553710.0,2020-03-27T04:00:41,1.000000,49999.999426,-1.148e-08,46.910,286.697,1.963,calibration
NH1,22386037700000,638686975.0,2020-03-28T17:01:46,1.000000,49999.999435,-1.130e-08,46.922,286.698,1.964,calibration
NH1,22389455100000,638755323.0,2020-03-29T12:00:54,1.000000,49999.999438,-1.124e-08,46.928,286.699,1.964,calibration
NH1,22397554300000,638917307.0,2020-03-31T09:00:38,1.000000,49999.999431,-1.139e-08,46.944,286.701,1.964,calibration
NH1,22406014600000,639086513.0,2020-04-02T08:00:44,1.000000,49999.999431,-1.139e-08,46.959,286.703,1.964,calibration
NH1,22411959450000,639205410.0,2020-04-03T17:02:21,1.000000,49999.999426,-1.149e-08,46.970,286.705,1.964,calibration
NH1,22415195800000,639270137.0,2020-04-04T11:01:08,1.000000,49999.999435,-1.130e-08,46.976,286.706,1.964,calibration
NH1,22423295500000,639432131.0,2020-04-06T08:01:02,1.000000,49999.999417,-1.166e-08,46.991,286.708,1.964,calibration
NH1,22428158550000,639529392.0,2020-04-07T11:02:03,1.000000,49999.999439,-1.122e-08,47.000,286.709,1.964,calibration
NH1,22432477300000,639615767.0,2020-04-08T11:01:38,1.000000,49999.999431,-1.138e-08,47.008,286.710,1.964,calibration
NH1,22437161000000,639709441.0,2020-04-09T13:02:52,1.000000,49999.999413,-1.174e-08,47.017,286.711,1.964,calibration
NH1,22439677450000,639759770.0,2020-04-10T03:01:41,1.000000,49999.999433,-1.134e-08,47.022,286.712,1.964,calibration
NH1,22445438300000,639874987.0,2020-04-11T11:01:58,1.000000,49999.999424,-1.153e-08,47.032,286.713,1.964,calibration
NH1,22455161350000,640069448.0,2020-04-13T17:02:59,1.000000,49999.999447,-1.107e-08,47.050,286.715,1.964,calibration
NH1,22458218850000,640130598.0,2020-04-14T10:02:09,1.000000,49999.999429,-1.142e-08,47.056,286.716,1.964,calibration
NH1,22462177550000,640209772.0,2020-04-15T08:01:43,1.000000,49999.999425,-1.151e-08,47.064,286.717,1.964,calibration
NH1,22469558800000,640357397.0,2020-04-17T01:02:08,1.000000,49999.999431,-1.139e-08,47.077,286.719,1.964,calibration
NH1,22475499850000,640476218.0,2020-04-18T10:02:29,1.000000,49999.999420,-1.161e-08,47.088,286.721,1.964,calibration
NH1,22479638800000,640558997.0,2020-04-19T09:02:08,1.000000,49999.999439,-1.122e-08,47.096,286.722,1.964,calibration
NH1,22484503350000,640656288.0,2020-04-20T12:03:39,1.000000,49999.999411,-1.179e-08,47.105,286.723,1.964,calibration
NH1,22487022400000,640706669.0,2020-04-21T02:03:20,1.000000,49999.999424,-1.152e-08,47.110,286.723,1.964,calibration
NH1,22501423350000,640994688.0,2020-04-24T10:03:39,1.000000,49999.999429,-1.142e-08,47.136,286.727,1.964,calibration
NH1,22521402900000,641394279.0,2020-04-29T01:03:30,1.000000,49999.999428,-1.145e-08,47.173,286.732,1.964,calibration
NH1,22532205700000,641610335.0,2020-05-01T13:04:26,1.000000,49999.999424,-1.153e-08,47.194,286.735,1.964,calibration
NH1,22545346400000,641873149.0,2020-05-04T14:04:40,1.000000,49999.999423,-1.154e-08,47.218,286.738,1.964,calibration
NH1,22561726550000,642200752.0,2020-05-08T09:04:43,1.000000,49999.999424,-1.152e-08,47.248,286.742,1.964,calibration
NH1,22577566700000,642517555.0,2020-05-12T01:04:46,1.000000,49999.999425,-1.151e-08,47.278,286.746,1.964,calibration
NH1,22592327000000,642812761.0,2020-05-15T11:04:52,1.000000,49999.999421,-1.159e-08,47.305,286.749,1.964,calibration
NH1,22609068150000,643147584.0,2020-05-19T08:05:15,1.000000,49999.999428,-1.144e-08,47.336,286.753,1.965,calibration
NH1,22623694050000,643440102.0,2020-05-22T17:20:33,1.000000,49999.999392,-1.217e-08,47.363,286.757,1.965,calibration
NH1,22624906350000,643464348.0,2020-05-23T00:04:39,1.000000,49999.999425,-1.151e-08,47.366,286.757,1.965,calibration
NH1,22640929050000,643784802.0,2020-05-26T17:05:33,1.000000,49999.999395,-1.211e-08,47.395,286.761,1.965,calibration
NH1,22642006750000,643806356.0,2020-05-26T23:04:47,1.000000,49999.999426,-1.149e-08,47.397,286.762,1.965,calibration
NH1,22653889100000,644044003.0,2020-05-29T17:05:34,1.000000,49999.999412,-1.176e-08,47.419,286.764,1.965,calibration
NH1,22656949350000,644105208.0,2020-05-30T10:05:39,1.000000,49999.999426,-1.149e-08,47.425,286.765,1.965,calibration
NH1,22666849800000,644303217.0,2020-06-01T17:05:48,1.000000,49999.999349,-1.302e-08,47.443,286.768,1.965,calibration
NH1,22667928850000,644324798.0,2020-06-01T23:05:29,1.000000,49999.999421,-1.159e-08,47.445,286.768,1.965,calibration
NH1,22682328850000,644612798.0,2020-06-05T07:05:29,1.000000,49999.999422,-1.157e-08,47.472,286.771,1.965,calibration
NH1,22699608950000,644958400.0,2020-06-09T07:05:31,1.000000,49999.999438,-1.124e-08,47.504,286.776,1.965,calibration
NH1,22703206350000,645030348.0,2020-06-10T03:04:39,1.000000,49999.999423,-1.155e-08,47.511,286.776,1.965,calibration
NH1,22714368350000,645253588.0,2020-06-12T17:05:19,1.000000,49999.999375,-1.250e-08,47.531,286.779,1.965,calibration
NH1,22715448350000,645275188.0,2020-06-12T23:05:19,1.000000,49999.999419,-1.162e-08,47.533,286.779,1.965,calibration
NH1,22729668550000,645559592.0,2020-06-16T06:05:23,1.000000,49999.999433,-1.134e-08,47.560,286.783,1.965,calibration
NH1,22735968000000,645685581.0,2020-06-17T17:05:12,1.000000,49999.999393,-1.215e-08,47.572,286.784,1.965,calibration
NH1,22736325950000,645692740.0,2020-06-17T19:04:31,1.000000,49999.999426,-1.148e-08,47.572,286.785,1.965,calibration
NH1,22744607800000,645858377.0,2020-06-19T17:05:08,1.000000,49999.999356,-1.288e-08,47.588,286.787,1.965,calibration
NH1,22745508750000,645876396.0,2020-06-19T22:05:27,1.000000,49999.999425,-1.151e-08,47.589,286.787,1.965,calibration
NH1,22761888050000,646203982.0,2020-06-23T17:05:13,1.000000,49999.999398,-1.205e-08,47.620,286.791,1.965,calibration
NH1,22762788250000,646221986.0,2020-06-23T22:05:17,1.000000,49999.999417,-1.166e-08,47.621,286.791,1.965,calibration
NH1,22772868050000,646423582.1,2020-06-26T06:05:13,1.000000,49999.999425,-1.150e-08,47.640,286.793,1.965,calibration
NH1,22781145500000,646589131.1,2020-06-28T04:04:22,1.000000,49999.999427,-1.147e-08,47.655,286.795,1.965,calibration
NH1,22792126000000,646808741.1,2020-06-30T17:04:32,1.000000,49999.999365,-1.271e-08,47.676,286.798,1.965,calibration
NH1,22793027150000,646826764.1,2020-06-30T22:04:55,1.000000,49999.999427,-1.146e-08,47.677,286.798,1.965,calibration
NH1,22800765650000,646981534.1,2020-07-02T17:04:25,1.000000,49999.999424,-1.152e-08,47.692,286.800,1.965,calibration
NH1,22803287400000,647031969.1,2020-07-03T07:05:00,1.000000,49999.999422,-1.156e-08,47.696,286.801,1.965,calibration
NH1,22809405300000,647154327.1,2020-07-04T17:04:18,1.000000,49999.999429,-1.143e-08,47.708,286.802,1.965,calibration
NH1,22810844150000,647183104.1,2020-07-05T01:03:55,1.000000,49999.999422,-1.157e-08,47.710,286.803,1.965,calibration
NH1,22820206400000,647370349.1,2020-07-07T05:04:40,1.000000,49999.999423,-1.155e-08,47.728,286.805,1.966,calibration
NH1,22835324100000,647672703.1,2020-07-10T17:03:54,1.000000,49999.999451,-1.098e-08,47.756,286.808,1.966,calibration
NH1,22836762800000,647701477.1,2020-07-11T01:03:28,1.000000,49999.999422,-1.157e-08,47.758,286.809,1.966,calibration
NH1,22845402700000,647874275.1,2020-07-13T01:03:26,1.000000,49999.999412,-1.176e-08,47.774,286.811,1.966,calibration
NH1,22850265050000,647971522.1,2020-07-14T04:04:13,1.000000,49999.999429,-1.142e-08,47.783,286.812,1.966,calibration
NH1,22865562350000,648277468.1,2020-07-17T17:03:19,1.000000,49999.999367,-1.266e-08,47.812,286.816,1.966,calibration
NH1,22866103400000,648288289.1,2020-07-17T20:03:40,1.000000,49999.999427,-1.147e-08,47.813,286.816,1.966,calibration
NH1,22878339950000,648533020.1,2020-07-20T16:02:31,1.000000,49999.999421,-1.158e-08,47.836,286.819,1.966,calibration
NH1,22882839600000,648623013.1,2020-07-21T17:02:24,1.000000,49999.999436,-1.129e-08,47.844,286.820,1.966,calibration
NH1,22887159400000,648709409.1,2020-07-22T17:02:20,1.000000,49999.999380,-1.241e-08,47.852,286.821,1.966,calibration
NH1,22887703350000,648720288.1,2020-07-22T20:03:39,1.000000,49999.999429,-1.142e-08,47.853,286.821,1.966,calibration
NH1,22895798900000,648882199.1,2020-07-24T17:02:10,1.000000,49999.999203,-1.594e-08,47.868,286.823,1.966,calibration
NH1,22895977750000,648885776.1,2020-07-24T18:01:47,1.000000,49999.999429,-1.143e-08,47.868,286.823,1.966,calibration
NH1,22908757700000,649141375.1,2020-07-27T17:01:46,1.000000,49999.999421,-1.159e-08,47.892,286.826,1.966,calibration
NH1,22912000700000,649206235.1,2020-07-28T11:02:46,1.000000,49999.999433,-1.135e-08,47.898,286.827,1.966,calibration
NH1,22914877850000,649263778.1,2020-07-29T03:01:49,1.000000,49999.999429,-1.142e-08,47.903,286.828,1.966,calibration
NH1,22921716800000,649400557.1,2020-07-30T17:01:28,1.000000,49999.999435,-1.130e-08,47.916,286.829,1.966,calibration
NH1,22926036350000,649486948.1,2020-07-31T17:01:19,1.000000,49999.999396,-1.208e-08,47.924,286.830,1.966,calibration
NH1,22927836850000,649522958.1,2020-08-01T03:01:29,1.000000,49999.999433,-1.135e-08,47.927,286.831,1.966,calibration
NH1,22934495700000,649656135.1,2020-08-02T16:01:06,1.000000,49999.999423,-1.155e-08,47.940,286.832,1.966,calibration
NH1,22940795150000,649782124.1,2020-08-04T03:00:55,1.000000,49999.999437,-1.127e-08,47.951,286.834,1.966,calibration
NH1,22947634700000,649918915.1,2020-08-05T17:00:46,1.000000,49999.999263,-1.474e-08,47.964,286.835,1.966,calibration
NH1,22947994300000,649926107.1,2020-08-05T19:00:38,1.000000,49999.999435,-1.130e-08,47.965,286.836,1.966,calibration
NH1,22956273800000,650091697.1,2020-08-07T17:00:28,1.000000,49999.999418,-1.165e-08,47.980,286.837,1.966,calibration
NH1,22959157250000,650149366.1,2020-08-08T09:01:37,1.000000,49999.999436,-1.128e-08,47.985,286.838,1.966,calibration
NH1,22961852100000,650203263.1,2020-08-08T23:59:54,1.000000,49999.999430,-1.141e-08,47.990,286.839,1.966,calibration
NH1,22969232700000,650350875.1,2020-08-10T17:00:06,1.000000,49999.999428,-1.145e-08,48.004,286.841,1.966,calibration
NH1,22973552050000,650437262.1,2020-08-11T16:59:53,1.000000,49999.999441,-1.118e-08,48.012,286.842,1.966,calibration
NH1,22977691700000,650520055.1,2020-08-12T15:59:46,1.000000,49999.999433,-1.134e-08,48.020,286.843,1.966,calibration
NH1,22981831100000,650602843.1,2020-08-13T14:59:34,1.000000,49999.999403,-1.195e-08,48.027,286.844,1.966,calibration
NH1,22983810900000,650642439.1,2020-08-14T01:59:30,1.000000,49999.999435,-1.131e-08,48.031,286.844,1.966,calibration
NH1,22990832800000,650782877.1,2020-08-15T17:00:08,1.000000,49999.999429,-1.142e-08,48.044,286.846,1.966,calibration
NH1,22995149900000,650869219.1,2020-08-16T16:59:10,1.000000,49999.999425,-1.151e-08,48.052,286.847,1.966,calibration
NH1,23002532400000,651016869.1,2020-08-18T10:00:00,1.000000,49999.999445,-1.111e-08,48.066,286.848,1.966,calibration
NH1,23005409250000,651074406.1,2020-08-19T01:58:57,1.000000,49999.999433,-1.134e-08,48.071,286.849,1.966,calibration
NH1,23012428500000,651214791.1,2020-08-20T16:58:42,1.000000,49999.999430,-1.141e-08,48.084,286.851,1.966,calibration
NH1,23016747700000,651301175.1,2020-08-21T16:58:26,1.000000,49999.999436,-1.128e-08,48.092,286.852,1.966,calibration
NH1,23020887050000,651383962.1,2020-08-22T15:58:13,1.000000,49999.999438,-1.124e-08,48.100,286.853,1.966,calibration
NH1,23025925550000,651484732.1,2020-08-23T19:57:43,1.000000,49999.999426,-1.148e-08,48.109,286.854,1.966,calibration
NH1,23034025800000,651646737.1,2020-08-25T16:57:48,1.000000,49999.999440,-1.121e-08,48.124,286.856,1.966,calibration
NH1,23038347800000,651733177.1,2020-08-26T16:58:28,1.000000,49999.999437,-1.127e-08,48.132,286.857,1.966,calibration
NH1,23042484400000,651815909.1,2020-08-27T15:57:20,1.000000,49999.999425,-1.150e-08,48.140,286.858,1.967,calibration
NH1,23046985050000,651905922.1,2020-08-28T16:57:33,1.000000,49999.999443,-1.115e-08,48.148,286.859,1.967,calibration
NH1,23051123450000,651988690.1,2020-08-29T15:57:01,1.000000,49999.999423,-1.155e-08,48.156,286.860,1.967,calibration
NH1,23055623900000,652078699.1,2020-08-30T16:57:10,1.000000,49999.999450,-1.101e-08,48.164,286.861,1.967,calibration
NH1,23057063150000,652107484.1,2020-08-31T00:56:55,1.000000,49999.999435,-1.131e-08,48.167,286.861,1.967,calibration
NH1,23064262100000,652251463.1,2020-09-01T16:56:34,1.000000,49999.999406,-1.187e-08,48.180,286.863,1.967,calibration
NH1,23065702150000,652280264.1,2020-09-02T00:56:35,1.000000,49999.999449,-1.103e-08,48.183,286.863,1.967,calibration
NH1,23072000950000,652406240.1,2020-09-03T11:56:11,1.000000,49999.999410,-1.180e-08,48.194,286.865,1.967,calibration
NH1,23074343700000,652453095.1,2020-09-04T00:57:06,1.000000,49999.999434,-1.132e-08,48.199,286.866,1.967,calibration
NH1,23081543050000,652597082.1,2020-09-05T16:56:53,1.000000,49999.999453,-1.094e-08,48.212,286.867,1.967,calibration
NH1,23085920300000,652684627.1,2020-09-06T17:15:58,1.000000,49999.999418,-1.165e-08,48.220,286.868,1.967,calibration
NH1,23090179550000,652769812.1,2020-09-07T16:55:43,1.000000,49999.999438,-1.125e-08,48.228,286.869,1.967,calibration
NH1,23094498850000,652856198.1,2020-09-08T16:55:29,1.000000,49999.999433,-1.134e-08,48.236,286.870,1.967,calibration
NH1,23098818750000,652942596.1,2020-09-09T16:55:27,1.000000,49999.999458,-1.085e-08,48.244,286.871,1.967,calibration
NH1,23100076900000,652967759.1,2020-09-09T23:54:50,1.000000,49999.999435,-1.131e-08,48.246,286.872,1.967,calibration
NH1,23107277250000,653111766.1,2020-09-11T15:54:57,1.000000,49999.999440,-1.120e-08,48.260,286.873,1.967,calibration
NH1,23111776800000,653201757.1,2020-09-12T16:54:48,1.000000,49999.999452,-1.097e-08,48.268,286.874,1.967,calibration
NH1,23116096400000,653288149.1,2020-09-13T16:54:40,1.000000,49999.999404,-1.192e-08,48.276,286.875,1.967,calibration
NH1,23117354350000,653313308.1,2020-09-13T23:53:59,1.000000,49999.999438,-1.124e-08,48.278,286.876,1.967,calibration
NH1,23121674800000,653399717.1,2020-09-14T23:54:08,1.000000,49999.998761,-2.478e-08,48.286,286.877,1.967,calibration
NH1,23130313500000,653572491.1,2020-09-16T23:53:42,1.000000,49999.999422,-1.157e-08,48.302,286.879,1.967,calibration
NH1,23137512750000,653716476.1,2020-09-18T15:53:27,1.000000,49999.999428,-1.145e-08,48.316,286.880,1.967,calibration
NH1,23141831900000,653802859.1,2020-09-19T15:53:10,1.000000,49999.999438,-1.124e-08,48.324,286.881,1.967,calibration
NH1,23150650950000,653979240.1,2020-09-21T16:52:51,1.000000,49999.999414,-1.172e-08,48.340,286.884,1.967,calibration
NH1,23154790700000,654062035.1,2020-09-22T15:52:46,1.000000,49999.999429,-1.142e-08,48.348,286.884,1.967,calibration
NH1,23167749050000,654321202.1,2020-09-25T15:52:13,1.000000,49999.999427,-1.147e-08,48.372,286.888,1.967,calibration
NH1,23171887650000,654403974.1,2020-09-26T14:51:45,1.000000,49999.999430,-1.140e-08,48.379,286.889,1.967,calibration
NH1,23176387900000,654493979.1,2020-09-27T15:51:50,1.000000,49999.999454,-1.092e-08,48.388,286.890,1.967,calibration
NH1,23177646550000,654519152.1,2020-09-27T22:51:23,1.000000,49999.999435,-1.130e-08,48.390,286.890,1.967,calibration
NH1,23185205400000,654670329.1,2020-09-29T16:51:00,1.000000,49999.999357,-1.287e-08,48.404,286.892,1.967,calibration
NH1,23185923900000,654684699.1,2020-09-29T20:50:30,1.000000,49999.999437,-1.126e-08,48.405,286.892,1.967,calibration
NH1,23193918600000,654844593.1,2020-10-01T17:15:24,1.000000,49999.999441,-1.119e-08,48.420,286.894,1.967,calibration
NH1,23198208150000,654930384.1,2020-10-02T17:05:15,1.000000,49999.999433,-1.135e-08,48.428,286.895,1.967,calibration
NH1,23202482800000,655015877.1,2020-10-03T16:50:08,1.000000,49999.999430,-1.141e-08,48.436,286.896,1.967,calibration
NH1,23206833000000,655102881.2,2020-10-04T17:00:12,1.000000,49999.999424,-1.152e-08,48.444,286.897,1.967,calibration
NH1,23211131600000,655188853.2,2020-10-05T16:53:04,1.000000,49999.999420,-1.161e-08,48.452,286.898,1.967,calibration
NH1,23215081950000,655267860.2,2020-10-06T14:49:51,1.000000,49999.999453,-1.094e-08,48.459,286.899,1.967,calibration
NH1,23219760400000,655361429.2,2020-10-07T16:49:20,1.000000,49999.999429,-1.143e-08,48.468,286.900,1.967,calibration
NH1,23224158500000,655449391.2,2020-10-08T17:15:22,1.000000,49999.999414,-1.173e-08,48.476,286.901,1.967,calibration
NH1,23228040300000,655527027.2,2020-10-09T14:49:18,1.000000,49999.999452,-1.097e-08,48.483,286.902,1.967,calibration
NH1,23232718200000,655620585.2,2020-10-10T16:48:36,1.000000,49999.999416,-1.169e-08,48.492,286.903,1.967,calibration
NH1,23236678600000,655699793.2,2020-10-11T14:48:44,1.000000,49999.999432,-1.136e-08,48.499,286.904,1.967,calibration
NH1,23240998050000,655786182.2,2020-10-12T14:48:33,1.000000,49999.999444,-1.112e-08,48.507,286.905,1.967,calibration
NH1,23245317550000,655872572.2,2020-10-13T14:48:23,1.000000,49999.999448,-1.105e-08,48.515,286.906,1.967,calibration
NH1,23250071700000,655967655.2,2020-10-14T17:13:06,1.000000,49999.999363,-1.275e-08,48.524,286.907,1.967,calibration
NH1,23250534550000,655976912.2,2020-10-14T19:47:23,1.000000,49999.999435,-1.130e-08,48.525,286.907,1.967,calibration
NH1,23262414400000,656214509.2,2020-10-17T13:47:20,1.000000,49999.999451,-1.098e-08,48.547,286.910,1.967,calibration
NH1,23266780200000,656301825.2,2020-10-18T14:02:36,1.000000,49999.999452,-1.096e-08,48.555,286.911,1.967,calibration
NH1,23271457600000,656395373.2,2020-10-19T16:01:44,1.000000,49999.999400,-1.201e-08,48.564,286.912,1.968,calibration
NH1,23275195800000,656470137.2,2020-10-20T12:47:48,1.000000,49999.999435,-1.131e-08,48.571,286.913,1.968,calibration
NH1,23279695600000,656560133.2,2020-10-21T13:47:44,1.000000,49999.999453,-1.094e-08,48.579,286.914,1.968,calibration
NH1,23284554800000,656657317.2,2020-10-22T16:47:28,1.000000,49999.999437,-1.127e-08,48.588,286.915,1.968,calibration
NH1,23288874150000,656743704.2,2020-10-23T16:47:15,1.000000,49999.999422,-1.156e-08,48.596,286.916,1.968,calibration
NH1,23292473750000,656815696.2,2020-10-24T12:47:07,1.000000,49999.999448,-1.105e-08,48.603,286.917,1.968,calibration
NH1,23297508900000,656916399.2,2020-10-25T16:45:30,1.000000,49999.999444,-1.112e-08,48.612,286.918,1.968,calibration
NH1,23301828300000,657002787.2,2020-10-26T16:45:18,1.000000,49999.999429,-1.143e-08,48.620,286.919,1.968,calibration
NH1,23306147750000,657089176.2,2020-10-27T16:45:07,1.000000,49999.999417,-1.166e-08,48.628,286.920,1.968,calibration
NH1,23306868350000,657103588.2,2020-10-27T20:45:19,1.000000,49999.999445,-1.111e-08,48.629,286.920,1.968,calibration
NH1,23319105900000,657348339.2,2020-10-30T16:44:30,1.000000,49999.999432,-1.136e-08,48.652,286.923,1.968,calibration
NH1,23323425150000,657434724.2,2020-10-31T16:44:15,1.000000,49999.999445,-1.110e-08,48.660,286.924,1.968,calibration
NH1,23327816900000,657522559.2,2020-11-01T17:08:10,1.000000,49999.999429,-1.142e-08,48.668,286.925,1.968,calibration
NH1,23331345350000,657593128.2,2020-11-02T12:44:19,1.000000,49999.999441,-1.118e-08,48.675,286.926,1.968,calibration
NH1,23341423500000,657794691.2,2020-11-04T20:43:42,1.000000,49999.999447,-1.106e-08,48.693,286.928,1.968,calibration
NH1,23349341650000,657953054.2,2020-11-06T16:43:05,1.000000,49999.999353,-1.294e-08,48.708,286.930,1.968,calibration
NH1,23349701050000,657960242.2,2020-11-06T18:42:53,1.000000,49999.999446,-1.108e-08,48.709,286.930,1.968,calibration
NH1,23362300000000,658212221.2,2020-11-09T16:42:32,1.000000,49999.999423,-1.154e-08,48.732,286.933,1.968,calibration
NH1,23365900850000,658284238.2,2020-11-10T12:42:49,1.000000,49999.999439,-1.122e-08,48.738,286.934,1.968,calibration
NH1,23367340150000,658313024.2,2020-11-10T20:42:35,1.000000,49999.999444,-1.112e-08,48.741,286.934,1.968,calibration
NH1,23378859050000,658543402.2,2020-11-13T12:42:13,1.000000,49999.999454,-1.092e-08,48.762,286.937,1.968,calibration
NH1,23383897350000,658644168.2,2020-11-14T16:41:39,1.000000,49999.999442,-1.117e-08,48.772,286.938,1.968,calibration
NH1,23388216900000,658730559.2,2020-11-15T16:41:30,1.000000,49999.999457,-1.087e-08,48.780,286.939,1.968,calibration
NH1,23392176450000,658809750.2,2020-11-16T14:41:21,1.000000,49999.999435,-1.131e-08,48.787,286.940,1.968,calibration
NH1,23396855700000,658903335.2,2020-11-17T16:41:06,1.000000,49999.999371,-1.259e-08,48.796,286.941,1.968,calibration
NH1,23397395900000,658914139.2,2020-11-17T19:41:10,1.000000,49999.999450,-1.101e-08,48.797,286.941,1.968,calibration
NH1,23409814000000,659162501.2,2020-11-20T16:40:32,1.000000,49999.999448,-1.104e-08,48.820,286.944,1.968,calibration
NH1,23414133650000,659248894.2,2020-11-21T16:40:25,1.000000,49999.999441,-1.119e-08,48.828,286.945,1.968,calibration
NH1,23418453250000,659335286.2,2020-11-22T16:40:17,1.000000,49999.999448,-1.104e-08,48.836,286.946,1.968,calibration
NH1,23422772800000,659421677.2,2020-11-23T16:40:08,1.000000,49999.999445,-1.110e-08,48.844,286.947,1.968,calibration
NH1,23426193250000,659490086.2,2020-11-24T11:40:17,1.000000,49999.999449,-1.103e-08,48.850,286.948,1.968,calibration
NH1,23435731250000,659680846.2,2020-11-26T16:39:37,1.000000,49999.999439,-1.122e-08,48.868,286.950,1.968,calibration
NH1,23440050600000,659767233.2,2020-11-27T16:39:24,1.000000,49999.999397,-1.206e-08,48.876,286.951,1.968,calibration
NH1,23440411200000,659774445.2,2020-11-27T18:39:36,1.000000,49999.999452,-1.097e-08,48.876,286.951,1.968,calibration
NH1,23448689800000,659940017.2,2020-11-29T16:39:08,1.000000,49999.999454,-1.092e-08,48.892,286.953,1.968,calibration
NH1,23456968650000,660105594.2,2020-12-01T14:38:45,1.000000,49999.999433,-1.134e-08,48.907,286.955,1.968,calibration
NH1,23461648400000,660199189.2,2020-12-02T16:38:40,1.000000,49999.999469,-1.063e-08,48.916,286.956,1.968,calibration
NH1,23464347700000,660253175.2,2020-12-03T07:38:26,1.000000,49999.999445,-1.111e-08,48.921,286.956,1.968,calibration
NH1,23468847350000,660343168.2,2020-12-04T08:38:19,1.000000,49999.999440,-1.121e-08,48.929,286.957,1.968,calibration
NH1,23473527600000,660436773.2,2020-12-05T10:38:24,1.000000,49999.999448,-1.104e-08,48.938,286.958,1.968,calibration
NH1,23478926700000,660544755.2,2020-12-06T16:38:06,1.000000,49999.999465,-1.071e-08,48.948,286.960,1.968,calibration
NH1,23481806050000,660602342.2,2020-12-07T08:37:53,1.000000,49999.999446,-1.108e-08,48.953,286.960,1.968,calibration
NH1,23487205700000,660710335.2,2020-12-08T14:37:46,1.000000,49999.999448,-1.104e-08,48.963,286.962,1.968,calibration
NH1,23494945000000,660865121.2,2020-12-10T09:37:32,1.000000,49999.999445,-1.110e-08,48.977,286.963,1.968,calibration
NH1,23500525050000,660976722.2,2020-12-11T16:37:33,1.000000,49999.999454,-1.092e-08,48.988,286.965,1.969,calibration
NH1,23503765450000,661041530.2,2020-12-12T10:37:41,1.000000,49999.999448,-1.104e-08,48.994,286.965,1.969,calibration
NH1,23509163850000,661149498.2,2020-12-13T16:37:09,1.000000,49999.999541,-9.180e-09,49.004,286.967,1.969,calibration
NH1,23509343600000,661153093.2,2020-12-13T17:37:04,1.000000,49999.999453,-1.095e-08,49.004,286.967,1.969,calibration
NH1,23517803250000,661322286.2,2020-12-15T16:36:57,1.000000,49999.999179,-1.643e-08,49.019,286.969,1.969,calibration
NH1,23517982750000,661325876.2,2020-12-15T17:36:47,1.000000,49999.999456,-1.088e-08,49.020,286.969,1.969,calibration
NH1,23529141750000,661549056.2,2020-12-18T07:36:27,1.000000,49999.999448,-1.104e-08,49.040,286.971,1.969,calibration
NH1,23535082550000,661667872.2,2020-12-19T16:36:43,1.000000,49999.999454,-1.093e-08,49.051,286.973,1.969,calibration
NH1,23538861300000,661743447.2,2020-12-20T13:36:18,1.000000,49999.999447,-1.106e-08,49.058,286.973,1.969,calibration
NH1,23548043100000,661927083.2,2020-12-22T16:36:54,1.000000,49999.999469,-1.062e-08,49.075,286.976,1.969,calibration
NH1,23550562200000,661977465.2,2020-12-23T06:36:36,1.000000,49999.999450,-1.101e-08,49.080,286.976,1.969,calibration
NH1,23569644000000,662359101.2,2020-12-27T16:37:12,1.000000,49999.999452,-1.096e-08,49.115,286.980,1.969,calibration
NH1,23591239650000,662791014.2,2021-01-01T16:35:45,1.000000,49999.999453,-1.094e-08,49.155,286.985,1.969,calibration
NH1,23594118250000,662848586.2,2021-01-02T08:35:17,1.000000,49999.999474,-1.053e-08,49.161,286.986,1.969,calibration
NH1,23598797950000,662942180.2,2021-01-03T10:35:11,1.000000,49999.999419,-1.163e-08,49.169,286.987,1.969,calibration
NH1,23601141300000,662989047.2,2021-01-03T23:36:18,1.000000,49999.999452,-1.097e-08,49.174,286.988,1.969,calibration
NH1,23607078200000,663107785.2,2021-01-05T08:35:16,1.000000,49999.999476,-1.049e-08,49.185,286.989,1.969,calibration
NH1,23610317950000,663172580.2,2021-01-06T02:35:11,1.000000,49999.999464,-1.072e-08,49.191,286.990,1.969,calibration
NH1,23617161350000,663309448.2,2021-01-07T16:36:19,1.000000,49999.999431,-1.139e-08,49.203,286.991,1.969,calibration
NH1,23620037700000,663366975.2,2021-01-08T08:35:06,1.000000,49999.999461,-1.079e-08,49.209,286.992,1.969,calibration
NH1,23635340050000,663673022.2,2021-01-11T21:35:53,1.000000,49999.999453,-1.094e-08,49.237,286.995,1.969,calibration
NH1,23644516400000,663856549.3,2021-01-14T00:34:40,1.000000,49999.999460,-1.080e-08,49.254,286.997,1.969,calibration
NH1,23655856850000,664083358.3,2021-01-16T15:34:49,1.000000,49999.999454,-1.092e-08,49.275,287.000,1.969,calibration
NH1,23664495900000,664256139.3,2021-01-18T15:34:30,1.000000,49999.999459,-1.083e-08,49.291,287.002,1.969,calibration
NH1,23668829600000,664342813.3,2021-01-19T15:39:04,1.000000,49999.999460,-1.080e-08,49.299,287.003,1.969,calibration
NH1,23671339400000,664393009.3,2021-01-20T05:35:40,1.000000,49999.999462,-1.076e-08,49.303,287.004,1.969,calibration
NH1,23681234300000,664590907.3,2021-01-22T12:33:58,1.000000,49999.999448,-1.105e-08,49.322,287.006,1.969,calibration
NH1,23685734700000,664680915.3,2021-01-23T13:34:06,1.000000,49999.999460,-1.081e-08,49.330,287.007,1.969,calibration
NH1,23689874300000,664763707.3,2021-01-24T12:33:58,1.000000,49999.999474,-1.053e-08,49.338,287.008,1.969,calibration
NH1,23693833950000,664842900.3,2021-01-25T10:33:51,1.000000,49999.999439,-1.123e-08,49.345,287.009,1.969,calibration
NH1,23698875800000,664943737.3,2021-01-26T14:34:28,1.000000,49999.999460,-1.081e-08,49.354,287.010,1.969,calibration
NH1,23711835300000,665202927.3,2021-01-29T14:34:18,1.000000,49999.999468,-1.065e-08,49.378,287.013,1.969,calibration
NH1,23715613900000,665278499.3,2021-01-30T11:33:50,1.000000,49999.999437,-1.126e-08,49.385,287.014,1.969,calibration
NH1,23719034250000,665346906.3,2021-01-31T06:33:57,1.000000,49999.999469,-1.063e-08,49.392,287.014,1.969,calibration
NH1,23723894350000,665444108.3,2021-02-01T09:33:59,1.000000,49999.999454,-1.092e-08,49.400,287.015,1.969,calibration
NH1,23726953600000,665505293.3,2021-02-02T02:33:44,1.000000,49999.999454,-1.093e-08,49.406,287.016,1.969,calibration
NH1,23742468200000,665815585.3,2021-02-05T16:45:16,1.000000,49999.999443,-1.114e-08,49.435,287.020,1.970,calibration
NH1,23746395350000,665894128.3,2021-02-06T14:34:19,1.000000,49999.999460,-1.081e-08,49.442,287.020,1.970,calibration
NH1,23750715250000,665980526.3,2021-02-07T14:34:17,1.000000,49999.999472,-1.056e-08,49.450,287.021,1.970,calibration
NH1,23754133900000,666048899.3,2021-02-08T09:33:50,1.000000,49999.999446,-1.108e-08,49.456,287.022,1.970,calibration
NH1,23758813800000,666142497.3,2021-02-09T11:33:48,1.000000,49999.999459,-1.083e-08,49.465,287.023,1.970,calibration
NH1,23772674050000,666419702.3,2021-02-12T16:33:53,1.000000,49999.999432,-1.137e-08,49.491,287.026,1.970,calibration
NH1,23776455050000,666495322.3,2021-02-13T13:34:13,1.000000,49999.999463,-1.075e-08,49.498,287.027,1.970,calibration
NH1,23781314400000,666592509.3,2021-02-14T16:34:00,1.000000,49999.999461,-1.078e-08,49.507,287.028,1.970,calibration
NH1,23783114000000,666628501.3,2021-02-15T02:33:52,1.000000,49999.999454,-1.093e-08,49.510,287.029,1.970,calibration
NH1,23789954450000,666765310.3,2021-02-16T16:34:01,1.000000,49999.999451,-1.098e-08,49.523,287.030,1.970,calibration
NH1,23794274400000,666851709.3,2021-02-17T16:34:00,1.000000,49999.999459,-1.083e-08,49.531,287.031,1.970,calibration
NH1,23798594450000,666938110.3,2021-02-18T16:34:01,1.000000,49999.999442,-1.117e-08,49.539,287.032,1.970,calibration
NH1,23800394450000,666974110.3,2021-02-19T02:34:01,1.000000,49999.999453,-1.094e-08,49.542,287.033,1.970,calibration
NH1,23804714550000,667060512.3,2021-02-20T02:34:03,1.000000,49999.999455,-1.090e-08,49.550,287.033,1.970,calibration
NH1,23809034650000,667146914.3,2021-02-21T02:34:05,1.000000,49999.999452,-1.096e-08,49.558,287.034,1.970,calibration
NH1,23813354700000,667233315.3,2021-02-22T02:34:06,1.000000,49999.999457,-1.086e-08,49.566,287.035,1.970,calibration
NH1,23819654850000,667359318.3,2021-02-23T13:34:09,1.000000,49999.999436,-1.128e-08,49.577,287.037,1.970,calibration
NH1,23821994950000,667406120.3,2021-02-24T02:34:11,1.000000,49999.999458,-1.085e-08,49.582,287.037,1.970,calibration
NH1,23827394950000,667514120.3,2021-02-25T08:34:11,1.000000,49999.999450,-1.101e-08,49.592,287.039,1.970,calibration
NH1,23833155300000,667629327.3,2021-02-26T16:34:18,1.000000,49999.999437,-1.127e-08,49.602,287.040,1.970,calibration
NH1,23836395350000,667694128.3,2021-02-27T10:34:19,1.000000,49999.999457,-1.087e-08,49.608,287.041,1.970,calibration
NH1,23839275450000,667751730.3,2021-02-28T02:34:21,1.000000,49999.999446,-1.109e-08,49.614,287.041,1.970,calibration
NH1,23843955950000,667845340.3,2021-03-01T04:34:31,1.000000,49999.999452,-1.097e-08,49.622,287.042,1.970,calibration
NH1,23849536300000,667956947.3,2021-03-02T11:34:38,1.000000,49999.999452,-1.096e-08,49.633,287.044,1.970,calibration
NH1,23853856200000,668043345.3,2021-03-03T11:34:36,1.000000,49999.999446,-1.108e-08,49.641,287.044,1.970,calibration
NH1,23862496900000,668216159.3,2021-03-05T11:34:50,1.000000,49999.999453,-1.095e-08,49.657,287.046,1.970,calibration
NH1,23865556700000,668277355.3,2021-03-06T04:34:46,1.000000,49999.999446,-1.109e-08,49.662,287.047,1.970,calibration
NH1,23869877100000,668363763.3,2021-03-07T04:34:54,1.000000,49999.999463,-1.074e-08,49.670,287.048,1.970,calibration
NH1,23874916800000,668464557.3,2021-03-08T08:34:48,1.000000,49999.999433,-1.134e-08,49.680,287.049,1.970,calibration
NH1,23878517550000,668536572.3,2021-03-09T04:35:03,1.000000,49999.999462,-1.077e-08,49.686,287.050,1.970,calibration
NH1,23883197450000,668630170.3,2021-03-10T06:35:01,1.000000,49999.999442,-1.117e-08,49.695,287.051,1.970,calibration
NH1,23893637550000,668838972.3,2021-03-12T16:35:03,1.000000,49999.999475,-1.051e-08,49.714,287.053,1.970,calibration
NH1,23897237750000,668910976.3,2021-03-13T12:35:07,1.000000,49999.999433,-1.135e-08,49.721,287.054,1.970,calibration
NH1,23901017700000,668986575.3,2021-03-14T09:35:06,1.000000,49999.999445,-1.110e-08,49.728,287.055,1.970,calibration
NH1,23904977750000,669065776.3,2021-03-15T07:35:07,1.000000,49999.999446,-1.108e-08,49.735,287.056,1.970,calibration
NH1,23910563500000,669177491.3,2021-03-16T14:37:02,1.000000,49999.999436,-1.128e-08,49.745,287.057,1.970,calibration
NH1,23912898900000,669224199.3,2021-03-17T03:35:30,1.000000,49999.999456,-1.088e-08,49.750,287.058,1.970,calibration
NH1,23919018750000,669346596.3,2021-03-18T13:35:27,1.000000,49999.999440,-1.120e-08,49.761,287.059,1.970,calibration
NH1,23923879050000,669443802.3,2021-03-19T16:35:33,1.000000,49999.999454,-1.092e-08,49.770,287.060,1.970,calibration
NH1,23926764700000,669501515.3,2021-03-20T08:37:26,1.000000,49999.999463,-1.075e-08,49.775,287.061,1.970,calibration
NH1,23931805250000,669602326.3,2021-03-21T12:37:37,1.000000,49999.999393,-1.215e-08,49.785,287.062,1.970,calibration
NH1,23934499950000,669656220.3,2021-03-22T03:35:51,1.000000,49999.999455,-1.091e-08,49.790,287.062,1.970,calibration
NH1,23940619650000,669778614.3,2021-03-23T13:35:45,1.000000,49999.999444,-1.113e-08,49.801,287.064,1.970,calibration
NH1,23945299950000,669872220.3,2021-03-24T15:35:51,1.000000,49999.999437,-1.127e-08,49.810,287.065,1.970,calibration
NH1,23949620400000,669958629.3,2021-03-25T15:36:00,1.000000,49999.999435,-1.131e-08,49.818,287.066,1.970,calibration
NH1,23951600500000,669998231.3,2021-03-26T02:36:02,1.000000,49999.999446,-1.109e-08,49.821,287.066,1.970,calibration
NH1,23958440650000,670135034.3,2021-03-27T16:36:05,1.000000,49999.999450,-1.100e-08,49.834,287.068,1.970,calibration
NH1,23966541150000,670297044.3,2021-03-29T13:36:15,1.000000,49999.999435,-1.131e-08,49.849,287.069,1.970,calibration
NH1,23971401400000,670394249.3,2021-03-30T16:36:20,1.000000,49999.999438,-1.124e-08,49.858,287.071,1.970,calibration
NH1,23975721500000,670480651.3,2021-03-31T16:36:22,1.000000,49999.999449,-1.103e-08,49.866,287.071,1.970,calibration
NH1,23977521800000,670516657.3,2021-04-01T02:36:28,1.000000,49999.999441,-1.118e-08,49.869,287.072,1.971,calibration
NH1,23984362200000,670653465.3,2021-04-02T16:36:36,1.000000,49999.999457,-1.086e-08,49.882,287.073,1.971,calibration
NH1,23986885450000,670703930.3,2021-04-03T06:37:41,1.000000,49999.999432,-1.137e-08,49.886,287.074,1.971,calibration
NH1,23993002700000,670826275.3,2021-04-04T16:36:46,1.000000,49999.999455,-1.090e-08,49.898,287.075,1.971,calibration
NH1,23996602450000,670898270.3,2021-04-05T12:36:41,1.000000,49999.999444,-1.113e-08,49.904,287.076,1.971,calibration
NH1,24000742700000,670981075.3,2021-04-06T11:36:46,1.000000,49999.999430,-1.140e-08,49.912,287.077,1.971,calibration
NH1,24005963350000,671085488.3,2021-04-07T16:36:59,1.000000,49999.999507,-9.870e-09,49.922,287.078,1.971,calibration
NH1,24007042850000,671107078.3,2021-04-07T22:36:49,1.000000,49999.999436,-1.128e-08,49.924,287.078,1.971,calibration
NH1,24014603750000,671258296.3,2021-04-09T16:37:07,1.000000,49999.999433,-1.134e-08,49.937,287.080,1.971,calibration
NH1,24017486700000,671315955.3,2021-04-10T08:38:06,1.000000,49999.999444,-1.112e-08,49.943,287.081,1.971,calibration
NH1,24023244300000,671431107.3,2021-04-11T16:37:18,1.000000,49999.999443,-1.115e-08,49.953,287.082,1.971,calibration
NH1,24027204300000,671510307.3,2021-04-12T14:37:18,1.000000,49999.999437,-1.126e-08,49.961,287.083,1.971,calibration
NH1,24031885250000,671603926.3,2021-04-13T16:37:37,1.000000,49999.999433,-1.135e-08,49.969,287.084,1.971,calibration
NH1,24036024950000,671686720.3,2021-04-14T15:37:31,1.000000,49999.999444,-1.113e-08,49.977,287.085,1.971,calibration
NH1,24048445300000,671935127.3,2021-04-17T12:37:38,1.000000,49999.999413,-1.175e-08,50.000,287.088,1.971,calibration
NH1,24052048550000,672007192.3,2021-04-18T08:38:43,1.000000,49999.999444,-1.113e-08,50.007,287.088,1.971,calibration
NH1,24057445950000,672115140.3,2021-04-19T14:37:51,1.000000,49999.999438,-1.124e-08,50.017,287.089,1.971,calibration
NH1,24061946200000,672205145.3,2021-04-20T15:37:56,1.000000,49999.999435,-1.130e-08,50.025,287.090,1.971,calibration
NH1,24070766750000,672381556.3,2021-04-22T16:38:07,1.000000,49999.999431,-1.138e-08,50.041,287.092,1.971,calibration
NH1,24073469900000,672435619.3,2021-04-23T07:39:10,1.000000,49999.999462,-1.077e-08,50.046,287.093,1.971,calibration
NH1,24077786900000,672521959.3,2021-04-24T07:38:10,1.000000,49999.999425,-1.150e-08,50.054,287.094,1.971,calibration
NH1,24083367100000,672633563.3,2021-04-25T14:38:14,1.000000,49999.999436,-1.128e-08,50.064,287.095,1.971,calibration
NH1,24087687300000,672719967.3,2021-04-26T14:38:18,1.000000,49999.999431,-1.139e-08,50.072,287.096,1.971,calibration
NH1,24092367900000,672813579.4,2021-04-27T16:38:30,1.000000,49999.999435,-1.130e-08,50.081,287.097,1.971,calibration
NH1,24096688250000,672899986.4,2021-04-28T16:38:37,1.000000,49999.999446,-1.108e-08,50.089,287.098,1.971,calibration
NH1,24100287950000,672971980.4,2021-04-29T12:38:31,1.000000,49999.999432,-1.137e-08,50.096,287.099,1.971,calibration
NH1,24104788200000,673061985.4,2021-04-30T13:38:36,1.000000,49999.999430,-1.140e-08,50.104,287.100,1.971,calibration
NH1,24109649100000,673159203.4,2021-05-01T16:38:54,1.000000,49999.999426,-1.149e-08,50.113,287.101,1.971,calibration
NH1,24112529100000,673216803.4,2021-05-02T08:38:54,1.000000,49999.999438,-1.125e-08,50.118,287.102,1.971,calibration
NH1,24117928600000,673324793.4,2021-05-03T14:38:44,1.000000,49999.999434,-1.133e-08,50.128,287.103,1.971,calibration
NH1,24130890750000,673584036.4,2021-05-06T14:39:27,1.000000,49999.999434,-1.132e-08,50.152,287.106,1.971,calibration
NH1,24152311650000,674012454.4,2021-05-11T13:39:45,1.000000,49999.999439,-1.122e-08,50.192,287.110,1.971,calibration
NH1,24153929700000,674044815.4,2021-05-11T22:39:06,1.000000,49999.999431,-1.139e-08,50.195,287.111,1.971,calibration
NH1,24162931650000,674224854.4,2021-05-14T00:39:45,1.000000,49999.999437,-1.127e-08,50.211,287.113,1.971,calibration
NH1,24170132400000,674368869.4,2021-05-15T16:40:00,1.000000,49999.999430,-1.141e-08,50.225,287.114,1.971,calibration
NH1,24174452600000,674455273.4,2021-05-16T16:40:04,1.000000,49999.999431,-1.138e-08,50.233,287.115,1.971,calibration
NH1,24178411050000,674534442.4,2021-05-17T14:39:33,1.000000,49999.999439,-1.122e-08,50.240,287.116,1.971,calibration
NH1,24182371000000,674613641.4,2021-05-18T12:39:32,1.000000,49999.999436,-1.129e-08,50.247,287.117,1.971,calibration
NH1,24187413050000,674714482.4,2021-05-19T16:40:13,1.000000,49999.999429,-1.143e-08,50.256,287.118,1.971,calibration
NH1,24190112450000,674768470.4,2021-05-20T07:40:01,1.000000,49999.999429,-1.143e-08,50.261,287.118,1.971,calibration
NH1,24195691650000,674880054.4,2021-05-21T14:39:45,1.000000,49999.999430,-1.140e-08,50.272,287.120,1.971,calibration
NH1,24200192400000,674970069.4,2021-05-22T15:40:00,1.000000,49999.999436,-1.129e-08,50.280,287.121,1.971,calibration
NH1,24204514250000,675056506.4,2021-05-23T15:40:37,1.000000,49999.999434,-1.132e-08,50.288,287.122,1.971,calibration
NH1,24207392850000,675114078.4,2021-05-24T07:40:09,1.000000,49999.999442,-1.117e-08,50.293,287.122,1.971,calibration
NH1,24213366550000,675233552.4,2021-05-25T16:51:23,1.000000,49999.999416,-1.169e-08,50.304,287.123,1.971,calibration
NH1,24217292300000,675312067.4,2021-05-26T14:39:58,1.000000,49999.999430,-1.140e-08,50.312,287.124,1.971,calibration
NH1,24220353650000,675373294.4,2021-05-27T07:40:25,1.000000,49999.999430,-1.140e-08,50.317,287.125,1.972,calibration
NH1,24225752250000,675481266.4,2021-05-28T13:39:57,1.000000,49999.999443,-1.114e-08,50.327,287.126,1.972,calibration
NH1,24230615600000,675578533.4,2021-05-29T16:41:04,1.000000,49999.999418,-1.165e-08,50.336,287.127,1.972,calibration
NH1,24234753750000,675661296.4,2021-05-30T15:40:27,1.000000,49999.999448,-1.105e-08,50.344,287.128,1.972,calibration
NH1,24238352200000,675733265.4,2021-05-31T11:39:56,1.000000,49999.999420,-1.160e-08,50.350,287.129,1.972,calibration
NH1,24241592400000,675798069.4,2021-06-01T05:40:00,1.000000,49999.999431,-1.139e-08,50.356,287.130,1.972,calibration
NH1,24245912600000,675884473.4,2021-06-02T05:40:04,1.000000,49999.999430,-1.140e-08,50.364,287.131,1.972,calibration
NH1,24251672750000,675999676.4,2021-06-03T13:40:07,1.000000,49999.999453,-1.094e-08,50.375,287.132,1.972,calibration
NH1,24256536000000,676096941.4,2021-06-04T16:41:12,1.000000,49999.999398,-1.205e-08,50.384,287.133,1.972,calibration
NH1,24260493150000,676176084.4,2021-06-05T14:40:15,1.000000,49999.999441,-1.118e-08,50.391,287.134,1.972,calibration
NH1,24264452650000,676255274.4,2021-06-06T12:40:05,1.000000,49999.999427,-1.146e-08,50.399,287.135,1.972,calibration
NH1,24277773550000,676521692.4,2021-06-09T14:40:23,1.000000,49999.999425,-1.150e-08,50.423,287.137,1.972,calibration
NH1,24282093650000,676608094.4,2021-06-10T14:40:25,1.000000,49999.999437,-1.127e-08,50.431,287.138,1.972,calibration
NH1,24286233100000,676690883.4,2021-06-11T13:40:14,1.000000,49999.999425,-1.151e-08,50.439,287.139,1.972,calibration
NH1,24290734350000,676780908.4,2021-06-12T14:40:39,1.000000,49999.999433,-1.134e-08,50.447,287.140,1.972,calibration
NH1,24294512550000,676856472.4,2021-06-13T11:40:03,1.000000,49999.999427,-1.146e-08,50.454,287.141,1.972,calibration
NH1,24299374250000,676953706.4,2021-06-14T14:40:37,1.000000,49999.999461,-1.078e-08,50.463,287.142,1.972,calibration
NH1,24301712300000,677000467.4,2021-06-15T03:39:58,1.000000,49999.999431,-1.138e-08,50.467,287.143,1.972,calibration
NH1,24306752300000,677101267.4,2021-06-16T07:39:58,1.000000,49999.999428,-1.145e-08,50.477,287.144,1.972,calibration
NH1,24311072250000,677187666.4,2021-06-17T07:39:57,1.000000,49999.999424,-1.152e-08,50.485,287.145,1.972,calibration
NH1,24317045950000,677307140.4,2021-06-18T16:51:11,1.000000,49999.999419,-1.162e-08,50.496,287.146,1.972,calibration
NH1,24320793050000,677382082.4,2021-06-19T13:40:13,1.000000,49999.999431,-1.139e-08,50.503,287.147,1.972,calibration
NH1,24324572150000,677457664.4,2021-06-20T10:39:55,1.000000,49999.999430,-1.140e-08,50.509,287.148,1.972,calibration
NH1,24328712100000,677540463.4,2021-06-21T09:39:54,1.000000,49999.999428,-1.144e-08,50.517,287.148,1.972,calibration
NH1,24333572200000,677637665.4,2021-06-22T12:39:56,1.000000,49999.999437,-1.127e-08,50.526,287.149,1.972,calibration
NH1,24336633250000,677698886.4,2021-06-23T05:40:17,1.000000,49999.999424,-1.152e-08,50.532,287.150,1.972,calibration
NH1,24342393900000,677814099.4,2021-06-24T13:40:30,1.000000,49999.999445,-1.111e-08,50.542,287.151,1.972,calibration
NH1,24347255550000,677911332.4,2021-06-25T16:41:03,1.000000,49999.999423,-1.154e-08,50.551,287.152,1.972,calibration
NH1,24351634750000,677998916.4,2021-06-26T17:00:47,1.000000,49999.999407,-1.186e-08,50.559,287.153,1.972,calibration
NH1,24355172250000,678069666.4,2021-06-27T12:39:57,1.000000,49999.999429,-1.142e-08,50.566,287.154,1.972,calibration
NH1,24358232750000,678130876.4,2021-06-28T05:40:07,1.000000,49999.999434,-1.132e-08,50.572,287.155,1.972,calibration
NH1,24362372600000,678213673.4,2021-06-29T04:40:04,1.000000,49999.999426,-1.149e-08,50.579,287.156,1.972,calibration
NH1,24366692400000,678300069.4,2021-06-30T04:40:00,1.000000,49999.999438,-1.124e-08,50.587,287.157,1.972,calibration
NH1,24373175550000,678429732.4,2021-07-01T16:41:03,1.000000,49999.999418,-1.165e-08,50.599,287.158,1.972,calibration
NH1,24376591250000,678498046.4,2021-07-02T11:39:37,1.000000,49999.999449,-1.102e-08,50.605,287.159,1.972,calibration
NH1,24379830600000,678562833.4,2021-07-03T05:39:24,1.000000,49999.999416,-1.168e-08,50.611,287.159,1.972,calibration
NH1,24385230850000,678670838.4,2021-07-04T11:39:29,1.000000,49999.999438,-1.124e-08,50.621,287.161,1.972,calibration
NH1,24390455600000,678775333.4,2021-07-05T16:41:04,1.000000,49999.999411,-1.178e-08,50.631,287.162,1.972,calibration
NH1,24394050900000,678847239.4,2021-07-06T12:39:30,1.000000,49999.999435,-1.130e-08,50.638,287.162,1.972,calibration
NH1,24396931600000,678904853.4,2021-07-07T04:39:44,1.000000,49999.999433,-1.135e-08,50.643,287.163,1.972,calibration
NH1,24402149700000,679009215.4,2021-07-08T09:39:06,1.000000,49999.999418,-1.164e-08,50.653,287.164,1.972,calibration
NH1,24407011500000,679106451.4,2021-07-09T12:39:42,1.000000,49999.999441,-1.118e-08,50.662,287.165,1.972,calibration
NH1,24412054100000,679207303.4,2021-07-10T16:40:34,1.000000,49999.999419,-1.162e-08,50.671,287.166,1.972,calibration
NH1,24415469550000,679275612.4,2021-07-11T11:39:03,1.000000,49999.999425,-1.151e-08,50.677,287.167,1.972,calibration
NH1,24419970700000,679365635.4,2021-07-12T12:39:26,1.000000,49999.999438,-1.124e-08,50.685,287.168,1.972,calibration
NH1,24423568650000,679437594.4,2021-07-13T08:38:45,1.000000,49999.999421,-1.159e-08,50.692,287.169,1.972,calibration
NH1,24428610150000,679538424.4,2021-07-14T12:39:15,1.000000,49999.999447,-1.106e-08,50.701,287.170,1.972,calibration
NH1,24431848150000,679603184.4,2021-07-15T06:38:35,1.000000,49999.999428,-1.144e-08,50.707,287.170,1.972,calibration
NH1,24437968800000,679725597.4,2021-07-16T16:38:48,1.000000,49999.999421,-1.158e-08,50.719,287.172,1.972,calibration
NH1,24441569800000,679797617.4,2021-07-17T12:39:08,1.000000,49999.999432,-1.137e-08,50.725,287.173,1.972,calibration
NH1,24445527900000,679876779.4,2021-07-18T10:38:30,1.000000,49999.999423,-1.154e-08,50.733,287.173,1.972,calibration
NH1,24450027850000,679966778.4,2021-07-19T11:38:29,1.000000,49999.999440,-1.121e-08,50.741,287.174,1.972,calibration
NH1,24455247450000,680071170.4,2021-07-20T16:38:21,1.000000,49999.999426,-1.148e-08,50.750,287.175,1.972,calibration
NH1,24459567100000,680157563.4,2021-07-21T16:38:14,1.000000,49999.999430,-1.140e-08,50.758,287.176,1.972,calibration
NH1,24463887000000,680243961.4,2021-07-22T16:38:12,1.000000,49999.999413,-1.174e-08,50.766,287.177,1.972,calibration
NH1,24466946100000,680305143.4,2021-07-23T09:37:54,1.000000,49999.999442,-1.116e-08,50.772,287.178,1.972,calibration
NH1,24472526500000,680416751.4,2021-07-24T16:38:02,1.000000,49999.999430,-1.140e-08,50.782,287.179,1.973,calibration
NH1,24476846000000,680503141.4,2021-07-25T16:37:52,1.000000,49999.999419,-1.163e-08,50.790,287.180,1.973,calibration
NH1,24480266850000,680571558.4,2021-07-26T11:38:09,1.000000,49999.999426,-1.148e-08,50.797,287.181,1.973,calibration
NH1,24484586750000,680657956.4,2021-07-27T11:38:07,1.000000,49999.999436,-1.129e-08,50.805,287.182,1.973,calibration
NH1,24488908850000,680744398.4,2021-07-28T11:38:49,1.000000,49999.999427,-1.146e-08,50.813,287.183,1.973,calibration
NH1,24492687200000,680819965.4,2021-07-29T08:38:16,1.000000,49999.999431,-1.138e-08,50.819,287.183,1.973,calibration
NH1,24497007300000,680906367.4,2021-07-30T08:38:18,1.000000,49999.999430,-1.141e-08,50.827,287.184,1.973,calibration
NH1,24501865000000,681003521.4,2021-07-31T11:37:32,1.000000,49999.999439,-1.123e-08,50.836,287.185,1.973,calibration
NH1,24507083600000,681107893.4,2021-08-01T16:37:04,1.000000,49999.999422,-1.156e-08,50.846,287.186,1.973,calibration
NH1,24511403400000,681194289.4,2021-08-02T16:37:00,1.000000,49999.999435,-1.130e-08,50.854,287.187,1.973,calibration
NH1,24515723150000,681280684.4,2021-08-03T16:36:55,1.000000,49999.999429,-1.143e-08,50.862,287.188,1.973,calibration
NH1,24520042550000,681367072.4,2021-08-04T16:36:43,1.000000,49999.999430,-1.140e-08,50.870,287.189,1.973,calibration
NH1,24524362400000,681453469.4,2021-08-05T16:36:40,1.000000,49999.999427,-1.146e-08,50.878,287.190,1.973,calibration
NH1,24527604400000,681518309.4,2021-08-06T10:37:20,1.000000,49999.999440,-1.120e-08,50.884,287.191,1.973,calibration
NH1,24533001650000,681626254.4,2021-08-07T16:36:25,1.000000,49999.999420,-1.161e-08,50.894,287.192,1.973,calibration
NH1,24534801950000,681662260.4,2021-08-08T02:36:31,1.000000,49999.999432,-1.136e-08,50.897,287.192,1.973,calibration
NH1,24541640800000,681799037.4,2021-08-09T16:36:08,1.000000,49999.999436,-1.129e-08,50.910,287.194,1.973,calibration
NH1,24545966100000,681885543.5,2021-08-10T16:37:54,1.000000,49999.999426,-1.149e-08,50.918,287.195,1.973,calibration
NH1,24550279900000,681971819.5,2021-08-11T16:35:50,1.000000,49999.999438,-1.125e-08,50.926,287.196,1.973,calibration
NH1,24554599500000,682058211.5,2021-08-12T16:35:42,1.000000,49999.999422,-1.157e-08,50.934,287.197,1.973,calibration
NH1,24557658700000,682119395.5,2021-08-13T09:35:26,1.000000,49999.999433,-1.134e-08,50.939,287.197,1.973,calibration
NH1,24563242850000,682231078.5,2021-08-14T16:36:49,1.000000,49999.999434,-1.133e-08,50.950,287.198,1.973,calibration
NH1,24567558450000,682317390.5,2021-08-15T16:35:21,1.000000,49999.999429,-1.142e-08,50.957,287.199,1.973,calibration
NH1,24569178800000,682349797.5,2021-08-16T01:35:28,1.000000,49999.999435,-1.131e-08,50.960,287.200,1.973,calibration
NH1,24573498350000,682436188.5,2021-08-17T01:35:19,1.000000,49999.999438,-1.124e-08,50.968,287.201,1.973,calibration
NH1,24580516950000,682576560.5,2021-08-18T16:34:51,1.000000,49999.999427,-1.147e-08,50.981,287.202,1.973,calibration
NH1,24584836750000,682662956.5,2021-08-19T16:34:47,1.000000,49999.999450,-1.101e-08,50.989,287.203,1.973,calibration
NH1,24588615750000,682738536.5,2021-08-20T13:34:27,1.000000,49999.999408,-1.183e-08,50.996,287.204,1.973,calibration
NH1,24592034800000,682806917.5,2021-08-21T08:34:08,1.000000,49999.999440,-1.120e-08,51.003,287.204,1.973,calibration
NH1,24597795250000,682922126.5,2021-08-22T16:34:17,1.000000,49999.999440,-1.121e-08,51.013,287.206,1.973,calibration
NH1,24599415000000,682954521.5,2021-08-23T01:34:12,1.000000,49999.999433,-1.135e-08,51.016,287.206,1.973,calibration
NH1,24606434350000,683094908.5,2021-08-24T16:33:59,1.000000,49999.999443,-1.114e-08,51.029,287.207,1.973,calibration
NH1,24608772600000,683141673.5,2021-08-25T05:33:24,1.000000,49999.999434,-1.132e-08,51.033,287.208,1.973,calibration
NH1,24619392850000,683354078.5,2021-08-27T16:33:29,1.000000,49999.997874,-4.252e-08,51.053,287.210,1.973,calibration
NH1,24623712150000,683440464.5,2021-08-28T16:33:15,1.000000,49999.999416,-1.168e-08,51.061,287.211,1.973,calibration
NH1,24626230350000,683490828.5,2021-08-29T06:32:39,1.000000,49999.999425,-1.151e-08,51.066,287.212,1.973,calibration
NH1,24630910600000,683584433.5,2021-08-30T08:32:44,1.000000,49999.999440,-1.121e-08,51.074,287.213,1.973,calibration
NH1,24633790900000,683642039.5,2021-08-31T00:32:50,1.000000,49999.999434,-1.133e-08,51.080,287.213,1.973,calibration
NH1,24640990000000,683786021.5,2021-09-01T16:32:32,1.000000,49999.999407,-1.186e-08,51.093,287.215,1.973,calibration
NH1,24643869500000,683843611.5,2021-09-02T08:32:22,1.000000,49999.999441,-1.118e-08,51.098,287.215,1.973,calibration
NH1,24649629550000,683958812.5,2021-09-03T16:32:23,1.000000,49999.999424,-1.152e-08,51.109,287.217,1.973,calibration
NH1,24653948650000,684045194.5,2021-09-04T16:32:05,1.000000,49999.999457,-1.087e-08,51.117,287.217,1.973,calibration
NH1,24655030050000,684066822.5,2021-09-04T22:32:33,1.000000,49999.999424,-1.152e-08,51.119,287.218,1.973,calibration
NH1,24662588000000,684217981.5,2021-09-06T16:31:52,1.000000,49999.999460,-1.081e-08,51.133,287.219,1.973,calibration
NH1,24663485450000,684235930.5,2021-09-06T21:31:01,1.000000,49999.999431,-1.139e-08,51.134,287.219,1.973,calibration
NH1,24671046250000,684387146.5,2021-09-08T15:31:17,1.000000,49999.999434,-1.132e-08,51.148,287.221,1.973,calibration
NH1,24673744600000,684441113.5,2021-09-09T06:30:44,1.000000,49999.999430,-1.141e-08,51.153,287.222,1.973,calibration
NH1,24679684750000,684559916.5,2021-09-10T15:30:47,1.000000,49999.999429,-1.143e-08,51.164,287.223,1.973,calibration
NH1,24684185000000,684649921.5,2021-09-11T16:30:52,1.000000,49999.999460,-1.080e-08,51.172,287.224,1.973,calibration
NH1,24688586650000,684737954.5,2021-09-12T16:58:05,1.000000,49999.999411,-1.179e-08,51.180,287.225,1.973,calibration
NH1,24692824100000,684822703.5,2021-09-13T16:30:34,1.000000,49999.999432,-1.137e-08,51.188,287.226,1.973,calibration
NH1,24696962600000,684905473.5,2021-09-14T15:30:04,1.000000,49999.999434,-1.133e-08,51.196,287.226,1.973,calibration
NH1,24701282800000,684991877.5,2021-09-15T15:30:08,1.000000,49999.999434,-1.132e-08,51.204,287.227,1.973,calibration
NH1,24704161550000,685049452.5,2021-09-16T07:29:43,1.000000,49999.999442,-1.117e-08,51.209,287.228,1.973,calibration
NH1,24706859950000,685103420.5,2021-09-16T22:29:11,1.000000,49999.999431,-1.139e-08,51.214,287.229,1.973,calibration
NH1,24714060200000,685247425.5,2021-09-18T14:29:16,1.000000,49999.999434,-1.132e-08,51.227,287.230,1.973,calibration
NH1,24718559850000,685337418.5,2021-09-19T15:29:09,1.000000,49999.999434,-1.133e-08,51.236,287.231,1.973,calibration
NH1,24722879450000,685423810.5,2021-09-20T15:29:01,1.000000,49999.999428,-1.144e-08,51.244,287.232,1.974,calibration
NH1,24725217350000,685470568.5,2021-09-21T04:28:19,1.000000,49999.999441,-1.119e-08,51.248,287.232,1.974,calibration
NH1,24744658650000,685859394.5,2021-09-25T16:28:45,1.000000,49999.999377,-1.247e-08,51.284,287.236,1.974,calibration
NH1,24745749050000,685881202.5,2021-09-25T22:32:13,1.000000,49999.999436,-1.128e-08,51.286,287.237,1.974,calibration
NH1,24768771650000,686341654.5,2021-10-01T06:26:25,1.000000,49999.999444,-1.113e-08,51.328,287.241,1.974,calibration
NH1,24774531950000,686456860.5,2021-10-02T14:26:31,1.000000,49999.999449,-1.103e-08,51.339,287.243,1.974,calibration
NH1,24779210950000,686550440.5,2021-10-03T16:26:11,1.000000,49999.999415,-1.171e-08,51.347,287.244,1.974,calibration
NH1,24780290900000,686572039.5,2021-10-03T22:26:10,1.000000,49999.999449,-1.103e-08,51.349,287.244,1.974,calibration
NH1,24787849700000,686723215.5,2021-10-05T16:25:46,1.000000,49999.999424,-1.152e-08,51.363,287.245,1.974,calibration
NH1,24791812600000,686802473.5,2021-10-06T14:26:44,1.000000,49999.999436,-1.129e-08,51.371,287.246,1.974,calibration
NH1,24794327350000,686852768.5,2021-10-07T04:24:59,1.000000,49999.999443,-1.114e-08,51.375,287.247,1.974,calibration
NH1,24798827400000,686942769.5,2021-10-08T05:25:00,1.000000,49999.999444,-1.113e-08,51.384,287.248,1.974,calibration
NH1,24804768200000,687061585.5,2021-10-09T14:25:16,1.000000,49999.999449,-1.102e-08,51.394,287.249,1.974,calibration
NH1,24813765650000,687241534.5,2021-10-11T16:24:25,1.000000,49999.999427,-1.147e-08,51.411,287.251,1.974,calibration
NH1,24817545300000,687317127.5,2021-10-12T13:24:18,1.000000,49999.999442,-1.116e-08,51.418,287.252,1.974,calibration
NH1,24822045450000,687407130.5,2021-10-13T14:24:21,1.000000,49999.999437,-1.127e-08,51.426,287.253,1.974,calibration
NH1,24824925050000,687464722.5,2021-10-14T06:24:13,1.000000,49999.999459,-1.083e-08,51.432,287.253,1.974,calibration
NH1,24831043250000,687587086.5,2021-10-15T16:23:37,1.000000,49999.999388,-1.224e-08,51.443,287.254,1.974,calibration
NH1,24831762400000,687601469.5,2021-10-15T20:23:20,1.000000,49999.999450,-1.100e-08,51.444,287.255,1.974,calibration
NH1,24839681750000,687759856.5,2021-10-17T16:23:07,1.000000,49999.999381,-1.238e-08,51.459,287.256,1.974,calibration
NH1,24840582050000,687777862.5,2021-10-17T21:23:13,1.000000,49999.999446,-1.109e-08,51.460,287.256,1.974,calibration
NH1,24847600700000,687918235.5,2021-10-19T12:22:46,1.000000,49999.999442,-1.116e-08,51.473,287.258,1.974,calibration
NH1,24850660150000,687979424.5,2021-10-20T05:22:35,1.000000,49999.999441,-1.118e-08,51.479,287.258,1.974,calibration
NH1,24854979900000,688065819.5,2021-10-21T05:22:30,1.000000,49999.999460,-1.080e-08,51.487,287.259,1.974,calibration
NH1,24861278600000,688191793.5,2021-10-22T16:22:04,1.000000,49999.999429,-1.143e-08,51.499,287.261,1.974,calibration
NH1,24865059150000,688267404.5,2021-10-23T13:22:15,1.000000,49999.999453,-1.095e-08,51.505,287.261,1.974,calibration
NH1,24869917350000,688364568.5,2021-10-24T16:21:39,1.000000,49999.999443,-1.114e-08,51.514,287.262,1.974,calibration
NH1,24874236750000,688450956.5,2021-10-25T16:21:27,1.000000,49999.999436,-1.128e-08,51.522,287.263,1.974,calibration
NH1,24878017500000,688526571.5,2021-10-26T13:21:42,1.000000,49999.999458,-1.084e-08,51.529,287.264,1.974,calibration
NH1,24882875600000,688623733.5,2021-10-27T16:21:04,1.000000,49999.999418,-1.164e-08,51.538,287.265,1.974,calibration
NH1,24886299700000,688692215.5,2021-10-28T11:22:26,1.000000,49999.999457,-1.087e-08,51.545,287.266,1.974,calibration
NH1,24889354150000,688753304.5,2021-10-29T04:20:35,1.000000,49999.999457,-1.086e-08,51.550,287.266,1.974,calibration
NH1,24895833850000,688882898.5,2021-10-30T16:20:29,1.000000,49999.999438,-1.125e-08,51.562,287.268,1.974,calibration
NH1,24896554000000,688897301.5,2021-10-30T20:20:32,1.000000,49999.999448,-1.104e-08,51.563,287.268,1.974,calibration
NH1,24903753250000,689041286.5,2021-11-01T12:20:17,1.000000,49999.999458,-1.084e-08,51.577,287.269,1.974,calibration
NH1,24908792000000,689142061.5,2021-11-02T16:19:52,1.000000,49999.999341,-1.318e-08,51.586,287.270,1.974,calibration
NH1,24909512650000,689156474.5,2021-11-02T20:20:05,1.000000,49999.999468,-1.064e-08,51.587,287.271,1.974,calibration
NH1,24914009900000,689246419.5,2021-11-03T21:19:10,1.000000,49999.999445,-1.110e-08,51.596,287.272,1.974,calibration
NH1,24921031050000,689386842.5,2021-11-05T12:19:33,1.000000,49999.999455,-1.091e-08,51.609,287.273,1.974,calibration
NH1,24930389100000,689574003.5,2021-11-07T16:18:54,1.000000,49999.999442,-1.116e-08,51.626,287.275,1.974,calibration
NH1,24934708550000,689660392.5,2021-11-08T16:18:43,1.000000,49999.999444,-1.113e-08,51.634,287.276,1.974,calibration
NH1,24938128700000,689728795.5,2021-11-09T11:18:46,1.000000,49999.999449,-1.103e-08,51.640,287.276,1.974,calibration
NH1,24941007100000,689786363.5,2021-11-10T03:18:14,1.000000,49999.999453,-1.095e-08,51.645,287.277,1.974,calibration
NH1,24944786200000,689861945.5,2021-11-11T00:17:56,1.000000,49999.999462,-1.077e-08,51.652,287.278,1.974,calibration
NH1,24956337400000,690092969.5,2021-11-13T16:28:20,1.000000,49999.999432,-1.136e-08,51.674,287.280,1.974,calibration
NH1,24960625250000,690178726.5,2021-11-14T16:17:37,1.000000,49999.999390,-1.221e-08,51.681,287.281,1.974,calibration
NH1,24961165950000,690189540.5,2021-11-14T19:17:51,1.000000,49999.999454,-1.092e-08,51.682,287.281,1.974,calibration
NH1,24968365750000,690333536.5,2021-11-16T11:17:47,1.000000,49999.999464,-1.073e-08,51.696,287.283,1.974,calibration
NH1,24973583450000,690437890.5,2021-11-17T16:17:01,1.000000,49999.999430,-1.140e-08,51.705,287.284,1.974,calibration
NH1,24974842450000,690463070.5,2021-11-17T23:16:41,1.000000,49999.999455,-1.091e-08,51.708,287.284,1.974,calibration
NH1,24986542000000,690697061.6,2021-11-20T16:16:32,1.000000,49999.999452,-1.096e-08,51.729,287.286,1.975,calibration
NH1,24989782050000,690761862.6,2021-11-21T10:16:33,1.000000,49999.999452,-1.097e-08,51.735,287.287,1.975,calibration
NH1,24995180950000,690869840.6,2021-11-22T16:16:11,1.000000,49999.999450,-1.100e-08,51.745,287.288,1.975,calibration
NH1,24998240200000,690931025.6,2021-11-23T09:15:56,1.000000,49999.999447,-1.106e-08,51.751,287.289,1.975,calibration
NH1,25001300350000,690992228.6,2021-11-24T02:15:59,1.000000,49999.999464,-1.073e-08,51.756,287.289,1.975,calibration
NH1,25008139350000,691129008.6,2021-11-25T16:15:39,1.000000,49999.999404,-1.193e-08,51.769,287.291,1.975,calibration
NH1,25008679850000,691139818.6,2021-11-25T19:15:49,1.000000,49999.999454,-1.093e-08,51.770,287.291,1.975,calibration
NH1,25020199300000,691370207.6,2021-11-28T11:15:38,1.000000,49999.999458,-1.085e-08,51.791,287.293,1.975,calibration
NH1,25028657900000,691539379.6,2021-11-30T10:15:10,1.000000,49999.999456,-1.089e-08,51.807,287.295,1.975,calibration
NH1,25038376350000,691733748.6,2021-12-02T16:14:39,1.000000,49999.999458,-1.085e-08,51.825,287.297,1.975,calibration
NH1,25042695800000,691820137.6,2021-12-03T16:14:28,1.000000,49999.999463,-1.075e-08,51.832,287.298,1.975,calibration
NH1,25045755950000,691881340.6,2021-12-04T09:14:31,1.000000,49999.999449,-1.103e-08,51.838,287.298,1.975,calibration
NH1,25050255500000,691971331.6,2021-12-05T10:14:22,1.000000,49999.999459,-1.082e-08,51.846,287.299,1.975,calibration
NH1,25054394850000,692054118.6,2021-12-06T09:14:09,1.000000,49999.999458,-1.085e-08,51.854,287.300,1.975,calibration
NH1,25064293950000,692252100.6,2021-12-08T16:13:51,1.000000,49999.999390,-1.221e-08,51.872,287.302,1.975,calibration
NH1,25064654300000,692259307.6,2021-12-08T18:13:58,1.000000,49999.999463,-1.074e-08,51.873,287.302,1.975,calibration
NH1,25071853950000,692403300.6,2021-12-10T10:13:51,1.000000,49999.999459,-1.082e-08,51.886,287.304,1.975,calibration
NH1,25077252700000,692511275.6,2021-12-11T16:13:26,1.000000,49999.999453,-1.094e-08,51.896,287.305,1.975,calibration
NH1,25081572500000,692597671.6,2021-12-12T16:13:22,1.000000,49999.999376,-1.249e-08,51.904,287.306,1.975,calibration
NH1,25081752600000,692601273.6,2021-12-12T17:13:24,1.000000,49999.999460,-1.081e-08,51.904,287.306,1.975,calibration
NH1,25089132600000,692748873.6,2021-12-14T10:13:24,1.000000,49999.999458,-1.085e-08,51.918,287.307,1.975,calibration
NH1,25101911650000,693004454.6,2021-12-17T09:13:05,1.000000,49999.999443,-1.115e-08,51.941,287.310,1.975,calibration
NH1,25104790300000,693062027.6,2021-12-18T01:12:38,1.000000,49999.999468,-1.064e-08,51.947,287.311,1.975,calibration
NH1,25110550650000,693177234.6,2021-12-19T09:12:45,1.000000,49999.999453,-1.094e-08,51.957,287.312,1.975,calibration
NH1,25119190450000,693350030.6,2021-12-21T09:12:41,1.000000,49999.999461,-1.079e-08,51.973,287.313,1.975,calibration
NH1,25124768800000,693461597.6,2021-12-22T16:12:08,1.000000,49999.999543,-9.150e-09,51.983,287.315,1.975,calibration
NH1,25124949050000,693465202.6,2021-12-22T17:12:13,1.000000,49999.999465,-1.071e-08,51.984,287.315,1.975,calibration
NH1,25137727650000,693720774.6,2021-12-25T16:11:45,1.000000,49999.999393,-1.215e-08,52.007,287.317,1.975,calibration
NH1,25138806250000,693742346.6,2021-12-25T22:11:17,1.000000,49999.999456,-1.089e-08,52.009,287.317,1.975,calibration
NH1,25146374100000,693893703.6,2021-12-27T16:13:54,1.000000,49999.999453,-1.095e-08,52.023,287.319,1.975,calibration
NH1,25149428200000,693954785.6,2021-12-28T09:11:56,1.000000,49999.999457,-1.086e-08,52.029,287.320,1.975,calibration
NH1,25153747850000,694041178.6,2021-12-29T09:11:49,1.000000,49999.999461,-1.078e-08,52.037,287.320,1.975,calibration
NH1,25166526100000,694296743.6,2022-01-01T08:11:14,1.000000,49999.999470,-1.060e-08,52.060,287.323,1.975,calibration
NH1,25172285050000,694411922.6,2022-01-02T16:10:53,1.000000,49999.999431,-1.139e-08,52.071,287.324,1.975,calibration
NH1,25175165600000,694469533.6,2022-01-03T08:11:04,1.000000,49999.999454,-1.092e-08,52.076,287.325,1.975,calibration
NH1,25182365150000,694613524.6,2022-01-05T00:10:55,1.000000,49999.999471,-1.059e-08,52.089,287.326,1.975,calibration
NH1,25189564400000,694757509.6,2022-01-06T16:10:40,1.000000,49999.999447,-1.106e-08,52.103,287.328,1.975,calibration
NH1,25196765650000,694901534.6,2022-01-08T08:11:05,1.000000,49999.999468,-1.064e-08,52.116,287.329,1.975,calibration
NH1,25201085300000,694987927.6,2022-01-09T08:10:58,1.000000,49999.999469,-1.062e-08,52.124,287.330,1.975,calibration
NH1,25203603100000,695038283.6,2022-01-09T22:10:14,1.000000,49999.999470,-1.060e-08,52.128,287.330,1.975,calibration
NH1,25215303350000,695272288.6,2022-01-12T15:10:19,1.000000,49999.999459,-1.083e-08,52.150,287.333,1.975,calibration
NH1,25224122900000,695448679.6,2022-01-14T16:10:10,1.000000,49999.999464,-1.072e-08,52.166,287.335,1.975,calibration
NH1,25228442700000,695535075.6,2022-01-15T16:10:06,1.000000,49999.999460,-1.080e-08,52.174,287.335,1.975,calibration
NH1,25232762550000,695621472.6,2022-01-16T16:10:03,1.000000,49999.999350,-1.301e-08,52.182,287.336,1.975,calibration
NH1,25233842600000,695643073.6,2022-01-16T22:10:04,1.000000,49999.999466,-1.068e-08,52.184,287.337,1.975,calibration
NH1,25254182150000,696049864.6,2022-01-21T15:09:55,1.000000,49999.999462,-1.076e-08,52.221,287.341,1.976,calibration
NH1,25258681900000,696139859.6,2022-01-22T16:09:50,1.000000,49999.999388,-1.225e-08,52.230,287.342,1.976,calibration
NH1,25259943050000,696165082.6,2022-01-22T23:10:13,1.000000,49999.999458,-1.085e-08,52.232,287.342,1.976,calibration
NH1,25264081300000,696247847.6,2022-01-23T22:09:38,1.000000,49999.999463,-1.075e-08,52.240,287.343,1.976,calibration
NH1,25269841850000,696363058.6,2022-01-25T06:09:49,1.000000,49999.999472,-1.056e-08,52.250,287.344,1.976,calibration
NH1,25273801400000,696442249.6,2022-01-26T04:09:40,1.000000,49999.999454,-1.093e-08,52.258,287.345,1.976,calibration
NH1,25281361550000,696593452.6,2022-01-27T22:09:43,1.000000,49999.999457,-1.086e-08,52.271,287.346,1.976,calibration
NH1,25287303300000,696712287.6,2022-01-29T07:10:18,1.000000,49999.999468,-1.064e-08,52.282,287.347,1.976,calibration
NH1,25291442350000,696795068.6,2022-01-30T06:09:59,1.000000,49999.999461,-1.079e-08,52.290,287.348,1.976,calibration
NH1,25295763050000,696881482.6,2022-01-31T06:10:13,1.000000,49999.999465,-1.070e-08,52.298,287.349,1.976,calibration
NH1,25301881350000,697003848.6,2022-02-01T16:09:39,1.000000,49999.999365,-1.270e-08,52.309,287.350,1.976,calibration
NH1,25302420550000,697014632.6,2022-02-01T19:09:23,1.000000,49999.999462,-1.076e-08,52.310,287.350,1.976,calibration
NH1,25314841600000,697263053.6,2022-02-04T16:09:44,1.000000,49999.999443,-1.115e-08,52.333,287.353,1.976,calibration
NH1,25318802500000,697342271.6,2022-02-05T14:10:02,1.000000,49999.999476,-1.048e-08,52.340,287.354,1.976,calibration
NH1,25323481550000,697435852.6,2022-02-06T16:09:43,1.000000,49999.999463,-1.075e-08,52.349,287.355,1.976,calibration
NH1,25327261800000,697511457.6,2022-02-07T13:09:48,1.000000,49999.999440,-1.120e-08,52.356,287.355,1.976,calibration
NH1,25331763150000,697601484.6,2022-02-08T14:10:15,1.000000,49999.999466,-1.069e-08,52.364,287.356,1.976,calibration
NH1,25336501450000,697696250.6,2022-02-09T16:29:41,1.000000,49999.999426,-1.148e-08,52.373,287.357,1.976,calibration
NH1,25336980600000,697705833.6,2022-02-09T19:09:24,1.000000,49999.999458,-1.085e-08,52.374,287.357,1.976,calibration
NH1,25341302400000,697792269.6,2022-02-10T19:10:00,1.000000,49999.999459,-1.082e-08,52.382,287.358,1.976,calibration
NH1,25349403200000,697954285.6,2022-02-12T16:10:16,1.000000,49999.999463,-1.074e-08,52.397,287.360,1.976,calibration
NH1,25353721650000,698040654.6,2022-02-13T16:09:45,1.000000,49999.999455,-1.090e-08,52.405,287.361,1.976,calibration
NH1,25356781750000,698101856.6,2022-02-14T09:09:47,1.000000,49999.999285,-1.431e-08,52.410,287.361,1.976,calibration
NH1,25364161700000,698249455.6,2022-02-16T02:09:46,1.000000,49999.999456,-1.089e-08,52.424,287.363,1.976,calibration
NH1,25371001950000,698386260.6,2022-02-17T16:09:51,1.000000,49999.999462,-1.077e-08,52.436,287.364,1.976,calibration
NH1,25375142100000,698469063.6,2022-02-18T15:09:54,1.000000,49999.999449,-1.102e-08,52.444,287.365,1.976,calibration
NH1,25379642050000,698559062.6,2022-02-19T16:09:53,1.000000,49999.999449,-1.103e-08,52.452,287.366,1.976,calibration
NH1,25383962300000,698645467.6,2022-02-20T16:09:58,1.000000,49999.999455,-1.090e-08,52.460,287.367,1.976,calibration
NH1,25386122850000,698688678.6,2022-02-21T04:10:09,1.000000,49999.999459,-1.082e-08,52.464,287.367,1.976,calibration
NH1,25391342150000,698793064.6,2022-02-22T09:09:55,1.000000,49999.999443,-1.115e-08,52.474,287.368,1.976,calibration
NH1,25394762550000,698861472.6,2022-02-23T04:10:03,1.000000,49999.999440,-1.120e-08,52.480,287.369,1.976,calibration
NH1,25397823900000,698922699.6,2022-02-23T21:10:30,1.000000,49999.999458,-1.084e-08,52.486,287.369,1.976,calibration
NH1,25409882800000,699163877.6,2022-02-26T16:10:08,1.000000,49999.999441,-1.118e-08,52.508,287.372,1.976,calibration
NH1,25413303700000,699232295.6,2022-02-27T11:10:26,1.000000,49999.999467,-1.067e-08,52.514,287.372,1.976,calibration
NH1,25416002800000,699286277.6,2022-02-28T02:10:08,1.000000,49999.999445,-1.111e-08,52.519,287.373,1.976,calibration
NH1,25420683950000,699379900.6,2022-03-01T04:10:31,1.000000,49999.999451,-1.099e-08,52.528,287.374,1.976,calibration
NH1,25425184700000,699469915.7,2022-03-02T05:10:46,1.000000,49999.999451,-1.098e-08,52.536,287.375,1.976,calibration
NH1,25435084700000,699667915.7,2022-03-04T12:10:46,1.000000,49999.999455,-1.090e-08,52.554,287.377,1.976,calibration
NH1,25440124000000,699768701.7,2022-03-05T16:10:32,1.000000,49999.999463,-1.075e-08,52.563,287.378,1.976,calibration
NH1,25443184000000,699829901.7,2022-03-06T09:10:32,1.000000,49999.999442,-1.116e-08,52.569,287.378,1.976,calibration
NH1,25448044950000,699927120.7,2022-03-07T12:10:51,1.000000,49999.999445,-1.110e-08,52.578,287.379,1.976,calibration
NH1,25452371900000,700013659.7,2022-03-08T12:13:10,1.000000,49999.999455,-1.090e-08,52.586,287.380,1.976,calibration
NH1,25455064550000,700067512.7,2022-03-09T03:10:43,1.000000,49999.999454,-1.093e-08,52.591,287.381,1.976,calibration
NH1,25466045000000,700287121.7,2022-03-11T16:10:52,1.000000,49999.999314,-1.372e-08,52.611,287.383,1.976,calibration
NH1,25466584500000,700297911.7,2022-03-11T19:10:42,1.000000,49999.999458,-1.084e-08,52.612,287.383,1.976,calibration
NH1,25478285200000,700531925.7,2022-03-14T12:10:56,1.000000,49999.999438,-1.124e-08,52.633,287.385,1.976,calibration
NH1,25482065650000,700607534.7,2022-03-15T09:11:05,1.000000,49999.999432,-1.136e-08,52.640,287.386,1.976,calibration
NH1,25485306100000,700672343.7,2022-03-16T03:11:14,1.000000,49999.999456,-1.088e-08,52.646,287.387,1.976,calibration
NH1,25490345700000,700773135.7,2022-03-17T07:11:06,1.000000,49999.999451,-1.099e-08,52.656,287.388,1.976,calibration
NH1,25495566250000,700877546.7,2022-03-18T12:11:17,1.000000,49999.999437,-1.126e-08,52.665,287.389,1.976,calibration
NH1,25500606550000,700978352.7,2022-03-19T16:11:23,1.000000,49999.999449,-1.103e-08,52.674,287.390,1.976,calibration
NH1,25504028150000,701046784.7,2022-03-20T11:11:55,1.000000,49999.999454,-1.093e-08,52.681,287.390,1.976,calibration
NH1,25506727050000,701100762.7,2022-03-21T02:11:33,1.000000,49999.999449,-1.103e-08,52.686,287.391,1.976,calibration
NH1,25513207150000,701230364.7,2022-03-22T14:11:35,1.000000,49999.999448,-1.104e-08,52.698,287.392,1.977,calibration
NH1,25515367300000,701273567.7,2022-03-23T02:11:38,1.000000,49999.999459,-1.083e-08,52.702,287.393,1.977,calibration
NH1,25519146950000,701349160.7,2022-03-23T23:11:31,1.000000,49999.999437,-1.127e-08,52.709,287.393,1.977,calibration
NH1,25529768900000,701561599.7,2022-03-26T10:12:10,1.000000,49999.999447,-1.107e-08,52.728,287.395,1.977,calibration
NH1,25535168250000,701669586.7,2022-03-27T16:11:57,1.000000,49999.999458,-1.085e-08,52.738,287.396,1.977,calibration
NH1,25538228650000,701730794.7,2022-03-28T09:12:05,1.000000,49999.999457,-1.087e-08,52.744,287.397,1.977,calibration
NH1,25540748300000,701781187.7,2022-03-28T23:11:58,1.000000,49999.999440,-1.120e-08,52.748,287.398,1.977,calibration
NH1,25547768850000,701921598.7,2022-03-30T14:12:09,1.000000,49999.999481,-1.038e-08,52.761,287.399,1.977,calibration
NH1,25549208500000,701950391.7,2022-03-30T22:12:02,1.000000,49999.999449,-1.103e-08,52.764,287.399,1.977,calibration
NH1,25555869150000,702083604.7,2022-04-01T11:12:15,1.000000,49999.999428,-1.145e-08,52.776,287.401,1.977,calibration
NH1,25561089750000,702188016.7,2022-04-02T16:12:27,1.000000,49999.999444,-1.112e-08,52.786,287.402,1.977,calibration
NH1,25564330400000,702252829.7,2022-04-03T10:12:40,1.000000,49999.999443,-1.115e-08,52.792,287.402,1.977,calibration
NH1,25569370000000,702353621.7,2022-04-04T14:12:32,1.000000,49999.999461,-1.078e-08,52.801,287.403,1.977,calibration
NH1,25571170050000,702389622.7,2022-04-05T00:12:33,1.000000,49999.999442,-1.116e-08,52.804,287.404,1.977,calibration
NH1,25581070750000,702587636.7,2022-04-07T07:12:47,1.000000,49999.999448,-1.105e-08,52.822,287.405,1.977,calibration
NH1,25585391000000,702674041.7,2022-04-08T07:12:53,1.000000,49999.999434,-1.132e-08,52.830,287.406,1.977,calibration
NH1,25590971100000,702785643.7,2022-04-09T14:12:55,1.000000,49999.999446,-1.108e-08,52.841,287.407,1.977,calibration
NH1,25593851100000,702843243.7,2022-04-10T06:12:55,1.000000,49999.999442,-1.116e-08,52.846,287.408,1.977,calibration
NH1,25599611600000,702958453.7,2022-04-11T14:13:05,1.000000,49999.999430,-1.140e-08,52.856,287.409,1.977,calibration
NH1,25604292300000,703052067.7,2022-04-12T16:13:19,1.000000,49999.999445,-1.111e-08,52.865,287.410,1.977,calibration
NH1,25608252100000,703131263.7,2022-04-13T14:13:15,1.000000,49999.999462,-1.077e-08,52.872,287.411,1.977,calibration
NH1,25609691750000,703160056.7,2022-04-13T22:13:08,1.000000,49999.999437,-1.127e-08,52.875,287.411,1.977,calibration
NH1,25617253050000,703311282.7,2022-04-15T16:13:34,1.000000,49999.999444,-1.112e-08,52.889,287.413,1.977,calibration
NH1,25620313800000,703372497.7,2022-04-16T09:13:49,1.000000,49999.999443,-1.115e-08,52.894,287.413,1.977,calibration
NH1,25624453100000,703455283.7,2022-04-17T08:13:35,1.000000,49999.999434,-1.132e-08,52.902,287.414,1.977,calibration
NH1,25629853200000,703563285.7,2022-04-18T14:13:37,1.000000,49999.999446,-1.108e-08,52.912,287.415,1.977,calibration
NH1,25634173400000,703649689.7,2022-04-19T14:13:41,1.000000,49999.999426,-1.148e-08,52.920,287.416,1.977,calibration
NH1,25635793500000,703682091.7,2022-04-19T23:13:43,1.000000,49999.999442,-1.117e-08,52.923,287.416,1.977,calibration
NH1,25644433600000,703854893.7,2022-04-21T23:13:45,1.000000,49999.999433,-1.134e-08,52.939,287.418,1.977,calibration
NH1,25649114950000,703948520.7,2022-04-23T01:14:12,1.000000,49999.999442,-1.117e-08,52.947,287.419,1.977,calibration
NH1,25655594500000,704078111.7,2022-04-24T13:14:03,1.000000,49999.999433,-1.134e-08,52.959,287.420,1.977,calibration
NH1,25659015050000,704146522.7,2022-04-25T08:14:14,1.000000,49999.999449,-1.102e-08,52.966,287.421,1.977,calibration
NH1,25662794650000,704222114.7,2022-04-26T05:14:06,1.000000,49999.999431,-1.138e-08,52.972,287.421,1.977,calibration
NH1,25668735150000,704340924.7,2022-04-27T14:14:16,1.000000,49999.999436,-1.128e-08,52.983,287.423,1.977,calibration
NH1,25673235500000,704430931.7,2022-04-28T15:14:23,1.000000,49999.999425,-1.150e-08,52.992,287.423,1.977,calibration
NH1,25677736150000,704520944.7,2022-04-29T16:14:36,1.000000,49999.999444,-1.112e-08,53.000,287.424,1.977,calibration
NH1,25682056750000,704607356.7,2022-04-30T16:14:48,1.000000,49999.999445,-1.110e-08,53.008,287.425,1.977,calibration
NH1,25685835950000,704682940.7,2022-05-01T13:14:32,1.000000,49999.999433,-1.134e-08,53.015,287.426,1.977,calibration
NH1,25690337250000,704772966.7,2022-05-02T14:14:58,1.000000,49999.999441,-1.118e-08,53.023,287.427,1.977,calibration
NH1,25691777800000,704801777.7,2022-05-02T22:15:09,1.000000,49999.999438,-1.124e-08,53.026,287.427,1.977,calibration
NH1,25696278650000,704891794.7,2022-05-03T23:15:26,1.000000,49999.999432,-1.136e-08,53.034,287.428,1.977,calibration
NH1,25705099800000,705068217.7,2022-05-06T00:15:49,1.000000,49999.999432,-1.137e-08,53.050,287.430,1.977,calibration
NH1,25712300350000,705212228.7,2022-05-07T16:16:00,1.000000,49999.999443,-1.115e-08,53.063,287.431,1.977,calibration
NH1,25716258700000,705291395.7,2022-05-08T14:15:27,1.000000,49999.999434,-1.132e-08,53.071,287.432,1.977,calibration
NH1,25717880250000,705323826.7,2022-05-08T23:15:58,1.000000,49999.999433,-1.135e-08,53.074,287.432,1.977,calibration
NH1,25722381750000,705413856.7,2022-05-10T00:16:28,1.000000,49999.999440,-1.121e-08,53.082,287.433,1.977,calibration
NH1,25727779750000,705521816.7,2022-05-11T06:15:48,1.000000,49999.999441,-1.118e-08,53.092,287.434,1.977,calibration
NH1,25730659150000,705579404.7,2022-05-11T22:15:36,1.000000,49999.999422,-1.156e-08,53.097,287.435,1.977,calibration
NH1,25736782350000,705701868.7,2022-05-13T08:16:40,1.000000,49999.999441,-1.118e-08,53.108,287.436,1.977,calibration
NH1,25740740200000,705781025.7,2022-05-14T06:15:57,1.000000,49999.999430,-1.141e-08,53.116,287.437,1.977,calibration
NH1,25745248650000,705871194.7,2022-05-15T07:18:46,1.000000,49999.999446,-1.108e-08,53.124,287.437,1.977,calibration
NH1,25749200350000,705950228.7,2022-05-16T05:16:00,1.000000,49999.999438,-1.124e-08,53.131,287.438,1.977,calibration
NH1,25752079600000,706007813.7,2022-05-16T21:15:45,1.000000,49999.999421,-1.159e-08,53.136,287.439,1.977,calibration
NH1,25758202050000,706130262.7,2022-05-18T07:16:34,1.000000,49999.999452,-1.096e-08,53.148,287.440,1.977,calibration
NH1,25760719950000,706180620.7,2022-05-18T21:15:52,1.000000,49999.999434,-1.132e-08,53.152,287.440,1.977,calibration
NH1,25766300750000,706292236.7,2022-05-20T04:16:08,1.000000,49999.999701,-5.970e-09,53.163,287.442,1.977,calibration
NH1,25772284950000,706411920.7,2022-05-21T13:30:52,1.000000,49999.998909,-2.182e-08,53.174,287.443,1.977,calibration
NH1,25775484200000,706475905.7,2022-05-22T07:17:17,1.000000,49999.999445,-1.111e-08,53.179,287.443,1.977,calibration
NH1,25779260850000,706551438.7,2022-05-23T04:16:10,1.000000,49999.999424,-1.153e-08,53.186,287.444,1.977,calibration
NH1,25782501150000,706616244.7,2022-05-23T22:16:16,1.000000,49999.999429,-1.143e-08,53.192,287.445,1.978,calibration
NH1,25786825000000,706702721.7,2022-05-24T22:17:33,1.000000,49999.999430,-1.140e-08,53.200,287.446,1.978,calibration
NH1,25792585350000,706817928.7,2022-05-26T06:17:40,1.000000,49999.999700,-5.990e-09,53.211,287.447,1.978,calibration
NH1,25798025500000,706926731.7,2022-05-27T12:31:03,1.000000,49999.999101,-1.799e-08,53.221,287.448,1.978,calibration
NH1,25802486800000,707015957.7,2022-05-28T13:18:09,1.000000,49999.999434,-1.133e-08,53.229,287.449,1.978,calibration
NH1,25805545550000,707077132.7,2022-05-29T06:17:44,1.000000,49999.999437,-1.126e-08,53.235,287.449,1.978,calibration
NH1,25810946450000,707185150.7,2022-05-30T12:18:02,1.000000,49999.999445,-1.111e-08,53.245,287.450,1.978,calibration
NH1,25814366400000,707253549.7,2022-05-31T07:18:01,1.000000,49999.999418,-1.164e-08,53.251,287.451,1.978,calibration
NH1,25819762350000,707361468.7,2022-06-01T13:16:40,1.000000,49999.999448,-1.105e-08,53.261,287.452,1.978,calibration
NH1,26999578800000,730957798.0,2023-03-01T15:48:49,1.000000,49999.999909,-1.830e-09,55.423,287.670,1.982,calibration
NH1,27002856050000,731023343.0,2023-03-02T10:01:14,1.000000,49999.999162,-1.676e-08,55.429,287.670,1.982,calibration
NH1,27008220050000,731130623.0,2023-03-03T15:49:14,1.000000,49999.999461,-1.079e-08,55.439,287.671,1.982,calibration
NH1,27011819850000,731202619.0,2023-03-04T11:49:10,1.000000,49999.999483,-1.035e-08,55.446,287.672,1.982,calibration
NH1,27016140350000,731289029.0,2023-03-05T11:49:20,1.000000,49999.999441,-1.118e-08,55.453,287.673,1.982,calibration
NH1,27024773900000,731461700.0,2023-03-07T11:47:11,1.000000,49999.999460,-1.080e-08,55.469,287.674,1.982,calibration
NH1,27027297800000,731512178.0,2023-03-08T01:48:29,1.000000,49999.999471,-1.059e-08,55.474,287.675,1.982,calibration
NH1,27032692300000,731620068.0,2023-03-09T07:46:39,1.000000,49999.999444,-1.112e-08,55.484,287.676,1.982,calibration
NH1,27037734500000,731720912.0,2023-03-10T11:47:23,1.000000,49999.999456,-1.089e-08,55.493,287.677,1.982,calibration
NH1,27041693100000,731800084.0,2023-03-11T09:46:55,1.000000,49999.999468,-1.065e-08,55.500,287.677,1.982,calibration
NH1,27047099950000,731908221.0,2023-03-12T15:49:12,1.000000,49999.999443,-1.115e-08,55.510,287.678,1.982,calibration
NH1,27050695050000,731980123.0,2023-03-13T11:47:34,1.000000,49999.999458,-1.084e-08,55.517,287.679,1.982,calibration
NH1,27054473150000,732055685.0,2023-03-14T08:46:56,1.000000,49999.999450,-1.100e-08,55.524,287.680,1.982,calibration
NH1,27059335350000,732152929.0,2023-03-15T11:47:40,1.000000,49999.999461,-1.078e-08,55.533,287.680,1.982,calibration
NH1,27064379950000,732253821.0,2023-03-16T15:49:12,1.000000,49999.999446,-1.108e-08,55.542,287.681,1.982,calibration
NH1,27067796300000,732322148.0,2023-03-17T10:47:59,1.000000,49999.999496,-1.009e-08,55.548,287.682,1.982,calibration
NH1,27070140300000,732369028.0,2023-03-17T23:49:19,1.000000,49999.999448,-1.104e-08,55.552,287.682,1.982,calibration
NH1,27075714300000,732480508.0,2023-03-19T06:47:19,1.000000,49999.999452,-1.097e-08,55.562,287.683,1.982,calibration
NH1,27080394400000,732574110.0,2023-03-20T08:47:21,1.000000,49999.999455,-1.091e-08,55.571,287.684,1.982,calibration
NH1,27090301300000,732772248.0,2023-03-22T15:49:39,1.000000,49999.999447,-1.106e-08,55.589,287.686,1.982,calibration
NH1,27093717500000,732840572.0,2023-03-23T10:48:23,1.000000,49999.999450,-1.100e-08,55.595,287.686,1.982,calibration
NH1,27098037200000,732926966.0,2023-03-24T10:48:17,1.000000,49999.999465,-1.070e-08,55.603,287.687,1.982,calibration
NH1,27100555400000,732977330.0,2023-03-25T00:47:41,1.000000,49999.999451,-1.099e-08,55.608,287.688,1.982,calibration
NH1,27106135700000,733088936.0,2023-03-26T07:47:47,1.000000,49999.999449,-1.103e-08,55.618,287.689,1.982,calibration
NH1,27115318400000,733272590.0,2023-03-28T10:48:41,1.000000,49999.999463,-1.075e-08,55.635,287.690,1.982,calibration
NH1,27118017150000,733326565.0,2023-03-29T01:48:16,1.000000,49999.999455,-1.090e-08,55.640,287.691,1.982,calibration
NH1,27123236450000,733430951.0,2023-03-30T06:48:02,1.000000,49999.999460,-1.081e-08,55.649,287.692,1.982,calibration
NH1,27129183200000,733549886.0,2023-03-31T15:50:17,1.000000,49999.999424,-1.153e-08,55.660,287.693,1.982,calibration
NH1,27132419250000,733614607.0,2023-04-01T09:48:58,1.000000,49999.999472,-1.057e-08,55.666,287.693,1.982,calibration
NH1,27136197200000,733690166.0,2023-04-02T06:48:17,1.000000,49999.999437,-1.126e-08,55.673,287.694,1.982,calibration
NH1,27141059550000,733787413.0,2023-04-03T09:49:04,1.000000,49999.999469,-1.063e-08,55.682,287.695,1.982,calibration
NH1,27144657400000,733859370.0,2023-04-04T05:48:21,1.000000,49999.999449,-1.103e-08,55.689,287.695,1.982,calibration
NH1,27149158000000,733949382.0,2023-04-05T06:48:33,1.000000,49999.999441,-1.118e-08,55.697,287.696,1.982,calibration
NH1,27153478200000,734035786.0,2023-04-06T06:48:37,1.000000,49999.999449,-1.102e-08,55.705,287.697,1.982,calibration
NH1,27162479150000,734215805.0,2023-04-08T08:48:56,1.000000,49999.999468,-1.064e-08,55.721,287.699,1.982,calibration
NH1,27167886400000,734323950.0,2023-04-09T14:51:21,1.000000,49999.999413,-1.175e-08,55.731,287.699,1.982,calibration
NH1,27170759200000,734381406.0,2023-04-10T06:48:57,1.000000,49999.999445,-1.110e-08,55.736,287.700,1.982,calibration
NH1,27175621350000,734478649.0,2023-04-11T09:49:40,1.000000,49999.999462,-1.077e-08,55.745,287.701,1.982,calibration
NH1,27178319850000,734532619.0,2023-04-12T00:49:10,1.000000,49999.999442,-1.116e-08,55.750,287.701,1.982,calibration
NH1,27184261500000,734651452.0,2023-04-13T09:49:43,1.000000,49999.999446,-1.108e-08,55.761,287.702,1.982,calibration
NH1,27188220450000,734730631.0,2023-04-14T07:49:22,1.000000,49999.999461,-1.078e-08,55.768,287.703,1.982,calibration
NH1,27193986950000,734845961.0,2023-04-15T15:51:32,1.000000,49999.999433,-1.134e-08,55.779,287.704,1.982,calibration
NH1,27196861050000,734903443.0,2023-04-16T07:49:34,1.000000,49999.999437,-1.127e-08,55.784,287.705,1.982,calibration
NH1,27201362800000,734993478.0,2023-04-17T08:50:09,1.000000,49999.999461,-1.078e-08,55.792,287.705,1.982,calibration
NH1,27205320700000,735072636.0,2023-04-18T06:49:27,1.000000,49999.999444,-1.112e-08,55.800,287.706,1.982,calibration
NH1,27227648150000,735519185.0,2023-04-23T10:51:56,1.000000,49999.999427,-1.147e-08,55.840,287.710,1.983,calibration
NH1,27232329750000,735612817.1,2023-04-24T12:52:28,1.000000,49999.999447,-1.106e-08,55.849,287.711,1.983,calibration
NH1,27258430800000,736134838.1,2023-04-30T13:52:49,1.000000,49999.999469,-1.062e-08,55.897,287.715,1.983,calibration
NH1,27262570000000,736217622.1,2023-05-01T12:52:33,1.000000,49999.999443,-1.114e-08,55.904,287.716,1.983,calibration
NH1,27287770900000,736721640.1,2023-05-07T08:52:51,1.000000,49999.999414,-1.173e-08,55.950,287.720,1.983,calibration
NH1,27292812100000,736822464.1,2023-05-08T12:53:15,1.000000,49999.999442,-1.117e-08,55.960,287.721,1.983,calibration
NH1,27319093100000,737348084.1,2023-05-14T14:53:35,1.000000,49999.999441,-1.119e-08,56.008,287.726,1.983,calibration
NH1,27323232300000,737430868.1,2023-05-15T13:53:19,1.000000,49999.999444,-1.112e-08,56.015,287.727,1.983,calibration
NH1,27349571900000,737957660.1,2023-05-21T16:13:11,1.000000,49999.999442,-1.117e-08,56.063,287.731,1.983,calibration
NH1,27353474650000,738035715.1,2023-05-22T13:54:06,1.000000,49999.999438,-1.124e-08,56.071,287.732,1.983,calibration
NH1,27384070250000,738647627.1,2023-05-29T15:52:38,1.000000,49999.999406,-1.187e-08,56.126,287.737,1.983,calibration
NH1,27386227500000,738690772.1,2023-05-30T03:51:43,1.000000,49999.999429,-1.142e-08,56.130,287.737,1.983,calibration
NH1,27390728100000,738780784.1,2023-05-31T04:51:55,1.000000,49999.999448,-1.104e-08,56.139,287.738,1.983,calibration
NH1,27393788600000,738841994.1,2023-05-31T21:52:05,1.000000,49999.999435,-1.130e-08,56.144,287.739,1.983,calibration
NH1,27400988950000,738986001.1,2023-06-02T13:52:12,1.000000,49999.999433,-1.135e-08,56.157,287.740,1.983,calibration
NH1,27404948250000,739065187.1,2023-06-03T11:51:58,1.000000,49999.999433,-1.135e-08,56.165,287.741,1.983,calibration
NH1,27409810700000,739162436.1,2023-06-04T14:52:47,1.000000,49999.999452,-1.097e-08,56.174,287.741,1.983,calibration
NH1,27413588200000,739237986.1,2023-06-05T11:51:57,1.000000,49999.999444,-1.112e-08,56.180,287.742,1.983,calibration
NH1,27418629800000,739338818.1,2023-06-06T15:52:29,1.000000,49999.999421,-1.158e-08,56.190,287.743,1.983,calibration
NH1,27421687950000,739399981.1,2023-06-07T08:51:52,1.000000,49999.999427,-1.147e-08,56.195,287.744,1.983,calibration
NH1,27424029050000,739446803.1,2023-06-07T21:52:14,1.000000,49999.999449,-1.102e-08,56.200,287.744,1.983,calibration
NH1,27431649650000,739599215.1,2023-06-09T16:12:26,1.000000,49999.999392,-1.217e-08,56.213,287.745,1.983,calibration
NH1,27433568300000,739637588.1,2023-06-10T02:51:59,1.000000,49999.999434,-1.133e-08,56.217,287.746,1.983,calibration
NH1,27439870100000,739763624.1,2023-06-11T13:52:35,1.000000,49999.999459,-1.083e-08,56.228,287.747,1.983,calibration
NH1,27444579900000,739857820.1,2023-06-12T16:02:31,1.000000,49999.999391,-1.219e-08,56.237,287.747,1.983,calibration
NH1,27446888700000,739903996.1,2023-06-13T04:52:07,1.000000,49999.999440,-1.120e-08,56.241,287.748,1.983,calibration
NH1,27452108100000,740008384.1,2023-06-14T09:51:55,1.000000,49999.999445,-1.111e-08,56.251,287.749,1.983,calibration
NH1,27455168200000,740069586.1,2023-06-15T02:51:57,1.000000,49999.999445,-1.111e-08,56.256,287.749,1.983,calibration
NH1,27461830000000,740202822.1,2023-06-16T15:52:33,1.000000,49999.999405,-1.191e-08,56.269,287.750,1.983,calibration
NH1,27465609150000,740278405.1,2023-06-17T12:52:16,1.000000,49999.999452,-1.096e-08,56.276,287.751,1.983,calibration
NH1,27469207950000,740350381.1,2023-06-18T08:51:52,1.000000,49999.999425,-1.151e-08,56.282,287.752,1.983,calibration
NH1,27474430350000,740454829.1,2023-06-19T13:52:40,1.000000,49999.999455,-1.091e-08,56.292,287.753,1.983,calibration
NH1,27479109000000,740548402.1,2023-06-20T15:52:13,1.000000,49999.999422,-1.157e-08,56.300,287.753,1.983,calibration
NH1,27482888750000,740623997.1,2023-06-21T12:52:08,1.000000,49999.999263,-1.474e-08,56.307,287.754,1.983,calibration
NH1,27484873750000,740663697.1,2023-06-21T23:53:48,1.000000,49999.999419,-1.162e-08,56.311,287.754,1.983,calibration
NH1,27491532400000,740796870.1,2023-06-23T12:53:21,1.000000,49999.999449,-1.103e-08,56.323,287.756,1.983,calibration
NH1,27496451150000,740895245.1,2023-06-24T16:12:56,1.000000,49999.999429,-1.143e-08,56.332,287.756,1.983,calibration
NH1,27499807650000,740962375.1,2023-06-25T10:51:46,1.000000,49999.999435,-1.131e-08,56.338,287.757,1.983,calibration
NH1,27504127500000,741048772.1,2023-06-26T10:51:43,1.000000,49999.999423,-1.155e-08,56.346,287.758,1.983,calibration
NH1,27507188200000,741109986.1,2023-06-27T03:51:57,1.000000,49999.999436,-1.128e-08,56.352,287.758,1.983,calibration
NH1,27512587400000,741217970.1,2023-06-28T09:51:41,1.000000,49999.999446,-1.108e-08,56.361,287.759,1.983,calibration
NH1,27517987900000,741325980.1,2023-06-29T15:51:51,1.000000,49999.999414,-1.172e-08,56.371,287.760,1.983,calibration
NH1,27521769100000,741401604.1,2023-06-30T12:52:15,1.000000,49999.999441,-1.118e-08,56.378,287.761,1.983,calibration
NH1,27525546850000,741477159.1,2023-07-01T09:51:30,1.000000,49999.999439,-1.122e-08,56.385,287.761,1.983,calibration
NH1,27529866900000,741563560.1,2023-07-02T09:51:31,1.000000,49999.999440,-1.120e-08,56.393,287.762,1.983,calibration
NH1,27535267400000,741671570.1,2023-07-03T15:51:41,1.000000,49999.999420,-1.161e-08,56.403,287.763,1.984,calibration
NH1,27539048350000,741747189.1,2023-07-04T12:52:00,1.000000,49999.999446,-1.109e-08,56.410,287.764,1.984,calibration
NH1,27542826350000,741822749.1,2023-07-05T09:51:20,1.000000,49999.999438,-1.124e-08,56.417,287.764,1.984,calibration
NH1,27552546600000,742017154.1,2023-07-07T15:51:25,1.000000,49999.999439,-1.123e-08,56.434,287.766,1.984,calibration
NH1,27556866400000,742103550.1,2023-07-08T15:51:21,1.000000,49999.999412,-1.176e-08,56.442,287.767,1.984,calibration
NH1,27560467100000,742175564.1,2023-07-09T11:51:35,1.000000,49999.999452,-1.096e-08,56.449,287.767,1.984,calibration
NH1,27565506000000,742276342.1,2023-07-10T15:51:13,1.000000,49999.999432,-1.137e-08,56.458,287.768,1.984,calibration
NH1,27569825950000,742362741.1,2023-07-11T15:51:12,1.000000,49999.999432,-1.137e-08,56.466,287.769,1.984,calibration
NH1,27574146050000,742449143.1,2023-07-12T15:51:14,1.000000,49999.999436,-1.129e-08,56.474,287.770,1.984,calibration
NH1,27578465700000,742535536.1,2023-07-13T15:51:07,1.000000,49999.999445,-1.110e-08,56.482,287.770,1.984,calibration
NH1,27582785400000,742621930.1,2023-07-14T15:51:01,1.000000,49999.999433,-1.134e-08,56.490,287.771,1.984,calibration
NH1,27587105100000,742708324.1,2023-07-15T15:50:55,1.000000,49999.999431,-1.138e-08,56.498,287.772,1.984,calibration
NH1,27591425100000,742794724.1,2023-07-16T15:50:55,1.000000,49999.999440,-1.120e-08,56.505,287.773,1.984,calibration
NH1,27595744800000,742881118.1,2023-07-17T15:50:49,1.000000,49999.999437,-1.126e-08,56.513,287.773,1.984,calibration
NH1,27600064750000,742967517.1,2023-07-18T15:50:48,1.000000,49999.999420,-1.161e-08,56.521,287.774,1.984,calibration
NH1,27603484750000,743035917.1,2023-07-19T10:50:48,1.000000,49999.999444,-1.112e-08,56.528,287.775,1.984,calibration
NH1,27608704150000,743140305.1,2023-07-20T15:50:36,1.000000,49999.999421,-1.159e-08,56.537,287.776,1.984,calibration
NH1,27612124150000,743208705.1,2023-07-21T10:50:36,1.000000,49999.999449,-1.102e-08,56.543,287.776,1.984,calibration
NH1,27617343400000,743313090.1,2023-07-22T15:50:21,1.000000,49999.999430,-1.140e-08,56.553,287.777,1.984,calibration
NH1,27621663150000,743399485.1,2023-07-23T15:50:16,1.000000,49999.999444,-1.112e-08,56.561,287.778,1.984,calibration
NH1,27625982950000,743485881.1,2023-07-24T15:50:12,1.000000,49999.999447,-1.107e-08,56.569,287.778,1.984,calibration
NH1,27628141350000,743529049.1,2023-07-25T03:49:40,1.000000,49999.999426,-1.148e-08,56.573,287.779,1.984,calibration
NH1,27634622150000,743658665.1,2023-07-26T15:49:56,1.000000,49999.999427,-1.147e-08,56.584,287.780,1.984,calibration
NH1,27637862150000,743723465.1,2023-07-27T09:49:56,1.000000,49999.999449,-1.102e-08,56.590,287.780,1.984,calibration
NH1,27643261650000,743831455.1,2023-07-28T15:49:46,1.000000,49999.999431,-1.139e-08,56.600,287.781,1.984,calibration
NH1,27647401350000,743914249.1,2023-07-29T14:49:40,1.000000,49999.999434,-1.133e-08,56.608,287.782,1.984,calibration
NH1,27650820350000,743982629.1,2023-07-30T09:49:20,1.000000,49999.999436,-1.129e-08,56.614,287.783,1.984,calibration
NH1,27656220700000,744090636.1,2023-07-31T15:49:27,1.000000,49999.999440,-1.120e-08,56.624,287.784,1.984,calibration
NH1,27658020450000,744126631.1,2023-08-01T01:49:22,1.000000,49999.999435,-1.131e-08,56.627,287.784,1.984,calibration
NH1,27661081000000,744187842.1,2023-08-01T18:49:33,1.000000,49999.999433,-1.134e-08,56.633,287.784,1.984,calibration
NH1,27666659850000,744299419.1,2023-08-03T01:49:10,1.000000,49999.999440,-1.120e-08,56.643,287.785,1.984,calibration
NH1,27672419350000,744414609.1,2023-08-04T09:49:00,1.000000,49999.999439,-1.123e-08,56.653,287.786,1.984,calibration
NH1,27703738500000,745040992.2,2023-08-11T15:48:43,1.000000,49999.999330,-1.341e-08,56.711,287.792,1.984,calibration
NH1,27704100050000,745048223.2,2023-08-11T17:49:14,1.000000,49999.999441,-1.119e-08,56.711,287.792,1.984,calibration
NH1,27733977300000,745645768.2,2023-08-18T15:48:19,1.000000,49999.999419,-1.163e-08,56.766,287.797,1.984,calibration
NH1,27735598150000,745678185.2,2023-08-19T00:48:36,1.000000,49999.999440,-1.120e-08,56.769,287.797,1.984,calibration
NH1,27759893900000,746164100.2,2023-08-24T15:47:11,1.000000,49999.999440,-1.121e-08,56.813,287.801,1.984,calibration
NH1,27764212850000,746250479.2,2023-08-25T15:46:50,1.000000,49999.999284,-1.433e-08,56.821,287.802,1.984,calibration
NH1,27764394250000,746254107.2,2023-08-25T16:47:18,1.000000,49999.999438,-1.125e-08,56.821,287.802,1.984,calibration
NH1,27794452650000,746855275.2,2023-09-01T15:46:46,1.000000,49999.999502,-9.960e-09,56.876,287.807,1.984,calibration
NH1,27795894050000,746884103.2,2023-09-01T23:47:14,1.000000,49999.999446,-1.109e-08,56.879,287.807,1.984,calibration
NH1,27824687900000,747459980.2,2023-09-08T15:45:11,1.000000,49999.999442,-1.117e-08,56.932,287.812,1.984,calibration
NH1,27854743900000,748061100.2,2023-09-15T14:43:51,1.000000,49999.999413,-1.174e-08,56.986,287.817,1.985,calibration
NH1,27856183250000,748089887.2,2023-09-15T22:43:38,1.000000,49999.999451,-1.099e-08,56.989,287.817,1.985,calibration
NH1,27867875500000,748323732.2,2023-09-18T15:41:03,1.000000,49999.999424,-1.153e-08,57.010,287.819,1.985,calibration
NH1,27872021550000,748406653.2,2023-09-19T14:43:04,1.000000,49999.999446,-1.109e-08,57.018,287.820,1.985,calibration
NH1,27905131650000,749068855.2,2023-09-27T06:39:46,1.000000,49999.999440,-1.121e-08,57.078,287.825,1.985,calibration
NH1,27909452350000,749155269.2,2023-09-28T06:40:00,1.000000,49999.999470,-1.061e-08,57.086,287.826,1.985,calibration
NH1,27915390400000,749274030.2,2023-09-29T15:39:21,1.000000,49999.999437,-1.126e-08,57.097,287.827,1.985,calibration
NH1,27919709700000,749360416.2,2023-09-30T15:39:07,1.000000,49999.999438,-1.124e-08,57.105,287.828,1.985,calibration
NH1,27923850600000,749443234.2,2023-10-01T14:39:25,1.000000,49999.999438,-1.124e-08,57.113,287.828,1.985,calibration
NH1,27927988650000,749525995.2,2023-10-02T13:38:46,1.000000,49999.999452,-1.097e-08,57.120,287.829,1.985,calibration
NH1,27932322200000,749612666.2,2023-10-03T13:43:17,1.000000,49999.999465,-1.070e-08,57.128,287.830,1.985,calibration
NH1,27936987200000,749705966.2,2023-10-04T15:38:17,1.000000,49999.999414,-1.172e-08,57.137,287.831,1.985,calibration
NH1,27939145500000,749749132.2,2023-10-05T03:37:43,1.000000,49999.999453,-1.094e-08,57.141,287.831,1.985,calibration
NH1,27945266350000,749871549.2,2023-10-06T13:38:00,1.000000,49999.999446,-1.109e-08,57.152,287.832,1.985,calibration
NH1,27949594300000,749958108.2,2023-10-07T13:40:39,1.000000,49999.999447,-1.106e-08,57.160,287.833,1.985,calibration
NH1,27953906100000,750044344.2,2023-10-08T13:37:55,1.000000,49999.999467,-1.066e-08,57.168,287.833,1.985,calibration
NH1,27958583650000,750137895.2,2023-10-09T15:37:06,1.000000,49999.999441,-1.118e-08,57.176,287.834,1.985,calibration
NH1,27962544900000,750217120.2,2023-10-10T13:37:31,1.000000,49999.999435,-1.131e-08,57.183,287.835,1.985,calibration
NH1,27965423800000,750274698.2,2023-10-11T05:37:09,1.000000,49999.999458,-1.085e-08,57.189,287.835,1.985,calibration
NH1,27971002350000,750386269.2,2023-10-12T12:36:40,1.000000,49999.999453,-1.095e-08,57.199,287.836,1.985,calibration
NH1,27975503050000,750476283.2,2023-10-13T13:36:54,1.000000,49999.999455,-1.091e-08,57.207,287.837,1.985,calibration
NH1,27979642600000,750559074.2,2023-10-14T12:36:45,1.000000,49999.999467,-1.067e-08,57.215,287.838,1.985,calibration
NH1,27983419900000,750634620.2,2023-10-15T09:35:51,1.000000,49999.999432,-1.136e-08,57.221,287.838,1.985,calibration
NH1,27986839750000,750703017.2,2023-10-16T04:35:48,1.000000,49999.999451,-1.098e-08,57.228,287.839,1.985,calibration
NH1,27991159350000,750789409.2,2023-10-17T04:35:40,1.000000,49999.999450,-1.101e-08,57.236,287.840,1.985,calibration
NH1,27995659700000,750879416.2,2023-10-18T05:35:47,1.000000,49999.999462,-1.077e-08,57.244,287.840,1.985,calibration
NH1,27999797600000,750962174.2,2023-10-19T04:35:05,1.000000,49999.999459,-1.083e-08,57.251,287.841,1.985,calibration
NH1,28005557500000,751077372.2,2023-10-20T12:35:03,1.000000,49999.999448,-1.104e-08,57.262,287.842,1.985,calibration
NH1,28009876550000,751163753.2,2023-10-21T12:34:44,1.000000,49999.999457,-1.087e-08,57.270,287.843,1.985,calibration
NH1,28014016450000,751246551.2,2023-10-22T11:34:42,1.000000,49999.999455,-1.090e-08,57.277,287.843,1.985,calibration
NH1,28018516700000,751336556.2,2023-10-23T12:34:47,1.000000,49999.999444,-1.112e-08,57.286,287.844,1.985,calibration
NH1,28021033600000,751386894.2,2023-10-24T02:33:45,1.000000,49999.999469,-1.062e-08,57.290,287.845,1.985,calibration
NH1,28027693550000,751520093.2,2023-10-25T15:33:44,1.000000,49999.999410,-1.181e-08,57.302,287.846,1.985,calibration
NH1,28029492150000,751556065.2,2023-10-26T01:33:16,1.000000,49999.999456,-1.089e-08,57.306,287.846,1.985,calibration
NH1,28033811550000,751642453.2,2023-10-27T01:33:04,1.000000,49999.999462,-1.077e-08,57.313,287.847,1.985,calibration
NH1,28040114100000,751768504.2,2023-10-28T12:33:55,1.000000,49999.999447,-1.106e-08,57.325,287.848,1.985,calibration
NH1,28044432750000,751854877.2,2023-10-29T12:33:28,1.000000,49999.999452,-1.096e-08,57.333,287.848,1.985,calibration
NH1,28047311950000,751912461.2,2023-10-30T04:33:12,1.000000,49999.999468,-1.065e-08,57.338,287.849,1.985,calibration
NH1,28053609800000,752038418.2,2023-10-31T15:32:29,1.000000,49999.999450,-1.100e-08,57.350,287.850,1.985,calibration
NH1,28057210550000,752110433.2,2023-11-01T11:32:44,1.000000,49999.999453,-1.094e-08,57.356,287.851,1.985,calibration
NH1,28061530300000,752196828.2,2023-11-02T11:32:39,1.000000,49999.999464,-1.072e-08,57.364,287.851,1.985,calibration
NH1,28065849850000,752283219.2,2023-11-03T11:32:30,1.000000,49999.999453,-1.095e-08,57.372,287.852,1.985,calibration
NH1,28070169400000,752369610.2,2023-11-04T11:32:21,1.000000,49999.999462,-1.077e-08,57.380,287.853,1.985,calibration
NH1,28074488950000,752456001.2,2023-11-05T11:32:12,1.000000,49999.999466,-1.069e-08,57.388,287.853,1.985,calibration
NH1,28079571900000,752557660.2,2023-11-06T15:46:31,1.000000,49999.999457,-1.086e-08,57.397,287.854,1.985,calibration
NH1,28083845850000,752643139.2,2023-11-07T15:31:10,1.000000,49999.999446,-1.109e-08,57.405,287.855,1.985,calibration
NH1,28086006300000,752686348.2,2023-11-08T03:31:19,1.000000,49999.999457,-1.087e-08,57.409,287.855,1.985,calibration
NH1,28090325500000,752772732.2,2023-11-09T03:31:03,1.000000,49999.999465,-1.071e-08,57.417,287.856,1.985,calibration
NH1,28096835300000,752902928.2,2023-11-10T15:40:59,1.000000,49999.999448,-1.105e-08,57.428,287.857,1.985,calibration
NH1,28100405750000,752974337.2,2023-11-11T11:31:08,1.000000,49999.999473,-1.055e-08,57.435,287.858,1.985,calibration
NH1,28105443200000,753075086.2,2023-11-12T15:30:17,1.000000,49999.999454,-1.093e-08,57.444,287.858,1.985,calibration
NH1,28109044150000,753147105.2,2023-11-13T11:30:36,1.000000,49999.999459,-1.082e-08,57.451,287.859,1.985,calibration
NH1,28113363500000,753233492.2,2023-11-14T11:30:23,1.000000,49999.999460,-1.081e-08,57.459,287.860,1.985,calibration
NH1,28117502000000,753316262.2,2023-11-15T10:29:53,1.000000,49999.999505,-9.900e-09,57.466,287.860,1.985,calibration
NH1,28119300200000,753352226.2,2023-11-15T20:29:17,1.000000,49999.999460,-1.080e-08,57.469,287.861,1.985,calibration
NH1,28127040400000,753507030.2,2023-11-17T15:29:21,1.000000,49999.999461,-1.078e-08,57.484,287.862,1.985,calibration
NH1,28131359950000,753593421.2,2023-11-18T15:29:12,1.000000,49999.999442,-1.117e-08,57.491,287.863,1.985,calibration
NH1,28134780300000,753661828.2,2023-11-19T10:29:19,1.000000,49999.999466,-1.068e-08,57.498,287.863,1.985,calibration
NH1,28139998800000,753766198.3,2023-11-20T15:28:49,1.000000,49999.999463,-1.075e-08,57.507,287.864,1.985,calibration
NH1,28144318400000,753852590.3,2023-11-21T15:28:41,1.000000,49999.999480,-1.040e-08,57.515,287.865,1.985,calibration
NH1,28147197700000,753910176.3,2023-11-22T07:28:27,1.000000,49999.999455,-1.091e-08,57.520,287.865,1.985,calibration
NH1,28152059250000,754007407.3,2023-11-23T10:28:58,1.000000,49999.999465,-1.071e-08,57.529,287.866,1.985,calibration
NH1,28157276550000,754111753.3,2023-11-24T15:28:04,1.000000,49999.999470,-1.061e-08,57.539,287.867,1.985,calibration
NH1,28161236050000,754190943.3,2023-11-25T13:27:54,1.000000,49999.999462,-1.076e-08,57.546,287.868,1.986,calibration
NH1,28165915750000,754284537.3,2023-11-26T15:27:48,1.000000,49999.999457,-1.086e-08,57.555,287.868,1.986,calibration
NH1,28170234950000,754370921.3,2023-11-27T15:27:32,1.000000,49999.999453,-1.094e-08,57.562,287.869,1.986,calibration
NH1,28171674100000,754399704.3,2023-11-27T23:27:15,1.000000,49999.999465,-1.070e-08,57.565,287.869,1.986,calibration
NH1,28178874050000,754543703.3,2023-11-29T15:27:14,1.000000,49999.999461,-1.078e-08,57.578,287.870,1.986,calibration
NH1,28182295650000,754612135.3,2023-11-30T10:27:46,1.000000,49999.999465,-1.071e-08,57.584,287.871,1.986,calibration
NH1,28187513400000,754716490.3,2023-12-01T15:27:01,1.000000,49999.999463,-1.074e-08,57.594,287.872,1.986,calibration
NH1,28191832700000,754802876.3,2023-12-02T15:26:47,1.000000,49999.999464,-1.073e-08,57.602,287.873,1.986,calibration
NH1,28196152150000,754889265.3,2023-12-03T15:26:36,1.000000,49999.999464,-1.072e-08,57.610,287.873,1.986,calibration
NH1,28199393550000,754954093.3,2023-12-04T09:27:04,1.000000,49999.999470,-1.061e-08,57.616,287.874,1.986,calibration
NH1,28204791650000,755062055.3,2023-12-05T15:26:26,1.000000,49999.999467,-1.067e-08,57.625,287.875,1.986,calibration
NH1,28209111250000,755148447.3,2023-12-06T15:26:18,1.000000,49999.999445,-1.110e-08,57.633,287.875,1.986,calibration
NH1,28210917850000,755184579.3,2023-12-07T01:28:30,1.000000,49999.999468,-1.064e-08,57.637,287.876,1.986,calibration
NH1,28217750400000,755321230.3,2023-12-08T15:26:01,1.000000,49999.999467,-1.067e-08,57.649,287.877,1.986,calibration
NH1,28222070250000,755407627.3,2023-12-09T15:25:58,1.000000,49999.999460,-1.081e-08,57.657,287.878,1.986,calibration
NH1,28225311350000,755472449.3,2023-12-10T09:26:20,1.000000,49999.999475,-1.051e-08,57.663,287.878,1.986,calibration
NH1,28230348950000,755573201.3,2023-12-11T13:25:32,1.000000,49999.999454,-1.093e-08,57.672,287.879,1.986,calibration
NH1,28235028800000,755666798.3,2023-12-12T15:25:29,1.000000,49999.999467,-1.067e-08,57.681,287.880,1.986,calibration
NH1,28235389650000,755674015.3,2023-12-12T17:25:46,1.000000,49999.999472,-1.056e-08,57.681,287.880,1.986,calibration
NH1,28242047900000,755807180.3,2023-12-14T06:25:11,1.000000,49999.999463,-1.075e-08,57.693,287.881,1.986,calibration
NH1,28246908950000,755904401.3,2023-12-15T09:25:32,1.000000,49999.999462,-1.076e-08,57.702,287.882,1.986,calibration
NH1,28251049200000,755987206.3,2023-12-16T08:25:37,1.000000,49999.999472,-1.056e-08,57.710,287.882,1.986,calibration
NH1,28255368250000,756073587.3,2023-12-17T08:25:18,1.000000,49999.999465,-1.070e-08,57.718,287.883,1.986,calibration
NH1,28260586400000,756177950.3,2023-12-18T13:24:41,1.000000,49999.999470,-1.060e-08,57.727,287.884,1.986,calibration
NH1,28264905750000,756264337.3,2023-12-19T13:24:28,1.000000,49999.999460,-1.080e-08,57.735,287.885,1.986,calibration
NH1,28271205900000,756390340.3,2023-12-21T00:24:31,1.000000,49999.999469,-1.063e-08,57.747,287.886,1.986,calibration
NH1,28277864900000,756523520.3,2023-12-22T13:24:11,1.000000,49999.999470,-1.061e-08,57.759,287.887,1.986,calibration
NH1,28281285700000,756591936.3,2023-12-23T08:24:27,1.000000,49999.999463,-1.074e-08,57.765,287.887,1.986,calibration
NH1,28286864600000,756703514.3,2023-12-24T15:24:05,1.000000,49999.999466,-1.069e-08,57.775,287.888,1.986,calibration
NH1,28291184650000,756789915.3,2023-12-25T15:24:06,1.000000,49999.999455,-1.091e-08,57.783,287.889,1.986,calibration
NH1,28292624250000,756818707.3,2023-12-25T23:23:58,1.000000,49999.999469,-1.063e-08,57.786,287.889,1.986,calibration
NH1,28298565200000,756937526.3,2023-12-27T08:24:17,1.000000,49999.999468,-1.064e-08,57.797,287.890,1.986,calibration
NH1,28304143650000,757049095.3,2023-12-28T15:23:46,1.000000,49999.999463,-1.075e-08,57.807,287.891,1.986,calibration
NH1,28308464800000,757135518.3,2023-12-29T15:24:09,1.000000,49999.999501,-9.990e-09,57.815,287.892,1.986,calibration
NH1,28310802300000,757182268.3,2023-12-30T04:23:19,1.000000,49999.999452,-1.096e-08,57.819,287.892,1.986,calibration
NH1,28317103750000,757308297.3,2023-12-31T15:23:48,1.000000,49999.999466,-1.068e-08,57.830,287.893,1.986,calibration
NH1,28321424700000,757394716.3,2024-01-01T15:24:07,1.000000,49999.999472,-1.057e-08,57.838,287.894,1.986,calibration
NH1,28325744500000,757481112.3,2024-01-02T15:24:03,1.000000,49999.999482,-1.037e-08,57.846,287.894,1.986,calibration
NH1,28330061300000,757567448.3,2024-01-03T15:22:59,1.000000,49999.999396,-1.209e-08,57.854,287.895,1.986,calibration
NH1,28331140450000,757589031.3,2024-01-03T21:22:42,1.000000,49999.999478,-1.045e-08,57.856,287.895,1.986,calibration
NH1,28338700750000,757740237.3,2024-01-05T15:22:48,1.000000,49999.999452,-1.097e-08,57.870,287.896,1.986,calibration
NH1,28340860650000,757783435.3,2024-01-06T03:22:46,1.000000,49999.999457,-1.087e-08,57.874,287.897,1.986,calibration
NH1,28347342900000,757913080.3,2024-01-07T15:23:31,1.000000,49999.999463,-1.074e-08,57.886,287.898,1.986,calibration
NH1,28351663000000,757999482.3,2024-01-08T15:23:33,1.000000,49999.999467,-1.066e-08,57.893,287.899,1.986,calibration
NH1,28357420400000,758114630.3,2024-01-09T23:22:41,1.000000,49999.999470,-1.060e-08,57.904,287.899,1.986,calibration
NH1,28367502000000,758316262.3,2024-01-12T07:23:13,1.000000,49999.999473,-1.054e-08,57.922,287.901,1.986,calibration
NH1,28371821950000,758402661.3,2024-01-13T07:23:12,1.000000,49999.999477,-1.046e-08,57.930,287.902,1.986,calibration
NH1,28376141850000,758489059.3,2024-01-14T07:23:10,1.000000,49999.999478,-1.045e-08,57.938,287.903,1.986,calibration
NH1,28379738950000,758561001.3,2024-01-15T03:22:12,1.000000,49999.999462,-1.077e-08,57.945,287.903,1.986,calibration
NH1,28385859300000,758683408.3,2024-01-16T13:22:19,1.000000,49999.999477,-1.047e-08,57.956,287.904,1.986,calibration
NH1,28388920300000,758744628.3,2024-01-17T06:22:39,1.000000,49999.999453,-1.094e-08,57.961,287.905,1.986,calibration
NH1,28391799200000,758802206.3,2024-01-17T22:22:17,1.000000,49999.999470,-1.060e-08,57.967,287.905,1.986,calibration
NH1,28397559700000,758917416.3,2024-01-19T06:22:27,1.000000,49999.999468,-1.064e-08,57.977,287.906,1.986,calibration
NH1,28401698950000,759000201.3,2024-01-20T05:22:12,1.000000,49999.999486,-1.028e-08,57.985,287.907,1.986,calibration
NH1,28406742250000,759101067.3,2024-01-21T09:23:18,1.000000,49999.999448,-1.105e-08,57.994,287.907,1.986,calibration
NH1,28411960500000,759205432.3,2024-01-22T14:22:43,1.000000,49999.999490,-1.021e-08,58.003,287.908,1.986,calibration
NH1,28416278000000,759291782.3,2024-01-23T14:21:53,1.000000,49999.999465,-1.070e-08,58.011,287.909,1.986,calibration
NH1,28420777900000,759381780.3,2024-01-24T15:21:51,1.000000,49999.999388,-1.225e-08,58.020,287.910,1.986,calibration
NH1,28421316850000,759392559.3,2024-01-24T18:21:30,1.000000,49999.999474,-1.052e-08,58.020,287.910,1.986,calibration
NH1,28429417750000,759554577.3,2024-01-26T15:21:48,1.000000,49999.999443,-1.115e-08,58.035,287.911,1.986,calibration
NH1,28433560600000,759637434.3,2024-01-27T14:22:45,1.000000,49999.999476,-1.049e-08,58.043,287.912,1.986,calibration
NH1,28436440200000,759695026.3,2024-01-28T06:22:37,1.000000,49999.999464,-1.072e-08,58.048,287.912,1.986,calibration
NH1,28442019450000,759806611.3,2024-01-29T13:22:22,1.000000,49999.999467,-1.067e-08,58.058,287.913,1.986,calibration
NH1,28446339250000,759893007.3,2024-01-30T13:22:18,1.000000,49999.999484,-1.033e-08,58.066,287.914,1.986,calibration
NH1,28447777300000,759921768.3,2024-01-30T21:21:39,1.000000,49999.999464,-1.072e-08,58.069,287.914,1.986,calibration
NH1,28451736550000,760000953.3,2024-01-31T19:21:24,1.000000,49999.999472,-1.057e-08,58.076,287.915,1.986,calibration
NH1,28461637350000,760198969.3,2024-02-03T02:21:40,1.000000,49999.999466,-1.068e-08,58.094,287.916,1.986,calibration
NH1,28468297650000,760332175.3,2024-02-04T15:21:46,1.000000,49999.999445,-1.110e-08,58.106,287.917,1.986,calibration
NH1,28470819950000,760382621.3,2024-02-05T05:22:32,1.000000,49999.999470,-1.060e-08,58.111,287.918,1.986,calibration
NH1,28476580400000,760497830.3,2024-02-06T13:22:41,1.000000,49999.999461,-1.078e-08,58.121,287.919,1.986,calibration
NH1,28478018450000,760526591.3,2024-02-06T21:22:02,1.000000,49999.999472,-1.057e-08,58.124,287.919,1.986,calibration
NH1,28489897800000,760764178.3,2024-02-09T15:21:49,1.000000,49999.999459,-1.083e-08,58.146,287.921,1.987,calibration
NH1,28494217900000,760850580.3,2024-02-10T15:21:51,1.000000,49999.999454,-1.092e-08,58.153,287.921,1.987,calibration
NH1,28498179900000,760929820.3,2024-02-11T13:22:31,1.000000,49999.999444,-1.113e-08,58.161,287.922,1.987,calibration
NH1,28499437450000,760954971.3,2024-02-11T20:21:42,1.000000,49999.999469,-1.063e-08,58.163,287.922,1.987,calibration
NH1,28505380250000,761073827.3,2024-02-13T05:22:38,1.000000,49999.999467,-1.066e-08,58.174,287.923,1.987,calibration
NH1,28509700300000,761160228.3,2024-02-14T05:22:39,1.000000,49999.999458,-1.084e-08,58.182,287.924,1.987,calibration
NH1,28512398000000,761214182.3,2024-02-14T20:21:53,1.000000,49999.999468,-1.065e-08,58.187,287.924,1.987,calibration
NH1,28517982200000,761325866.3,2024-02-16T03:23:17,1.000000,49999.999468,-1.064e-08,58.197,287.925,1.987,calibration
NH1,28524458100000,761455384.3,2024-02-17T15:21:55,1.000000,49999.999473,-1.054e-08,58.209,287.926,1.987,calibration
NH1,28528778050000,761541783.3,2024-02-18T15:21:54,1.000000,49999.999476,-1.049e-08,58.216,287.927,1.987,calibration
NH1,28532558150000,761617385.3,2024-02-19T12:21:56,1.000000,49999.999461,-1.078e-08,58.223,287.928,1.987,calibration
NH1,28541198400000,761790190.3,2024-02-21T12:22:01,1.000000,49999.999455,-1.091e-08,58.239,287.929,1.987,calibration
NH1,28546059050000,761887403.3,2024-02-22T15:22:14,1.000000,49999.999459,-1.083e-08,58.248,287.930,1.987,calibration
NH1,28550378800000,761973798.3,2024-02-23T15:22:09,1.000000,49999.999496,-1.009e-08,58.256,287.930,1.987,calibration
NH1,28553985400000,762045930.3,2024-02-24T11:24:21,1.000000,49999.999415,-1.170e-08,58.262,287.931,1.987,calibration
NH1,28557041200000,762107046.3,2024-02-25T04:22:57,1.000000,49999.999473,-1.054e-08,58.268,287.932,1.987,calibration
NH1,28563338850000,762232999.3,2024-02-26T15:22:10,1.000000,49999.999426,-1.148e-08,58.279,287.933,1.987,calibration
NH1,28565499750000,762276217.3,2024-02-27T03:22:28,1.000000,49999.999468,-1.064e-08,58.283,287.933,1.987,calibration
NH1,28571979200000,762405806.3,2024-02-28T15:22:17,1.000000,49999.999474,-1.053e-08,58.295,287.934,1.987,calibration
NH1,28576119350000,762488609.3,2024-02-29T14:22:20,1.000000,49999.999427,-1.146e-08,58.303,287.935,1.987,calibration
NH1,28578641350000,762539049.3,2024-03-01T04:23:00,1.000000,49999.999468,-1.065e-08,58.307,287.935,1.987,calibration
NH1,28584939650000,762665015.3,2024-03-02T15:22:26,1.000000,49999.999467,-1.066e-08,58.319,287.936,1.987,calibration
NH1,28589259850000,762751419.3,2024-03-03T15:22:30,1.000000,49999.999463,-1.075e-08,58.327,287.937,1.987,calibration
NH1,28593040050000,762827023.3,2024-03-04T12:22:34,1.000000,49999.999468,-1.064e-08,58.334,287.937,1.987,calibration
NH1,28597180050000,762909823.4,2024-03-05T11:22:34,1.000000,49999.999445,-1.110e-08,58.341,287.938,1.987,calibration
NH1,28602220500000,763010632.4,2024-03-06T15:22:43,1.000000,49999.999463,-1.074e-08,58.350,287.939,1.987,calibration
NH1,28606540550000,763097033.4,2024-03-07T15:22:44,1.000000,49999.999466,-1.069e-08,58.358,287.939,1.987,calibration
NH1,28610891200000,763184046.4,2024-03-08T15:32:57,1.000000,49999.999461,-1.079e-08,58.366,287.940,1.987,calibration
NH1,28615180650000,763269835.4,2024-03-09T15:22:46,1.000000,49999.999451,-1.099e-08,58.374,287.941,1.987,calibration
NH1,28619562450000,763357471.4,2024-03-10T15:43:22,1.000000,49999.999480,-1.040e-08,58.382,287.941,1.987,calibration
NH1,28622380850000,763413839.4,2024-03-11T07:22:50,1.000000,49999.999448,-1.104e-08,58.387,287.942,1.987,calibration
NH1,28625441250000,763475047.4,2024-03-12T00:22:58,1.000000,49999.999463,-1.074e-08,58.393,287.942,1.987,calibration
NH1,28630841350000,763583049.4,2024-03-13T06:23:00,1.000000,49999.999454,-1.092e-08,58.403,287.943,1.987,calibration
NH1,28633721350000,763640649.4,2024-03-13T22:23:00,1.000000,49999.999457,-1.086e-08,58.408,287.944,1.987,calibration
NH1,28645422150000,763874665.4,2024-03-16T15:23:16,1.000000,49999.999456,-1.088e-08,58.429,287.946,1.987,calibration
NH1,28649382450000,763953871.4,2024-03-17T13:23:22,1.000000,49999.999474,-1.052e-08,58.436,287.946,1.987,calibration
NH1,28652262700000,764011476.4,2024-03-18T05:23:27,1.000000,49999.999450,-1.101e-08,58.442,287.947,1.987,calibration
NH1,28658022850000,764126679.4,2024-03-19T13:23:30,1.000000,49999.999459,-1.082e-08,58.452,287.948,1.987,calibration
NH1,28662522850000,764216679.4,2024-03-20T14:23:30,1.000000,49999.999454,-1.093e-08,58.460,287.948,1.987,calibration
NH1,28671343450000,764393091.4,2024-03-22T15:23:42,1.000000,49999.999460,-1.081e-08,58.476,287.950,1.987,calibration
NH1,28675663650000,764479495.4,2024-03-23T15:23:46,1.000000,49999.999446,-1.108e-08,58.484,287.950,1.987,calibration
NH1,28679983800000,764565898.4,2024-03-24T15:23:49,1.000000,49999.999480,-1.040e-08,58.492,287.951,1.987,calibration
NH1,28682503850000,764616299.4,2024-03-25T05:23:50,1.000000,49999.999446,-1.109e-08,58.497,287.951,1.987,calibration
NH1,28688624350000,764738709.4,2024-03-26T15:24:00,1.000000,49999.999453,-1.094e-08,58.508,287.952,1.987,calibration
NH1,28692944450000,764825111.4,2024-03-27T15:24:02,1.000000,49999.999480,-1.041e-08,58.516,287.953,1.987,calibration
NH1,28695644350000,764879109.4,2024-03-28T06:24:00,1.000000,49999.999443,-1.114e-08,58.521,287.954,1.987,calibration
NH1,28701585150000,764997925.4,2024-03-29T15:24:16,1.000000,49999.999456,-1.089e-08,58.532,287.954,1.987,calibration
NH1,28705905400000,765084330.4,2024-03-30T15:24:21,1.000000,49999.999488,-1.025e-08,58.539,287.955,1.987,calibration
NH1,28709145050000,765149123.4,2024-03-31T09:24:14,1.000000,49999.999440,-1.121e-08,58.545,287.956,1.987,calibration
NH1,28714005350000,765246329.4,2024-04-01T12:24:20,1.000000,49999.999459,-1.082e-08,58.554,287.956,1.987,calibration
NH1,28717245800000,765311138.4,2024-04-02T06:24:29,1.000000,49999.999442,-1.116e-08,58.560,287.957,1.987,calibration
NH1,28721566050000,765397543.4,2024-04-03T06:24:34,1.000000,49999.999459,-1.083e-08,58.568,287.958,1.987,calibration
NH1,28726785950000,765501941.4,2024-04-04T11:24:32,1.000000,49999.999457,-1.086e-08,58.577,287.958,1.987,calibration
NH1,28729847000000,765563162.4,2024-04-05T04:24:53,1.000000,49999.999436,-1.128e-08,58.583,287.959,1.987,calibration
NH1,28735069050000,765667603.4,2024-04-06T09:25:34,1.000000,49999.999465,-1.070e-08,58.593,287.960,1.987,calibration
NH1,28739746650000,765761155.4,2024-04-07T11:24:46,1.000000,49999.999446,-1.108e-08,58.601,287.960,1.987,calibration
NH1,28744607000000,765858362.4,2024-04-08T14:24:53,1.000000,49999.999461,-1.078e-08,58.610,287.961,1.987,calibration
NH1,28747667800000,765919578.4,2024-04-09T07:25:09,1.000000,49999.999454,-1.092e-08,58.616,287.962,1.987,calibration
NH1,28750187000000,765969962.4,2024-04-09T21:24:53,1.000000,49999.999449,-1.103e-08,58.620,287.962,1.987,calibration
NH1,28754507700000,766056376.4,2024-04-10T21:25:07,1.000000,49999.999451,-1.099e-08,58.628,287.963,1.987,calibration
NH1,28761528200000,766196786.4,2024-04-12T12:25:17,1.000000,49999.999454,-1.093e-08,58.641,287.964,1.987,calibration
NH1,28763688350000,766239989.4,2024-04-13T00:25:20,1.000000,49999.999443,-1.115e-08,58.645,287.964,1.987,calibration
NH1,28770708900000,766380400.4,2024-04-14T15:25:31,1.000000,49999.999461,-1.078e-08,58.657,287.965,1.987,calibration
NH1,28774668800000,766459598.4,2024-04-15T13:25:29,1.000000,49999.999451,-1.098e-08,58.665,287.966,1.987,calibration
NH1,28778809100000,766542404.4,2024-04-16T12:25:35,1.000000,49999.999452,-1.096e-08,58.672,287.967,1.987,calibration
NH1,28782769250000,766621607.4,2024-04-17T10:25:38,1.000000,49999.999442,-1.117e-08,58.679,287.967,1.987,calibration
NH1,28786369100000,766693604.4,2024-04-18T06:25:35,1.000000,49999.999448,-1.105e-08,58.686,287.968,1.987,calibration
NH1,28792309850000,766812419.4,2024-04-19T15:25:50,1.000000,49999.999443,-1.114e-08,58.697,287.969,1.987,calibration
NH1,28795371950000,766873661.4,2024-04-20T08:26:32,1.000000,49999.999451,-1.099e-08,58.702,287.969,1.987,calibration
NH1,28798070100000,766927624.4,2024-04-20T23:25:55,1.000000,49999.999448,-1.105e-08,58.707,287.970,1.987,calibration
NH1,28804910250000,767064427.4,2024-04-22T13:25:58,1.000000,49999.999459,-1.083e-08,58.720,287.971,1.987,calibration
NH1,28808870400000,767143630.4,2024-04-23T11:26:01,1.000000,49999.999444,-1.112e-08,58.727,287.971,1.987,calibration
NH1,28816611250000,767298447.4,2024-04-25T06:26:18,1.000000,49999.999442,-1.117e-08,58.741,287.973,1.987,calibration
NH1,28822552050000,767417263.4,2024-04-26T15:26:34,1.000000,49999.999462,-1.076e-08,58.752,287.973,1.988,calibration
NH1,28825071050000,767467643.4,2024-04-27T05:26:14,1.000000,49999.999446,-1.108e-08,58.757,287.974,1.988,calibration
NH1,28830831500000,767582852.4,2024-04-28T13:26:23,1.000000,49999.999466,-1.069e-08,58.767,287.975,1.988,calibration
NH1,28833531350000,767636849.4,2024-04-29T04:26:20,1.000000,49999.999442,-1.116e-08,58.772,287.975,1.988,calibration
NH1,28836591400000,767698050.4,2024-04-29T21:26:21,1.000000,49999.999450,-1.100e-08,58.778,287.976,1.988,calibration
NH1,28841812450000,767802471.4,2024-05-01T02:26:42,1.000000,49999.999433,-1.134e-08,58.787,287.976,1.988,calibration
NH1,28846852600000,767903274.4,2024-05-02T06:26:45,1.000000,49999.999443,-1.115e-08,58.796,287.977,1.988,calibration
NH1,28850094350000,767968109.4,2024-05-03T00:27:20,1.000000,49999.999448,-1.105e-08,58.802,287.978,1.988,calibration
NH1,28856932950000,768104881.4,2024-05-04T14:26:52,1.000000,49999.999452,-1.096e-08,58.815,287.979,1.988,calibration
NH1,28860532850000,768176879.4,2024-05-05T10:26:50,1.000000,49999.999436,-1.128e-08,58.821,287.979,1.988,calibration
NH1,28862332800000,768212878.4,2024-05-05T20:26:49,1.000000,49999.999444,-1.113e-08,58.824,287.980,1.988,calibration
NH1,28869713450000,768360491.4,2024-05-07T13:27:02,1.000000,49999.999446,-1.109e-08,58.838,287.981,1.988,calibration
NH1,28874033750000,768446897.4,2024-05-08T13:27:08,1.000000,49999.999449,-1.102e-08,58.846,287.982,1.988,calibration
NH1,28880873600000,768583694.4,2024-05-10T03:27:05,1.000000,49999.999436,-1.128e-08,58.858,287.983,1.988,calibration
NH1,28886813850000,768702499.4,2024-05-11T12:27:10,1.000000,49999.999441,-1.118e-08,58.869,287.984,1.988,calibration
NH1,28890236100000,768770944.4,2024-05-12T07:27:55,1.000000,49999.999449,-1.102e-08,58.875,287.984,1.988,calibration
NH1,28895094300000,768868108.4,2024-05-13T10:27:19,1.000000,49999.999438,-1.125e-08,58.884,287.985,1.988,calibration
NH1,28899774350000,768961709.4,2024-05-14T12:27:20,1.000000,49999.999449,-1.102e-08,58.893,287.986,1.988,calibration
NH1,28904274750000,769051717.4,2024-05-15T13:27:28,1.000000,49999.999455,-1.090e-08,58.901,287.986,1.988,calibration
NH1,28906614250000,769098507.4,2024-05-16T02:27:18,1.000000,49999.999436,-1.128e-08,58.905,287.987,1.988,calibration
NH1,28912734950000,769220921.4,2024-05-17T12:27:32,1.000000,49999.999438,-1.124e-08,58.916,287.988,1.988,calibration
NH1,28917055150000,769307325.4,2024-05-18T12:27:36,1.000000,49999.999451,-1.099e-08,58.924,287.988,1.988,calibration
NH1,28921555150000,769397325.4,2024-05-19T13:27:36,1.000000,49999.999431,-1.139e-08,58.932,287.989,1.988,calibration
NH1,28925875750000,769483737.4,2024-05-20T13:27:48,1.000000,49999.999451,-1.098e-08,58.940,287.990,1.988,calibration
NH1,28928759100000,769541404.4,2024-05-21T05:28:55,1.000000,49999.999438,-1.125e-08,58.945,287.990,1.988,calibration
NH1,28934515650000,769656535.4,2024-05-22T13:27:46,1.000000,49999.999463,-1.075e-08,58.956,287.991,1.988,calibration
NH1,28938295450000,769732131.4,2024-05-23T10:27:42,1.000000,49999.999430,-1.140e-08,58.963,287.992,1.988,calibration
NH1,28943156200000,769829346.4,2024-05-24T13:27:57,1.000000,49999.999438,-1.125e-08,58.972,287.992,1.988,calibration
NH1,28947476250000,769915747.4,2024-05-25T13:27:58,1.000000,49999.999442,-1.116e-08,58.980,287.993,1.988,calibration
NH1,28951977200000,770005766.4,2024-05-26T14:28:17,1.000000,49999.999468,-1.064e-08,58.988,287.994,1.988,calibration
NH1,28955216000000,770070542.4,2024-05-27T08:27:53,1.000000,49999.999447,-1.107e-08,58.994,287.994,1.988,calibration
NH1,28959175650000,770149735.4,2024-05-28T06:27:46,1.000000,49999.999426,-1.148e-08,59.001,287.995,1.988,calibration
NH1,28963856100000,770243344.4,2024-05-29T08:27:55,1.000000,49999.999436,-1.128e-08,59.009,287.995,1.988,calibration
NH1,28967456450000,770315351.4,2024-05-30T04:28:02,1.000000,49999.999434,-1.132e-08,59.016,287.996,1.988,calibration
NH1,28970697950000,770380181.4,2024-05-30T22:28:32,1.000000,49999.999443,-1.114e-08,59.022,287.997,1.988,calibration
NH1,28977536600000,770516954.4,2024-06-01T12:28:05,1.000000,49999.999442,-1.117e-08,59.034,287.998,1.988,calibration
NH1,28981676350000,770599749.4,2024-06-02T11:28:00,1.000000,49999.999443,-1.114e-08,59.042,287.998,1.988,calibration
NH1,28985456450000,770675351.4,2024-06-03T08:28:02,1.000000,49999.999445,-1.110e-08,59.049,287.999,1.988,calibration
NH1,28989776200000,770761746.4,2024-06-04T08:27:57,1.000000,49999.999441,-1.118e-08,59.057,288.000,1.988,calibration
NH1,28994096400000,770848150.4,2024-06-05T08:28:01,1.000000,49999.999439,-1.122e-08,59.065,288.000,1.988,calibration
NH1,29001836550000,771002953.4,2024-06-07T03:28:04,1.000000,49999.999429,-1.143e-08,59.079,288.001,1.988,calibration
NH1,29007596650000,771118155.4,2024-06-08T11:28:06,1.000000,49999.999456,-1.089e-08,59.089,288.002,1.988,calibration
NH1,29012683700000,771219896.4,2024-06-09T15:43:47,1.000000,49999.999440,-1.120e-08,59.098,288.003,1.988,calibration
NH1,29016989050000,771306003.4,2024-06-10T15:38:54,1.000000,49999.999442,-1.117e-08,59.106,288.004,1.988,calibration
NH1,29021278000000,771391782.4,2024-06-11T15:28:33,1.000000,49999.999422,-1.156e-08,59.114,288.004,1.988,calibration
NH1,29024336750000,771452957.4,2024-06-12T08:28:08,1.000000,49999.999445,-1.111e-08,59.120,288.005,1.988,calibration
NH1,29029918400000,771564590.4,2024-06-13T15:28:41,1.000000,49999.999439,-1.122e-08,59.130,288.006,1.988,calibration
NH1,29034237600000,771650974.4,2024-06-14T15:28:25,1.000000,49999.999443,-1.115e-08,59.138,288.006,1.988,calibration
NH1,29038557600000,771737374.4,2024-06-15T15:28:25,1.000000,49999.999418,-1.164e-08,59.146,288.007,1.988,calibration
NH1,29042343550000,771813093.4,2024-06-16T12:30:24,1.000000,49999.999440,-1.121e-08,59.152,288.008,1.988,calibration
NH1,29046839400000,771903010.4,2024-06-17T13:29:01,1.000000,49999.999453,-1.094e-08,59.161,288.008,1.988,calibration
NH1,29048996400000,771946150.4,2024-06-18T01:28:01,1.000000,49999.999432,-1.137e-08,59.165,288.009,1.988,calibration
NH1,29054936350000,772064949.5,2024-06-19T10:28:00,1.000000,49999.999459,-1.082e-08,59.175,288.010,1.988,calibration
NH1,29057816300000,772122548.5,2024-06-20T02:27:59,1.000000,49999.999443,-1.114e-08,59.181,288.010,1.988,calibration
NH1,29064477100000,772255764.5,2024-06-21T15:28:15,1.000000,49999.999422,-1.156e-08,59.193,288.011,1.988,calibration
NH1,29067536200000,772316946.5,2024-06-22T08:27:57,1.000000,49999.999442,-1.117e-08,59.198,288.012,1.988,calibration
NH1,29071856150000,772403345.5,2024-06-23T08:27:56,1.000000,50000.000184,3.670e-09,59.206,288.012,1.988,calibration
NH1,29077436850000,772514959.5,2024-06-24T15:28:10,1.000000,49999.999447,-1.106e-08,59.216,288.013,1.988,calibration
NH1,29081756950000,772601361.5,2024-06-25T15:28:12,1.000000,49999.999435,-1.131e-08,59.224,288.014,1.988,calibration
NH1,29086076900000,772687760.5,2024-06-26T15:28:11,1.000000,49999.999358,-1.285e-08,59.232,288.014,1.988,calibration
NH1,29086796550000,772702153.5,2024-06-26T19:28:04,1.000000,49999.999450,-1.100e-08,59.233,288.014,1.988,calibration
NH1,29094761550000,772861453.5,2024-06-28T15:43:04,1.000000,49999.999443,-1.115e-08,59.248,288.016,1.988,calibration
NH1,29099036150000,772946945.5,2024-06-29T15:27:56,1.000000,49999.999417,-1.167e-08,59.256,288.016,1.988,calibration
NH1,29102275200000,773011726.5,2024-06-30T09:27:37,1.000000,49999.999448,-1.104e-08,59.262,288.017,1.988,calibration
NH1,29107675950000,773119741.5,2024-07-01T15:27:52,1.000000,49999.999445,-1.110e-08,59.271,288.018,1.988,calibration
NH1,29111997200000,773206166.5,2024-07-02T15:28:17,1.000000,49999.999447,-1.107e-08,59.279,288.018,1.988,calibration
NH1,29116315850000,773292539.5,2024-07-03T15:27:50,1.000000,49999.999427,-1.147e-08,59.287,288.019,1.988,calibration
NH1,29122796300000,773422148.5,2024-07-05T03:27:59,1.000000,49999.999452,-1.096e-08,59.299,288.020,1.988,calibration
NH1,29126934850000,773504919.5,2024-07-06T02:27:30,1.000000,49999.999440,-1.121e-08,59.306,288.021,1.988,calibration
NH1,29131436350000,773594949.5,2024-07-07T03:28:00,1.000000,49999.999440,-1.121e-08,59.315,288.021,1.988,calibration
NH1,29135574650000,773677715.5,2024-07-08T02:27:26,1.000000,49999.999450,-1.100e-08,59.322,288.022,1.988,calibration
NH1,29142234900000,773810920.5,2024-07-09T15:27:31,1.000000,49999.999438,-1.125e-08,59.334,288.023,1.988,calibration
NH1,29146554450000,773897311.5,2024-07-10T15:27:22,1.000000,49999.999440,-1.121e-08,59.342,288.024,1.988,calibration
NH1,29150904200000,773984306.5,2024-07-11T15:37:17,1.000000,49999.999445,-1.111e-08,59.350,288.024,1.988,calibration
NH1,29155194150000,774070105.5,2024-07-12T15:27:16,1.000000,49999.999437,-1.127e-08,59.358,288.025,1.988,calibration
NH1,29159513900000,774156500.5,2024-07-13T15:27:11,1.000000,49999.999446,-1.109e-08,59.366,288.026,1.989,calibration
NH1,29163833900000,774242900.5,2024-07-14T15:27:11,1.000000,49999.999438,-1.125e-08,59.374,288.026,1.989,calibration
NH1,29168153250000,774329287.5,2024-07-15T15:26:58,1.000000,49999.999441,-1.118e-08,59.382,288.027,1.989,calibration
NH1,29172473150000,774415685.5,2024-07-16T15:26:56,1.000000,49999.999447,-1.107e-08,59.389,288.028,1.989,calibration
NH1,29176792900000,774502080.5,2024-07-17T15:26:51,1.000000,49999.999437,-1.126e-08,59.397,288.028,1.989,calibration
NH1,29181112500000,774588472.5,2024-07-18T15:26:43,1.000000,49999.999445,-1.110e-08,59.405,288.029,1.989,calibration
NH1,29185432450000,774674871.5,2024-07-19T15:26:42,1.000000,49999.999435,-1.131e-08,59.413,288.030,1.989,calibration
NH1,29189752050000,774761263.5,2024-07-20T15:26:34,1.000000,49999.999441,-1.118e-08,59.421,288.030,1.989,calibration
NH1,29192810900000,774822440.5,2024-07-21T08:26:11,1.000000,49999.999441,-1.118e-08,59.426,288.031,1.989,calibration
NH1,29198391450000,774934051.5,2024-07-22T15:26:22,1.000000,49999.999492,-1.017e-08,59.437,288.032,1.989,calibration
NH1,29200190450000,774970031.5,2024-07-23T01:26:02,1.000000,49999.999423,-1.154e-08,59.440,288.032,1.989,calibration
NH1,29205770350000,775081629.5,2024-07-24T08:26:00,1.000000,49999.999445,-1.111e-08,59.450,288.033,1.989,calibration
NH1,29211350600000,775193234.5,2024-07-25T15:26:05,1.000000,49999.999448,-1.104e-08,59.460,288.034,1.989,calibration
NH1,29215670600000,775279634.5,2024-07-26T15:26:05,1.000000,49999.999445,-1.111e-08,59.468,288.034,1.989,calibration
NH1,29219990200000,775366026.5,2024-07-27T15:25:57,1.000000,49999.999439,-1.122e-08,59.476,288.035,1.989,calibration
NH1,29224309850000,775452419.5,2024-07-28T15:25:50,1.000000,49999.999427,-1.146e-08,59.484,288.036,1.989,calibration
NH1,29227188450000,775509991.5,2024-07-29T07:25:22,1.000000,49999.999458,-1.085e-08,59.489,288.036,1.989,calibration
NH1,29230970350000,775585629.5,2024-07-30T04:26:00,1.000000,49999.999439,-1.123e-08,59.496,288.037,1.989,calibration
NH1,29235649750000,775679217.5,2024-07-31T06:25:48,1.000000,49999.999443,-1.114e-08,59.504,288.037,1.989,calibration
NH1,29241588550000,775797993.5,2024-08-01T15:25:24,1.000000,49999.999441,-1.119e-08,59.515,288.038,1.989,calibration
NH1,29245908250000,775884387.5,2024-08-02T15:25:18,1.000000,49999.999448,-1.105e-08,59.523,288.039,1.989,calibration
NH1,29250227750000,775970777.5,2024-08-03T15:25:08,1.000000,49999.999448,-1.104e-08,59.531,288.040,1.989,calibration
NH1,29254547200000,776057166.5,2024-08-04T15:24:57,1.000000,49999.999434,-1.132e-08,59.539,288.040,1.989,calibration
NH1,29258867150000,776143565.5,2024-08-05T15:24:56,1.000000,49999.999454,-1.093e-08,59.547,288.041,1.989,calibration
NH1,29263186550000,776229953.5,2024-08-06T15:24:44,1.000000,49999.999425,-1.150e-08,59.555,288.041,1.989,calibration
NH1,29266426800000,776294758.5,2024-08-07T09:24:49,1.000000,49999.999455,-1.091e-08,59.560,288.042,1.989,calibration
NH1,29271825700000,776402736.5,2024-08-08T15:24:27,1.000000,49999.999444,-1.112e-08,59.570,288.043,1.989,calibration
NH1,29276145300000,776489128.5,2024-08-09T15:24:19,1.000000,49999.999433,-1.134e-08,59.578,288.043,1.989,calibration
NH1,29279385200000,776553926.5,2024-08-10T09:24:17,1.000000,49999.999444,-1.113e-08,59.584,288.044,1.989,calibration
NH1,29283163450000,776629491.5,2024-08-11T06:23:42,1.000000,49999.999442,-1.117e-08,59.591,288.045,1.989,calibration
NH1,29287844000000,776723102.5,2024-08-12T08:23:53,1.000000,49999.999450,-1.100e-08,59.599,288.045,1.989,calibration
NH1,29293423750000,776834697.5,2024-08-13T15:23:48,1.000000,49999.999451,-1.099e-08,59.610,288.046,1.989,calibration
NH1,29297743250000,776921087.5,2024-08-14T15:23:38,1.000000,49999.999437,-1.127e-08,59.617,288.047,1.989,calibration
NH1,29302069700000,777007616.5,2024-08-15T15:25:47,1.000000,49999.999453,-1.094e-08,59.625,288.047,1.989,calibration
NH1,29306382500000,777093872.5,2024-08-16T15:23:23,1.000000,49999.999442,-1.116e-08,59.633,288.048,1.989,calibration
NH1,29308900900000,777144240.5,2024-08-17T05:22:51,1.000000,49999.999444,-1.112e-08,59.638,288.048,1.989,calibration
NH1,29315022100000,777266664.5,2024-08-18T15:23:15,1.000000,49999.999442,-1.116e-08,59.649,288.049,1.989,calibration
NH1,29318081050000,777327843.5,2024-08-19T08:22:54,1.000000,49999.999446,-1.108e-08,59.655,288.050,1.989,calibration
NH1,29323661000000,777439442.5,2024-08-20T15:22:53,1.000000,49999.999446,-1.108e-08,59.665,288.051,1.989,calibration
NH1,29327980450000,777525831.5,2024-08-21T15:22:42,1.000000,49999.999446,-1.109e-08,59.673,288.051,1.989,calibration
NH1,29336619400000,777698610.5,2024-08-23T15:22:21,1.000000,49999.999453,-1.094e-08,59.688,288.053,1.989,calibration
NH1,29340938850000,777784999.5,2024-08-24T15:22:10,1.000000,49999.999444,-1.112e-08,59.696,288.053,1.989,calibration
NH1,29345258350000,777871389.5,2024-08-25T15:22:00,1.000000,49999.999443,-1.114e-08,59.704,288.054,1.989,calibration
NH1,29349577800000,777957778.5,2024-08-26T15:21:49,1.000000,49999.999453,-1.095e-08,59.712,288.055,1.989,calibration
NH1,29353897250000,778044167.5,2024-08-27T15:21:38,1.000000,49999.999444,-1.112e-08,59.720,288.055,1.989,calibration
NH1,29356595600000,778098134.5,2024-08-28T06:21:05,1.000000,49999.999455,-1.091e-08,59.725,288.056,1.989,calibration
NH1,29361995650000,778206135.5,2024-08-29T12:21:06,1.000000,49999.999440,-1.121e-08,59.734,288.056,1.989,calibration
NH1,29366856150000,778303345.5,2024-08-30T15:21:16,1.000000,49999.999454,-1.093e-08,59.743,288.057,1.989,calibration
NH1,29371177250000,778389767.5,2024-08-31T15:21:38,1.000000,49999.999444,-1.113e-08,59.751,288.058,1.989,calibration
NH1,29375495300000,778476128.5,2024-09-01T15:20:59,1.000000,49999.999444,-1.113e-08,59.759,288.059,1.989,calibration
NH1,29378374650000,778533715.5,2024-09-02T07:20:46,1.000000,49999.999453,-1.094e-08,59.764,288.059,1.989,calibration
NH1,29384134400000,778648910.5,2024-09-03T15:20:41,1.000000,49999.999460,-1.080e-08,59.775,288.060,1.989,calibration
NH1,29388273000000,778731682.5,2024-09-04T14:20:13,1.000000,49999.999446,-1.108e-08,59.782,288.060,1.989,calibration
NH1,29390971450000,778785651.5,2024-09-05T05:19:42,1.000000,49999.999450,-1.101e-08,59.787,288.061,1.989,calibration
NH1,29397093800000,778908098.5,2024-09-06T15:20:29,1.000000,49999.999436,-1.129e-08,59.798,288.062,1.989,calibration
NH1,29399790600000,778962034.5,2024-09-07T06:19:25,1.000000,49999.999452,-1.097e-08,59.803,288.062,1.989,calibration
NH1,29405732100000,779080864.5,2024-09-08T15:19:55,1.000000,49999.999452,-1.096e-08,59.814,288.063,1.989,calibration
NH1,29408611950000,779138461.5,2024-09-09T07:19:52,1.000000,49999.999471,-1.059e-08,59.819,288.064,1.989,calibration
NH1,29410948700000,779185196.5,2024-09-09T20:18:47,1.000000,49999.999459,-1.082e-08,59.824,288.064,1.989,calibration
NH1,29415808100000,779282384.5,2024-09-10T23:18:35,1.000000,49999.999439,-1.122e-08,59.832,288.065,1.989,calibration
NH1,29419948650000,779365195.5,2024-09-11T22:18:46,1.000000,49999.999459,-1.082e-08,59.840,288.065,1.989,calibration
NH1,29427376300000,779513748.5,2024-09-13T15:34:39,1.000000,49999.999461,-1.078e-08,59.853,288.066,1.989,calibration
NH1,29431649350000,779599209.5,2024-09-14T15:19:00,1.000000,49999.999405,-1.190e-08,59.861,288.067,1.989,calibration
NH1,29434346600000,779653154.5,2024-09-15T06:18:05,1.000000,49999.999470,-1.060e-08,59.866,288.067,1.989,calibration
NH1,29437945000000,779725122.5,2024-09-16T02:17:33,1.000000,49999.999452,-1.097e-08,59.873,288.068,1.989,calibration
NH1,29442264250000,779811507.5,2024-09-17T02:17:18,1.000000,49999.999441,-1.119e-08,59.881,288.069,1.989,calibration
NH1,29447304500000,779912312.5,2024-09-18T06:17:23,1.000000,49999.999460,-1.081e-08,59.890,288.069,1.989,calibration
NH1,29450185900000,779969940.5,2024-09-18T22:17:51,1.000000,49999.999444,-1.112e-08,59.895,288.070,1.989,calibration
NH1,29457210300000,780110428.5,2024-09-20T13:19:19,1.000000,49999.999490,-1.020e-08,59.908,288.071,1.989,calibration
NH1,29461885300000,780203928.5,2024-09-21T15:17:39,1.000000,49999.999424,-1.152e-08,59.916,288.072,1.989,calibration
NH1,29464401850000,780254259.5,2024-09-22T05:16:30,1.000000,49999.999464,-1.072e-08,59.921,288.072,1.989,calibration
NH1,29470524050000,780376703.5,2024-09-23T15:17:14,1.000000,49999.999428,-1.145e-08,59.932,288.073,1.989,calibration
NH1,29473222700000,780430676.5,2024-09-24T06:16:47,1.000000,49999.999469,-1.063e-08,59.937,288.073,1.989,calibration
NH1,29479206850000,780550359.5,2024-09-25T15:31:30,1.000000,49999.999424,-1.152e-08,59.948,288.074,1.989,calibration
NH1,29481139100000,780589004.5,2024-09-26T02:15:35,1.000000,49999.999457,-1.086e-08,59.951,288.074,1.989,calibration
NH1,29484559200000,780657406.5,2024-09-26T21:15:37,1.000000,49999.999462,-1.076e-08,59.958,288.075,1.989,calibration
NH1,29491946200000,780805146.5,2024-09-28T14:17:57,1.000000,49999.999434,-1.133e-08,59.971,288.076,1.989,calibration
NH1,29494819450000,780862611.5,2024-09-29T06:15:42,1.000000,49999.999453,-1.095e-08,59.976,288.076,1.989,calibration
NH1,29500404550000,780974313.5,2024-09-30T13:17:24,1.000000,49999.999470,-1.061e-08,59.986,288.077,1.989,calibration
NH1,29503458750000,781035397.5,2024-10-01T06:15:28,1.000000,49999.999458,-1.085e-08,59.992,288.078,1.989,calibration
NH1,29507777900000,781121780.5,2024-10-02T06:15:11,1.000000,49999.999454,-1.093e-08,60.000,288.078,1.990,calibration
NH1,29511376700000,781193756.5,2024-10-03T02:14:47,1.000000,49999.999471,-1.058e-08,60.006,288.079,1.990,calibration
NH1,30295601650000,796878255.7,2025-04-02T15:03:07,1.000000,49999.999450,-1.100e-08,61.432,288.194,1.992,calibration
NH1,30299922550000,796964673.7,2025-04-03T15:03:25,1.000000,49999.999458,-1.084e-08,61.440,288.194,1.992,calibration
NH1,30303162000000,797029462.7,2025-04-04T09:03:14,1.000000,49999.999481,-1.038e-08,61.446,288.195,1.992,calibration
NH1,30307122150000,797108665.7,2025-04-05T07:03:17,1.000000,49999.999455,-1.091e-08,61.453,288.195,1.992,calibration
NH1,30312702050000,797220263.7,2025-04-06T14:03:15,1.000000,49999.999465,-1.071e-08,61.463,288.196,1.992,calibration
NH1,30316655100000,797299324.7,2025-04-07T12:00:56,1.000000,49999.999462,-1.077e-08,61.471,288.197,1.992,calibration
NH1,30321155650000,797389335.7,2025-04-08T13:01:07,1.000000,49999.999456,-1.089e-08,61.479,288.197,1.992,calibration
NH1,30323317500000,797432572.7,2025-04-09T01:01:44,1.000000,49999.999462,-1.077e-08,61.483,288.198,1.992,calibration
NH1,30329796000000,797562142.7,2025-04-10T13:01:14,1.000000,49999.999451,-1.099e-08,61.494,288.199,1.992,calibration
NH1,30333398450000,797634191.7,2025-04-11T09:02:03,1.000000,49999.999476,-1.049e-08,61.501,288.199,1.992,calibration
NH1,30336096900000,797688160.7,2025-04-12T00:01:32,1.000000,49999.999461,-1.078e-08,61.506,288.199,1.992,calibration
NH1,30345636750000,797878957.7,2025-04-14T05:01:29,1.000000,49999.999460,-1.081e-08,61.523,288.201,1.992,calibration
NH1,30350137250000,797968967.7,2025-04-15T06:01:39,1.000000,49999.999449,-1.102e-08,61.531,288.201,1.992,calibration
NH1,30356078000000,798087782.7,2025-04-16T15:01:54,1.000000,49999.999458,-1.085e-08,61.542,288.202,1.992,calibration
NH1,30358958450000,798145391.7,2025-04-17T07:02:03,1.000000,49999.999476,-1.048e-08,61.547,288.203,1.992,calibration
NH1,30362917700000,798224576.7,2025-04-18T05:01:48,1.000000,49999.999454,-1.092e-08,61.555,288.203,1.992,calibration
NH1,30377318600000,798512594.7,2025-04-21T13:02:06,1.000000,49999.999457,-1.086e-08,61.581,288.205,1.992,calibration
NH1,30380560150000,798577425.7,2025-04-22T07:02:37,1.000000,49999.999453,-1.094e-08,61.587,288.206,1.992,calibration
NH1,30386319300000,798692608.7,2025-04-23T15:02:20,1.000000,49999.999480,-1.040e-08,61.597,288.207,1.992,calibration
NH1,30389919250000,798764607.7,2025-04-24T11:02:19,1.000000,49999.999450,-1.100e-08,61.604,288.207,1.992,calibration
NH1,30393159450000,798829411.7,2025-04-25T05:02:23,1.000000,49999.999453,-1.094e-08,61.610,288.208,1.992,calibration
NH1,30403420200000,799034626.7,2025-04-27T14:02:38,1.000000,49999.999452,-1.096e-08,61.628,288.209,1.992,calibration
NH1,30406662350000,799099469.7,2025-04-28T08:03:21,1.000000,49999.999452,-1.096e-08,61.634,288.209,1.992,calibration
NH1,30410982800000,799185878.7,2025-04-29T08:03:30,1.000000,49999.999475,-1.051e-08,61.642,288.210,1.992,calibration
NH1,30414760550000,799261433.7,2025-04-30T05:02:45,1.000000,49999.999450,-1.100e-08,61.649,288.211,1.992,calibration
NH1,30420520650000,799376635.7,2025-05-01T13:02:47,1.000000,49999.999434,-1.132e-08,61.659,288.211,1.992,calibration
NH1,30425209100000,799470404.7,2025-05-02T15:05:36,1.000000,50000.000182,3.640e-09,61.668,288.212,1.992,calibration
NH1,30425387450000,799473971.7,2025-05-02T16:05:03,1.000000,49999.999449,-1.103e-08,61.668,288.212,1.992,calibration
NH1,30435283550000,799671893.7,2025-05-04T23:03:45,1.000000,49999.999453,-1.095e-08,61.686,288.213,1.992,calibration
NH1,30442308400000,799812390.7,2025-05-06T14:05:22,1.000000,49999.999456,-1.088e-08,61.699,288.214,1.992,calibration
NH1,30445364150000,799873505.7,2025-05-07T07:03:57,1.000000,49999.999457,-1.086e-08,61.704,288.215,1.992,calibration
NH1,30449502800000,799956278.8,2025-05-08T06:03:30,1.000000,49999.999453,-1.095e-08,61.712,288.215,1.992,calibration
NH1,30456883700000,800103896.8,2025-05-09T23:03:48,1.000000,49999.999456,-1.089e-08,61.725,288.217,1.992,calibration
NH1,30468229700000,800330816.8,2025-05-12T14:05:48,1.000000,49999.999442,-1.117e-08,61.746,288.218,1.992,calibration
NH1,30470562600000,800377474.8,2025-05-13T03:03:26,1.000000,49999.999450,-1.101e-08,61.750,288.218,1.992,calibration
NH1,30475424450000,800474711.8,2025-05-14T06:04:03,1.000000,49999.999453,-1.094e-08,61.759,288.219,1.992,calibration
NH1,30479743950000,800561101.8,2025-05-15T06:03:53,1.000000,49999.999449,-1.102e-08,61.767,288.220,1.992,calibration
NH1,30484066550000,800647553.8,2025-05-16T06:04:45,1.000000,49999.999453,-1.095e-08,61.775,288.220,1.992,calibration
NH1,30495765800000,800881538.8,2025-05-18T23:04:30,1.000000,49999.999450,-1.101e-08,61.796,288.222,1.992,calibration
NH1,30501344750000,800993117.8,2025-05-20T06:04:09,1.000000,49999.999450,-1.101e-08,61.806,288.223,1.992,calibration
NH1,30507112250000,801108467.8,2025-05-21T14:06:39,1.000000,49999.999441,-1.118e-08,61.817,288.224,1.992,calibration
NH1,30509986800000,801165958.8,2025-05-22T06:04:50,1.000000,49999.999467,-1.066e-08,61.822,288.224,1.992,calibration
NH1,30512866000000,801223542.8,2025-05-22T22:04:34,1.000000,49999.999630,-7.400e-09,61.827,288.224,1.992,calibration
NH1,30518626800000,801338758.8,2025-05-24T06:04:50,1.000000,49999.999086,-1.829e-08,61.838,288.225,1.992,calibration
NH1,30521506050000,801396343.8,2025-05-24T22:04:35,1.000000,49999.999441,-1.118e-08,61.843,288.226,1.992,calibration
NH1,30528531950000,801536861.8,2025-05-26T13:06:33,1.000000,49999.999802,-3.960e-09,61.856,288.227,1.992,calibration
NH1,30531587200000,801597966.8,2025-05-27T06:04:58,1.000000,49999.999335,-1.331e-08,61.861,288.227,1.992,calibration
NH1,30540227200000,801770766.8,2025-05-29T06:04:58,1.000000,49999.999451,-1.099e-08,61.877,288.228,1.992,calibration
NH1,30543106350000,801828349.8,2025-05-29T22:04:41,1.000000,49999.999447,-1.106e-08,61.882,288.229,1.992,calibration
NH1,30557325900000,802112740.8,2025-06-02T05:04:32,1.000000,49999.999449,-1.102e-08,61.908,288.231,1.992,calibration
NH1,30561465500000,802195532.8,2025-06-03T04:04:24,1.000000,49999.999458,-1.085e-08,61.915,288.231,1.992,calibration
NH1,30567411850000,802314459.8,2025-06-04T13:06:31,1.000000,49999.999442,-1.116e-08,61.926,288.232,1.992,calibration
NH1,30573166250000,802429547.8,2025-06-05T21:04:39,1.000000,49999.999447,-1.106e-08,61.937,288.233,1.992,calibration
NH1,30577486200000,802515946.8,2025-06-06T21:04:38,1.000000,49999.999450,-1.101e-08,61.944,288.234,1.992,calibration
NH1,30587385950000,802713941.8,2025-06-09T04:04:33,1.000000,49999.999458,-1.084e-08,61.962,288.235,1.992,calibration
NH1,30593749000000,802841202.8,2025-06-10T15:25:34,1.000000,49999.999416,-1.168e-08,61.974,288.236,1.992,calibration
NH1,30596207150000,802890365.8,2025-06-11T05:04:57,1.000000,49999.999441,-1.118e-08,61.978,288.236,1.992,calibration
NH1,30599087400000,802947970.8,2025-06-11T21:05:02,1.000000,49999.999446,-1.108e-08,61.984,288.237,1.992,calibration
NH1,30604847200000,803063166.8,2025-06-13T05:04:58,1.000000,49999.999454,-1.092e-08,61.994,288.237,1.993,calibration
NH1,30617085150000,803307925.8,2025-06-16T01:04:17,1.000000,49999.999444,-1.113e-08,62.016,288.239,1.993,calibration
NH1,30620324700000,803372716.8,2025-06-16T19:04:08,1.000000,49999.999442,-1.116e-08,62.022,288.240,1.993,calibration
NH1,30626267750000,803491577.8,2025-06-18T04:05:09,1.000000,49999.999443,-1.114e-08,62.033,288.240,1.993,calibration
NH1,30630587050000,803577963.8,2025-06-19T04:04:55,1.000000,49999.999454,-1.093e-08,62.041,288.241,1.993,calibration
NH1,30634907300000,803664368.8,2025-06-20T04:05:00,1.000000,49999.999445,-1.110e-08,62.049,288.242,1.993,calibration
NH1,30647867150000,803923565.8,2025-06-23T04:04:57,1.000000,49999.999443,-1.115e-08,62.072,288.243,1.993,calibration
NH1,30650746900000,803981160.8,2025-06-23T20:04:52,1.000000,49999.999452,-1.097e-08,62.077,288.244,1.993,calibration
NH1,30656506600000,804096354.8,2025-06-25T04:04:46,1.000000,49999.999438,-1.125e-08,62.088,288.245,1.993,calibration
NH1,30662272950000,804211681.8,2025-06-26T12:06:53,1.000000,49999.999463,-1.075e-08,62.098,288.245,1.993,calibration
NH1,30665147050000,804269163.8,2025-06-27T04:04:55,1.000000,49999.999458,-1.084e-08,62.104,288.246,1.993,calibration
NH1,30671445350000,804395129.8,2025-06-28T15:04:21,1.000000,49999.999446,-1.109e-08,62.115,288.247,1.993,calibration
NH1,30672883900000,804423900.8,2025-06-28T23:03:52,1.000000,49999.999436,-1.129e-08,62.118,288.247,1.993,calibration
NH1,30678106600000,804528354.8,2025-06-30T04:04:46,1.000000,49999.999467,-1.067e-08,62.127,288.248,1.993,calibration
NH1,30681523750000,804596697.8,2025-06-30T23:03:49,1.000000,49999.999448,-1.105e-08,62.133,288.248,1.993,calibration
NH1,30688724400000,804740710.8,2025-07-02T15:04:02,1.000000,49999.999415,-1.170e-08,62.146,288.249,1.993,calibration
NH1,30692510550000,804816433.8,2025-07-03T12:06:05,1.000000,49999.999465,-1.071e-08,62.153,288.250,1.993,calibration
NH1,30695205450000,804870331.8,2025-07-04T03:04:23,1.000000,49999.999451,-1.099e-08,62.158,288.250,1.993,calibration
NH1,30698085000000,804927922.8,2025-07-04T19:04:14,1.000000,49999.999453,-1.094e-08,62.163,288.250,1.993,calibration
NH1,30706004200000,805086306.8,2025-07-06T15:03:58,1.000000,49999.999404,-1.193e-08,62.178,288.251,1.993,calibration
NH1,30706725200000,805100726.8,2025-07-06T19:04:18,1.000000,49999.999448,-1.104e-08,62.179,288.252,1.993,calibration
NH1,30714643700000,805259096.8,2025-07-08T15:03:48,1.000000,49999.999376,-1.249e-08,62.194,288.253,1.993,calibration
NH1,30715364450000,805273511.8,2025-07-08T19:04:03,1.000000,49999.999454,-1.092e-08,62.195,288.253,1.993,calibration
NH1,30723283200000,805431886.8,2025-07-10T15:03:38,1.000000,49999.999456,-1.088e-08,62.209,288.254,1.993,calibration
NH1,30727602900000,805518280.8,2025-07-11T15:03:32,1.000000,49999.999440,-1.120e-08,62.217,288.254,1.993,calibration
NH1,30731922850000,805604679.8,2025-07-12T15:03:31,1.000000,49999.999453,-1.095e-08,62.225,288.255,1.993,calibration
NH1,30735349000000,805673202.8,2025-07-13T10:05:34,1.000000,49999.999551,-8.970e-09,62.231,288.256,1.993,calibration
NH1,30738403600000,805734294.8,2025-07-14T03:03:46,1.000000,49999.999456,-1.089e-08,62.237,288.256,1.993,calibration
NH1,30742545650000,805817135.8,2025-07-15T02:04:27,1.000000,49999.999445,-1.111e-08,62.244,288.257,1.993,calibration
NH1,30748128400000,805928790.8,2025-07-16T09:05:22,1.000000,49999.999455,-1.091e-08,62.254,288.257,1.993,calibration
NH1,30753521500000,806036652.8,2025-07-17T15:03:04,1.000000,49999.999445,-1.110e-08,62.264,288.258,1.993,calibration
NH1,30757841400000,806123050.8,2025-07-18T15:03:02,1.000000,49999.999450,-1.101e-08,62.272,288.259,1.993,calibration
NH1,30762161050000,806209443.8,2025-07-19T15:02:55,1.000000,49999.999421,-1.159e-08,62.280,288.259,1.993,calibration
NH1,30764142050000,806249063.8,2025-07-20T02:03:15,1.000000,49999.999457,-1.086e-08,62.283,288.260,1.993,calibration
NH1,30770800400000,806382230.8,2025-07-21T15:02:42,1.000000,49999.999433,-1.135e-08,62.295,288.260,1.993,calibration
NH1,30774227650000,806450775.8,2025-07-22T10:05:07,1.000000,49999.999457,-1.086e-08,62.302,288.261,1.993,calibration
NH1,30779440150000,806555025.8,2025-07-23T15:02:37,1.000000,49999.999455,-1.090e-08,62.311,288.262,1.993,calibration
NH1,30783759850000,806641419.8,2025-07-24T15:02:31,1.000000,49999.999443,-1.115e-08,62.319,288.262,1.993,calibration
NH1,30788079550000,806727813.8,2025-07-25T15:02:25,1.000000,49999.999452,-1.096e-08,62.327,288.263,1.993,calibration
NH1,30792474350000,806815709.8,2025-07-26T15:27:21,1.000000,49999.999356,-1.288e-08,62.335,288.263,1.993,calibration
NH1,30792940300000,806825028.8,2025-07-26T18:02:40,1.000000,49999.999450,-1.100e-08,62.336,288.264,1.993,calibration
NH1,30801038550000,806986993.8,2025-07-28T15:02:05,1.000000,49999.999475,-1.051e-08,62.350,288.265,1.993,calibration
NH1,30804283400000,807051890.8,2025-07-29T09:03:42,1.000000,49999.999435,-1.130e-08,62.356,288.265,1.993,calibration
NH1,30809677850000,807159779.8,2025-07-30T15:01:51,1.000000,49999.999431,-1.138e-08,62.366,288.266,1.993,calibration
NH1,30813099550000,807228213.8,2025-07-31T10:02:25,1.000000,49999.999461,-1.079e-08,62.372,288.266,1.993,calibration
NH1,30818317400000,807332570.8,2025-08-01T15:01:42,1.000000,49999.999335,-1.330e-08,62.382,288.267,1.993,calibration
NH1,30818678250000,807339787.8,2025-08-01T17:01:59,1.000000,49999.999454,-1.093e-08,62.382,288.267,1.993,calibration
NH1,30831276450000,807591751.8,2025-08-04T15:01:23,1.000000,49999.999414,-1.173e-08,62.405,288.269,1.993,calibration
NH1,30834521400000,807656650.8,2025-08-05T09:03:02,1.000000,49999.999474,-1.052e-08,62.411,288.269,1.993,calibration
NH1,30838301300000,807732248.8,2025-08-06T06:03:00,1.000000,49999.999470,-1.061e-08,62.418,288.270,1.993,calibration
NH1,30840996600000,807786154.8,2025-08-06T21:01:26,1.000000,49999.999452,-1.097e-08,62.423,288.270,1.993,calibration