craft,boundary_et_s,utc,phase_resid_s,engineering_reset
VG1,-704382588.2,1977-09-05,-0.000,0
VG1,-703725947.6,1977-09-13,0.000,0
VG1,-703697147.5,1977-09-13,0.000,0
VG1,-703337147.0,1977-09-18,0.000,0
VG1,-703308347.1,1977-09-18,-0.000,0
VG1,-702861946.7,1977-09-23,0.000,0
VG1,-702833146.6,1977-09-23,0.000,0
VG1,-700379384.3,1977-10-22,-0.001,0
VG1,-700350584.3,1977-10-22,0.000,0
VG1,-698950903.1,1977-11-07,-0.001,0
VG1,-698922103.2,1977-11-08,0.000,0
VG1,-698164662.6,1977-11-16,-0.001,0
VG1,-698135862.6,1977-11-17,0.001,0
VG1,-697844982.4,1977-11-20,-0.000,0
VG1,-697816182.4,1977-11-20,-0.001,0
VG1,-697484982.2,1977-11-24,0.000,0
VG1,-697456182.3,1977-11-25,0.001,0
VG1,-696822582.0,1977-12-02,0.000,0
VG1,-696793781.9,1977-12-02,0.001,0
VG1,-695215540.9,1977-12-21,-0.000,0
VG1,-695186740.9,1977-12-21,-0.001,0
VG1,-695074420.8,1977-12-22,-0.000,0
VG1,-695045620.9,1977-12-22,-0.000,0
VG1,-694547380.6,1977-12-28,0.000,0
VG1,-694518580.7,1977-12-29,0.000,0
VG1,-694267157.6,1977-12-31,-0.020,0
VG1,-694219156.6,1978-01-01,-1.000,1
VG1,-693481780.4,1978-01-10,-0.000,0
VG1,-693452980.3,1978-01-10,-0.000,0
VG1,-691425459.3,1978-02-02,-0.000,0
VG1,-691396659.4,1978-02-03,0.000,0
VG1,-687569137.8,1978-03-19,-0.001,0
VG1,-687540337.8,1978-03-19,0.000,0
VG1,-687079537.7,1978-03-25,-0.000,0
VG1,-687050737.6,1978-03-25,0.001,0
VG1,-686273137.3,1978-04-03,0.000,0
VG1,-686244337.3,1978-04-03,-0.000,0
VG1,-684945456.8,1978-04-18,0.000,0
VG1,-684916656.9,1978-04-19,-0.000,0
VG1,-684429936.8,1978-04-24,0.000,0
VG1,-684401136.7,1978-04-25,-0.000,0
VG1,-683053296.3,1978-05-10,0.001,0
VG1,-683024496.2,1978-05-11,-0.000,0
VG1,-682748016.1,1978-05-14,-0.000,0
VG1,-682719216.2,1978-05-14,0.000,0
VG1,-682123056.1,1978-05-21,0.000,0
VG1,-682094256.0,1978-05-21,-0.000,0
VG1,-680588015.6,1978-06-08,0.000,0
VG1,-680559215.6,1978-06-08,0.000,0
VG1,-679617455.4,1978-06-19,0.000,0
VG1,-679588655.5,1978-06-19,0.000,0
VG1,-678546095.4,1978-07-01,0.000,0
VG1,-678517295.3,1978-07-02,-0.000,0
VG1,-676725935.0,1978-07-23,0.001,0
VG1,-676697135.0,1978-07-23,0.000,0
VG1,-675329134.8,1978-08-08,0.001,0
VG1,-675300334.7,1978-08-08,-0.001,0
VG1,-674810734.5,1978-08-14,0.000,0
VG1,-674781934.6,1978-08-14,0.000,0
VG1,-673261294.4,1978-09-01,0.000,0
VG1,-673232494.3,1978-09-01,0.001,0
VG1,-672178414.0,1978-09-13,0.001,0
VG1,-672149614.1,1978-09-13,-0.001,0
VG1,-671078253.9,1978-09-26,-0.000,0
VG1,-671049454.0,1978-09-26,0.001,0
VG1,-669678574.0,1978-10-12,0.000,0
VG1,-669649773.9,1978-10-12,0.000,0
VG1,-668624493.6,1978-10-24,0.000,0
VG1,-668595693.7,1978-10-25,-0.001,0
VG1,-665563835.6,1978-11-29,14.565,1
VG1,-664917947.5,1978-12-06,-0.001,0
VG1,-664889147.4,1978-12-07,0.001,0
VG1,-664678907.3,1978-12-09,0.000,0
VG1,-664650107.4,1978-12-09,-0.000,0
VG1,-664238267.4,1978-12-14,0.000,0
VG1,-664209467.3,1978-12-14,-0.000,0
VG1,-662731164.1,1978-12-31,1.000,0
VG1,-662599547.0,1979-01-02,-1.000,1
VG1,-662570746.9,1979-01-02,0.000,0
VG1,-661764346.7,1979-01-12,-0.000,0
VG1,-661735546.7,1979-01-12,-0.000,0
VG1,-658841146.0,1979-02-15,-0.000,0
VG1,-658812346.1,1979-02-15,-0.001,0
VG1,-658193146.0,1979-02-22,-0.001,0
VG1,-658164346.0,1979-02-22,-0.000,0
VG1,-657372345.8,1979-03-04,0.000,0
VG1,-657343545.9,1979-03-04,-0.000,0
VG1,-657257769.8,1979-03-05,-0.054,0
VG1,-657239812.2,1979-03-05,-3.581,1
VG1,-657236164.7,1979-03-05,0.546,0
VG1,-657232564.4,1979-03-05,0.000,0
VG1,-657221811.0,1979-03-05,0.000,0
VG1,-657216386.4,1979-03-05,0.000,0
VG1,-657212833.8,1979-03-05,-0.000,0
VG1,-656940337.3,1979-03-09,-0.000,0
VG1,-656911537.8,1979-03-09,-0.000,0
VG1,-656076337.6,1979-03-19,-0.000,0
VG1,-656047537.6,1979-03-19,0.001,0
VG1,-654780337.3,1979-04-03,0.000,0
VG1,-654751537.4,1979-04-03,-0.000,0
VG1,-653311537.1,1979-04-20,0.000,0
VG1,-653282737.0,1979-04-20,0.000,0
VG1,-649720176.3,1979-05-31,0.001,0
VG1,-649691376.4,1979-05-31,0.000,0
VG1,-647548656.0,1979-06-25,0.000,0
VG1,-647519855.9,1979-06-26,0.001,0
VG1,-646246895.5,1979-07-10,0.001,0
VG1,-646218095.5,1979-07-11,0.000,0
VG1,-641517934.5,1979-09-03,0.001,0
VG1,-641489134.5,1979-09-03,-0.000,0
VG1,-639732334.2,1979-09-24,0.000,0
VG1,-639703534.1,1979-09-24,0.000,0
VG1,-637615533.4,1979-10-18,-0.000,0
VG1,-637586733.3,1979-10-19,0.001,0
VG1,-636092012.8,1979-11-05,0.000,0
VG1,-636063212.8,1979-11-05,-0.001,0
VG1,-632186731.7,1979-12-20,-0.001,0
VG1,-632157931.8,1979-12-20,0.001,0
VG1,-631195147.6,1980-01-01,0.000,0
VG1,-630306091.5,1980-01-11,-0.000,0
VG1,-630277291.4,1980-01-11,0.000,0
VG1,-629122411.2,1980-01-24,0.000,0
VG1,-629093611.2,1980-01-25,-0.001,0
VG1,-625637610.5,1980-03-05,-0.001,0
VG1,-625608810.4,1980-03-05,0.000,0
VG1,-622725929.9,1980-04-08,-0.001,0
VG1,-622697129.9,1980-04-08,-0.000,0
VG1,-622020329.8,1980-04-16,-0.000,0
VG1,-621991529.7,1980-04-16,0.001,0
VG1,-620292329.4,1980-05-06,0.000,0
VG1,-620263529.3,1980-05-06,-0.001,0
VG1,-619802729.1,1980-05-11,0.000,0
VG1,-619773929.2,1980-05-12,0.000,0
VG1,-617901929.0,1980-06-02,0.000,0
VG1,-617873128.9,1980-06-03,-0.000,0
VG1,-617297128.8,1980-06-09,0.000,0
VG1,-617268328.9,1980-06-10,0.000,0
VG1,-616749928.9,1980-06-16,0.000,0
VG1,-616721128.8,1980-06-16,0.000,0
VG1,-614690728.5,1980-07-10,0.001,0
VG1,-614661928.6,1980-07-10,-0.000,0
VG1,-612989386.9,1980-07-29,18.481,1
VG1,-612372346.9,1980-08-05,0.001,0
VG1,-612343546.7,1980-08-06,0.000,0
VG1,-610586746.3,1980-08-26,0.001,0
VG1,-610557946.4,1980-08-26,-0.001,0
VG1,-607677946.1,1980-09-29,0.000,0
VG1,-607649146.1,1980-09-29,0.000,0
VG1,-606468346.1,1980-10-13,0.000,0
VG1,-606439546.0,1980-10-13,-0.000,0
VG1,-606180345.9,1980-10-16,-0.000,0
VG1,-606151546.0,1980-10-16,-0.000,0
VG1,-604970746.1,1980-10-30,-0.000,0
VG1,-604941946.0,1980-10-30,-0.000,0
VG1,-603933945.9,1980-11-11,-0.000,0
VG1,-603905145.8,1980-11-11,0.000,0
VG1,-603329145.7,1980-11-18,-0.000,0
VG1,-603300345.8,1980-11-18,-0.000,0
VG1,-602119545.7,1980-12-02,-0.000,0
VG1,-602090745.7,1980-12-02,-0.000,0
VG1,-601341945.6,1980-12-11,0.000,0
VG1,-601313145.7,1980-12-11,0.000,0
VG1,-600650745.7,1980-12-19,-0.000,0
VG1,-600621945.6,1980-12-19,-0.001,0
VG1,-599844345.5,1980-12-28,-0.000,0
VG1,-599815545.6,1980-12-29,0.001,0
VG1,-598029945.5,1981-01-18,-0.000,0
VG1,-598001145.4,1981-01-19,-0.000,0
VG1,-596480505.2,1981-02-05,-0.001,0
VG1,-596451705.3,1981-02-06,0.001,0
VG1,-593479545.0,1981-03-12,-0.001,0
VG1,-593450744.9,1981-03-12,0.000,0
VG1,-592471544.8,1981-03-24,0.000,0
VG1,-592442744.9,1981-03-24,0.000,0
VG1,-588583544.6,1981-05-08,-0.000,0
VG1,-588554744.5,1981-05-08,0.000,0
VG1,-586262264.1,1981-06-04,0.001,0
VG1,-586233464.2,1981-06-04,-0.000,0
VG1,-583934264.0,1981-07-01,0.000,0
VG1,-575397622.2,1981-10-07,-103185.334,1
VG1,-575228643.9,1981-10-09,103181.755,1
VG1,-573414771.6,1981-10-30,-0.170,0
VG1,-572052339.7,1981-11-15,-0.000,0
VG1,-572023539.6,1981-11-15,-0.000,0
VG1,-570122739.5,1981-12-07,-0.001,0
VG1,-570093939.6,1981-12-08,-0.000,0
VG1,-569348019.6,1981-12-16,0.000,0
VG1,-569319219.5,1981-12-17,-0.001,0
VG1,-568916019.5,1981-12-21,-0.000,0
VG1,-568887219.5,1981-12-22,0.001,0
VG1,-568036657.4,1982-01-01,-2.030,1
VG1,-561750577.3,1982-03-14,-0.002,0
VG1,-561721777.2,1982-03-15,-0.000,0
VG1,-560762737.2,1982-03-26,-0.000,0
VG1,-560733937.1,1982-03-26,0.000,0
VG1,-559293936.8,1982-04-12,0.000,0
VG1,-559265136.9,1982-04-12,0.000,0
VG1,-555876957.4,1982-05-21,92.681,1
VG1,-555274090.2,1982-05-28,-83.069,1
VG1,-552398314.0,1982-07-01,0.001,0
VG1,-549556665.8,1982-08-02,0.000,0
VG1,-549527865.9,1982-08-03,0.000,0
VG1,-549069945.8,1982-08-08,0.000,0
VG1,-549041145.8,1982-08-08,0.000,0
VG1,-548796345.7,1982-08-11,0.000,0
VG1,-548767545.8,1982-08-12,-0.000,0
VG1,-543906105.7,1982-10-07,0.001,0
VG1,-543877305.6,1982-10-07,-0.001,0
VG1,-542834745.5,1982-10-19,0.000,0
VG1,-542805945.5,1982-10-20,0.000,0
VG1,-541466745.1,1982-11-04,-0.001,0
VG1,-541437945.1,1982-11-04,0.000,0
VG1,-541026105.1,1982-11-09,-0.000,0
VG1,-540997305.1,1982-11-09,0.000,0
VG1,-538546425.0,1982-12-08,-0.000,0
VG1,-538517625.0,1982-12-08,0.000,0
VG1,-532011704.8,1983-02-21,-0.002,0
VG1,-531982904.8,1983-02-22,0.000,0
VG1,-531110264.8,1983-03-04,0.000,0
VG1,-531081464.7,1983-03-04,0.000,0
VG1,-529537784.1,1983-03-22,-0.000,0
VG1,-529508984.0,1983-03-22,0.001,0
VG1,-528826423.8,1983-03-30,0.000,0
VG1,-528797623.9,1983-03-31,-0.000,0
VG1,-526695223.7,1983-04-24,0.000,0
VG1,-526666423.7,1983-04-24,0.000,0
VG1,-524800183.2,1983-05-16,0.001,0
VG1,-524771383.3,1983-05-16,-0.001,0
VG1,-523515703.1,1983-05-31,0.000,0
VG1,-523486903.0,1983-05-31,-0.000,0
VG1,-521761782.4,1983-06-20,0.001,0
VG1,-521732982.5,1983-06-20,0.000,0
VG1,-520862310.5,1983-07-01,0.083,0
VG1,-519316662.3,1983-07-18,0.000,0
VG1,-519287862.4,1983-07-19,0.001,0
VG1,-516105414.2,1983-08-25,-0.080,0
VG1,-515702262.1,1983-08-29,0.017,0
VG1,-515702214.1,1983-08-29,0.000,0
VG1,-515103221.9,1983-09-05,-0.000,0
VG1,-515074422.0,1983-09-05,0.001,0
VG1,-513795701.8,1983-09-20,0.000,0
VG1,-513766901.9,1983-09-21,0.000,0
VG1,-512113781.9,1983-10-10,0.000,0
VG1,-512084981.8,1983-10-10,-0.001,0
VG1,-510071861.7,1983-11-02,-0.000,0
VG1,-510043061.6,1983-11-03,0.000,0
VG1,-509397941.4,1983-11-10,-0.000,0
VG1,-509369141.5,1983-11-11,0.001,0
VG1,-504758261.2,1984-01-03,-0.001,0
VG1,-504729461.3,1984-01-03,-0.000,0
VG1,-504297461.3,1984-01-08,-0.000,0
VG1,-504268661.2,1984-01-09,-0.000,0
VG1,-502978420.9,1984-01-23,-0.001,0
VG1,-502949620.9,1984-01-24,0.001,0
VG1,-502549300.9,1984-01-28,-0.000,0
VG1,-502520500.9,1984-01-29,0.001,0
VG1,-500628340.9,1984-02-20,-0.001,0
VG1,-500599540.8,1984-02-20,0.000,0
VG1,-498779380.5,1984-03-12,0.000,0
VG1,-498750580.6,1984-03-12,-0.001,0
VG1,-496259380.5,1984-04-10,-0.000,0
VG1,-496230580.4,1984-04-11,0.001,0
VG1,-495041140.3,1984-04-24,0.000,0
VG1,-495012340.2,1984-04-25,-0.000,0
VG1,-494476660.1,1984-05-01,-0.000,0
VG1,-494447860.1,1984-05-01,0.001,0
VG1,-493782580.0,1984-05-09,0.000,0
VG1,-493753780.1,1984-05-09,0.000,0
VG1,-490290583.5,1984-06-18,3.536,1
VG1,-489024823.4,1984-07-03,0.000,0
VG1,-488996023.4,1984-07-03,-0.000,0
VG1,-488299063.3,1984-07-11,0.000,0
VG1,-488270263.2,1984-07-12,-0.000,0
VG1,-487668343.1,1984-07-19,0.000,0
VG1,-487639543.2,1984-07-19,-0.000,0
VG1,-486781303.2,1984-07-29,0.000,0
VG1,-486752503.1,1984-07-29,0.000,0
VG1,-486614263.1,1984-07-31,0.001,0
VG1,-486585463.1,1984-07-31,-0.001,0
VG1,-486092982.9,1984-08-06,0.000,0
VG1,-486064183.0,1984-08-06,-0.000,0
VG1,-484802742.9,1984-08-21,0.001,0
VG1,-484773942.8,1984-08-21,-0.001,0
VG1,-484301622.7,1984-08-27,0.000,0
VG1,-484272822.6,1984-08-27,-0.001,0
VG1,-483699702.4,1984-09-03,0.000,0
VG1,-483670902.5,1984-09-03,-0.000,0
VG1,-483408822.4,1984-09-06,0.000,0
VG1,-483380022.5,1984-09-06,-0.001,0
VG1,-481784502.5,1984-09-25,0.000,0
VG1,-481755702.4,1984-09-25,0.000,0
VG1,-478054902.4,1984-11-07,-0.000,0
VG1,-478026102.3,1984-11-07,-0.001,0
VG1,-477668982.2,1984-11-11,-0.000,0
VG1,-477640182.3,1984-11-12,-0.000,0
VG1,-477274422.3,1984-11-16,-0.000,0
VG1,-477245622.3,1984-11-16,-0.000,0
VG1,-476061942.3,1984-11-30,-0.000,0
VG1,-476033142.2,1984-11-30,0.000,0
VG1,-473236662.1,1985-01-02,-0.001,0
VG1,-473207862.2,1985-01-02,0.000,0
VG1,-468548022.1,1985-02-25,-0.001,0
VG1,-468519222.0,1985-02-25,0.000,0
VG1,-468418422.0,1985-02-26,0.000,0
VG1,-468389621.9,1985-02-27,-0.000,0
VG1,-467972021.8,1985-03-04,0.000,0
VG1,-467943221.9,1985-03-04,-0.000,0
VG1,-467335541.8,1985-03-11,-0.000,0
VG1,-467306741.9,1985-03-11,0.000,0
VG1,-463891061.9,1985-04-20,-0.000,0
VG1,-463862261.8,1985-04-20,-0.000,0
VG1,-463654901.7,1985-04-23,-0.000,0
VG1,-463626101.7,1985-04-23,-0.000,0
VG1,-463286261.7,1985-04-27,0.001,0
VG1,-463257461.6,1985-04-27,-0.000,0
VG1,-461595701.3,1985-05-16,-0.000,0
VG1,-461566901.4,1985-05-17,0.001,0
VG1,-457703909.3,1985-07-01,0.002,0
VG1,-454793141.2,1985-08-03,0.001,0
VG1,-454764341.1,1985-08-04,0.001,0
VG1,-452379700.8,1985-08-31,0.000,0
VG1,-452350900.9,1985-08-31,0.000,0
VG1,-451184500.8,1985-09-14,0.000,0
VG1,-451155700.8,1985-09-14,0.000,0
VG1,-449738740.8,1985-10-01,0.000,0
VG1,-449709940.8,1985-10-01,0.000,0
VG1,-448932340.9,1985-10-10,-0.000,0
VG1,-448903540.8,1985-10-10,-0.000,0
VG1,-448411060.7,1985-10-16,-0.000,0
VG1,-448382260.8,1985-10-16,-0.000,0
VG1,-447423220.8,1985-10-27,-0.000,0
VG1,-447394420.7,1985-10-28,-0.000,0
VG1,-445888180.6,1985-11-14,-0.001,0
VG1,-445859380.7,1985-11-15,0.000,0
VG1,-443981620.6,1985-12-06,-0.000,0
VG1,-443952820.6,1985-12-07,0.000,0
VG1,-437464180.5,1986-02-20,-0.002,0
VG1,-437435380.6,1986-02-20,-0.000,0
VG1,-434572660.5,1986-03-25,-0.001,0
VG1,-434543860.5,1986-03-26,0.000,0
VG1,-434169460.4,1986-03-30,0.000,0
VG1,-434140660.4,1986-03-30,0.000,0
VG1,-433466740.2,1986-04-07,0.000,0
VG1,-433437940.3,1986-04-07,-0.000,0
VG1,-432692020.3,1986-04-16,0.000,0
VG1,-432663220.3,1986-04-16,-0.000,0
VG1,-431404660.4,1986-05-01,-0.000,0
VG1,-431375860.3,1986-05-01,0.001,0
VG1,-429878260.3,1986-05-19,0.001,0
VG1,-429849460.3,1986-05-19,-0.001,0
VG1,-428582260.3,1986-06-03,-0.000,0
VG1,-428553460.3,1986-06-03,0.001,0
VG1,-428098420.2,1986-06-08,0.000,0
VG1,-428069620.3,1986-06-08,0.000,0
VG1,-427381300.3,1986-06-16,0.000,0
VG1,-427352500.3,1986-06-17,-0.000,0
VG1,-422902900.8,1986-08-07,0.001,0
VG1,-422874100.8,1986-08-08,0.001,0
VG1,-420863861.1,1986-08-31,0.000,0
VG1,-420835061.1,1986-08-31,0.001,0
VG1,-419166532.6,1986-09-20,-0.409,0
VG1,-414441460.3,1986-11-13,0.000,0
VG1,-414412660.3,1986-11-14,-0.000,0
VG1,-413053300.4,1986-11-29,0.000,0
VG1,-413024500.3,1986-11-30,-0.000,0
VG1,-412892020.4,1986-12-01,0.086,0
VG1,-412863220.3,1986-12-01,0.000,0
VG1,-412143220.3,1986-12-10,-0.000,0
VG1,-412114420.4,1986-12-10,0.000,0
VG1,-411503860.4,1986-12-17,-0.000,0
VG1,-411475060.3,1986-12-18,-0.000,0
VG1,-410734900.2,1986-12-26,0.000,0
VG1,-410706100.2,1986-12-26,-0.000,0
VG1,-408307059.7,1987-01-23,-0.001,0
VG1,-408278259.7,1987-01-24,0.000,0
VG1,-407961459.7,1987-01-27,-0.000,0
VG1,-407932659.7,1987-01-28,0.000,0
VG1,-406694259.8,1987-02-11,-0.000,0
VG1,-406665459.8,1987-02-11,0.000,0
VG1,-405369460.0,1987-02-26,-0.000,0
VG1,-405340659.9,1987-02-27,0.000,0
VG1,-405110259.9,1987-03-01,-0.000,0
VG1,-405081459.8,1987-03-02,0.000,0
VG1,-403808499.7,1987-03-16,-0.000,0
VG1,-403779699.7,1987-03-17,-0.001,0
VG1,-402431859.8,1987-04-01,-0.000,0
VG1,-402403059.7,1987-04-02,-0.000,0
VG1,-401913459.7,1987-04-07,-0.000,0
VG1,-401884659.7,1987-04-08,0.001,0
VG1,-401323059.8,1987-04-14,0.001,0
VG1,-401294259.7,1987-04-14,-0.001,0
VG1,-400179699.7,1987-04-27,-0.000,0
VG1,-400150899.7,1987-04-28,0.000,0
VG1,-397262259.7,1987-05-31,0.001,0
VG1,-397233459.7,1987-05-31,0.000,0
VG1,-396067059.5,1987-06-14,0.000,0
VG1,-396038259.6,1987-06-14,0.000,0
VG1,-394454259.5,1987-07-03,0.000,0
VG1,-394425459.5,1987-07-03,-0.001,0
VG1,-394051059.5,1987-07-07,0.001,0
VG1,-394022259.4,1987-07-08,-0.001,0
VG1,-393388659.3,1987-07-15,0.000,0
VG1,-393359859.3,1987-07-15,0.000,0
VG1,-392380659.3,1987-07-27,0.001,0
VG1,-392351859.4,1987-07-27,-0.000,0
VG1,-391459059.4,1987-08-06,0.000,0
VG1,-391430259.5,1987-08-07,-0.000,0
VG1,-390082419.6,1987-08-22,-0.000,0
VG1,-390053619.6,1987-08-22,-0.000,0
VG1,-389903859.6,1987-08-24,-0.000,0
VG1,-389875059.5,1987-08-25,0.001,0
VG1,-389587059.5,1987-08-28,0.000,0
VG1,-389558259.5,1987-08-28,-0.000,0
VG1,-388518579.2,1987-09-09,0.000,0
VG1,-388489779.2,1987-09-10,-0.000,0
VG1,-388089459.2,1987-09-14,0.000,0
VG1,-388060659.2,1987-09-15,0.000,0
VG1,-387484659.2,1987-09-21,0.000,0
VG1,-387455859.3,1987-09-22,0.000,0
VG1,-385595379.4,1987-10-13,-0.000,0
VG1,-385566579.5,1987-10-13,-0.000,0
VG1,-383461299.7,1987-11-07,-0.001,0
VG1,-383432499.6,1987-11-07,0.000,0
VG1,-379976499.6,1987-12-17,-0.001,0
VG1,-379947699.5,1987-12-17,0.000,0
VG1,-379628019.5,1987-12-21,0.000,0
VG1,-379599219.6,1987-12-21,-0.000,0
VG1,-378734307.6,1988-01-01,0.001,0
VG1,-377207331.7,1988-01-18,0.026,0
VG1,-377207283.7,1988-01-18,0.001,0
VG1,-372131379.9,1988-03-17,-0.002,0
VG1,-372102579.9,1988-03-17,-0.000,0
VG1,-371754099.9,1988-03-21,-0.000,0
VG1,-371725299.8,1988-03-22,-0.000,0
VG1,-371284659.8,1988-03-27,0.000,0
VG1,-371255859.7,1988-03-27,-0.000,0
VG1,-370181619.6,1988-04-08,0.000,0
VG1,-370152819.6,1988-04-09,-0.001,0
VG1,-369317619.7,1988-04-18,0.000,0
VG1,-369288819.6,1988-04-19,0.000,0
VG1,-368603379.5,1988-04-27,0.000,0
VG1,-368574579.6,1988-04-27,-0.001,0
VG1,-366846579.7,1988-05-17,0.000,0
VG1,-366817779.6,1988-05-17,0.000,0
VG1,-365953779.7,1988-05-27,0.000,0
VG1,-365924979.6,1988-05-28,-0.001,0
VG1,-364266099.4,1988-06-16,0.001,0
VG1,-364237299.5,1988-06-16,-0.001,0
VG1,-362031219.5,1988-07-12,0.001,0
VG1,-362002419.5,1988-07-12,-0.001,0
VG1,-359756019.5,1988-08-07,0.001,0
VG1,-359727219.6,1988-08-07,-0.000,0
VG1,-359416179.6,1988-08-11,-0.000,0
VG1,-359387379.6,1988-08-11,-0.000,0
VG1,-357308019.9,1988-09-04,0.001,0
VG1,-357279219.8,1988-09-05,-0.000,0
VG1,-354946419.7,1988-10-02,-0.000,0
VG1,-354917619.8,1988-10-02,0.000,0
VG1,-352751859.8,1988-10-27,-0.000,0
VG1,-352723059.8,1988-10-28,-0.000,0
VG1,-349912179.8,1988-11-29,-0.001,0
VG1,-349883379.9,1988-11-29,-0.000,0
VG1,-349560819.9,1988-12-03,0.000,0
VG1,-349532020.0,1988-12-03,0.000,0
VG1,-348881140.1,1988-12-11,0.000,0
VG1,-348852340.1,1988-12-11,-0.000,0
VG1,-348610420.1,1988-12-14,-0.000,0
VG1,-348581620.0,1988-12-14,0.000,0
VG1,-346847860.0,1989-01-04,-0.001,0
VG1,-346819060.1,1989-01-04,0.001,0
VG1,-345528820.1,1989-01-19,-0.000,0
VG1,-345500020.2,1989-01-19,-0.000,0
VG1,-344422900.2,1989-02-01,-0.001,0
VG1,-344394100.2,1989-02-01,-0.000,0
VG1,-343570420.2,1989-02-10,-0.000,0
VG1,-343541620.2,1989-02-11,-0.000,0
VG1,-342936820.1,1989-02-18,-0.000,0
VG1,-342908020.2,1989-02-18,0.001,0
VG1,-339552820.3,1989-03-29,-0.000,0
VG1,-339524020.4,1989-03-29,-0.000,0
VG1,-338890420.4,1989-04-06,0.000,0
VG1,-338861620.5,1989-04-06,-0.000,0
VG1,-338360500.6,1989-04-12,0.000,0
VG1,-338331700.5,1989-04-12,-0.000,0
VG1,-336707380.6,1989-05-01,0.000,0
VG1,-336678580.5,1989-05-01,-0.000,0
VG1,-332257780.5,1989-06-21,0.001,0
VG1,-332228980.6,1989-06-22,-0.000,0
VG1,-328076020.7,1989-08-09,0.001,0
VG1,-328047220.6,1989-08-09,0.001,0
VG1,-327525940.6,1989-08-15,0.000,0
VG1,-327497140.6,1989-08-16,0.000,0
VG1,-325979380.8,1989-09-02,0.001,0
VG1,-325950580.7,1989-09-02,0.000,0
VG1,-320870261.0,1989-10-31,0.001,0
VG1,-320841461.0,1989-11-01,-0.000,0
VG1,-317719541.0,1989-12-07,-0.001,0
VG1,-317690741.0,1989-12-07,-0.000,0
VG1,-315596166.0,1989-12-31,0.950,0
VG1,-315058421.0,1990-01-06,-1.000,1
VG1,-315029621.1,1990-01-07,-0.000,0
VG1,-313871861.3,1990-01-20,-0.000,0
VG1,-313843061.3,1990-01-21,0.000,0
VG1,-313094261.3,1990-01-29,-0.001,0
VG1,-313065461.3,1990-01-30,0.000,0
VG1,-311789621.4,1990-02-13,-0.000,0
VG1,-311760821.4,1990-02-14,0.000,0
VG1,-311184821.3,1990-02-20,-0.000,0
VG1,-311156021.3,1990-02-21,0.000,0
VG1,-310355381.1,1990-03-02,0.000,0
VG1,-310326581.1,1990-03-02,-0.000,0
VG1,-309975221.1,1990-03-06,-0.000,0
VG1,-309946421.0,1990-03-07,0.000,0
VG1,-309687220.9,1990-03-10,0.000,0
VG1,-309658420.9,1990-03-10,0.000,0
VG1,-308679220.9,1990-03-21,-0.000,0
VG1,-308650421.0,1990-03-22,0.001,0
VG1,-308264501.1,1990-03-26,0.000,0
VG1,-308235701.1,1990-03-26,-0.000,0
VG1,-307167221.1,1990-04-08,-0.000,0
VG1,-307138421.1,1990-04-08,0.001,0
VG1,-306072821.0,1990-04-20,-0.000,0
VG1,-306044021.0,1990-04-21,-0.000,0
VG1,-303345461.1,1990-05-22,0.000,0
VG1,-303316661.2,1990-05-22,0.000,0
VG1,-302829941.3,1990-05-28,0.000,0
VG1,-302801141.2,1990-05-28,0.000,0
VG1,-298498420.9,1990-07-17,0.001,0
VG1,-298469621.0,1990-07-17,0.001,0
VG1,-297893621.1,1990-07-24,0.000,0
VG1,-297864821.0,1990-07-24,-0.000,0
VG1,-296166811.5,1990-08-13,-9.476,1
VG1,-294877147.4,1990-08-28,0.000,0
VG1,-294877099.4,1990-08-28,0.000,0
VG1,-294308011.4,1990-09-04,0.021,0
VG1,-294279211.3,1990-09-04,0.001,0
VG1,-293602411.2,1990-09-12,0.000,0
VG1,-293573611.2,1990-09-12,-0.000,0
VG1,-289524331.2,1990-10-29,-0.000,0
VG1,-289495531.2,1990-10-29,-0.000,0
VG1,-285907051.0,1990-12-10,-0.001,0
VG1,-285878251.1,1990-12-10,0.001,0
VG1,-284061980.1,1990-12-31,0.999,0
VG1,-280708651.0,1991-02-08,-1.001,1
VG1,-280679850.9,1991-02-08,-0.000,0
VG1,-280368810.8,1991-02-12,0.000,0
VG1,-280340010.9,1991-02-12,-0.001,0
VG1,-279864810.8,1991-02-18,0.000,0
VG1,-279836010.9,1991-02-18,-0.000,0
VG1,-279375210.9,1991-02-23,0.000,0
VG1,-279346410.9,1991-02-24,-0.000,0
VG1,-278470890.7,1991-03-06,-0.000,0
VG1,-278442090.9,1991-03-06,0.001,0
VG1,-277756651.0,1991-03-14,0.000,0
VG1,-277727850.9,1991-03-15,0.000,0
VG1,-275369178.8,1991-04-11,-0.187,0
VG1,-270836011.0,1991-06-02,0.001,0
VG1,-270807210.9,1991-06-03,-0.000,0
VG1,-268791210.8,1991-06-26,0.001,0
VG1,-268762410.9,1991-06-26,0.000,0
VG1,-264788010.9,1991-08-11,0.001,0
VG1,-264759210.8,1991-08-12,0.000,0
VG1,-263535210.8,1991-08-26,0.001,0
VG1,-263506410.9,1991-08-26,-0.000,0
VG1,-254696491.2,1991-12-06,-0.002,0
VG1,-254667691.2,1991-12-06,0.001,0
VG1,-250010731.1,1992-01-29,-0.001,0
VG1,-249981931.1,1992-01-30,-0.000,0
VG1,-249423211.1,1992-02-05,-0.000,0
VG1,-249394411.1,1992-02-05,-0.001,0
VG1,-248202091.0,1992-02-19,-0.001,0
VG1,-248173291.1,1992-02-20,0.001,0
VG1,-242393131.3,1992-04-27,-0.001,0
VG1,-242364331.4,1992-04-27,0.000,0
VG1,-239999851.6,1992-05-24,0.000,0
VG1,-239971051.5,1992-05-25,0.001,0
VG1,-238738411.6,1992-06-08,-0.000,0
VG1,-238709611.5,1992-06-08,0.000,0
VG1,-236779099.5,1992-07-01,0.001,0
VG1,-231273451.5,1992-09-02,0.002,0
VG1,-231244651.6,1992-09-03,0.000,0
VG1,-229781611.6,1992-09-19,0.000,0
VG1,-229752811.7,1992-09-20,-0.000,0
VG1,-221700332.4,1992-12-22,-0.001,0
VG1,-221671532.3,1992-12-22,0.000,0
VG1,-216196652.4,1993-02-24,-0.002,0
VG1,-216167852.5,1993-02-24,0.000,0
VG1,-211237292.9,1993-04-22,-0.000,0
VG1,-211208492.9,1993-04-22,0.001,0
VG1,-208979373.4,1993-05-18,0.000,0
VG1,-208950573.3,1993-05-19,-0.000,0
VG1,-207821613.4,1993-06-01,0.001,0
VG1,-207792813.4,1993-06-01,0.000,0
VG1,-205243101.5,1993-07-01,0.001,0
VG1,-204250413.6,1993-07-12,0.000,0
VG1,-204221613.7,1993-07-12,0.000,0
VG1,-202372653.9,1993-08-03,0.001,0
VG1,-202343853.8,1993-08-03,-0.001,0
VG1,-201816813.7,1993-08-09,-0.000,0
VG1,-201788013.8,1993-08-09,-0.000,0
VG1,-201070893.8,1993-08-18,0.000,0
VG1,-201042093.8,1993-08-18,0.000,0
VG1,-197367214.2,1993-09-30,0.000,0
VG1,-197338414.2,1993-09-30,0.000,0
VG1,-195267694.5,1993-10-24,-0.000,0
VG1,-195238894.5,1993-10-24,-0.000,0
VG1,-192232174.8,1993-11-28,-0.000,0
VG1,-192203374.8,1993-11-28,-0.001,0
VG1,-189611374.9,1993-12-28,-0.001,0
VG1,-189582575.0,1993-12-29,0.000,0
VG1,-188465135.1,1994-01-11,-0.000,0
VG1,-188465087.1,1994-01-11,-0.000,0
VG1,-186803375.3,1994-01-30,-0.000,0
VG1,-186774575.3,1994-01-30,-0.001,0
VG1,-186331055.2,1994-02-04,0.000,0
VG1,-186302255.3,1994-02-05,0.000,0
VG1,-184559855.7,1994-02-25,-0.001,0
VG1,-184531055.7,1994-02-25,-0.000,0
VG1,-179093616.0,1994-04-29,-0.000,0
VG1,-179064816.1,1994-04-29,0.000,0
VG1,-177938736.2,1994-05-13,-0.000,0
VG1,-177909936.2,1994-05-13,0.000,0
VG1,-177564336.3,1994-05-17,-0.000,0
VG1,-177535536.3,1994-05-17,0.001,0
VG1,-175142256.4,1994-06-14,0.001,0
VG1,-175113456.4,1994-06-14,0.000,0
VG1,-174557616.3,1994-06-21,-0.000,0
VG1,-174528816.4,1994-06-21,0.001,0
VG1,-173707104.5,1994-07-01,0.002,0
VG1,-170828016.9,1994-08-03,0.001,0
VG1,-170799216.8,1994-08-03,-0.000,0
VG1,-169966896.8,1994-08-13,0.001,0
VG1,-169938096.9,1994-08-13,-0.000,0
VG1,-162470257.8,1994-11-08,-0.000,0
VG1,-162441457.9,1994-11-08,-0.000,0
VG1,-161900018.0,1994-11-14,0.000,0
VG1,-161871218.0,1994-11-14,-0.000,0
VG1,-160269938.2,1994-12-03,-0.001,0
VG1,-160241138.1,1994-12-03,-0.000,0
VG1,-156402098.4,1995-01-17,-0.001,0
VG1,-156373298.5,1995-01-17,-0.000,0
VG1,-155264498.6,1995-01-30,0.000,0
VG1,-155235698.6,1995-01-30,-0.001,0
VG1,-154599218.5,1995-02-07,-0.000,0
VG1,-154570418.6,1995-02-07,-0.000,0
VG1,-153213938.7,1995-02-23,-0.000,0
VG1,-153185138.7,1995-02-23,0.000,0
VG1,-151563698.9,1995-03-14,-0.000,0
VG1,-151534898.8,1995-03-14,0.000,0
VG1,-151146098.8,1995-03-19,0.000,0
VG1,-151117298.9,1995-03-19,-0.000,0
VG1,-148493619.3,1995-04-18,-0.000,0
VG1,-148464819.2,1995-04-19,0.001,0
VG1,-143951859.9,1995-06-10,0.001,0
VG1,-143923059.9,1995-06-10,0.000,0
VG1,-135274420.8,1995-09-18,0.002,0
VG1,-135245620.7,1995-09-19,0.000,0
VG1,-134712820.7,1995-09-25,0.000,0
VG1,-134684020.7,1995-09-25,-0.000,0
VG1,-132423221.1,1995-10-21,0.000,0
VG1,-132394421.1,1995-10-22,0.000,0
VG1,-130928501.1,1995-11-08,-0.000,0
VG1,-130899701.2,1995-11-08,0.000,0
VG1,-130401461.3,1995-11-14,-0.000,0
VG1,-130372661.2,1995-11-14,0.000,0
VG1,-126273509.3,1996-01-01,-0.001,0
VG1,-123806261.4,1996-01-29,-0.001,0
VG1,-123777461.3,1996-01-29,0.001,0
VG1,-122996981.2,1996-02-07,0.000,0
VG1,-122968181.3,1996-02-08,-0.000,0
VG1,-116657813.3,1996-04-21,-0.212,0
VG1,-113372021.6,1996-05-29,0.001,0
VG1,-113343221.5,1996-05-29,-0.000,0
VG1,-107695541.9,1996-08-03,0.002,0
VG1,-107666741.8,1996-08-03,0.000,0
VG1,-99571062.4,1996-11-05,0.001,0
VG1,-99542262.4,1996-11-05,-0.000,0
VG1,-99081462.5,1996-11-10,0.000,0
VG1,-99052662.5,1996-11-11,-0.001,0
VG1,-95723382.8,1996-12-19,-0.000,0
VG1,-95694582.7,1996-12-19,-0.001,0
VG1,-93364662.9,1997-01-15,-0.000,0
VG1,-93335862.9,1997-01-16,-0.000,0
VG1,-91066423.4,1997-02-11,-0.000,0
VG1,-91037623.4,1997-02-11,-0.001,0
VG1,-89545783.5,1997-03-01,-0.001,0
VG1,-89516983.5,1997-03-01,0.001,0
VG1,-89056183.4,1997-03-06,0.000,0
VG1,-89027383.5,1997-03-07,-0.001,0
VG1,-84194743.9,1997-05-02,0.000,0
VG1,-84165943.9,1997-05-02,0.000,0
VG1,-79012712.5,1997-07-01,0.003,0
VG1,-76024184.8,1997-08-04,0.001,0
VG1,-75995384.7,1997-08-04,-0.000,0
VG1,-75177464.6,1997-08-14,0.000,0
VG1,-75148664.7,1997-08-14,-0.000,0
VG1,-72833144.9,1997-09-10,0.001,0
VG1,-72804344.8,1997-09-10,0.000,0
VG1,-72133304.8,1997-09-18,0.000,0
VG1,-72104504.8,1997-09-18,0.001,0
VG1,-69034425.0,1997-10-24,0.000,0
VG1,-69005625.1,1997-10-24,-0.000,0
VG1,-67525305.2,1997-11-10,-0.001,0
VG1,-67496505.3,1997-11-11,0.000,0
VG1,-67286265.4,1997-11-13,-0.001,0
VG1,-67257465.3,1997-11-14,0.000,0
VG1,-65483385.5,1997-12-04,-0.000,0
VG1,-65454585.5,1997-12-04,-0.001,0
VG1,-64308345.5,1997-12-18,-0.000,0
VG1,-64279545.6,1997-12-18,-0.000,0
VG1,-61984185.8,1998-01-14,-0.001,0
VG1,-61955385.8,1998-01-14,0.000,0
VG1,-59973946.0,1998-02-06,-0.001,0
VG1,-59945145.9,1998-02-06,-0.000,0
VG1,-59400826.0,1998-02-12,0.000,0
VG1,-59372026.0,1998-02-13,-0.000,0
VG1,-55466746.5,1998-03-30,-0.000,0
VG1,-55437946.5,1998-03-30,-0.000,0
VG1,-52794106.8,1998-04-30,-0.000,0
VG1,-52765306.8,1998-04-30,0.001,0
VG1,-49882427.2,1998-06-03,0.001,0
VG1,-49853627.2,1998-06-03,-0.001,0
VG1,-48033467.3,1998-06-24,0.001,0
VG1,-48004667.4,1998-06-24,-0.000,0
VG1,-44401787.8,1998-08-05,0.001,0
VG1,-44372987.7,1998-08-05,0.001,0
VG1,-44053307.8,1998-08-09,0.000,0
VG1,-44024507.7,1998-08-09,-0.000,0
VG1,-42843707.7,1998-08-23,-0.000,0
VG1,-42814907.8,1998-08-23,0.001,0
VG1,-41253947.9,1998-09-11,0.001,0
VG1,-41225147.8,1998-09-11,-0.000,0
VG1,-40516667.7,1998-09-19,-0.000,0
VG1,-40487867.8,1998-09-19,0.001,0
VG1,-38880827.8,1998-10-08,0.001,0
VG1,-38852027.8,1998-10-08,-0.000,0
VG1,-36069947.9,1998-11-10,-0.000,0
VG1,-36041148.0,1998-11-10,-0.000,0
VG1,-35525628.1,1998-11-16,-0.001,0
VG1,-35496828.1,1998-11-16,0.000,0
VG1,-31579116.2,1999-01-01,-0.000,0
VG1,-28437948.4,1999-02-06,-0.001,0
VG1,-28409148.3,1999-02-06,0.000,0
VG1,-26629308.4,1999-02-27,-0.001,0
VG1,-26600508.4,1999-02-27,-0.000,0
VG1,-25900668.3,1999-03-07,-0.000,0
VG1,-25871868.4,1999-03-08,0.000,0
VG1,-25010748.4,1999-03-18,-0.000,0
VG1,-24981948.5,1999-03-18,0.000,0
VG1,-17983549.0,1999-06-07,0.001,0
VG1,-17954749.0,1999-06-07,0.000,0
VG1,-14838589.1,1999-07-13,0.001,0
VG1,-14809789.2,1999-07-14,-0.000,0
VG1,-12926269.3,1999-08-04,0.001,0
VG1,-12897469.2,1999-08-05,0.000,0
VG1,-12373309.2,1999-08-11,-0.000,0
VG1,-12344509.2,1999-08-11,0.000,0
VG1,-11494909.4,1999-08-21,0.000,0
VG1,-11466109.3,1999-08-21,-0.001,0
VG1,-11114749.4,1999-08-25,0.000,0
VG1,-11085949.3,1999-08-26,-0.000,0
VG1,-7053949.7,1999-10-11,-0.081,0
VG1,-7025149.5,1999-10-12,-0.000,0
VG1,278529.8,2000-01-04,-0.003,0
VG1,278577.8,2000-01-04,-0.002,0
VG1,2956929.6,2000-02-04,-0.046,0
VG1,2985729.8,2000-02-05,0.000,0
VG1,5779329.8,2000-03-08,-0.037,0
VG1,5808129.6,2000-03-08,-0.000,0
VG1,6816129.4,2000-03-20,-0.014,0
VG1,6844929.7,2000-03-20,-0.000,0
VG1,8457729.9,2000-04-08,-0.010,0
VG1,8486529.5,2000-04-08,-0.000,0
VG1,15369728.7,2000-06-27,-0.087,0
VG1,15398528.8,2000-06-27,-0.001,0
VG1,18768128.6,2000-08-05,-0.041,0
VG1,18796928.8,2000-08-06,-0.001,0
VG1,19574528.9,2000-08-15,0.000,0
VG1,19603328.7,2000-08-15,-0.001,0
VG1,23088128.3,2000-09-24,-0.055,0
VG1,23116928.6,2000-09-25,0.000,0
VG1,28185728.4,2000-11-22,-0.061,0
VG1,28214528.1,2000-11-23,-0.000,0
VG1,38553727.5,2001-03-22,-0.209,0
VG1,38582527.3,2001-03-23,-0.000,0
VG1,42787327.1,2001-05-10,-0.046,0
VG1,42816126.9,2001-05-11,-0.001,0
VG1,44860926.5,2001-06-03,-0.035,0
VG1,44889726.7,2001-06-04,-0.001,0
VG1,45897726.4,2001-06-15,-0.003,0
VG1,45926526.7,2001-06-16,-0.000,0
VG1,50160126.1,2001-08-04,-0.043,0
VG1,50188926.4,2001-08-04,0.000,0
VG1,50908926.7,2001-08-12,-0.002,0
VG1,50937726.3,2001-08-13,-0.000,0
VG1,52118526.0,2001-08-26,-0.001,0
VG1,52147326.2,2001-08-27,-0.000,0
VG1,54019325.7,2001-09-17,-0.034,0
VG1,54048126.0,2001-09-18,-0.000,0
VG1,54710525.7,2001-09-25,-0.009,0
VG1,54739326.0,2001-09-26,-0.000,0
VG1,56524925.5,2001-10-16,-0.031,0
VG1,56553725.8,2001-10-17,-0.000,0
VG1,58684925.2,2001-11-10,-0.031,0
VG1,58713725.5,2001-11-11,-0.000,0
VG1,59865725.1,2001-11-24,-0.017,0
VG1,59894525.4,2001-11-24,-0.001,0
VG1,60902525.1,2001-12-06,-0.008,0
VG1,60931325.3,2001-12-06,-0.001,0
VG1,73747324.1,2002-05-04,-0.135,0
VG1,73776124.3,2002-05-04,0.000,0
VG1,75532924.0,2002-05-24,-0.012,0
VG1,75561724.2,2002-05-25,-0.001,0
VG1,78470524.6,2002-06-27,-0.002,0
VG1,78499324.4,2002-06-28,-0.000,0
VG1,89932925.0,2002-11-07,-0.188,0
VG1,89961724.8,2002-11-07,-0.001,0
VG1,91776124.7,2002-11-28,-0.005,0
VG1,91804925.0,2002-11-29,-0.000,0
VG1,94022525.2,2002-12-24,-0.017,0
VG1,94051325.0,2002-12-25,-0.000,0
VG1,95404925.0,2003-01-09,-0.005,0
VG1,95433725.2,2003-01-10,-0.001,0
VG1,97968125.2,2003-02-08,-0.005,0
VG1,97996925.4,2003-02-08,-0.001,0
VG1,98832126.4,2003-02-18,-0.017,0
VG1,98860925.4,2003-02-18,-0.000,0
VG1,103180926.0,2003-04-09,-0.039,0
VG1,103209725.8,2003-04-10,-0.001,0
VG1,104016126.0,2003-04-19,-0.013,0
VG1,104044925.8,2003-04-19,0.000,0
VG1,104908926.0,2003-04-29,-0.017,0
VG1,104937725.8,2003-04-30,0.000,0
VG1,106291326.1,2003-05-15,-0.022,0
VG1,106320125.7,2003-05-16,-0.001,0
VG1,107932925.4,2003-06-03,-0.009,0
VG1,107961725.9,2003-06-04,-0.001,0
VG1,109171326.2,2003-06-18,-0.019,0
VG1,109200125.8,2003-06-18,-0.000,0
VG1,110611325.7,2003-07-04,-0.001,0
VG1,110640125.9,2003-07-05,-0.001,0
VG1,112252926.0,2003-07-23,-0.016,0
VG1,112281725.8,2003-07-24,0.000,0
VG1,115507325.8,2003-08-30,-0.006,0
VG1,115536125.5,2003-08-30,-0.000,0
VG1,118041725.1,2003-09-28,-0.028,0
VG1,118070525.3,2003-09-29,-0.001,0
VG1,120201725.6,2003-10-23,-0.010,0
VG1,120230525.2,2003-10-24,-0.000,0
VG1,123657724.8,2003-12-02,-0.014,0
VG1,123686525.1,2003-12-03,-0.000,0
VG1,132499325.8,2004-03-14,-0.055,0
VG1,132528125.1,2004-03-14,0.000,0
VG1,135235325.5,2004-04-14,-0.042,0
VG1,135264125.0,2004-04-15,-0.000,0
VG1,136185725.2,2004-04-25,-0.003,0
VG1,136214524.9,2004-04-26,-0.000,0
VG1,138028925.2,2004-05-17,-0.029,0
VG1,138057724.7,2004-05-17,-0.001,0
VG1,139468924.9,2004-06-02,-0.028,0
VG1,139497724.6,2004-06-03,0.000,0
VG1,141744124.6,2004-06-29,-0.010,0
VG1,141772924.8,2004-06-29,-0.001,0
VG1,145430524.6,2004-08-10,-0.068,0
VG1,145459324.7,2004-08-11,-0.000,0
VG1,155452924.0,2004-12-04,-0.164,0
VG1,155481723.8,2004-12-05,-0.000,0
VG1,157584123.7,2004-12-29,-0.013,0
VG1,157612923.5,2004-12-29,-0.001,0
VG1,161961723.1,2005-02-18,-0.012,0
VG1,161990523.3,2005-02-18,-0.000,0
VG1,171955322.9,2005-06-13,-0.182,0
VG1,171984123.0,2005-06-14,-0.001,0
VG1,178608122.6,2005-08-29,-0.018,0
VG1,178636922.3,2005-08-30,0.000,0
VG1,181632122.2,2005-10-03,-0.016,0
VG1,181660922.4,2005-10-04,-0.001,0
VG1,184310522.4,2005-11-03,-0.036,0
VG1,184339322.3,2005-11-04,-0.000,0
VG1,189022202.0,2005-12-28,-0.007,0
VG1,189022250.0,2005-12-28,-0.000,0
VG1,189345675.0,2006-01-01,-1.004,1
VG1,189540603.0,2006-01-03,-0.003,0
VG1,189569402.0,2006-01-03,0.000,0
VG1,196798201.8,2006-03-28,-0.080,0
VG1,196827001.6,2006-03-28,-0.000,0
VG1,199678201.0,2006-04-30,-0.015,0
VG1,199707001.3,2006-04-30,-0.000,0
VG1,202788601.0,2006-06-05,-0.015,0
VG1,202817401.1,2006-06-05,-0.000,0
VG1,208404600.8,2006-08-09,-0.062,0
VG1,208433401.1,2006-08-09,-0.001,0
VG1,210651001.1,2006-09-04,-0.011,0
VG1,210679800.9,2006-09-04,-0.000,0
VG1,212724600.7,2006-09-28,-0.029,0
VG1,212753400.8,2006-09-28,-0.000,0
VG1,216785400.6,2006-11-14,-0.035,0
VG1,216814200.5,2006-11-14,-0.001,0
VG1,223812599.9,2007-02-03,-0.011,0
VG1,223841400.2,2007-02-04,0.000,0
VG1,225915000.3,2007-02-28,-0.011,0
VG1,225943800.0,2007-02-28,-0.001,0
VG1,234842999.6,2007-06-11,-0.113,0
VG1,234871799.7,2007-06-11,-0.001,0
VG1,237521399.5,2007-07-12,-0.005,0
VG1,237550199.7,2007-07-12,0.000,0
VG1,239854199.6,2007-08-08,-0.013,0
VG1,239882999.8,2007-08-08,0.000,0
VG1,241582199.8,2007-08-28,-0.003,0
VG1,241610999.7,2007-08-28,-0.000,0
VG1,247849079.5,2007-11-09,-0.069,0
VG1,247849127.7,2007-11-09,-0.180,0
VG1,264564599.2,2008-05-20,-0.187,0
VG1,264593399.0,2008-05-20,-0.000,0
VG1,268913398.8,2008-07-09,-0.020,0
VG1,268942198.6,2008-07-10,-0.000,0
VG1,274414198.0,2008-09-11,-0.030,0
VG1,274442998.1,2008-09-11,-0.000,0
VG1,275623797.9,2008-09-25,-0.007,0
VG1,275652598.0,2008-09-25,-0.000,0
VG1,278474997.9,2008-10-28,-0.009,0
VG1,278503797.7,2008-10-28,0.000,0
VG1,280462197.6,2008-11-20,-0.030,0
VG1,280490997.5,2008-11-20,-0.000,0
VG1,283745397.1,2008-12-28,-0.058,0
VG1,283774197.2,2008-12-28,-0.001,0
VG1,284040069.2,2009-01-01,-0.005,0
VG1,288122996.7,2009-02-17,-0.076,0
VG1,288151796.9,2009-02-17,-0.000,0
VG1,290052596.7,2009-03-11,-0.020,0
VG1,290081396.9,2009-03-11,0.000,0
VG1,290714997.0,2009-03-19,-0.010,0
VG1,290743796.7,2009-03-19,0.000,0
VG1,292903796.1,2009-04-13,-0.009,0
VG1,292932596.4,2009-04-13,0.001,0
VG1,294977396.4,2009-05-07,-0.004,0
VG1,295006196.2,2009-05-07,-0.000,0
VG1,296791796.2,2009-05-28,-0.033,0
VG1,296820596.0,2009-05-28,0.000,0
VG1,302148595.7,2009-07-29,-0.007,0
VG1,302177395.5,2009-07-29,-0.001,0
VG1,309492595.1,2009-10-22,-0.024,0
VG1,309521395.0,2009-10-22,-0.001,0
VG1,311738994.9,2009-11-17,-0.044,0
VG1,311767794.6,2009-11-17,0.000,0
VG1,321905393.6,2010-03-15,-0.210,0
VG1,321934193.7,2010-03-15,-0.001,0
VG1,327521393.0,2010-05-19,-0.066,0
VG1,327550192.9,2010-05-19,-0.000,0
VG1,329738992.7,2010-06-13,-0.033,0
VG1,329767792.5,2010-06-14,0.000,0
VG1,331092592.1,2010-06-29,0.000,0
VG1,331121392.3,2010-06-29,-0.001,0
VG1,335239791.8,2010-08-16,-0.011,0
VG1,335268591.9,2010-08-16,0.000,0
VG1,339041391.3,2010-09-29,-0.019,0
VG1,339070191.5,2010-09-29,-0.001,0
VG1,343678190.7,2010-11-22,-0.085,0
VG1,343706990.6,2010-11-22,-0.001,0
VG1,353556589.3,2011-03-16,-0.087,0
VG1,353585389.4,2011-03-16,-0.000,0
VG1,357041388.9,2011-04-25,-0.034,0
VG1,357070188.8,2011-04-26,-0.001,0
VG1,371786986.2,2011-10-13,-0.159,0
VG1,371815786.1,2011-10-13,-0.001,0
VG1,374206185.6,2011-11-10,-0.011,0
VG1,374234985.4,2011-11-10,-0.001,0
VG1,375185384.9,2011-11-21,-0.008,0
VG1,375214185.2,2011-11-22,0.000,0
VG1,377765865.2,2011-12-21,0.030,0
VG1,377765913.2,2011-12-21,-0.000,0
VG1,378831464.9,2012-01-03,-0.011,0
VG1,378860264.6,2012-01-03,-0.000,0
VG1,387788263.5,2012-04-15,-0.052,0
VG1,387817063.4,2012-04-16,0.000,0
VG1,391618662.7,2012-05-30,-0.007,0
VG1,391647462.8,2012-05-30,0.000,0
VG1,394372902.4,2012-07-01,-0.005,0
VG1,398041061.9,2012-08-12,-0.006,0
VG1,398069862.1,2012-08-12,-0.001,0
VG1,398905062.2,2012-08-22,-0.013,0
VG1,398933862.0,2012-08-22,-0.001,0
VG1,401324261.6,2012-09-19,-0.031,0
VG1,401353061.7,2012-09-19,-0.000,0
VG1,402447461.8,2012-10-02,-0.003,0
VG1,402476261.5,2012-10-02,-0.001,0
VG1,404434661.2,2012-10-25,-0.027,0
VG1,404463461.0,2012-10-25,-0.000,0
VG1,405903460.5,2012-11-11,-0.021,0
VG1,405932260.7,2012-11-11,0.000,0
VG1,407343460.6,2012-11-28,-0.022,0
VG1,407372260.8,2012-11-28,0.000,0
VG1,409733860.7,2012-12-25,-0.005,0
VG1,409762660.3,2012-12-26,0.000,0
VG1,413909859.6,2013-02-12,-0.003,0
VG1,413938659.8,2013-02-12,-0.000,0
VG1,416156259.4,2013-03-10,-0.028,0
VG1,416185059.7,2013-03-10,-0.001,0
VG1,417481059.8,2013-03-25,-0.013,0
VG1,417509859.5,2013-03-25,0.001,0
VG1,425545057.7,2013-06-26,-0.095,0
VG1,425573857.9,2013-06-27,-0.000,0
VG1,428972257.2,2013-08-05,-0.016,0
VG1,429001057.4,2013-08-05,-0.001,0
VG1,433465056.3,2013-09-26,-0.034,0
VG1,433493856.5,2013-09-26,-0.001,0
VG1,439426655.2,2013-12-04,-0.003,0
VG1,439455455.1,2013-12-04,-0.001,0
VG1,447346653.4,2014-03-06,-0.158,0
VG1,447375453.8,2014-03-06,-0.000,0
VG1,448815454.0,2014-03-23,-0.010,0
VG1,448844253.7,2014-03-23,-0.000,0
VG1,455209052.5,2014-06-05,-0.031,0
VG1,455237852.7,2014-06-05,-0.000,0
VG1,472114649.6,2014-12-17,-0.069,0
VG1,472143449.2,2014-12-18,-0.000,0
VG1,488357845.4,2015-06-23,-0.259,0
VG1,488386645.5,2015-06-24,-0.001,0
VG1,488980885.4,2015-07-01,-0.004,0
VG1,493541844.1,2015-08-22,-0.029,0
VG1,493570644.3,2015-08-23,-0.001,0
VG1,499013843.0,2015-10-25,-0.085,0
VG1,499042643.2,2015-10-25,-0.001,0
VG1,501173842.8,2015-11-19,-0.029,0
VG1,501202642.5,2015-11-19,0.000,0
VG1,510735440.4,2016-03-08,-0.075,0
VG1,510764240.3,2016-03-09,-0.001,0
VG1,515429839.1,2016-05-02,-0.054,0
VG1,515458639.1,2016-05-02,-0.001,0
VG1,516725838.8,2016-05-17,-0.018,0
VG1,516754638.7,2016-05-17,0.000,0
VG1,517129038.5,2016-05-21,-0.000,0
VG1,517157838.7,2016-05-22,-0.001,0
VG1,517849039.0,2016-05-30,-0.006,0
VG1,517877838.5,2016-05-30,-0.000,0
VG1,519087438.2,2016-06-13,-0.009,0
VG1,519116238.4,2016-06-13,-0.001,0
VG1,519634638.3,2016-06-19,-0.003,0
VG1,519663438.2,2016-06-20,0.000,0
VG1,522658637.5,2016-07-24,-0.004,0
VG1,522687437.6,2016-07-25,-0.001,0
VG1,523954637.5,2016-08-08,-0.010,0
VG1,523983437.1,2016-08-09,0.000,0
VG1,525049036.7,2016-08-21,-0.008,0
VG1,525077836.8,2016-08-21,0.000,0
VG1,531154634.9,2016-10-31,-0.015,0
VG1,531183435.2,2016-10-31,-0.001,0
VG1,532364234.9,2016-11-14,-0.006,0
VG1,532393034.7,2016-11-14,-0.001,0
VG1,534869834.0,2016-12-13,-0.011,0
VG1,534898634.1,2016-12-13,-0.000,0
VG1,536500873.6,2017-01-01,-0.077,0
VG1,536857033.5,2017-01-05,-0.000,0
VG1,536885833.5,2017-01-05,0.000,0
VG1,537893833.0,2017-01-17,-0.006,0
VG1,537922633.2,2017-01-17,-0.001,0
VG1,546994630.7,2017-05-02,-0.053,0
VG1,547023430.6,2017-05-02,-0.000,0
VG1,552985028.8,2017-07-10,-0.087,0
VG1,553013828.7,2017-07-11,0.000,0
VG1,558485826.9,2017-09-12,-0.024,0
VG1,558514626.8,2017-09-12,0.000,0
VG1,562172225.5,2017-10-25,-0.006,0
VG1,562201025.5,2017-10-25,0.000,0
VG1,566117823.9,2017-12-09,-0.008,0
VG1,566146624.1,2017-12-10,-0.001,0
VG1,566509503.9,2017-12-14,-0.008,0
VG1,566509551.9,2017-12-14,-0.000,0
VG1,571059902.2,2018-02-04,-0.001,0
VG1,571088702.3,2018-02-05,-0.001,0
VG1,574775101.3,2018-03-19,-0.001,0
VG1,574803901.1,2018-03-20,-0.000,0
VG1,582608698.6,2018-06-18,0.001,0
VG1,582637498.5,2018-06-18,-0.000,0
VG1,593466294.7,2018-10-22,0.002,0
VG1,593495094.5,2018-10-22,-0.001,0
VG1,596202293.4,2018-11-22,-0.001,0
VG1,596231093.5,2018-11-23,0.001,0
VG1,598794292.5,2018-12-22,-0.001,0
VG1,598823092.5,2018-12-23,0.000,0
VG1,601357491.5,2019-01-21,-0.001,0
VG1,601386291.5,2019-01-21,-0.000,0
VG1,602250291.2,2019-01-31,-0.000,0
VG1,602279091.1,2019-02-01,-0.000,0
VG1,605274290.0,2019-03-07,-0.000,0
VG1,605303089.9,2019-03-08,-0.000,0
VG1,608067888.8,2019-04-09,-0.000,0
VG1,608096688.7,2019-04-09,0.000,0
VG1,611783087.2,2019-05-22,0.000,0
VG1,611811887.2,2019-05-22,0.000,0
VG1,624483881.7,2019-10-16,0.003,0
VG1,624512681.6,2019-10-16,0.000,0
VG1,632202278.3,2020-01-13,-0.002,0
VG1,632231078.2,2020-01-13,-0.000,0
VG1,638999075.1,2020-04-01,-0.002,0
VG1,639027875.0,2020-04-01,0.000,0
VG1,639949474.6,2020-04-12,0.001,0
VG1,639978274.5,2020-04-12,-0.000,0
VG1,643693472.8,2020-05-25,0.000,0
VG1,643722272.7,2020-05-25,0.000,0
VG1,647466271.0,2020-07-08,0.002,0
VG1,647495070.8,2020-07-08,-0.000,0
VG1,654464667.2,2020-09-27,0.001,0
VG1,654493467.2,2020-09-27,0.001,0
VG1,662874262.9,2021-01-02,-0.002,0
VG1,662903062.8,2021-01-02,-0.000,0
VG1,667971860.1,2021-03-02,-0.001,0
VG1,668000660.1,2021-03-02,-0.000,0
VG1,670794258.6,2021-04-04,0.000,0
VG1,670823058.5,2021-04-04,-0.000,0
VG1,675287056.1,2021-05-26,0.001,0
VG1,675315856.1,2021-05-26,-0.001,0
VG1,679434254.0,2021-07-13,0.001,0
VG1,679463054.0,2021-07-13,-0.000,0
VG1,683610251.9,2021-08-30,0.001,0
VG1,683639051.8,2021-08-30,0.000,0
VG1,690551048.3,2021-11-18,0.000,0
VG1,690579848.2,2021-11-19,-0.000,0
VG1,698240644.3,2022-02-15,-0.003,0
VG1,698269444.1,2022-02-16,0.000,0
VG1,704749440.5,2022-05-02,0.000,0
VG1,704778240.4,2022-05-02,-0.001,0
VG1,711575036.7,2022-07-20,0.002,0
VG1,711603837.1,2022-07-20,-0.000,0
VG1,717623034.3,2022-09-28,0.001,0
VG1,717651834.2,2022-09-28,0.000,0
VG1,722202232.1,2022-11-20,-0.000,0
VG1,722231032.2,2022-11-20,-0.001,0
VG1,729546228.6,2023-02-13,-0.002,0
VG1,729575028.5,2023-02-13,-0.000,0
VG1,733722226.5,2023-04-02,-0.001,0
VG1,733751026.5,2023-04-02,0.000,0
VG1,742160622.1,2023-07-09,0.001,0
VG1,742189421.9,2023-07-09,0.000,0
VG1,750253417.4,2023-10-10,0.002,0
VG1,750282217.4,2023-10-11,-0.000,0
VG1,755253190.9,2023-12-07,-48.379,1
VG1,785752342.9,2024-11-24,-33.622,1
VG1,785781143.0,2024-11-25,0.001,0
VG1,787825950.3,2024-12-18,-0.001,0
VG1,787854753.3,2024-12-19,0.000,0
VG1,799144340.2,2025-04-28,-0.002,0
VG1,799173140.3,2025-04-29,0.000,0
VG2,-705773813.5,1977-08-20,0.028,0
VG2,-705647093.3,1977-08-22,0.001,0
VG2,-705632693.3,1977-08-22,-0.000,0
VG2,-705315893.0,1977-08-26,-0.000,0
VG2,-705229493.0,1977-08-27,0.001,0
VG2,-704984692.8,1977-08-29,0.000,0
VG2,-704941492.8,1977-08-30,0.000,0
VG2,-704610292.5,1977-09-03,0.000,0
VG2,-704567092.6,1977-09-03,-0.000,0
VG2,-704423092.5,1977-09-05,0.000,0
VG2,-704394292.5,1977-09-05,0.000,0
VG2,-703731892.1,1977-09-13,0.000,0
VG2,-703703092.0,1977-09-13,0.001,0
VG2,-703429491.8,1977-09-16,0.000,0
VG2,-703400691.8,1977-09-17,-0.000,0
VG2,-703155891.7,1977-09-20,-0.000,0
VG2,-703127091.7,1977-09-20,0.000,0
VG2,-702075891.3,1977-10-02,0.000,0
VG2,-702047091.3,1977-10-02,0.000,0
VG2,-701378208.0,1977-10-10,-2.887,1
VG2,-701349408.0,1977-10-11,-0.000,0
VG2,-701211888.0,1977-10-12,0.000,0
VG2,-701183087.9,1977-10-12,-0.000,0
VG2,-700837487.7,1977-10-16,-0.000,0
VG2,-700808687.7,1977-10-17,0.000,0
VG2,-700584047.6,1977-10-19,0.000,0
VG2,-700555247.7,1977-10-20,-0.000,0
VG2,-699743087.4,1977-10-29,-0.000,0
VG2,-699714287.5,1977-10-29,-0.000,0
VG2,-699028847.3,1977-11-06,0.000,0
VG2,-699000047.3,1977-11-07,-0.000,0
VG2,-698861807.3,1977-11-08,-0.000,0
VG2,-698833007.4,1977-11-09,0.001,0
VG2,-698375087.4,1977-11-14,0.000,0
VG2,-698346287.3,1977-11-14,0.000,0
VG2,-697876847.2,1977-11-20,-0.000,0
VG2,-697848047.3,1977-11-20,-0.000,0
VG2,-697228847.2,1977-11-27,-0.000,0
VG2,-697200047.3,1977-11-28,0.001,0
VG2,-696805487.3,1977-12-02,-0.000,0
VG2,-696776687.4,1977-12-02,-0.000,0
VG2,-696266927.5,1977-12-08,-0.000,0
VG2,-696238127.6,1977-12-09,-0.000,0
VG2,-695581487.8,1977-12-16,-0.000,0
VG2,-695552687.7,1977-12-17,0.000,0
VG2,-695051567.8,1977-12-22,-0.000,0
VG2,-695022767.8,1977-12-23,-0.000,0
VG2,-694896047.9,1977-12-24,-0.000,0
VG2,-694867247.9,1977-12-25,-0.000,0
VG2,-694267153.1,1977-12-31,-0.020,0
VG2,-694219152.1,1978-01-01,-1.000,1
VG2,-693055728.6,1978-01-15,0.000,0
VG2,-693026928.5,1978-01-15,-0.000,0
VG2,-692479728.7,1978-01-21,0.000,0
VG2,-692450928.7,1978-01-22,-0.000,0
VG2,-692197488.8,1978-01-24,-0.000,0
VG2,-692050608.8,1978-01-26,-0.000,0
VG2,-692021808.9,1978-01-26,-0.001,0
VG2,-690008689.6,1978-02-19,-0.000,0
VG2,-689979889.6,1978-02-19,0.000,0
VG2,-689605489.8,1978-02-23,0.000,0
VG2,-689173490.1,1978-02-28,-0.000,0
VG2,-686927091.2,1978-03-26,-0.000,0
VG2,-686898291.3,1978-03-27,-0.000,0
VG2,-686256051.7,1978-04-03,-0.000,0
VG2,-686227251.8,1978-04-04,0.000,0
VG2,-685587892.3,1978-04-11,-0.000,0
VG2,-685559092.4,1978-04-11,0.000,0
VG2,-685196212.7,1978-04-15,-0.000,0
VG2,-685167412.7,1978-04-16,0.000,0
VG2,-683813813.5,1978-05-01,0.000,0
VG2,-683785013.5,1978-05-02,0.000,0
VG2,-683479733.6,1978-05-05,0.000,0
VG2,-683450933.7,1978-05-06,-0.000,0
VG2,-682823094.1,1978-05-13,0.000,0
VG2,-682794294.2,1978-05-13,-0.001,0
VG2,-682422774.5,1978-05-18,0.000,0
VG2,-682393974.5,1978-05-18,-0.000,0
VG2,-679634936.2,1978-06-19,0.001,0
VG2,-679606136.2,1978-06-19,0.000,0
VG2,-678609656.6,1978-07-01,0.000,0
VG2,-678580856.7,1978-07-01,0.000,0
VG2,-676636858.5,1978-07-24,0.001,0
VG2,-676608058.6,1978-07-24,-0.001,0
VG2,-675303419.9,1978-08-08,0.001,0
VG2,-675274619.9,1978-08-08,-0.000,0
VG2,-673275901.7,1978-08-31,-0.000,0
VG2,-673247101.6,1978-09-01,0.001,0
VG2,-672267902.3,1978-09-12,0.001,0
VG2,-672239102.5,1978-09-12,-0.001,0
VG2,-670986303.7,1978-09-27,0.000,0
VG2,-670957503.7,1978-09-27,-0.000,0
VG2,-670770303.9,1978-09-29,0.001,0
VG2,-670741503.8,1978-09-30,0.000,0
VG2,-669675904.5,1978-10-12,-0.000,0
VG2,-669647104.7,1978-10-12,0.001,0
VG2,-668630465.6,1978-10-24,-0.000,0
VG2,-668601665.6,1978-10-25,0.000,0
VG2,-668005506.0,1978-10-31,-0.000,0
VG2,-667976706.1,1978-11-01,0.000,0
VG2,-667394946.7,1978-11-08,0.000,0
VG2,-667366146.7,1978-11-08,0.000,0
VG2,-666695107.2,1978-11-16,-0.000,0
VG2,-666666307.3,1978-11-16,0.000,0
VG2,-665313351.3,1978-12-02,-29.479,1
VG2,-662731146.1,1979-01-01,-0.001,0
VG2,-662029482.9,1979-01-09,-0.000,0
VG2,-662000682.8,1979-01-09,-0.000,0
VG2,-660675884.0,1979-01-24,-0.000,0
VG2,-660647084.0,1979-01-25,-0.000,0
VG2,-657378286.6,1979-03-03,-0.001,0
VG2,-657349486.6,1979-03-04,-0.001,0
VG2,-655995887.5,1979-03-19,0.000,0
VG2,-655967087.7,1979-03-20,-0.000,0
VG2,-653584552.0,1979-04-16,-9.780,1
VG2,-653403880.2,1979-04-18,0.000,0
VG2,-653375080.5,1979-04-19,-0.000,0
VG2,-651992681.6,1979-05-05,-0.000,0
VG2,-651963881.7,1979-05-05,0.000,0
VG2,-649970923.6,1979-05-28,-0.000,0
VG2,-649942123.6,1979-05-29,0.000,0
VG2,-649636843.9,1979-06-01,-0.000,0
VG2,-649608044.0,1979-06-01,0.001,0
VG2,-649325804.3,1979-06-05,0.000,0
VG2,-649297004.2,1979-06-05,0.000,0
VG2,-648562604.9,1979-06-13,0.000,0
VG2,-648533805.0,1979-06-14,0.001,0
VG2,-647580525.9,1979-06-25,0.000,0
VG2,-647551725.9,1979-06-25,0.001,0
VG2,-646984366.4,1979-07-02,0.000,0
VG2,-646955566.4,1979-07-02,-0.000,0
VG2,-646310446.9,1979-07-10,-0.000,0
VG2,-646281646.8,1979-07-10,0.001,0
VG2,-645794927.1,1979-07-16,-0.000,0
VG2,-645766127.2,1979-07-16,0.000,0
VG2,-644798448.1,1979-07-27,0.001,0
VG2,-644769648.0,1979-07-27,-0.000,0
VG2,-644280048.4,1979-08-02,-0.000,0
VG2,-644251248.5,1979-08-02,0.000,0
VG2,-642814129.7,1979-08-19,0.001,0
VG2,-642785329.8,1979-08-19,-0.001,0
VG2,-640530291.9,1979-09-14,0.000,0
VG2,-640501491.8,1979-09-15,0.001,0
VG2,-639723892.4,1979-09-24,0.000,0
VG2,-639695092.5,1979-09-24,-0.000,0
VG2,-638848373.3,1979-10-04,0.000,0
VG2,-638819573.4,1979-10-04,0.000,0
VG2,-638341493.8,1979-10-10,-0.000,0
VG2,-638312693.8,1979-10-10,0.000,0
VG2,-634971896.5,1979-11-18,-0.001,0
VG2,-634943096.6,1979-11-18,0.000,0
VG2,-631195116.2,1980-01-01,-0.001,0
VG2,-628866302.5,1980-01-27,-0.001,0
VG2,-628837502.4,1980-01-28,-0.000,0
VG2,-628042623.1,1980-02-06,-0.000,0
VG2,-628013823.2,1980-02-06,-0.000,0
VG2,-627066304.0,1980-02-17,0.000,0
VG2,-627037504.2,1980-02-18,-0.000,0
VG2,-626136065.1,1980-02-28,-0.001,0
VG2,-626107265.0,1980-02-28,0.000,0
VG2,-625620545.5,1980-03-05,0.000,0
VG2,-625591745.4,1980-03-05,-0.000,0
VG2,-624819906.2,1980-03-14,0.000,0
VG2,-624791106.1,1980-03-15,-0.000,0
VG2,-622184708.5,1980-04-14,0.000,0
VG2,-622155908.4,1980-04-14,-0.000,0
VG2,-620211910.0,1980-05-07,0.000,0
VG2,-620183110.1,1980-05-07,0.000,0
VG2,-616099274.0,1980-06-23,0.001,0
VG2,-616070474.1,1980-06-24,-0.001,0
VG2,-613401345.4,1980-07-24,-43.448,1
VG2,-613141473.7,1980-07-27,0.000,0
VG2,-613112673.9,1980-07-28,-0.000,0
VG2,-609397478.3,1980-09-09,0.001,0
VG2,-609368678.2,1980-09-09,-0.000,0
VG2,-608677478.8,1980-09-17,0.000,0
VG2,-608648678.9,1980-09-17,0.000,0
VG2,-604904683.0,1980-10-31,-0.000,0
VG2,-604875883.1,1980-10-31,0.000,0
VG2,-602111086.4,1980-12-02,-0.001,0
VG2,-602082286.3,1980-12-02,0.000,0
VG2,-601621486.7,1980-12-08,0.000,0
VG2,-601592686.9,1980-12-08,-0.000,0
VG2,-600786287.9,1980-12-17,-0.000,0
VG2,-600757487.8,1980-12-18,-0.000,0
VG2,-598934449.8,1981-01-08,-0.001,0
VG2,-598905650.0,1981-01-08,0.000,0
VG2,-598107890.9,1981-01-17,0.000,0
VG2,-598079090.8,1981-01-18,-0.001,0
VG2,-596811892.0,1981-02-01,-0.001,0
VG2,-596783092.2,1981-02-02,0.000,0
VG2,-595055094.3,1981-02-22,-0.000,0
VG2,-595026294.2,1981-02-22,-0.000,0
VG2,-593787895.4,1981-03-08,0.000,0
VG2,-593759095.6,1981-03-09,-0.001,0
VG2,-593471095.9,1981-03-12,-0.000,0
VG2,-593442295.8,1981-03-12,0.000,0
VG2,-591973497.2,1981-03-29,-0.000,0
VG2,-591944697.5,1981-03-30,0.000,0
VG2,-591051898.6,1981-04-09,0.000,0
VG2,-591023098.6,1981-04-09,-0.000,0
VG2,-590533499.2,1981-04-15,-0.000,0
VG2,-590504699.1,1981-04-15,-0.000,0
VG2,-589525500.0,1981-04-27,-0.000,0
VG2,-589496700.2,1981-04-27,0.000,0
VG2,-588992700.8,1981-05-03,0.000,0
VG2,-588963900.7,1981-05-03,-0.000,0
VG2,-587947261.7,1981-05-15,-0.000,0
VG2,-587918461.8,1981-05-15,0.001,0
VG2,-587571347.8,1981-05-19,-26.463,1
VG2,-584934758.9,1981-06-19,0.001,0
VG2,-584905959.0,1981-06-19,0.000,0
VG2,-583934296.3,1981-07-01,0.000,0
VG2,-582512682.1,1981-07-17,0.000,0
VG2,-582483882.1,1981-07-17,0.000,0
VG2,-581648683.0,1981-07-27,-0.000,0
VG2,-581619883.0,1981-07-27,0.001,0
VG2,-581393753.8,1981-07-30,-1.439,1
VG2,-580813482.4,1981-08-06,-0.000,0
VG2,-580784682.5,1981-08-06,0.001,0
VG2,-579894763.7,1981-08-16,0.001,0
VG2,-579865963.6,1981-08-17,-0.000,0
VG2,-578250285.2,1981-09-04,0.001,0
VG2,-578221485.4,1981-09-05,-0.000,0
VG2,-577242286.4,1981-09-16,0.000,0
VG2,-577213486.5,1981-09-16,-0.000,0
VG2,-574463089.8,1981-10-18,-0.000,0
VG2,-574434289.9,1981-10-18,-0.000,0
VG2,-573895730.7,1981-10-25,-0.000,0
VG2,-573866930.6,1981-10-25,0.000,0
VG2,-572700532.1,1981-11-08,0.000,0
VG2,-572671732.0,1981-11-08,0.000,0
VG2,-571879733.0,1981-11-17,-0.000,0
VG2,-571850933.1,1981-11-17,0.000,0
VG2,-571179893.9,1981-11-25,0.000,0
VG2,-571151093.9,1981-11-25,-0.001,0
VG2,-570632694.5,1981-12-01,0.000,0
VG2,-570603894.6,1981-12-02,-0.000,0
VG2,-566165734.8,1982-01-22,-37.437,1
VG2,-563907865.7,1982-02-17,-0.001,0
VG2,-563879065.7,1982-02-18,0.000,0
VG2,-560955869.5,1982-03-23,-0.000,0
VG2,-560927069.6,1982-03-24,-0.000,0
VG2,-559227871.9,1982-04-12,-0.000,0
VG2,-559199071.8,1982-04-13,0.000,0
VG2,-558551072.5,1982-04-20,0.001,0
VG2,-558522272.7,1982-04-21,-0.000,0
VG2,-557960673.4,1982-04-27,0.000,0
VG2,-557931873.4,1982-04-27,0.000,0
VG2,-554824357.3,1982-06-02,0.000,0
VG2,-554795557.4,1982-06-03,0.001,0
VG2,-552398344.5,1982-07-01,0.000,0
VG2,-551624681.5,1982-07-09,0.001,0
VG2,-551595881.5,1982-07-10,-0.001,0
VG2,-545233969.0,1982-09-21,0.001,0
VG2,-545205168.9,1982-09-22,0.000,0
VG2,-544456369.7,1982-09-30,-0.000,0
VG2,-544427569.8,1982-10-01,-0.000,0
VG2,-543851570.4,1982-10-07,0.000,0
VG2,-543822770.5,1982-10-08,-0.000,0
VG2,-543272691.1,1982-10-14,-0.000,0
VG2,-543243891.2,1982-10-14,0.001,0
VG2,-542731251.8,1982-10-20,0.001,0
VG2,-542702451.8,1982-10-21,-0.001,0
VG2,-540756932.4,1982-11-12,-33.501,1
VG2,-537051864.6,1982-12-25,-0.001,0
VG2,-537023064.7,1982-12-25,0.000,0
VG2,-526079078.4,1983-05-01,-0.002,0
VG2,-526050278.5,1983-05-01,-0.000,0
VG2,-525284199.5,1983-05-10,0.001,0
VG2,-525255399.4,1983-05-11,-0.000,0
VG2,-524080360.7,1983-05-24,0.000,0
VG2,-524051560.8,1983-05-25,0.000,0
VG2,-522729642.4,1983-06-09,-0.000,0
VG2,-522700842.4,1983-06-09,0.001,0
VG2,-521736043.4,1983-06-20,0.000,0
VG2,-521707243.5,1983-06-21,0.000,0
VG2,-520862300.6,1983-07-01,0.094,0
VG2,-517418928.9,1983-08-09,0.001,0
VG2,-517390129.0,1983-08-10,0.001,0
VG2,-517076209.4,1983-08-13,0.014,0
VG2,-517076161.4,1983-08-13,-0.000,0
VG2,-516554930.1,1983-08-19,-0.000,0
VG2,-516526130.1,1983-08-20,0.001,0
VG2,-516220250.0,1983-08-23,-24.445,1
VG2,-515126427.2,1983-09-05,0.000,0
VG2,-515097627.4,1983-09-05,0.001,0
VG2,-514305628.4,1983-09-14,0.000,0
VG2,-514276828.3,1983-09-15,-0.000,0
VG2,-512967933.1,1983-09-30,-72320.642,1
VG2,-512322749.9,1983-10-07,72320.142,1
VG2,-510846751.8,1983-10-24,-0.001,0
VG2,-510817951.8,1983-10-25,0.001,0
VG2,-509363553.4,1983-11-11,-0.000,0
VG2,-509334753.4,1983-11-11,0.001,0
VG2,-508868193.8,1983-11-16,0.000,0
VG2,-508839393.9,1983-11-17,-0.001,0
VG2,-508493794.3,1983-11-21,-0.000,0
VG2,-508464994.5,1983-11-21,-0.000,0
VG2,-504231400.0,1984-01-09,-0.001,0
VG2,-504202600.1,1984-01-09,0.000,0
VG2,-503517161.1,1984-01-17,-0.000,0
VG2,-503488361.0,1984-01-18,-0.000,0
VG2,-502961321.7,1984-01-24,0.000,0
VG2,-502932521.6,1984-01-24,-0.000,0
VG2,-502569642.0,1984-01-28,0.000,0
VG2,-502540842.1,1984-01-29,-0.000,0
VG2,-500308845.0,1984-02-23,-0.001,0
VG2,-500280045.1,1984-02-24,-0.000,0
VG2,-494485492.8,1984-05-01,-0.000,0
VG2,-494456692.8,1984-05-01,0.000,0
VG2,-492457975.0,1984-05-24,0.000,0
VG2,-492429175.0,1984-05-25,-0.000,0
VG2,-491579576.0,1984-06-03,0.000,0
VG2,-491550776.1,1984-06-04,-0.000,0
VG2,-490810617.0,1984-06-12,0.000,0
VG2,-490781817.1,1984-06-13,-0.000,0
VG2,-489042299.4,1984-07-03,0.001,0
VG2,-489013499.4,1984-07-03,-0.000,0
VG2,-488178300.5,1984-07-13,0.000,0
VG2,-488149500.5,1984-07-13,-0.000,0
VG2,-485479743.5,1984-08-13,0.001,0
VG2,-485450943.6,1984-08-13,-0.001,0
VG2,-485374528.1,1984-08-14,-47.565,1
VG2,-484843216.7,1984-08-20,0.000,0
VG2,-484814416.8,1984-08-21,-0.001,0
VG2,-484013777.9,1984-08-30,-0.000,0
VG2,-483984978.0,1984-08-30,0.000,0
VG2,-482208020.3,1984-09-20,-0.000,0
VG2,-482179220.3,1984-09-20,0.001,0
VG2,-480560662.2,1984-10-09,0.000,0
VG2,-480531862.3,1984-10-09,-0.000,0
VG2,-479950103.0,1984-10-16,0.000,0
VG2,-479921303.0,1984-10-16,-0.000,0
VG2,-479863703.1,1984-10-17,0.000,0
VG2,-479834903.2,1984-10-17,0.000,0
VG2,-479261783.9,1984-10-24,-0.000,0
VG2,-479232984.0,1984-10-24,0.001,0
VG2,-478501465.1,1984-11-02,-0.000,0
VG2,-478472665.0,1984-11-02,0.000,0
VG2,-477873625.8,1984-11-09,0.000,0
VG2,-477844825.8,1984-11-09,-0.000,0
VG2,-477614426.1,1984-11-12,-0.000,0
VG2,-477585626.1,1984-11-12,0.001,0
VG2,-477294746.4,1984-11-16,-0.000,0
VG2,-477265946.4,1984-11-16,-0.000,0
VG2,-476404827.2,1984-11-26,-0.000,0
VG2,-476376027.3,1984-11-26,0.000,0
VG2,-476160027.6,1984-11-29,0.000,0
VG2,-476131227.7,1984-11-29,-0.001,0
VG2,-476030427.8,1984-11-30,0.000,0
VG2,-476001627.8,1984-12-01,-0.001,0
VG2,-475503388.5,1984-12-06,0.000,0
VG2,-475474588.6,1984-12-07,0.000,0
VG2,-475105949.1,1984-12-11,0.000,0
VG2,-475077149.0,1984-12-11,-0.000,0
VG2,-474538589.6,1984-12-18,-0.000,0
VG2,-474509789.7,1984-12-18,-0.000,0
VG2,-473991390.4,1984-12-24,-0.000,0
VG2,-473962590.5,1984-12-24,0.001,0
VG2,-473208031.5,1985-01-02,-0.000,0
VG2,-473179231.5,1985-01-02,-0.000,0
VG2,-470362595.2,1985-02-04,-0.001,0
VG2,-470333795.2,1985-02-04,-0.000,0
VG2,-470028515.5,1985-02-08,-0.000,0
VG2,-469999715.5,1985-02-08,0.000,0
VG2,-468818916.9,1985-02-22,-0.000,0
VG2,-468790117.0,1985-02-22,-0.000,0
VG2,-466198120.5,1985-03-24,-0.000,0
VG2,-466169320.6,1985-03-25,0.000,0
VG2,-465658649.2,1985-03-30,-0.050,0
VG2,-465658601.2,1985-03-30,-0.000,0
VG2,-465236201.8,1985-04-04,-0.000,0
VG2,-465207401.7,1985-04-05,0.000,0
VG2,-463269164.0,1985-04-27,-0.000,0
VG2,-463240364.0,1985-04-27,-0.000,0
VG2,-461702445.7,1985-05-15,0.000,0
VG2,-461673645.8,1985-05-16,0.000,0
VG2,-460662767.1,1985-05-27,0.001,0
VG2,-460633967.1,1985-05-28,0.000,0
VG2,-459856367.9,1985-06-06,0.000,0
VG2,-459827568.0,1985-06-06,0.000,0
VG2,-459369648.6,1985-06-11,0.000,0
VG2,-459340848.7,1985-06-12,0.000,0
VG2,-458874289.2,1985-06-17,-0.000,0
VG2,-458845489.3,1985-06-17,0.000,0
VG2,-458609329.7,1985-06-20,0.000,0
VG2,-458580529.6,1985-06-20,0.000,0
VG2,-457703906.6,1985-07-01,0.001,0
VG2,-457448690.9,1985-07-03,0.000,0
VG2,-457419891.0,1985-07-04,-0.000,0
VG2,-456155572.7,1985-07-18,0.001,0
VG2,-456126772.6,1985-07-19,-0.001,0
VG2,-455424053.4,1985-07-27,0.000,0
VG2,-455395253.5,1985-07-27,-0.000,0
VG2,-451276858.8,1985-09-13,0.001,0
VG2,-451248058.8,1985-09-13,-0.000,0
VG2,-450487739.6,1985-09-22,-0.000,0
VG2,-450458939.7,1985-09-22,0.000,0
VG2,-450260220.0,1985-09-25,0.000,0
VG2,-450231420.0,1985-09-25,-0.000,0
VG2,-449986620.4,1985-09-28,0.000,0
VG2,-449957820.4,1985-09-28,0.000,0
VG2,-449140588.9,1985-10-08,-32.589,1
VG2,-448736669.4,1985-10-12,0.000,0
VG2,-448707869.4,1985-10-13,0.000,0
VG2,-448344989.9,1985-10-17,0.000,0
VG2,-448316189.8,1985-10-17,-0.001,0
VG2,-447048991.3,1985-11-01,0.000,0
VG2,-447020191.3,1985-11-01,-0.000,0
VG2,-446786911.6,1985-11-04,-0.000,0
VG2,-446758111.7,1985-11-04,0.001,0
VG2,-446588191.9,1985-11-06,-0.000,0
VG2,-446559392.0,1985-11-06,0.001,0
VG2,-445704033.2,1985-11-16,0.000,0
VG2,-445675233.3,1985-11-17,-0.001,0
VG2,-445093474.2,1985-11-23,0.000,0
VG2,-445064674.2,1985-11-24,-0.000,0
VG2,-444036515.6,1985-12-06,-0.001,0
VG2,-444007715.7,1985-12-06,0.000,0
VG2,-442754917.6,1985-12-21,-0.001,0
VG2,-442726117.6,1985-12-21,0.001,0
VG2,-442426598.0,1985-12-24,-0.000,0
VG2,-442397797.9,1985-12-25,0.001,0
VG2,-440931879.6,1986-01-11,-0.000,0
VG2,-440903079.6,1986-01-11,-0.000,0
VG2,-437009323.9,1986-02-25,-0.000,0
VG2,-436980524.0,1986-02-25,-0.000,0
VG2,-435370606.4,1986-03-16,-0.001,0
VG2,-435341806.4,1986-03-16,0.000,0
VG2,-435013486.8,1986-03-20,0.000,0
VG2,-434984686.8,1986-03-20,-0.000,0
VG2,-434074607.9,1986-03-31,0.000,0
VG2,-434045808.0,1986-03-31,-0.001,0
VG2,-433438128.8,1986-04-07,0.000,0
VG2,-433409328.9,1986-04-08,-0.000,0
VG2,-432571250.1,1986-04-17,-0.000,0
VG2,-432542450.1,1986-04-18,0.001,0
VG2,-431825330.8,1986-04-26,0.000,0
VG2,-431796530.9,1986-04-26,-0.000,0
VG2,-431517171.2,1986-04-30,0.000,0
VG2,-431488371.3,1986-04-30,0.000,0
VG2,-430093890.8,1986-05-16,-34.440,1
VG2,-429135380.1,1986-05-27,0.000,0
VG2,-429106580.1,1986-05-27,-0.000,0
VG2,-427012822.9,1986-06-21,0.001,0
VG2,-426984023.0,1986-06-21,0.000,0
VG2,-425333785.3,1986-07-10,0.000,0
VG2,-425304985.2,1986-07-10,-0.000,0
VG2,-424455386.2,1986-07-20,0.000,0
VG2,-424426586.3,1986-07-21,0.000,0
VG2,-423476187.5,1986-08-01,-0.000,0
VG2,-423447387.6,1986-08-01,0.000,0
VG2,-421316190.6,1986-08-26,0.000,0
VG2,-421287390.6,1986-08-26,0.001,0
VG2,-418378594.5,1986-09-29,0.000,0
VG2,-418349794.5,1986-09-29,-0.000,0
VG2,-417744995.2,1986-10-06,0.000,0
VG2,-417716195.3,1986-10-06,0.000,0
VG2,-412627242.3,1986-12-04,-0.001,0
VG2,-412598442.3,1986-12-05,-0.000,0
VG2,-412486122.4,1986-12-06,-0.000,0
VG2,-412457322.4,1986-12-06,-0.000,0
VG2,-411956202.9,1986-12-12,0.000,0
VG2,-411927403.1,1986-12-12,0.000,0
VG2,-411063404.2,1986-12-22,-0.000,0
VG2,-411034604.3,1986-12-23,-0.000,0
VG2,-409249006.9,1987-01-12,-0.000,0
VG2,-409220206.9,1987-01-13,-0.000,0
VG2,-407356849.5,1987-02-03,-0.001,0
VG2,-407328049.4,1987-02-04,0.001,0
VG2,-407175409.6,1987-02-05,0.000,0
VG2,-407146609.7,1987-02-06,-0.000,0
VG2,-407126449.7,1987-02-06,-0.000,0
VG2,-407097649.7,1987-02-06,0.000,0
VG2,-406150130.7,1987-02-17,-0.001,0
VG2,-406121330.8,1987-02-18,0.000,0
VG2,-405965811.0,1987-02-19,0.000,0
VG2,-405937011.0,1987-02-20,-0.000,0
VG2,-405718131.3,1987-02-22,-0.000,0
VG2,-405689331.4,1987-02-23,-0.000,0
VG2,-405361011.8,1987-02-26,0.000,0
VG2,-405332211.9,1987-02-27,-0.001,0
VG2,-404183093.5,1987-03-12,-0.000,0
VG2,-404154293.4,1987-03-12,-0.001,0
VG2,-403431414.2,1987-03-21,-0.000,0
VG2,-403402614.3,1987-03-21,0.000,0
VG2,-403114614.7,1987-03-24,-0.000,0
VG2,-403085814.8,1987-03-25,-0.000,0
VG2,-401473017.2,1987-04-12,-0.000,0
VG2,-401444217.1,1987-04-13,0.000,0
VG2,-401041017.7,1987-04-17,-0.000,0
VG2,-401012217.7,1987-04-18,0.001,0
VG2,-400609018.2,1987-04-22,0.000,0
VG2,-400580218.3,1987-04-23,0.001,0
VG2,-399097020.5,1987-05-10,0.000,0
VG2,-399068220.4,1987-05-10,-0.000,0
VG2,-397757821.9,1987-05-25,0.000,0
VG2,-397729022.0,1987-05-26,0.000,0
VG2,-397671422.1,1987-05-26,-0.000,0
VG2,-397642622.1,1987-05-27,0.000,0
VG2,-396945663.1,1987-06-04,-0.000,0
VG2,-396916863.2,1987-06-04,0.000,0
VG2,-396674943.5,1987-06-07,0.000,0
VG2,-396646143.6,1987-06-07,0.000,0
VG2,-396467583.9,1987-06-09,0.000,0
VG2,-396438784.0,1987-06-10,-0.000,0
VG2,-396260224.2,1987-06-12,-0.000,0
VG2,-396231424.3,1987-06-12,0.000,0
VG2,-395779265.1,1987-06-17,-0.000,0
VG2,-395750465.0,1987-06-18,0.000,0
VG2,-394561026.8,1987-07-01,0.001,0
VG2,-394532226.7,1987-07-02,0.000,0
VG2,-392856069.1,1987-07-21,0.001,0
VG2,-392827269.0,1987-07-21,0.000,0
VG2,-392372229.6,1987-07-27,0.000,0
VG2,-392343429.6,1987-07-27,-0.000,0
VG2,-392075590.0,1987-07-30,0.000,0
VG2,-392046790.1,1987-07-30,-0.001,0
VG2,-391623430.6,1987-08-04,0.000,0
VG2,-391594630.7,1987-08-05,-0.000,0
VG2,-390451272.3,1987-08-18,0.000,0
VG2,-390422472.4,1987-08-18,0.000,0
VG2,-389290634.0,1987-08-31,0.001,0
VG2,-389261834.0,1987-09-01,0.000,0
VG2,-389261405.5,1987-09-01,-44.457,1
VG2,-387225632.1,1987-09-24,0.000,0
VG2,-387196832.2,1987-09-25,-0.001,0
VG2,-386793632.7,1987-09-29,-0.000,0
VG2,-386764832.7,1987-09-30,0.000,0
VG2,-385828833.8,1987-10-10,0.000,0
VG2,-385800033.9,1987-10-11,0.000,0
VG2,-385523554.2,1987-10-14,-0.000,0
VG2,-385494754.3,1987-10-14,0.000,0
VG2,-384650915.6,1987-10-24,0.000,0
VG2,-384622115.7,1987-10-24,0.000,0
VG2,-383294437.9,1987-11-09,-0.000,0
VG2,-383265638.0,1987-11-09,-0.000,0
VG2,-381649960.8,1987-11-28,-0.000,0
VG2,-381621160.8,1987-11-28,0.001,0
VG2,-381344681.2,1987-12-01,-0.000,0
VG2,-381315881.2,1987-12-02,0.001,0
VG2,-381105641.5,1987-12-04,-0.001,0
VG2,-381076841.5,1987-12-04,0.000,0
VG2,-378734300.8,1988-01-01,0.059,0
VG2,-377989485.9,1988-01-09,0.000,0
VG2,-377960685.9,1988-01-09,-0.000,0
VG2,-376561007.6,1988-01-26,-0.000,0
VG2,-376532207.7,1988-01-26,-0.000,0
VG2,-375218929.6,1988-02-10,-0.001,0
VG2,-375190129.7,1988-02-11,0.001,0
VG2,-372281333.9,1988-03-15,-0.001,0
VG2,-372252534.0,1988-03-16,0.000,0
VG2,-371765814.7,1988-03-21,0.000,0
VG2,-371737014.6,1988-03-21,-0.000,0
VG2,-370763575.8,1988-04-02,-0.000,0
VG2,-370734775.9,1988-04-02,-0.000,0
VG2,-368237819.6,1988-05-01,-0.000,0
VG2,-368209019.6,1988-05-01,-0.000,0
VG2,-368180219.6,1988-05-02,0.000,0
VG2,-368151419.6,1988-05-02,0.000,0
VG2,-366858301.2,1988-05-17,0.001,0
VG2,-366829501.3,1988-05-17,0.000,0
VG2,-365379279.8,1988-06-03,-47.576,1
VG2,-364286417.3,1988-06-16,0.000,0
VG2,-364257617.3,1988-06-16,-0.000,0
VG2,-362016980.5,1988-07-12,0.001,0
VG2,-361988180.4,1988-07-12,-0.001,0
VG2,-361556180.9,1988-07-17,0.000,0
VG2,-361527381.0,1988-07-18,-0.000,0
VG2,-361029141.6,1988-07-23,0.001,0
VG2,-361000341.7,1988-07-24,0.000,0
VG2,-360836182.0,1988-07-26,0.000,0
VG2,-360807382.1,1988-07-26,0.000,0
VG2,-360657622.3,1988-07-28,-0.000,0
VG2,-360628822.4,1988-07-28,0.000,0
VG2,-359509894.5,1988-08-10,-0.024,0
VG2,-359509848.2,1988-08-10,1.734,1
VG2,-359108184.9,1988-08-15,0.001,0
VG2,-359079384.8,1988-08-15,-0.001,0
VG2,-358244186.0,1988-08-25,0.000,0
VG2,-358215386.1,1988-08-25,-0.001,0
VG2,-357783386.7,1988-08-30,0.000,0
VG2,-357754586.7,1988-08-30,-0.000,0
VG2,-356976987.7,1988-09-08,-0.000,0
VG2,-356948187.8,1988-09-09,0.000,0
VG2,-356550748.4,1988-09-13,0.000,0
VG2,-356521948.5,1988-09-14,-0.000,0
VG2,-354816991.0,1988-10-03,-0.000,0
VG2,-354788191.1,1988-10-04,0.000,0
VG2,-353535392.9,1988-10-18,-0.000,0
VG2,-353506592.9,1988-10-18,-0.000,0
VG2,-350232036.9,1988-11-25,-0.001,0
VG2,-350203237.0,1988-11-26,-0.000,0
VG2,-350050597.2,1988-11-27,0.000,0
VG2,-350021797.3,1988-11-28,0.000,0
VG2,-348063400.2,1988-12-20,-0.000,0
VG2,-348034600.3,1988-12-21,-0.000,0
VG2,-344535405.6,1989-01-30,-0.001,0
VG2,-344506605.5,1989-01-31,-0.000,0
VG2,-344495085.5,1989-01-31,0.000,0
VG2,-344466285.6,1989-01-31,-0.000,0
VG2,-344017006.2,1989-02-05,-0.000,0
VG2,-343988206.3,1989-02-06,-0.000,0
VG2,-343858606.4,1989-02-07,-0.000,0
VG2,-343829806.5,1989-02-07,-0.000,0
VG2,-342816048.0,1989-02-19,0.000,0
VG2,-342787248.1,1989-02-20,-0.000,0
VG2,-341597809.5,1989-03-05,-0.000,0
VG2,-341569009.6,1989-03-06,0.000,0
VG2,-340820210.7,1989-03-14,-0.000,0
VG2,-340791410.8,1989-03-15,0.001,0
VG2,-340370931.5,1989-03-20,-0.000,0
VG2,-340342131.4,1989-03-20,0.000,0
VG2,-339610612.4,1989-03-28,-0.000,0
VG2,-339581812.5,1989-03-29,0.001,0
VG2,-337666615.8,1989-04-20,0.000,0
VG2,-337637815.8,1989-04-20,0.000,0
VG2,-337548535.9,1989-04-21,-0.000,0
VG2,-337519735.9,1989-04-22,0.000,0
VG2,-336549177.0,1989-05-03,-0.000,0
VG2,-336520377.1,1989-05-03,0.000,0
VG2,-336154617.6,1989-05-07,0.000,0
VG2,-336125817.7,1989-05-08,-0.000,0
VG2,-334265340.2,1989-05-29,0.001,0
VG2,-334236540.2,1989-05-30,-0.001,0
VG2,-334144380.4,1989-05-31,0.000,0
VG2,-334115580.5,1989-05-31,-0.001,0
VG2,-333915294.3,1989-06-02,-30.455,1
VG2,-333562590.9,1989-06-06,0.000,0
VG2,-333533791.0,1989-06-07,0.000,0
VG2,-333211231.6,1989-06-10,-0.000,0
VG2,-333182431.6,1989-06-11,0.000,0
VG2,-332894432.0,1989-06-14,0.000,0
VG2,-332865632.0,1989-06-14,0.000,0
VG2,-330722915.1,1989-07-09,0.001,0
VG2,-330694115.1,1989-07-10,-0.000,0
VG2,-330118116.0,1989-07-16,0.000,0
VG2,-330089315.9,1989-07-17,0.000,0
VG2,-328041638.8,1989-08-09,0.001,0
VG2,-328012838.8,1989-08-10,0.000,0
VG2,-325553322.0,1989-09-07,0.001,0
VG2,-325524522.1,1989-09-07,0.000,0
VG2,-324320683.8,1989-09-21,0.001,0
VG2,-324291883.8,1989-09-22,-0.001,0
VG2,-322149166.9,1989-10-16,-0.000,0
VG2,-322120367.0,1989-10-17,0.000,0
VG2,-321956207.2,1989-10-19,-0.000,0
VG2,-321927407.3,1989-10-19,0.001,0
VG2,-321509808.0,1989-10-24,-0.000,0
VG2,-321481008.0,1989-10-24,0.000,0
VG2,-320386609.6,1989-11-06,0.000,0
VG2,-320357809.6,1989-11-06,0.000,0
VG2,-319346931.1,1989-11-18,-0.000,0
VG2,-319318131.2,1989-11-18,0.000,0
VG2,-318704692.2,1989-11-25,-0.000,0
VG2,-318675892.2,1989-11-26,-0.001,0
VG2,-317546933.9,1989-12-09,-0.001,0
VG2,-317518133.8,1989-12-09,-0.000,0
VG2,-317342454.1,1989-12-11,-0.000,0
VG2,-317313654.1,1989-12-11,0.000,0
VG2,-316847094.6,1989-12-17,-0.000,0
VG2,-316818294.7,1989-12-17,0.000,0
VG2,-315591849.6,1989-12-31,1.016,1
VG2,-313800059.3,1990-01-21,-1.000,1
VG2,-313771259.4,1990-01-21,0.000,0
VG2,-313192380.4,1990-01-28,-0.000,0
VG2,-313163580.4,1990-01-28,-0.000,0
VG2,-312927420.7,1990-01-31,-0.000,0
VG2,-312898620.8,1990-01-31,0.000,0
VG2,-309652865.5,1990-03-10,-0.000,0
VG2,-309624065.5,1990-03-10,-0.000,0
VG2,-309068226.2,1990-03-17,0.000,0
VG2,-309039426.2,1990-03-17,-0.000,0
VG2,-307383428.8,1990-04-05,-0.001,0
VG2,-307354628.8,1990-04-06,0.000,0
VG2,-299852239.9,1990-07-01,0.001,0
VG2,-299823440.0,1990-07-02,-0.000,0
VG2,-299279120.8,1990-07-08,0.000,0
VG2,-299250320.9,1990-07-08,0.000,0
VG2,-297284203.3,1990-07-31,-472.620,1
VG2,-295632573.9,1990-08-19,0.000,0
VG2,-295603773.9,1990-08-20,0.000,0
VG2,-294803134.9,1990-08-29,0.001,0
VG2,-294774335.0,1990-08-29,-0.001,0
VG2,-291482500.2,1990-10-06,-0.000,0
VG2,-291453700.3,1990-10-07,0.000,0
VG2,-287119307.2,1990-11-26,-0.000,0
VG2,-287090507.3,1990-11-26,-0.000,0
VG2,-285350990.1,1990-12-16,0.000,0
VG2,-285322189.8,1990-12-17,-0.000,0
VG2,-284056672.9,1990-12-31,1.000,1
VG2,-282776274.0,1991-01-15,-1.000,1
VG2,-282747473.7,1991-01-15,-0.001,0
VG2,-282730193.8,1991-01-16,0.141,0
VG2,-282718673.7,1991-01-16,-0.152,0
VG2,-281750995.5,1991-01-27,-0.000,0
VG2,-281722195.4,1991-01-27,0.000,0
VG2,-281290196.3,1991-02-01,-0.000,0
VG2,-281261396.2,1991-02-02,0.000,0
VG2,-278323800.4,1991-03-08,-0.000,0
VG2,-278295000.6,1991-03-08,-0.000,0
VG2,-277575002.0,1991-03-16,-0.000,0
VG2,-277546202.0,1991-03-17,-0.000,0
VG2,-273954847.7,1991-04-27,-0.000,0
VG2,-273926047.7,1991-04-28,0.001,0
VG2,-270187813.6,1991-06-10,0.001,0
VG2,-270159013.7,1991-06-10,0.000,0
VG2,-267855017.4,1991-07-07,0.001,0
VG2,-267826217.3,1991-07-07,0.000,0
VG2,-264263663.0,1991-08-17,0.001,0
VG2,-264234863.1,1991-08-18,0.000,0
VG2,-261015028.3,1991-09-24,0.000,0
VG2,-260986228.4,1991-09-24,0.001,0
VG2,-260583029.1,1991-09-29,0.000,0
VG2,-260554229.2,1991-09-29,0.001,0
VG2,-260237429.7,1991-10-03,-0.000,0
VG2,-260208629.7,1991-10-03,0.001,0
VG2,-259719030.5,1991-10-09,0.000,0
VG2,-259690230.5,1991-10-09,-0.000,0
VG2,-257703033.5,1991-11-01,0.000,0
VG2,-257674233.7,1991-11-02,-0.001,0
VG2,-253872639.7,1991-12-16,-0.001,0
VG2,-253843839.6,1991-12-16,0.000,0
VG2,-253123840.6,1991-12-24,-0.000,0
VG2,-253095040.8,1991-12-25,-0.000,0
VG2,-250128645.6,1992-01-28,-0.001,0
VG2,-250099845.7,1992-01-28,0.001,0
VG2,-245296013.6,1992-03-24,-0.001,0
VG2,-245267213.7,1992-03-24,-0.000,0
VG2,-244864014.4,1992-03-29,-0.000,0
VG2,-244835214.4,1992-03-29,-0.000,0
VG2,-239628182.9,1992-05-29,0.000,0
VG2,-239599382.9,1992-05-29,0.000,0
VG2,-238271705.1,1992-06-13,0.001,0
VG2,-238242905.1,1992-06-14,0.000,0
VG2,-237911705.5,1992-06-17,0.001,0
VG2,-237882905.6,1992-06-18,-0.001,0
VG2,-237456666.2,1992-06-23,0.000,0
VG2,-237427866.3,1992-06-23,0.000,0
VG2,-236779099.4,1992-07-01,0.000,0
VG2,-234925150.5,1992-07-22,0.001,0
VG2,-234896350.5,1992-07-22,0.000,0
VG2,-230253798.2,1992-09-14,0.000,0
VG2,-230224998.3,1992-09-14,0.001,0
VG2,-229435879.7,1992-09-23,0.000,0
VG2,-229407079.8,1992-09-24,0.000,0
VG2,-226339884.7,1992-10-29,-0.000,0
VG2,-226311084.8,1992-10-30,0.001,0
VG2,-222509491.0,1992-12-13,-0.001,0
VG2,-222480691.0,1992-12-13,-0.000,0
VG2,-221818292.0,1992-12-21,0.000,0
VG2,-221789492.1,1992-12-21,-0.001,0
VG2,-219272376.3,1993-01-19,-0.001,0
VG2,-219243576.4,1993-01-19,-0.000,0
VG2,-218491897.6,1993-01-28,-0.000,0
VG2,-218463097.6,1993-01-28,-0.000,0
VG2,-216173501.5,1993-02-24,-0.001,0
VG2,-216144701.6,1993-02-24,-0.000,0
VG2,-211911108.8,1993-04-14,0.000,0
VG2,-211882308.8,1993-04-15,-0.001,0
VG2,-206899917.1,1993-06-11,0.001,0
VG2,-206871117.1,1993-06-12,-0.001,0
VG2,-205831438.5,1993-06-24,0.000,0
VG2,-205802638.6,1993-06-24,-0.001,0
VG2,-205243103.5,1993-07-01,0.001,0
VG2,-203821201.7,1993-07-17,0.001,0
VG2,-203792401.7,1993-07-17,-0.001,0
VG2,-203236562.4,1993-07-24,0.001,0
VG2,-203207762.6,1993-07-24,0.000,0
VG2,-201661205.0,1993-08-11,0.001,0
VG2,-201632405.0,1993-08-11,0.000,0
VG2,-199469528.3,1993-09-05,0.000,0
VG2,-199440728.4,1993-09-06,0.000,0
VG2,-198248410.3,1993-09-19,0.000,0
VG2,-198219610.4,1993-09-20,0.000,0
VG2,-197614811.4,1993-09-27,-0.000,0
VG2,-197586011.4,1993-09-27,0.000,0
VG2,-195552734.5,1993-10-21,-0.000,0
VG2,-195523934.6,1993-10-21,0.001,0
VG2,-190890021.8,1993-12-14,-0.001,0
VG2,-190861221.7,1993-12-14,-0.000,0
VG2,-190339942.4,1993-12-20,0.000,0
VG2,-190311142.5,1993-12-20,-0.001,0
VG2,-188767464.8,1994-01-07,-0.000,0
VG2,-188738664.9,1994-01-08,-0.001,0
VG2,-187356267.0,1994-01-24,-0.001,0
VG2,-187327467.0,1994-01-24,0.000,0
VG2,-186788907.7,1994-01-30,-0.001,0
VG2,-186760107.8,1994-01-30,0.000,0
VG2,-184957230.6,1994-02-20,-0.001,0
VG2,-184928430.6,1994-02-21,0.001,0
VG2,-180988596.1,1994-04-07,0.000,0
VG2,-180959796.1,1994-04-08,-0.000,0
VG2,-176533242.1,1994-05-29,0.000,0
VG2,-176504442.2,1994-05-29,0.001,0
VG2,-175294843.9,1994-06-12,0.001,0
VG2,-175266043.9,1994-06-12,-0.001,0
VG2,-174548924.7,1994-06-21,0.000,0
VG2,-174520124.8,1994-06-21,0.000,0
VG2,-173707102.0,1994-07-01,0.001,0
VG2,-171795648.7,1994-07-23,0.001,0
VG2,-171766848.8,1994-07-23,0.000,0
VG2,-171242689.6,1994-07-29,0.000,0
VG2,-171213889.6,1994-07-29,0.000,0
VG2,-170767490.2,1994-08-04,0.000,0
VG2,-170767442.2,1994-08-04,0.001,0
VG2,-166626055.9,1994-09-20,0.000,0
VG2,-166597256.0,1994-09-21,0.001,0
VG2,-166335176.5,1994-09-24,0.000,0
VG2,-166306376.5,1994-09-24,-0.001,0
VG2,-163579020.3,1994-10-26,-0.000,0
VG2,-163550220.2,1994-10-26,0.001,0
VG2,-162752461.2,1994-11-04,-0.000,0
VG2,-162723661.3,1994-11-05,0.000,0
VG2,-160163344.9,1994-12-04,-0.001,0
VG2,-160134545.0,1994-12-05,0.000,0
VG2,-159446226.0,1994-12-13,-0.000,0
VG2,-159417426.0,1994-12-13,0.000,0
VG2,-158956626.5,1994-12-18,-0.001,0
VG2,-158927826.6,1994-12-19,0.001,0
VG2,-157654868.4,1995-01-02,-0.001,0
VG2,-157626066.9,1995-01-03,0.000,0
VG2,-150944478.3,1995-03-21,-0.001,0
VG2,-150915678.3,1995-03-21,-0.000,0
VG2,-150765918.6,1995-03-23,-0.000,0
VG2,-150737118.6,1995-03-23,-0.000,0
VG2,-147580643.0,1995-04-29,0.000,0
VG2,-147551843.1,1995-04-29,0.001,0
VG2,-146866404.1,1995-05-07,0.000,0
VG2,-146837604.1,1995-05-07,0.000,0
VG2,-146379684.7,1995-05-13,0.000,0
VG2,-146350884.8,1995-05-13,0.000,0
VG2,-144300327.6,1995-06-06,0.000,0
VG2,-144271527.7,1995-06-06,0.000,0
VG2,-143851048.3,1995-06-11,-0.000,0
VG2,-143822248.3,1995-06-11,-0.000,0
VG2,-143197289.1,1995-06-19,0.000,0
VG2,-143168489.2,1995-06-19,-0.000,0
VG2,-135896499.6,1995-09-11,0.001,0
VG2,-135867699.7,1995-09-11,0.000,0
VG2,-135285940.6,1995-09-18,-0.000,0
VG2,-135257140.7,1995-09-19,0.000,0
VG2,-134879861.3,1995-09-23,0.001,0
VG2,-134851061.3,1995-09-23,-0.001,0
VG2,-133068343.9,1995-10-14,0.000,0
VG2,-133039543.9,1995-10-14,-0.001,0
VG2,-131006266.8,1995-11-07,0.000,0
VG2,-130977466.8,1995-11-07,-0.001,0
VG2,-130608827.2,1995-11-11,-0.000,0
VG2,-130580027.3,1995-11-12,0.001,0
VG2,-128244350.8,1995-12-09,-0.000,0
VG2,-128215550.8,1995-12-09,-0.000,0
VG2,-127337151.9,1995-12-19,-0.001,0
VG2,-127308352.0,1995-12-20,-0.000,0
VG2,-126273521.5,1996-01-01,0.000,0
VG2,-124022276.9,1996-01-27,-0.001,0
VG2,-123993476.9,1996-01-27,-0.000,0
VG2,-120698761.3,1996-03-05,-0.001,0
VG2,-120669961.4,1996-03-05,0.000,0
VG2,-117789965.5,1996-04-08,-0.000,0
VG2,-117761165.4,1996-04-08,-0.000,0
VG2,-114676689.5,1996-05-14,0.001,0
VG2,-114647889.7,1996-05-14,-0.000,0
VG2,-114215890.4,1996-05-19,0.000,0
VG2,-114187090.4,1996-05-19,0.001,0
VG2,-113346131.6,1996-05-29,-0.000,0
VG2,-113317331.5,1996-05-29,0.000,0
VG2,-112724052.4,1996-06-05,0.000,0
VG2,-112695252.4,1996-06-06,-0.000,0
VG2,-111479893.9,1996-06-20,0.001,0
VG2,-111451094.0,1996-06-20,0.000,0
VG2,-109149977.1,1996-07-17,0.001,0
VG2,-109121177.2,1996-07-17,0.000,0
VG2,-105953181.6,1996-08-23,0.001,0
VG2,-105924381.7,1996-08-23,0.001,0
VG2,-103893984.6,1996-09-16,-0.000,0
VG2,-103865184.7,1996-09-16,0.000,0
VG2,-103427425.4,1996-09-21,-0.000,0
VG2,-103398625.4,1996-09-21,0.001,0
VG2,-99951270.2,1996-10-31,-0.000,0
VG2,-99922470.1,1996-10-31,-0.000,0
VG2,-99239911.0,1996-11-08,0.000,0
VG2,-99211111.1,1996-11-09,-0.000,0
VG2,-95959595.7,1996-12-16,-0.000,0
VG2,-95930795.8,1996-12-17,-0.000,0
VG2,-92615920.5,1997-01-24,-0.001,0
VG2,-92587120.6,1997-01-24,-0.000,0
VG2,-91423602.2,1997-02-07,0.000,0
VG2,-91394802.2,1997-02-07,-0.001,0
VG2,-88477366.3,1997-03-13,-0.001,0
VG2,-88448566.4,1997-03-13,0.000,0
VG2,-87524087.7,1997-03-24,0.000,0
VG2,-87495287.8,1997-03-24,-0.000,0
VG2,-87063288.5,1997-03-29,-0.000,0
VG2,-87034488.5,1997-03-30,0.000,0
VG2,-85130811.2,1997-04-21,-0.000,0
VG2,-85102011.2,1997-04-21,0.000,0
VG2,-84600891.7,1997-04-27,0.000,0
VG2,-84572091.9,1997-04-27,-0.001,0
VG2,-81945535.7,1997-05-28,0.000,0
VG2,-81916735.7,1997-05-28,0.000,0
VG2,-80347138.0,1997-06-15,0.000,0
VG2,-80318337.9,1997-06-15,0.000,0
VG2,-80007298.4,1997-06-19,-0.000,0
VG2,-79978498.3,1997-06-19,0.000,0
VG2,-79012691.6,1997-07-01,0.002,0
VG2,-78886979.9,1997-07-02,-0.000,0
VG2,-78858179.9,1997-07-02,0.000,0
VG2,-77262662.2,1997-07-21,0.000,0
VG2,-77233862.3,1997-07-21,0.001,0
VG2,-76467783.5,1997-07-30,0.000,0
VG2,-76438983.4,1997-07-30,-0.000,0
VG2,-75191945.2,1997-08-14,0.001,0
VG2,-75163145.3,1997-08-14,0.000,0
VG2,-71822350.2,1997-09-22,0.001,0
VG2,-71793550.3,1997-09-22,0.000,0
VG2,-71465230.9,1997-09-26,0.000,0
VG2,-71436430.9,1997-09-26,-0.001,0
VG2,-69656593.4,1997-10-17,0.001,0
VG2,-69627793.4,1997-10-17,-0.000,0
VG2,-68974034.4,1997-10-25,0.000,0
VG2,-68945234.4,1997-10-25,-0.001,0
VG2,-66350358.0,1997-11-24,-0.001,0
VG2,-66321558.1,1997-11-24,0.000,0
VG2,-66001878.7,1997-11-28,-0.000,0
VG2,-65973078.6,1997-11-28,0.000,0
VG2,-56083173.1,1998-03-23,-0.003,0
VG2,-56054373.2,1998-03-23,0.000,0
VG2,-55579174.0,1998-03-29,0.000,0
VG2,-55550374.0,1998-03-29,-0.000,0
VG2,-54070056.2,1998-04-15,0.000,0
VG2,-54041256.2,1998-04-16,0.000,0
VG2,-50735020.8,1998-05-24,0.001,0
VG2,-50706220.9,1998-05-24,-0.001,0
VG2,-50487341.3,1998-05-27,0.000,0
VG2,-50458541.3,1998-05-27,-0.000,0
VG2,-48684463.9,1998-06-17,0.000,0
VG2,-48655663.9,1998-06-17,0.001,0
VG2,-48160304.5,1998-06-23,0.000,0
VG2,-48131504.6,1998-06-23,-0.000,0
VG2,-47601585.5,1998-06-29,0.000,0
VG2,-47572785.4,1998-06-29,0.000,0
VG2,-37726080.4,1998-10-21,0.002,0
VG2,-37697280.4,1998-10-22,0.000,0
VG2,-35540163.6,1998-11-16,-0.000,0
VG2,-35511363.5,1998-11-16,0.000,0
VG2,-33216006.1,1998-12-13,-0.001,0
VG2,-33187206.1,1998-12-13,-0.000,0
VG2,-32400966.9,1998-12-22,-0.000,0
VG2,-32372167.0,1998-12-22,-0.000,0
VG2,-31579112.0,1999-01-01,0.001,0
VG2,-31263368.2,1999-01-04,-0.000,0
VG2,-31234568.4,1999-01-04,0.000,0
VG2,-28780811.4,1999-02-02,-0.001,0
VG2,-28752011.3,1999-02-02,0.000,0
VG2,-22871058.5,1999-04-11,0.000,0
VG2,-22842258.4,1999-04-12,-0.000,0
VG2,-18130583.9,1999-06-05,0.001,0
VG2,-18101783.9,1999-06-05,0.000,0
VG2,-17580504.6,1999-06-12,0.001,0
VG2,-17551704.5,1999-06-12,-0.001,0
VG2,-16961305.0,1999-06-19,-0.000,0
VG2,-16932505.1,1999-06-19,0.001,0
VG2,-16612825.5,1999-06-23,-0.000,0
VG2,-16584025.6,1999-06-23,-0.000,0
VG2,-16359385.8,1999-06-26,0.000,0
VG2,-16330585.9,1999-06-26,-0.000,0
VG2,-15316827.0,1999-07-08,0.001,0
VG2,-15288027.1,1999-07-08,0.000,0
VG2,-9487714.3,1999-09-13,0.002,0
VG2,-9458914.4,1999-09-14,-0.000,0
VG2,-7644516.7,1999-10-05,-0.034,0
VG2,-7615716.7,1999-10-05,0.000,0
VG2,-5052519.8,1999-11-04,-0.032,0
VG2,-5023719.8,1999-11-04,-0.001,0
VG2,-3871721.2,1999-11-17,-0.013,0
VG2,-3842921.1,1999-11-18,0.001,0
VG2,-1481324.1,1999-12-15,-0.010,0
VG2,-1452524.1,1999-12-15,-0.001,0
VG2,707473.3,2000-01-09,-0.028,0
VG2,736273.0,2000-01-10,-0.000,0
VG2,10816259.8,2000-05-05,-0.091,0
VG2,10845060.0,2000-05-06,-0.001,0
VG2,12285058.2,2000-05-22,-0.019,0
VG2,12313858.4,2000-05-23,-0.001,0
VG2,14848254.9,2000-06-21,-0.019,0
VG2,14877055.2,2000-06-21,-0.000,0
VG2,17975931.2,2000-07-27,-0.010,0
VG2,17975979.2,2000-07-27,-0.000,0
VG2,21259127.0,2000-09-03,-0.010,0
VG2,21287926.8,2000-09-03,-0.001,0
VG2,24945521.7,2000-10-16,-0.060,0
VG2,24974322.0,2000-10-16,-0.000,0
VG2,30100715.4,2000-12-14,-0.025,0
VG2,30129515.7,2000-12-15,-0.000,0
VG2,30964714.8,2000-12-24,-0.014,0
VG2,30993514.6,2000-12-25,-0.000,0
VG2,33153511.6,2001-01-19,-0.022,0
VG2,33182312.0,2001-01-19,-0.000,0
VG2,34276711.4,2001-02-01,-0.015,0
VG2,34305510.7,2001-02-01,-0.000,0
VG2,36580707.8,2001-02-27,-0.008,0
VG2,36609507.6,2001-02-28,-0.000,0
VG2,41159901.4,2001-04-21,-0.012,0
VG2,41188701.6,2001-04-22,-0.001,0
VG2,42772699.5,2001-05-10,-0.018,0
VG2,42801499.7,2001-05-10,0.000,0
VG2,44846297.1,2001-06-03,-0.025,0
VG2,44875096.9,2001-06-03,-0.001,0
VG2,45883095.5,2001-06-15,-0.011,0
VG2,45911895.8,2001-06-15,-0.000,0
VG2,46545495.5,2001-06-23,-0.011,0
VG2,46574294.9,2001-06-23,-0.000,0
VG2,48475092.7,2001-07-15,-0.013,0
VG2,48503892.3,2001-07-15,0.000,0
VG2,52103887.6,2001-08-26,-0.032,0
VG2,52132687.4,2001-08-26,-0.001,0
VG2,56510281.2,2001-10-16,-0.012,0
VG2,56539081.4,2001-10-16,-0.000,0
VG2,58785478.6,2001-11-11,-0.031,0
VG2,58814278.7,2001-11-12,-0.000,0
VG2,62155074.1,2001-12-20,-0.065,0
VG2,62183874.2,2001-12-21,-0.001,0
VG2,65495869.8,2002-01-28,-0.026,0
VG2,65524669.6,2002-01-28,-0.000,0
VG2,68807865.1,2002-03-07,-0.049,0
VG2,68836665.3,2002-03-08,-0.000,0
VG2,69931063.5,2002-03-20,-0.004,0
VG2,69959863.7,2002-03-21,-0.000,0
VG2,70679862.5,2002-03-29,-0.014,0
VG2,70708662.8,2002-03-29,-0.001,0
VG2,71889461.7,2002-04-12,-0.015,0
VG2,71918261.5,2002-04-12,0.000,0
VG2,73819059.5,2002-05-04,-0.020,0
VG2,73847859.2,2002-05-05,-0.000,0
VG2,74251058.8,2002-05-09,-0.001,0
VG2,74279858.6,2002-05-10,-0.001,0
VG2,74855858.0,2002-05-16,-0.002,0
VG2,74884657.8,2002-05-17,-0.000,0
VG2,75547057.2,2002-05-24,-0.008,0
VG2,75575856.8,2002-05-25,-0.000,0
VG2,76353456.2,2002-06-03,-0.012,0
VG2,76382255.7,2002-06-03,-0.001,0
VG2,77159855.0,2002-06-12,-0.001,0
VG2,77188654.6,2002-06-12,-0.001,0
VG2,78484653.2,2002-06-27,-0.023,0
VG2,78513452.9,2002-06-28,-0.000,0
VG2,79204652.4,2002-07-06,-0.014,0
VG2,79233451.8,2002-07-06,-0.000,0
VG2,82862246.9,2002-08-17,-0.015,0
VG2,82891046.7,2002-08-17,-0.001,0
VG2,97147027.4,2003-01-29,-0.298,0
VG2,97175827.2,2003-01-30,-0.000,0
VG2,101467020.9,2003-03-20,-0.065,0
VG2,101495821.0,2003-03-21,-0.000,0
VG2,103195018.6,2003-04-09,-0.029,0
VG2,103223818.5,2003-04-10,-0.001,0
VG2,104923016.2,2003-04-29,-0.009,0
VG2,104951816.4,2003-04-30,0.000,0
VG2,121079793.6,2003-11-02,-0.035,0
VG2,121108593.8,2003-11-03,0.000,0
VG2,125342187.7,2003-12-22,-0.038,0
VG2,125370987.9,2003-12-22,-0.000,0
VG2,135249373.7,2004-04-14,-0.168,0
VG2,135278173.5,2004-04-15,-0.000,0
VG2,136199772.2,2004-04-25,-0.006,0
VG2,136228572.3,2004-04-26,0.000,0
VG2,138359770.1,2004-05-20,-0.013,0
VG2,138388569.2,2004-05-21,-0.001,0
VG2,146769356.8,2004-08-26,-0.084,0
VG2,146798156.7,2004-08-26,0.001,0
VG2,148094154.7,2004-09-10,-0.002,0
VG2,148122954.8,2004-09-10,-0.000,0
VG2,148958153.8,2004-09-20,-0.002,0
VG2,148986953.5,2004-09-20,0.000,0
VG2,152414149.1,2004-10-30,-0.049,0
VG2,152442948.5,2004-10-30,-0.000,0
VG2,155409344.7,2004-12-04,-0.025,0
VG2,155438144.0,2004-12-04,-0.000,0
VG2,157310142.9,2004-12-26,-0.005,0
VG2,157338941.4,2004-12-26,0.000,0
VG2,159383739.8,2005-01-19,-0.026,0
VG2,159412538.4,2005-01-19,-0.000,0
VG2,164366130.9,2005-03-17,-0.049,0
VG2,164394931.1,2005-03-18,-0.000,0
VG2,170385321.8,2005-05-26,-0.092,0
VG2,170414122.1,2005-05-26,0.000,0
VG2,171940519.7,2005-06-13,-0.014,0
VG2,171969319.9,2005-06-13,-0.001,0
VG2,173639718.9,2005-07-03,-0.019,0
VG2,173668517.4,2005-07-03,0.000,0
VG2,176778912.8,2005-08-08,-0.022,0
VG2,176807712.5,2005-08-08,-0.000,0
VG2,184295700.9,2005-11-03,-0.112,0
VG2,184324501.1,2005-11-03,-0.000,0
VG2,187751696.0,2005-12-13,-0.041,0
VG2,187780496.0,2005-12-13,-0.000,0
VG2,188788494.6,2005-12-25,-0.004,0
VG2,188817294.5,2005-12-25,-0.000,0
VG2,189345678.7,2006-01-01,-1.001,1
VG2,189566094.4,2006-01-03,-0.001,0
VG2,189594893.3,2006-01-03,0.000,0
VG2,194922885.0,2006-03-06,-0.110,0
VG2,194951684.8,2006-03-06,-0.000,0
VG2,196823681.9,2006-03-28,-0.022,0
VG2,196852481.8,2006-03-28,0.000,0
VG2,199674877.9,2006-04-30,-0.035,0
VG2,199703677.6,2006-04-30,0.000,0
VG2,202785273.3,2006-06-05,-0.035,0
VG2,202814072.8,2006-06-05,0.001,0
VG2,204254070.4,2006-06-22,-0.018,0
VG2,204282870.6,2006-06-22,-0.001,0
VG2,205463669.1,2006-07-06,-0.006,0
VG2,205492468.7,2006-07-06,-0.000,0
VG2,205982068.3,2006-07-12,-0.008,0
VG2,206010867.9,2006-07-12,-0.000,0
VG2,206719347.8,2006-07-21,0.003,0
VG2,206719395.8,2006-07-21,-0.000,0
VG2,206748147.7,2006-07-21,-0.000,0
VG2,206776946.7,2006-07-21,-0.001,0
VG2,208389744.8,2006-08-09,-0.022,0
VG2,208418544.0,2006-08-09,-0.000,0
VG2,210607340.5,2006-09-04,-0.005,0
VG2,210636140.6,2006-09-04,-0.001,0
VG2,212680937.9,2006-09-28,-0.013,0
VG2,212709737.3,2006-09-28,0.000,0
VG2,216741731.0,2006-11-14,-0.039,0
VG2,216770531.0,2006-11-14,0.000,0
VG2,219391326.8,2006-12-14,-0.042,0
VG2,219420126.3,2006-12-15,-0.001,0
VG2,221148122.9,2007-01-04,-0.020,0
VG2,221176923.2,2007-01-04,-0.001,0
VG2,223855318.6,2007-02-04,-0.053,0
VG2,223884118.5,2007-02-04,0.000,0
VG2,230853707.0,2007-04-26,-0.114,0
VG2,230882507.2,2007-04-26,0.000,0
VG2,232639304.5,2007-05-17,-0.000,0
VG2,232668104.3,2007-05-17,-0.001,0
VG2,239810492.7,2007-08-08,-0.034,0
VG2,239839292.4,2007-08-08,-0.000,0
VG2,242517687.9,2007-09-08,-0.028,0
VG2,242546488.0,2007-09-08,-0.000,0
VG2,243784885.9,2007-09-23,-0.001,0
VG2,243813685.7,2007-09-23,-0.001,0
VG2,246549681.2,2007-10-25,-0.048,0
VG2,246578481.3,2007-10-25,-0.000,0
VG2,247154480.5,2007-11-01,-0.011,0
VG2,247183280.2,2007-11-01,-0.000,0
VG2,251100073.5,2007-12-16,-0.050,0
VG2,251100121.7,2007-12-16,-0.150,0
VG2,261122456.5,2008-04-10,-0.127,0
VG2,261151256.2,2008-04-11,-0.000,0
VG2,266450446.8,2008-06-11,-0.030,0
VG2,266479247.0,2008-06-11,0.001,0
VG2,268984842.8,2008-07-10,-0.052,0
VG2,269013642.5,2008-07-11,0.000,0
VG2,272930435.6,2008-08-25,-0.049,0
VG2,272959235.7,2008-08-25,0.000,0
VG2,273794434.1,2008-09-04,-0.000,0
VG2,273823234.4,2008-09-04,-0.001,0
VG2,274399233.7,2008-09-11,-0.006,0
VG2,274428033.4,2008-09-11,-0.001,0
VG2,275004032.7,2008-09-18,-0.004,0
VG2,275032832.2,2008-09-18,0.000,0
VG2,275608831.4,2008-09-25,-0.010,0
VG2,275637631.1,2008-09-25,-0.000,0
VG2,276213630.4,2008-10-02,-0.010,0
VG2,276242430.0,2008-10-02,-0.001,0
VG2,277250428.9,2008-10-14,-0.014,0
VG2,277279228.2,2008-10-14,-0.001,0
VG2,277855227.5,2008-10-21,-0.007,0
VG2,277884027.2,2008-10-21,-0.001,0
VG2,278344826.8,2008-10-27,-0.002,0
VG2,278373626.3,2008-10-27,-0.000,0
VG2,280447222.5,2008-11-20,-0.017,0
VG2,280476022.5,2008-11-20,0.000,0
VG2,283759216.7,2008-12-28,-0.059,0
VG2,283788016.8,2008-12-29,-0.001,0
VG2,284040112.4,2009-01-01,-0.005,0
VG2,284479215.6,2009-01-06,-0.008,0
VG2,284508015.5,2009-01-06,-0.000,0
VG2,284652015.3,2009-01-08,-0.001,0
VG2,284680815.2,2009-01-08,-0.001,0
VG2,285141614.6,2009-01-13,-0.005,0
VG2,285170414.3,2009-01-14,-0.000,0
VG2,288136808.6,2009-02-17,-0.009,0
VG2,288165608.8,2009-02-17,-0.000,0
VG2,290037605.3,2009-03-11,-0.028,0
VG2,290066405.5,2009-03-11,-0.001,0
VG2,291247203.7,2009-03-25,-0.012,0
VG2,291276003.4,2009-03-25,-0.001,0
VG2,294962396.5,2009-05-07,-0.076,0
VG2,294991196.8,2009-05-07,-0.000,0
VG2,297986391.1,2009-06-11,-0.021,0
VG2,298015191.3,2009-06-11,-0.001,0
VG2,299195989.5,2009-06-25,-0.015,0
VG2,299224789.3,2009-06-25,-0.000,0
VG2,300059987.3,2009-07-05,-0.007,0
VG2,300088787.7,2009-07-05,-0.001,0
VG2,305243978.4,2009-09-03,-0.057,0
VG2,305272778.2,2009-09-03,-0.000,0
VG2,306367176.2,2009-09-16,-0.001,0
VG2,306395976.4,2009-09-16,-0.000,0
VG2,308267973.3,2009-10-08,-0.037,0
VG2,308296772.9,2009-10-08,-0.001,0
VG2,311695166.8,2009-11-17,-0.033,0
VG2,311723966.7,2009-11-17,-0.000,0
VG2,314891960.7,2009-12-24,-0.031,0
VG2,314920760.8,2009-12-24,-0.000,0
VG2,321919147.6,2010-03-15,-0.123,0
VG2,321947947.9,2010-03-15,-0.000,0
VG2,323243945.9,2010-03-30,-0.004,0
VG2,323272745.4,2010-03-31,-0.001,0
VG2,328783376.0,2010-06-02,-9840.859,1
VG2,331106859.4,2010-06-29,9312.342,1
VG2,332719656.0,2010-07-18,-0.017,0
VG2,332748456.3,2010-07-18,-0.000,0
VG2,334302886.0,2010-08-05,767.411,1
VG2,335224484.5,2010-08-16,-0.009,0
VG2,335253284.1,2010-08-16,0.000,0
VG2,337816479.3,2010-09-15,-0.043,0
VG2,337845279.0,2010-09-15,0.000,0
VG2,339660443.5,2010-10-06,-767.998,1
VG2,340063642.9,2010-10-11,-0.002,0
VG2,340092442.6,2010-10-11,-0.001,0
VG2,342108439.0,2010-11-04,-0.025,0
VG2,342137238.7,2010-11-04,-0.001,0
VG2,345132433.0,2010-12-09,-0.027,0
VG2,345161233.2,2010-12-09,-0.000,0
VG2,347378829.6,2011-01-04,-0.008,0
VG2,347407629.0,2011-01-04,-0.001,0
VG2,353542017.2,2011-03-16,-0.118,0
VG2,353570817.4,2011-03-16,0.000,0
VG2,354233216.3,2011-03-24,-0.003,0
VG2,354262015.9,2011-03-24,-0.001,0
VG2,355356413.5,2011-04-06,-0.004,0
VG2,355385213.8,2011-04-06,0.000,0
VG2,357084410.5,2011-04-26,-0.021,0
VG2,357113210.6,2011-04-26,-0.000,0
VG2,358438008.5,2011-05-12,-0.012,0
VG2,358466808.0,2011-05-12,-0.001,0
VG2,360194804.7,2011-06-01,-0.010,0
VG2,360223604.5,2011-06-01,-0.000,0
VG2,361289202.3,2011-06-14,-0.021,0
VG2,361318002.6,2011-06-14,0.000,0
VG2,362527600.6,2011-06-28,-0.010,0
VG2,362556400.1,2011-06-28,-0.000,0
VG2,370821984.1,2011-10-02,-0.044,0
VG2,370850784.2,2011-10-02,-0.001,0
VG2,371743583.0,2011-10-13,-0.014,0
VG2,371772382.4,2011-10-13,-0.000,0
VG2,395463213.7,2012-07-13,-0.011,0
VG2,395463261.7,2012-07-13,-0.000,0
VG2,398055208.2,2012-08-12,-0.024,0
VG2,398084008.0,2012-08-12,0.000,0
VG2,401309601.0,2012-09-19,-0.005,0
VG2,401338401.2,2012-09-19,0.000,0
VG2,402432799.2,2012-10-02,-0.005,0
VG2,402461598.8,2012-10-02,0.000,0
VG2,405888791.6,2012-11-11,-0.035,0
VG2,405917591.0,2012-11-11,0.000,0
VG2,407328787.6,2012-11-27,-0.019,0
VG2,407357588.0,2012-11-28,-0.001,0
VG2,409719183.0,2012-12-25,-0.038,0
VG2,409747983.2,2012-12-25,-0.001,0
VG2,417466366.2,2013-03-25,-0.065,0
VG2,417495166.4,2013-03-25,-0.001,0
VG2,423802352.4,2013-06-06,-0.099,0
VG2,423831152.7,2013-06-06,0.000,0
VG2,425587949.4,2013-06-27,-0.021,0
VG2,425616749.0,2013-06-27,-0.000,0
VG2,432240734.2,2013-09-12,-0.092,0
VG2,432269534.4,2013-09-12,-0.001,0
VG2,433450332.0,2013-09-26,-0.005,0
VG2,433479131.7,2013-09-26,0.000,0
VG2,439411918.6,2013-12-04,-0.008,0
VG2,439440718.8,2013-12-04,0.000,0
VG2,441543114.7,2013-12-28,-0.042,0
VG2,441571914.2,2013-12-29,-0.000,0
VG2,444912706.9,2014-02-05,-0.045,0
VG2,444941506.6,2014-02-06,-0.000,0
VG2,448858297.7,2014-03-23,-0.013,0
VG2,448887097.4,2014-03-23,-0.000,0
VG2,451623091.1,2014-04-24,-0.031,0
VG2,451651891.2,2014-04-24,0.000,0
VG2,453437487.1,2014-05-15,-0.023,0
VG2,453466286.7,2014-05-15,-0.001,0
VG2,455251882.3,2014-06-05,-0.016,0
VG2,455280682.8,2014-06-05,-0.001,0
VG2,456432680.5,2014-06-19,-0.019,0
VG2,456461479.9,2014-06-19,-0.001,0
VG2,458103075.6,2014-07-08,-0.011,0
VG2,458131876.1,2014-07-08,-0.000,0
VG2,463085464.9,2014-09-04,-0.085,0
VG2,463114264.6,2014-09-04,0.000,0
VG2,468010251.7,2014-10-31,-0.090,0
VG2,468039052.8,2014-10-31,0.000,0
VG2,470947846.5,2014-12-04,-0.045,0
VG2,470976646.0,2014-12-04,-0.001,0
VG2,472128643.3,2014-12-17,-0.004,0
VG2,472157443.6,2014-12-18,-0.001,0
VG2,473655040.5,2015-01-04,-0.023,0
VG2,473683839.9,2015-01-04,-0.001,0
VG2,484253415.0,2015-05-07,-0.190,0
VG2,484282214.8,2015-05-07,-0.000,0
VG2,488980875.7,2015-07-01,-0.050,0
VG2,492720594.8,2015-08-13,-0.040,0
VG2,492749394.6,2015-08-13,-0.000,0
VG2,499027779.4,2015-10-25,-0.117,0
VG2,499056579.5,2015-10-25,0.000,0
VG2,501101375.0,2015-11-18,-0.012,0
VG2,501130174.4,2015-11-18,0.000,0
VG2,505190964.5,2016-01-04,-0.033,0
VG2,505219764.1,2016-01-04,-0.000,0
VG2,510806950.1,2016-03-09,-0.012,0
VG2,510835750.2,2016-03-09,-0.001,0
VG2,511411748.9,2016-03-16,-0.008,0
VG2,511440548.5,2016-03-16,0.000,0
VG2,512448545.7,2016-03-28,-0.019,0
VG2,512477345.9,2016-03-28,-0.000,0
VG2,525552513.0,2016-08-27,-0.063,0
VG2,525581312.4,2016-08-27,-0.001,0
VG2,526416510.7,2016-09-06,-0.007,0
VG2,526445310.2,2016-09-06,0.000,0
VG2,531168498.1,2016-10-31,-0.030,0
VG2,531197297.8,2016-10-31,-0.000,0
VG2,535805285.8,2016-12-23,-0.038,0
VG2,535834085.6,2016-12-24,-0.000,0
VG2,536500899.9,2017-01-01,0.003,0
VG2,536842083.0,2017-01-04,0.000,0
VG2,536870882.9,2017-01-05,-0.001,0
VG2,537878880.2,2017-01-16,-0.002,0
VG2,537907680.2,2017-01-17,-0.000,0
VG2,546979656.2,2017-05-02,-0.056,0
VG2,547008456.0,2017-05-02,0.000,0
VG2,555878832.0,2017-08-13,-0.089,0
VG2,555907631.9,2017-08-13,0.000,0
VG2,562186014.7,2017-10-25,-0.004,0
VG2,562214814.6,2017-10-25,-0.001,0
VG2,566131603.8,2017-12-09,-0.009,0
VG2,566160403.6,2017-12-10,-0.001,0
VG2,574713979.8,2018-03-19,-0.108,0
VG2,574742779.6,2018-03-19,-0.000,0
VG2,577133172.9,2018-04-16,-0.016,0
VG2,577161972.8,2018-04-16,0.000,0
VG2,584206432.7,2018-07-07,-0.005,0
VG2,584206480.7,2018-07-07,-0.000,0
VG2,591969669.2,2018-10-05,0.029,0
VG2,598363269.2,2018-12-18,-0.020,0
VG2,608126469.2,2019-04-10,0.004,0
VG2,611424741.8,2019-05-18,-624.538,1
VG2,613656069.2,2019-06-13,0.007,0
VG2,615124869.2,2019-06-30,0.022,0
VG2,615988869.2,2019-07-10,0.000,0
VG2,616507269.2,2019-07-16,-0.012,0
VG2,619617669.2,2019-08-21,-0.023,0
VG2,627134469.2,2019-11-16,0.003,0
VG2,633216669.2,2020-01-25,-0.017,0
VG2,633902469.2,2020-02-02,-0.006,0
VG2,639750592.8,2020-04-10,0.058,0
VG2,648114089.5,2020-07-15,0.005,0
VG2,648177449.5,2020-07-16,-0.012,0
VG2,655702868.2,2020-10-11,0.005,0
VG2,668014832.9,2021-03-03,-0.003,0
VG2,668043632.8,2021-03-03,-0.000,0
VG2,670779625.2,2021-04-04,0.000,0
VG2,670808425.2,2021-04-04,-0.000,0
VG2,675272413.0,2021-05-26,0.001,0
VG2,675301212.8,2021-05-26,-0.001,0
VG2,679448401.4,2021-07-13,0.001,0
VG2,679477201.3,2021-07-13,0.001,0
VG2,683653189.6,2021-08-31,0.001,0
VG2,683681989.4,2021-08-31,0.001,0
VG2,690593969.7,2021-11-19,0.000,0
VG2,690622769.5,2021-11-19,0.000,0
VG2,697851548.8,2022-02-11,-0.002,0
VG2,697880349.3,2022-02-11,0.000,0
VG2,704734730.2,2022-05-02,-0.001,0
VG2,704763530.2,2022-05-02,0.001,0
VG2,711560311.1,2022-07-20,0.002,0
VG2,711589111.1,2022-07-20,-0.000,0
VG2,717521894.3,2022-09-27,0.001,0
VG2,717550694.2,2022-09-27,-0.000,0
VG2,722158681.1,2022-11-19,-0.001,0
VG2,722187480.9,2022-11-20,0.001,0
VG2,729646659.4,2023-02-14,-0.002,0
VG2,729675459.1,2023-02-14,0.000,0
VG2,733765047.1,2023-04-03,-0.001,0
VG2,733793847.0,2023-04-03,0.000,0
VG2,742174622.0,2023-07-09,0.002,0
VG2,742203422.3,2023-07-09,-0.000,0
VG2,749662600.2,2023-10-04,0.001,0
VG2,749691400.0,2023-10-04,0.001,0
VG2,756833778.7,2023-12-26,-0.001,0
VG2,756862578.5,2023-12-26,0.000,0
VG2,762968160.2,2024-03-06,-0.002,0
VG2,762996959.9,2024-03-06,-0.000,0
VG2,770819016.2,2024-06-05,0.000,0
VG2,772950209.6,2024-06-29,0.001,0
VG2,786082969.3,2024-11-28,0.001,0
VG2,786111769.7,2024-11-29,0.000,0
VG2,800223727.4,2025-05-11,-0.003,0
VG2,800252527.8,2025-05-11,0.001,0
VG2,826201253.7,2026-03-08,-0.000,0
VG2,826230051.4,2026-03-08,0.000,0
NH1,191021537.7,2006-01-20,-2.300,1
NH1,191070139.7,2006-01-20,-0.000,0
NH1,191158345.7,2006-01-21,-0.000,0
NH1,191244742.7,2006-01-22,-0.000,0
NH1,191331140.7,2006-01-23,-0.000,0
NH1,191417539.7,2006-01-24,-0.000,0
NH1,191503931.7,2006-01-25,-0.000,0
NH1,191590332.7,2006-01-26,-0.000,0
NH1,191849594.7,2006-01-29,-0.000,0
NH1,191936127.7,2006-01-30,-0.000,0
NH1,192022314.7,2006-01-31,-0.000,0
NH1,192108706.7,2006-02-01,-0.000,0
NH1,192800247.7,2006-02-09,-0.000,0
NH1,193059116.7,2006-02-12,-0.000,0
NH1,193145467.7,2006-02-13,-0.000,0
NH1,193318283.7,2006-02-15,-0.000,0
NH1,193663918.7,2006-02-19,-0.000,0
NH1,193750243.7,2006-02-20,-0.000,0
NH1,193836842.7,2006-02-21,-0.000,0
NH1,194005855.7,2006-02-23,-0.000,0
NH1,194268673.7,2006-02-26,-0.000,0
NH1,194355021.7,2006-02-27,-0.000,0
NH1,194441417.7,2006-02-28,-0.000,0
NH1,194614234.7,2006-03-02,-0.000,0
NH1,194866246.7,2006-03-05,-0.000,0
NH1,195031813.7,2006-03-07,-0.000,0
NH1,195219006.7,2006-03-09,-0.000,0
NH1,195553835.7,2006-03-13,-0.000,0
NH1,195901147.7,2006-03-17,-0.000,0
NH1,196502461.7,2006-03-24,-0.000,0
NH1,196846091.7,2006-03-28,-0.000,0
NH1,197018880.7,2006-03-30,-0.000,0
NH1,197105275.7,2006-03-31,-0.000,0
NH1,197364463.7,2006-04-03,-0.000,0
NH1,197447256.7,2006-04-04,0.000,0
NH1,197580468.7,2006-04-06,0.000,0
NH1,197638048.7,2006-04-06,0.000,0
NH1,197731651.7,2006-04-08,0.000,0
NH1,198052008.7,2006-04-11,0.000,0
NH1,198224795.7,2006-04-13,0.000,0
NH1,198743153.7,2006-04-19,0.000,0
NH1,198825945.7,2006-04-20,0.000,0
NH1,198948514.7,2006-04-22,0.000,0
NH1,199149911.7,2006-04-24,0.000,0
NH1,199322695.7,2006-04-26,0.000,0
NH1,199430692.7,2006-04-27,0.000,0
NH1,199895056.7,2006-05-03,0.000,0
NH1,199981445.7,2006-05-04,0.000,0
NH1,200100246.7,2006-05-05,0.000,0
NH1,200119132.7,2006-05-05,0.000,0
NH1,200413404.7,2006-05-09,0.000,0
NH1,200575384.7,2006-05-10,0.000,0
NH1,200586161.7,2006-05-11,0.000,0
NH1,200731929.7,2006-05-12,0.000,0
NH1,200757745.7,2006-05-13,0.000,0
NH1,201007337.7,2006-05-15,0.000,0
NH1,201093727.7,2006-05-16,0.000,0
NH1,201241327.7,2006-05-18,0.000,0
NH1,201475318.7,2006-05-21,0.000,0
NH1,201612068.7,2006-05-22,0.000,0
NH1,201615644.7,2006-05-23,0.000,0
NH1,201964876.7,2006-05-27,0.000,0
NH1,202303208.7,2006-05-30,0.000,0
NH1,202562400.7,2006-06-02,0.000,0
NH1,202565929.7,2006-06-03,0.000,0
NH1,202995800.7,2006-06-07,0.000,0
NH1,203080686.7,2006-06-08,0.000,0
NH1,203282292.7,2006-06-11,0.000,0
NH1,203368632.7,2006-06-12,0.000,0
NH1,203512629.7,2006-06-13,0.000,0
NH1,204405532.7,2006-06-24,0.000,0
NH1,204635676.7,2006-06-26,0.000,0
NH1,204722064.7,2006-06-27,0.000,0
NH1,204894926.7,2006-06-29,0.000,0
NH1,204916419.7,2006-06-30,0.000,0
NH1,205265571.7,2006-07-04,0.000,0
NH1,205414665.7,2006-07-05,0.000,0
NH1,205582451.7,2006-07-07,0.000,0
NH1,205927964.7,2006-07-11,0.000,0
NH1,206019311.7,2006-07-12,0.000,0
NH1,206043059.7,2006-07-13,0.000,0
NH1,206187055.7,2006-07-14,0.000,0
NH1,206471397.7,2006-07-18,0.000,0
NH1,206618992.7,2006-07-19,0.000,0
NH1,206708979.7,2006-07-20,0.000,0
NH1,206960989.7,2006-07-23,0.000,0
NH1,207130116.7,2006-07-25,0.000,0
NH1,207619732.7,2006-07-31,0.000,0
NH1,207745629.7,2006-08-01,0.000,0
NH1,207767208.7,2006-08-02,0.000,0
NH1,207853595.7,2006-08-03,0.000,0
NH1,208138009.7,2006-08-06,0.000,0
NH1,208371920.7,2006-08-09,0.000,0
NH1,208524268.7,2006-08-10,0.000,0
NH1,208857937.7,2006-08-14,0.000,0
NH1,209042895.7,2006-08-16,0.000,0
NH1,209129302.7,2006-08-17,0.000,0
NH1,209318631.7,2006-08-20,0.000,0
NH1,209561261.7,2006-08-22,0.000,0
NH1,209746969.7,2006-08-25,0.000,0
NH1,210166110.7,2006-08-29,0.000,0
NH1,211287699.7,2006-09-11,0.000,0
NH1,211499939.7,2006-09-14,0.000,0
NH1,211805912.7,2006-09-17,0.000,0
NH1,212018268.7,2006-09-20,0.000,0
NH1,212360227.7,2006-09-24,0.000,0
NH1,212478973.7,2006-09-25,0.000,0
NH1,212842584.7,2006-09-29,0.000,0
NH1,213080306.7,2006-10-02,0.000,0
NH1,213188993.7,2006-10-03,0.000,0
NH1,213648942.7,2006-10-09,-0.000,0
NH1,214203296.7,2006-10-15,-0.000,0
NH1,214948485.7,2006-10-24,-0.000,0
NH1,215063490.7,2006-10-25,-0.000,0
NH1,215347865.7,2006-10-28,-0.000,0
NH1,215409064.7,2006-10-29,-0.000,0
NH1,215520650.7,2006-10-30,-0.000,0
NH1,215610649.7,2006-10-31,-0.000,0
NH1,215951789.7,2006-11-04,-0.000,0
NH1,216013806.7,2006-11-05,-0.000,0
NH1,216125405.7,2006-11-06,-0.000,0
NH1,216211799.7,2006-11-07,-0.000,0
NH1,216471024.7,2006-11-10,-0.000,0
NH1,216488956.7,2006-11-11,-0.000,0
NH1,216643758.7,2006-11-12,-0.000,0
NH1,216730157.7,2006-11-13,-0.000,0
NH1,216816546.7,2006-11-14,-0.000,0
NH1,216902945.7,2006-11-15,-0.000,0
NH1,217162176.7,2006-11-18,-0.000,0
NH1,217219717.7,2006-11-19,-0.000,0
NH1,217363699.7,2006-11-21,-0.000,0
NH1,217763291.7,2006-11-25,-0.000,0
NH1,217849685.7,2006-11-26,-0.000,0
NH1,218022498.7,2006-11-28,-0.000,0
NH1,218195292.7,2006-11-30,-0.000,0
NH1,218267252.7,2006-12-01,-0.000,0
NH1,218368056.7,2006-12-02,-0.000,0
NH1,218440051.7,2006-12-03,-0.000,0
NH1,218540850.7,2006-12-04,-0.000,0
NH1,218641649.7,2006-12-06,-0.000,0
NH1,218785628.7,2006-12-07,-0.000,0
NH1,218857621.7,2006-12-08,-0.000,0
NH1,218972824.7,2006-12-09,-0.000,0
NH1,219066422.7,2006-12-10,-0.000,0
NH1,219228421.7,2006-12-12,-0.000,0
NH1,219332822.7,2006-12-14,-0.000,0
NH1,219520019.7,2006-12-16,-0.000,0
NH1,219574002.7,2006-12-16,-0.000,0
NH1,219678412.7,2006-12-18,-0.000,0
NH1,219919616.7,2006-12-20,-0.000,0
NH1,220092418.7,2006-12-22,-0.000,0
NH1,220182393.7,2006-12-23,-0.000,0
NH1,220524451.7,2006-12-27,-0.000,0
NH1,220589172.7,2006-12-28,-0.000,0
NH1,220697177.7,2006-12-29,-0.000,0
NH1,220779982.7,2006-12-30,-0.000,0
NH1,220869974.7,2006-12-31,-0.000,0
NH1,221039195.7,2007-01-02,-0.000,0
NH1,221107566.7,2007-01-03,-0.000,0
NH1,221299258.8,2007-01-05,-0.000,0
NH1,221384768.8,2007-01-06,-0.000,0
NH1,221471168.8,2007-01-07,-0.000,0
NH1,221521558.8,2007-01-08,-0.000,0
NH1,221615160.8,2007-01-09,-0.000,0
NH1,221730368.8,2007-01-10,-0.000,0
NH1,221960808.8,2007-01-13,-0.000,0
NH1,222047160.8,2007-01-14,-0.000,0
NH1,222219985.8,2007-01-16,-0.000,0
NH1,222500817.8,2007-01-19,-0.000,0
NH1,222590771.8,2007-01-20,-0.000,0
NH1,222738390.8,2007-01-22,-0.000,0
NH1,222839171.8,2007-01-23,-0.000,0
NH1,222918370.8,2007-01-24,-0.000,0
NH1,223080394.8,2007-01-26,-0.000,0
NH1,223303611.8,2007-01-29,-0.000,0
NH1,223552013.8,2007-01-31,-0.000,0
NH1,223638391.8,2007-02-01,-0.000,0
NH1,223710389.8,2007-02-02,-0.000,0
NH1,223789594.8,2007-02-03,-0.000,0
NH1,223890395.8,2007-02-04,-0.000,0
NH1,223933584.8,2007-02-05,-0.000,0
NH1,224030789.8,2007-02-06,-0.000,0
NH1,224135197.8,2007-02-07,-0.000,0
NH1,224311627.8,2007-02-09,-0.000,0
NH1,224455599.8,2007-02-11,-0.000,0
NH1,224563608.8,2007-02-12,-0.000,0
NH1,224650010.8,2007-02-13,-0.000,0
NH1,224711205.8,2007-02-14,-0.000,0
NH1,224938027.8,2007-02-16,-0.000,0
NH1,225024431.8,2007-02-17,-0.000,0
NH1,225089226.8,2007-02-18,-0.000,0
NH1,225172028.8,2007-02-19,-0.000,0
NH1,225254830.8,2007-02-20,-0.000,0
NH1,225352036.8,2007-02-21,-0.000,0
NH1,225427635.8,2007-02-22,-0.000,0
NH1,225524842.8,2007-02-23,-0.000,0
NH1,225622048.8,2007-02-24,-0.000,0
NH1,225780473.8,2007-02-26,-0.000,0
NH1,225892059.8,2007-02-27,-0.000,0
NH1,225974859.8,2007-02-28,-0.000,0
NH1,226039656.8,2007-03-01,-0.000,0
NH1,226147665.8,2007-03-02,-0.000,0
NH1,226237668.8,2007-03-03,-0.000,0
NH1,226356480.8,2007-03-05,-0.000,0
NH1,226486073.8,2007-03-06,-0.000,0
NH1,226579678.8,2007-03-07,-0.000,0
NH1,226637271.8,2007-03-08,-0.000,0
NH1,226698467.8,2007-03-09,-0.000,0
NH1,226903707.8,2007-03-11,-0.000,0
NH1,226986484.8,2007-03-12,-0.000,0
NH1,227087292.8,2007-03-13,-0.000,0
NH1,227170093.8,2007-03-14,-0.000,0
NH1,227342923.8,2007-03-16,-0.000,0
NH1,227429302.8,2007-03-17,-0.000,0
NH1,227515705.8,2007-03-18,-0.000,0
NH1,227602107.8,2007-03-19,-0.000,0
NH1,227702919.8,2007-03-20,-0.000,0
NH1,227789317.8,2007-03-21,-0.000,0
NH1,227850513.8,2007-03-22,-0.000,0
NH1,227947719.8,2007-03-23,-0.000,0
NH1,228109744.8,2007-03-25,-0.000,0
NH1,228196123.8,2007-03-26,-0.000,0
NH1,228336542.8,2007-03-28,-0.000,0
NH1,228451729.8,2007-03-29,-0.000,0
NH1,228559738.8,2007-03-30,-0.000,0
NH1,228732567.8,2007-04-01,-0.000,0
NH1,228793738.8,2007-04-02,-0.000,0
NH1,228890943.8,2007-04-03,-0.000,0
NH1,228977345.8,2007-04-04,0.000,0
NH1,229150173.8,2007-04-06,0.000,0
NH1,229243753.8,2007-04-07,0.000,0
NH1,229499406.8,2007-04-10,0.000,0
NH1,229661382.8,2007-04-12,0.000,0
NH1,229762163.8,2007-04-13,0.000,0
NH1,229848565.8,2007-04-14,0.000,0
NH1,229992625.8,2007-04-16,0.000,0
NH1,230367013.8,2007-04-20,0.000,0
NH1,230543398.8,2007-04-22,0.000,0
NH1,230608169.8,2007-04-23,0.000,0
NH1,230665771.8,2007-04-24,0.000,0
NH1,230746778.8,2007-04-25,0.000,0
NH1,230834980.8,2007-04-26,0.000,0
NH1,230960991.8,2007-04-27,0.000,0
NH1,231050973.8,2007-04-28,0.000,0
NH1,231202199.8,2007-04-30,0.000,0
NH1,231396596.8,2007-05-02,0.000,0
NH1,231482972.8,2007-05-03,0.000,0
NH1,231562169.8,2007-05-04,0.000,0
NH1,231738593.8,2007-05-06,0.000,0
NH1,231821367.8,2007-05-07,0.000,0
NH1,231958179.8,2007-05-09,0.000,0
NH1,232044572.8,2007-05-10,0.000,0
NH1,232174182.8,2007-05-11,0.000,0
NH1,232473016.8,2007-05-15,0.000,0
NH1,232559361.8,2007-05-16,0.000,0
NH1,232645758.8,2007-05-17,0.000,0
NH1,232768165.8,2007-05-18,0.000,0
NH1,232847341.8,2007-05-19,0.000,0
NH1,233030962.8,2007-05-21,0.000,0
NH1,233110133.8,2007-05-22,0.000,0
NH1,233210943.8,2007-05-23,0.000,0
NH1,233290129.8,2007-05-24,0.000,0
NH1,233380126.8,2007-05-25,0.000,0
NH1,233635762.8,2007-05-28,0.000,0
NH1,233783324.8,2007-05-30,0.000,0
NH1,233894901.8,2007-05-31,0.000,0
NH1,233977695.8,2007-06-01,0.000,0
NH1,234240530.8,2007-06-04,0.000,0
NH1,234370086.8,2007-06-06,0.000,0
NH1,234456478.8,2007-06-07,0.000,0
NH1,234622089.8,2007-06-09,0.000,0
NH1,234827285.8,2007-06-11,0.000,0
NH1,235018054.8,2007-06-13,0.000,0
NH1,235104423.8,2007-06-14,0.000,0
NH1,235284436.8,2007-06-16,0.000,0
NH1,235432016.8,2007-06-18,0.000,0
NH1,235518399.8,2007-06-19,0.000,0
NH1,235709212.8,2007-06-21,0.000,0
NH1,235770371.8,2007-06-22,0.000,0
NH1,235793757.8,2007-06-22,0.000,0
NH1,236029586.8,2007-06-25,0.000,0
NH1,240604559.8,2007-08-17,0.001,0
NH1,240935706.8,2007-08-21,0.000,0
NH1,241043696.8,2007-08-22,0.000,0
NH1,241216470.8,2007-08-24,0.000,0
NH1,241821178.8,2007-08-31,0.000,0
NH1,242131829.8,2007-09-03,0.000,0
NH1,242148723.8,2007-09-04,0.000,0
NH1,242249512.8,2007-09-05,0.000,0
NH1,242391420.8,2007-09-06,0.000,0
NH1,242407884.8,2007-09-07,0.000,0
NH1,242685047.8,2007-09-10,0.000,0
NH1,242937093.8,2007-09-13,0.000,0
NH1,243019793.8,2007-09-14,0.000,0
NH1,243318560.8,2007-09-17,0.000,0
NH1,244031259.8,2007-09-25,0.000,0
NH1,244070840.8,2007-09-26,0.000,0
NH1,244150027.8,2007-09-27,0.000,0
NH1,244236415.8,2007-09-28,0.000,0
NH1,244362416.8,2007-09-29,0.000,0
NH1,244448805.8,2007-09-30,0.000,0
NH1,244535193.8,2007-10-01,0.000,0
NH1,244621579.8,2007-10-02,0.000,0
NH1,244794346.8,2007-10-04,0.000,0
NH1,244844729.8,2007-10-05,0.000,0
NH1,245136297.8,2007-10-08,-0.000,0
NH1,245327076.8,2007-10-10,-0.000,0
NH1,245337853.8,2007-10-11,0.000,0
NH1,245499863.8,2007-10-12,-0.000,0
NH1,245586241.8,2007-10-13,-0.000,0
NH1,245597018.8,2007-10-14,-0.000,0
NH1,245733814.8,2007-10-15,-0.000,0
NH1,245841807.8,2007-10-16,-0.000,0
NH1,246000182.8,2007-10-18,-0.000,0
NH1,246172960.8,2007-10-20,-0.000,0
NH1,246259349.8,2007-10-21,-0.000,0
NH1,246345738.8,2007-10-22,-0.000,0
NH1,246432127.8,2007-10-23,-0.000,0
NH1,246536534.8,2007-10-24,-0.000,0
NH1,246601306.8,2007-10-25,-0.000,0
NH1,246705698.8,2007-10-26,-0.000,0
NH1,247033253.8,2007-10-30,-0.000,0
NH1,247245617.8,2007-11-02,-0.000,0
NH1,247551595.8,2007-11-05,-0.000,0
NH1,247745977.8,2007-11-07,-0.000,0
NH1,247749554.8,2007-11-07,-0.000,0
NH1,247897156.8,2007-11-09,-0.000,0
NH1,248066337.8,2007-11-11,-0.000,0
NH1,248523499.8,2007-11-16,-0.000,0
NH1,248696285.8,2007-11-18,-0.000,0
NH1,248775476.8,2007-11-19,-0.000,0
NH1,248930256.8,2007-11-21,-0.000,0
NH1,249103041.8,2007-11-23,-0.000,0
NH1,249268643.8,2007-11-25,-0.000,0
NH1,249470234.8,2007-11-27,-0.000,0
NH1,249542223.8,2007-11-28,-0.000,0
NH1,249873395.8,2007-12-02,-0.000,0
NH1,250074987.8,2007-12-04,-0.000,0
NH1,250136178.8,2007-12-05,-0.000,0
NH1,250308967.8,2007-12-07,-0.000,0
NH1,250510558.8,2007-12-09,-0.000,0
NH1,250679747.8,2007-12-11,-0.000,0
NH1,250767062.8,2007-12-12,-0.000,0
NH1,250842775.8,2007-12-13,-0.000,0
NH1,250932684.8,2007-12-14,-0.000,0
NH1,251165693.8,2007-12-17,-0.000,0
NH1,251288097.8,2007-12-18,-0.000,0
NH1,251370913.8,2007-12-19,-0.000,0
NH1,251460889.8,2007-12-20,-0.000,0
NH1,251547285.8,2007-12-21,-0.000,0
NH1,251630079.8,2007-12-22,-0.000,0
NH1,251698472.8,2007-12-23,-0.000,0
NH1,252062062.9,2007-12-27,-0.000,0
NH1,252126874.9,2007-12-28,-0.000,0
NH1,252375261.9,2007-12-31,-0.000,0
NH1,252666844.9,2008-01-03,-0.000,0
NH1,253005234.9,2008-01-07,-0.000,0
NH1,253246424.9,2008-01-10,-0.000,0
NH1,253617248.9,2008-01-14,-0.000,0
NH1,253869243.9,2008-01-17,-0.000,0
NH1,254225641.9,2008-01-21,-0.000,0
NH1,254474041.9,2008-01-24,-0.000,0
NH1,254819643.9,2008-01-28,-0.000,0
NH1,255078841.9,2008-01-31,-0.000,0
NH1,255172426.9,2008-02-01,-0.000,0
NH1,255435252.9,2008-02-04,-0.000,0
NH1,255680046.9,2008-02-07,-0.000,0
NH1,256025654.9,2008-02-11,-0.000,0
NH1,256284859.9,2008-02-14,-0.000,0
NH1,256644872.9,2008-02-18,-0.000,0
NH1,256713251.9,2008-02-19,-0.000,0
NH1,277192518.0,2008-10-13,0.003,0
NH1,277422876.0,2008-10-16,-0.000,0
NH1,277502063.0,2008-10-17,-0.000,0
NH1,277566849.0,2008-10-18,-0.000,0
NH1,277797232.0,2008-10-20,-0.000,0
NH1,277883622.0,2008-10-21,-0.000,0
NH1,277970009.0,2008-10-22,-0.000,0
NH1,278056398.0,2008-10-23,-0.000,0
NH1,278243614.0,2008-10-25,-0.000,0
NH1,278250789.0,2008-10-25,-0.000,0
NH1,278398353.0,2008-10-27,-0.000,0
NH1,278466742.0,2008-10-28,-0.000,0
NH1,278743911.0,2008-10-31,-0.000,0
NH1,278848302.0,2008-11-01,-0.000,0
NH1,278859140.0,2008-11-02,-0.000,0
NH1,279003077.0,2008-11-03,-0.000,0
NH1,279108265.0,2008-11-04,-0.000,0
NH1,279139851.0,2008-11-05,-0.000,0
NH1,279280249.0,2008-11-06,-0.000,0
NH1,279309029.0,2008-11-07,-0.000,0
NH1,279607805.0,2008-11-10,-0.000,0
NH1,279694196.0,2008-11-11,-0.000,0
NH1,279830971.0,2008-11-13,-0.000,0
NH1,279971370.0,2008-11-14,-0.000,0
NH1,280198137.0,2008-11-17,-0.000,0
NH1,280338509.0,2008-11-19,-0.000,0
NH1,280601287.0,2008-11-22,-0.000,0
NH1,280770469.0,2008-11-24,-0.000,0
NH1,281008065.0,2008-11-26,-0.000,0
NH1,281033246.0,2008-11-27,-0.000,0
NH1,281353637.0,2008-11-30,-0.000,0
NH1,281357214.0,2008-11-30,-0.000,0
NH1,281501218.0,2008-12-02,-0.000,0
NH1,281760389.0,2008-12-05,-0.000,0
NH1,281873504.0,2008-12-06,-0.000,0
NH1,281893574.0,2008-12-07,-0.000,0
NH1,282019580.0,2008-12-08,-0.000,0
NH1,282106046.0,2008-12-09,-0.000,0
NH1,282390357.0,2008-12-12,-0.000,0
NH1,282447945.0,2008-12-13,-0.000,0
NH1,282609930.0,2008-12-15,-0.000,0
NH1,282722570.0,2008-12-16,-0.000,0
NH1,300258106.2,2009-07-07,-1.000,1
NH1,300336388.2,2009-07-08,0.000,0
NH1,300429984.2,2009-07-09,0.000,0
NH1,300516337.2,2009-07-10,0.000,0
NH1,300768314.2,2009-07-13,0.000,0
NH1,300854706.2,2009-07-14,0.000,0
NH1,300941099.2,2009-07-15,0.000,0
NH1,301113883.2,2009-07-17,0.000,0
NH1,301369458.2,2009-07-20,0.000,0
NH1,301545842.2,2009-07-22,0.000,0
NH1,301635833.2,2009-07-23,0.000,0
NH1,301722225.2,2009-07-24,0.000,0
NH1,301862637.2,2009-07-26,0.000,0
NH1,301981397.2,2009-07-27,0.000,0
NH1,302060616.2,2009-07-28,0.000,0
NH1,302229763.2,2009-07-30,0.000,0
NH1,302323359.2,2009-07-31,0.000,0
NH1,302434981.2,2009-08-01,0.000,0
NH1,302521372.2,2009-08-02,0.000,0
NH1,302553758.2,2009-08-03,0.000,0
NH1,302755308.2,2009-08-05,0.000,0
NH1,302812893.2,2009-08-06,0.000,0
NH1,302928746.2,2009-08-07,0.000,0
NH1,303126100.2,2009-08-09,0.000,0
NH1,303187256.2,2009-08-10,0.000,0
NH1,303298876.2,2009-08-11,0.000,0
NH1,303360034.2,2009-08-12,0.000,0
NH1,303414046.2,2009-08-13,0.000,0
NH1,303558015.2,2009-08-14,0.000,0
NH1,303874764.2,2009-08-18,0.000,0
NH1,303953953.2,2009-08-19,0.000,0
NH1,304133930.2,2009-08-21,0.000,0
NH1,304249122.2,2009-08-22,0.000,0
NH1,304407497.2,2009-08-24,0.000,0
NH1,304469584.2,2009-08-25,0.000,0
NH1,328173669.4,2010-05-26,-0.002,0
NH1,328260064.4,2010-05-27,0.000,0
NH1,328346419.4,2010-05-28,0.000,0
NH1,328688416.4,2010-06-01,0.000,0
NH1,328861216.4,2010-06-03,0.000,0
NH1,328947614.4,2010-06-04,0.000,0
NH1,329217613.4,2010-06-07,0.000,0
NH1,329304012.4,2010-06-08,0.000,0
NH1,329390409.4,2010-06-09,0.000,0
NH1,329469606.4,2010-06-10,0.000,0
NH1,329530798.4,2010-06-11,0.000,0
NH1,329811596.4,2010-06-14,0.000,0
NH1,329866522.4,2010-06-15,0.000,0
NH1,329980790.4,2010-06-16,0.000,0
NH1,330070789.4,2010-06-17,0.000,0
NH1,330149984.4,2010-06-18,0.000,0
NH1,330416377.4,2010-06-21,0.000,0
NH1,330502773.4,2010-06-22,0.000,0
NH1,330585568.4,2010-06-23,0.000,0
NH1,330664762.4,2010-06-24,0.000,0
NH1,330751153.4,2010-06-25,0.000,0
NH1,330844756.4,2010-06-26,0.000,0
NH1,331010340.4,2010-06-28,0.000,0
NH1,331103943.4,2010-06-29,0.000,0
NH1,331204742.4,2010-06-30,0.000,0
NH1,331273133.4,2010-07-01,0.000,0
NH1,331345117.4,2010-07-02,0.000,0
NH1,331347572.4,2010-07-02,0.000,0
NH1,331445998.4,2010-07-03,0.001,0
NH1,331611548.4,2010-07-05,0.000,0
NH1,331705106.4,2010-07-06,0.000,0
NH1,331759143.4,2010-07-07,0.000,0
NH1,331870693.4,2010-07-08,0.000,0
NH1,331967888.4,2010-07-09,0.000,0
NH1,332191066.4,2010-07-12,0.000,0
NH1,332414259.4,2010-07-14,0.000,0
NH1,332500652.4,2010-07-15,0.000,0
NH1,332587090.4,2010-07-16,0.000,0
NH1,332619478.4,2010-07-17,0.000,0
NH1,332846222.5,2010-07-19,0.000,0
NH1,332900206.5,2010-07-20,0.000,0
NH1,332997399.5,2010-07-21,0.000,0
NH1,333191792.5,2010-07-23,0.000,0
NH1,333198968.5,2010-07-23,0.000,0
NH1,333450962.5,2010-07-26,0.000,0
NH1,333506019.5,2010-07-27,0.000,0
NH1,333617489.5,2010-07-28,0.000,0
NH1,333678665.5,2010-07-29,0.000,0
NH1,341833700.5,2010-10-31,0.001,0
NH1,355471692.7,2011-04-07,-0.004,0
NH1,357869333.7,2011-05-05,0.000,0
NH1,358236603.7,2011-05-09,0.000,0
NH1,358300414.7,2011-05-10,0.000,0
NH1,358412026.7,2011-05-11,0.000,0
NH1,358498361.7,2011-05-12,0.000,0
NH1,358584760.7,2011-05-13,0.000,0
NH1,358818767.7,2011-05-16,0.000,0
NH1,359020377.7,2011-05-18,0.000,0
NH1,359077971.7,2011-05-19,0.000,0
NH1,359189578.7,2011-05-20,0.000,0
NH1,359448781.7,2011-05-23,0.000,0
NH1,359503994.7,2011-05-24,0.000,0
NH1,359617975.7,2011-05-25,0.000,0
NH1,359679789.7,2011-05-26,0.000,0
NH1,359794377.7,2011-05-27,0.000,0
NH1,359826769.7,2011-05-28,0.000,0
NH1,360148499.7,2011-05-31,0.000,0
NH1,360197579.7,2011-06-01,0.000,0
NH1,360320667.7,2011-06-02,0.000,0
NH1,360370376.7,2011-06-03,0.000,0
NH1,360651174.7,2011-06-06,0.000,0
NH1,360708778.7,2011-06-07,0.000,0
NH1,360838383.7,2011-06-08,0.000,0
NH1,360885171.7,2011-06-09,0.000,0
NH1,361011181.7,2011-06-10,0.000,0
NH1,361032763.7,2011-06-11,0.000,0
NH1,361230766.7,2011-06-13,0.000,0
NH1,361356833.7,2011-06-14,0.000,0
NH1,361403560.7,2011-06-15,0.000,0
NH1,361529635.7,2011-06-16,0.000,0
NH1,361576348.7,2011-06-17,0.000,0
NH1,361875160.8,2011-06-20,0.000,0
NH1,361950753.8,2011-06-21,0.000,0
NH1,362047953.8,2011-06-22,0.000,0
NH1,362134351.8,2011-06-23,0.000,0
NH1,362199138.8,2011-06-24,0.000,0
NH1,362433124.8,2011-06-27,0.000,0
NH1,389065230.1,2012-04-30,-0.001,0
NH1,389168828.1,2012-05-01,0.000,0
NH1,389240841.1,2012-05-02,0.000,0
NH1,389334335.1,2012-05-03,0.000,0
NH1,389424339.1,2012-05-04,0.000,0
NH1,389690751.1,2012-05-07,0.000,0
NH1,389723145.1,2012-05-08,0.000,0
NH1,389834752.1,2012-05-09,0.000,0
NH1,390032758.1,2012-05-11,0.000,0
NH1,390299312.1,2012-05-14,0.000,0
NH1,390353175.1,2012-05-15,0.000,0
NH1,390468381.1,2012-05-16,0.000,0
NH1,390551173.1,2012-05-17,0.000,0
NH1,390633982.1,2012-05-18,0.000,0
NH1,390896773.1,2012-05-21,0.000,0
NH1,390954375.1,2012-05-22,0.000,0
NH1,391155983.1,2012-05-24,0.000,0
NH1,391217184.1,2012-05-25,0.000,0
NH1,391300003.1,2012-05-26,0.000,0
NH1,391422397.1,2012-05-27,0.000,0
NH1,391469183.1,2012-05-28,0.000,0
NH1,391573586.1,2012-05-29,0.000,0
NH1,391681594.1,2012-05-30,0.000,0
NH1,391757184.1,2012-05-31,0.000,0
NH1,391818385.1,2012-06-01,0.000,0
NH1,392199993.1,2012-06-05,0.000,0
NH1,392287085.1,2012-06-06,0.000,0
NH1,392333181.1,2012-06-07,0.000,0
NH1,392448384.1,2012-06-08,0.000,0
NH1,392678787.1,2012-06-11,0.000,0
NH1,392804781.1,2012-06-12,0.000,0
NH1,392891173.1,2012-06-13,0.000,0
NH1,392978885.1,2012-06-14,0.000,0
NH1,393024375.1,2012-06-15,0.000,0
NH1,393323271.1,2012-06-18,0.000,0
NH1,393369955.1,2012-06-19,0.000,0
NH1,393481555.1,2012-06-20,0.000,0
NH1,393567956.1,2012-06-21,0.000,0
NH1,393650751.1,2012-06-22,0.000,0
NH1,393913540.1,2012-06-25,0.000,0
NH1,394014443.1,2012-06-26,0.000,0
NH1,394057530.1,2012-06-27,0.000,0
NH1,394187138.1,2012-06-28,0.000,0
NH1,394259129.1,2012-06-29,0.000,0
NH1,394431932.1,2012-07-01,-1.000,0
NH1,394511116.1,2012-07-02,0.000,0
NH1,410853335.3,2013-01-07,-0.000,0
NH1,411026118.3,2013-01-09,-0.000,0
NH1,411112505.3,2013-01-10,-0.000,0
NH1,411206131.3,2013-01-11,-0.000,0
NH1,411285330.3,2013-01-12,-0.000,0
NH1,411458123.3,2013-01-14,-0.000,0
NH1,411627302.3,2013-01-16,-0.000,0
NH1,411800086.3,2013-01-18,-0.000,0
NH1,412062899.3,2013-01-21,-0.000,0
NH1,412149297.3,2013-01-22,-0.000,0
NH1,412235689.3,2013-01-23,-0.000,0
NH1,412300490.3,2013-01-24,-0.000,0
NH1,412404886.3,2013-01-25,-0.000,0
NH1,412487691.3,2013-01-26,-0.000,0
NH1,422578953.4,2013-05-23,-0.000,0
NH1,422748022.4,2013-05-25,0.000,0
NH1,422870561.4,2013-05-26,0.000,0
NH1,422957583.4,2013-05-27,0.000,0
NH1,422982428.4,2013-05-28,0.000,0
NH1,423129634.5,2013-05-29,0.000,0
NH1,423151220.5,2013-05-30,0.000,0
NH1,423266426.5,2013-05-31,0.000,0
NH1,423561637.5,2013-06-03,0.000,0
NH1,423648608.5,2013-06-04,0.000,0
NH1,423734437.5,2013-06-05,0.000,0
NH1,423756018.5,2013-06-06,0.000,0
NH1,423871225.5,2013-06-07,0.000,0
NH1,424080036.5,2013-06-09,0.000,0
NH1,424166436.5,2013-06-10,0.000,0
NH1,424252835.5,2013-06-11,0.000,0
NH1,424339354.5,2013-06-12,0.000,0
NH1,424386019.5,2013-06-13,0.000,0
NH1,424512020.5,2013-06-14,0.000,0
NH1,424760424.5,2013-06-17,0.000,0
NH1,424857758.5,2013-06-18,0.000,0
NH1,424929603.5,2013-06-19,0.000,0
NH1,425008797.5,2013-06-20,0.000,0
NH1,425116939.5,2013-06-21,0.000,0
NH1,425163601.5,2013-06-22,0.000,0
NH1,425361592.5,2013-06-24,0.000,0
NH1,425617171.5,2013-06-27,0.000,0
NH1,425721586.5,2013-06-28,0.000,0
NH1,425895940.5,2013-06-30,0.000,0
NH1,425951963.5,2013-07-01,0.000,0
NH1,426068749.5,2013-07-02,0.000,0
NH1,426139176.5,2013-07-03,0.000,0
NH1,426221956.5,2013-07-04,0.000,0
NH1,426326371.5,2013-07-05,0.000,0
NH1,426412762.5,2013-07-06,0.000,0
NH1,426499159.5,2013-07-07,0.000,0
NH1,426585554.5,2013-07-08,0.000,0
NH1,426671952.5,2013-07-09,0.000,0
NH1,426758342.5,2013-07-10,0.000,0
NH1,426819524.5,2013-07-11,0.000,0
NH1,426855531.5,2013-07-11,0.000,0
NH1,427003144.5,2013-07-13,0.000,0
NH1,427089533.5,2013-07-14,0.000,0
NH1,427157892.5,2013-07-15,0.000,0
NH1,427240680.5,2013-07-16,0.000,0
NH1,427337878.5,2013-07-17,0.000,0
NH1,427431479.5,2013-07-18,0.000,0
NH1,427489093.5,2013-07-19,0.000,0
NH1,427766242.5,2013-07-22,0.000,0
NH1,427831037.5,2013-07-23,0.000,0
NH1,427949838.5,2013-07-24,0.000,0
NH1,428036230.5,2013-07-25,0.000,0
NH1,428108212.5,2013-07-26,0.000,0
NH1,428378199.5,2013-07-29,0.000,0
NH1,428457382.5,2013-07-30,0.000,0
NH1,428550982.5,2013-07-31,0.000,0
NH1,428637373.5,2013-08-01,0.000,0
NH1,428723766.5,2013-08-02,0.000,0
NH1,428982940.5,2013-08-05,0.000,0
NH1,429062123.5,2013-08-06,0.000,0
NH1,429155724.5,2013-08-07,0.000,0
NH1,429242111.5,2013-08-08,0.000,0
NH1,429328504.5,2013-08-09,0.000,0
NH1,429584072.5,2013-08-12,0.000,0
NH1,429695687.5,2013-08-13,0.000,0
NH1,429782066.5,2013-08-14,0.000,0
NH1,429868455.5,2013-08-15,0.000,0
NH1,429929635.5,2013-08-16,0.000,0
NH1,430081306.5,2013-08-18,0.000,0
NH1,456079906.8,2014-06-15,-0.002,0
NH1,456186885.8,2014-06-16,0.000,0
NH1,456294889.8,2014-06-17,0.000,0
NH1,456392088.8,2014-06-18,0.000,0
NH1,456464056.8,2014-06-19,0.000,0
NH1,456820466.8,2014-06-23,0.000,0
NH1,456910483.8,2014-06-24,0.000,0
NH1,456996878.9,2014-06-25,0.000,0
NH1,457083276.9,2014-06-26,0.000,0
NH1,457169671.9,2014-06-27,0.000,0
NH1,457187653.9,2014-06-28,0.000,0
NH1,457414430.9,2014-06-30,0.000,0
NH1,457515240.9,2014-07-01,0.000,0
NH1,457583634.9,2014-07-02,0.000,0
NH1,457666419.9,2014-07-03,0.000,0
NH1,458019225.9,2014-07-07,0.000,0
NH1,458102010.9,2014-07-08,0.000,0
NH1,458246006.9,2014-07-10,0.000,0
NH1,458364808.9,2014-07-11,0.000,0
NH1,458418793.9,2014-07-12,0.000,0
NH1,458537592.9,2014-07-13,0.000,0
NH1,458638392.9,2014-07-14,0.000,0
NH1,458726335.9,2014-07-15,0.000,0
NH1,458811170.9,2014-07-16,0.000,0
NH1,458897562.9,2014-07-17,0.000,0
NH1,458983958.9,2014-07-18,0.000,0
NH1,458994751.9,2014-07-18,0.000,0
NH1,459156743.9,2014-07-20,0.000,0
NH1,459225140.9,2014-07-21,0.000,0
NH1,459297117.9,2014-07-22,0.000,0
NH1,459397927.9,2014-07-23,0.000,0
NH1,459484327.9,2014-07-24,0.000,0
NH1,459567117.9,2014-07-25,0.000,0
NH1,459646292.9,2014-07-26,0.000,0
NH1,459739903.9,2014-07-27,0.000,0
NH1,459822670.9,2014-07-28,0.000,0
NH1,459912666.9,2014-07-29,0.000,0
NH1,459970258.9,2014-07-30,0.000,0
NH1,460085455.9,2014-07-31,0.000,0
NH1,460171841.9,2014-08-01,0.000,0
NH1,460431021.9,2014-08-04,0.000,0
NH1,460488608.9,2014-08-05,0.000,0
NH1,460603805.9,2014-08-06,0.000,0
NH1,460690196.9,2014-08-07,0.000,0
NH1,460776587.9,2014-08-08,0.000,0
NH1,461035761.9,2014-08-11,0.000,0
NH1,461143749.9,2014-08-12,0.000,0
NH1,461204935.9,2014-08-13,0.000,0
NH1,461316529.9,2014-08-14,0.000,0
NH1,461377722.9,2014-08-15,0.000,0
NH1,461435339.9,2014-08-16,0.000,0
NH1,461550503.9,2014-08-17,0.000,0
NH1,461636892.9,2014-08-18,0.000,0
NH1,461748480.9,2014-08-19,0.000,0
NH1,461809673.9,2014-08-20,0.000,0
NH1,461896083.9,2014-08-21,0.000,0
NH1,461982450.9,2014-08-22,0.000,0
NH1,462068841.9,2014-08-23,0.000,0
NH1,462155230.9,2014-08-24,0.000,0
NH1,462238020.9,2014-08-25,0.000,0
NH1,462310008.9,2014-08-26,0.000,0
NH1,471212550.0,2014-12-07,-0.000,0
NH1,471316048.0,2014-12-08,-0.000,0
NH1,471398840.0,2014-12-09,-0.000,0
NH1,471485226.0,2014-12-10,-0.000,0
NH1,471571597.0,2014-12-11,-0.000,0
NH1,471668821.0,2014-12-12,-0.000,0
NH1,471715570.0,2014-12-13,-0.000,0
NH1,471967543.0,2014-12-16,-0.000,0
NH1,472089955.0,2014-12-17,-0.000,0
NH1,472316720.0,2014-12-20,-0.000,0
NH1,472521922.0,2014-12-22,-0.000,0
NH1,472622743.0,2014-12-23,-0.000,0
NH1,472665905.0,2014-12-24,-0.000,0
NH1,472950290.0,2014-12-27,-0.000,0
NH1,473123109.0,2014-12-29,-0.000,0
NH1,473166257.0,2014-12-29,-0.000,0
NH1,473353459.0,2015-01-01,-0.000,0
NH1,473497498.0,2015-01-02,-0.000,0
NH1,473742281.0,2015-01-05,-0.000,0
NH1,473843080.1,2015-01-06,-0.000,0
NH1,473897050.1,2015-01-07,-0.000,0
NH1,474102244.1,2015-01-09,-0.000,0
NH1,474113023.1,2015-01-09,-0.000,0
NH1,474275064.1,2015-01-11,-0.000,0
NH1,474325433.1,2015-01-12,-0.000,0
NH1,474444251.1,2015-01-13,-0.000,0
NH1,474534229.1,2015-01-14,-0.000,0
NH1,474545008.1,2015-01-14,-0.000,0
NH1,474696230.1,2015-01-16,-0.000,0
NH1,474962643.1,2015-01-19,-0.000,0
NH1,475052615.1,2015-01-20,-0.000,0
NH1,475063395.1,2015-01-20,-0.000,0
NH1,475358603.1,2015-01-24,-0.000,0
NH1,475571006.1,2015-01-26,-0.000,0
NH1,475635804.1,2015-01-27,-0.000,0
NH1,475909428.1,2015-01-30,-0.000,0
NH1,476168623.1,2015-02-02,-0.000,0
NH1,476309001.1,2015-02-04,-0.000,0
NH1,476395404.1,2015-02-05,-0.000,0
NH1,476521404.1,2015-02-06,-0.000,0
NH1,476543007.1,2015-02-07,-0.000,0
NH1,476676204.1,2015-02-08,-0.000,0
NH1,476766209.1,2015-02-09,-0.000,0
NH1,476820198.1,2015-02-10,-0.000,0
NH1,476895806.1,2015-02-11,-0.000,0
NH1,477212612.1,2015-02-14,-0.000,0
NH1,477219792.1,2015-02-14,-0.000,0
NH1,477374640.1,2015-02-16,-0.000,0
NH1,477554619.1,2015-02-18,-0.000,0
NH1,477615818.1,2015-02-19,-0.000,0
NH1,477723822.1,2015-02-20,-0.000,0
NH1,477803032.1,2015-02-21,-0.000,0
NH1,477860625.1,2015-02-22,-0.000,0
NH1,477950640.1,2015-02-23,-0.000,0
NH1,478033428.1,2015-02-24,-0.000,0
NH1,478141430.1,2015-02-25,-0.000,0
NH1,478235056.1,2015-02-26,-0.000,0
NH1,478332239.1,2015-02-27,-0.000,0
NH1,478350230.1,2015-02-27,-0.000,0
NH1,478595049.1,2015-03-02,-0.000,0
NH1,478598625.1,2015-03-02,-0.000,0
NH1,478811066.1,2015-03-05,-0.000,0
NH1,479012681.1,2015-03-07,-0.000,0
NH1,479113494.1,2015-03-08,-0.000,0
NH1,479199871.1,2015-03-09,-0.000,0
NH1,479286278.1,2015-03-10,-0.000,0
NH1,479329485.1,2015-03-11,-0.000,0
NH1,479545473.1,2015-03-13,-0.000,0
NH1,479552654.1,2015-03-13,-0.000,0
NH1,479804687.1,2015-03-16,-0.000,0
NH1,479837075.1,2015-03-17,-0.000,0
NH1,479959499.1,2015-03-18,-0.000,0
NH1,480189902.1,2015-03-21,-0.000,0
NH1,480276305.1,2015-03-22,-0.000,0
NH1,480467110.1,2015-03-24,-0.000,0
NH1,480564329.1,2015-03-25,-0.000,0
NH1,480733533.1,2015-03-27,-0.000,0
NH1,481039543.1,2015-03-31,-0.000,0
NH1,481165560.1,2015-04-01,-0.000,0
NH1,481359960.1,2015-04-03,-0.000,0
NH1,481410387.1,2015-04-04,-0.000,0
NH1,481611983.1,2015-04-06,0.000,0
NH1,481781189.1,2015-04-08,0.000,0
NH1,481856799.1,2015-04-09,0.000,0
NH1,481939608.1,2015-04-10,0.000,0
NH1,482015196.1,2015-04-11,0.000,0
NH1,482198830.1,2015-04-13,0.000,0
NH1,482310425.2,2015-04-14,0.000,0
NH1,482396833.2,2015-04-15,0.000,0
NH1,482483233.2,2015-04-16,0.000,0
NH1,482544425.2,2015-04-17,0.000,0
NH1,482652437.2,2015-04-18,0.000,0
NH1,482742446.2,2015-04-19,0.000,0
NH1,482821645.2,2015-04-20,0.000,0
NH1,482882846.2,2015-04-21,0.000,0
NH1,482994452.2,2015-04-22,0.000,0
NH1,483170862.2,2015-04-24,0.000,0
NH1,483779314.2,2015-05-01,0.000,0
NH1,483808102.2,2015-05-02,0.000,0
NH1,484009704.2,2015-05-04,0.000,0
NH1,484189698.2,2015-05-06,0.000,0
NH1,484326521.2,2015-05-08,0.000,0
NH1,484610921.2,2015-05-11,0.000,0
NH1,484722522.2,2015-05-12,0.000,0
NH1,484812535.2,2015-05-13,0.000,0
NH1,484898933.2,2015-05-14,0.000,0
NH1,484985351.2,2015-05-15,0.000,0
NH1,485248138.2,2015-05-18,0.000,0
NH1,485327328.2,2015-05-19,0.000,0
NH1,485417334.2,2015-05-20,0.000,0
NH1,485503744.2,2015-05-21,0.000,0
NH1,485586535.2,2015-05-22,0.000,0
NH1,485658529.2,2015-05-23,0.000,0
NH1,485726929.2,2015-05-24,0.000,0
NH1,485852950.2,2015-05-25,0.000,0
NH1,485935749.2,2015-05-26,0.000,0
NH1,486025774.2,2015-05-27,0.000,0
NH1,486104962.2,2015-05-28,0.000,0
NH1,486191361.2,2015-05-29,0.000,0
NH1,486277764.2,2015-05-30,0.000,0
NH1,486335370.2,2015-05-31,0.000,0
NH1,486459004.2,2015-06-01,0.000,0
NH1,486533362.2,2015-06-02,0.000,0
NH1,486619762.2,2015-06-03,0.000,0
NH1,486716985.2,2015-06-04,0.000,0
NH1,486796180.2,2015-06-05,0.000,0
NH1,486889781.2,2015-06-06,0.000,0
NH1,486976184.2,2015-06-07,0.000,0
NH1,487062581.2,2015-06-08,0.000,0
NH1,487148982.2,2015-06-09,0.000,0
NH1,487235384.2,2015-06-10,0.000,0
NH1,487321781.2,2015-06-11,0.000,0
NH1,487408277.2,2015-06-12,0.000,0
NH1,487494565.2,2015-06-13,0.000,0
NH1,487580963.2,2015-06-14,0.000,0
NH1,487667366.2,2015-06-15,0.000,0
NH1,487742959.2,2015-06-16,0.000,0
NH1,487840159.2,2015-06-17,0.000,0
NH1,487915755.2,2015-06-18,0.000,0
NH1,488012955.2,2015-06-19,0.000,0
NH1,488084954.2,2015-06-20,0.000,0
NH1,488185753.2,2015-06-21,0.000,0
NH1,488272154.2,2015-06-22,0.000,0
NH1,488347750.2,2015-06-23,0.000,0
NH1,488444948.2,2015-06-24,0.000,0
NH1,488531345.2,2015-06-25,0.000,0
NH1,488617741.2,2015-06-26,0.000,0
NH1,488704138.2,2015-06-27,0.000,0
NH1,488790534.2,2015-06-28,0.000,0
NH1,488876930.2,2015-06-29,0.000,0
NH1,489136120.2,2015-07-02,-1.000,0
NH1,489222519.2,2015-07-03,0.000,0
NH1,489421620.2,2015-07-06,0.000,0
NH1,489442112.2,2015-07-06,0.000,0
NH1,489568107.2,2015-07-07,0.000,0
NH1,489654498.2,2015-07-08,0.000,0
NH1,489740895.2,2015-07-09,0.000,0
NH1,489827292.2,2015-07-10,0.000,0
NH1,489913683.2,2015-07-11,0.000,0
NH1,490000082.2,2015-07-12,0.000,0
NH1,490057659.2,2015-07-13,0.000,0
NH1,490097274.2,2015-07-13,0.000,0
NH1,490241276.2,2015-07-15,0.000,0
NH1,490327672.2,2015-07-16,0.000,0
NH1,490406838.2,2015-07-17,0.000,0
NH1,490493235.2,2015-07-18,0.000,0
NH1,490579628.2,2015-07-19,0.000,0
NH1,490666023.2,2015-07-20,0.000,0
NH1,490748815.3,2015-07-21,0.000,0
NH1,490864025.3,2015-07-22,0.000,0
NH1,490932433.3,2015-07-23,0.000,0
NH1,491033211.3,2015-07-24,0.000,0
NH1,491105219.3,2015-07-25,0.000,0
NH1,491205998.3,2015-07-26,0.000,0
NH1,491267173.3,2015-07-27,0.000,0
NH1,491382383.3,2015-07-28,0.000,0
NH1,491439960.3,2015-07-29,0.000,0
NH1,491504764.3,2015-07-30,0.000,0
NH1,491641544.3,2015-07-31,0.000,0
NH1,491677533.3,2015-08-01,0.000,0
NH1,491792725.3,2015-08-02,0.000,0
NH1,491879117.3,2015-08-03,0.000,0
NH1,491987148.3,2015-08-04,0.000,0
NH1,492023105.3,2015-08-05,0.000,0
NH1,492109513.3,2015-08-06,0.000,0
NH1,492221087.3,2015-08-07,0.000,0
NH1,492311084.3,2015-08-08,0.000,0
NH1,492365069.3,2015-08-09,0.000,0
NH1,492505492.3,2015-08-10,0.000,0
NH1,492570257.3,2015-08-11,0.000,0
NH1,492656648.3,2015-08-12,0.000,0
NH1,492743035.3,2015-08-13,0.000,0
NH1,492851037.3,2015-08-14,0.000,0
NH1,492854628.3,2015-08-14,0.000,0
NH1,493023804.3,2015-08-16,0.000,0
NH1,493110196.3,2015-08-17,0.000,0
NH1,493196585.3,2015-08-18,0.000,0
NH1,493279372.3,2015-08-19,0.000,0
NH1,493365763.3,2015-08-20,0.000,0
NH1,493455754.3,2015-08-21,0.000,0
NH1,493542145.3,2015-08-22,0.000,0
NH1,493545733.3,2015-08-22,0.000,0
NH1,493714931.3,2015-08-24,0.000,0
NH1,493801320.3,2015-08-25,0.000,0
NH1,493887704.3,2015-08-26,0.000,0
NH1,493974099.3,2015-08-27,0.000,0
NH1,494060488.3,2015-08-28,0.000,0
NH1,494146878.3,2015-08-29,0.000,0
NH1,494233268.3,2015-08-30,0.000,0
NH1,494312444.3,2015-08-31,0.000,0
NH1,494406074.3,2015-09-01,0.000,0
NH1,494492433.3,2015-09-02,0.000,0
NH1,494578823.3,2015-09-03,0.000,0
NH1,494665212.3,2015-09-04,0.000,0
NH1,494751598.3,2015-09-05,0.000,0
NH1,494837987.3,2015-09-06,0.000,0
NH1,494917164.3,2015-09-07,0.000,0
NH1,495010766.3,2015-09-08,0.000,0
NH1,495097151.3,2015-09-09,0.000,0
NH1,495179941.3,2015-09-10,0.000,0
NH1,495269928.3,2015-09-11,0.000,0
NH1,495352717.3,2015-09-12,0.000,0
NH1,495410296.3,2015-09-13,0.000,0
NH1,495525489.3,2015-09-14,0.000,0
NH1,495615499.3,2015-09-15,0.000,0
NH1,495698263.3,2015-09-16,0.000,0
NH1,495788252.3,2015-09-17,0.000,0
NH1,495874956.3,2015-09-18,0.000,0
NH1,495961030.3,2015-09-19,0.000,0
NH1,496043814.3,2015-09-20,0.000,0
NH1,496130200.3,2015-09-21,0.000,0
NH1,496187784.3,2015-09-22,0.000,0
NH1,496302979.3,2015-09-23,0.000,0
NH1,496392966.3,2015-09-24,0.000,0
NH1,496479409.3,2015-09-25,0.000,0
NH1,496565732.3,2015-09-26,0.000,0
NH1,496616114.3,2015-09-27,0.000,0
NH1,496739429.3,2015-09-28,0.000,0
NH1,496817702.3,2015-09-29,0.000,0
NH1,496904090.3,2015-09-30,0.000,0
NH1,496997683.3,2015-10-01,0.000,0
NH1,497084057.3,2015-10-02,0.000,0
NH1,497170445.3,2015-10-03,0.000,0
NH1,497249640.3,2015-10-04,0.000,0
NH1,497336024.3,2015-10-05,0.000,0
NH1,497422414.3,2015-10-06,0.000,0
NH1,497517523.3,2015-10-07,-0.000,0
NH1,497602397.3,2015-10-08,-0.000,0
NH1,497688784.3,2015-10-09,-0.000,0
NH1,497775166.3,2015-10-10,-0.000,0
NH1,497850748.3,2015-10-11,-0.000,0
NH1,497904722.3,2015-10-12,-0.000,0
NH1,498034329.3,2015-10-13,-0.000,0
NH1,498109911.3,2015-10-14,-0.000,0
NH1,498208608.3,2015-10-15,-0.000,0
NH1,498293496.3,2015-10-16,-0.000,0
NH1,498379866.3,2015-10-17,-0.000,0
NH1,498455461.3,2015-10-18,-0.000,0
NH1,498541848.3,2015-10-19,-0.000,0
NH1,498599455.3,2015-10-20,-0.000,0
NH1,498725426.3,2015-10-21,-0.000,0
NH1,498743427.3,2015-10-21,-0.000,0
NH1,498886887.3,2015-10-23,-0.000,0
NH1,498984588.3,2015-10-24,-0.000,0
NH1,499002591.3,2015-10-24,-0.000,0
NH1,499142975.3,2015-10-26,-0.000,0
NH1,499232972.4,2015-10-27,-0.000,0
NH1,499258149.4,2015-10-27,-0.000,0
NH1,499402148.4,2015-10-29,-0.000,0
NH1,499463332.4,2015-10-30,-0.000,0
NH1,499542497.4,2015-10-31,-0.000,0
NH1,499661307.4,2015-11-01,-0.000,0
NH1,499762084.4,2015-11-02,-0.000,0
NH1,499848470.4,2015-11-03,-0.000,0
NH1,499936382.4,2015-11-04,-0.000,0
NH1,500006860.4,2015-11-05,-0.000,0
NH1,500060820.4,2015-11-06,-0.000,0
NH1,500179621.4,2015-11-07,-0.000,0
NH1,500266009.4,2015-11-08,-0.000,0
NH1,500348797.4,2015-11-09,-0.000,0
NH1,500454850.4,2015-11-10,-0.000,0
NH1,500521576.4,2015-11-11,-0.000,0
NH1,500607962.4,2015-11-12,-0.000,0
NH1,500694354.4,2015-11-13,-0.000,0
NH1,500780742.4,2015-11-14,-0.000,0
NH1,500885135.4,2015-11-15,-0.000,0
NH1,500953518.4,2015-11-16,-0.000,0
NH1,501043508.4,2015-11-17,-0.000,0
NH1,501145885.4,2015-11-18,-0.000,0
NH1,501230683.4,2015-11-19,-0.000,0
NH1,501317073.4,2015-11-20,-0.000,0
NH1,501403473.4,2015-11-21,-0.000,0
NH1,501464651.4,2015-11-22,-0.000,0
NH1,501577792.4,2015-11-23,-0.000,0
NH1,501662647.4,2015-11-24,-0.000,0
NH1,501731029.4,2015-11-25,-0.000,0
NH1,501831826.4,2015-11-26,-0.000,0
NH1,501921802.4,2015-11-27,-0.000,0
NH1,501975792.4,2015-11-28,-0.000,0
NH1,502065783.4,2015-11-29,-0.000,0
NH1,502180989.4,2015-11-30,-0.000,0
NH1,502245774.4,2015-12-01,-0.000,0
NH1,502303353.4,2015-12-02,-0.000,0
NH1,502418587.4,2015-12-03,-0.000,0
NH1,502526559.4,2015-12-04,-0.000,0
NH1,502591338.4,2015-12-05,-0.000,0
NH1,502699336.4,2015-12-06,-0.000,0
NH1,502756957.4,2015-12-07,-0.000,0
NH1,502872124.4,2015-12-08,-0.000,0
NH1,502908101.4,2015-12-09,-0.000,0
NH1,503023297.4,2015-12-10,-0.000,0
NH1,503098888.4,2015-12-11,-0.000,0
NH1,503192481.4,2015-12-12,-0.000,0
NH1,503304068.4,2015-12-13,-0.000,0
NH1,503379658.4,2015-12-14,-0.000,0
NH1,503476883.4,2015-12-15,-0.000,0
NH1,503563258.4,2015-12-16,-0.000,0
NH1,503649952.4,2015-12-17,-0.000,0
NH1,503664017.4,2015-12-17,-0.000,0
NH1,503768417.4,2015-12-19,-0.000,0
NH1,503908829.4,2015-12-20,-0.000,0
NH1,503941215.4,2015-12-21,-0.000,0
NH1,504168010.4,2015-12-23,-0.000,0
NH1,504254428.4,2015-12-24,-0.000,0
NH1,504297582.4,2015-12-25,-0.000,0
NH1,504513588.4,2015-12-27,-0.000,0
NH1,504596374.4,2015-12-28,-0.000,0
NH1,504686419.4,2015-12-29,-0.000,0
NH1,504718760.4,2015-12-30,-0.000,0
NH1,504945562.4,2016-01-01,-0.000,0
NH1,505017545.4,2016-01-02,-0.000,0
NH1,505118366.4,2016-01-03,-0.000,0
NH1,505427929.4,2016-01-07,-0.000,0
NH1,505539576.4,2016-01-08,-0.000,0
NH1,505625917.4,2016-01-09,-0.000,0
NH1,505719524.4,2016-01-10,-0.000,0
NH1,505798712.4,2016-01-11,-0.000,0
NH1,505895910.4,2016-01-12,-0.000,0
NH1,505983864.4,2016-01-13,-0.000,0
NH1,506057902.4,2016-01-14,-0.000,0
NH1,506151511.4,2016-01-15,-0.000,0
NH1,506227107.4,2016-01-16,-0.000,0
NH1,506327896.4,2016-01-17,-0.000,0
NH1,506414293.4,2016-01-18,-0.000,0
NH1,506421472.4,2016-01-18,-0.000,0
NH1,506569088.4,2016-01-20,-0.000,0
NH1,506651885.4,2016-01-21,-0.000,0
NH1,506761542.4,2016-01-22,-0.000,0
NH1,506846285.4,2016-01-23,-0.000,0
NH1,506929095.4,2016-01-24,-0.000,0
NH1,507019082.4,2016-01-25,-0.000,0
NH1,507101879.4,2016-01-26,-0.000,0
NH1,507159481.4,2016-01-27,-0.000,0
NH1,507279008.4,2016-01-28,-0.000,0
NH1,507357524.4,2016-01-29,-0.000,0
NH1,507451079.4,2016-01-30,-0.000,0
NH1,507537476.4,2016-01-31,-0.000,0
NH1,507620327.4,2016-02-01,-0.000,0
NH1,507710277.5,2016-02-02,-0.000,0
NH1,507796676.5,2016-02-03,-0.000,0
NH1,507879475.5,2016-02-04,-0.000,0
NH1,507969477.5,2016-02-05,-0.000,0
NH1,508005468.5,2016-02-06,-0.000,0
NH1,508142277.5,2016-02-07,-0.000,0
NH1,508228677.5,2016-02-08,-0.000,0
NH1,508275482.5,2016-02-09,-0.000,0
NH1,508394279.5,2016-02-10,-0.000,0
NH1,508574283.5,2016-02-12,-0.000,0
NH1,508621084.5,2016-02-13,-0.000,0
NH1,508700603.5,2016-02-14,-0.000,0
NH1,508822739.5,2016-02-15,-0.000,0
NH1,508880290.5,2016-02-16,-0.000,0
NH1,509042280.5,2016-02-18,-0.000,0
NH1,509179092.5,2016-02-19,-0.000,0
NH1,509265494.5,2016-02-20,-0.000,0
NH1,509341093.5,2016-02-21,-0.000,0
NH1,509427496.5,2016-02-22,-0.000,0
NH1,509524702.5,2016-02-23,-0.000,0
NH1,509550815.5,2016-02-24,-0.000,0
NH1,509697506.5,2016-02-25,-0.000,0
NH1,509783908.5,2016-02-26,-0.000,0
NH1,509870311.5,2016-02-27,-0.000,0
NH1,509953113.5,2016-02-28,-0.000,0
NH1,510039515.5,2016-02-29,-0.000,0
NH1,510129519.5,2016-03-01,-0.000,0
NH1,510205118.5,2016-03-02,-0.000,0
NH1,510298724.5,2016-03-03,-0.000,0
NH1,510377925.5,2016-03-04,-0.000,0
NH1,510475132.5,2016-03-05,-0.000,0
NH1,510547132.5,2016-03-06,-0.000,0
NH1,510604737.5,2016-03-07,-0.000,0
NH1,510691142.5,2016-03-08,-0.000,0
NH1,510853137.5,2016-03-10,-0.000,0
NH1,510994775.5,2016-03-11,-0.000,0
NH1,511079957.5,2016-03-12,-0.000,0
NH1,511162759.5,2016-03-13,-0.000,0
NH1,511231160.5,2016-03-14,-0.000,0
NH1,511331966.5,2016-03-15,-0.000,0
NH1,511425572.5,2016-03-16,-0.000,0
NH1,511486773.5,2016-03-17,-0.000,0
NH1,511594780.5,2016-03-18,-0.000,0
NH1,511684785.5,2016-03-19,-0.000,0
NH1,511771188.5,2016-03-20,-0.000,0
NH1,511857592.5,2016-03-21,-0.000,0
NH1,511936795.5,2016-03-22,-0.000,0
NH1,512012394.5,2016-03-23,-0.000,0
NH1,512116804.5,2016-03-24,-0.000,0
NH1,512203209.5,2016-03-25,-0.000,0
NH1,512268054.5,2016-03-26,-0.000,0
NH1,512372416.5,2016-03-27,-0.000,0
NH1,512451619.5,2016-03-28,-0.000,0
NH1,512527219.5,2016-03-29,-0.000,0
NH1,512635231.5,2016-03-30,-0.000,0
NH1,512700030.5,2016-03-31,-0.000,0
NH1,512804440.5,2016-04-01,-0.000,0
NH1,512894751.5,2016-04-02,-0.000,0
NH1,512980848.5,2016-04-03,-0.000,0
NH1,513067253.5,2016-04-04,0.000,0
NH1,513132103.5,2016-04-05,0.000,0
NH1,513222056.5,2016-04-06,0.000,0
NH1,513319276.5,2016-04-07,0.000,0
NH1,513405682.5,2016-04-08,0.000,0
NH1,513499277.5,2016-04-09,0.000,0
NH1,513535274.5,2016-04-10,0.000,0
NH1,513664880.5,2016-04-11,0.000,0
NH1,513758492.5,2016-04-12,0.000,0
NH1,513837691.5,2016-04-13,0.000,0
NH1,513927697.5,2016-04-14,0.000,0
NH1,514017703.5,2016-04-15,0.000,0
NH1,514104107.5,2016-04-16,0.000,0
NH1,514179707.5,2016-04-17,0.000,0
NH1,514251748.5,2016-04-18,0.000,0
NH1,514356116.5,2016-04-19,0.000,0
NH1,514449726.5,2016-04-20,0.000,0
NH1,514536129.5,2016-04-21,0.000,0
NH1,514622532.5,2016-04-22,0.000,0
NH1,514701732.5,2016-04-23,0.000,0
NH1,514788136.5,2016-04-24,0.000,0
NH1,514878144.5,2016-04-25,0.000,0
NH1,514964545.5,2016-04-26,0.000,0
NH1,515054555.5,2016-04-27,0.000,0
NH1,515108546.5,2016-04-28,0.000,0
NH1,515227363.5,2016-04-29,0.000,0
NH1,515313767.5,2016-04-30,0.000,0
NH1,515400171.5,2016-05-01,0.000,0
NH1,515479367.5,2016-05-02,0.000,0
NH1,515544210.5,2016-05-03,0.000,0
NH1,515655776.5,2016-05-04,0.000,0
NH1,515717014.5,2016-05-05,0.000,0
NH1,515803408.5,2016-05-06,0.000,0
NH1,515918600.5,2016-05-07,0.000,0
NH1,515994186.5,2016-05-08,0.000,0
NH1,516033787.5,2016-05-09,0.000,0
NH1,516170593.5,2016-05-10,0.000,0
NH1,516264212.6,2016-05-11,0.000,0
NH1,516336197.6,2016-05-12,0.000,0
NH1,516437016.6,2016-05-13,0.000,0
NH1,516523420.6,2016-05-14,0.000,0
NH1,516609820.6,2016-05-15,0.000,0
NH1,516685408.6,2016-05-16,0.000,0
NH1,516768208.6,2016-05-17,0.000,0
NH1,516865418.6,2016-05-18,0.000,0
NH1,516951821.6,2016-05-19,0.000,0
NH1,517038224.6,2016-05-20,0.000,0
NH1,517113817.6,2016-05-21,0.000,0
NH1,517207423.6,2016-05-22,0.000,0
NH1,517286621.6,2016-05-23,0.000,0
NH1,517387766.6,2016-05-24,0.000,0
NH1,517470240.6,2016-05-25,0.000,0
NH1,517549427.6,2016-05-26,0.000,0
NH1,517643045.6,2016-05-27,0.000,0
NH1,517733045.6,2016-05-28,0.000,0
NH1,517820588.6,2016-05-29,0.000,0
NH1,517907386.6,2016-05-30,0.000,0
NH1,517977831.6,2016-05-31,0.000,0
NH1,518071439.6,2016-06-01,0.000,0
NH1,518165273.6,2016-06-02,0.000,0
NH1,518244244.6,2016-06-03,0.000,0
NH1,518323435.6,2016-06-04,0.000,0
NH1,518417048.6,2016-06-05,0.000,0
NH1,518503449.6,2016-06-06,0.000,0
NH1,518597840.6,2016-06-07,0.000,0
NH1,518683447.6,2016-06-08,0.000,0
NH1,518769844.6,2016-06-09,0.000,0
NH1,518856247.6,2016-06-10,0.000,0
NH1,518942643.6,2016-06-11,0.000,0
NH1,519029048.6,2016-06-12,0.000,0
NH1,519097430.6,2016-06-13,0.000,0
NH1,519201844.6,2016-06-14,0.000,0
NH1,519288238.6,2016-06-15,0.000,0
NH1,519363836.6,2016-06-16,0.000,0
NH1,519421435.6,2016-06-17,0.000,0
NH1,519533029.6,2016-06-18,0.000,0
NH1,519619425.6,2016-06-19,0.000,0
NH1,519702221.6,2016-06-20,0.000,0
NH1,519792223.6,2016-06-21,0.000,0
NH1,519882230.6,2016-06-22,0.000,0
NH1,519950613.6,2016-06-23,0.000,0
NH1,520067309.6,2016-06-24,0.000,0
NH1,520152218.6,2016-06-25,0.000,0
NH1,520238616.6,2016-06-26,0.000,0
NH1,520325904.6,2016-06-27,0.000,0
NH1,520411997.6,2016-06-28,0.000,0
NH1,520487013.6,2016-06-29,0.000,0
NH1,520573408.6,2016-06-30,0.000,0
NH1,520652596.6,2016-07-01,0.000,0
NH1,520758586.6,2016-07-02,0.000,0
NH1,520843393.6,2016-07-03,0.000,0
NH1,520915386.6,2016-07-04,0.000,0
NH1,521001793.6,2016-07-05,0.000,0
NH1,521077372.6,2016-07-06,0.000,0
NH1,521170972.6,2016-07-07,0.000,0
NH1,521260979.6,2016-07-08,0.000,0
NH1,521340161.6,2016-07-09,0.000,0
NH1,521433785.6,2016-07-10,0.000,0
NH1,521487779.6,2016-07-11,0.000,0
NH1,521606582.6,2016-07-12,0.000,0
NH1,521707364.6,2016-07-13,0.000,0
NH1,521721759.6,2016-07-13,0.000,0
NH1,521833355.6,2016-07-15,0.000,0
NH1,522002531.6,2016-07-17,0.000,0
NH1,522121318.6,2016-07-18,0.000,0
NH1,522294114.6,2016-07-20,0.000,0
NH1,522380508.6,2016-07-21,0.000,0
NH1,522466901.6,2016-07-22,0.000,0
NH1,522553295.6,2016-07-23,0.000,0
NH1,522639688.6,2016-07-24,0.000,0
NH1,522726081.6,2016-07-25,0.000,0
NH1,522812474.6,2016-07-26,0.000,0
NH1,522898866.6,2016-07-27,0.000,0
NH1,522985260.6,2016-07-28,0.000,0
NH1,523071652.6,2016-07-29,0.000,0
NH1,523158084.6,2016-07-30,0.000,0
NH1,523240828.6,2016-07-31,0.000,0
NH1,523327223.6,2016-08-01,0.000,0
NH1,523410010.6,2016-08-02,0.000,0
NH1,523492801.6,2016-08-03,0.000,0
NH1,523575591.6,2016-08-04,0.000,0
NH1,523672796.6,2016-08-05,0.000,0
NH1,523755582.6,2016-08-06,0.000,0
NH1,523845580.6,2016-08-07,0.000,0
NH1,523924807.6,2016-08-08,0.000,0
NH1,524014753.6,2016-08-09,0.000,0
NH1,524104756.6,2016-08-10,0.000,0
NH1,524187537.6,2016-08-11,0.000,0
NH1,524263122.6,2016-08-12,0.000,0
NH1,524385569.6,2016-08-13,0.000,0
NH1,524471933.6,2016-08-14,0.000,0
NH1,524533101.6,2016-08-15,0.000,0
NH1,524619491.6,2016-08-16,0.000,0
NH1,524677086.6,2016-08-17,0.000,0
NH1,524788667.7,2016-08-18,0.000,0
NH1,524878671.7,2016-08-19,0.000,0
NH1,524990256.7,2016-08-20,0.000,0
NH1,525069454.7,2016-08-21,0.000,0
NH1,525127025.7,2016-08-22,0.000,0
NH1,525224230.7,2016-08-23,0.000,0
NH1,525335823.7,2016-08-24,0.000,0
NH1,525422214.7,2016-08-25,0.000,0
NH1,525508604.7,2016-08-26,0.000,0
NH1,525537382.7,2016-08-27,0.000,0
NH1,525656177.7,2016-08-28,0.000,0
NH1,525742564.7,2016-08-29,0.000,0
NH1,525825345.7,2016-08-30,0.000,0
NH1,525911733.7,2016-08-31,0.000,0
NH1,525998125.7,2016-09-01,0.000,0
NH1,526080909.7,2016-09-02,0.000,0
NH1,526170911.7,2016-09-03,0.000,0
NH1,526257298.7,2016-09-04,0.000,0
NH1,526343686.7,2016-09-05,0.000,0
NH1,526430074.7,2016-09-06,0.000,0
NH1,526512854.7,2016-09-07,0.000,0
NH1,526602853.7,2016-09-08,0.000,0
NH1,526718045.7,2016-09-09,0.000,0
NH1,526764813.7,2016-09-10,0.000,0
NH1,526847603.7,2016-09-11,0.000,0
NH1,526948404.7,2016-09-12,0.000,0
NH1,527034792.7,2016-09-13,0.000,0
NH1,527121180.7,2016-09-14,0.000,0
NH1,527207568.7,2016-09-15,0.000,0
NH1,527290348.7,2016-09-16,0.000,0
NH1,527376733.7,2016-09-17,0.000,0
NH1,527491972.7,2016-09-18,0.000,0
NH1,527549519.7,2016-09-19,0.000,0
NH1,527632310.7,2016-09-20,0.000,0
NH1,527722292.7,2016-09-21,0.000,0
NH1,527805070.7,2016-09-22,0.000,0
NH1,527891459.7,2016-09-23,0.000,0
NH1,527974243.7,2016-09-24,0.000,0
NH1,528067846.7,2016-09-25,0.000,0
NH1,528154235.7,2016-09-26,0.000,0
NH1,528237011.7,2016-09-27,0.000,0
NH1,528323399.7,2016-09-28,0.000,0
NH1,528409786.7,2016-09-29,0.000,0
NH1,528496173.7,2016-09-30,0.000,0
NH1,528618564.7,2016-10-01,0.000,0
NH1,528704952.7,2016-10-02,0.000,0
NH1,528755344.7,2016-10-03,0.000,0
NH1,528870533.7,2016-10-04,0.000,0
NH1,528899315.7,2016-10-05,0.000,0
NH1,529014505.7,2016-10-06,-0.000,0
NH1,529136890.7,2016-10-07,-0.000,0
NH1,529216086.7,2016-10-08,-0.000,0
NH1,529270059.7,2016-10-09,-0.000,0
NH1,529385253.7,2016-10-10,-0.000,0
NH1,529471641.7,2016-10-11,-0.000,0
NH1,529558036.7,2016-10-12,-0.000,0
NH1,529644422.7,2016-10-13,-0.000,0
NH1,529743293.7,2016-10-14,-0.000,0
NH1,529827985.7,2016-10-15,-0.000,0
NH1,529845976.7,2016-10-15,-0.000,0
NH1,529961159.7,2016-10-17,-0.000,0
NH1,530087148.7,2016-10-18,-0.000,0
NH1,530133981.7,2016-10-19,-0.000,0
NH1,530249134.7,2016-10-20,-0.000,0
NH1,530335559.7,2016-10-21,-0.000,0
NH1,530432699.7,2016-10-22,-0.000,0
NH1,530504692.7,2016-10-23,-0.000,0
NH1,530594685.7,2016-10-24,-0.000,0
NH1,530677465.7,2016-10-25,-0.000,0
NH1,530763856.7,2016-10-26,-0.000,0
NH1,530936677.7,2016-10-28,-0.000,0
NH1,531037413.7,2016-10-29,-0.000,0
NH1,531080597.7,2016-10-30,-0.000,0
NH1,531210189.7,2016-10-31,-0.000,0
NH1,531296577.7,2016-11-01,-0.000,0
NH1,531382966.7,2016-11-02,-0.000,0
NH1,531454963.7,2016-11-03,-0.000,0
NH1,531541355.7,2016-11-04,-0.000,0
NH1,531627742.7,2016-11-05,-0.000,0
NH1,531714131.7,2016-11-06,-0.000,0
NH1,531800518.7,2016-11-07,-0.000,0
NH1,531858102.7,2016-11-08,-0.000,0
NH1,531987741.7,2016-11-09,-0.000,0
NH1,532059686.7,2016-11-10,-0.000,0
NH1,532113661.7,2016-11-11,-0.000,0
NH1,532282832.7,2016-11-13,-0.000,0
NH1,532419631.7,2016-11-14,-0.000,0
NH1,532506019.7,2016-11-15,-0.000,0
NH1,532574419.7,2016-11-16,-0.000,0
NH1,532851579.7,2016-11-19,-0.000,0
NH1,532887577.7,2016-11-20,-0.000,0
NH1,533024358.7,2016-11-21,-0.000,0
NH1,533092758.7,2016-11-22,-0.000,0
NH1,533146735.7,2016-11-23,-0.000,0
NH1,533456309.8,2016-11-26,-0.000,0
NH1,533463502.8,2016-11-26,-0.000,0
NH1,533629091.8,2016-11-28,-0.000,0
NH1,533708282.8,2016-11-29,-0.000,0
NH1,533751468.8,2016-11-30,-0.000,0
NH1,533974713.8,2016-12-02,-0.000,0
NH1,533989090.8,2016-12-02,-0.000,0
NH1,534082622.8,2016-12-04,-0.000,0
NH1,534321113.8,2016-12-06,-0.000,0
NH1,534406615.8,2016-12-07,-0.000,0
NH1,534471414.8,2016-12-08,-0.000,0
NH1,534579399.8,2016-12-09,-0.000,0
NH1,534665790.8,2016-12-10,-0.000,0
NH1,534752184.8,2016-12-11,-0.000,0
NH1,534755768.8,2016-12-11,-0.000,0
NH1,534874572.8,2016-12-13,-0.000,0
NH1,535184196.8,2016-12-16,-0.000,0
NH1,535270542.8,2016-12-17,-0.000,0
NH1,535274125.8,2016-12-17,-0.000,0
NH1,535526169.8,2016-12-20,-0.000,0
NH1,535677311.8,2016-12-22,-0.000,0
NH1,535788901.8,2016-12-23,-0.000,0
NH1,535821297.8,2016-12-24,-0.000,0
NH1,536105676.8,2016-12-27,-0.000,0
NH1,536213671.8,2016-12-28,-0.000,0
NH1,536249656.8,2016-12-29,-0.000,0
NH1,536339730.8,2016-12-30,-0.000,0
NH1,537084839.8,2017-01-07,-1.000,1
NH1,537257635.8,2017-01-09,-0.000,0
NH1,537394409.8,2017-01-11,-0.000,0
NH1,537570813.8,2017-01-13,-0.000,0
NH1,537826395.8,2017-01-16,-0.000,0
NH1,537988387.8,2017-01-18,-0.000,0
NH1,538118007.8,2017-01-19,-0.000,0
NH1,538168385.8,2017-01-20,-0.000,0
NH1,538431186.8,2017-01-23,-0.000,0
NH1,538578816.8,2017-01-25,-0.000,0
NH1,538665208.8,2017-01-26,-0.000,0
NH1,538794793.8,2017-01-27,-0.000,0
NH1,538985595.8,2017-01-29,-0.000,0
NH1,539057635.8,2017-01-30,-0.000,0
NH1,539158393.8,2017-01-31,-0.000,0
NH1,539244794.8,2017-02-01,-0.000,0
NH1,539295176.8,2017-02-02,-0.000,0
NH1,539590440.8,2017-02-05,-0.000,0
NH1,539669594.8,2017-02-06,-0.000,0
NH1,539926102.8,2017-02-09,-0.000,0
NH1,540022438.8,2017-02-10,-0.000,0
NH1,540108843.8,2017-02-11,-0.000,0
NH1,540195185.8,2017-02-12,-0.000,0
NH1,540241982.8,2017-02-13,-0.000,0
NH1,540454389.8,2017-02-15,-0.000,0
NH1,540472376.8,2017-02-15,-0.000,0
NH1,540576780.8,2017-02-17,-0.000,0
NH1,540673990.8,2017-02-18,-0.000,0
NH1,540875661.8,2017-02-20,-0.000,0
NH1,540962010.8,2017-02-21,-0.000,0
NH1,540987243.8,2017-02-21,-0.000,0
NH1,541278814.8,2017-02-25,-0.000,0
NH1,541350800.8,2017-02-26,-0.000,0
NH1,541523606.8,2017-02-28,-0.000,0
NH1,541649679.8,2017-03-01,-0.000,0
NH1,541836827.8,2017-03-03,-0.000,0
NH1,541908837.9,2017-03-04,-0.000,0
NH1,541995242.9,2017-03-05,-0.000,0
NH1,542081689.9,2017-03-06,-0.000,0
NH1,542304835.9,2017-03-09,-0.000,0
NH1,542441649.9,2017-03-10,-0.000,0
NH1,542484855.9,2017-03-11,-0.000,0
NH1,542567647.9,2017-03-12,-0.000,0
NH1,542700918.9,2017-03-13,-0.000,0
NH1,542744068.9,2017-03-14,-0.000,0
NH1,542938491.9,2017-03-16,-0.000,0
NH1,543114920.9,2017-03-18,-0.000,0
NH1,543208480.9,2017-03-19,-0.000,0
NH1,543305688.9,2017-03-20,-0.000,0
NH1,543345292.9,2017-03-21,-0.000,0
NH1,543532508.9,2017-03-23,-0.000,0
NH1,543604505.9,2017-03-24,-0.000,0
NH1,543820527.9,2017-03-26,-0.000,0
NH1,543975328.9,2017-03-28,-0.000,0
NH1,544140924.9,2017-03-30,-0.000,0
NH1,544284942.9,2017-04-01,-0.000,0
NH1,544407354.9,2017-04-02,-0.000,0
NH1,544511748.9,2017-04-03,0.000,0
NH1,544558563.9,2017-04-04,0.000,0
NH1,558415540.0,2017-09-11,0.003,0
NH1,558451577.0,2017-09-12,0.000,0
NH1,558583756.0,2017-09-13,0.000,0
NH1,558652146.0,2017-09-14,0.000,0
NH1,558767321.0,2017-09-15,0.000,0
NH1,558853682.0,2017-09-16,0.000,0
NH1,558907652.0,2017-09-17,0.000,0
NH1,558997673.0,2017-09-18,0.000,0
NH1,559170449.1,2017-09-20,0.000,0
NH1,559364822.1,2017-09-22,0.000,0
NH1,559548377.1,2017-09-24,0.000,0
NH1,559624015.1,2017-09-25,0.000,0
NH1,559688759.1,2017-09-26,0.000,0
NH1,560066700.1,2017-09-30,0.000,0
NH1,560117083.1,2017-10-01,0.000,0
NH1,560232276.1,2017-10-02,0.000,0
NH1,560325882.1,2017-10-03,0.000,0
NH1,560397892.1,2017-10-04,0.000,0
NH1,560484254.1,2017-10-05,-0.000,0
NH1,560577836.1,2017-10-06,-0.000,0
NH1,560664220.1,2017-10-07,-0.000,0
NH1,560750608.1,2017-10-08,-0.000,0
NH1,560837000.1,2017-10-09,-0.000,0
NH1,560923385.1,2017-10-10,-0.000,0
NH1,561009770.1,2017-10-11,-0.000,0
NH1,561096162.1,2017-10-12,-0.000,0
NH1,561178939.1,2017-10-13,-0.000,0
NH1,561277222.1,2017-10-14,-0.000,0
NH1,561351714.1,2017-10-15,-0.000,0
NH1,561438105.1,2017-10-16,-0.000,0
NH1,561524491.1,2017-10-17,-0.000,0
NH1,561623360.1,2017-10-18,-0.000,0
NH1,561697313.1,2017-10-19,-0.000,0
NH1,561795955.1,2017-10-20,-0.000,0
NH1,561870047.1,2017-10-21,-0.000,0
NH1,561967223.1,2017-10-22,-0.000,0
NH1,562042821.1,2017-10-23,-0.000,0
NH1,562129210.1,2017-10-24,-0.000,0
NH1,562215596.1,2017-10-25,-0.000,0
NH1,562301986.1,2017-10-26,-0.000,0
NH1,562377560.1,2017-10-27,-0.000,0
NH1,562471153.1,2017-10-28,-0.000,0
NH1,562557546.1,2017-10-29,-0.000,0
NH1,562636788.1,2017-10-30,-0.000,0
NH1,562831115.1,2017-11-01,-0.000,0
NH1,562845530.1,2017-11-01,-0.000,0
NH1,563075880.1,2017-11-04,-0.000,0
NH1,563104660.1,2017-11-04,-0.000,0
NH1,563248653.1,2017-11-06,-0.000,0
NH1,563335042.1,2017-11-07,-0.000,0
NH1,563435818.1,2017-11-08,-0.000,0
NH1,563507820.1,2017-11-09,-0.000,0
NH1,563622990.1,2017-11-10,-0.000,0
NH1,563763384.1,2017-11-12,-0.000,0
NH1,563849768.1,2017-11-13,-0.000,0
NH1,563954154.1,2017-11-14,-0.000,0
NH1,564022545.1,2017-11-15,-0.000,0
NH1,564051328.1,2017-11-15,-0.000,0
NH1,564191721.1,2017-11-17,-0.000,0
NH1,564299710.1,2017-11-18,-0.000,0
NH1,564368109.1,2017-11-19,-0.000,0
NH1,564454502.1,2017-11-20,-0.000,0
NH1,564559859.1,2017-11-21,-0.000,0
NH1,564627281.1,2017-11-22,-0.000,0
NH1,564656061.1,2017-11-22,-0.000,0
NH1,564904441.1,2017-11-25,-0.000,0
NH1,564969243.1,2017-11-26,-0.000,0
NH1,565134812.1,2017-11-28,-0.000,0
NH1,565250925.1,2017-11-29,-0.000,0
NH1,565336392.1,2017-11-30,-0.000,0
NH1,565401198.1,2017-12-01,-0.000,0
NH1,565509174.1,2017-12-02,-0.000,0
NH1,565512758.1,2017-12-02,-0.000,0
NH1,565660369.1,2017-12-04,-0.000,0
NH1,565746792.1,2017-12-05,-0.000,0
NH1,565941151.1,2017-12-07,-0.000,0
NH1,566016744.1,2017-12-08,-0.000,0
NH1,566113964.1,2017-12-09,-0.000,0
NH1,566200313.1,2017-12-10,-0.000,0
NH1,566261512.1,2017-12-11,-0.000,0
NH1,566347903.1,2017-12-12,-0.000,0
NH1,566459662.1,2017-12-13,-0.000,0
NH1,566509874.1,2017-12-14,-0.000,0
NH1,566607080.1,2017-12-15,-0.000,0
NH1,566718674.1,2017-12-16,-0.000,0
NH1,566805061.1,2017-12-17,-0.000,0
NH1,566891455.1,2017-12-18,-0.000,0
NH1,566934678.1,2017-12-19,-0.000,0
NH1,581487119.3,2018-06-05,-0.001,0
NH1,581550907.3,2018-06-06,0.000,0
NH1,581622902.3,2018-06-07,0.000,0
NH1,581730880.3,2018-06-08,0.000,0
NH1,581831686.3,2018-06-09,0.000,0
NH1,581918085.3,2018-06-10,0.000,0
NH1,581994224.3,2018-06-11,0.000,0
NH1,582051255.3,2018-06-12,0.000,0
NH1,582177286.3,2018-06-13,0.000,0
NH1,582271000.3,2018-06-14,0.000,0
NH1,582346465.3,2018-06-15,0.000,0
NH1,582425655.3,2018-06-16,0.000,0
NH1,582519267.3,2018-06-17,0.000,0
NH1,582576868.3,2018-06-18,0.000,0
NH1,582681253.3,2018-06-19,0.000,0
NH1,582749668.3,2018-06-20,0.000,0
NH1,582876456.3,2018-06-21,0.000,0
NH1,582951262.3,2018-06-22,0.000,0
NH1,583048620.3,2018-06-23,0.000,0
NH1,583120456.3,2018-06-24,0.000,0
NH1,583174457.3,2018-06-25,0.000,0
NH1,583296901.3,2018-06-26,0.000,0
NH1,583383295.3,2018-06-27,0.000,0
NH1,583469691.3,2018-06-28,0.000,0
NH1,583556101.3,2018-06-29,0.000,0
NH1,583635234.3,2018-06-30,0.000,0
NH1,583725233.3,2018-07-01,0.000,0
NH1,583804424.3,2018-07-02,0.000,0
NH1,583883619.3,2018-07-03,0.000,0
NH1,583966414.3,2018-07-04,0.000,0
NH1,584085688.3,2018-07-05,0.000,0
NH1,584146406.3,2018-07-06,0.000,0
NH1,584240013.3,2018-07-07,0.000,0
NH1,584326405.3,2018-07-08,0.000,0
NH1,584430970.3,2018-07-09,0.000,0
NH1,584488389.3,2018-07-10,0.000,0
NH1,584603760.3,2018-07-11,0.000,0
NH1,584657580.3,2018-07-12,0.000,0
NH1,584758385.3,2018-07-13,0.000,0
NH1,584844781.3,2018-07-14,0.000,0
NH1,584923966.3,2018-07-15,0.000,0
NH1,585028555.3,2018-07-16,0.000,0
NH1,585075172.3,2018-07-17,0.000,0
NH1,585294912.4,2018-07-19,0.000,0
NH1,585348740.4,2018-07-20,0.000,0
NH1,585442338.4,2018-07-21,0.000,0
NH1,585507150.4,2018-07-22,0.000,0
NH1,585615123.4,2018-07-23,0.000,0
NH1,585766331.4,2018-07-25,0.000,0
NH1,585899677.4,2018-07-26,0.000,0
NH1,585953495.4,2018-07-27,0.000,0
NH1,586014685.4,2018-07-28,0.000,0
NH1,586155250.4,2018-07-29,0.000,0
NH1,586241642.4,2018-07-30,0.000,0
NH1,586302670.4,2018-07-31,0.000,0
NH1,586392661.4,2018-08-01,0.000,0
NH1,586479054.4,2018-08-02,0.000,0
NH1,586551041.4,2018-08-03,0.000,0
NH1,586648235.4,2018-08-04,0.000,0
NH1,586792221.4,2018-08-06,0.000,0
NH1,586885828.4,2018-08-07,0.000,0
NH1,586997414.4,2018-08-08,0.000,0
NH1,587065792.4,2018-08-09,0.000,0
NH1,587155788.4,2018-08-10,0.000,0
NH1,587278529.4,2018-08-11,0.000,0
NH1,587335770.4,2018-08-12,0.000,0
NH1,587418579.4,2018-08-13,0.000,0
NH1,587515797.4,2018-08-14,0.000,0
NH1,587684953.4,2018-08-16,0.000,0
NH1,587886700.4,2018-08-18,0.000,0
NH1,587908120.4,2018-08-18,0.000,0
NH1,588091745.4,2018-08-21,0.000,0
NH1,588289699.4,2018-08-23,0.000,0
NH1,588376090.4,2018-08-24,0.000,0
NH1,588491411.4,2018-08-25,0.000,0
NH1,588548861.4,2018-08-26,0.000,0
NH1,588613643.4,2018-08-27,0.000,0
NH1,589096154.4,2018-09-01,0.000,0
NH1,589153608.4,2018-09-02,0.000,0
NH1,589240000.4,2018-09-03,0.000,0
NH1,589326390.4,2018-09-04,0.000,0
NH1,589668324.4,2018-09-08,0.000,0
NH1,589729543.4,2018-09-09,0.000,0
NH1,589815931.4,2018-09-10,0.000,0
NH1,589898720.4,2018-09-11,0.000,0
NH1,590100273.4,2018-09-13,0.000,0
NH1,590190280.4,2018-09-14,0.000,0
NH1,590273042.4,2018-09-15,0.000,0
NH1,590445822.4,2018-09-17,0.000,0
NH1,590524997.4,2018-09-18,0.000,0
NH1,590618610.4,2018-09-19,0.000,0
NH1,590733825.4,2018-09-20,0.000,0
NH1,590784158.4,2018-09-21,0.000,0
NH1,590910193.4,2018-09-22,0.000,0
NH1,590956929.4,2018-09-23,0.000,0
NH1,591021761.4,2018-09-24,0.000,0
NH1,591115303.4,2018-09-25,0.000,0
NH1,591190939.4,2018-09-25,0.000,0
NH1,591302483.4,2018-09-27,0.000,0
NH1,591388874.4,2018-09-28,0.000,0
NH1,591507710.4,2018-09-29,0.000,0
NH1,591594100.4,2018-09-30,0.000,0
NH1,591687652.4,2018-10-01,0.000,0
NH1,591756035.4,2018-10-02,0.000,0
NH1,591802801.4,2018-10-03,0.000,0
NH1,591928812.4,2018-10-04,0.000,0
NH1,591979180.4,2018-10-05,-0.000,0
NH1,592112425.4,2018-10-06,-0.000,0
NH1,592205986.4,2018-10-07,-0.000,0
NH1,592281567.4,2018-10-08,-0.000,0
NH1,592400354.4,2018-10-09,-0.000,0
NH1,592537119.4,2018-10-11,-0.000,0
NH1,592634319.4,2018-10-12,-0.000,0
NH1,592724295.4,2018-10-13,-0.000,0
NH1,592810684.4,2018-10-14,-0.000,0
NH1,592835852.4,2018-10-15,-0.000,0
NH1,592965464.4,2018-10-16,-0.000,0
NH1,593055470.4,2018-10-17,-0.000,0
NH1,593113025.4,2018-10-18,-0.000,0
NH1,593203021.4,2018-10-19,-0.000,0
NH1,593329004.4,2018-10-20,-0.000,0
NH1,593415394.4,2018-10-21,-0.000,0
NH1,593480187.4,2018-10-22,-0.000,0
NH1,593523353.4,2018-10-22,-0.000,0
NH1,593635000.4,2018-10-24,-0.000,0
NH1,593721374.4,2018-10-25,-0.000,0
NH1,593847329.5,2018-10-26,-0.000,0
NH1,593919337.5,2018-10-27,-0.000,0
NH1,594081293.5,2018-10-29,-0.000,0
NH1,594149689.5,2018-10-30,-0.000,0
NH1,594236089.5,2018-10-31,-0.000,0
NH1,594340460.5,2018-11-01,-0.000,0
NH1,594408853.5,2018-11-02,-0.000,0
NH1,594524058.5,2018-11-03,-0.000,0
NH1,594610457.5,2018-11-04,-0.000,0
NH1,594689617.5,2018-11-05,-0.000,0
NH1,594783241.5,2018-11-06,-0.000,0
NH1,594883995.5,2018-11-07,-0.000,0
NH1,594956024.5,2018-11-08,-0.000,0
NH1,595042403.5,2018-11-09,-0.000,0
NH1,595128794.5,2018-11-10,-0.000,0
NH1,595229542.5,2018-11-11,-0.000,0
NH1,595290734.5,2018-11-12,-0.000,0
NH1,595488710.5,2018-11-14,-0.000,0
NH1,595499512.5,2018-11-14,-0.000,0
NH1,595629324.5,2018-11-16,-0.000,0
NH1,595747876.5,2018-11-17,-0.000,0
NH1,595834308.5,2018-11-18,-0.000,0
NH1,595891859.5,2018-11-19,-0.000,0
NH1,596007095.5,2018-11-20,-0.000,0
NH1,596075471.5,2018-11-21,-0.000,0
NH1,596266238.5,2018-11-23,-0.000,0
NH1,596352625.5,2018-11-24,-0.000,0
NH1,596439025.5,2018-11-25,-0.000,0
NH1,596525388.5,2018-11-26,-0.000,0
NH1,596582986.5,2018-11-27,-0.000,0
NH1,596698170.5,2018-11-28,-0.000,0
NH1,596784565.5,2018-11-29,-0.000,0
NH1,596870951.5,2018-11-30,-0.000,0
NH1,596957358.5,2018-12-01,-0.000,0
NH1,597043753.5,2018-12-02,-0.000,0
NH1,597108566.5,2018-12-03,-0.000,0
NH1,597216527.5,2018-12-04,-0.000,0
NH1,597302916.5,2018-12-05,-0.000,0
NH1,597389310.5,2018-12-06,-0.000,0
NH1,597446893.5,2018-12-07,-0.000,0
NH1,597558481.5,2018-12-08,-0.000,0
NH1,597648480.5,2018-12-09,-0.000,0
NH1,597727665.5,2018-12-10,-0.000,0
NH1,597821262.5,2018-12-11,-0.000,0
NH1,597907661.5,2018-12-12,-0.000,0
NH1,597972481.5,2018-12-13,-0.000,0
NH1,598080435.5,2018-12-14,-0.000,0
NH1,598159624.5,2018-12-15,-0.000,0
NH1,598246022.5,2018-12-16,-0.000,0
NH1,598332410.5,2018-12-17,-0.000,0
NH1,598426020.5,2018-12-18,-0.000,0
NH1,598487248.5,2018-12-19,-0.000,0
NH1,598598812.5,2018-12-20,-0.000,0
NH1,598681598.5,2018-12-21,-0.000,0
NH1,598771598.5,2018-12-22,-0.000,0
NH1,598839975.5,2018-12-23,-0.000,0
NH1,598933571.5,2018-12-24,-0.000,0
NH1,599030772.5,2018-12-25,-0.000,0
NH1,599117161.5,2018-12-26,-0.000,0
NH1,599203559.5,2018-12-27,-0.000,0
NH1,599289998.5,2018-12-28,-0.000,0
NH1,599376380.5,2018-12-29,-0.000,0
NH1,599437581.5,2018-12-30,-0.000,0
NH1,599538334.5,2018-12-31,-0.000,0
NH1,599631977.5,2019-01-01,-0.000,0
NH1,599721915.5,2019-01-02,-0.000,0
NH1,599808310.5,2019-01-03,-0.000,0
NH1,599865926.5,2019-01-04,-0.000,0
NH1,600233101.5,2019-01-08,-0.000,0
NH1,600326665.5,2019-01-09,-0.000,0
NH1,600413093.5,2019-01-10,-0.000,0
NH1,600499456.5,2019-01-11,-0.000,0
NH1,600585854.5,2019-01-12,-0.000,0
NH1,600672250.5,2019-01-13,-0.000,0
NH1,600751451.5,2019-01-14,-0.000,0
NH1,600812658.5,2019-01-15,-0.000,0
NH1,600909845.5,2019-01-16,-0.000,0
NH1,601104238.5,2019-01-18,-0.000,0
NH1,601190637.5,2019-01-19,-0.000,0
NH1,601277034.5,2019-01-20,-0.000,0
NH1,601352637.5,2019-01-21,-0.000,0
NH1,601449829.5,2019-01-22,-0.000,0
NH1,601536227.5,2019-01-23,-0.000,0
NH1,601622627.5,2019-01-24,-0.000,0
NH1,601709027.5,2019-01-25,-0.000,0
NH1,601795426.5,2019-01-26,-0.000,0
NH1,601881824.5,2019-01-27,-0.000,0
NH1,601961038.5,2019-01-28,-0.000,0
NH1,602043826.5,2019-01-29,-0.000,0
NH1,602105037.5,2019-01-30,-0.000,0
NH1,602313820.5,2019-02-01,-0.000,0
NH1,602400222.5,2019-02-02,-0.000,0
NH1,602486621.5,2019-02-03,-0.000,0
NH1,602533425.5,2019-02-04,-0.000,0
NH1,602652243.6,2019-02-05,-0.000,0
NH1,602735026.6,2019-02-06,-0.000,0
NH1,602832222.6,2019-02-07,-0.000,0
NH1,602918622.6,2019-02-08,-0.000,0
NH1,603005021.6,2019-02-09,-0.000,0
NH1,603091423.6,2019-02-10,-0.000,0
NH1,603174220.6,2019-02-11,-0.000,0
NH1,603224632.6,2019-02-12,-0.000,0
NH1,603325422.6,2019-02-13,-0.000,0
NH1,603437028.6,2019-02-14,-0.000,0
NH1,603519828.6,2019-02-15,-0.000,0
NH1,603609832.6,2019-02-16,-0.000,0
NH1,603697170.6,2019-02-17,-0.000,0
NH1,603757432.6,2019-02-18,-0.000,0
NH1,603843835.6,2019-02-19,-0.000,0
NH1,603930233.6,2019-02-20,-0.000,0
NH1,604041838.6,2019-02-21,-0.000,0
NH1,604128240.6,2019-02-22,-0.000,0
NH1,604214643.6,2019-02-23,-0.000,0
NH1,604301048.6,2019-02-24,-0.000,0
NH1,604387449.6,2019-02-25,-0.000,0
NH1,604419839.6,2019-02-26,-0.000,0
NH1,604560253.6,2019-02-27,-0.000,0
NH1,604639454.6,2019-02-28,-0.000,0
NH1,604733081.6,2019-03-01,-0.000,0
NH1,604790685.6,2019-03-02,-0.000,0
NH1,605079338.6,2019-03-05,-0.000,0
NH1,605136297.6,2019-03-06,-0.000,0
NH1,605413563.6,2019-03-09,-0.000,0
NH1,605463913.6,2019-03-10,-0.000,0
NH1,605597169.6,2019-03-11,-0.000,0
NH1,605661926.6,2019-03-12,-0.000,0
NH1,605942724.6,2019-03-15,-0.000,0
NH1,606187586.6,2019-03-18,-0.000,0
NH1,606230742.6,2019-03-19,-0.000,0
NH1,606443126.6,2019-03-21,-0.000,0
NH1,606547533.6,2019-03-22,-0.000,0
NH1,606630337.6,2019-03-23,-0.000,0
NH1,606720345.6,2019-03-24,-0.000,0
NH1,606795946.6,2019-03-25,-0.000,0
NH1,606860747.6,2019-03-26,-0.000,0
NH1,606918345.6,2019-03-27,-0.000,0
NH1,607004745.6,2019-03-28,-0.000,0
NH1,607152364.6,2019-03-29,-0.000,0
NH1,607238769.6,2019-03-30,-0.000,0
NH1,607325173.6,2019-03-31,-0.000,0
NH1,607382773.6,2019-04-01,-0.000,0
NH1,607479975.6,2019-04-02,-0.000,0
NH1,607566383.6,2019-04-03,-0.000,0
NH1,607757196.6,2019-04-05,0.000,0
NH1,607764385.6,2019-04-05,0.000,0
NH1,607926403.6,2019-04-07,0.000,0
NH1,608009208.6,2019-04-08,0.000,0
NH1,608099212.6,2019-04-09,0.000,0
NH1,608174815.6,2019-04-10,0.000,0
NH1,608264821.6,2019-04-11,0.000,0
NH1,608362028.6,2019-04-12,0.000,0
NH1,608441232.6,2019-04-13,0.000,0
NH1,608520432.6,2019-04-14,0.000,0
NH1,608588832.6,2019-04-15,0.000,0
NH1,608700445.6,2019-04-16,0.000,0
NH1,608779648.6,2019-04-17,0.000,0
NH1,608876851.6,2019-04-18,0.000,0
NH1,608956054.6,2019-04-19,0.000,0
NH1,609049664.6,2019-04-20,0.000,0
NH1,609139671.6,2019-04-21,0.000,0
NH1,609218869.6,2019-04-22,0.000,0
NH1,609301674.6,2019-04-23,0.000,0
NH1,609395281.6,2019-04-24,0.000,0
NH1,609474482.6,2019-04-25,0.000,0
NH1,609568087.6,2019-04-26,0.000,0
NH1,609640088.6,2019-04-27,0.000,0
NH1,609737296.6,2019-04-28,0.000,0
NH1,609823699.6,2019-04-29,0.000,0
NH1,609884907.6,2019-04-30,0.000,0
NH1,609967702.6,2019-05-01,0.000,0
NH1,610082912.6,2019-05-02,0.000,0
NH1,610262929.6,2019-05-04,0.000,0
NH1,610327717.6,2019-05-05,0.000,0
NH1,610428525.6,2019-05-06,0.000,0
NH1,610504125.6,2019-05-07,0.000,0
NH1,610694959.6,2019-05-09,0.000,0
NH1,610781366.6,2019-05-10,0.000,0
NH1,610838956.6,2019-05-11,0.000,0
NH1,610954171.6,2019-05-12,0.000,0
NH1,611040577.6,2019-05-13,0.000,0
NH1,611112548.6,2019-05-14,0.000,0
NH1,611206153.6,2019-05-15,0.000,0
NH1,611299786.6,2019-05-16,0.000,0
NH1,611382572.7,2019-05-17,0.000,0
NH1,611454556.7,2019-05-18,0.000,0
NH1,611548162.7,2019-05-19,0.000,0
NH1,611638169.7,2019-05-20,0.000,0
NH1,611710165.7,2019-05-21,0.000,0
NH1,611800169.7,2019-05-22,0.000,0
NH1,611901002.7,2019-05-23,0.000,0
NH1,611987396.7,2019-05-24,0.000,0
NH1,612044991.7,2019-05-25,0.000,0
NH1,612160205.7,2019-05-26,0.000,0
NH1,612242988.7,2019-05-27,0.000,0
NH1,612333004.7,2019-05-28,0.000,0
NH1,612505807.7,2019-05-30,0.000,0
NH1,612592215.7,2019-05-31,0.000,0
NH1,612667785.7,2019-06-01,0.000,0
NH1,612765012.7,2019-06-02,0.000,0
NH1,612847796.7,2019-06-03,0.000,0
NH1,612934196.7,2019-06-04,0.000,0
NH1,612991808.7,2019-06-05,0.000,0
NH1,613107001.7,2019-06-06,0.000,0
NH1,613164611.7,2019-06-07,0.000,0
NH1,613287077.7,2019-06-08,0.000,0
NH1,613351786.7,2019-06-09,0.000,0
NH1,613434587.7,2019-06-10,0.000,0
NH1,613539012.7,2019-06-11,0.000,0
NH1,613607386.7,2019-06-12,0.000,0
NH1,613711814.7,2019-06-13,0.000,0
NH1,613758584.7,2019-06-14,0.000,0
NH1,613884617.7,2019-06-15,0.000,0
NH1,613938604.7,2019-06-16,0.000,0
NH1,614025003.7,2019-06-17,0.000,0
NH1,614143809.7,2019-06-18,0.000,0
NH1,614197802.7,2019-06-19,0.000,0
NH1,614284198.7,2019-06-20,0.000,0
NH1,614388578.7,2019-06-21,0.000,0
NH1,614474976.7,2019-06-22,0.000,0
NH1,614572247.7,2019-06-23,0.000,0
NH1,614658596.7,2019-06-24,0.000,0
NH1,614716194.7,2019-06-25,0.000,0
NH1,614831395.7,2019-06-26,0.000,0
NH1,615004193.7,2019-06-28,0.000,0
NH1,615058182.7,2019-06-29,0.000,0
NH1,615176989.7,2019-06-30,0.000,0
NH1,615256161.7,2019-07-01,0.000,0
NH1,615346163.7,2019-07-02,0.000,0
NH1,615425350.7,2019-07-03,0.000,0
NH1,615490167.7,2019-07-04,0.000,0
NH1,615619822.7,2019-07-05,0.000,0
NH1,615684538.7,2019-07-06,0.000,0
NH1,615778162.7,2019-07-07,0.000,0
NH1,615879004.7,2019-07-08,0.000,0
NH1,615922149.7,2019-07-09,0.000,0
NH1,616033734.7,2019-07-10,0.000,0
NH1,616138198.7,2019-07-11,0.000,0
NH1,616210130.7,2019-07-12,0.000,0
NH1,616282110.7,2019-07-13,0.000,0
NH1,616350515.7,2019-07-14,0.000,0
NH1,616483783.7,2019-07-15,0.000,0
NH1,616548497.7,2019-07-16,0.000,0
NH1,616627687.7,2019-07-17,0.000,0
NH1,616717685.7,2019-07-18,0.000,0
NH1,616811296.7,2019-07-19,0.000,0
NH1,616890475.7,2019-07-20,0.000,0
NH1,617070476.7,2019-07-22,0.000,0
NH1,617128076.7,2019-07-23,0.000,0
NH1,617261323.7,2019-07-24,0.000,0
NH1,617322446.7,2019-07-25,0.000,0
NH1,617412447.7,2019-07-26,0.000,0
NH1,617473648.7,2019-07-27,0.000,0
NH1,617578022.7,2019-07-28,0.000,0
NH1,617675238.7,2019-07-29,0.000,0
NH1,617747205.7,2019-07-30,0.000,0
NH1,617840803.7,2019-07-31,0.000,0
NH1,617902014.7,2019-08-01,0.000,0
NH1,618006384.7,2019-08-02,0.000,0
NH1,618125261.7,2019-08-03,0.000,0
NH1,618211656.7,2019-08-04,0.000,0
NH1,618276383.7,2019-08-05,0.000,0
NH1,618333980.7,2019-08-06,0.000,0
NH1,618470824.7,2019-08-07,0.000,0
NH1,618528340.7,2019-08-08,0.000,0
NH1,618618339.7,2019-08-09,0.000,0
NH1,618701126.7,2019-08-10,0.000,0
NH1,618816387.7,2019-08-11,0.000,0
NH1,618902778.7,2019-08-12,0.000,0
NH1,618963901.7,2019-08-13,0.000,0
NH1,619043088.7,2019-08-14,0.000,0
NH1,619136688.7,2019-08-15,0.000,0
NH1,619223080.7,2019-08-16,0.000,0
NH1,619309473.7,2019-08-17,0.000,0
NH1,619392254.7,2019-08-18,0.000,0
NH1,619453462.7,2019-08-19,0.000,0
NH1,619568647.7,2019-08-20,0.000,0
NH1,619680292.7,2019-08-21,0.000,0
NH1,619766624.7,2019-08-22,0.000,0
NH1,619827817.7,2019-08-23,0.000,0
NH1,619939469.7,2019-08-24,0.000,0
NH1,619996995.7,2019-08-25,0.000,0
NH1,620083384.7,2019-08-26,0.000,0
NH1,620158962.8,2019-08-27,0.000,0
NH1,620252553.8,2019-08-28,0.000,0
NH1,620328137.8,2019-08-29,0.000,0
NH1,620425357.8,2019-08-30,0.000,0
NH1,620716948.8,2019-09-02,0.000,0
NH1,620832143.8,2019-09-04,0.000,0
NH1,620976163.8,2019-09-05,0.000,0
NH1,621033682.8,2019-09-06,0.000,0
NH1,621148870.8,2019-09-07,0.000,0
NH1,621235256.8,2019-09-08,0.000,0
NH1,621285620.8,2019-09-09,0.000,0
NH1,621408036.8,2019-09-10,0.000,0
NH1,621462003.8,2019-09-11,0.000,0
NH1,621580810.8,2019-09-12,0.000,0
NH1,621667208.8,2019-09-13,0.000,0
NH1,621750034.8,2019-09-14,0.000,0
NH1,621796748.8,2019-09-15,0.000,0
NH1,621922771.8,2019-09-16,0.000,0
NH1,621969524.8,2019-09-17,0.000,0
NH1,622063117.8,2019-09-18,0.000,0
NH1,622153116.8,2019-09-19,0.000,0
NH1,622268326.8,2019-09-20,0.000,0
NH1,622297097.8,2019-09-21,0.000,0
NH1,622441098.8,2019-09-22,0.000,0
NH1,622527482.8,2019-09-23,0.000,0
NH1,622617456.8,2019-09-24,0.000,0
NH1,622631826.8,2019-09-24,0.000,0
NH1,622747014.8,2019-09-26,0.000,0
NH1,622930620.8,2019-09-28,0.000,0
NH1,623042212.8,2019-09-29,0.000,0
NH1,623099777.8,2019-09-30,0.000,0
NH1,623387750.8,2019-10-03,0.000,0
NH1,623481328.8,2019-10-04,0.000,0
NH1,623567714.8,2019-10-05,-0.000,0
NH1,623618102.8,2019-10-06,0.000,0
NH1,623733312.8,2019-10-07,-0.000,0
NH1,623960042.8,2019-10-10,-0.000,0
NH1,624086042.8,2019-10-11,-0.000,0
NH1,624104038.8,2019-10-11,-0.000,0
NH1,624251632.8,2019-10-13,-0.000,0
NH1,624334425.8,2019-10-14,-0.000,0
NH1,624449592.8,2019-10-15,-0.000,0
NH1,624595267.8,2019-10-17,-0.000,0
NH1,624690749.8,2019-10-18,-0.000,0
NH1,624737608.8,2019-10-19,-0.000,0
NH1,624823927.8,2019-10-20,-0.000,0
NH1,624939135.8,2019-10-21,-0.000,0
NH1,624993094.8,2019-10-22,-0.000,0
NH1,625266663.8,2019-10-25,-0.000,0
NH1,625342264.8,2019-10-26,-0.000,0
NH1,625414228.8,2019-10-27,-0.000,0
NH1,625511427.8,2019-10-28,-0.000,0
NH1,625612209.8,2019-10-29,-0.000,0
NH1,625684199.8,2019-10-30,-0.000,0
NH1,625813877.8,2019-10-31,-0.000,0
NH1,625821055.8,2019-10-31,-0.000,0
NH1,625939757.8,2019-11-02,-0.000,0
NH1,626029749.8,2019-11-03,-0.000,0
NH1,626144956.8,2019-11-04,-0.000,0
NH1,626173740.8,2019-11-04,-0.000,0
NH1,626328518.8,2019-11-06,-0.000,0
NH1,626490513.8,2019-11-08,-0.000,0
NH1,626569686.8,2019-11-09,-0.000,0
NH1,626663299.8,2019-11-10,-0.000,0
NH1,626717257.8,2019-11-11,-0.000,0
NH1,626796441.8,2019-11-12,-0.000,0
NH1,626936841.8,2019-11-13,-0.000,0
NH1,626947630.8,2019-11-13,-0.000,0
NH1,627102421.8,2019-11-15,-0.000,0
NH1,627188812.8,2019-11-16,-0.000,0
NH1,627228386.8,2019-11-17,-0.000,0
NH1,627318377.8,2019-11-18,-0.000,0
NH1,627437189.8,2019-11-19,-0.000,0
NH1,627541567.8,2019-11-20,-0.000,0
NH1,627552367.8,2019-11-20,-0.000,0
NH1,627714343.8,2019-11-22,-0.000,0
NH1,627782755.8,2019-11-23,-0.000,0
NH1,627887126.8,2019-11-24,-0.000,0
NH1,627955542.8,2019-11-25,-0.000,0
NH1,628009502.8,2019-11-26,-0.000,0
NH1,628355063.8,2019-11-30,-0.000,0
NH1,628491855.8,2019-12-01,-0.000,0
NH1,628556674.8,2019-12-02,-0.000,0
NH1,628614237.8,2019-12-03,-0.000,0
NH1,628743902.8,2019-12-04,-0.000,0
NH1,628787020.8,2019-12-05,-0.000,0
NH1,629157795.9,2019-12-09,-0.000,0
NH1,629269391.9,2019-12-10,-0.000,0
NH1,629301765.9,2019-12-11,-0.000,0
NH1,629528563.9,2019-12-13,-0.000,0
NH1,629589759.9,2019-12-14,-0.000,0
NH1,629668936.9,2019-12-15,-0.000,0
NH1,629762544.9,2019-12-16,-0.000,0
NH1,629874134.9,2019-12-17,-0.000,0
NH1,629960526.9,2019-12-18,-0.000,0
NH1,629964124.9,2019-12-18,-0.000,0
NH1,630133305.9,2019-12-20,-0.000,0
NH1,630144079.9,2019-12-20,-0.000,0
NH1,630280949.9,2019-12-22,-0.000,0
NH1,630442876.9,2019-12-24,-0.000,0
NH1,630738101.9,2019-12-27,-0.000,0
NH1,630824455.9,2019-12-28,-0.000,0
NH1,630910849.9,2019-12-29,-0.000,0
NH1,630990047.9,2019-12-30,-0.000,0
NH1,631342827.9,2020-01-03,-0.000,0
NH1,631400446.9,2020-01-04,-0.000,0
NH1,631515615.9,2020-01-05,-0.000,0
NH1,631573237.9,2020-01-06,-0.000,0
NH1,631648806.9,2020-01-07,-0.000,0
NH1,631774807.9,2020-01-08,-0.000,0
NH1,631947599.9,2020-01-10,-0.000,0
NH1,632030396.9,2020-01-11,-0.000,0
NH1,632120392.9,2020-01-12,-0.000,0
NH1,632127567.9,2020-01-12,-0.000,0
NH1,632253580.9,2020-01-14,-0.000,0
NH1,632336379.9,2020-01-15,-0.000,0
NH1,632465981.9,2020-01-16,-0.000,0
NH1,632519996.9,2020-01-17,-0.000,0
NH1,632577567.9,2020-01-17,-0.000,0
NH1,632692791.9,2020-01-19,-0.000,0
NH1,632797171.9,2020-01-20,-0.000,0
NH1,633157161.9,2020-01-24,-0.000,0
NH1,633239990.9,2020-01-25,-0.000,0
NH1,633283152.9,2020-01-26,-0.000,0
NH1,633589155.9,2020-01-29,-0.000,0
NH1,633657554.9,2020-01-30,-0.000,0
NH1,633837562.9,2020-02-01,-0.000,0
NH1,633869946.9,2020-02-01,-0.000,0
NH1,633985161.9,2020-02-03,-0.000,0
NH1,634186782.9,2020-02-05,-0.000,0
NH1,634359580.9,2020-02-07,-0.000,0
NH1,634453243.9,2020-02-08,-0.000,0
NH1,634521557.9,2020-02-09,-0.000,0
NH1,634589974.9,2020-02-10,-0.000,0
NH1,634705188.9,2020-02-11,-0.000,0
NH1,634769959.9,2020-02-12,-0.000,0
NH1,634971648.9,2020-02-14,-0.000,0
NH1,635058049.9,2020-02-15,-0.000,0
NH1,635133593.9,2020-02-16,-0.000,0
NH1,635191172.9,2020-02-17,-0.000,0
NH1,635392798.9,2020-02-19,-0.000,0
NH1,635565598.9,2020-02-21,-0.000,0
NH1,635659262.9,2020-02-22,-0.000,0
NH1,635709590.9,2020-02-23,-0.000,0
NH1,635795995.9,2020-02-24,-0.000,0
NH1,635882401.9,2020-02-25,-0.000,0
NH1,635947185.9,2020-02-25,-0.000,0
NH1,636033582.9,2020-02-26,-0.000,0
NH1,636177681.9,2020-02-28,-0.000,0
NH1,636245989.9,2020-02-29,-0.000,0
NH1,636339616.9,2020-03-01,-0.000,0
NH1,636512427.9,2020-03-03,-0.000,0
NH1,636613294.9,2020-03-04,-0.000,0
NH1,636685237.9,2020-03-05,-0.000,0
NH1,636786101.9,2020-03-06,-0.000,0
NH1,636858037.9,2020-03-07,-0.000,0
NH1,636926412.9,2020-03-08,-0.000,0
NH1,637027231.9,2020-03-09,-0.000,0
NH1,637099217.9,2020-03-10,-0.000,0
NH1,637246818.9,2020-03-12,-0.000,0
NH1,637390912.9,2020-03-13,-0.000,0
NH1,637455645.9,2020-03-14,-0.000,0
NH1,637531236.0,2020-03-15,-0.000,0
NH1,637632067.0,2020-03-16,-0.000,0
NH1,637675242.0,2020-03-16,-0.000,0
NH1,637768842.0,2020-03-18,-0.000,0
NH1,637844451.0,2020-03-18,-0.000,0
NH1,637984935.0,2020-03-20,-0.000,0
NH1,638035274.0,2020-03-21,-0.000,0
NH1,638208092.0,2020-03-23,-0.000,0
NH1,638323305.0,2020-03-24,-0.000,0
NH1,638377278.0,2020-03-25,-0.000,0
NH1,638452873.0,2020-03-26,-0.000,0
NH1,638553710.0,2020-03-27,-0.000,0
NH1,638686975.0,2020-03-28,-0.000,0
NH1,638755323.0,2020-03-29,-0.000,0
NH1,638917307.0,2020-03-31,-0.000,0
NH1,639086513.0,2020-04-02,-0.000,0
NH1,639205410.0,2020-04-03,-0.000,0
NH1,639270137.0,2020-04-04,0.000,0
NH1,639432131.0,2020-04-06,0.000,0
NH1,639529392.0,2020-04-07,0.000,0
NH1,639615767.0,2020-04-08,0.000,0
NH1,639709441.0,2020-04-09,0.000,0
NH1,639759770.0,2020-04-10,0.000,0
NH1,639874987.0,2020-04-11,0.000,0
NH1,640069448.0,2020-04-13,0.000,0
NH1,640130598.0,2020-04-14,0.000,0
NH1,640209772.0,2020-04-15,0.000,0
NH1,640357397.0,2020-04-17,0.000,0
NH1,640476218.0,2020-04-18,0.000,0
NH1,640558997.0,2020-04-19,0.000,0
NH1,640656288.0,2020-04-20,0.000,0
NH1,640706669.0,2020-04-21,0.000,0
NH1,640994688.0,2020-04-24,0.000,0
NH1,641394279.0,2020-04-29,0.000,0
NH1,641610335.0,2020-05-01,0.000,0
NH1,641873149.0,2020-05-04,0.000,0
NH1,642200752.0,2020-05-08,0.000,0
NH1,642517555.0,2020-05-12,0.000,0
NH1,642812761.0,2020-05-15,0.000,0
NH1,643147584.0,2020-05-19,0.000,0
NH1,643440102.0,2020-05-22,0.000,0
NH1,643464348.0,2020-05-23,0.000,0
NH1,643784802.0,2020-05-26,0.000,0
NH1,643806356.0,2020-05-26,0.000,0
NH1,644044003.0,2020-05-29,0.000,0
NH1,644105208.0,2020-05-30,0.000,0
NH1,644303217.0,2020-06-01,0.000,0
NH1,644324798.0,2020-06-01,0.000,0
NH1,644612798.0,2020-06-05,0.000,0
NH1,644958400.0,2020-06-09,0.000,0
NH1,645030348.0,2020-06-10,0.000,0
NH1,645253588.0,2020-06-12,0.000,0
NH1,645275188.0,2020-06-12,0.000,0
NH1,645559592.0,2020-06-16,0.000,0
NH1,645685581.0,2020-06-17,0.000,0
NH1,645692740.0,2020-06-17,0.000,0
NH1,645858377.0,2020-06-19,0.000,0
NH1,645876396.0,2020-06-19,0.000,0
NH1,646203982.0,2020-06-23,0.000,0
NH1,646221986.0,2020-06-23,0.000,0
NH1,646423582.1,2020-06-26,0.000,0
NH1,646589131.1,2020-06-28,0.000,0
NH1,646808741.1,2020-06-30,0.000,0
NH1,646826764.1,2020-06-30,0.000,0
NH1,646981534.1,2020-07-02,0.000,0
NH1,647031969.1,2020-07-03,0.000,0
NH1,647154327.1,2020-07-04,0.000,0
NH1,647183104.1,2020-07-05,0.000,0
NH1,647370349.1,2020-07-07,0.000,0
NH1,647672703.1,2020-07-10,0.000,0
NH1,647701477.1,2020-07-11,0.000,0
NH1,647874275.1,2020-07-13,0.000,0
NH1,647971522.1,2020-07-14,0.000,0
NH1,648277468.1,2020-07-17,0.000,0
NH1,648288289.1,2020-07-17,0.000,0
NH1,648533020.1,2020-07-20,0.000,0
NH1,648623013.1,2020-07-21,0.000,0
NH1,648709409.1,2020-07-22,0.000,0
NH1,648720288.1,2020-07-22,0.000,0
NH1,648882199.1,2020-07-24,0.000,0
NH1,648885776.1,2020-07-24,0.000,0
NH1,649141375.1,2020-07-27,0.000,0
NH1,649206235.1,2020-07-28,0.000,0
NH1,649263778.1,2020-07-29,0.000,0
NH1,649400557.1,2020-07-30,0.000,0
NH1,649486948.1,2020-07-31,0.000,0
NH1,649522958.1,2020-08-01,0.000,0
NH1,649656135.1,2020-08-02,0.000,0
NH1,649782124.1,2020-08-04,0.000,0
NH1,649918915.1,2020-08-05,0.000,0
NH1,649926107.1,2020-08-05,0.000,0
NH1,650091697.1,2020-08-07,0.000,0
NH1,650149366.1,2020-08-08,0.000,0
NH1,650203263.1,2020-08-08,0.000,0
NH1,650350875.1,2020-08-10,0.000,0
NH1,650437262.1,2020-08-11,0.000,0
NH1,650520055.1,2020-08-12,0.000,0
NH1,650602843.1,2020-08-13,0.000,0
NH1,650642439.1,2020-08-14,0.000,0
NH1,650782877.1,2020-08-15,0.000,0
NH1,650869219.1,2020-08-16,0.000,0
NH1,651016869.1,2020-08-18,0.000,0
NH1,651074406.1,2020-08-19,0.000,0
NH1,651214791.1,2020-08-20,0.000,0
NH1,651301175.1,2020-08-21,0.000,0
NH1,651383962.1,2020-08-22,0.000,0
NH1,651484732.1,2020-08-23,0.000,0
NH1,651646737.1,2020-08-25,0.000,0
NH1,651733177.1,2020-08-26,0.000,0
NH1,651815909.1,2020-08-27,0.000,0
NH1,651905922.1,2020-08-28,0.000,0
NH1,651988690.1,2020-08-29,0.000,0
NH1,652078699.1,2020-08-30,0.000,0
NH1,652107484.1,2020-08-31,0.000,0
NH1,652251463.1,2020-09-01,0.000,0
NH1,652280264.1,2020-09-02,0.000,0
NH1,652406240.1,2020-09-03,0.000,0
NH1,652453095.1,2020-09-04,0.000,0
NH1,652597082.1,2020-09-05,0.000,0
NH1,652684627.1,2020-09-06,0.000,0
NH1,652769812.1,2020-09-07,0.000,0
NH1,652856198.1,2020-09-08,0.000,0
NH1,652942596.1,2020-09-09,0.000,0
NH1,652967759.1,2020-09-09,0.000,0
NH1,653111766.1,2020-09-11,0.000,0
NH1,653201757.1,2020-09-12,0.000,0
NH1,653288149.1,2020-09-13,0.000,0
NH1,653313308.1,2020-09-13,0.000,0
NH1,653399717.1,2020-09-14,0.000,0
NH1,653572491.1,2020-09-16,0.000,0
NH1,653716476.1,2020-09-18,0.000,0
NH1,653802859.1,2020-09-19,0.000,0
NH1,653979240.1,2020-09-21,0.000,0
NH1,654062035.1,2020-09-22,0.000,0
NH1,654321202.1,2020-09-25,0.000,0
NH1,654403974.1,2020-09-26,0.000,0
NH1,654493979.1,2020-09-27,0.000,0
NH1,654519152.1,2020-09-27,0.000,0
NH1,654670329.1,2020-09-29,0.000,0
NH1,654684699.1,2020-09-29,0.000,0
NH1,654844593.1,2020-10-01,0.000,0
NH1,654930384.1,2020-10-02,0.000,0
NH1,655015877.1,2020-10-03,0.000,0
NH1,655102881.2,2020-10-04,0.000,0
NH1,655188853.2,2020-10-05,0.000,0
NH1,655267860.2,2020-10-06,-0.000,0
NH1,655361429.2,2020-10-07,-0.000,0
NH1,655449391.2,2020-10-08,-0.000,0
NH1,655527027.2,2020-10-09,-0.000,0
NH1,655620585.2,2020-10-10,-0.000,0
NH1,655699793.2,2020-10-11,-0.000,0
NH1,655786182.2,2020-10-12,-0.000,0
NH1,655872572.2,2020-10-13,-0.000,0
NH1,655967655.2,2020-10-14,-0.000,0
NH1,655976912.2,2020-10-14,-0.000,0
NH1,656214509.2,2020-10-17,-0.000,0
NH1,656301825.2,2020-10-18,-0.000,0
NH1,656395373.2,2020-10-19,-0.000,0
NH1,656470137.2,2020-10-20,-0.000,0
NH1,656560133.2,2020-10-21,-0.000,0
NH1,656657317.2,2020-10-22,-0.000,0
NH1,656743704.2,2020-10-23,-0.000,0
NH1,656815696.2,2020-10-24,-0.000,0
NH1,656916399.2,2020-10-25,-0.000,0
NH1,657002787.2,2020-10-26,-0.000,0
NH1,657089176.2,2020-10-27,-0.000,0
NH1,657103588.2,2020-10-27,-0.000,0
NH1,657348339.2,2020-10-30,-0.000,0
NH1,657434724.2,2020-10-31,-0.000,0
NH1,657522559.2,2020-11-01,-0.000,0
NH1,657593128.2,2020-11-02,-0.000,0
NH1,657794691.2,2020-11-04,-0.000,0
NH1,657953054.2,2020-11-06,-0.000,0
NH1,657960242.2,2020-11-06,-0.000,0
NH1,658212221.2,2020-11-09,-0.000,0
NH1,658284238.2,2020-11-10,-0.000,0
NH1,658313024.2,2020-11-10,-0.000,0
NH1,658543402.2,2020-11-13,-0.000,0
NH1,658644168.2,2020-11-14,-0.000,0
NH1,658730559.2,2020-11-15,-0.000,0
NH1,658809750.2,2020-11-16,-0.000,0
NH1,658903335.2,2020-11-17,-0.000,0
NH1,658914139.2,2020-11-17,-0.000,0
NH1,659162501.2,2020-11-20,-0.000,0
NH1,659248894.2,2020-11-21,-0.000,0
NH1,659335286.2,2020-11-22,-0.000,0
NH1,659421677.2,2020-11-23,-0.000,0
NH1,659490086.2,2020-11-24,-0.000,0
NH1,659680846.2,2020-11-26,-0.000,0
NH1,659767233.2,2020-11-27,-0.000,0
NH1,659774445.2,2020-11-27,-0.000,0
NH1,659940017.2,2020-11-29,-0.000,0
NH1,660105594.2,2020-12-01,-0.000,0
NH1,660199189.2,2020-12-02,-0.000,0
NH1,660253175.2,2020-12-03,-0.000,0
NH1,660343168.2,2020-12-04,-0.000,0
NH1,660436773.2,2020-12-05,-0.000,0
NH1,660544755.2,2020-12-06,-0.000,0
NH1,660602342.2,2020-12-07,-0.000,0
NH1,660710335.2,2020-12-08,-0.000,0
NH1,660865121.2,2020-12-10,-0.000,0
NH1,660976722.2,2020-12-11,-0.000,0
NH1,661041530.2,2020-12-12,-0.000,0
NH1,661149498.2,2020-12-13,-0.000,0
NH1,661153093.2,2020-12-13,-0.000,0
NH1,661322286.2,2020-12-15,-0.000,0
NH1,661325876.2,2020-12-15,-0.000,0
NH1,661549056.2,2020-12-18,-0.000,0
NH1,661667872.2,2020-12-19,-0.000,0
NH1,661743447.2,2020-12-20,-0.000,0
NH1,661927083.2,2020-12-22,-0.000,0
NH1,661977465.2,2020-12-23,-0.000,0
NH1,662359101.2,2020-12-27,-0.000,0
NH1,662791014.2,2021-01-01,-0.000,0
NH1,662848586.2,2021-01-02,-0.000,0
NH1,662942180.2,2021-01-03,-0.000,0
NH1,662989047.2,2021-01-03,-0.000,0
NH1,663107785.2,2021-01-05,-0.000,0
NH1,663172580.2,2021-01-06,-0.000,0
NH1,663309448.2,2021-01-07,-0.000,0
NH1,663366975.2,2021-01-08,-0.000,0
NH1,663673022.2,2021-01-11,-0.000,0
NH1,663856549.3,2021-01-14,-0.000,0
NH1,664083358.3,2021-01-16,-0.000,0
NH1,664256139.3,2021-01-18,-0.000,0
NH1,664342813.3,2021-01-19,-0.000,0
NH1,664393009.3,2021-01-20,-0.000,0
NH1,664590907.3,2021-01-22,-0.000,0
NH1,664680915.3,2021-01-23,-0.000,0
NH1,664763707.3,2021-01-24,-0.000,0
NH1,664842900.3,2021-01-25,-0.000,0
NH1,664943737.3,2021-01-26,-0.000,0
NH1,665202927.3,2021-01-29,-0.000,0
NH1,665278499.3,2021-01-30,-0.000,0
NH1,665346906.3,2021-01-31,-0.000,0
NH1,665444108.3,2021-02-01,-0.000,0
NH1,665505293.3,2021-02-02,-0.000,0
NH1,665815585.3,2021-02-05,-0.000,0
NH1,665894128.3,2021-02-06,-0.000,0
NH1,665980526.3,2021-02-07,-0.000,0
NH1,666048899.3,2021-02-08,-0.000,0
NH1,666142497.3,2021-02-09,-0.000,0
NH1,666419702.3,2021-02-12,-0.000,0
NH1,666495322.3,2021-02-13,-0.000,0
NH1,666592509.3,2021-02-14,-0.000,0
NH1,666628501.3,2021-02-15,-0.000,0
NH1,666765310.3,2021-02-16,-0.000,0
NH1,666851709.3,2021-02-17,-0.000,0
NH1,666938110.3,2021-02-18,-0.000,0
NH1,666974110.3,2021-02-19,-0.000,0
NH1,667060512.3,2021-02-20,-0.000,0
NH1,667146914.3,2021-02-21,-0.000,0
NH1,667233315.3,2021-02-22,-0.000,0
NH1,667359318.3,2021-02-23,-0.000,0
NH1,667406120.3,2021-02-24,-0.000,0
NH1,667514120.3,2021-02-25,-0.000,0
NH1,667629327.3,2021-02-26,-0.000,0
NH1,667694128.3,2021-02-27,-0.000,0
NH1,667751730.3,2021-02-28,-0.000,0
NH1,667845340.3,2021-03-01,-0.000,0
NH1,667956947.3,2021-03-02,-0.000,0
NH1,668043345.3,2021-03-03,-0.000,0
NH1,668216159.3,2021-03-05,-0.000,0
NH1,668277355.3,2021-03-06,-0.000,0
NH1,668363763.3,2021-03-07,-0.000,0
NH1,668464557.3,2021-03-08,-0.000,0
NH1,668536572.3,2021-03-09,-0.000,0
NH1,668630170.3,2021-03-10,-0.000,0
NH1,668838972.3,2021-03-12,-0.000,0
NH1,668910976.3,2021-03-13,-0.000,0
NH1,668986575.3,2021-03-14,-0.000,0
NH1,669065776.3,2021-03-15,-0.000,0
NH1,669177491.3,2021-03-16,-0.000,0
NH1,669224199.3,2021-03-17,-0.000,0
NH1,669346596.3,2021-03-18,-0.000,0
NH1,669443802.3,2021-03-19,-0.000,0
NH1,669501515.3,2021-03-20,-0.000,0
NH1,669602326.3,2021-03-21,-0.000,0
NH1,669656220.3,2021-03-22,-0.000,0
NH1,669778614.3,2021-03-23,-0.000,0
NH1,669872220.3,2021-03-24,-0.000,0
NH1,669958629.3,2021-03-25,-0.000,0
NH1,669998231.3,2021-03-26,-0.000,0
NH1,670135034.3,2021-03-27,-0.000,0
NH1,670297044.3,2021-03-29,-0.000,0
NH1,670394249.3,2021-03-30,-0.000,0
NH1,670480651.3,2021-03-31,-0.000,0
NH1,670516657.3,2021-04-01,-0.000,0
NH1,670653465.3,2021-04-02,-0.000,0
NH1,670703930.3,2021-04-03,-0.000,0
NH1,670826275.3,2021-04-04,0.000,0
NH1,670898270.3,2021-04-05,0.000,0
NH1,670981075.3,2021-04-06,0.000,0
NH1,671085488.3,2021-04-07,0.000,0
NH1,671107078.3,2021-04-07,0.000,0
NH1,671258296.3,2021-04-09,0.000,0
NH1,671315955.3,2021-04-10,0.000,0
NH1,671431107.3,2021-04-11,0.000,0
NH1,671510307.3,2021-04-12,0.000,0
NH1,671603926.3,2021-04-13,0.000,0
NH1,671686720.3,2021-04-14,0.000,0
NH1,671935127.3,2021-04-17,0.000,0
NH1,672007192.3,2021-04-18,0.000,0
NH1,672115140.3,2021-04-19,0.000,0
NH1,672205145.3,2021-04-20,0.000,0
NH1,672381556.3,2021-04-22,0.000,0
NH1,672435619.3,2021-04-23,0.000,0
NH1,672521959.3,2021-04-24,0.000,0
NH1,672633563.3,2021-04-25,0.000,0
NH1,672719967.3,2021-04-26,0.000,0
NH1,672813579.4,2021-04-27,0.000,0
NH1,672899986.4,2021-04-28,0.000,0
NH1,672971980.4,2021-04-29,0.000,0
NH1,673061985.4,2021-04-30,0.000,0
NH1,673159203.4,2021-05-01,0.000,0
NH1,673216803.4,2021-05-02,0.000,0
NH1,673324793.4,2021-05-03,0.000,0
NH1,673584036.4,2021-05-06,0.000,0
NH1,674012454.4,2021-05-11,0.000,0
NH1,674044815.4,2021-05-11,0.000,0
NH1,674224854.4,2021-05-14,0.000,0
NH1,674368869.4,2021-05-15,0.000,0
NH1,674455273.4,2021-05-16,0.000,0
NH1,674534442.4,2021-05-17,0.000,0
NH1,674613641.4,2021-05-18,0.000,0
NH1,674714482.4,2021-05-19,0.000,0
NH1,674768470.4,2021-05-20,0.000,0
NH1,674880054.4,2021-05-21,0.000,0
NH1,674970069.4,2021-05-22,0.000,0
NH1,675056506.4,2021-05-23,0.000,0
NH1,675114078.4,2021-05-24,0.000,0
NH1,675233552.4,2021-05-25,0.000,0
NH1,675312067.4,2021-05-26,0.000,0
NH1,675373294.4,2021-05-27,0.000,0
NH1,675481266.4,2021-05-28,0.000,0
NH1,675578533.4,2021-05-29,0.000,0
NH1,675661296.4,2021-05-30,0.000,0
NH1,675733265.4,2021-05-31,0.000,0
NH1,675798069.4,2021-06-01,0.000,0
NH1,675884473.4,2021-06-02,0.000,0
NH1,675999676.4,2021-06-03,0.000,0
NH1,676096941.4,2021-06-04,0.000,0
NH1,676176084.4,2021-06-05,0.000,0
NH1,676255274.4,2021-06-06,0.000,0
NH1,676521692.4,2021-06-09,0.000,0
NH1,676608094.4,2021-06-10,0.000,0
NH1,676690883.4,2021-06-11,0.000,0
NH1,676780908.4,2021-06-12,0.000,0
NH1,676856472.4,2021-06-13,0.000,0
NH1,676953706.4,2021-06-14,0.000,0
NH1,677000467.4,2021-06-15,0.000,0
NH1,677101267.4,2021-06-16,0.000,0
NH1,677187666.4,2021-06-17,0.000,0
NH1,677307140.4,2021-06-18,0.000,0
NH1,677382082.4,2021-06-19,0.000,0
NH1,677457664.4,2021-06-20,0.000,0
NH1,677540463.4,2021-06-21,0.000,0
NH1,677637665.4,2021-06-22,0.000,0
NH1,677698886.4,2021-06-23,0.000,0
NH1,677814099.4,2021-06-24,0.000,0
NH1,677911332.4,2021-06-25,0.000,0
NH1,677998916.4,2021-06-26,0.000,0
NH1,678069666.4,2021-06-27,0.000,0
NH1,678130876.4,2021-06-28,0.000,0
NH1,678213673.4,2021-06-29,0.000,0
NH1,678300069.4,2021-06-30,0.000,0
NH1,678429732.4,2021-07-01,0.000,0
NH1,678498046.4,2021-07-02,0.000,0
NH1,678562833.4,2021-07-03,0.000,0
NH1,678670838.4,2021-07-04,0.000,0
NH1,678775333.4,2021-07-05,0.000,0
NH1,678847239.4,2021-07-06,0.000,0
NH1,678904853.4,2021-07-07,0.000,0
NH1,679009215.4,2021-07-08,0.000,0
NH1,679106451.4,2021-07-09,0.000,0
NH1,679207303.4,2021-07-10,0.000,0
NH1,679275612.4,2021-07-11,0.000,0
NH1,679365635.4,2021-07-12,0.000,0
NH1,679437594.4,2021-07-13,0.000,0
NH1,679538424.4,2021-07-14,0.000,0
NH1,679603184.4,2021-07-15,0.000,0
NH1,679725597.4,2021-07-16,0.000,0
NH1,679797617.4,2021-07-17,0.000,0
NH1,679876779.4,2021-07-18,0.000,0
NH1,679966778.4,2021-07-19,0.000,0
NH1,680071170.4,2021-07-20,0.000,0
NH1,680157563.4,2021-07-21,0.000,0
NH1,680243961.4,2021-07-22,0.000,0
NH1,680305143.4,2021-07-23,0.000,0
NH1,680416751.4,2021-07-24,0.000,0
NH1,680503141.4,2021-07-25,0.000,0
NH1,680571558.4,2021-07-26,0.000,0
NH1,680657956.4,2021-07-27,0.000,0
NH1,680744398.4,2021-07-28,0.000,0
NH1,680819965.4,2021-07-29,0.000,0
NH1,680906367.4,2021-07-30,0.000,0
NH1,681003521.4,2021-07-31,0.000,0
NH1,681107893.4,2021-08-01,0.000,0
NH1,681194289.4,2021-08-02,0.000,0
NH1,681280684.4,2021-08-03,0.000,0
NH1,681367072.4,2021-08-04,0.000,0
NH1,681453469.4,2021-08-05,0.000,0
NH1,681518309.4,2021-08-06,0.000,0
NH1,681626254.4,2021-08-07,0.000,0
NH1,681662260.4,2021-08-08,0.000,0
NH1,681799037.4,2021-08-09,0.000,0
NH1,681885543.5,2021-08-10,0.000,0
NH1,681971819.5,2021-08-11,0.000,0
NH1,682058211.5,2021-08-12,0.000,0
NH1,682119395.5,2021-08-13,0.000,0
NH1,682231078.5,2021-08-14,0.000,0
NH1,682317390.5,2021-08-15,0.000,0
NH1,682349797.5,2021-08-16,0.000,0
NH1,682436188.5,2021-08-17,0.000,0
NH1,682576560.5,2021-08-18,0.000,0
NH1,682662956.5,2021-08-19,0.000,0
NH1,682738536.5,2021-08-20,0.000,0
NH1,682806917.5,2021-08-21,0.000,0
NH1,682922126.5,2021-08-22,0.000,0
NH1,682954521.5,2021-08-23,0.000,0
NH1,683094908.5,2021-08-24,0.000,0
NH1,683141673.5,2021-08-25,0.000,0
NH1,683354078.5,2021-08-27,0.000,0
NH1,683440464.5,2021-08-28,0.000,0
NH1,683490828.5,2021-08-29,0.000,0
NH1,683584433.5,2021-08-30,0.000,0
NH1,683642039.5,2021-08-31,0.000,0
NH1,683786021.5,2021-09-01,0.000,0
NH1,683843611.5,2021-09-02,0.000,0
NH1,683958812.5,2021-09-03,0.000,0
NH1,684045194.5,2021-09-04,0.000,0
NH1,684066822.5,2021-09-04,0.000,0
NH1,684217981.5,2021-09-06,0.000,0
NH1,684235930.5,2021-09-06,0.000,0
NH1,684387146.5,2021-09-08,0.000,0
NH1,684441113.5,2021-09-09,0.000,0
NH1,684559916.5,2021-09-10,0.000,0
NH1,684649921.5,2021-09-11,0.000,0
NH1,684737954.5,2021-09-12,0.000,0
NH1,684822703.5,2021-09-13,0.000,0
NH1,684905473.5,2021-09-14,0.000,0
NH1,684991877.5,2021-09-15,0.000,0
NH1,685049452.5,2021-09-16,0.000,0
NH1,685103420.5,2021-09-16,0.000,0
NH1,685247425.5,2021-09-18,0.000,0
NH1,685337418.5,2021-09-19,0.000,0
NH1,685423810.5,2021-09-20,0.000,0
NH1,685470568.5,2021-09-21,0.000,0
NH1,685859394.5,2021-09-25,0.000,0
NH1,685881202.5,2021-09-25,0.000,0
NH1,686341654.5,2021-10-01,0.000,0
NH1,686456860.5,2021-10-02,0.000,0
NH1,686550440.5,2021-10-03,0.000,0
NH1,686572039.5,2021-10-03,0.000,0
NH1,686723215.5,2021-10-05,-0.000,0
NH1,686802473.5,2021-10-06,-0.000,0
NH1,686852768.5,2021-10-07,-0.000,0
NH1,686942769.5,2021-10-08,-0.000,0
NH1,687061585.5,2021-10-09,-0.000,0
NH1,687241534.5,2021-10-11,-0.000,0
NH1,687317127.5,2021-10-12,-0.000,0
NH1,687407130.5,2021-10-13,-0.000,0
NH1,687464722.5,2021-10-14,-0.000,0
NH1,687587086.5,2021-10-15,-0.000,0
NH1,687601469.5,2021-10-15,-0.000,0
NH1,687759856.5,2021-10-17,-0.000,0
NH1,687777862.5,2021-10-17,-0.000,0
NH1,687918235.5,2021-10-19,-0.000,0
NH1,687979424.5,2021-10-20,-0.000,0
NH1,688065819.5,2021-10-21,-0.000,0
NH1,688191793.5,2021-10-22,-0.000,0
NH1,688267404.5,2021-10-23,-0.000,0
NH1,688364568.5,2021-10-24,-0.000,0
NH1,688450956.5,2021-10-25,-0.000,0
NH1,688526571.5,2021-10-26,-0.000,0
NH1,688623733.5,2021-10-27,-0.000,0
NH1,688692215.5,2021-10-28,-0.000,0
NH1,688753304.5,2021-10-29,-0.000,0
NH1,688882898.5,2021-10-30,-0.000,0
NH1,688897301.5,2021-10-30,-0.000,0
NH1,689041286.5,2021-11-01,-0.000,0
NH1,689142061.5,2021-11-02,-0.000,0
NH1,689156474.5,2021-11-02,-0.000,0
NH1,689246419.5,2021-11-03,-0.000,0
NH1,689386842.5,2021-11-05,-0.000,0
NH1,689574003.5,2021-11-07,-0.000,0
NH1,689660392.5,2021-11-08,-0.000,0
NH1,689728795.5,2021-11-09,-0.000,0
NH1,689786363.5,2021-11-10,-0.000,0
NH1,689861945.5,2021-11-11,-0.000,0
NH1,690092969.5,2021-11-13,-0.000,0
NH1,690178726.5,2021-11-14,-0.000,0
NH1,690189540.5,2021-11-14,-0.000,0
NH1,690333536.5,2021-11-16,-0.000,0
NH1,690437890.5,2021-11-17,-0.000,0
NH1,690463070.5,2021-11-17,-0.000,0
NH1,690697061.6,2021-11-20,-0.000,0
NH1,690761862.6,2021-11-21,-0.000,0
NH1,690869840.6,2021-11-22,-0.000,0
NH1,690931025.6,2021-11-23,-0.000,0
NH1,690992228.6,2021-11-24,-0.000,0
NH1,691129008.6,2021-11-25,-0.000,0
NH1,691139818.6,2021-11-25,-0.000,0
NH1,691370207.6,2021-11-28,-0.000,0
NH1,691539379.6,2021-11-30,-0.000,0
NH1,691733748.6,2021-12-02,-0.000,0
NH1,691820137.6,2021-12-03,-0.000,0
NH1,691881340.6,2021-12-04,-0.000,0
NH1,691971331.6,2021-12-05,-0.000,0
NH1,692054118.6,2021-12-06,-0.000,0
NH1,692252100.6,2021-12-08,-0.000,0
NH1,692259307.6,2021-12-08,-0.000,0
NH1,692403300.6,2021-12-10,-0.000,0
NH1,692511275.6,2021-12-11,-0.000,0
NH1,692597671.6,2021-12-12,-0.000,0
NH1,692601273.6,2021-12-12,-0.000,0
NH1,692748873.6,2021-12-14,-0.000,0
NH1,693004454.6,2021-12-17,-0.000,0
NH1,693062027.6,2021-12-18,-0.000,0
NH1,693177234.6,2021-12-19,-0.000,0
NH1,693350030.6,2021-12-21,-0.000,0
NH1,693461597.6,2021-12-22,-0.000,0
NH1,693465202.6,2021-12-22,-0.000,0
NH1,693720774.6,2021-12-25,-0.000,0
NH1,693742346.6,2021-12-25,-0.000,0
NH1,693893703.6,2021-12-27,-0.000,0
NH1,693954785.6,2021-12-28,-0.000,0
NH1,694041178.6,2021-12-29,-0.000,0
NH1,694296743.6,2022-01-01,-0.000,0
NH1,694411922.6,2022-01-02,-0.000,0
NH1,694469533.6,2022-01-03,-0.000,0
NH1,694613524.6,2022-01-05,-0.000,0
NH1,694757509.6,2022-01-06,-0.000,0
NH1,694901534.6,2022-01-08,-0.000,0
NH1,694987927.6,2022-01-09,-0.000,0
NH1,695038283.6,2022-01-09,-0.000,0
NH1,695272288.6,2022-01-12,-0.000,0
NH1,695448679.6,2022-01-14,-0.000,0
NH1,695535075.6,2022-01-15,-0.000,0
NH1,695621472.6,2022-01-16,-0.000,0
NH1,695643073.6,2022-01-16,-0.000,0
NH1,696049864.6,2022-01-21,-0.000,0
NH1,696139859.6,2022-01-22,-0.000,0
NH1,696165082.6,2022-01-22,-0.000,0
NH1,696247847.6,2022-01-23,-0.000,0
NH1,696363058.6,2022-01-25,-0.000,0
NH1,696442249.6,2022-01-26,-0.000,0
NH1,696593452.6,2022-01-27,-0.000,0
NH1,696712287.6,2022-01-29,-0.000,0
NH1,696795068.6,2022-01-30,-0.000,0
NH1,696881482.6,2022-01-31,-0.000,0
NH1,697003848.6,2022-02-01,-0.000,0
NH1,697014632.6,2022-02-01,-0.000,0
NH1,697263053.6,2022-02-04,-0.000,0
NH1,697342271.6,2022-02-05,-0.000,0
NH1,697435852.6,2022-02-06,-0.000,0
NH1,697511457.6,2022-02-07,-0.000,0
NH1,697601484.6,2022-02-08,-0.000,0
NH1,697696250.6,2022-02-09,-0.000,0
NH1,697705833.6,2022-02-09,-0.000,0
NH1,697792269.6,2022-02-10,-0.000,0
NH1,697954285.6,2022-02-12,-0.000,0
NH1,698040654.6,2022-02-13,-0.000,0
NH1,698101856.6,2022-02-14,-0.000,0
NH1,698249455.6,2022-02-16,-0.000,0
NH1,698386260.6,2022-02-17,-0.000,0
NH1,698469063.6,2022-02-18,-0.000,0
NH1,698559062.6,2022-02-19,-0.000,0
NH1,698645467.6,2022-02-20,-0.000,0
NH1,698688678.6,2022-02-21,-0.000,0
NH1,698793064.6,2022-02-22,-0.000,0
NH1,698861472.6,2022-02-23,-0.000,0
NH1,698922699.6,2022-02-23,-0.000,0
NH1,699163877.6,2022-02-26,-0.000,0
NH1,699232295.6,2022-02-27,-0.000,0
NH1,699286277.6,2022-02-28,-0.000,0
NH1,699379900.6,2022-03-01,-0.000,0
NH1,699469915.7,2022-03-02,-0.000,0
NH1,699667915.7,2022-03-04,-0.000,0
NH1,699768701.7,2022-03-05,-0.000,0
NH1,699829901.7,2022-03-06,-0.000,0
NH1,699927120.7,2022-03-07,-0.000,0
NH1,700013659.7,2022-03-08,-0.000,0
NH1,700067512.7,2022-03-09,-0.000,0
NH1,700287121.7,2022-03-11,-0.000,0
NH1,700297911.7,2022-03-11,-0.000,0
NH1,700531925.7,2022-03-14,-0.000,0
NH1,700607534.7,2022-03-15,-0.000,0
NH1,700672343.7,2022-03-16,-0.000,0
NH1,700773135.7,2022-03-17,-0.000,0
NH1,700877546.7,2022-03-18,-0.000,0
NH1,700978352.7,2022-03-19,-0.000,0
NH1,701046784.7,2022-03-20,-0.000,0
NH1,701100762.7,2022-03-21,-0.000,0
NH1,701230364.7,2022-03-22,-0.000,0
NH1,701273567.7,2022-03-23,-0.000,0
NH1,701349160.7,2022-03-23,-0.000,0
NH1,701561599.7,2022-03-26,-0.000,0
NH1,701669586.7,2022-03-27,-0.000,0
NH1,701730794.7,2022-03-28,-0.000,0
NH1,701781187.7,2022-03-28,-0.000,0
NH1,701921598.7,2022-03-30,-0.000,0
NH1,701950391.7,2022-03-30,-0.000,0
NH1,702083604.7,2022-04-01,-0.000,0
NH1,702188016.7,2022-04-02,-0.000,0
NH1,702252829.7,2022-04-03,0.000,0
NH1,702353621.7,2022-04-04,-0.000,0
NH1,702389622.7,2022-04-05,0.000,0
NH1,702587636.7,2022-04-07,0.000,0
NH1,702674041.7,2022-04-08,0.000,0
NH1,702785643.7,2022-04-09,0.000,0
NH1,702843243.7,2022-04-10,0.000,0
NH1,702958453.7,2022-04-11,0.000,0
NH1,703052067.7,2022-04-12,0.000,0
NH1,703131263.7,2022-04-13,0.000,0
NH1,703160056.7,2022-04-13,0.000,0
NH1,703311282.7,2022-04-15,0.000,0
NH1,703372497.7,2022-04-16,0.000,0
NH1,703455283.7,2022-04-17,0.000,0
NH1,703563285.7,2022-04-18,0.000,0
NH1,703649689.7,2022-04-19,0.000,0
NH1,703682091.7,2022-04-19,0.000,0
NH1,703854893.7,2022-04-21,0.000,0
NH1,703948520.7,2022-04-23,0.000,0
NH1,704078111.7,2022-04-24,0.000,0
NH1,704146522.7,2022-04-25,0.000,0
NH1,704222114.7,2022-04-26,0.000,0
NH1,704340924.7,2022-04-27,0.000,0
NH1,704430931.7,2022-04-28,0.000,0
NH1,704520944.7,2022-04-29,0.000,0
NH1,704607356.7,2022-04-30,0.000,0
NH1,704682940.7,2022-05-01,0.000,0
NH1,704772966.7,2022-05-02,0.000,0
NH1,704801777.7,2022-05-02,0.000,0
NH1,704891794.7,2022-05-03,0.000,0
NH1,705068217.7,2022-05-06,0.000,0
NH1,705212228.7,2022-05-07,0.000,0
NH1,705291395.7,2022-05-08,0.000,0
NH1,705323826.7,2022-05-08,0.000,0
NH1,705413856.7,2022-05-10,0.000,0
NH1,705521816.7,2022-05-11,0.000,0
NH1,705579404.7,2022-05-11,0.000,0
NH1,705701868.7,2022-05-13,0.000,0
NH1,705781025.7,2022-05-14,0.000,0
NH1,705871194.7,2022-05-15,0.000,0
NH1,705950228.7,2022-05-16,0.000,0
NH1,706007813.7,2022-05-16,0.000,0
NH1,706130262.7,2022-05-18,0.000,0
NH1,706180620.7,2022-05-18,0.000,0
NH1,706292236.7,2022-05-20,0.000,0
NH1,706411920.7,2022-05-21,0.000,0
NH1,706475905.7,2022-05-22,0.000,0
NH1,706551438.7,2022-05-23,0.000,0
NH1,706616244.7,2022-05-23,0.000,0
NH1,706702721.7,2022-05-24,0.000,0
NH1,706817928.7,2022-05-26,0.000,0
NH1,706926731.7,2022-05-27,0.000,0
NH1,707015957.7,2022-05-28,0.000,0
NH1,707077132.7,2022-05-29,0.000,0
NH1,707185150.7,2022-05-30,0.000,0
NH1,707253549.7,2022-05-31,0.000,0
NH1,707361468.7,2022-06-01,0.000,0
NH1,730957798.0,2023-03-01,-0.000,0
NH1,731023343.0,2023-03-02,-0.000,0
NH1,731130623.0,2023-03-03,-0.000,0
NH1,731202619.0,2023-03-04,-0.000,0
NH1,731289029.0,2023-03-05,-0.000,0
NH1,731461700.0,2023-03-07,-0.000,0
NH1,731512178.0,2023-03-08,-0.000,0
NH1,731620068.0,2023-03-09,-0.000,0
NH1,731720912.0,2023-03-10,-0.000,0
NH1,731800084.0,2023-03-11,-0.000,0
NH1,731908221.0,2023-03-12,-0.000,0
NH1,731980123.0,2023-03-13,-0.000,0
NH1,732055685.0,2023-03-14,-0.000,0
NH1,732152929.0,2023-03-15,-0.000,0
NH1,732253821.0,2023-03-16,-0.000,0
NH1,732322148.0,2023-03-17,-0.000,0
NH1,732369028.0,2023-03-17,-0.000,0
NH1,732480508.0,2023-03-19,-0.000,0
NH1,732574110.0,2023-03-20,-0.000,0
NH1,732772248.0,2023-03-22,-0.000,0
NH1,732840572.0,2023-03-23,-0.000,0
NH1,732926966.0,2023-03-24,-0.000,0
NH1,732977330.0,2023-03-25,-0.000,0
NH1,733088936.0,2023-03-26,-0.000,0
NH1,733272590.0,2023-03-28,-0.000,0
NH1,733326565.0,2023-03-29,-0.000,0
NH1,733430951.0,2023-03-30,-0.000,0
NH1,733549886.0,2023-03-31,-0.000,0
NH1,733614607.0,2023-04-01,-0.000,0
NH1,733690166.0,2023-04-02,-0.000,0
NH1,733787413.0,2023-04-03,-0.000,0
NH1,733859370.0,2023-04-04,-0.000,0
NH1,733949382.0,2023-04-05,0.000,0
NH1,734035786.0,2023-04-06,0.000,0
NH1,734215805.0,2023-04-08,0.000,0
NH1,734323950.0,2023-04-09,0.000,0
NH1,734381406.0,2023-04-10,0.000,0
NH1,734478649.0,2023-04-11,0.000,0
NH1,734532619.0,2023-04-12,0.000,0
NH1,734651452.0,2023-04-13,0.000,0
NH1,734730631.0,2023-04-14,0.000,0
NH1,734845961.0,2023-04-15,0.000,0
NH1,734903443.0,2023-04-16,0.000,0
NH1,734993478.0,2023-04-17,0.000,0
NH1,735072636.0,2023-04-18,0.000,0
NH1,735519185.0,2023-04-23,0.000,0
NH1,735612817.1,2023-04-24,0.000,0
NH1,736134838.1,2023-04-30,0.000,0
NH1,736217622.1,2023-05-01,0.000,0
NH1,736721640.1,2023-05-07,0.000,0
NH1,736822464.1,2023-05-08,0.000,0
NH1,737348084.1,2023-05-14,0.000,0
NH1,737430868.1,2023-05-15,0.000,0
NH1,737957660.1,2023-05-21,0.000,0
NH1,738035715.1,2023-05-22,0.000,0
NH1,738647627.1,2023-05-29,0.000,0
NH1,738690772.1,2023-05-30,0.000,0
NH1,738780784.1,2023-05-31,0.000,0
NH1,738841994.1,2023-05-31,0.000,0
NH1,738986001.1,2023-06-02,0.000,0
NH1,739065187.1,2023-06-03,0.000,0
NH1,739162436.1,2023-06-04,0.000,0
NH1,739237986.1,2023-06-05,0.000,0
NH1,739338818.1,2023-06-06,0.000,0
NH1,739399981.1,2023-06-07,0.000,0
NH1,739446803.1,2023-06-07,0.000,0
NH1,739599215.1,2023-06-09,0.000,0
NH1,739637588.1,2023-06-10,0.000,0
NH1,739763624.1,2023-06-11,0.000,0
NH1,739857820.1,2023-06-12,0.000,0
NH1,739903996.1,2023-06-13,0.000,0
NH1,740008384.1,2023-06-14,0.000,0
NH1,740069586.1,2023-06-15,0.000,0
NH1,740202822.1,2023-06-16,0.000,0
NH1,740278405.1,2023-06-17,0.000,0
NH1,740350381.1,2023-06-18,0.000,0
NH1,740454829.1,2023-06-19,0.000,0
NH1,740548402.1,2023-06-20,0.000,0
NH1,740623997.1,2023-06-21,0.000,0
NH1,740663697.1,2023-06-21,0.000,0
NH1,740796870.1,2023-06-23,0.000,0
NH1,740895245.1,2023-06-24,0.000,0
NH1,740962375.1,2023-06-25,0.000,0
NH1,741048772.1,2023-06-26,0.000,0
NH1,741109986.1,2023-06-27,0.000,0
NH1,741217970.1,2023-06-28,0.000,0
NH1,741325980.1,2023-06-29,0.000,0
NH1,741401604.1,2023-06-30,0.000,0
NH1,741477159.1,2023-07-01,0.000,0
NH1,741563560.1,2023-07-02,0.000,0
NH1,741671570.1,2023-07-03,0.000,0
NH1,741747189.1,2023-07-04,0.000,0
NH1,741822749.1,2023-07-05,0.000,0
NH1,742017154.1,2023-07-07,0.000,0
NH1,742103550.1,2023-07-08,0.000,0
NH1,742175564.1,2023-07-09,0.000,0
NH1,742276342.1,2023-07-10,0.000,0
NH1,742362741.1,2023-07-11,0.000,0
NH1,742449143.1,2023-07-12,0.000,0
NH1,742535536.1,2023-07-13,0.000,0
NH1,742621930.1,2023-07-14,0.000,0
NH1,742708324.1,2023-07-15,0.000,0
NH1,742794724.1,2023-07-16,0.000,0
NH1,742881118.1,2023-07-17,0.000,0
NH1,742967517.1,2023-07-18,0.000,0
NH1,743035917.1,2023-07-19,0.000,0
NH1,743140305.1,2023-07-20,0.000,0
NH1,743208705.1,2023-07-21,0.000,0
NH1,743313090.1,2023-07-22,0.000,0
NH1,743399485.1,2023-07-23,0.000,0
NH1,743485881.1,2023-07-24,0.000,0
NH1,743529049.1,2023-07-25,0.000,0
NH1,743658665.1,2023-07-26,0.000,0
NH1,743723465.1,2023-07-27,0.000,0
NH1,743831455.1,2023-07-28,0.000,0
NH1,743914249.1,2023-07-29,0.000,0
NH1,743982629.1,2023-07-30,0.000,0
NH1,744090636.1,2023-07-31,0.000,0
NH1,744126631.1,2023-08-01,0.000,0
NH1,744187842.1,2023-08-01,0.000,0
NH1,744299419.1,2023-08-03,0.000,0
NH1,744414609.1,2023-08-04,0.000,0
NH1,745040992.2,2023-08-11,0.000,0
NH1,745048223.2,2023-08-11,0.000,0
NH1,745645768.2,2023-08-18,0.000,0
NH1,745678185.2,2023-08-19,0.000,0
NH1,746164100.2,2023-08-24,0.000,0
NH1,746250479.2,2023-08-25,0.000,0
NH1,746254107.2,2023-08-25,0.000,0
NH1,746855275.2,2023-09-01,0.000,0
NH1,746884103.2,2023-09-01,0.000,0
NH1,747459980.2,2023-09-08,0.000,0
NH1,748061100.2,2023-09-15,0.000,0
NH1,748089887.2,2023-09-15,0.000,0
NH1,748323732.2,2023-09-18,0.000,0
NH1,748406653.2,2023-09-19,0.000,0
NH1,749068855.2,2023-09-27,0.000,0
NH1,749155269.2,2023-09-28,0.000,0
NH1,749274030.2,2023-09-29,0.000,0
NH1,749360416.2,2023-09-30,0.000,0
NH1,749443234.2,2023-10-01,0.000,0
NH1,749525995.2,2023-10-02,0.000,0
NH1,749612666.2,2023-10-03,0.000,0
NH1,749705966.2,2023-10-04,0.000,0
NH1,749749132.2,2023-10-05,0.000,0
NH1,749871549.2,2023-10-06,0.000,0
NH1,749958108.2,2023-10-07,-0.000,0
NH1,750044344.2,2023-10-08,-0.000,0
NH1,750137895.2,2023-10-09,-0.000,0
NH1,750217120.2,2023-10-10,-0.000,0
NH1,750274698.2,2023-10-11,-0.000,0
NH1,750386269.2,2023-10-12,-0.000,0
NH1,750476283.2,2023-10-13,-0.000,0
NH1,750559074.2,2023-10-14,-0.000,0
NH1,750634620.2,2023-10-15,-0.000,0
NH1,750703017.2,2023-10-16,-0.000,0
NH1,750789409.2,2023-10-17,-0.000,0
NH1,750879416.2,2023-10-18,-0.000,0
NH1,750962174.2,2023-10-19,-0.000,0
NH1,751077372.2,2023-10-20,-0.000,0
NH1,751163753.2,2023-10-21,-0.000,0
NH1,751246551.2,2023-10-22,-0.000,0
NH1,751336556.2,2023-10-23,-0.000,0
NH1,751386894.2,2023-10-24,-0.000,0
NH1,751520093.2,2023-10-25,-0.000,0
NH1,751556065.2,2023-10-26,-0.000,0
NH1,751642453.2,2023-10-27,-0.000,0
NH1,751768504.2,2023-10-28,-0.000,0
NH1,751854877.2,2023-10-29,-0.000,0
NH1,751912461.2,2023-10-30,-0.000,0
NH1,752038418.2,2023-10-31,-0.000,0
NH1,752110433.2,2023-11-01,-0.000,0
NH1,752196828.2,2023-11-02,-0.000,0
NH1,752283219.2,2023-11-03,-0.000,0
NH1,752369610.2,2023-11-04,-0.000,0
NH1,752456001.2,2023-11-05,-0.000,0
NH1,752557660.2,2023-11-06,-0.000,0
NH1,752643139.2,2023-11-07,-0.000,0
NH1,752686348.2,2023-11-08,-0.000,0
NH1,752772732.2,2023-11-09,-0.000,0
NH1,752902928.2,2023-11-10,-0.000,0
NH1,752974337.2,2023-11-11,-0.000,0
NH1,753075086.2,2023-11-12,-0.000,0
NH1,753147105.2,2023-11-13,-0.000,0
NH1,753233492.2,2023-11-14,-0.000,0
NH1,753316262.2,2023-11-15,-0.000,0
NH1,753352226.2,2023-11-15,-0.000,0
NH1,753507030.2,2023-11-17,-0.000,0
NH1,753593421.2,2023-11-18,-0.000,0
NH1,753661828.2,2023-11-19,-0.000,0
NH1,753766198.3,2023-11-20,-0.000,0
NH1,753852590.3,2023-11-21,-0.000,0
NH1,753910176.3,2023-11-22,-0.000,0
NH1,754007407.3,2023-11-23,-0.000,0
NH1,754111753.3,2023-11-24,-0.000,0
NH1,754190943.3,2023-11-25,-0.000,0
NH1,754284537.3,2023-11-26,-0.000,0
NH1,754370921.3,2023-11-27,-0.000,0
NH1,754399704.3,2023-11-27,-0.000,0
NH1,754543703.3,2023-11-29,-0.000,0
NH1,754612135.3,2023-11-30,-0.000,0
NH1,754716490.3,2023-12-01,-0.000,0
NH1,754802876.3,2023-12-02,-0.000,0
NH1,754889265.3,2023-12-03,-0.000,0
NH1,754954093.3,2023-12-04,-0.000,0
NH1,755062055.3,2023-12-05,-0.000,0
NH1,755148447.3,2023-12-06,-0.000,0
NH1,755184579.3,2023-12-07,-0.000,0
NH1,755321230.3,2023-12-08,-0.000,0
NH1,755407627.3,2023-12-09,-0.000,0
NH1,755472449.3,2023-12-10,-0.000,0
NH1,755573201.3,2023-12-11,-0.000,0
NH1,755666798.3,2023-12-12,-0.000,0
NH1,755674015.3,2023-12-12,-0.000,0
NH1,755807180.3,2023-12-14,-0.000,0
NH1,755904401.3,2023-12-15,-0.000,0
NH1,755987206.3,2023-12-16,-0.000,0
NH1,756073587.3,2023-12-17,-0.000,0
NH1,756177950.3,2023-12-18,-0.000,0
NH1,756264337.3,2023-12-19,-0.000,0
NH1,756390340.3,2023-12-21,-0.000,0
NH1,756523520.3,2023-12-22,-0.000,0
NH1,756591936.3,2023-12-23,-0.000,0
NH1,756703514.3,2023-12-24,-0.000,0
NH1,756789915.3,2023-12-25,-0.000,0
NH1,756818707.3,2023-12-25,-0.000,0
NH1,756937526.3,2023-12-27,-0.000,0
NH1,757049095.3,2023-12-28,-0.000,0
NH1,757135518.3,2023-12-29,-0.000,0
NH1,757182268.3,2023-12-30,-0.000,0
NH1,757308297.3,2023-12-31,-0.000,0
NH1,757394716.3,2024-01-01,-0.000,0
NH1,757481112.3,2024-01-02,-0.000,0
NH1,757567448.3,2024-01-03,-0.000,0
NH1,757589031.3,2024-01-03,-0.000,0
NH1,757740237.3,2024-01-05,-0.000,0
NH1,757783435.3,2024-01-06,-0.000,0
NH1,757913080.3,2024-01-07,-0.000,0
NH1,757999482.3,2024-01-08,-0.000,0
NH1,758114630.3,2024-01-09,-0.000,0
NH1,758316262.3,2024-01-12,-0.000,0
NH1,758402661.3,2024-01-13,-0.000,0
NH1,758489059.3,2024-01-14,-0.000,0
NH1,758561001.3,2024-01-15,-0.000,0
NH1,758683408.3,2024-01-16,-0.000,0
NH1,758744628.3,2024-01-17,-0.000,0
NH1,758802206.3,2024-01-17,-0.000,0
NH1,758917416.3,2024-01-19,-0.000,0
NH1,759000201.3,2024-01-20,-0.000,0
NH1,759101067.3,2024-01-21,-0.000,0
NH1,759205432.3,2024-01-22,-0.000,0
NH1,759291782.3,2024-01-23,-0.000,0
NH1,759381780.3,2024-01-24,-0.000,0
NH1,759392559.3,2024-01-24,-0.000,0
NH1,759554577.3,2024-01-26,-0.000,0
NH1,759637434.3,2024-01-27,-0.000,0
NH1,759695026.3,2024-01-28,-0.000,0
NH1,759806611.3,2024-01-29,-0.000,0
NH1,759893007.3,2024-01-30,-0.000,0
NH1,759921768.3,2024-01-30,-0.000,0
NH1,760000953.3,2024-01-31,-0.000,0
NH1,760198969.3,2024-02-03,-0.000,0
NH1,760332175.3,2024-02-04,-0.000,0
NH1,760382621.3,2024-02-05,-0.000,0
NH1,760497830.3,2024-02-06,-0.000,0
NH1,760526591.3,2024-02-06,-0.000,0
NH1,760764178.3,2024-02-09,-0.000,0
NH1,760850580.3,2024-02-10,-0.000,0
NH1,760929820.3,2024-02-11,-0.000,0
NH1,760954971.3,2024-02-11,-0.000,0
NH1,761073827.3,2024-02-13,-0.000,0
NH1,761160228.3,2024-02-14,-0.000,0
NH1,761214182.3,2024-02-14,-0.000,0
NH1,761325866.3,2024-02-16,-0.000,0
NH1,761455384.3,2024-02-17,-0.000,0
NH1,761541783.3,2024-02-18,-0.000,0
NH1,761617385.3,2024-02-19,-0.000,0
NH1,761790190.3,2024-02-21,-0.000,0
NH1,761887403.3,2024-02-22,-0.000,0
NH1,761973798.3,2024-02-23,-0.000,0
NH1,762045930.3,2024-02-24,-0.000,0
NH1,762107046.3,2024-02-25,-0.000,0
NH1,762232999.3,2024-02-26,-0.000,0
NH1,762276217.3,2024-02-27,-0.000,0
NH1,762405806.3,2024-02-28,-0.000,0
NH1,762488609.3,2024-02-29,-0.000,0
NH1,762539049.3,2024-03-01,-0.000,0
NH1,762665015.3,2024-03-02,-0.000,0
NH1,762751419.3,2024-03-03,-0.000,0
NH1,762827023.3,2024-03-04,-0.000,0
NH1,762909823.4,2024-03-05,-0.000,0
NH1,763010632.4,2024-03-06,-0.000,0
NH1,763097033.4,2024-03-07,-0.000,0
NH1,763184046.4,2024-03-08,-0.000,0
NH1,763269835.4,2024-03-09,-0.000,0
NH1,763357471.4,2024-03-10,-0.000,0
NH1,763413839.4,2024-03-11,-0.000,0
NH1,763475047.4,2024-03-12,-0.000,0
NH1,763583049.4,2024-03-13,-0.000,0
NH1,763640649.4,2024-03-13,-0.000,0
NH1,763874665.4,2024-03-16,-0.000,0
NH1,763953871.4,2024-03-17,-0.000,0
NH1,764011476.4,2024-03-18,-0.000,0
NH1,764126679.4,2024-03-19,-0.000,0
NH1,764216679.4,2024-03-20,-0.000,0
NH1,764393091.4,2024-03-22,-0.000,0
NH1,764479495.4,2024-03-23,-0.000,0
NH1,764565898.4,2024-03-24,-0.000,0
NH1,764616299.4,2024-03-25,-0.000,0
NH1,764738709.4,2024-03-26,-0.000,0
NH1,764825111.4,2024-03-27,-0.000,0
NH1,764879109.4,2024-03-28,-0.000,0
NH1,764997925.4,2024-03-29,-0.000,0
NH1,765084330.4,2024-03-30,-0.000,0
NH1,765149123.4,2024-03-31,-0.000,0
NH1,765246329.4,2024-04-01,-0.000,0
NH1,765311138.4,2024-04-02,-0.000,0
NH1,765397543.4,2024-04-03,-0.000,0
NH1,765501941.4,2024-04-04,-0.000,0
NH1,765563162.4,2024-04-05,0.000,0
NH1,765667603.4,2024-04-06,0.000,0
NH1,765761155.4,2024-04-07,0.000,0
NH1,765858362.4,2024-04-08,0.000,0
NH1,765919578.4,2024-04-09,0.000,0
NH1,765969962.4,2024-04-09,0.000,0
NH1,766056376.4,2024-04-10,0.000,0
NH1,766196786.4,2024-04-12,0.000,0
NH1,766239989.4,2024-04-13,0.000,0
NH1,766380400.4,2024-04-14,0.000,0
NH1,766459598.4,2024-04-15,0.000,0
NH1,766542404.4,2024-04-16,0.000,0
NH1,766621607.4,2024-04-17,0.000,0
NH1,766693604.4,2024-04-18,0.000,0
NH1,766812419.4,2024-04-19,0.000,0
NH1,766873661.4,2024-04-20,0.000,0
NH1,766927624.4,2024-04-20,0.000,0
NH1,767064427.4,2024-04-22,0.000,0
NH1,767143630.4,2024-04-23,0.000,0
NH1,767298447.4,2024-04-25,0.000,0
NH1,767417263.4,2024-04-26,0.000,0
NH1,767467643.4,2024-04-27,0.000,0
NH1,767582852.4,2024-04-28,0.000,0
NH1,767636849.4,2024-04-29,0.000,0
NH1,767698050.4,2024-04-29,0.000,0
NH1,767802471.4,2024-05-01,0.000,0
NH1,767903274.4,2024-05-02,0.000,0
NH1,767968109.4,2024-05-03,0.000,0
NH1,768104881.4,2024-05-04,0.000,0
NH1,768176879.4,2024-05-05,0.000,0
NH1,768212878.4,2024-05-05,0.000,0
NH1,768360491.4,2024-05-07,0.000,0
NH1,768446897.4,2024-05-08,0.000,0
NH1,768583694.4,2024-05-10,0.000,0
NH1,768702499.4,2024-05-11,0.000,0
NH1,768770944.4,2024-05-12,0.000,0
NH1,768868108.4,2024-05-13,0.000,0
NH1,768961709.4,2024-05-14,0.000,0
NH1,769051717.4,2024-05-15,0.000,0
NH1,769098507.4,2024-05-16,0.000,0
NH1,769220921.4,2024-05-17,0.000,0
NH1,769307325.4,2024-05-18,0.000,0
NH1,769397325.4,2024-05-19,0.000,0
NH1,769483737.4,2024-05-20,0.000,0
NH1,769541404.4,2024-05-21,0.000,0
NH1,769656535.4,2024-05-22,0.000,0
NH1,769732131.4,2024-05-23,0.000,0
NH1,769829346.4,2024-05-24,0.000,0
NH1,769915747.4,2024-05-25,0.000,0
NH1,770005766.4,2024-05-26,0.000,0
NH1,770070542.4,2024-05-27,0.000,0
NH1,770149735.4,2024-05-28,0.000,0
NH1,770243344.4,2024-05-29,0.000,0
NH1,770315351.4,2024-05-30,0.000,0
NH1,770380181.4,2024-05-30,0.000,0
NH1,770516954.4,2024-06-01,0.000,0
NH1,770599749.4,2024-06-02,0.000,0
NH1,770675351.4,2024-06-03,0.000,0
NH1,770761746.4,2024-06-04,0.000,0
NH1,770848150.4,2024-06-05,0.000,0
NH1,771002953.4,2024-06-07,0.000,0
NH1,771118155.4,2024-06-08,0.000,0
NH1,771219896.4,2024-06-09,0.000,0
NH1,771306003.4,2024-06-10,0.000,0
NH1,771391782.4,2024-06-11,0.000,0
NH1,771452957.4,2024-06-12,0.000,0
NH1,771564590.4,2024-06-13,0.000,0
NH1,771650974.4,2024-06-14,0.000,0
NH1,771737374.4,2024-06-15,0.000,0
NH1,771813093.4,2024-06-16,0.000,0
NH1,771903010.4,2024-06-17,0.000,0
NH1,771946150.4,2024-06-18,0.000,0
NH1,772064949.5,2024-06-19,0.000,0
NH1,772122548.5,2024-06-20,0.000,0
NH1,772255764.5,2024-06-21,0.000,0
NH1,772316946.5,2024-06-22,0.000,0
NH1,772403345.5,2024-06-23,0.000,0
NH1,772514959.5,2024-06-24,0.000,0
NH1,772601361.5,2024-06-25,0.000,0
NH1,772687760.5,2024-06-26,0.000,0
NH1,772702153.5,2024-06-26,0.000,0
NH1,772861453.5,2024-06-28,0.000,0
NH1,772946945.5,2024-06-29,0.000,0
NH1,773011726.5,2024-06-30,0.000,0
NH1,773119741.5,2024-07-01,0.000,0
NH1,773206166.5,2024-07-02,0.000,0
NH1,773292539.5,2024-07-03,0.000,0
NH1,773422148.5,2024-07-05,0.000,0
NH1,773504919.5,2024-07-06,0.000,0
NH1,773594949.5,2024-07-07,0.000,0
NH1,773677715.5,2024-07-08,0.000,0
NH1,773810920.5,2024-07-09,0.000,0
NH1,773897311.5,2024-07-10,0.000,0
NH1,773984306.5,2024-07-11,0.000,0
NH1,774070105.5,2024-07-12,0.000,0
NH1,774156500.5,2024-07-13,0.000,0
NH1,774242900.5,2024-07-14,0.000,0
NH1,774329287.5,2024-07-15,0.000,0
NH1,774415685.5,2024-07-16,0.000,0
NH1,774502080.5,2024-07-17,0.000,0
NH1,774588472.5,2024-07-18,0.000,0
NH1,774674871.5,2024-07-19,0.000,0
NH1,774761263.5,2024-07-20,0.000,0
NH1,774822440.5,2024-07-21,0.000,0
NH1,774934051.5,2024-07-22,0.000,0
NH1,774970031.5,2024-07-23,0.000,0
NH1,775081629.5,2024-07-24,0.000,0
NH1,775193234.5,2024-07-25,0.000,0
NH1,775279634.5,2024-07-26,0.000,0
NH1,775366026.5,2024-07-27,0.000,0
NH1,775452419.5,2024-07-28,0.000,0
NH1,775509991.5,2024-07-29,0.000,0
NH1,775585629.5,2024-07-30,0.000,0
NH1,775679217.5,2024-07-31,0.000,0
NH1,775797993.5,2024-08-01,0.000,0
NH1,775884387.5,2024-08-02,0.000,0
NH1,775970777.5,2024-08-03,0.000,0
NH1,776057166.5,2024-08-04,0.000,0
NH1,776143565.5,2024-08-05,0.000,0
NH1,776229953.5,2024-08-06,0.000,0
NH1,776294758.5,2024-08-07,0.000,0
NH1,776402736.5,2024-08-08,0.000,0
NH1,776489128.5,2024-08-09,0.000,0
NH1,776553926.5,2024-08-10,0.000,0
NH1,776629491.5,2024-08-11,0.000,0
NH1,776723102.5,2024-08-12,0.000,0
NH1,776834697.5,2024-08-13,0.000,0
NH1,776921087.5,2024-08-14,0.000,0
NH1,777007616.5,2024-08-15,0.000,0
NH1,777093872.5,2024-08-16,0.000,0
NH1,777144240.5,2024-08-17,0.000,0
NH1,777266664.5,2024-08-18,0.000,0
NH1,777327843.5,2024-08-19,0.000,0
NH1,777439442.5,2024-08-20,0.000,0
NH1,777525831.5,2024-08-21,0.000,0
NH1,777698610.5,2024-08-23,0.000,0
NH1,777784999.5,2024-08-24,0.000,0
NH1,777871389.5,2024-08-25,0.000,0
NH1,777957778.5,2024-08-26,0.000,0
NH1,778044167.5,2024-08-27,0.000,0
NH1,778098134.5,2024-08-28,0.000,0
NH1,778206135.5,2024-08-29,0.000,0
NH1,778303345.5,2024-08-30,0.000,0
NH1,778389767.5,2024-08-31,0.000,0
NH1,778476128.5,2024-09-01,0.000,0
NH1,778533715.5,2024-09-02,0.000,0
NH1,778648910.5,2024-09-03,0.000,0
NH1,778731682.5,2024-09-04,0.000,0
NH1,778785651.5,2024-09-05,0.000,0
NH1,778908098.5,2024-09-06,0.000,0
NH1,778962034.5,2024-09-07,0.000,0
NH1,779080864.5,2024-09-08,0.000,0
NH1,779138461.5,2024-09-09,0.000,0
NH1,779185196.5,2024-09-09,0.000,0
NH1,779282384.5,2024-09-10,0.000,0
NH1,779365195.5,2024-09-11,0.000,0
NH1,779513748.5,2024-09-13,0.000,0
NH1,779599209.5,2024-09-14,0.000,0
NH1,779653154.5,2024-09-15,0.000,0
NH1,779725122.5,2024-09-16,0.000,0
NH1,779811507.5,2024-09-17,0.000,0
NH1,779912312.5,2024-09-18,0.000,0
NH1,779969940.5,2024-09-18,0.000,0
NH1,780110428.5,2024-09-20,0.000,0
NH1,780203928.5,2024-09-21,0.000,0
NH1,780254259.5,2024-09-22,0.000,0
NH1,780376703.5,2024-09-23,0.000,0
NH1,780430676.5,2024-09-24,0.000,0
NH1,780550359.5,2024-09-25,0.000,0
NH1,780589004.5,2024-09-26,0.000,0
NH1,780657406.5,2024-09-26,0.000,0
NH1,780805146.5,2024-09-28,0.000,0
NH1,780862611.5,2024-09-29,0.000,0
NH1,780974313.5,2024-09-30,0.000,0
NH1,781035397.5,2024-10-01,0.000,0
NH1,781121780.5,2024-10-02,0.000,0
NH1,781193756.5,2024-10-03,0.000,0
NH1,796878255.7,2025-04-02,-0.003,0
NH1,796964673.7,2025-04-03,-0.000,0
NH1,797029462.7,2025-04-04,0.000,0
NH1,797108665.7,2025-04-05,0.000,0
NH1,797220263.7,2025-04-06,0.000,0
NH1,797299324.7,2025-04-07,0.000,0
NH1,797389335.7,2025-04-08,0.000,0
NH1,797432572.7,2025-04-09,0.000,0
NH1,797562142.7,2025-04-10,0.000,0
NH1,797634191.7,2025-04-11,0.000,0
NH1,797688160.7,2025-04-12,0.000,0
NH1,797878957.7,2025-04-14,0.000,0
NH1,797968967.7,2025-04-15,0.000,0
NH1,798087782.7,2025-04-16,0.000,0
NH1,798145391.7,2025-04-17,0.000,0
NH1,798224576.7,2025-04-18,0.000,0
NH1,798512594.7,2025-04-21,0.000,0
NH1,798577425.7,2025-04-22,0.000,0
NH1,798692608.7,2025-04-23,0.000,0
NH1,798764607.7,2025-04-24,0.000,0
NH1,798829411.7,2025-04-25,0.000,0
NH1,799034626.7,2025-04-27,0.000,0
NH1,799099469.7,2025-04-28,0.000,0
NH1,799185878.7,2025-04-29,0.000,0
NH1,799261433.7,2025-04-30,0.000,0
NH1,799376635.7,2025-05-01,0.000,0
NH1,799470404.7,2025-05-02,0.000,0
NH1,799473971.7,2025-05-02,0.000,0
NH1,799671893.7,2025-05-04,0.000,0
NH1,799812390.7,2025-05-06,0.000,0
NH1,799873505.7,2025-05-07,0.000,0
NH1,799956278.8,2025-05-08,0.000,0
NH1,800103896.8,2025-05-09,0.000,0
NH1,800330816.8,2025-05-12,0.000,0
NH1,800377474.8,2025-05-13,0.000,0
NH1,800474711.8,2025-05-14,0.000,0
NH1,800561101.8,2025-05-15,0.000,0
NH1,800647553.8,2025-05-16,0.000,0
NH1,800881538.8,2025-05-18,0.000,0
NH1,800993117.8,2025-05-20,0.000,0
NH1,801108467.8,2025-05-21,0.000,0
NH1,801165958.8,2025-05-22,0.000,0
NH1,801223542.8,2025-05-22,0.000,0
NH1,801338758.8,2025-05-24,0.000,0
NH1,801396343.8,2025-05-24,0.000,0
NH1,801536861.8,2025-05-26,0.000,0
NH1,801597966.8,2025-05-27,0.000,0
NH1,801770766.8,2025-05-29,0.000,0
NH1,801828349.8,2025-05-29,0.000,0
NH1,802112740.8,2025-06-02,0.000,0
NH1,802195532.8,2025-06-03,0.000,0
NH1,802314459.8,2025-06-04,0.000,0
NH1,802429547.8,2025-06-05,0.000,0
NH1,802515946.8,2025-06-06,0.000,0
NH1,802713941.8,2025-06-09,0.000,0
NH1,802841202.8,2025-06-10,0.000,0
NH1,802890365.8,2025-06-11,0.000,0
NH1,802947970.8,2025-06-11,0.000,0
NH1,803063166.8,2025-06-13,0.000,0
NH1,803307925.8,2025-06-16,0.000,0
NH1,803372716.8,2025-06-16,0.000,0
NH1,803491577.8,2025-06-18,0.000,0
NH1,803577963.8,2025-06-19,0.000,0
NH1,803664368.8,2025-06-20,0.000,0
NH1,803923565.8,2025-06-23,0.000,0
NH1,803981160.8,2025-06-23,0.000,0
NH1,804096354.8,2025-06-25,0.000,0
NH1,804211681.8,2025-06-26,0.000,0
NH1,804269163.8,2025-06-27,0.000,0
NH1,804395129.8,2025-06-28,0.000,0
NH1,804423900.8,2025-06-28,0.000,0
NH1,804528354.8,2025-06-30,0.000,0
NH1,804596697.8,2025-06-30,0.000,0
NH1,804740710.8,2025-07-02,0.000,0
NH1,804816433.8,2025-07-03,0.000,0
NH1,804870331.8,2025-07-04,0.000,0
NH1,804927922.8,2025-07-04,0.000,0
NH1,805086306.8,2025-07-06,0.000,0
NH1,805100726.8,2025-07-06,0.000,0
NH1,805259096.8,2025-07-08,0.000,0
NH1,805273511.8,2025-07-08,0.000,0
NH1,805431886.8,2025-07-10,0.000,0
NH1,805518280.8,2025-07-11,0.000,0
NH1,805604679.8,2025-07-12,0.000,0
NH1,805673202.8,2025-07-13,0.000,0
NH1,805734294.8,2025-07-14,0.000,0
NH1,805817135.8,2025-07-15,0.000,0
NH1,805928790.8,2025-07-16,0.000,0
NH1,806036652.8,2025-07-17,0.000,0
NH1,806123050.8,2025-07-18,0.000,0
NH1,806209443.8,2025-07-19,0.000,0
NH1,806249063.8,2025-07-20,0.000,0
NH1,806382230.8,2025-07-21,0.000,0
NH1,806450775.8,2025-07-22,0.000,0
NH1,806555025.8,2025-07-23,0.000,0
NH1,806641419.8,2025-07-24,0.000,0
NH1,806727813.8,2025-07-25,0.000,0
NH1,806815709.8,2025-07-26,0.000,0
NH1,806825028.8,2025-07-26,0.000,0
NH1,806986993.8,2025-07-28,0.000,0
NH1,807051890.8,2025-07-29,0.000,0
NH1,807159779.8,2025-07-30,0.000,0
NH1,807228213.8,2025-07-31,0.000,0
NH1,807332570.8,2025-08-01,0.000,0
NH1,807339787.8,2025-08-01,0.000,0
NH1,807591751.8,2025-08-04,0.000,0
NH1,807656650.8,2025-08-05,0.000,0
NH1,807732248.8,2025-08-06,0.000,0
NH1,807786154.8,2025-08-06,0.000,0