name,yr,era,q,e,arc,nobs,cc,f_pre,in_training,aph_lam,aph_bet
C/2018 A3 (ATLAS),2018,post2017,3.277,0.9934,1018.0,1589.0,nan,nan,0,288.966,-40.345
C/2018 B1 (Lemmon),2018,post2017,5.117,1.003,1018.0,316.0,nan,nan,0,245.776,-16.304
C/2018 C2 (Lemmon),2018,post2017,1.957,1.0018,272.0,1672.0,nan,nan,1,50.784,-23.951
C/2018 E1 (ATLAS),2018,post2017,2.705,0.9503,1351.0,227.0,2.0,nan,0,298.794,56.122
C/2018 E2 (Barros),2018,post2017,3.922,0.9976,1686.0,62.0,nan,nan,0,292.928,79.252
C/2018 EF9 (Lemmon),2018,post2017,1.557,0.9976,186.0,191.0,nan,nan,0,9.051,-71.851
C/2018 F1 (Grauer),2018,post2017,2.993,0.9907,594.0,221.0,nan,nan,0,61.712,-43.117
C/2018 F4 (PANSTARRS),2018,post2017,3.44,1.0015,1330.0,530.0,nan,nan,0,86.47,76.319
C/2018 KJ3 (Lemmon),2018,post2017,3.627,0.9958,614.0,465.0,nan,nan,0,62.236,24.817
C/2018 L2 (ATLAS),2018,post2017,1.712,0.993,996.0,731.0,nan,nan,0,92.885,-50.135
C/2018 N1 (NEOWISE),2018,post2017,1.307,0.9969,295.0,263.0,nan,nan,0,117.535,1.908
C/2018 N2 (ASASSN),2018,post2017,3.125,1.0002,1421.0,4653.0,nan,nan,0,210.854,-23.788
C/2018 R3 (Lemmon),2018,post2017,1.291,0.9993,573.0,272.0,nan,nan,0,285.232,-59.792
C/2018 R4 (Fuls),2018,post2017,1.709,0.9944,125.0,114.0,nan,nan,0,103.904,2.974
C/2018 S3 (TESS),2018,post2017,8.0,1.0013,1750.0,35.0,nan,nan,1,86.754,76.908
C/2018 U1 (Lemmon),2018,post2017,4.994,1.0008,1686.0,2459.0,nan,nan,1,75.348,0.399
C/2018 V1 (Machholz-Fujikawa-Iwamoto),2018,post2017,0.387,1.0004,37.0,750.0,nan,nan,0,220.24,-36.0
C/2018 V4 (Africano),2018,post2017,3.199,0.9848,125.0,159.0,nan,nan,0,258.384,-0.009
C/2018 W2 (Africano),2018,post2017,1.455,1.0008,566.0,1995.0,nan,nan,0,192.126,-19.593
C/2018 X2 (Fitzsimmons),2018,post2017,2.126,0.9863,392.0,390.0,nan,nan,0,324.233,-6.936
C/2018 Y1 (Iwamoto),2018,post2017,1.287,0.9911,348.0,2771.0,nan,nan,0,329.308,0.651
C/2019 A9 (PANSTARRS),2019,post2017,1.426,0.9633,546.0,199.0,2.0,nan,0,287.271,57.359
C/2019 B1 (Africano),2019,post2017,1.597,0.9897,105.0,161.0,nan,nan,0,293.251,-4.275
C/2019 B3 (PANSTARRS),2019,post2017,6.823,1.0021,1728.0,293.0,nan,nan,0,73.451,65.808
C/2019 C1 (ATLAS),2019,post2017,6.581,0.9921,907.0,739.0,nan,nan,0,357.47,22.602
C/2019 D1 (Flewelling),2019,post2017,1.578,0.9885,281.0,797.0,nan,nan,0,118.543,-31.899
C/2019 E3 (ATLAS),2019,post2017,10.313,1.0009,5247.0,972.0,nan,nan,0,139.454,77.919
C/2019 F1 (ATLAS-Africano),2019,post2017,3.596,1.0035,1818.0,1964.0,nan,nan,1,98.416,50.102
C/2019 G2 (PANSTARRS),2019,post2017,2.291,0.9967,564.0,120.0,nan,nan,0,305.996,-20.611
C/2019 H1 (NEOWISE),2019,post2017,1.845,0.9922,283.0,165.0,nan,nan,0,84.158,-18.636
C/2019 J1 (Lemmon),2019,post2017,2.479,0.9654,200.0,192.0,3.0,nan,0,86.955,-5.041
C/2019 J2 (Palomar),2019,post2017,1.727,0.9977,96.0,312.0,nan,nan,0,85.104,-72.589
C/2019 J3 (ATLAS),2019,post2017,2.374,1.0007,284.0,270.0,nan,nan,0,79.4,-12.336
C/2019 JU6 (ATLAS),2019,post2017,2.046,0.9994,40.0,76.0,nan,nan,0,105.922,-31.58
C/2019 K1 (ATLAS),2019,post2017,2.013,1.0006,468.0,274.0,nan,nan,0,106.641,84.832
C/2019 K4 (Ye),2019,post2017,2.259,0.9991,222.0,609.0,nan,nan,0,192.761,-38.531
C/2019 K5 (Young),2019,post2017,2.035,0.9865,643.0,734.0,nan,nan,0,172.29,-1.341
C/2019 K6 (PANSTARRS),2019,post2017,3.929,0.9976,676.0,360.0,nan,nan,0,37.803,5.591
C/2019 K7 (Smith),2019,post2017,4.475,1.0,2370.0,2719.0,nan,nan,1,121.037,-26.491
C/2019 K8 (ATLAS),2019,post2017,3.195,0.9977,358.0,1385.0,nan,nan,0,76.421,-84.346
C/2019 L3 (ATLAS),2019,post2017,3.554,1.0014,2180.0,6499.0,nan,nan,0,285.193,-6.26
C/2019 M3 (ATLAS),2019,post2017,2.418,1.0022,117.0,340.0,nan,nan,0,257.269,-80.34
C/2019 M4 (TESS),2019,post2017,9.181,1.0045,178.0,88.0,nan,nan,0,119.899,63.937
C/2019 N1 (ATLAS),2019,post2017,1.705,0.9999,1179.0,1998.0,nan,nan,1,15.387,13.33
C/2019 NJ3 (Lemmon),2019,post2017,4.362,1.0009,624.0,70.0,nan,nan,1,121.5,65.061
C/2019 O3 (Palomar),2019,post2017,8.82,1.0036,2087.0,2138.0,nan,nan,1,120.703,-60.1
C/2019 Q1 (Lemmon),2019,post2017,4.997,1.0009,937.0,248.0,nan,nan,1,168.922,-19.912
C/2019 Q3 (PANSTARRS),2019,post2017,7.25,1.0047,65.0,85.0,nan,nan,0,139.232,-24.738
C/2019 S4 (Lemmon),2019,post2017,3.442,0.9858,726.0,267.0,nan,nan,0,237.179,-71.244
C/2019 T2 (Lemmon),2019,post2017,2.646,0.9987,1388.0,187.0,nan,nan,0,123.874,53.209
C/2019 T3 (ATLAS),2019,post2017,5.947,0.9981,1684.0,1831.0,nan,nan,0,191.687,-51.802
C/2019 T4 (ATLAS),2019,post2017,4.242,0.9956,2390.0,5476.0,nan,nan,0,14.683,7.092
C/2019 U5 (PANSTARRS),2019,post2017,3.624,1.0014,2317.0,5421.0,nan,nan,0,2.037,1.385
C/2019 U6 (Lemmon),2019,post2017,0.914,0.9979,753.0,1144.0,nan,nan,0,39.868,26.219
C/2019 V1 (Borisov),2019,post2017,3.097,0.999,482.0,111.0,nan,nan,0,293.606,-43.423
C/2019 Y1 (ATLAS),2019,post2017,0.838,0.9965,208.0,1010.0,nan,nan,0,235.586,-53.904
C/2019 Y4 (ATLAS),2019,post2017,0.253,0.9992,148.0,1259.0,nan,nan,0,118.75,-1.843
C/2019 Y5 (PANSTARRS),2019,post2017,4.914,0.9939,668.0,70.0,nan,nan,0,221.101,55.829
C/2020 A2 (Iwamoto),2020,post2017,0.978,0.9991,104.0,529.0,nan,nan,0,54.401,-52.94
C/2020 A3 (ATLAS),2020,post2017,5.767,0.9989,1368.0,94.0,nan,nan,0,32.692,33.286
C/2020 B2 (Lemmon),2020,post2017,2.768,0.9592,100.0,106.0,4.0,nan,0,331.801,-29.332
C/2020 B3 (Rankin),2020,post2017,3.344,0.9983,194.0,185.0,nan,nan,0,332.683,11.671
C/2020 F2 (ATLAS),2020,post2017,8.817,1.0048,2461.0,1649.0,nan,nan,1,23.097,-12.196
C/2020 F3 (NEOWISE),2020,post2017,0.295,0.9992,438.0,1315.0,nan,nan,0,215.441,-28.107
C/2020 F5 (MASTER),2020,post2017,4.325,0.9951,1663.0,1861.0,nan,nan,0,135.38,36.643
C/2020 F6 (PANSTARRS),2020,post2017,3.511,0.9908,297.0,102.0,nan,nan,0,43.224,1.438
C/2020 F7 (Lemmon),2020,post2017,5.332,0.9931,1446.0,608.0,nan,nan,0,317.517,47.839
C/2020 F8 (SWAN),2020,post2017,0.43,0.9998,213.0,376.0,nan,nan,0,38.43,-60.224
C/2020 H2 (Pruyne),2020,post2017,0.834,0.9955,51.0,121.0,nan,nan,0,81.54,-21.577
C/2020 H3 (Wierzchos),2020,post2017,2.304,1.0022,123.0,131.0,nan,nan,0,105.335,-25.96
C/2020 H4 (Leonard),2020,post2017,0.938,0.9923,42.0,37.0,nan,nan,0,296.707,-62.621
C/2020 H5 (Robinson),2020,post2017,9.345,0.9973,3427.0,292.0,nan,nan,0,17.964,31.384
C/2020 H6 (ATLAS),2020,post2017,4.703,1.0006,1356.0,2087.0,nan,nan,1,37.404,-20.016
C/2020 H7 (Lemmon),2020,post2017,4.42,0.9994,137.0,174.0,nan,nan,0,63.545,-43.64
C/2020 H8 (PANSTARRS),2020,post2017,4.675,0.9924,407.0,199.0,nan,nan,0,80.146,-50.106
C/2020 H11 (PANSTARRS-Lemmon),2020,post2017,7.631,0.9993,706.0,53.0,nan,nan,0,31.313,-28.579
C/2020 J1 (SONEAR),2020,post2017,3.355,1.0004,1117.0,1423.0,nan,nan,0,61.195,11.035
C/2020 K1 (PANSTARRS),2020,post2017,3.073,0.9999,2106.0,3655.0,nan,nan,0,94.589,33.979
C/2020 K2 (PANSTARRS),2020,post2017,8.878,1.0013,403.0,87.0,nan,nan,0,105.859,-67.247
C/2020 K3 (Leonard),2020,post2017,1.593,0.9924,323.0,212.0,nan,nan,0,157.457,-43.893
C/2020 K4 (PANSTARRS),2020,post2017,1.773,0.9612,117.0,48.0,5.0,nan,0,118.787,38.156
C/2020 K5 (PANSTARRS),2020,post2017,1.535,1.0013,410.0,95.0,nan,nan,0,132.386,59.745
C/2020 K6 (Rankin),2020,post2017,5.868,1.0032,1125.0,180.0,nan,nan,1,98.557,-42.751
C/2020 K8 (Catalina-ATLAS),2020,post2017,0.475,1.0002,316.0,291.0,nan,nan,1,259.916,30.886
C/2020 M3 (ATLAS),2020,post2017,1.268,0.9527,348.0,2344.0,3.0,nan,0,221.862,12.028
C/2020 M5 (ATLAS),2020,post2017,3.004,0.9999,1297.0,1605.0,nan,nan,0,356.466,-53.537
C/2020 N1 (PANSTARRS),2020,post2017,1.321,1.0005,287.0,856.0,nan,nan,1,285.867,3.348
C/2020 N2 (ATLAS),2020,post2017,1.794,0.9824,252.0,88.0,nan,nan,0,104.521,9.001
C/2020 O2 (Amaral),2020,post2017,4.862,1.0023,1155.0,1595.0,nan,nan,1,80.021,-9.786
C/2020 P1 (NEOWISE),2020,post2017,0.342,1.0003,129.0,136.0,nan,nan,0,239.846,-6.279
C/2020 P3 (ATLAS),2020,post2017,6.812,0.9991,1342.0,698.0,nan,nan,0,273.374,-60.916
C/2020 Q1 (Borisov),2020,post2017,1.315,0.9779,69.0,280.0,6.0,nan,0,224.469,-5.938
C/2020 R2 (PANSTARRS),2020,post2017,4.692,0.9887,827.0,386.0,nan,nan,0,215.391,24.897
C/2020 R4 (ATLAS),2020,post2017,1.029,0.9894,549.0,2399.0,3.0,nan,0,97.626,-11.245
C/2020 R6 (Rankin),2020,post2017,3.13,0.9922,526.0,56.0,nan,nan,0,117.844,82.536
C/2020 R7 (ATLAS),2020,post2017,2.956,1.0002,1702.0,1812.0,nan,nan,1,93.462,11.016
C/2020 S3 (Erasmus),2020,post2017,0.398,0.998,436.0,861.0,nan,nan,0,33.47,3.419
C/2020 S4 (PANSTARRS),2020,post2017,3.37,1.0006,1332.0,1527.0,nan,nan,1,317.488,-7.233
C/2020 S8 (Lemmon),2020,post2017,2.364,0.9914,340.0,591.0,nan,nan,0,30.528,-18.613
C/2020 T2 (Palomar),2020,post2017,2.055,0.9934,1015.0,2755.0,nan,nan,0,56.366,-13.359
C/2020 T4 (PANSTARRS),2020,post2017,2.192,1.0,264.0,171.0,nan,nan,0,261.014,-77.92
C/2020 T5 (Lemmon),2020,post2017,1.889,0.998,209.0,111.0,nan,nan,0,148.59,-66.598
C/2020 U3 (Rankin),2020,post2017,2.276,0.9648,467.0,178.0,3.0,nan,0,230.916,-24.55
C/2020 U4 (PANSTARRS),2020,post2017,5.354,1.0013,1768.0,921.0,nan,nan,1,230.959,-12.13
C/2020 U5 (PANSTARRS),2020,post2017,3.756,0.9994,1292.0,513.0,nan,nan,0,261.397,-73.743
C/2020 V2 (ZTF),2020,post2017,2.228,1.0009,1990.0,5767.0,nan,nan,0,224.252,-13.052
C/2020 W5 (Lemmon),2020,post2017,3.364,1.0016,70.0,55.0,nan,nan,0,256.162,-24.472
C/2020 Y2 (ATLAS),2020,post2017,3.132,0.997,1679.0,1775.0,nan,nan,0,315.658,78.057
C/2020 Y3 (ATLAS),2020,post2017,1.999,0.9868,220.0,380.0,nan,nan,0,9.2,17.826
C/2021 A1 (Leonard),2021,post2017,0.615,1.0001,651.0,2422.0,nan,nan,0,221.668,31.37
C/2021 A2 (NEOWISE),2021,post2017,1.413,0.9945,126.0,980.0,nan,nan,0,311.686,20.187
C/2021 A4 (NEOWISE),2021,post2017,1.145,0.9732,185.0,683.0,4.0,nan,0,297.495,22.84
C/2021 A6 (PANSTARRS),2021,post2017,7.928,0.9992,1340.0,167.0,nan,nan,1,342.001,8.048
C/2021 A7 (NEOWISE),2021,post2017,1.968,0.9997,532.0,295.0,nan,nan,0,333.712,3.846
C/2021 A9 (PANSTARRS),2021,post2017,7.76,1.0032,1864.0,449.0,nan,nan,1,285.28,11.261
C/2021 A10 (NEOWISE),2021,post2017,1.269,0.9863,56.0,116.0,6.0,nan,0,287.129,-28.198
C/2021 B2 (PANSTARRS),2021,post2017,2.513,0.9925,517.0,93.0,nan,nan,0,280.381,15.13
C/2021 C1 (Rankin),2021,post2017,3.481,0.9996,390.0,164.0,nan,nan,0,26.21,13.98
C/2021 C3 (Catalina),2021,post2017,2.277,0.9641,144.0,363.0,4.0,nan,0,3.438,2.412
C/2021 C4 (ATLAS),2021,post2017,4.504,0.9992,497.0,234.0,nan,nan,0,43.786,27.974
C/2021 C5 (PANSTARRS),2021,post2017,3.242,0.9993,1289.0,456.0,nan,nan,1,55.145,50.771
C/2021 C6 (Lemmon),2021,post2017,3.271,1.0019,691.0,199.0,nan,nan,0,309.345,6.084
C/2021 D1 (SWAN),2021,post2017,0.902,0.9906,72.0,342.0,5.0,nan,0,200.667,-29.8
C/2021 D2 (ZTF),2021,post2017,2.946,1.0013,792.0,654.0,nan,nan,1,296.963,-54.499
C/2021 E3 (ZTF),2021,post2017,1.777,1.0009,1040.0,1491.0,nan,nan,1,80.768,44.057
C/2021 F1 (Lemmon-PANSTARRS),2021,post2017,0.995,0.9957,220.0,403.0,nan,nan,0,214.462,-31.488
C/2021 G1 (Leonard),2021,post2017,3.424,0.9549,41.0,54.0,6.0,nan,0,335.284,-45.522
C/2021 G2 (ATLAS),2021,post2017,4.982,1.0006,1804.0,5087.0,nan,nan,0,29.829,12.445
C/2021 G3 (PANSTARRS),2021,post2017,5.181,1.0012,653.0,63.0,nan,nan,1,325.017,-10.389
C/2021 J2 (PANSTARRS),2021,post2017,4.707,0.9599,786.0,218.0,nan,nan,0,30.603,-3.194
C/2021 K2 (MASTER),2021,post2017,5.467,1.0012,327.0,80.0,nan,nan,0,105.478,16.373
C/2021 K3 (Catalina),2021,post2017,5.23,1.0036,369.0,99.0,nan,nan,1,113.066,1.384
C/2021 L3 (Borisov),2021,post2017,8.458,1.0014,1040.0,215.0,nan,nan,0,262.95,-78.471
C/2021 N3 (PANSTARRS),2021,post2017,5.711,0.9643,550.0,77.0,nan,nan,0,105.281,21.718
C/2021 O3 (PANSTARRS),2021,post2017,0.287,1.0002,351.0,760.0,nan,nan,0,325.501,46.432
C/2021 P1 (PANSTARRS),2021,post2017,4.375,1.0002,204.0,104.0,nan,nan,0,207.489,-30.507
C/2021 P2 (PANSTARRS),2021,post2017,5.069,0.998,1432.0,408.0,nan,nan,0,137.35,-29.057
C/2021 P4 (ATLAS),2021,post2017,1.08,0.9966,346.0,954.0,nan,nan,0,345.769,-3.477
C/2021 Q4 (Fuls),2021,post2017,7.565,1.0032,1982.0,558.0,nan,nan,0,171.669,-31.091
C/2021 Q6 (PANSTARRS),2021,post2017,8.709,0.9997,1718.0,388.0,nan,nan,1,171.167,-11.32
C/2021 QM45 (PANSTARRS),2021,post2017,2.773,0.9922,591.0,382.0,nan,nan,0,246.026,-21.746
C/2021 R2 (PANSTARRS),2021,post2017,7.312,0.9975,795.0,126.0,nan,nan,0,172.393,-22.416
C/2021 R7 (PANSTARRS),2021,post2017,5.641,0.9952,473.0,63.0,nan,nan,0,208.206,-13.413
C/2021 S1 (ATLAS),2021,post2017,6.119,1.001,582.0,476.0,nan,nan,0,279.008,-24.574
C/2021 S3 (PANSTARRS),2021,post2017,1.32,1.0002,1847.0,4867.0,nan,nan,0,39.208,-5.839
C/2021 S4 (Tsuchinshan),2021,post2017,6.689,0.9593,1629.0,1159.0,nan,nan,0,257.583,-16.681
C/2021 T1 (Lemmon),2021,post2017,3.058,0.998,308.0,114.0,nan,nan,0,192.752,-29.959
C/2021 T2 (Fuls),2021,post2017,1.248,1.0001,146.0,183.0,nan,nan,0,146.891,61.791
C/2021 T4 (Lemmon),2021,post2017,1.483,0.9999,1325.0,1259.0,nan,nan,0,106.662,9.529
C/2021 U4 (Leonard),2021,post2017,1.787,0.9593,53.0,37.0,6.0,nan,0,187.613,22.555
C/2021 U5 (Catalina),2021,post2017,2.363,0.9891,301.0,463.0,nan,nan,0,331.027,23.106
C/2021 V1 (Rankin),2021,post2017,3.014,0.9956,124.0,67.0,nan,nan,0,212.559,14.297
C/2021 X1 (Maury-Attard),2021,post2017,3.234,1.0013,1033.0,2855.0,nan,nan,0,210.608,15.967
C/2021 X2 (Bok),2021,post2017,2.995,1.0013,389.0,95.0,nan,nan,0,218.985,8.989
C/2021 Y1 (ATLAS),2021,post2017,2.033,1.0008,585.0,1857.0,nan,nan,1,271.04,62.809
C/2022 A1 (Sarneczky),2022,post2017,1.253,0.9992,67.0,316.0,nan,nan,0,275.701,18.86
C/2022 A2 (PANSTARRS),2022,post2017,1.735,1.0004,935.0,2731.0,nan,nan,0,266.8,-71.779
C/2022 A3 (Lemmon-ATLAS),2022,post2017,3.703,0.996,1278.0,1015.0,nan,nan,0,327.822,54.816
C/2022 B4,2022,post2017,1.38,0.9964,63.0,128.0,nan,nan,0,315.042,-8.962
C/2022 D2 (Kowalski),2022,post2017,1.555,0.9956,109.0,112.0,nan,nan,0,310.43,-0.851
C/2022 E2 (ATLAS),2022,post2017,3.666,1.001,1655.0,5845.0,nan,nan,0,272.207,-26.921
C/2022 E3 (ZTF),2022,post2017,1.112,1.0003,809.0,5330.0,nan,nan,0,315.136,-32.058
C/2022 F1 (ATLAS),2022,post2017,5.975,0.9994,857.0,133.0,nan,nan,0,95.994,57.028
C/2022 H1 (PANSTARRS),2022,post2017,7.689,0.9935,1118.0,74.0,nan,nan,0,62.15,44.448
C/2022 J1 (Maury-Attard),2022,post2017,1.604,0.9664,140.0,159.0,4.0,nan,0,121.653,51.379
C/2022 J2 (Bok),2022,post2017,1.828,0.9802,263.0,135.0,3.0,nan,0,295.116,-22.044
C/2022 K1 (Leonard),2022,post2017,3.987,1.0027,118.0,87.0,nan,nan,1,106.714,-23.947
C/2022 L1 (Catalina),2022,post2017,1.592,0.9971,253.0,415.0,nan,nan,0,76.505,-46.164
C/2022 L2 (ATLAS),2022,post2017,2.692,1.0013,1335.0,2512.0,nan,nan,0,26.296,15.3
C/2022 N1 (Attard-Maury),2022,post2017,1.482,0.96,949.0,222.0,3.0,nan,0,81.806,-9.957
C/2022 N2 (PANSTARRS),2022,post2017,3.826,1.0032,1554.0,3893.0,nan,nan,0,215.065,-5.322
C/2022 O1 (ATLAS),2022,post2017,7.43,1.0049,507.0,189.0,nan,nan,0,136.497,71.009
C/2022 P3 (ZTF),2022,post2017,2.561,0.9895,261.0,327.0,nan,nan,0,252.276,-0.078
C/2022 QE78 (ATLAS),2022,post2017,5.477,1.0043,1407.0,4127.0,nan,nan,0,300.303,-0.292
C/2022 R2 (ATLAS),2022,post2017,0.633,0.9985,54.0,295.0,nan,nan,0,311.58,-51.365
C/2022 R3 (Leonard),2022,post2017,5.129,1.0008,917.0,355.0,nan,nan,0,255.361,-40.747
C/2022 R6 (PANSTARRS),2022,post2017,6.566,1.005,1372.0,2462.0,nan,nan,0,306.164,32.706
C/2022 S3 (PANSTARRS),2022,post2017,0.838,1.0004,36.0,75.0,nan,nan,0,237.139,78.382
C/2022 S4 (Lemmon),2022,post2017,2.763,0.9989,1012.0,755.0,nan,nan,0,137.885,78.68
C/2022 T1 (Lemmon),2022,post2017,3.445,0.9997,647.0,587.0,nan,nan,1,23.368,12.919
C/2022 U1 (Leonard),2022,post2017,4.202,0.9994,1060.0,1325.0,nan,nan,0,180.623,-50.431
C/2022 U2 (ATLAS),2022,post2017,1.328,0.9861,166.0,996.0,3.0,nan,0,281.817,-23.35
C/2022 U3 (Bok),2022,post2017,4.827,1.0032,1690.0,803.0,nan,nan,0,280.344,4.999
C/2022 U4 (Bok),2022,post2017,2.898,0.9992,625.0,691.0,nan,nan,0,41.321,-52.029
C/2022 W2 (ATLAS),2022,post2017,3.123,0.9906,483.0,250.0,nan,nan,0,286.25,-48.463
C/2022 W3 (Leonard),2022,post2017,1.398,0.995,301.0,876.0,nan,nan,0,157.436,-60.44
C/2023 A1 (Leonard),2023,post2017,1.835,0.992,152.0,453.0,nan,nan,0,320.103,-20.676
C/2023 A2 (SWAN),2023,post2017,0.947,0.9983,77.0,159.0,nan,nan,0,98.065,-37.272
C/2023 A3 (Tsuchinshan-ATLAS),2023,post2017,0.391,1.0001,1509.0,7329.0,nan,nan,0,245.113,30.822
C/2023 B2 (ATLAS),2023,post2017,1.743,0.9971,242.0,1107.0,nan,nan,0,3.266,26.233
C/2023 C2 (ATLAS),2023,post2017,2.368,0.999,1313.0,1972.0,nan,nan,0,119.297,1.912
C/2023 F1 (PANSTARRS),2023,post2017,1.708,0.9935,67.0,201.0,nan,nan,0,358.895,26.445
C/2023 F3 (ATLAS),2023,post2017,5.191,1.0035,1165.0,1332.0,nan,nan,0,24.849,33.922
C/2023 H1 (PANSTARRS),2023,post2017,4.448,0.9941,1221.0,772.0,nan,nan,0,88.045,9.445
C/2023 H2 (Lemmon),2023,post2017,0.894,0.9963,292.0,724.0,nan,nan,0,229.801,-26.656
C/2023 H5 (Lemmon),2023,post2017,4.313,1.0004,1360.0,2731.0,nan,nan,0,326.108,-59.167
C/2023 K1 (ATLAS),2023,post2017,2.04,0.9972,297.0,218.0,nan,nan,0,60.843,14.856
C/2023 P1 (Nishimura),2023,post2017,0.225,0.9961,495.0,638.0,4.0,nan,0,120.632,-41.389
C/2023 Q1 (PANSTARRS),2023,post2017,2.576,1.0053,659.0,1450.0,nan,nan,0,270.176,-36.438
C/2023 Q2 (PANSTARRS),2023,post2017,3.209,0.9905,361.0,136.0,nan,nan,0,94.701,-8.021
C/2023 R1 (PANSTARRS),2023,post2017,3.57,1.0023,1136.0,4787.0,nan,nan,0,94.304,-17.335
C/2023 R2 (PANSTARRS),2023,post2017,0.906,1.0007,195.0,309.0,nan,nan,0,349.116,11.429
C/2023 S2 (ATLAS),2023,post2017,1.068,0.9929,70.0,392.0,nan,nan,0,127.892,-20.031
C/2023 S3 (Lemmon),2023,post2017,0.83,0.9708,251.0,692.0,2.0,nan,0,128.971,38.547
C/2023 T2 (Borisov),2023,post2017,1.995,0.9914,235.0,368.0,nan,nan,0,257.91,-44.378
C/2023 T3 (Fuls),2023,post2017,3.548,0.9954,1030.0,1367.0,nan,nan,0,11.984,22.598
C/2023 TD22 (Lemmon),2023,post2017,2.357,0.951,658.0,613.0,2.0,nan,0,153.388,-5.097
C/2023 U1 (Fuls),2023,post2017,4.973,0.9979,1081.0,641.0,nan,nan,0,255.246,67.001
C/2023 V1 (Lemmon),2023,post2017,5.093,1.0003,1374.0,468.0,nan,nan,0,56.374,-72.145
C/2023 V4 (Camarasa-Duszanowicz),2023,post2017,1.122,1.001,342.0,1135.0,nan,nan,0,271.848,-45.605
C/2023 X1 (Leonard),2023,post2017,0.95,0.9942,89.0,255.0,nan,nan,0,332.654,35.671
C/2023 X2 (Lemmon),2023,post2017,5.089,1.0003,1086.0,612.0,nan,nan,0,271.826,-61.792
C/2023 X7 (PANSTARRS),2023,post2017,4.822,1.002,72.0,69.0,nan,nan,0,297.178,5.294
C/2024 A1 (ATLAS),2024,post2017,3.875,1.0021,905.0,1939.0,nan,nan,0,292.663,6.67
C/2024 B1 (Lemmon),2024,post2017,1.634,1.0009,674.0,763.0,nan,nan,0,295.775,-59.844
C/2024 B2 (Lemmon),2024,post2017,4.076,0.9993,591.0,92.0,nan,nan,0,305.769,-48.706
C/2024 C4 (ATLAS),2024,post2017,1.471,0.9825,181.0,545.0,3.0,nan,0,32.287,37.691
C/2024 D1 (Lemmon),2024,post2017,6.696,0.9989,809.0,72.0,nan,nan,0,222.84,-36.78
C/2024 E1 (Wierzchos),2024,post2017,0.566,1.0001,783.0,2233.0,nan,nan,0,135.279,60.041
C/2024 G1 (Wierzchos),2024,post2017,3.93,0.9674,392.0,112.0,nan,nan,0,37.412,-51.448
C/2024 G2 (ATLAS),2024,post2017,5.348,0.9926,769.0,691.0,nan,nan,0,9.288,26.072
C/2024 G4 (PANSTARRS),2024,post2017,4.9,0.9985,2058.0,767.0,nan,nan,0,109.44,-24.126
C/2024 G5 (Leonard),2024,post2017,2.953,0.9944,142.0,92.0,nan,nan,0,336.28,22.338
C/2024 G6 (ATLAS),2024,post2017,6.43,1.0018,875.0,1581.0,nan,nan,0,58.563,-20.047
C/2024 G7 (ATLAS),2024,post2017,6.028,1.0016,727.0,87.0,nan,nan,0,73.614,44.832
C/2024 J2 (Wierzchos),2024,post2017,1.811,0.9876,614.0,451.0,nan,nan,0,181.138,-36.107
C/2024 J3 (ATLAS),2024,post2017,3.865,1.0004,854.0,3033.0,nan,nan,0,146.986,-68.693
C/2024 J4 (Lemmon),2024,post2017,5.695,0.9991,813.0,876.0,nan,nan,0,50.045,-44.436
C/2024 L2 (PANSTARRS),2024,post2017,8.326,1.0034,1116.0,39.0,nan,nan,0,97.007,9.086
C/2024 L3 (PANSTARRS),2024,post2017,6.859,1.0056,430.0,34.0,nan,nan,0,83.416,-52.911
C/2024 L5 (ATLAS),2024,post2017,3.432,1.0372,668.0,1220.0,nan,nan,0,28.143,12.564
C/2024 N1 (PANSTARRS),2024,post2017,4.399,1.0014,631.0,57.0,nan,nan,0,278.492,-88.261
C/2024 N3 (Sarneczky),2024,post2017,5.015,1.0014,1060.0,736.0,nan,nan,0,284.737,-86.632
C/2024 N4 (Sarneczky),2024,post2017,5.398,1.0045,613.0,469.0,nan,nan,0,287.545,-43.014
C/2024 O1 (PANSTARRS),2024,post2017,6.608,1.0018,414.0,37.0,nan,nan,0,118.12,8.618
C/2024 PN7 (PANSTARRS),2024,post2017,1.525,0.9774,254.0,361.0,2.0,nan,0,143.965,-70.767
C/2024 Q3 (PANSTARRS),2024,post2017,2.092,1.0015,319.0,78.0,nan,nan,0,102.043,-53.409
C/2024 Q4 (PANSTARRS),2024,post2017,5.419,0.996,145.0,48.0,nan,nan,0,277.308,-2.424
C/2024 R4 (PANSTARRS),2024,post2017,4.409,1.0025,796.0,1890.0,nan,nan,0,1.145,-70.283
C/2024 T3 (PANSTARRS),2024,post2017,3.716,0.956,505.0,111.0,3.0,nan,0,240.581,18.387
C/2024 T5 (ATLAS),2024,post2017,3.841,1.0023,704.0,1520.0,nan,nan,0,276.056,5.975
C/2024 U1 (PANSTARRS),2024,post2017,4.836,0.9937,680.0,119.0,nan,nan,0,265.165,6.296
C/2024 V1 (Borisov),2024,post2017,2.318,0.9902,212.0,422.0,nan,nan,0,321.577,-9.225
C/2025 A1 (Lemmon),2025,post2017,5.345,1.0025,1671.0,484.0,nan,nan,0,345.557,-30.72
C/2025 A6 (Lemmon),2025,post2017,0.53,0.9955,629.0,2099.0,nan,nan,0,148.951,-25.696
C/2025 B1 (PANSTARRS),2025,post2017,3.53,1.0027,60.0,50.0,nan,nan,0,301.383,-14.765
C/2025 B2 (Borisov),2025,post2017,8.239,1.0018,604.0,487.0,nan,nan,0,256.104,-78.727
C/2025 D1 (Groeller),2025,post2017,14.123,1.0029,2862.0,183.0,nan,nan,1,313.442,5.813
C/2025 D5 (PANSTARRS),2025,post2017,2.012,0.9994,42.0,29.0,nan,nan,0,10.678,30.035
C/2025 D6 (ATLAS),2025,post2017,2.504,0.998,239.0,144.0,nan,nan,0,43.08,32.824
C/2025 E1 (PANSTARRS),2025,post2017,3.998,0.9975,542.0,286.0,nan,nan,0,86.794,68.619
C/2025 F1 (ATLAS),2025,post2017,1.07,0.9963,37.0,69.0,nan,nan,0,311.739,24.235
C/2025 F2 (SWAN),2025,post2017,0.333,1.0001,215.0,375.0,nan,nan,0,330.017,-26.159
C/2025 J1 (Borisov),2025,post2017,3.58,0.9972,495.0,919.0,nan,nan,0,275.272,-13.319
C/2025 K1 (ATLAS),2025,post2017,0.334,1.0003,278.0,2410.0,nan,nan,0,6.355,32.134
C/2025 K3 (PANSTARRS),2025,post2017,3.47,1.0014,487.0,97.0,nan,nan,0,348.407,8.307
C/2025 L1 (ATLAS),2025,post2017,1.68,1.0015,597.0,137.0,nan,nan,0,36.014,17.057
C/2025 L2 (MAPS),2025,post2017,2.834,0.9944,365.0,382.0,nan,nan,0,139.458,52.507
C/2025 M1 (PANSTARRS),2025,post2017,10.828,0.9983,1883.0,80.0,nan,nan,0,94.14,44.279
C/2025 M2 (PANSTARRS),2025,post2017,2.721,1.0019,464.0,570.0,nan,nan,0,28.733,-6.733
C/2025 M3 (PANSTARRS),2025,post2017,6.471,0.9996,357.0,34.0,nan,nan,0,52.697,11.467
C/2025 N2 (ATLAS),2025,post2017,8.985,1.0022,884.0,49.0,nan,nan,0,104.308,49.4
C/2025 O2 (MAPS),2025,post2017,2.289,0.9989,54.0,88.0,nan,nan,0,227.867,44.54
C/2025 Q1 (ATLAS),2025,post2017,10.1,0.9913,2085.0,24.0,nan,nan,0,81.034,64.163
C/2025 Q3 (ATLAS),2025,post2017,2.113,0.9973,339.0,1443.0,nan,nan,0,232.989,38.45
C/2025 R1 (ATLAS),2025,post2017,1.975,0.9881,288.0,386.0,nan,nan,0,183.205,-66.552
C/2025 R2 (SWAN),2025,post2017,0.504,0.9942,197.0,2441.0,3.0,nan,0,103.775,3.504
C/2025 R3 (PANSTARRS),2025,post2017,0.499,1.0004,291.0,899.0,nan,nan,0,49.037,-14.526
C/2025 T1 (ATLAS),2025,post2017,1.109,0.9997,218.0,821.0,nan,nan,0,191.362,-49.603
C/2025 V2 (Rankin),2025,post2017,1.952,1.0007,567.0,570.0,nan,nan,0,63.906,-36.219
C/2025 Y1 (ATLAS),2025,post2017,2.602,0.9996,259.0,1486.0,nan,nan,0,111.726,-11.986
C/2025 Y3 (PANSTARRS),2025,post2017,2.227,1.0007,33.0,27.0,nan,nan,0,273.339,39.379
C/2026 A2 (Bok),2026,post2017,1.938,0.9976,235.0,1238.0,nan,nan,0,203.171,-23.83
C/2026 A3 (PANSTARRS),2026,post2017,4.825,1.0016,133.0,72.0,nan,nan,0,250.465,19.165
C/2026 AZ17 (Bok),2026,post2017,2.473,0.9619,237.0,745.0,3.0,nan,0,122.241,-18.825
C/2026 B2 (Sun-Gao),2026,post2017,1.284,0.9976,217.0,194.0,nan,nan,0,83.394,-39.327
C/2026 B3 (PANSTARRS),2026,post2017,5.816,0.9949,507.0,452.0,nan,nan,0,341.195,24.731
C/2026 C1 (Tsuchinshan),2026,post2017,1.152,0.9999,223.0,925.0,nan,nan,0,194.585,48.356
C/2026 H1 (PANSTARRS),2026,post2017,6.084,1.0006,110.0,44.0,nan,nan,0,3.245,9.334
C/2026 H2 (Leonard),2026,post2017,4.547,1.0022,102.0,379.0,nan,nan,0,70.643,-28.94
C/2026 H3 (Bok),2026,post2017,7.728,1.0037,303.0,59.0,nan,nan,0,71.844,-36.951
C/2026 L1 (PANSTARRS),2026,post2017,4.879,0.9938,148.0,194.0,nan,nan,0,138.771,18.944
C/2026 L2 (PANSTARRS),2026,post2017,3.399,0.999,40.0,36.0,nan,nan,0,103.67,0.0
C/2026 M3 (MASTER),2026,post2017,12.052,1.0009,78.0,236.0,nan,nan,0,97.543,-50.986
C/2026 N1 (PANSTARRS),2026,post2017,5.212,0.9995,35.0,85.0,nan,nan,0,99.368,-73.84
C/2026 O1 (PANSTARRS),2026,post2017,1.5,1.0013,50.0,113.0,nan,nan,0,44.948,34.059
C/2026 P2 (PANSTARRS),2026,post2017,2.48,0.9999,379.0,252.0,nan,nan,0,270.023,-60.969
C/1449 Y1,1449,pre2018,0.327,1.0,48.0,20.0,nan,nan,0,91.827,1.363
C/1556 D1,1556,pre2018,0.491,1.0,52.0,36.0,nan,nan,0,104.249,-31.721
C/1577 V1,1577,pre2018,0.177,1.0,74.0,24.0,nan,nan,0,346.09,69.455
C/1618 W1,1618,pre2018,0.39,1.0,53.0,42.0,nan,nan,0,192.524,35.226
C/1664 W1,1664,pre2018,1.026,1.0,61.0,30.0,nan,nan,0,313.357,15.99
C/1742 C1,1742,pre2018,0.766,1.0,62.0,100.0,nan,nan,0,22.873,29.172
C/1743 X1,1743,pre2018,0.222,1.0,71.0,76.0,nan,nan,0,29.022,-20.48
C/1746 P1,1746,pre2018,2.199,1.0,114.0,30.0,nan,nan,0,138.068,49.07
C/1748 H1,1748,pre2018,0.841,1.0,51.0,20.0,nan,nan,0,54.925,-17.772
C/1769 P1 (Messier),1769,pre2018,0.123,0.9992,101.0,37.0,nan,nan,0,333.911,19.566
C/1771 G1 (Messier),1771,pre2018,0.902,1.0,72.0,100.0,nan,nan,0,286.969,-10.961
C/1779 A1 (Bode),1779,pre2018,0.713,1.0,118.0,300.0,nan,nan,0,266.113,-28.318
C/1785 E1 (Mechain),1785,pre2018,0.427,0.9965,37.0,25.0,nan,nan,0,71.163,-52.72
C/1786 P1 (Herschel),1786,pre2018,0.411,1.0,82.0,144.0,nan,nan,0,353.608,26.392
C/1793 S1 (Perny),1793,pre2018,1.505,1.0,72.0,24.0,nan,nan,0,243.718,-47.454
C/1802 Q1 (Pons),1802,pre2018,1.094,1.0,38.0,135.0,nan,nan,0,145.326,-18.19
C/1806 V1 (Pons),1806,pre2018,1.082,1.0,91.0,35.0,nan,nan,0,285.478,24.052
C/1807 R1 (Great comet),1807,pre2018,0.646,0.9955,187.0,70.0,nan,nan,0,91.332,-3.658
C/1811 F1 (Great comet),1811,pre2018,1.035,0.9951,505.0,1000.0,nan,nan,0,290.58,-60.447
C/1811 W1 (Pons),1811,pre2018,1.582,0.9809,90.0,69.0,nan,nan,0,234.611,21.723
C/1813 C1 (Pons),1813,pre2018,0.699,1.0,34.0,30.0,nan,nan,0,251.964,-3.393
C/1817 Y1 (Pons),1817,pre2018,1.198,1.0,59.0,26.0,nan,nan,0,72.392,-67.639
C/1818 W2 (Pons),1818,pre2018,0.855,1.0,61.0,21.0,nan,nan,0,277.983,10.587
C/1819 N1 (Great comet),1819,pre2018,0.342,1.0,105.0,400.0,nan,nan,0,98.426,-13.242
C/1822 N1 (Pons),1822,pre2018,1.145,0.9963,116.0,456.0,nan,nan,0,94.567,0.882
C/1823 Y1 (Great comet),1823,pre2018,0.227,1.0,67.0,200.0,nan,nan,0,118.123,-27.594
C/1824 O1 (Scheithauer),1824,pre2018,1.05,1.0,152.0,150.0,nan,nan,0,183.543,-54.322
C/1825 K1 (Gambart),1825,pre2018,0.889,0.9964,57.0,132.0,nan,nan,0,84.734,-53.35
C/1825 N1 (Pons),1825,pre2018,1.241,0.9954,352.0,275.0,nan,nan,0,143.709,32.579
C/1825 V1 (Pons),1825,pre2018,2.008,1.0,143.0,59.0,nan,nan,0,302.227,39.35
C/1826 P1 (Pons),1826,pre2018,0.853,0.9975,110.0,300.0,nan,nan,0,238.863,-5.996
C/1830 F1 (Great comet),1830,pre2018,0.921,1.0,147.0,300.0,nan,nan,0,34.168,-2.1
C/1831 A1 (Great comet),1831,pre2018,0.126,1.0,46.0,61.0,nan,nan,0,140.431,-18.563
C/1832 O1 (Gambart),1832,pre2018,1.183,1.0,39.0,32.0,nan,nan,0,56.387,16.617
C/1835 H1 (Boguslawski),1835,pre2018,2.04,1.0,37.0,38.0,nan,nan,0,30.528,4.622
C/1839 X1 (Galle),1839,pre2018,0.618,1.0,69.0,59.0,nan,nan,0,4.162,-49.588
C/1840 B1 (Galle),1840,pre2018,1.22,0.9932,69.0,78.0,nan,nan,0,251.545,-19.934
C/1840 U1 (Bremiker),1840,pre2018,1.48,0.9659,103.0,81.0,nan,nan,0,221.971,-37.907
C/1843 J1 (Mauvais),1843,pre2018,1.616,1.0,122.0,63.0,nan,nan,0,117.784,-41.125
C/1844 N1 (Mauvais),1844,pre2018,0.855,0.9998,218.0,144.0,nan,nan,0,11.965,22.911
C/1844 Y1 (Great comet),1844,pre2018,0.251,0.9993,72.0,41.0,nan,nan,0,118.846,-1.778
C/1844 Y2 (d'Arrest),1844,pre2018,0.905,1.0,62.0,69.0,nan,nan,0,282.69,-41.572
C/1845 D1 (de Vico),1845,pre2018,1.255,1.0,57.0,130.0,nan,nan,0,4.034,20.973
C/1846 B1 (de Vico),1846,pre2018,1.481,0.9924,92.0,57.0,nan,nan,0,277.976,16.022
C/1846 J1 (Brorsen),1846,pre2018,0.634,0.9904,41.0,170.0,nan,nan,0,342.864,-28.858
C/1846 O1 (de Vico-Hind),1846,pre2018,1.376,1.0,58.0,40.0,nan,nan,0,273.836,-55.923
C/1847 J1 (Colla),1847,pre2018,2.116,1.0007,231.0,37.0,nan,nan,0,349.542,-31.763
C/1847 N1 (Mauvais),1847,pre2018,1.766,0.9986,273.0,144.0,nan,nan,0,57.362,-83.247
C/1847 Q1 (Schweizer),1847,pre2018,1.485,1.0,81.0,48.0,nan,nan,0,208.132,-26.381
C/1847 T1 (Mitchell),1847,pre2018,0.329,1.0002,74.0,77.0,nan,nan,0,82.545,70.741
C/1848 U1 (Petersen),1848,pre2018,0.96,1.0,92.0,127.0,nan,nan,0,219.963,27.896
C/1849 G1 (Schweizer),1849,pre2018,0.894,0.9984,137.0,102.0,nan,nan,0,63.312,50.189
C/1849 G2 (Goujon),1849,pre2018,1.159,1.0009,160.0,150.0,nan,nan,0,38.897,-30.269
C/1850 J1 (Petersen),1850,pre2018,1.081,0.9986,167.0,170.0,nan,0.4971856287412881,0,95.184,0.511
C/1850 Q1 (Bond),1850,pre2018,0.566,1.0,76.0,50.0,nan,0.668947368419092,0,264.686,35.062
C/1851 P1 (Brorsen),1851,pre2018,0.985,1.0,60.0,151.0,nan,0.42916666666666664,0,132.285,-38.148
C/1853 E1 (Secchi),1853,pre2018,1.092,1.0,36.0,107.0,nan,0.0,0,335.364,20.128
C/1853 G1 (Schweizer),1853,pre2018,0.909,0.9893,57.0,80.0,nan,nan,0,32.49,16.183
C/1853 L1 (Klinkerfues),1853,pre2018,0.307,1.0003,213.0,350.0,nan,0.39065727699513025,0,137.975,-8.393
C/1853 W1 (van Arsdale),1853,pre2018,2.045,1.0,88.0,80.0,nan,0.36863636363572866,0,232.782,-8.297
C/1854 F1 (Great comet),1854,pre2018,0.277,1.0,30.0,200.0,nan,0.0,0,349.848,-76.195
C/1854 L1 (Klinkerfues),1854,pre2018,0.648,1.0,54.0,227.0,nan,0.3055555555555556,0,120.425,-65.933
C/1854 R1 (Klinkerfues),1854,pre2018,0.799,0.9932,61.0,38.0,nan,nan,0,284.415,-30.165
C/1855 G1 (Schweizer),1855,pre2018,2.194,0.9652,52.0,21.0,nan,nan,0,36.848,28.001
C/1855 V1 (Bruhns),1855,pre2018,1.231,1.0,51.0,104.0,nan,0.25274509804177225,0,267.618,5.728
C/1857 D1 (d'Arrest),1857,pre2018,0.772,1.0,67.0,252.0,nan,0.3861194029867427,0,311.818,-58.37
C/1857 O1 (Peters),1857,pre2018,0.747,0.9804,84.0,91.0,nan,nan,0,203.621,0.509
C/1857 Q1 (Klinkerfues),1857,pre2018,0.563,0.9969,42.0,104.0,nan,0.9614285714259105,0,55.699,-42.903
C/1857 V1 (Donati-van Arsdale),1857,pre2018,1.009,1.0,39.0,69.0,nan,0.24512820512963793,0,224.862,-37.664
C/1858 L1 (Donati),1858,pre2018,0.578,0.9963,270.0,1000.0,nan,0.42762962962949164,0,196.439,-43.763
C/1859 G1 (Tempel),1859,pre2018,0.201,1.0,32.0,29.0,nan,1.0,0,203.543,76.821
C/1860 H1 (Rumker),1860,pre2018,1.307,1.0,56.0,55.0,nan,0.0,0,221.092,-29.442
C/1860 M1 (Great comet),1860,pre2018,0.293,1.0,118.0,300.0,nan,0.0,0,305.119,-73.142
C/1861 G1 (Thatcher),1861,pre2018,0.921,0.9835,149.0,187.0,nan,nan,0,38.562,32.85
C/1861 J1 (Great comet),1861,pre2018,0.822,0.9851,339.0,1156.0,nan,nan,0,98.29,29.816
C/1861 Y1 (Tuttle),1861,pre2018,0.839,1.0,35.0,30.0,nan,0.0,0,348.931,18.557
C/1862 W1 (Respighi),1862,pre2018,0.803,1.0,84.0,25.0,nan,0.36511904761816066,0,315.792,31.433
C/1862 X1 (Bruhns),1862,pre2018,0.795,1.0,102.0,120.0,nan,0.6371568627472893,0,315.071,-73.808
C/1863 G1 (Klinkerfues),1863,pre2018,1.068,0.9992,170.0,49.0,nan,0.0,0,71.641,-3.664
C/1863 G2 (Respighi),1863,pre2018,0.629,0.9991,48.0,160.0,nan,0.13249999999728365,0,78.614,-55.333
C/1863 T1 (Baeker),1863,pre2018,1.313,1.0007,185.0,176.0,nan,0.4252432432428405,0,315.871,-76.394
C/1863 V1 (Tempel),1863,pre2018,0.706,0.9989,92.0,58.0,nan,0.0,0,278.813,2.73
C/1864 N1 (Tempel),1864,pre2018,0.909,0.9964,78.0,206.0,nan,0.4882051282060834,0,126.077,-0.89
C/1864 O1 (Donati-Toussaint),1864,pre2018,0.931,0.9994,213.0,57.0,nan,0.3609859154935699,0,9.974,48.286
C/1864 X1 (Baeker),1864,pre2018,0.771,1.0,69.0,123.0,nan,0.07173913043748209,0,154.584,-41.464
C/1867 S1 (Baeker-Winnecke),1867,pre2018,0.33,1.0,34.0,57.0,nan,1.0,0,70.829,-31.131
C/1868 L1 (Winnecke),1868,pre2018,0.579,1.0,33.0,201.0,nan,0.3933333333327689,0,95.842,-36.899
C/1870 Q1 (Coggia),1870,pre2018,1.817,1.0,98.0,79.0,nan,0.0,0,195.573,4.983
C/1871 G1 (Winnecke),1871,pre2018,0.654,0.9978,120.0,130.0,nan,0.5425000000007761,0,283.308,42.464
C/1871 L1 (Tempel),1871,pre2018,1.083,1.0,98.0,185.0,nan,0.44418367346729704,0,275.617,-76.477
C/1871 V1 (Tempel),1871,pre2018,0.691,0.9957,110.0,57.0,nan,0.4351818181828342,0,133.183,61.74
C/1873 Q1 (Borrelly),1873,pre2018,0.794,0.9965,31.0,50.0,nan,0.6864516128966164,0,230.9,13.694
C/1873 Q2 (Henry),1873,pre2018,0.385,0.9997,97.0,118.0,nan,0.4048453608249343,0,143.057,43.464
C/1874 G1 (Winnecke),1874,pre2018,0.886,1.0,65.0,148.0,nan,0.0,0,120.471,14.37
C/1874 H1 (Coggia),1874,pre2018,0.676,0.9988,185.0,638.0,nan,0.4505945945938898,0,108.641,-25.128
C/1874 O1 (Borrelly),1874,pre2018,0.983,0.9988,87.0,125.0,nan,0.3717241379293217,0,166.781,-41.777
C/1874 Q1 (Coggia),1874,pre2018,1.688,0.9628,87.0,95.0,nan,nan,0,191.718,-16.499
C/1874 X1 (Borrelly),1874,pre2018,0.508,1.0,31.0,20.0,nan,0.0,0,101.043,-16.054
C/1877 C1 (Borrelly),1877,pre2018,0.807,1.0,53.0,97.0,nan,0.0,0,20.429,5.812
C/1877 G1 (Winnecke),1877,pre2018,0.95,0.9987,98.0,274.0,nan,0.12408163265458175,0,92.749,-49.76
C/1877 R1 (Coggia),1877,pre2018,1.576,1.0,86.0,63.0,nan,0.0,0,261.715,-35.833
C/1880 S1 (Hartwig),1880,pre2018,0.355,1.0,35.0,140.0,nan,0.0,0,257.563,21.724
C/1881 K1 (Great comet),1881,pre2018,0.735,0.9959,232.0,157.0,nan,0.0,0,90.042,5.159
C/1881 N1 (Schaeberle),1881,pre2018,0.634,1.0,96.0,500.0,nan,0.4146875000005821,0,149.446,-32.794
C/1881 W1 (Swift),1881,pre2018,1.925,0.9902,55.0,61.0,nan,0.04072727273133668,0,240.043,-30.61
C/1885 N1 (Barnard),1885,pre2018,2.506,1.0,35.0,32.0,nan,0.7557142857196075,0,93.673,-1.371
C/1885 R1 (Brooks),1885,pre2018,0.749,0.9823,32.0,80.0,nan,nan,0,51.842,-35.701
C/1885 X1 (Fabry),1885,pre2018,0.642,1.0004,142.0,46.0,nan,0.8764788732391743,1,28.157,-52.777
C/1885 X2 (Barnard),1885,pre2018,0.479,1.0002,150.0,76.0,nan,0.9986000000002484,0,60.239,-59.909
C/1886 T1 (Barnard-Hartwig),1886,pre2018,0.663,1.0004,236.0,62.0,nan,0.3008474576271186,0,246.543,-77.828
C/1887 B2 (Brooks),1887,pre2018,1.63,0.9837,89.0,288.0,nan,nan,0,286.798,-19.918
C/1887 B3 (Barnard),1887,pre2018,1.481,1.0,119.0,86.0,nan,0.0,0,82.541,-31.804
C/1887 D1 (Barnard),1887,pre2018,1.006,1.0,52.0,75.0,nan,0.7680769230758485,0,287.528,-22.615
C/1887 J1 (Barnard),1887,pre2018,1.394,0.9961,91.0,313.0,nan,0.38637362637526385,0,81.268,-4.502
C/1888 D1 (Sawerthal),1888,pre2018,0.699,0.9959,201.0,186.0,nan,0.13681592039800994,0,66.886,0.067
C/1888 P1 (Brooks),1888,pre2018,0.902,0.9999,82.0,257.0,nan,0.0,0,307.639,-55.755
C/1888 R1 (Barnard),1888,pre2018,1.815,1.0012,684.0,173.0,nan,0.22027777777766885,0,198.011,4.517
C/1888 U1 (Barnard),1888,pre2018,1.528,0.9915,201.0,54.0,nan,0.0,0,263.529,51.082
C/1889 G1 (Barnard),1889,pre2018,2.256,0.9998,525.0,41.0,nan,0.13582857142867785,0,257.236,13.342
C/1889 O1 (Davidson),1889,pre2018,1.04,0.9976,115.0,92.0,nan,0.0,0,101.857,12.894
C/1889 X1 (Borrelly),1889,pre2018,0.27,1.0,34.0,40.0,nan,1.0,0,21.222,16.505
C/1890 F1 (Brooks),1890,pre2018,1.908,1.0003,685.0,140.0,nan,0.1051824817515529,1,89.025,-53.46
C/1890 O2 (Denning),1890,pre2018,1.26,0.9992,107.0,123.0,nan,0.5888785046708083,0,104.372,-16.738
C/1890 V1 (Zona),1890,pre2018,2.047,0.9959,59.0,120.0,nan,0.0,0,293.209,12.023
C/1891 F1 (Barnard-Denning),1891,pre2018,0.398,1.0,101.0,110.0,nan,0.28732673267345177,0,196.085,-1.077
C/1891 T1 (Barnard),1891,pre2018,0.971,1.0,65.0,41.0,nan,0.6467692307698039,0,307.464,77.982
C/1892 E1 (Swift),1892,pre2018,1.027,0.9988,230.0,53.0,nan,0.118086956522387,0,82.009,-15.028
C/1893 U1 (Brooks),1893,pre2018,0.812,0.9965,82.0,153.0,nan,0.0,0,4.523,9.607
C/1894 G1 (Gale),1894,pre2018,0.983,0.9889,82.0,45.0,6.0,nan,0,25.697,35.772
C/1896 G1 (Swift),1896,pre2018,0.566,1.0005,65.0,400.0,nan,0.01769230769087489,0,0.684,-1.435
C/1898 F1 (Perrine),1898,pre2018,1.095,0.9804,236.0,327.0,4.0,nan,0,101.897,-44.518
C/1898 L1 (Coddington-Pauly),1898,pre2018,1.702,1.001,541.0,130.0,nan,0.17105360443629805,1,100.097,48.837
C/1898 U1 (Brooks),1898,pre2018,0.756,1.0,31.0,60.0,nan,1.0,0,146.999,-32.134
C/1898 V1 (Chase),1898,pre2018,2.285,0.9992,180.0,29.0,nan,0.0,0,281.547,-1.782
C/1899 E1 (Swift),1899,pre2018,0.327,1.0003,126.0,151.0,nan,0.30539682539667756,0,199.149,-4.824
C/1899 S1 (Giacobini),1899,pre2018,1.786,1.0,79.0,36.0,nan,0.0,0,96.085,-10.469
C/1900 B1 (Giacobini),1900,pre2018,1.332,1.0012,165.0,30.0,nan,0.43890909090863933,0,201.072,-13.203
C/1900 O1 (Borrelly-Brooks),1900,pre2018,1.015,1.0003,94.0,121.0,nan,0.10319148936368366,0,155.211,-11.001
C/1901 G1 (Great comet),1901,pre2018,0.245,0.9999,42.0,54.0,nan,0.0,0,95.419,17.166
C/1902 R1 (Perrine),1902,pre2018,0.401,0.9999,70.0,157.0,nan,1.0,1,75.769,-10.497
C/1902 X1 (Giacobini),1902,pre2018,2.773,1.0003,131.0,65.0,nan,0.7861832061085765,1,303.025,-4.046
C/1903 H1 (Grigg),1903,pre2018,0.499,1.0,31.0,32.0,nan,0.0,0,216.466,4.529
C/1903 M1 (Borrelly),1903,pre2018,0.33,1.0008,58.0,20.0,nan,1.0,0,288.426,-52.498
C/1904 H1 (Brooks),1904,pre2018,2.708,1.0019,140.0,31.0,nan,0.0,0,59.239,-41.117
C/1904 Y1 (Giacobini),1904,pre2018,1.882,1.0007,135.0,48.0,nan,0.0,0,31.616,-40.052
C/1905 W1 (Schaer),1905,pre2018,1.051,0.9861,34.0,32.0,8.0,nan,0,264.442,-27.962
C/1905 X1 (Giacobini),1905,pre2018,0.216,1.0,89.0,131.0,nan,0.5152808988749394,0,107.528,13.134
C/1906 B1 (Brooks),1906,pre2018,1.296,0.9999,83.0,158.0,nan,0.0,0,17.979,-53.56
C/1906 E1 (Kopff),1906,pre2018,3.34,1.0019,100.0,124.0,nan,nan,0,322.284,-1.56
C/1906 V1 (Thiele),1906,pre2018,1.213,0.9826,69.0,234.0,nan,nan,0,270.908,-7.187
C/1907 E1 (Giacobini),1907,pre2018,2.052,1.0003,35.0,28.0,nan,0.21742857142484615,0,314.548,24.968
C/1907 L2 (Daniel),1907,pre2018,0.512,0.9988,344.0,173.0,nan,0.23098837209291495,0,259.006,8.149
C/1908 R1 (Morehouse),1908,pre2018,0.945,1.0009,88.0,137.0,nan,1.0,0,110.945,-5.382
C/1909 L1 (Borrelly-Daniel),1909,pre2018,0.843,0.9948,63.0,160.0,nan,0.0,0,129.958,-3.942
C/1910 A1 (Great January comet),1910,pre2018,0.129,0.9998,82.0,25.0,nan,0.0,0,301.476,24.562
C/1910 P1 (Metcalf),1910,pre2018,1.947,0.9981,52.0,30.0,nan,0.7090384615406108,0,78.293,-41.749
C/1911 N1 (Kiess),1911,pre2018,0.684,0.9963,71.0,86.0,nan,0.0,0,225.12,-29.402
C/1911 S3 (Beljawsky),1911,pre2018,0.303,1.0001,140.0,66.0,nan,0.0768571428555463,0,251.075,-70.636
C/1912 R1 (Gale),1912,pre2018,0.716,1.0004,207.0,30.0,nan,0.12294685990428147,1,123.099,-25.187
C/1913 J1 (Schaumasse),1913,pre2018,1.457,0.9967,41.0,34.0,nan,0.0,0,86.684,-21.73
C/1913 R1 (Metcalf),1913,pre2018,1.356,0.9976,57.0,299.0,nan,0.2026315789441006,0,215.429,-31.902
C/1913 Y1 (Delavan),1913,pre2018,1.104,1.0001,577.0,157.0,nan,0.5403292894281085,1,349.722,-66.864
C/1914 F1 (Kritzinger),1914,pre2018,1.199,1.0006,109.0,69.0,nan,0.602660550458203,0,90.789,-22.712
C/1915 C1 (Mellish),1915,pre2018,1.005,1.0003,376.0,94.0,nan,0.4006648936167736,0,128.133,49.145
C/1916 G1 (Wolf),1916,pre2018,1.686,0.9994,583.0,69.0,nan,0.7085248713547725,1,127.75,-21.879
C/1917 H1 (Schaumasse),1917,pre2018,0.764,1.0001,56.0,45.0,nan,0.3876785714279062,0,69.931,-18.462
C/1921 E1 (Reid),1921,pre2018,1.008,1.0006,51.0,20.0,nan,1.0,0,34.835,-41.966
C/1922 B1 (Reid),1922,pre2018,1.629,0.987,67.0,70.0,nan,0.0,0,278.707,1.974
C/1922 U1 (Baade),1922,pre2018,2.259,1.0005,143.0,103.0,nan,0.024545454543891485,1,172.401,-43.531
C/1922 W1 (Skjellerup),1922,pre2018,0.924,0.9937,78.0,65.0,nan,0.336153846156473,0,347.05,23.255
C/1924 F1 (Reid),1924,pre2018,1.756,0.9986,191.0,63.0,nan,0.0,0,209.804,72.273
C/1925 F1 (Shajn-Comas Sola),1925,pre2018,4.181,1.0024,711.0,59.0,nan,nan,1,336.572,13.801
C/1925 F2 (Reid),1925,pre2018,1.633,0.9951,644.0,283.0,nan,0.19389751552812384,0,85.047,26.472
C/1925 G1 (Orkisz),1925,pre2018,1.109,1.0006,391.0,201.0,nan,0.0,1,131.858,-35.543
C/1925 V1 (Wilk-Peltier),1925,pre2018,0.764,1.0005,40.0,164.0,nan,0.4067500000004657,0,189.933,-27.896
C/1925 W1 (Van Biesbroeck),1925,pre2018,1.566,1.0004,195.0,129.0,nan,0.0,1,269.914,-46.687
C/1925 X1 (Ensor),1925,pre2018,0.323,1.0,38.0,28.0,nan,1.0,0,106.248,4.284
C/1926 B1 (Blathwayt),1926,pre2018,1.345,0.9924,60.0,47.0,nan,0.0,0,338.106,24.384
C/1927 A1 (Blathwayt),1927,pre2018,1.036,1.0,74.0,33.0,nan,0.42567567567567566,0,16.818,51.798
C/1927 X1 (Skjellerup-Maristany),1927,pre2018,0.176,0.9998,115.0,34.0,nan,0.11460869565363163,0,263.492,-46.936
C/1929 Y1 (Wilk),1929,pre2018,0.672,0.999,39.0,212.0,nan,0.8284615384629712,0,193.183,-18.389
C/1930 E1 (Beyer),1930,pre2018,2.079,1.0005,673.0,249.0,nan,0.28398216939095355,0,305.447,-23.347
C/1930 F1 (Wilk),1930,pre2018,0.482,0.9922,103.0,260.0,nan,nan,0,293.828,-42.336
C/1930 L1 (Forbes),1930,pre2018,1.153,1.0,49.0,54.0,nan,0.0,0,104.974,38.676
C/1931 O1 (Nagata),1931,pre2018,1.046,0.9785,87.0,33.0,6.0,nan,0,340.507,25.581
C/1932 G1 (Houghton-Ensor),1932,pre2018,1.254,0.9721,64.0,121.0,nan,nan,0,11.234,53.371
C/1932 M1 (Newman),1932,pre2018,1.647,1.0005,163.0,67.0,nan,0.5861963190172622,1,94.755,-66.814
C/1932 P1 (Peltier-Whipple),1932,pre2018,1.037,0.9769,57.0,56.0,6.0,nan,0,179.465,-36.207
C/1932 Y1 (Dodwell-Forbes),1932,pre2018,1.131,0.9722,63.0,23.0,6.0,nan,0,228.355,12.925
C/1935 A1 (Johnson),1935,pre2018,0.811,0.9913,68.0,34.0,5.0,nan,0,280.318,-16.681
C/1935 Q1 (Van Biesbroeck),1935,pre2018,4.043,1.002,861.0,107.0,nan,nan,1,142.538,-40.195
C/1936 K1 (Peltier),1936,pre2018,1.1,0.992,157.0,113.0,nan,0.33095541401250156,0,127.999,-30.823
C/1936 O1 (Kaho-Kozik-Lis),1936,pre2018,0.518,0.9944,129.0,65.0,nan,nan,0,56.421,-37.509
C/1937 C1 (Whipple),1937,pre2018,1.734,1.0002,177.0,53.0,nan,0.7009039548025756,1,61.755,-39.178
C/1937 N1 (Finsler),1937,pre2018,0.863,1.0004,55.0,25.0,nan,0.7392727272754366,0,120.37,-30.139
C/1937 P1 (Hubble),1937,pre2018,1.954,0.9725,85.0,58.0,nan,nan,0,65.822,-6.193
C/1939 B1 (Kozik-Peltier),1939,pre2018,0.716,0.9955,30.0,53.0,nan,0.5283333333364377,0,284.667,-9.817
C/1939 V1 (Friend),1939,pre2018,0.945,0.9972,64.0,61.0,nan,0.0,0,201.048,-53.119
C/1940 O1 (Whipple-Paraskevopoulos),1940,pre2018,1.082,0.9808,153.0,51.0,nan,nan,0,175.378,42.411
C/1940 R2 (Cunningham),1940,pre2018,0.368,1.0005,271.0,189.0,nan,0.43996309963092756,0,309.49,14.843
C/1941 B1 (Friend-Reese-Honda),1941,pre2018,0.942,0.9812,42.0,29.0,nan,nan,0,285.643,-18.98
C/1941 B2 (de Kock-Paraskevopoulos),1941,pre2018,0.79,0.9991,241.0,130.0,nan,0.03593360995912453,0,314.438,11.797
C/1941 K1 (van Gent),1941,pre2018,0.875,1.0002,259.0,318.0,nan,0.35204633204697927,1,33.65,-83.497
C/1942 C2 (Oterma),1942,pre2018,4.113,1.0012,390.0,35.0,nan,nan,0,297.268,-2.104
C/1942 X1 (Whipple-Fedtke-Tevzadze),1942,pre2018,1.354,0.9922,257.0,166.0,nan,0.3179766536972953,0,318.949,-12.478
C/1944 K2 (van Gent),1944,pre2018,2.226,1.0021,436.0,25.0,nan,0.1069036697244716,1,25.626,22.937
C/1946 C1 (Timmers),1946,pre2018,1.724,1.0012,553.0,183.0,nan,0.12705244122925222,0,332.005,-50.916
C/1946 U1 (Bester),1946,pre2018,2.408,1.0006,633.0,34.0,nan,0.15380726698241645,1,219.153,10.805
C/1947 F2 (Becvar),1947,pre2018,0.962,1.0,42.0,23.0,nan,0.9026190476225955,0,321.721,1.643
C/1947 S1 (Bester),1947,pre2018,0.748,1.0003,491.0,42.0,nan,0.2758044806515794,1,99.032,6.2
C/1948 N1 (Wirtanen),1948,pre2018,2.517,0.9995,934.0,20.0,nan,0.31066381156332873,0,83.021,35.749
C/1948 R1 (Johnson),1948,pre2018,4.708,1.0,90.0,36.0,nan,nan,0,147.563,9.46
C/1948 W1 (Bester),1948,pre2018,1.273,0.9975,94.0,24.0,nan,0.0,0,218.138,85.16
C/1949 N1 (Bappu-Bok-Newkirk),1949,pre2018,2.058,0.9988,613.0,30.0,nan,0.1950244698202508,0,41.439,-74.223
C/1950 K1 (Minkowski),1950,pre2018,2.572,1.0012,698.0,32.0,nan,0.3338681948424603,1,28.726,7.263
C/1951 P1 (Wilson-Harrington),1951,pre2018,0.74,0.9998,222.0,23.0,nan,0.7159909909918301,0,347.318,27.469
C/1952 H1 (Mrkos),1952,pre2018,1.283,0.9834,100.0,60.0,6.0,nan,0,137.128,-32.21
C/1952 M1 (Peltier),1952,pre2018,1.202,0.9998,150.0,30.0,nan,0.14833333333333334,0,107.994,-45.167
C/1953 T1 (Abell),1953,pre2018,0.97,1.0008,334.0,39.0,nan,0.7914670658685423,0,11.755,11.475
C/1954 O2 (Baade),1954,pre2018,3.87,1.0006,1202.0,35.0,nan,nan,1,272.625,-34.667
C/1954 Y1 (Haro-Chavira),1954,pre2018,4.077,1.0046,1218.0,57.0,nan,nan,1,268.591,-55.871
C/1955 L1 (Mrkos),1955,pre2018,0.534,0.9892,84.0,21.0,6.0,nan,0,231.168,-32.442
C/1955 N1 (Bakharev-Macfarlane-Krienke),1955,pre2018,1.427,0.9942,132.0,28.0,nan,0.0,0,132.052,-10.094
C/1955 O1 (Honda),1955,pre2018,0.885,1.0011,96.0,43.0,nan,0.02145833333391541,0,163.019,11.245
C/1956 E1 (Mrkos),1956,pre2018,0.842,1.0,53.0,32.0,nan,0.5964150943371626,0,327.362,-32.101
C/1956 R1 (Arend-Roland),1956,pre2018,0.316,1.0002,497.0,57.0,nan,0.2596177062370123,1,67.717,42.502
C/1958 D1 (Burnham),1958,pre2018,1.323,0.9999,205.0,22.0,nan,0.2599999999990914,0,347.07,-4.425
C/1958 R1 (Burnham-Slaughter),1958,pre2018,1.628,0.9998,585.0,40.0,nan,0.305162393162425,1,255.308,-59.48
C/1959 O1 (Bester-Hoffmeister),1959,pre2018,1.251,1.0027,101.0,29.0,nan,0.4510891089114443,0,112.079,1.443
C/1959 Q1 (Alcock),1959,pre2018,1.15,1.0013,68.0,22.0,nan,0.0,0,116.056,-37.835
C/1959 Y1 (Burnham),1959,pre2018,0.504,1.0003,148.0,35.0,nan,0.5202702702702703,1,124.218,16.244
C/1960 M1 (Humason),1960,pre2018,4.268,1.0003,349.0,24.0,nan,nan,1,95.834,-36.204
C/1961 R1 (Humason),1961,pre2018,2.133,0.9896,1517.0,80.0,nan,0.3033750823996077,0,105.018,21.206
C/1963 A1 (Ikeya),1963,pre2018,0.632,0.9934,278.0,33.0,3.0,nan,0,255.718,7.653
C/1963 F1 (Alcock),1963,pre2018,1.537,0.9979,118.0,25.0,nan,0.3972881355922732,0,40.983,-33.298
C/1964 N1 (Ikeya),1964,pre2018,0.822,0.9853,56.0,36.0,6.0,nan,0,158.99,7.552
C/1964 P1 (Everhart),1964,pre2018,1.259,0.9965,201.0,40.0,nan,0.07557213930320458,0,108.513,-19.118
C/1965 S2 (Alcock),1965,pre2018,1.294,1.0003,30.0,29.0,nan,0.9713333333376795,0,162.188,-26.49
C/1966 P1 (Kilston),1966,pre2018,2.385,0.9995,126.0,208.0,nan,0.6355555555561468,0,136.041,-16.16
C/1966 P2 (Barbon),1966,pre2018,2.019,0.9981,91.0,90.0,nan,0.0,0,127.594,-19.431
C/1966 R1 (Ikeya-Everhart),1966,pre2018,0.882,1.0,30.0,23.0,nan,0.0,0,326.118,-34.898
C/1966 T1 (Rudnicki),1966,pre2018,0.419,1.0004,114.0,49.0,nan,0.8410526315779671,0,335.373,-8.935
C/1967 C2 (Wild),1967,pre2018,1.327,1.0,56.0,37.0,nan,0.3130357142820555,0,307.922,-6.655
C/1967 M1 (Mitchell-Jones-Gerber),1967,pre2018,0.178,1.0,65.0,39.0,nan,0.0,0,282.688,-55.123
C/1967 Y1 (Ikeya-Seki),1967,pre2018,1.697,0.9992,676.0,197.0,nan,0.0868491124259804,0,14.03,-46.958
C/1968 H1 (Tago-Honda-Yamamoto),1968,pre2018,0.68,0.9962,32.0,35.0,nan,0.3834375000005821,0,38.789,-48.915
C/1968 L1 (Whitaker-Thomas),1968,pre2018,1.234,1.0,39.0,23.0,nan,0.0,0,71.864,5.302
C/1968 N1 (Honda),1968,pre2018,1.16,1.0007,120.0,137.0,nan,0.2159999999993791,0,198.348,-36.749
C/1968 Q1 (Bally-Clayton),1968,pre2018,1.771,1.0,89.0,52.0,nan,0.0,0,137.796,-26.816
C/1968 Q2 (Honda),1968,pre2018,1.099,1.0,64.0,35.0,nan,0.8256249999976717,0,142.997,50.297
C/1968 Y1 (Thomas),1968,pre2018,3.316,0.9953,150.0,43.0,nan,nan,0,275.633,-44.748
C/1969 P1 (Fujikawa),1969,pre2018,0.774,1.0,74.0,69.0,nan,0.8033783783808954,0,311.717,7.801
C/1969 T1 (Tago-Sato-Kosaka),1969,pre2018,0.473,0.9999,175.0,305.0,nan,0.3958285714286779,0,182.867,75.658
C/1969 Y1 (Bennett),1969,pre2018,0.538,0.9963,301.0,529.0,nan,0.2659468438532018,0,44.664,5.85
C/1970 N1 (Abe),1970,pre2018,1.113,1.0,324.0,271.0,nan,0.3324074074079823,0,100.78,-52.777
C/1970 U1 (Suzuki-Sato-Seki),1970,pre2018,0.405,1.0,37.0,47.0,nan,0.0,0,90.342,35.319
C/1971 E1 (Toba),1971,pre2018,1.233,1.001,184.0,137.0,nan,0.21331521739130435,0,114.082,-25.901
C/1972 E1 (Bradfield),1972,pre2018,0.927,0.9981,72.0,85.0,nan,0.07916666666925368,0,91.758,54.385
C/1972 L1 (Sandage),1972,pre2018,4.276,1.0063,862.0,146.0,nan,nan,1,61.148,-55.184
C/1972 U1 (Kojima),1972,pre2018,2.147,1.001,659.0,267.0,nan,0.15823975720757982,0,243.914,15.529
C/1972 X1 (Araya),1972,pre2018,4.861,0.9995,944.0,71.0,nan,nan,0,231.973,66.751
C/1973 A1 (Heck-Sause),1973,pre2018,2.511,1.0006,405.0,190.0,nan,0.0,1,6.293,9.045
C/1973 D1 (Kohoutek),1973,pre2018,1.382,0.9987,206.0,42.0,nan,0.48145631068042544,0,282.13,-55.302
C/1973 E1 (Kohoutek),1973,pre2018,0.142,1.0,453.0,812.0,nan,0.7382560706405467,0,115.42,-8.707
C/1973 H1 (Huchra),1973,pre2018,2.384,0.9729,57.0,26.0,6.0,nan,0,12.68,-38.544
C/1973 N1 (Sandage),1973,pre2018,4.812,1.0002,609.0,27.0,nan,nan,0,32.364,-40.22
C/1973 W1 (Gibson),1973,pre2018,3.842,1.0005,315.0,21.0,nan,nan,1,229.38,38.837
C/1974 C1 (Bradfield),1974,pre2018,0.503,0.9997,277.0,173.0,nan,0.11682310469267009,0,310.046,23.351
C/1974 F1 (Lovas),1974,pre2018,3.011,0.9998,1270.0,137.0,nan,0.4087874015749205,1,88.893,49.864
C/1974 V1 (van den Bergh),1974,pre2018,6.019,1.0037,717.0,40.0,nan,nan,1,211.461,-24.386
C/1975 E1 (Bradfield),1975,pre2018,1.217,1.0014,358.0,52.0,nan,0.05748603351976119,0,237.688,54.809
C/1975 N1 (Kobayashi-Berger-Milon),1975,pre2018,0.426,1.0001,178.0,390.0,nan,0.3445505617981714,0,278.872,-61.61
C/1975 T1 (Mori-Sato-Fujikawa),1975,pre2018,1.604,0.9975,383.0,193.0,nan,0.20856396866811552,0,275.028,66.189
C/1975 T2 (Suzuki-Saigusa-Mori),1975,pre2018,0.838,0.9856,90.0,112.0,6.0,nan,0,230.916,-24.416
C/1975 V2 (Bradfield),1975,pre2018,0.219,1.0,88.0,81.0,nan,0.4338636363655413,0,90.676,1.802
C/1975 X1 (Sato),1975,pre2018,0.864,1.0015,57.0,72.0,nan,0.45473684210395604,0,278.684,35.363
C/1976 D1 (Bradfield),1976,pre2018,0.848,0.9934,63.0,29.0,nan,0.05761904761727367,0,304.523,32.235
C/1976 D2 (Schuster),1976,pre2018,6.88,1.0011,772.0,54.0,nan,nan,1,17.695,12.378
C/1976 J1 (Harlan),1976,pre2018,1.569,0.9997,181.0,41.0,nan,1.0,0,91.823,8.271
C/1976 U1 (Lovas),1976,pre2018,5.857,1.0037,448.0,34.0,nan,nan,1,279.939,-61.01
C/1977 D1 (Lovas),1977,pre2018,5.716,1.0034,352.0,30.0,nan,nan,1,322.167,-30.049
C/1977 R1 (Kohler),1977,pre2018,0.991,0.9995,271.0,421.0,nan,0.241955719556577,0,171.453,-12.329
C/1977 V1 (Tsuchinshan),1977,pre2018,3.603,0.9994,363.0,69.0,nan,nan,0,226.538,7.606
C/1978 A1 (West),1978,pre2018,5.606,1.0027,1183.0,60.0,nan,nan,1,39.37,14.873
C/1978 C1 (Bradfield),1978,pre2018,0.437,1.0,34.0,73.0,nan,1.0,0,116.072,-35.78
C/1978 H1 (Meier),1978,pre2018,1.137,1.0008,590.0,276.0,nan,0.3345932203392356,1,31.477,32.72
C/1978 R3 (Machholz),1978,pre2018,1.772,1.0003,322.0,46.0,nan,0.0,1,257.832,32.291
C/1978 T1 (Seargent),1978,pre2018,0.37,0.9983,62.0,33.0,nan,0.0,0,53.004,25.552
C/1979 M1 (Bradfield),1979,pre2018,0.413,1.0,91.0,25.0,nan,0.3105494505469943,0,305.833,-30.747
C/1979 M3 (Torres),1979,pre2018,4.687,1.001,426.0,33.0,nan,nan,1,112.752,-10.093
C/1979 S1 (Meier),1979,pre2018,1.432,0.973,169.0,45.0,5.0,nan,0,254.48,-58.274
C/1979 Y1 (Bradfield),1979,pre2018,0.545,0.988,75.0,127.0,6.0,nan,0,27.653,30.589
C/1980 E1 (Bowell),1980,pre2018,3.364,1.0577,2514.0,187.0,nan,nan,1,69.652,-1.172
C/1980 L1 (Torres),1980,pre2018,2.584,1.0002,118.0,58.0,nan,0.0,0,91.812,23.887
C/1980 O1 (Cernis-Petrauskas),1980,pre2018,0.523,1.0,41.0,20.0,nan,0.0,0,325.647,16.601
C/1980 V1 (Meier),1980,pre2018,1.519,0.9946,209.0,61.0,nan,0.16100478468854962,0,126.023,-78.825
C/1980 Y1 (Bradfield),1980,pre2018,0.26,0.9997,405.0,32.0,nan,0.40627160493836356,0,296.633,1.131
C/1980 Y2 (Panther),1980,pre2018,1.657,0.9987,238.0,200.0,nan,0.46352941176400153,0,307.383,-72.794
C/1981 G1 (Elias),1981,pre2018,4.743,1.0014,715.0,20.0,nan,nan,0,23.479,43.616
C/1981 H1 (Bus),1981,pre2018,2.458,0.9989,265.0,26.0,nan,0.36143396226337776,0,14.956,3.248
C/1981 M1 (Gonzalez),1981,pre2018,2.334,0.9994,151.0,20.0,nan,0.0,0,143.495,1.538
C/1982 M1 (Austin),1982,pre2018,0.648,0.9994,288.0,290.0,nan,0.23170138888882422,0,149.941,-33.643
C/1983 H1 (IRAS-Araki-Alcock),1983,pre2018,0.991,0.9899,160.0,347.0,4.0,nan,0,52.861,12.296
C/1983 J1 (Sugano-Saigusa-Fujikawa),1983,pre2018,0.471,0.9999,39.0,55.0,nan,0.0,0,223.066,-79.76
C/1983 O1 (Cernis),1983,pre2018,3.318,1.0015,2854.0,229.0,nan,nan,1,205.203,4.41
C/1983 O2 (IRAS),1983,pre2018,2.255,1.0001,306.0,35.0,nan,0.3790849673202614,0,35.27,22.151
C/1983 R1 (Shoemaker),1983,pre2018,3.345,1.0002,624.0,117.0,nan,nan,0,167.606,-2.669
C/1984 A1 (Bradfield 1),1984,pre2018,1.357,0.9523,142.0,33.0,6.0,nan,0,23.592,29.753
C/1984 K1 (Shoemaker),1984,pre2018,2.697,1.0007,2779.0,176.0,nan,0.16753868297943542,0,16.572,47.407
C/1984 N1 (Austin),1984,pre2018,0.291,0.9998,142.0,100.0,nan,0.24746478873331257,0,358.191,1.872
C/1984 U1 (Shoemaker),1984,pre2018,5.489,0.9944,2034.0,60.0,nan,nan,0,235.48,0.039
C/1984 U2 (Shoemaker),1984,pre2018,1.215,0.9709,209.0,147.0,4.0,nan,0,271.848,10.464
C/1984 V1 (Levy-Rudenko),1984,pre2018,0.918,0.9992,190.0,162.0,nan,0.1539999999988236,0,223.963,-64.711
C/1984 W2 (Hartley),1984,pre2018,4.0,0.9995,1278.0,53.0,nan,nan,0,252.747,75.255
C/1985 K1 (Machholz),1985,pre2018,0.106,1.0,102.0,30.0,nan,0.31117647059042663,0,290.117,16.228
C/1985 R1 (Hartley-Good),1985,pre2018,0.695,0.9999,187.0,165.0,nan,0.4658823529417741,0,251.873,-79.505
C/1985 T1 (Thiele),1985,pre2018,1.317,0.9833,541.0,133.0,3.0,nan,0,187.936,-31.548
C/1986 N1 (Churyumov-Solodovnikov),1986,pre2018,2.642,0.9992,996.0,86.0,nan,0.0,0,144.405,-20.093
C/1986 P1 (Wilson),1986,pre2018,1.2,1.0003,980.0,671.0,nan,0.26406122448958685,1,57.991,27.512
C/1986 V1 (Sorrells),1986,pre2018,1.721,0.9999,321.0,360.0,nan,0.39769470405030843,0,185.663,-18.234
C/1987 A1 (Levy),1987,pre2018,0.921,1.0004,136.0,62.0,nan,0.0,0,68.395,-81.589
C/1987 B1 (Nishikawa-Takamizawa-Tago),1987,pre2018,0.87,0.9958,131.0,87.0,nan,0.42251908397017657,0,155.782,2.701
C/1987 B2 (Terasako),1987,pre2018,0.393,0.9952,39.0,49.0,7.0,nan,0,109.366,9.921
C/1987 F1 (Torres),1987,pre2018,3.624,1.0012,1005.0,50.0,nan,nan,1,33.05,25.196
C/1987 H1 (Shoemaker),1987,pre2018,5.457,1.0032,1715.0,126.0,nan,nan,1,76.679,-12.443
C/1987 P1 (Bradfield),1987,pre2018,0.869,0.9947,245.0,611.0,nan,0.3562040816327291,0,158.875,-32.582
C/1987 Q1 (Rudenko),1987,pre2018,0.603,1.0004,156.0,90.0,nan,0.31108974358843017,0,315.667,-32.372
C/1987 U3 (McNaught),1987,pre2018,0.841,0.9986,504.0,106.0,nan,0.7062301587300479,0,79.111,-17.271
C/1987 W2 (Furuyama),1987,pre2018,1.68,1.0002,264.0,152.0,nan,0.3866287878781529,0,218.422,45.43
C/1987 W3 (Jensen-Shoemaker),1987,pre2018,3.333,1.0036,948.0,33.0,nan,nan,1,201.796,14.307
C/1988 A1 (Liller),1988,pre2018,0.841,0.9966,184.0,427.0,nan,0.4299456521732044,0,235.683,-53.796
C/1988 B1 (Shoemaker),1988,pre2018,5.031,1.0031,1444.0,63.0,nan,nan,1,311.625,-54.658
C/1988 F1 (Levy),1988,pre2018,1.174,0.9977,118.0,37.0,nan,0.0,0,91.938,29.394
C/1988 J1 (Shoemaker-Holt),1988,pre2018,1.174,0.9978,160.0,84.0,nan,0.0,0,91.954,29.386
C/1988 L1 (Shoemaker-Holt-Rodriquez),1988,pre2018,2.474,1.0007,652.0,155.0,nan,0.5620552147238692,0,105.489,51.492
C/1988 Y1 (Yanaka),1988,pre2018,0.428,1.0,57.0,56.0,nan,0.0,0,219.76,-70.921
C/1989 A1 (Yanaka),1989,pre2018,1.895,0.9986,188.0,101.0,nan,0.0,0,331.918,6.679
C/1989 A3 (Bradfield),1989,pre2018,0.421,0.9781,53.0,23.0,7.0,nan,0,30.265,14.659
C/1989 A5 (Shoemaker),1989,pre2018,2.64,0.9955,405.0,77.0,nan,0.9063703703705543,0,314.875,-18.97
C/1989 A6 (Shoemaker),1989,pre2018,2.208,1.0,58.0,28.0,nan,0.0,0,271.426,-7.994
C/1989 Q1 (Okazaki-Levy-Rudenko),1989,pre2018,0.642,1.0001,122.0,225.0,nan,0.655081967212504,1,275.595,-29.43
C/1989 T1 (Helin-Roman-Alu),1989,pre2018,1.047,0.9906,118.0,120.0,nan,nan,0,248.482,-41.914
C/1989 W1 (Aarseth-Brewington),1989,pre2018,0.301,1.0001,151.0,73.0,nan,0.7807284768220555,0,346.68,25.249
C/1989 X1 (Austin),1989,pre2018,0.35,1.0002,203.0,266.0,nan,0.6156157635478073,1,299.547,-48.899
C/1989 Y1 (Skorichenko-George),1989,pre2018,1.569,1.0003,1008.0,106.0,nan,0.6626289682541345,0,255.237,-35.286
C/1989 Y2 (McKenzie-Russell),1989,pre2018,1.976,1.0,50.0,45.0,nan,0.0,0,282.827,3.925
C/1990 E1 (Cernis-Kiuchi-Nakamura),1990,pre2018,1.068,1.0,72.0,89.0,nan,0.004583333334368136,0,274.135,-47.056
C/1990 K1 (Levy),1990,pre2018,0.939,1.0006,920.0,666.0,nan,0.43008695652192136,0,87.268,41.646
C/1990 M1 (McNaught-Hughes),1990,pre2018,2.682,1.0013,360.0,49.0,nan,0.7046111111115251,1,40.646,-13.233
C/1990 N1 (Tsuchiya-Kiuchi),1990,pre2018,1.092,0.9954,208.0,103.0,nan,0.3737500000010746,0,329.998,0.544
C/1991 A2 (Arai),1991,pre2018,1.434,0.9907,80.0,110.0,nan,0.0,0,287.884,21.079
C/1991 B1 (Shoemaker-Levy),1991,pre2018,2.265,0.9936,945.0,429.0,nan,0.37268783068777156,0,3.312,-69.955
C/1991 C3 (McNaught-Russell),1991,pre2018,4.778,1.0025,460.0,42.0,nan,nan,0,359.607,35.328
C/1991 F2 (Helin-Lawrence),1991,pre2018,1.518,1.0004,585.0,108.0,nan,0.5658632478628977,1,269.826,84.419
C/1991 L4 (Helin-Alu),1991,pre2018,4.85,1.0002,534.0,80.0,nan,nan,0,94.889,-22.832
C/1991 Q1 (McNaught-Russell),1991,pre2018,3.194,0.9945,647.0,29.0,nan,nan,0,118.211,77.22
C/1991 R1 (McNaught-Russell),1991,pre2018,6.982,0.9999,1090.0,41.0,nan,nan,0,158.634,-29.782
C/1991 T2 (Shoemaker-Levy),1991,pre2018,0.836,0.9999,320.0,212.0,nan,0.9140937499993015,0,64.518,-31.524
C/1991 X2 (Mueller),1991,pre2018,0.199,1.0002,81.0,149.0,nan,1.0,0,116.122,52.652
C/1991 Y1 (Zanotta-Brewington),1991,pre2018,0.644,1.0001,130.0,266.0,nan,0.2999230769247963,0,266.611,13.602
C/1992 A1 (Helin-Alu),1992,pre2018,3.017,1.0043,439.0,53.0,nan,0.41394077448793826,1,342.019,33.181
C/1992 F1 (Tanaka-Machholz),1992,pre2018,1.262,0.996,297.0,167.0,nan,0.07303030303011489,0,142.676,-63.376
C/1992 J1 (Spacewatch),1992,pre2018,3.007,1.0,1007.0,240.0,nan,0.48911618669318496,1,304.917,-55.128
C/1992 Q2 (Helin-Lawrence),1992,pre2018,2.038,0.9654,611.0,86.0,3.0,nan,0,108.632,73.112
C/1992 U1 (Shoemaker),1992,pre2018,2.314,0.9994,619.0,212.0,nan,0.2450403877224033,0,265.332,-48.33
C/1992 W1 (Ohshita),1992,pre2018,0.665,0.993,30.0,85.0,6.0,nan,0,345.114,43.769
C/1993 A1 (Mueller),1993,pre2018,1.937,1.0018,629.0,714.0,nan,0.6564387917327613,1,178.366,-38.478
C/1993 F1 (Mueller),1993,pre2018,5.901,1.0054,837.0,102.0,nan,nan,1,305.465,-45.559
C/1993 K1 (Shoemaker-Levy),1993,pre2018,4.849,1.0001,1045.0,46.0,nan,nan,1,56.542,47.222
C/1993 Q1 (Mueller),1993,pre2018,0.967,1.0003,566.0,495.0,nan,0.961625441695751,1,135.118,72.55
C/1993 Y1 (McNaught-Russell),1993,pre2018,0.868,0.9936,265.0,377.0,nan,nan,0,342.292,5.113
C/1994 E1 (Mueller),1994,pre2018,1.751,0.9684,62.0,73.0,6.0,nan,0,84.351,-34.379
C/1994 E2 (Shoemaker-Levy),1994,pre2018,1.159,0.9973,183.0,114.0,nan,0.40688524590143577,0,300.586,-39.353
C/1994 J2 (Takamizawa),1994,pre2018,1.948,0.9962,1034.0,399.0,nan,0.09826885880064759,0,42.354,8.393
C/1994 N1 (Nakamura-Nishimura-Machholz),1994,pre2018,1.14,1.0,114.0,305.0,nan,0.06087719298196597,0,165.599,-56.674
C/1994 T1 (Machholz),1994,pre2018,1.845,0.9995,170.0,344.0,nan,0.0,0,258.726,-36.315
C/1995 O1 (Hale-Bopp),1995,pre2018,0.891,0.995,10665.0,66.0,nan,0.13433005157054742,0,281.896,-49.585
C/1995 Q1 (Bradfield),1995,pre2018,0.436,0.998,173.0,156.0,nan,0.07757225433482945,0,22.935,15.067
C/1995 Q2 (Hartley-Drinkwater),1995,pre2018,1.889,0.9665,45.0,123.0,6.0,nan,0,166.118,8.594
C/1995 Y1 (Hyakutake),1995,pre2018,1.055,1.0003,270.0,259.0,nan,0.22329629629643427,0,47.109,-36.075
C/1996 B1 (Szczepanski),1996,pre2018,1.449,0.9908,134.0,489.0,nan,0.08141791044887323,0,326.767,-22.225
C/1996 B2 (Hyakutake),1996,pre2018,0.23,0.9999,306.0,977.0,nan,0.39669934640565485,0,222.182,-38.789
C/1996 E1 (NEAT),1996,pre2018,1.359,1.0009,211.0,237.0,nan,0.6367298578203466,1,260.52,-64.05
C/1996 N1 (Brewington),1996,pre2018,0.926,1.0006,122.0,303.0,nan,0.24934426229447126,0,85.522,-33.245
C/1996 P2 (Russell-Watson),1996,pre2018,2.006,1.0001,1007.0,157.0,nan,0.302214498510501,0,109.105,4.264
C/1996 Q1 (Tabur),1996,pre2018,0.84,0.9986,58.0,214.0,nan,1.0,0,235.529,-53.829
C/1996 R1 (Hergenrother-Spahr),1996,pre2018,1.899,0.9856,87.0,321.0,nan,0.0,0,185.029,-21.423
C/1997 A1 (NEAT),1997,pre2018,3.157,1.0021,353.0,197.0,nan,nan,1,281.225,-21.604
C/1997 BA6 (Spacewatch),1997,pre2018,3.436,0.9989,2804.0,520.0,nan,nan,0,91.536,66.657
C/1997 D1 (Mueller),1997,pre2018,2.248,1.0012,562.0,430.0,nan,0.42103202846994975,0,275.264,3.059
C/1997 G2 (Montani),1997,pre2018,3.085,0.9942,554.0,187.0,nan,0.6666064981946096,0,86.473,54.258
C/1997 J1 (Mueller),1997,pre2018,2.302,0.991,885.0,497.0,nan,0.29920903954781214,0,350.94,-55.97
C/1997 J2 (Meunier-Dupouy),1997,pre2018,3.051,1.0006,887.0,1420.0,nan,0.3488500563699748,1,150.82,-57.308
C/1997 L1 (Zhu-Balam),1997,pre2018,4.9,0.998,453.0,213.0,nan,nan,0,49.239,13.033
C/1997 O1 (Tilbrook),1997,pre2018,1.372,0.9842,243.0,115.0,3.0,nan,0,62.121,21.313
C/1997 P2 (Spacewatch),1997,pre2018,4.263,1.0279,49.0,94.0,nan,nan,0,146.71,-5.992
C/1997 T1 (Utsunomiya),1997,pre2018,1.359,0.9985,256.0,681.0,nan,0.2583593750005093,0,134.058,-51.614
C/1998 H1 (Stonehouse),1998,pre2018,1.487,0.9979,91.0,407.0,nan,0.0,0,41.773,-1.287
C/1998 J1 (SOHO),1998,pre2018,0.153,1.0002,94.0,318.0,nan,0.059787234043742116,0,301.146,-56.484
C/1998 K2 (LINEAR),1998,pre2018,2.323,0.9993,646.0,201.0,nan,0.1582507739937792,0,89.605,36.65
C/1998 K3 (LINEAR),1998,pre2018,3.546,0.998,64.0,178.0,nan,nan,0,81.86,-14.533
C/1998 K5 (LINEAR),1998,pre2018,0.964,0.9867,264.0,627.0,3.0,nan,0,130.721,-9.794
C/1998 M1 (LINEAR),1998,pre2018,3.118,0.9928,556.0,191.0,nan,nan,0,94.339,-6.642
C/1998 M2 (LINEAR),1998,pre2018,2.725,0.9978,546.0,386.0,nan,0.18529304029290383,0,101.587,-31.67
C/1998 M3 (Larsen),1998,pre2018,5.768,1.0023,384.0,109.0,nan,nan,0,66.926,-19.053
C/1998 M4 (LINEAR),1998,pre2018,2.6,0.9974,71.0,116.0,nan,0.0,0,164.989,-24.341
C/1998 M5 (LINEAR),1998,pre2018,1.742,0.996,951.0,1238.0,nan,0.5063827549945661,0,299.25,-76.331
C/1998 M6 (Montani),1998,pre2018,5.979,0.9989,139.0,94.0,nan,nan,0,126.353,-9.127
C/1998 P1 (Williams),1998,pre2018,1.146,0.9994,240.0,403.0,nan,0.2826666666660458,0,37.551,30.837
C/1998 Q1 (LINEAR),1998,pre2018,1.578,0.9956,90.0,147.0,nan,0.0,0,119.31,-22.317
C/1998 T1 (LINEAR),1998,pre2018,1.468,0.9991,585.0,376.0,nan,0.4568376068376068,0,107.434,7.103
C/1998 U1 (LINEAR),1998,pre2018,3.975,1.0004,87.0,122.0,nan,nan,0,263.442,-19.205
C/1998 U5 (LINEAR),1998,pre2018,1.236,0.988,251.0,406.0,nan,nan,0,207.084,-35.505
C/1998 W3 (LINEAR),1998,pre2018,4.915,1.0009,471.0,162.0,nan,nan,0,299.554,-5.335
C/1999 A1 (Tilbrook),1999,pre2018,0.731,0.9959,43.0,68.0,nan,0.38744186046858164,0,259.802,52.667
C/1999 F1 (Catalina),1999,pre2018,5.787,0.9992,2360.0,172.0,nan,nan,1,12.368,75.024
C/1999 F2 (Dalcanton),1999,pre2018,4.718,0.9982,837.0,137.0,nan,nan,1,26.052,6.368
C/1999 H1 (Lee),1999,pre2018,0.708,0.9997,267.0,1019.0,nan,0.3227340823967247,0,306.15,-19.417
C/1999 H3 (LINEAR),1999,pre2018,3.501,1.003,1063.0,847.0,nan,nan,0,36.907,-61.72
C/1999 J2 (Skiff),1999,pre2018,7.11,1.0011,1478.0,978.0,nan,nan,1,45.314,-52.712
C/1999 J3 (LINEAR),1999,pre2018,0.977,0.9994,292.0,187.0,nan,0.4492123287668681,0,232.742,-17.636
C/1999 K2 (Ferris),1999,pre2018,5.29,0.9658,100.0,101.0,nan,nan,0,120.942,-4.528
C/1999 K3 (LINEAR),1999,pre2018,1.929,0.9917,59.0,56.0,nan,0.0,0,87.685,18.835
C/1999 K5 (LINEAR),1999,pre2018,3.255,1.0018,1038.0,239.0,nan,nan,1,107.356,61.485
C/1999 K6 (LINEAR),1999,pre2018,2.247,0.9935,240.0,320.0,nan,0.27362499999968953,0,111.86,-37.235
C/1999 K7 (LINEAR),1999,pre2018,2.323,0.9965,44.0,37.0,nan,0.0,0,120.08,-43.014
C/1999 K8 (LINEAR),1999,pre2018,4.201,1.0007,1230.0,610.0,nan,nan,0,185.933,-12.184
C/1999 L2 (LINEAR),1999,pre2018,1.905,0.9951,40.0,94.0,nan,1.0,0,93.368,-0.888
C/1999 L3 (LINEAR),1999,pre2018,1.989,0.9744,295.0,340.0,3.0,nan,0,326.666,1.606
C/1999 N2 (Lynn),1999,pre2018,0.761,0.9974,87.0,203.0,nan,0.10402298850360615,0,75.481,2.017
C/1999 N4 (LINEAR),1999,pre2018,5.505,1.0042,1348.0,325.0,nan,nan,1,75.433,-23.079
C/1999 S2 (McNaught-Watson),1999,pre2018,6.468,1.0053,881.0,88.0,nan,nan,1,95.701,38.9
C/1999 S4 (LINEAR),1999,pre2018,0.765,1.0001,300.0,1230.0,nan,1.0,0,108.636,-14.273
C/1999 T1 (McNaught-Hartley),1999,pre2018,1.172,0.9999,787.0,661.0,nan,0.5507878017791676,0,359.766,15.002
C/1999 T2 (LINEAR),1999,pre2018,3.037,1.002,1029.0,1021.0,nan,0.47761904761924673,0,68.732,-64.575
C/1999 T3 (LINEAR),1999,pre2018,5.368,1.0031,868.0,227.0,nan,nan,0,214.783,29.966
C/1999 U1 (Ferris),1999,pre2018,4.139,1.0034,402.0,208.0,nan,nan,1,273.357,63.871
C/1999 U4 (Catalina-Skiff),1999,pre2018,4.915,1.0076,1667.0,847.0,nan,nan,1,282.545,-50.233
C/1999 Y1 (LINEAR),1999,pre2018,3.091,1.0009,1283.0,833.0,nan,0.39910366328902086,1,185.875,3.021
C/2000 A1 (Montani),2000,pre2018,9.743,1.004,806.0,135.0,nan,nan,1,304.867,-5.876
C/2000 B2 (LINEAR),2000,pre2018,3.776,0.9995,61.0,86.0,nan,nan,0,286.722,-25.355
C/2000 CT54 (LINEAR),2000,pre2018,3.156,0.9984,1763.0,216.0,nan,nan,0,112.997,49.14
C/2000 H1 (LINEAR),2000,pre2018,3.638,1.0021,364.0,112.0,nan,nan,0,109.017,-59.815
C/2000 K1 (LINEAR),2000,pre2018,6.276,1.0023,820.0,304.0,nan,nan,1,72.936,-14.058
C/2000 K2 (LINEAR),2000,pre2018,2.437,0.9953,987.0,315.0,nan,0.16248226950365932,0,123.807,-24.458
C/2000 O1 (Koehn),2000,pre2018,5.922,1.0,987.0,64.0,nan,nan,1,218.228,-25.704
C/2000 OF8 (Spacewatch),2000,pre2018,2.173,1.0018,373.0,72.0,nan,1.0,0,42.711,26.695
C/2000 SV74 (LINEAR),2000,pre2018,3.542,1.0049,1359.0,2039.0,nan,nan,0,250.324,-69.926
C/2000 U5 (LINEAR),2000,pre2018,3.486,1.0054,362.0,288.0,nan,nan,0,251.836,60.771
C/2000 W1 (Utsunomiya-Jones),2000,pre2018,0.321,1.0,58.0,440.0,nan,0.5268965517251014,0,140.977,-15.398
C/2000 WM1 (LINEAR),2000,pre2018,0.555,1.0002,981.0,2130.0,nan,0.44104994903152445,0,349.497,71.321
C/2000 Y1 (Tubbiolo),2000,pre2018,7.975,1.0023,742.0,94.0,nan,nan,1,238.105,1.158
C/2000 Y2 (Skiff),2000,pre2018,2.769,0.9943,201.0,159.0,nan,0.5960696517415716,0,333.256,6.582
C/2001 A1 (LINEAR),2001,pre2018,2.406,0.9909,93.0,126.0,nan,0.0,0,282.389,-55.452
C/2001 B1 (LINEAR),2001,pre2018,2.928,1.0012,351.0,167.0,nan,0.0,1,272.437,69.626
C/2001 B2 (NEAT),2001,pre2018,5.307,1.0017,1123.0,553.0,nan,nan,0,16.55,23.785
C/2001 C1 (LINEAR),2001,pre2018,5.104,0.9999,795.0,229.0,nan,nan,1,50.457,36.82
C/2001 G1 (LONEOS),2001,pre2018,8.236,1.0028,885.0,134.0,nan,nan,1,11.971,11.812
C/2001 HT50 (LINEAR-NEAT),2001,pre2018,2.792,0.9977,1779.0,3866.0,nan,0.4868015739179419,0,257.662,9.759
C/2001 K3 (Skiff),2001,pre2018,3.06,0.9989,142.0,331.0,nan,0.0,1,111.974,-2.719
C/2001 K5 (LINEAR),2001,pre2018,5.184,0.9995,1305.0,3292.0,nan,nan,1,75.279,-44.3
C/2001 N2 (LINEAR),2001,pre2018,2.669,1.0011,697.0,884.0,nan,0.5805738880920359,0,74.609,-18.171
C/2001 O2 (NEAT),2001,pre2018,4.819,0.9978,398.0,73.0,nan,nan,0,153.542,79.071
C/2001 Q1 (NEAT),2001,pre2018,5.834,0.9659,560.0,77.0,nan,nan,0,137.479,-4.177
C/2001 Q4 (NEAT),2001,pre2018,0.962,1.0007,1811.0,2617.0,nan,0.5499558255108806,1,30.079,-1.183
C/2001 RX14 (LINEAR),2001,pre2018,2.058,1.0016,673.0,3261.0,nan,0.7558692421993852,0,319.6,-25.702
C/2001 U6 (LINEAR),2001,pre2018,4.406,0.9962,620.0,110.0,nan,nan,0,219.387,-72.233
C/2001 W1 (LINEAR),2001,pre2018,2.399,0.9989,80.0,101.0,nan,0.7862499999988358,0,268.978,-5.403
C/2001 X1 (LINEAR),2001,pre2018,1.698,0.997,90.0,203.0,nan,0.2898888888872332,0,326.059,19.917
C/2002 A3 (LINEAR),2002,pre2018,5.152,1.0095,527.0,287.0,nan,nan,1,295.072,22.167
C/2002 B2 (LINEAR),2002,pre2018,3.842,0.9972,87.0,52.0,nan,nan,0,338.785,26.388
C/2002 B3 (LINEAR),2002,pre2018,6.056,1.0054,44.0,50.0,nan,nan,0,266.085,-53.479
C/2002 C2 (LINEAR),2002,pre2018,3.254,0.9996,346.0,209.0,nan,nan,0,248.32,-19.37
C/2002 E2 (Snyder-Murakami),2002,pre2018,1.466,1.0008,302.0,905.0,nan,0.0,1,64.176,-9.021
C/2002 F1 (Utsunomiya),2002,pre2018,0.438,0.9995,53.0,161.0,nan,0.6396226415076768,0,276.679,-53.111
C/2002 H2 (LINEAR),2002,pre2018,1.635,0.9941,97.0,369.0,nan,0.0,0,81.572,-19.075
C/2002 J4 (NEAT),2002,pre2018,3.634,0.9999,1611.0,228.0,nan,nan,1,110.938,34.172
C/2002 J5 (LINEAR),2002,pre2018,5.727,1.0011,1672.0,590.0,nan,nan,1,74.759,-59.114
C/2002 K1 (NEAT),2002,pre2018,3.23,0.9996,115.0,72.0,nan,nan,0,100.572,-4.46
C/2002 K2 (LINEAR),2002,pre2018,5.235,0.9931,685.0,136.0,nan,nan,0,96.355,-19.832
C/2002 L9 (NEAT),2002,pre2018,7.033,0.9984,1680.0,333.0,nan,nan,1,135.191,46.647
C/2002 O4 (Hoenig),2002,pre2018,0.776,1.0009,58.0,1195.0,nan,1.0,0,275.583,-66.951
C/2002 O6 (SWAN),2002,pre2018,0.495,0.9986,30.0,215.0,nan,1.0,0,220.043,-56.859
C/2002 O7 (LINEAR),2002,pre2018,0.903,1.0003,343.0,1606.0,nan,1.0,0,347.645,70.116
C/2002 P1 (NEAT),2002,pre2018,6.53,0.9842,521.0,102.0,nan,nan,0,120.547,6.916
C/2002 Q5 (LINEAR),2002,pre2018,1.243,1.0016,275.0,571.0,nan,0.30254545454613185,1,76.078,-21.902
C/2002 R3 (LONEOS),2002,pre2018,3.869,1.0026,628.0,1261.0,nan,nan,1,190.817,-13.257
C/2002 T7 (LINEAR),2002,pre2018,0.615,1.0005,1242.0,4397.0,nan,0.45012882447669555,1,115.968,-7.236
C/2002 U2 (LINEAR),2002,pre2018,1.209,1.0,209.0,372.0,nan,0.3253110047857585,0,320.076,-58.644
C/2002 V2 (LINEAR),2002,pre2018,6.812,0.9986,1727.0,317.0,nan,nan,0,244.781,9.358
C/2002 VQ94 (LINEAR),2002,pre2018,6.797,0.9663,3479.0,1292.0,nan,nan,0,333.008,-68.17
C/2002 X1 (LINEAR),2002,pre2018,2.487,0.9982,695.0,1432.0,nan,0.7293381294965905,0,255.462,7.23
C/2002 X5 (Kudo-Fujikawa),2002,pre2018,0.19,0.9998,129.0,514.0,nan,0.35658914728682173,0,118.518,7.56
C/2002 Y1 (Juels-Holvorcem),2002,pre2018,0.714,0.9972,372.0,760.0,nan,0.2856182795698925,0,182.711,-49.174
C/2003 A2 (Gleason),2003,pre2018,11.427,1.0069,2616.0,165.0,nan,nan,1,321.307,1.857
C/2003 G1 (LINEAR),2003,pre2018,4.916,1.0014,555.0,1472.0,nan,nan,1,70.631,-10.49
C/2003 G2 (LINEAR),2003,pre2018,1.553,0.9964,53.0,112.0,nan,0.5081132075503328,0,23.41,10.607
C/2003 H1 (LINEAR),2003,pre2018,2.24,0.9992,604.0,1890.0,nan,0.5043377483445559,0,6.74,10.578
C/2003 H3 (NEAT),2003,pre2018,2.901,0.9998,582.0,765.0,nan,0.0,0,94.183,-4.399
C/2003 J1 (NEAT),2003,pre2018,5.125,0.9911,423.0,80.0,nan,nan,0,119.652,15.857
C/2003 K4 (LINEAR),2003,pre2018,1.024,1.0003,1269.0,3625.0,nan,0.39773049645406217,1,5.582,13.095
C/2003 L2 (LINEAR),2003,pre2018,2.865,0.9815,292.0,492.0,nan,0.7574999999998087,0,260.004,-59.214
C/2003 O1 (LINEAR),2003,pre2018,6.847,1.0014,1309.0,550.0,nan,nan,0,94.972,-60.903
C/2003 S3 (LINEAR),2003,pre2018,8.13,1.0018,1035.0,122.0,nan,nan,1,249.068,-11.823
C/2003 T2 (LINEAR),2003,pre2018,1.786,0.9997,128.0,442.0,nan,0.2502343749983993,0,237.23,-27.742
C/2003 T3 (Tabur),2003,pre2018,1.481,0.9997,566.0,744.0,nan,0.3480565371024735,1,198.448,-32.23
C/2003 T4 (LINEAR),2003,pre2018,0.85,1.0005,816.0,955.0,nan,0.6576715686276335,0,93.995,1.677
C/2003 V1 (LINEAR),2003,pre2018,1.783,0.997,441.0,530.0,nan,0.0,0,213.414,-4.13
C/2003 WT42 (LINEAR),2003,pre2018,5.191,1.0026,1592.0,2466.0,nan,nan,1,321.343,-31.377
C/2004 B1 (LINEAR),2004,pre2018,1.602,1.0013,1670.0,1832.0,nan,0.444245508982114,1,107.167,29.018
C/2004 D1 (NEAT),2004,pre2018,4.975,1.0016,1699.0,507.0,nan,nan,0,312.038,-43.72
C/2004 DZ61 (Catalina-LINEAR),2004,pre2018,2.013,0.956,263.0,344.0,3.0,nan,0,13.918,-40.077
C/2004 F2 (LINEAR),2004,pre2018,1.43,0.9906,119.0,144.0,nan,0.0,0,81.741,41.083
C/2004 F4 (Bradfield),2004,pre2018,0.168,0.9993,155.0,301.0,nan,0.01348387096678057,0,29.711,24.079
C/2004 H6 (SWAN),2004,pre2018,0.776,1.0006,102.0,285.0,nan,0.0,0,230.379,72.315
C/2004 K1 (Catalina),2004,pre2018,3.399,0.9981,1017.0,1117.0,nan,nan,0,48.292,-25.992
C/2004 K3 (LINEAR),2004,pre2018,1.103,0.981,48.0,81.0,5.0,nan,0,62.121,-53.833
C/2004 L1 (LINEAR),2004,pre2018,2.047,0.9976,600.0,410.0,nan,0.48518333333311603,0,4.135,18.402
C/2004 L2 (LINEAR),2004,pre2018,3.779,0.9952,1008.0,303.0,nan,nan,0,163.168,59.94
C/2004 P1 (NEAT),2004,pre2018,6.014,0.9993,842.0,148.0,nan,nan,1,118.8,-7.907
C/2004 Q1 (Tucker),2004,pre2018,2.047,0.989,615.0,1972.0,nan,0.17377235772375896,0,222.024,-26.849
C/2004 Q2 (Machholz),2004,pre2018,1.205,0.9995,743.0,3612.0,nan,0.20310901749683583,0,289.092,-12.017
C/2004 RG113 (LINEAR),2004,pre2018,1.942,0.9972,332.0,414.0,nan,0.5925301204825448,0,316.074,-17.498
C/2004 T3 (Siding Spring),2004,pre2018,8.864,0.9985,476.0,110.0,nan,nan,1,109.919,69.307
C/2004 U1 (LINEAR),2004,pre2018,2.659,0.9992,345.0,545.0,nan,0.15582608695587385,0,279.128,-15.143
C/2004 X2 (LINEAR),2004,pre2018,3.793,0.9974,135.0,252.0,nan,nan,0,301.717,-16.895
C/2004 X3 (LINEAR),2004,pre2018,4.402,1.0064,471.0,241.0,nan,nan,1,346.658,21.848
C/2004 YJ35 (LINEAR),2004,pre2018,1.781,0.9999,335.0,216.0,nan,0.18552238805942348,1,298.57,-32.815
C/2005 B1 (Christensen),2005,pre2018,3.205,1.0002,1310.0,1486.0,nan,nan,1,206.317,-76.58
C/2005 E2 (McNaught),2005,pre2018,1.52,1.0001,1087.0,1317.0,nan,0.3205795768171158,1,206.567,-10.819
C/2005 EL173 (LONEOS),2005,pre2018,3.886,1.0032,1355.0,314.0,nan,nan,0,267.718,48.591
C/2005 G1 (LINEAR),2005,pre2018,4.961,0.9997,719.0,287.0,nan,nan,1,335.182,-60.235
C/2005 J2 (Catalina),2005,pre2018,4.287,1.0,234.0,65.0,nan,nan,0,16.067,9.438
C/2005 K1 (Skiff),2005,pre2018,3.693,1.0033,812.0,616.0,nan,nan,1,94.306,-43.767
C/2005 L2 (McNaught),2005,pre2018,3.194,1.0,290.0,54.0,nan,nan,0,39.011,24.668
C/2005 L3 (McNaught),2005,pre2018,5.594,0.9996,3464.0,5219.0,nan,nan,1,69.438,-28.455
C/2005 N1 (Juels-Holvorcem),2005,pre2018,1.125,0.9985,275.0,226.0,nan,0.1892363636364991,0,257.606,-50.121
C/2005 N4 (Catalina),2005,pre2018,2.304,0.9606,54.0,206.0,5.0,nan,0,87.047,-37.935
C/2005 P3 (SWAN),2005,pre2018,0.526,0.9877,63.0,78.0,5.0,nan,0,62.962,-32.14
C/2005 Q1 (LINEAR),2005,pre2018,6.408,1.0043,780.0,156.0,nan,nan,1,253.199,-42.742
C/2005 R4 (LINEAR),2005,pre2018,5.188,0.9975,469.0,491.0,nan,nan,0,237.144,-1.894
C/2005 S4 (McNaught),2005,pre2018,5.85,0.999,1457.0,580.0,nan,nan,0,127.61,-29.758
C/2005 X1 (Beshore),2005,pre2018,2.862,0.9957,99.0,102.0,nan,0.0,0,306.477,-62.158
C/2005 YW (LINEAR),2005,pre2018,1.993,0.9895,597.0,226.0,nan,0.5893634840872581,0,349.161,32.006
C/2006 A1 (Pojmanski),2006,pre2018,0.555,0.9998,247.0,600.0,nan,0.19910931174156937,0,31.764,8.8
C/2006 A2 (Catalina),2006,pre2018,5.316,0.9986,307.0,89.0,nan,nan,0,267.782,-19.291
C/2006 B1 (McNaught),2006,pre2018,2.998,0.9978,409.0,184.0,nan,0.0,0,28.871,37.148
C/2006 CK10 (Catalina),2006,pre2018,1.752,0.9919,302.0,321.0,nan,0.49430463576091094,0,274.836,-20.351
C/2006 E1 (McNaught),2006,pre2018,6.041,1.0011,1088.0,143.0,nan,nan,1,103.909,52.241
C/2006 HW51 (Siding Spring),2006,pre2018,2.266,1.0021,471.0,182.0,nan,0.33828025477722823,0,48.109,0.022
C/2006 K1 (McNaught),2006,pre2018,4.426,1.0016,1018.0,415.0,nan,nan,1,202.27,46.327
C/2006 K3 (McNaught),2006,pre2018,2.501,1.0008,614.0,205.0,nan,0.4810586319220061,1,231.031,31.883
C/2006 K4 (NEAT),2006,pre2018,3.189,0.9982,1282.0,470.0,nan,nan,0,90.34,48.57
C/2006 L1 (Garradd),2006,pre2018,1.462,0.9973,281.0,706.0,nan,0.48398576512455516,0,299.35,12.722
C/2006 L2 (McNaught),2006,pre2018,1.994,1.001,388.0,400.0,nan,0.4103092783509955,1,47.252,-46.868
C/2006 M1 (LINEAR),2006,pre2018,3.556,0.9769,1021.0,629.0,nan,nan,0,189.964,-43.381
C/2006 M4 (SWAN),2006,pre2018,0.783,1.0002,433.0,1265.0,nan,0.181824480369472,0,293.099,-55.501
C/2006 O2 (Garradd),2006,pre2018,1.555,0.9964,112.0,84.0,nan,0.6018750000013304,0,118.244,-13.483
C/2006 OF2 (Broughton),2006,pre2018,2.431,1.0008,1403.0,4756.0,nan,0.5706985032073728,0,234.992,-30.011
C/2006 P1 (McNaught),2006,pre2018,0.171,1.0,338.0,331.0,nan,0.4698224852065495,1,262.045,-23.458
C/2006 Q1 (McNaught),2006,pre2018,2.764,0.9996,1519.0,2710.0,nan,0.4502040816325672,1,11.368,13.351
C/2006 S2 (LINEAR),2006,pre2018,3.162,1.002,302.0,175.0,nan,nan,1,116.058,-13.49
C/2006 S3 (LONEOS),2006,pre2018,5.131,1.0035,5180.0,5568.0,nan,nan,1,77.396,-8.903
C/2006 S5 (Hill),2006,pre2018,2.63,0.973,1197.0,1177.0,2.0,nan,0,283.637,0.371
C/2006 U6 (Spacewatch),2006,pre2018,2.498,0.9987,1217.0,552.0,nan,0.5172391125718828,0,322.547,81.654
C/2006 V1 (Catalina),2006,pre2018,2.675,0.9896,678.0,684.0,nan,0.5612389380531249,0,46.52,29.689
C/2006 VZ13 (LINEAR),2006,pre2018,1.015,1.0002,274.0,1025.0,nan,0.9886496350369722,0,70.18,-4.169
C/2006 W3 (Christensen),2006,pre2018,3.126,0.9998,1791.0,5639.0,nan,nan,0,145.985,-35.358
C/2006 WD4 (Lemmon),2006,pre2018,0.591,0.999,204.0,96.0,nan,0.7813725490191513,0,111.593,25.034
C/2006 X1 (LINEAR),2006,pre2018,6.126,1.0,66.0,95.0,nan,nan,0,180.406,-41.61
C/2006 XA1 (LINEAR),2006,pre2018,1.804,0.9928,549.0,486.0,nan,0.4096539162111236,0,325.054,3.773
C/2006 YC (Catalina-Christensen),2006,pre2018,4.948,1.0002,120.0,143.0,nan,nan,1,325.255,22.848
C/2007 B2 (Skiff),2007,pre2018,2.975,0.996,1264.0,1527.0,nan,0.45556962025304665,0,38.264,11.678
C/2007 D1 (LINEAR),2007,pre2018,8.793,0.9999,2268.0,525.0,nan,nan,1,335.945,13.012
C/2007 D2 (Spacewatch),2007,pre2018,1.246,0.9776,46.0,72.0,6.0,nan,0,52.006,-1.252
C/2007 D3 (LINEAR),2007,pre2018,5.209,0.992,815.0,177.0,nan,nan,0,287.856,33.888
C/2007 E1 (Garradd),2007,pre2018,1.286,0.9802,289.0,1017.0,2.0,nan,0,326.764,-0.692
C/2007 E2 (Lovejoy),2007,pre2018,1.093,0.9992,158.0,1648.0,nan,0.060126582278481014,0,54.504,19.363
C/2007 F1 (LONEOS),2007,pre2018,0.402,1.0001,217.0,197.0,nan,1.0,0,185.143,-23.442
C/2007 G1 (LINEAR),2007,pre2018,2.646,1.0015,1398.0,2001.0,nan,0.41947067238907404,0,80.574,43.997
C/2007 H2 (Skiff),2007,pre2018,1.41,0.9717,30.0,109.0,6.0,nan,0,355.967,31.01
C/2007 JA21 (LINEAR),2007,pre2018,5.369,1.0018,474.0,169.0,nan,nan,0,63.061,-86.277
C/2007 K1 (Lemmon),2007,pre2018,9.239,0.9787,1771.0,141.0,nan,nan,0,92.651,-48.356
C/2007 K3 (Siding Spring),2007,pre2018,2.051,1.0012,531.0,94.0,nan,0.6962523540488941,0,105.99,-6.449
C/2007 K4 (Gibbs),2007,pre2018,3.528,1.003,73.0,95.0,nan,nan,0,71.244,-17.384
C/2007 K5 (Lovejoy),2007,pre2018,1.149,0.9767,50.0,48.0,6.0,nan,0,252.537,61.27
C/2007 K6 (McNaught),2007,pre2018,3.433,0.9846,104.0,44.0,nan,nan,0,124.331,22.033
C/2007 M1 (McNaught),2007,pre2018,7.475,0.9952,1421.0,232.0,nan,nan,0,101.831,-30.923
C/2007 M2 (Catalina),2007,pre2018,3.541,0.9993,1099.0,432.0,nan,nan,0,4.977,40.06
C/2007 M3 (LINEAR),2007,pre2018,3.469,0.9798,597.0,680.0,nan,nan,0,94.469,-14.717
C/2007 N3 (Lulin),2007,pre2018,1.212,1.0,1270.0,3853.0,nan,0.4327874015749058,1,21.668,-1.114
C/2007 O1 (LINEAR),2007,pre2018,2.877,1.0048,590.0,164.0,nan,0.724220338983114,1,97.331,-8.351
C/2007 Q1 (Garradd),2007,pre2018,2.989,1.001,81.0,45.0,nan,0.0,1,152.998,75.508
C/2007 Q3 (Siding Spring),2007,pre2018,2.252,1.0002,1470.0,1341.0,nan,0.5267142857142983,1,330.272,-1.904
C/2007 T1 (McNaught),2007,pre2018,0.969,0.9998,184.0,321.0,nan,0.3507065217380169,0,79.099,45.603
C/2007 U1 (LINEAR),2007,pre2018,3.329,1.0014,761.0,871.0,nan,nan,0,229.179,-0.352
C/2007 VO53 (Spacewatch),2007,pre2018,4.843,0.9996,1735.0,701.0,nan,nan,0,250.843,-74.727
C/2007 W1 (Boattini),2007,pre2018,0.85,1.0001,597.0,1639.0,nan,0.7736850921275216,0,101.491,7.931
C/2007 W3 (LINEAR),2007,pre2018,1.777,1.0002,284.0,206.0,nan,0.6577464788725835,1,47.837,-64.826
C/2007 Y1 (LINEAR),2007,pre2018,3.341,1.0007,139.0,204.0,nan,nan,1,314.081,2.694
C/2007 Y2 (McNaught),2007,pre2018,4.209,0.9965,380.0,81.0,nan,nan,0,269.348,75.078
C/2008 A1 (McNaught),2008,pre2018,1.073,1.0002,636.0,906.0,nan,0.4137106918240751,0,96.365,11.431
C/2008 C1 (Chen-Gao),2008,pre2018,1.262,1.0,119.0,754.0,nan,0.6542016806730515,1,308.22,0.819
C/2008 E3 (Garradd),2008,pre2018,5.531,0.9985,768.0,109.0,nan,nan,0,94.144,36.559
C/2008 FK75 (Lemmon-Siding Spring),2008,pre2018,4.511,1.0027,2046.0,3622.0,nan,nan,1,108.974,-59.76
C/2008 G1 (Gibbs),2008,pre2018,3.99,0.9891,142.0,166.0,nan,nan,0,66.727,-58.945
C/2008 J1 (Boattini),2008,pre2018,1.724,0.9896,337.0,1557.0,nan,0.21442136498449996,0,143.079,-54.852
C/2008 J5 (Garradd),2008,pre2018,1.964,0.9729,107.0,128.0,4.0,nan,0,110.534,46.521
C/2008 J6 (Hill),2008,pre2018,2.004,1.0021,471.0,385.0,nan,0.490318471337461,1,125.791,-7.543
C/2008 L3 (Hill),2008,pre2018,2.011,0.9938,51.0,82.0,nan,0.0,0,64.452,-74.443
C/2008 N1 (Holmes),2008,pre2018,2.784,0.9971,729.0,1522.0,nan,0.6198628257885984,0,63.567,-62.427
C/2008 P1 (Garradd),2008,pre2018,3.896,1.0017,905.0,1345.0,nan,nan,0,182.886,-10.682
C/2008 Q1 (Maticic),2008,pre2018,2.959,0.995,600.0,1021.0,nan,0.22354999999981373,0,70.987,-58.195
C/2008 Q3 (Garradd),2008,pre2018,1.798,0.9998,431.0,701.0,nan,0.19974477958202086,0,54.765,11.983
C/2008 S3 (Boattini),2008,pre2018,8.018,1.0011,3124.0,1909.0,nan,nan,1,196.3,-11.006
C/2008 T2 (Cardinal),2008,pre2018,1.202,1.0001,338.0,1309.0,nan,0.7403550295864602,1,331.541,29.175
C/2008 X3 (LINEAR),2008,pre2018,1.902,0.9565,90.0,127.0,4.0,nan,0,319.715,-35.414
C/2009 E1 (Itagaki),2009,pre2018,0.6,0.9851,158.0,562.0,2.0,nan,0,251.025,-36.783
C/2009 F1 (Larson),2009,pre2018,1.831,0.9827,68.0,159.0,nan,nan,0,318.689,5.48
C/2009 F2 (McNaught),2009,pre2018,5.875,0.983,1222.0,363.0,nan,nan,0,21.476,20.201
C/2009 F4 (McNaught),2009,pre2018,5.455,1.0018,2164.0,1187.0,nan,nan,1,101.055,75.686
C/2009 F5 (McNaught),2009,pre2018,2.245,0.972,148.0,444.0,4.0,nan,0,29.485,62.21
C/2009 F6 (Yi-SWAN),2009,pre2018,1.274,0.9975,330.0,487.0,nan,0.09524242424293224,0,273.604,-50.042
C/2009 G1 (STEREO),2009,pre2018,1.129,0.9977,113.0,119.0,nan,0.0664601769891724,0,122.065,-4.329
C/2009 K2 (Catalina),2009,pre2018,3.246,0.9978,424.0,665.0,nan,nan,0,109.831,-29.429
C/2009 K4 (Gibbs),2009,pre2018,1.549,0.9625,60.0,125.0,6.0,nan,0,343.165,-26.948
C/2009 K5 (McNaught),2009,pre2018,1.422,1.0008,913.0,2488.0,nan,0.3702300109529229,1,49.352,-62.628
C/2009 O2 (Catalina),2009,pre2018,0.696,0.9975,247.0,281.0,nan,0.9733198380572834,0,328.29,-43.723
C/2009 O4 (Hill),2009,pre2018,2.564,1.0013,137.0,764.0,nan,1.0,1,167.399,43.448
C/2009 P1 (Garradd),2009,pre2018,1.551,1.001,1978.0,9048.0,nan,0.5979170879677288,0,53.31,-73.803
C/2009 P2 (Boattini),2009,pre2018,6.544,1.0015,1060.0,507.0,nan,nan,1,164.909,-16.047
C/2009 R1 (McNaught),2009,pre2018,0.405,1.0004,315.0,751.0,nan,1.0,1,307.991,-47.638
C/2009 S3 (Lemmon),2009,pre2018,6.475,1.0014,1586.0,278.0,nan,nan,0,194.417,-41.934
C/2009 T1 (McNaught),2009,pre2018,6.22,0.9983,725.0,141.0,nan,nan,0,233.915,77.47
C/2009 T3 (LINEAR),2009,pre2018,2.281,0.9995,301.0,401.0,nan,0.2992026578074946,0,211.564,-16.167
C/2009 U3 (Hill),2009,pre2018,1.414,0.9916,241.0,602.0,nan,0.6275933609958506,0,300.111,-49.649
C/2009 U5 (Grauer),2009,pre2018,6.094,0.9994,526.0,182.0,nan,nan,1,322.891,-9.998
C/2009 UG89 (Lemmon),2009,pre2018,3.931,1.008,918.0,966.0,nan,nan,0,92.131,-41.816
C/2009 W2 (Boattini),2009,pre2018,6.907,0.9996,686.0,93.0,nan,nan,0,257.298,-13.204
C/2009 Y1 (Catalina),2009,pre2018,2.52,0.9933,736.0,1677.0,nan,0.5542119565216126,0,181.562,-49.332
C/2010 A4 (Siding Spring),2010,pre2018,2.738,0.9906,655.0,140.0,nan,0.41181679389347103,0,242.559,83.062
C/2010 B1 (Cardinal),2010,pre2018,2.941,0.999,988.0,2090.0,nan,0.3887246963563319,0,269.955,30.758
C/2010 D3 (WISE),2010,pre2018,4.248,0.9996,1203.0,87.0,nan,nan,1,56.421,53.095
C/2010 DG56 (WISE),2010,pre2018,1.591,0.9764,210.0,65.0,3.0,nan,0,223.892,12.884
C/2010 E1 (Garradd),2010,pre2018,2.662,0.9759,63.0,143.0,nan,nan,0,317.636,57.781
C/2010 E3 (WISE),2010,pre2018,2.269,0.9922,70.0,33.0,nan,1.0,0,289.635,-50.005
C/2010 FB87 (WISE-Garradd),2010,pre2018,2.843,0.9905,755.0,613.0,nan,0.2972052980134177,0,15.92,71.704
C/2010 G1 (Boattini),2010,pre2018,1.205,0.9975,69.0,282.0,nan,0.0,0,285.133,-11.134
C/2010 G2 (Hill),2010,pre2018,1.981,0.9794,1061.0,4103.0,1.0,nan,0,259.096,-41.079
C/2010 G3 (WISE),2010,pre2018,4.908,0.9981,1415.0,271.0,nan,nan,0,83.844,-66.648
C/2010 H1 (Garradd),2010,pre2018,2.745,0.9997,133.0,46.0,nan,0.9015789473695415,0,35.073,28.715
C/2010 J1 (Boattini),2010,pre2018,1.696,0.9538,73.0,605.0,5.0,nan,0,94.339,18.86
C/2010 J2 (McNaught),2010,pre2018,3.387,0.9995,413.0,543.0,nan,nan,0,129.08,-3.743
C/2010 KW7 (WISE),2010,pre2018,2.57,0.9743,293.0,146.0,3.0,nan,0,308.53,14.636
C/2010 L3 (Catalina),2010,pre2018,9.883,0.9992,1028.0,123.0,nan,nan,0,57.726,-56.057
C/2010 L4 (WISE),2010,pre2018,2.826,0.9647,82.0,98.0,4.0,nan,0,191.056,-75.961
C/2010 M1 (Gibbs),2010,pre2018,7.977,1.0039,51.0,24.0,nan,nan,0,72.299,-11.437
C/2010 R1 (LINEAR),2010,pre2018,5.621,1.0037,1303.0,1572.0,nan,nan,1,47.299,-20.89
C/2010 S1 (LINEAR),2010,pre2018,5.9,1.0012,1762.0,8511.0,nan,nan,1,140.099,-45.73
C/2010 U3 (Boattini),2010,pre2018,8.446,1.0009,6370.0,4354.0,nan,nan,1,309.664,-55.463
C/2010 X1 (Elenin),2010,pre2018,0.482,1.0001,271.0,2235.0,nan,1.0,0,127.048,0.513
C/2011 A3 (Gibbs),2011,pre2018,2.345,0.998,995.0,1747.0,nan,0.33677386934658393,0,89.024,-15.998
C/2011 C1 (McNaught),2011,pre2018,0.883,0.9974,308.0,613.0,nan,0.3051948051948052,0,96.664,-16.749
C/2011 C3 (Gibbs),2011,pre2018,1.517,0.9953,92.0,80.0,nan,0.5927173913021208,0,39.102,20.02
C/2011 F1 (LINEAR),2011,pre2018,1.819,1.0,1239.0,4591.0,nan,0.5351412429378831,1,92.11,10.461
C/2011 G1 (McNaught),2011,pre2018,2.155,1.001,348.0,487.0,nan,0.47244252873606035,0,337.781,1.661
C/2011 J2 (LINEAR),2011,pre2018,3.443,1.0005,2381.0,6434.0,nan,nan,0,262.58,-56.902
C/2011 K1 (Schwartz-Holvorcem),2011,pre2018,3.377,1.007,32.0,114.0,nan,nan,0,77.778,-10.838
C/2011 L2 (McNaught),2011,pre2018,1.943,1.0018,240.0,57.0,nan,0.634458333333411,1,84.427,70.815
C/2011 L3 (McNaught),2011,pre2018,1.924,1.0001,174.0,798.0,nan,0.3936781609195402,0,129.278,-27.692
C/2011 L4 (PANSTARRS),2011,pre2018,0.302,1.0,1194.0,5413.0,nan,0.5520686767168556,1,242.809,26.205
C/2011 L6 (Boattini),2011,pre2018,6.788,1.0037,332.0,56.0,nan,nan,0,62.614,4.05
C/2011 M1 (LINEAR),2011,pre2018,0.896,1.0027,41.0,109.0,nan,1.0,0,293.938,-54.908
C/2011 N2 (McNaught),2011,pre2018,2.563,0.9997,71.0,46.0,nan,1.0,0,91.556,1.641
C/2011 O1 (LINEAR),2011,pre2018,3.891,0.9968,1012.0,281.0,nan,nan,0,106.672,50.371
C/2011 Q1 (PANSTARRS),2011,pre2018,6.78,0.9979,313.0,59.0,nan,nan,0,146.929,-43.871
C/2011 Q2 (McNaught),2011,pre2018,1.35,1.0001,244.0,106.0,nan,0.6015983606558903,0,136.291,-19.936
C/2011 Q4 (SWAN),2011,pre2018,1.112,0.9742,204.0,168.0,3.0,nan,0,70.498,-1.001
C/2011 R1 (McNaught),2011,pre2018,2.08,1.0007,1246.0,1454.0,nan,0.5935955056180672,1,70.13,44.321
C/2011 U3 (PANSTARRS),2011,pre2018,1.071,1.0004,94.0,60.0,nan,1.0,0,102.875,58.202
C/2011 UF305 (LINEAR),2011,pre2018,2.138,1.0007,637.0,2274.0,nan,0.5701255886969003,0,303.749,-57.792
C/2012 A1 (PANSTARRS),2012,pre2018,7.604,1.0012,1162.0,322.0,nan,nan,1,271.868,10.072
C/2012 A2 (LINEAR),2012,pre2018,3.537,0.9964,1300.0,2643.0,nan,nan,0,261.983,-52.523
C/2012 B3 (La Sagra),2012,pre2018,3.537,1.0012,205.0,295.0,nan,nan,1,53.396,-47.784
C/2012 C1 (McNaught),2012,pre2018,4.838,0.9962,903.0,219.0,nan,nan,0,152.744,78.301
C/2012 CH17 (MOSS),2012,pre2018,1.296,1.0,494.0,627.0,nan,0.48425101214616373,1,87.418,-18.15
C/2012 E1 (Hill),2012,pre2018,7.503,0.998,730.0,98.0,nan,nan,0,74.671,-39.433
C/2012 E3 (PANSTARRS),2012,pre2018,3.827,0.9827,96.0,74.0,nan,nan,0,53.836,-69.422
C/2012 F1 (Gibbs),2012,pre2018,2.551,0.9657,40.0,83.0,6.0,nan,0,7.861,17.66
C/2012 F3 (PANSTARRS),2012,pre2018,3.457,1.0016,2098.0,1763.0,nan,nan,1,88.908,-11.008
C/2012 F6 (Lemmon),2012,pre2018,0.731,0.9985,995.0,3201.0,nan,0.4296582914570618,0,142.307,54.336
C/2012 J1 (Catalina),2012,pre2018,3.159,1.0013,677.0,4401.0,nan,nan,0,207.223,-17.688
C/2012 K1 (PANSTARRS),2012,pre2018,1.055,1.0002,1546.0,7829.0,nan,0.5405304010350253,1,299.052,13.846
C/2012 K5 (LINEAR),2012,pre2018,1.142,0.9985,343.0,4281.0,nan,0.602594752186426,0,281.49,-40.649
C/2012 K6 (McNaught),2012,pre2018,3.353,0.9992,1084.0,1091.0,nan,nan,0,42.271,14.737
C/2012 K8 (Lemmon),2012,pre2018,6.463,1.0023,1470.0,962.0,nan,nan,1,85.067,-68.683
C/2012 KA51 (Palomar),2012,pre2018,4.895,0.9941,292.0,22.0,nan,nan,0,267.319,-70.269
C/2012 L1 (LINEAR),2012,pre2018,2.262,0.9971,316.0,1489.0,nan,0.6563607594941424,0,269.463,-39.654
C/2012 L2 (LINEAR),2012,pre2018,1.509,0.9973,338.0,2119.0,nan,1.0,0,279.249,24.288
C/2012 L3 (LINEAR),2012,pre2018,3.045,0.9908,332.0,255.0,nan,0.006686746988568948,0,119.693,-43.256
C/2012 LP26 (Palomar),2012,pre2018,6.536,0.9993,2326.0,439.0,nan,nan,1,121.816,-14.177
C/2012 OP (Siding Spring),2012,pre2018,3.607,0.9966,381.0,100.0,nan,nan,0,90.987,7.764
C/2012 S3 (PANSTARRS),2012,pre2018,2.308,1.0007,538.0,730.0,nan,0.6285130111526587,1,119.847,3.453
C/2012 S4 (PANSTARRS),2012,pre2018,4.349,1.0,460.0,924.0,nan,nan,0,183.027,-13.096
C/2012 T4 (McNaught),2012,pre2018,1.956,0.9912,233.0,49.0,nan,0.7421888412024362,0,136.744,15.185
C/2012 T5 (Bressi),2012,pre2018,0.323,1.0004,158.0,661.0,nan,0.8421518987345309,0,35.167,39.467
C/2012 U1 (PANSTARRS),2012,pre2018,5.264,0.9996,996.0,172.0,nan,nan,0,263.76,-51.48
C/2012 V1 (PANSTARRS),2012,pre2018,2.089,0.9994,345.0,98.0,nan,0.9348985507247457,0,139.982,-18.368
C/2012 V2 (LINEAR),2012,pre2018,1.455,0.9976,397.0,1054.0,nan,0.7317380352644837,0,278.631,33.974
C/2012 X1 (LINEAR),2012,pre2018,1.599,0.9896,1038.0,2560.0,nan,0.42449903660875554,0,74.811,-31.25
C/2013 A1 (Siding Spring),2013,pre2018,1.4,1.0001,1291.0,449.0,nan,0.5818590240125233,0,119.457,-1.903
C/2013 B2 (Catalina),2013,pre2018,3.734,1.0027,438.0,136.0,nan,nan,1,314.386,-15.962
C/2013 E1 (McNaught),2013,pre2018,7.782,1.0023,727.0,172.0,nan,nan,1,0.585,15.79
C/2013 E2 (Iwamoto),2013,pre2018,1.413,0.9939,689.0,1159.0,nan,0.5210885341071047,0,98.737,-21.742
C/2013 F1 (Boattini),2013,pre2018,1.86,1.0028,72.0,274.0,nan,0.0,0,311.161,-79.5
C/2013 F2 (Catalina),2013,pre2018,6.218,0.9993,481.0,168.0,nan,nan,0,308.173,-47.634
C/2013 F3 (McNaught),2013,pre2018,2.253,0.997,151.0,301.0,nan,0.3792052980117648,0,87.657,-18.698
C/2013 G2 (McNaught),2013,pre2018,2.154,1.0002,139.0,111.0,nan,0.0,0,107.376,65.392
C/2013 G3 (PANSTARRS),2013,pre2018,3.852,1.0005,1353.0,902.0,nan,nan,1,88.831,-61.508
C/2013 G5 (Catalina),2013,pre2018,0.929,0.9997,52.0,114.0,nan,1.0,0,133.305,-9.271
C/2013 G6 (Lemmon),2013,pre2018,2.048,0.9947,298.0,230.0,nan,0.34640939597309184,0,22.645,28.895
C/2013 G7 (McNaught),2013,pre2018,4.677,0.9979,1013.0,305.0,nan,nan,0,36.783,36.714
C/2013 G8 (PANSTARRS),2013,pre2018,5.141,0.9984,858.0,147.0,nan,nan,1,139.955,-27.181
C/2013 G9 (Tenagra),2013,pre2018,5.338,1.0013,1093.0,496.0,nan,nan,1,14.564,13.55
C/2013 H1 (La Sagra),2013,pre2018,2.647,0.9854,113.0,270.0,nan,0.2714159292028805,0,44.856,-18.241
C/2013 H2 (Boattini),2013,pre2018,7.499,1.0018,780.0,221.0,nan,nan,0,58.461,-27.429
C/2013 J3 (McNaught),2013,pre2018,3.989,0.998,324.0,105.0,nan,nan,0,41.746,33.707
C/2013 J5 (Boattini),2013,pre2018,4.906,1.0025,415.0,74.0,nan,nan,0,62.743,-13.178
C/2013 J6 (Catalina),2013,pre2018,2.416,0.9596,61.0,129.0,5.0,nan,0,61.558,-54.063
C/2013 K1 (Christensen),2013,pre2018,0.948,0.9881,50.0,52.0,5.0,nan,0,119.479,-5.827
C/2013 L2 (Catalina),2013,pre2018,4.872,1.0009,121.0,242.0,nan,nan,0,105.32,-1.857
C/2013 N4 (Borisov),2013,pre2018,1.21,0.9748,296.0,287.0,3.0,nan,0,290.92,-21.625
C/2013 O3 (McNaught),2013,pre2018,3.18,0.9961,361.0,103.0,nan,nan,0,101.888,21.451
C/2013 P2 (PANSTARRS),2013,pre2018,2.835,0.9989,610.0,295.0,nan,0.3377868852455963,0,67.322,-51.831
C/2013 P3 (Palomar),2013,pre2018,8.647,1.0012,1781.0,492.0,nan,nan,1,177.472,-2.803
C/2013 PE67 (Catalina-Spacewatch),2013,pre2018,1.847,0.9668,304.0,158.0,3.0,nan,0,108.627,-50.306
C/2013 R1 (Lovejoy),2013,pre2018,0.812,0.9984,372.0,3894.0,nan,0.2869086021504876,0,296.829,-55.962
C/2013 S1 (Catalina),2013,pre2018,2.824,1.0004,59.0,109.0,nan,0.0,0,220.044,-13.861
C/2013 TW5 (Spacewatch),2013,pre2018,5.831,0.9869,1222.0,421.0,nan,nan,0,328.586,5.386
C/2013 U2 (Holvorcem),2013,pre2018,5.117,0.9943,1251.0,471.0,nan,nan,0,300.2,-40.689
C/2013 UQ4 (Catalina),2013,pre2018,1.081,0.9822,862.0,1853.0,2.0,nan,0,118.162,-13.032
C/2013 US10 (Catalina),2013,pre2018,0.823,1.0003,1555.0,4397.0,nan,0.529723472668942,1,23.129,10.004
C/2013 V1 (Boattini),2013,pre2018,1.661,1.0014,302.0,2087.0,nan,0.5570529801323887,1,277.72,-42.495
C/2013 V2 (Borisov),2013,pre2018,3.508,1.0045,1273.0,1794.0,nan,nan,0,324.081,-37.715
C/2013 V4 (Catalina),2013,pre2018,5.185,1.0026,1748.0,2445.0,nan,nan,1,253.44,-36.935
C/2013 V5 (Oukaimeden),2013,pre2018,0.626,0.9987,523.0,1519.0,nan,0.6122753346084223,1,141.209,17.596
C/2013 X1 (PANSTARRS),2013,pre2018,1.314,1.001,1565.0,539.0,nan,0.5857699680511063,0,145.859,-4.433
C/2013 Y2 (PANSTARRS),2013,pre2018,1.919,0.9913,254.0,436.0,nan,0.652165354330342,0,16.147,22.488
C/2014 A4 (SONEAR),2014,pre2018,4.18,1.0009,1344.0,2742.0,nan,nan,0,211.402,2.741
C/2014 A5 (PANSTARRS),2014,pre2018,4.8,0.9604,854.0,42.0,nan,nan,0,312.289,1.366
C/2014 AA52 (Catalina),2014,pre2018,2.003,1.0004,624.0,399.0,nan,0.6725000000002089,1,183.149,63.26
C/2014 B1 (Schwartz),2014,pre2018,9.557,1.0032,3008.0,1276.0,nan,nan,1,328.893,6.668
C/2014 C2 (STEREO),2014,pre2018,0.512,1.0,58.0,297.0,nan,0.3146551724137931,0,56.665,-35.565
C/2014 C3 (NEOWISE),2014,pre2018,1.862,0.9828,94.0,601.0,nan,nan,0,36.908,6.624
C/2014 E2 (Jacques),2014,pre2018,0.664,0.999,452.0,4812.0,nan,0.24670353982251433,0,251.074,6.323
C/2014 F1 (Hill),2014,pre2018,3.496,0.9991,111.0,190.0,nan,nan,0,57.303,-7.823
C/2014 F2 (Tenagra),2014,pre2018,4.314,0.9709,904.0,300.0,nan,nan,0,5.561,-60.695
C/2014 G1 (PANSTARRS),2014,pre2018,5.469,0.9947,482.0,89.0,nan,nan,0,81.283,-13.987
C/2014 H1 (Christensen),2014,pre2018,2.139,0.9849,39.0,105.0,nan,0.0,0,36.59,-10.656
C/2014 L5 (Lemmon),2014,pre2018,6.203,1.0026,702.0,75.0,nan,nan,0,186.715,-36.913
C/2014 M1 (PANSTARRS),2014,pre2018,5.577,1.0024,987.0,86.0,nan,nan,1,76.687,7.695
C/2014 M2 (Christensen),2014,pre2018,6.91,0.9927,511.0,57.0,nan,nan,0,100.929,-20.28
C/2014 M3 (Catalina),2014,pre2018,2.434,0.9824,82.0,90.0,nan,nan,0,166.497,-15.057
C/2014 N2 (PANSTARRS),2014,pre2018,2.184,0.9995,253.0,50.0,nan,0.3882608695651438,0,96.447,38.256
C/2014 N3 (NEOWISE),2014,pre2018,3.882,0.9993,917.0,1594.0,nan,nan,1,196.866,5.656
C/2014 OE4 (PANSTARRS),2014,pre2018,6.244,0.9997,2084.0,1798.0,nan,nan,1,78.861,-64.351
C/2014 Q1 (PANSTARRS),2014,pre2018,0.315,0.9997,636.0,704.0,nan,0.5102358490562523,0,317.155,-36.267
C/2014 Q2 (Lovejoy),2014,pre2018,1.29,0.9978,802.0,7892.0,nan,0.2656733167080204,0,277.102,-12.22
C/2014 QU2 (PANSTARRS),2014,pre2018,2.223,0.9913,56.0,67.0,nan,0.0,0,178.23,31.501
C/2014 Q6 (PANSTARRS),2014,pre2018,4.223,0.9993,375.0,40.0,nan,nan,1,148.294,-1.932
C/2014 R1 (Borisov),2014,pre2018,1.345,0.9925,335.0,523.0,nan,0.22459701492604034,0,339.296,-8.185
C/2014 R3 (PANSTARRS),2014,pre2018,7.276,0.9995,2000.0,830.0,nan,nan,0,336.048,-66.556
C/2014 R4 (Gibbs),2014,pre2018,1.818,0.9994,122.0,129.0,nan,0.5123770491784958,0,280.15,0.567
C/2014 S1 (PANSTARRS),2014,pre2018,8.137,1.0008,607.0,45.0,nan,nan,0,231.151,51.861
C/2014 S2 (PANSTARRS),2014,pre2018,2.101,0.9876,942.0,2941.0,nan,0.49235668789789144,0,273.012,-64.582
C/2014 S3 (PANSTARRS),2014,pre2018,2.049,0.9768,57.0,48.0,6.0,nan,0,242.546,9.812
C/2014 U3 (Kowalski),2014,pre2018,2.556,0.9933,301.0,51.0,nan,0.6340199335543222,0,295.757,-20.688
C/2014 UN271 (Bernardinelli-Bernstein),2014,pre2018,10.937,0.9993,5769.0,2298.0,nan,nan,1,13.522,33.488
C/2014 W2 (PANSTARRS),2014,pre2018,2.67,0.9983,1053.0,3410.0,nan,0.4781386514719671,0,307.857,-80.58
C/2014 W3 (PANSTARRS),2014,pre2018,6.066,1.007,442.0,47.0,nan,nan,1,286.412,-21.08
C/2014 W5 (Lemmon-PANSTARRS),2014,pre2018,2.399,0.9791,579.0,76.0,nan,0.8542487046629872,0,141.757,33.755
C/2014 W6 (Catalina),2014,pre2018,3.088,1.0017,242.0,139.0,nan,0.49173553719008267,1,356.952,23.604
C/2014 W8 (PANSTARRS),2014,pre2018,4.899,1.0011,36.0,32.0,nan,nan,0,267.272,30.623
C/2014 W10 (PANSTARRS),2014,pre2018,7.657,1.0036,378.0,28.0,nan,nan,1,229.309,-41.986
C/2014 XB8 (PANSTARRS),2014,pre2018,3.01,0.9967,304.0,58.0,nan,0.36717105263194655,0,224.872,4.291
C/2014 Y1 (PANSTARRS),2014,pre2018,2.241,1.0021,559.0,305.0,nan,0.7632379248656652,0,21.714,0.584
C/2015 A2 (PANSTARRS),2015,pre2018,5.267,1.0137,50.0,23.0,nan,nan,0,246.867,30.432
C/2015 B2 (PANSTARRS),2015,pre2018,3.37,1.0002,980.0,242.0,nan,nan,0,206.537,69.005
C/2015 C2 (SWAN),2015,pre2018,0.711,0.9985,145.0,151.0,nan,0.05220689655056801,0,231.709,25.784
C/2015 D3 (PANSTARRS),2015,pre2018,8.149,1.0022,2510.0,313.0,nan,nan,1,335.18,-2.261
C/2015 D4 (Borisov),2015,pre2018,0.862,0.9891,234.0,51.0,4.0,nan,0,113.28,43.91
C/2015 ER61 (PANSTARRS),2015,pre2018,1.042,0.9973,1421.0,2826.0,nan,0.5910907811400029,0,123.288,-5.894
C/2015 F2 (Polonia),2015,pre2018,1.211,0.9684,125.0,308.0,4.0,nan,0,75.548,3.817
C/2015 F3 (SWAN),2015,pre2018,0.834,0.9964,67.0,316.0,nan,0.0,0,235.864,-53.982
C/2015 F4 (Jacques),2015,pre2018,1.644,0.9859,590.0,2837.0,nan,nan,0,131.866,-26.442
C/2015 F5 (SWAN-Xingming),2015,pre2018,0.346,0.9777,43.0,209.0,6.0,nan,0,96.177,-6.798
C/2015 G2 (MASTER),2015,pre2018,0.78,1.0004,314.0,562.0,nan,0.17449044585999124,0,34.825,31.575
C/2015 H2 (PANSTARRS),2015,pre2018,4.967,1.0035,1982.0,204.0,nan,nan,1,101.922,31.877
C/2015 J1 (PANSTARRS),2015,pre2018,6.02,1.0032,390.0,54.0,nan,nan,0,44.89,44.316
C/2015 J2 (PANSTARRS),2015,pre2018,4.32,0.9825,475.0,99.0,nan,nan,0,79.492,6.854
C/2015 K1 (MASTER),2015,pre2018,2.557,0.9858,258.0,584.0,nan,0.0,0,106.847,28.871
C/2015 K2 (PANSTARRS),2015,pre2018,1.455,0.9944,32.0,54.0,nan,0.6812499999941792,0,57.57,-7.598
C/2015 K4 (PANSTARRS),2015,pre2018,2.008,1.0001,51.0,134.0,nan,0.0,0,70.353,2.424
C/2015 K7 (COIAS),2015,pre2018,9.941,1.004,808.0,59.0,nan,nan,1,73.151,-1.768
C/2015 LC2 (PANSTARRS),2015,pre2018,5.892,1.0013,1167.0,437.0,nan,nan,0,44.784,18.091
C/2015 M1 (PANSTARRS),2015,pre2018,2.092,0.9946,62.0,66.0,nan,0.0,0,91.475,-13.43
C/2015 M3 (PANSTARRS),2015,pre2018,3.552,0.9733,488.0,150.0,nan,nan,0,111.72,-49.394
C/2015 O1 (PANSTARRS),2015,pre2018,3.73,1.0,1740.0,3677.0,nan,nan,1,30.538,-52.788
C/2015 P3 (SWAN),2015,pre2018,0.715,0.9971,54.0,132.0,nan,0.0,0,58.554,-38.517
C/2015 R3 (PANSTARRS),2015,pre2018,4.903,0.9987,1303.0,41.0,nan,nan,1,143.994,83.3
C/2015 T2 (PANSTARRS),2015,pre2018,6.935,1.0004,1448.0,214.0,nan,nan,0,212.406,-24.924
C/2015 T4 (PANSTARRS),2015,pre2018,2.296,0.9736,317.0,345.0,3.0,nan,0,345.641,87.915
C/2015 TQ209 (LINEAR),2015,pre2018,1.413,0.9989,646.0,406.0,nan,0.4993808049537045,0,325.815,11.158
C/2015 V1 (PANSTARRS),2015,pre2018,4.267,1.0006,1317.0,2145.0,nan,nan,0,197.455,-0.229
C/2015 V2 (Johnson),2015,pre2018,1.637,1.0017,1750.0,5890.0,nan,0.5047714285714818,1,59.985,-11.489
C/2015 V3 (PANSTARRS),2015,pre2018,4.236,0.9948,418.0,99.0,nan,nan,0,182.394,-0.818
C/2015 VL62 (Lemmon-Yeung-PANSTARRS),2015,pre2018,2.72,1.002,987.0,2115.0,nan,0.6743566362713789,1,145.298,-11.237
C/2015 WZ (PANSTARRS),2015,pre2018,1.377,0.9929,272.0,373.0,nan,0.6389705882346093,0,161.775,-41.245
C/2015 W1 (Gibbs),2015,pre2018,2.232,1.0013,228.0,355.0,nan,0.7946929824558953,0,297.294,-48.04
C/2015 XY1 (Lemmon),2015,pre2018,7.928,1.004,1782.0,741.0,nan,nan,1,267.526,8.373
C/2015 X5 (PANSTARRS),2015,pre2018,6.802,1.003,1531.0,227.0,nan,nan,1,285.804,-22.627
C/2015 X7 (ATLAS),2015,pre2018,3.685,1.0019,870.0,620.0,nan,nan,1,313.65,9.697
C/2015 Y1 (LINEAR),2015,pre2018,2.514,0.9914,491.0,573.0,nan,0.307902240326207,0,324.207,-23.314
C/2016 A1 (PANSTARRS),2016,pre2018,5.328,1.002,1506.0,2143.0,nan,nan,1,302.783,-8.815
C/2016 A5 (PANSTARRS),2016,pre2018,2.947,0.9973,537.0,46.0,nan,0.4214711359405484,0,285.106,23.687
C/2016 A6 (PANSTARRS),2016,pre2018,2.413,0.9906,38.0,42.0,nan,0.0,0,322.761,-32.577
C/2016 B1 (NEOWISE),2016,pre2018,3.206,0.9924,638.0,522.0,nan,nan,0,57.421,-6.593
C/2016 C1 (PANSTARRS),2016,pre2018,8.463,1.0051,1563.0,236.0,nan,nan,1,343.111,25.538
C/2016 C2 (NEOWISE),2016,pre2018,1.56,0.9756,126.0,148.0,4.0,nan,0,52.697,20.43
C/2016 E1 (PANSTARRS),2016,pre2018,8.177,1.0032,1399.0,166.0,nan,nan,1,17.151,-33.162
C/2016 E2 (Kowalski),2016,pre2018,1.075,1.0002,64.0,108.0,nan,0.0,0,36.033,25.338
C/2016 J2 (Denneau),2016,pre2018,1.519,1.0006,345.0,85.0,nan,0.8434202898550185,0,35.994,30.337
C/2016 KA (Catalina),2016,pre2018,5.4,0.999,322.0,79.0,nan,nan,0,111.103,-59.633
C/2016 K1 (LINEAR),2016,pre2018,2.292,1.0003,305.0,310.0,nan,0.14222950819635488,0,145.42,-18.248
C/2016 M1 (PANSTARRS),2016,pre2018,2.21,0.9991,2078.0,3553.0,nan,0.3749663137633146,0,91.632,29.825
C/2016 N4 (MASTER),2016,pre2018,3.199,0.9994,1658.0,2084.0,nan,nan,0,197.947,-52.229
C/2016 N6 (PANSTARRS),2016,pre2018,2.669,0.9987,1342.0,3071.0,nan,0.5597615499256231,0,303.807,-16.529
C/2016 P4 (PANSTARRS),2016,pre2018,5.892,0.9817,296.0,45.0,nan,nan,0,137.225,2.044
C/2016 Q2 (PANSTARRS),2016,pre2018,7.082,0.9999,2786.0,662.0,nan,nan,0,68.446,-69.877
C/2016 R2 (PANSTARRS),2016,pre2018,2.602,0.9963,1762.0,4319.0,nan,0.3504994324631524,0,279.579,-27.733
C/2016 T1 (Matheny),2016,pre2018,2.3,0.9818,232.0,130.0,nan,nan,0,86.766,-31.357
C/2016 T2 (Matheny),2016,pre2018,1.908,0.9813,411.0,178.0,nan,nan,0,263.863,-81.018
C/2016 T3 (PANSTARRS),2016,pre2018,2.649,0.9814,555.0,436.0,nan,0.5981621621621286,0,285.339,5.608
C/2016 U1 (NEOWISE),2016,pre2018,0.319,1.0003,83.0,366.0,nan,1.0,0,49.35,-12.407
C/2016 VZ18 (PANSTARRS),2016,pre2018,0.91,0.9953,290.0,351.0,nan,0.5185517241375457,0,312.893,-13.986
C/2016 X1 (Lemmon),2016,pre2018,7.564,0.9963,1213.0,289.0,nan,nan,0,297.839,18.222
C/2017 A1 (PANSTARRS),2017,pre2018,2.29,0.9715,421.0,196.0,3.0,nan,0,302.387,-1.558
C/2017 AB5 (PANSTARRS),2017,pre2018,9.216,0.9999,842.0,85.0,nan,nan,1,299.021,-31.689
C/2017 B3 (LINEAR),2017,pre2018,3.921,1.0021,2129.0,1591.0,nan,nan,0,116.432,51.634
C/2017 C2 (PANSTARRS),2017,pre2018,2.431,0.9753,535.0,97.0,3.0,nan,0,272.558,-35.356
C/2017 D2 (Barros),2017,pre2018,2.486,0.9982,594.0,433.0,nan,0.23826599326564832,0,128.716,12.99
C/2017 D3 (ATLAS),2017,pre2018,4.971,1.0024,788.0,523.0,nan,nan,0,18.09,15.54
C/2017 D5 (PANSTARRS),2017,pre2018,2.167,0.9808,73.0,75.0,nan,nan,0,336.635,45.895
C/2017 E1 (Borisov),2017,pre2018,0.901,1.0026,116.0,183.0,nan,0.3460344827597447,0,115.958,-6.668
C/2017 E3 (PANSTARRS),2017,pre2018,5.927,1.0127,2380.0,632.0,nan,nan,1,31.71,24.152
C/2017 E4 (Lovejoy),2017,pre2018,0.494,0.999,46.0,642.0,nan,0.9850000000012148,0,76.402,-86.7
C/2017 E5 (Lemmon),2017,pre2018,1.783,0.9956,645.0,112.0,nan,0.4556434108529153,0,62.01,42.418
C/2017 F1 (Lemmon),2017,pre2018,4.5,1.0041,407.0,89.0,nan,nan,1,278.171,-29.981
C/2017 F2 (PANSTARRS),2017,pre2018,6.928,1.0052,705.0,73.0,nan,nan,1,2.178,-28.597
C/2017 G3 (PANSTARRS),2017,pre2018,2.59,0.9911,343.0,155.0,nan,0.023411078716603816,0,27.491,-20.006
C/2017 K1 (PANSTARRS),2017,pre2018,7.286,1.0021,1364.0,138.0,nan,nan,1,41.863,-1.839
C/2017 K2 (PANSTARRS),2017,pre2018,1.797,1.0006,4727.0,3121.0,nan,0.7422741696636305,0,91.892,56.112
C/2017 K5 (PANSTARRS),2017,pre2018,7.68,1.0042,1139.0,116.0,nan,nan,1,101.257,-8.204
C/2017 K6 (Jacques),2017,pre2018,2.003,0.9982,626.0,475.0,nan,0.35006389776378655,0,226.151,44.312
C/2017 M3 (PANSTARRS),2017,pre2018,4.656,0.9732,356.0,65.0,nan,nan,0,336.727,-66.279
C/2017 M4 (ATLAS),2017,pre2018,3.252,1.0011,1628.0,3296.0,nan,nan,1,69.252,-11.885
C/2017 M5 (TOTAS),2017,pre2018,5.99,1.0037,1366.0,461.0,nan,nan,0,129.025,-15.862
C/2017 O1 (ASASSN),2017,pre2018,1.499,0.9964,601.0,2877.0,nan,0.14607321131453785,0,222.157,-13.22
C/2017 P2 (PANSTARRS),2017,pre2018,2.462,0.998,307.0,50.0,nan,0.3731596091207032,0,130.3,-34.597
C/2017 S3 (PANSTARRS),2017,pre2018,0.208,1.0001,351.0,986.0,nan,1.0,0,139.032,73.292
C/2017 S6 (Catalina),2017,pre2018,1.543,1.0014,337.0,247.0,nan,1.0,1,172.836,-18.943
C/2017 S7 (Lemmon),2017,pre2018,7.614,1.0025,1056.0,157.0,nan,nan,0,258.413,6.402
C/2017 T1 (Heinze),2017,pre2018,0.581,1.0003,262.0,1005.0,nan,0.5599618320609265,0,146.737,-80.289
C/2017 T2 (PANSTARRS),2017,pre2018,1.615,0.9997,1434.0,6929.0,nan,0.6715132496514549,1,339.892,-57.109
C/2017 T3 (ATLAS),2017,pre2018,0.825,0.9994,535.0,542.0,nan,0.5815887850465549,0,234.509,66.817
C/2017 U2 (Fuls),2017,pre2018,6.701,1.0,416.0,59.0,nan,nan,0,153.13,-32.108
C/2017 U4 (PANSTARRS),2017,pre2018,7.724,1.003,1150.0,85.0,nan,nan,0,265.4,-7.575
C/2017 U7 (PANSTARRS),2017,pre2018,6.418,1.0016,1811.0,915.0,nan,nan,0,124.364,19.799
C/2017 Y1 (PANSTARRS),2017,pre2018,3.719,0.999,480.0,92.0,nan,nan,0,277.345,-35.907
C/2017 Y2 (PANSTARRS),2017,pre2018,4.632,1.001,1680.0,961.0,nan,nan,0,87.317,-24.633
