cat_d_in,cat_d_out,cat_daa,cat_denc,cat_drot,cat_i,cat_q,cat_theta,del_e,del_i,del_pdeg,del_q,des,desig,fit_all_n,fit_all_rms,n_in,n_obs,n_out,ng,our_d_in,our_d_in_leg,our_d_out,our_d_out_leg,our_daa,our_ddirf,our_denc,our_drot,our_dtau,our_e,our_i,our_om,our_q,our_theta,our_w,tp_jd,xarc_rms_in2out,yr
0.24223230014259564,0.09805746604690928,-680.2200282517188,2.492242658815642,0.1456404328712041,139.56,3.277,92.661210248976,0.00024064238006271665,-0.0007181180300506185,0.0023326904686664157,2.360644703713888e-06,C/2018 A3,C/2018 A3 (ATLAS),1530,0.41878251627381013,887,1605,718,False,0.24211896289586884,0.24202233245161808,0.09764871952600714,0.09768661452789072,-680.3815674102098,0.1456180500692866,1.0590789779994976,0.14569981243509458,9.909709996031529,0.993633748500836,139.56126463665825,194.2840275243224,3.2767175533550437,92.65879859925433,86.42776787684994,2458496.363498441,9.421174690149655,2018.0
0.05273418814402996,0.04918959611538045,-14.240698816270367,2.6854978807417234,0.09402382803225755,162.42,5.117,137.04647149309898,0.00010406704071530548,-0.00022900119526525486,0.011586390901829674,0.0001684126902432581,C/2018 B1,C/2018 B1 (Lemmon),309,0.5181912254147586,86,320,234,False,0.06052991163590331,0.06120693491569365,0.038227430999200375,0.037432856006936584,-14.23128464687025,0.09407992259447491,2.499818294139745,0.09403856559241436,5.104892373279456,1.0030734071366203,162.42334042416314,133.16211389920426,5.116886389252587,137.04951463136916,68.3542207403534,2458207.94439053,1.2621265759528235,2018.0
0.1347170808019858,0.2895654804014821,347.7872383568217,3.445842486745284,0.42367435427984274,34.45,1.957,19.372920814779945,1.8583731940191583e-05,0.00028248105105888044,0.0006504312582877718,-2.7398129203159982e-06,C/2018 C2,C/2018 C2 (Lemmon),1546,0.24535373670957272,990,1657,667,False,0.1352381755277649,0.13576914375929997,0.2889107393954581,0.28981399392893725,347.7747777153551,0.42497767791323526,3.061366511852118,0.4235422763344805,37.173673191404426,1.0018251410270902,34.45367577888342,91.13920098763575,1.9565097603406496,19.373829897752447,134.13826138903823,2458271.7239238825,0.4788511342427658,2018.0
0.08914030329188857,0.048468188410761046,90.88102151165333,1.7833054966427917,0.07596184391016399,97.74,3.922,104.89299681978721,-0.0001944060389270641,-0.0003203833163922809,0.00716047759036964,6.658784116631011e-05,C/2018 E2,C/2018 E2 (Barros),62,0.6064602835357781,4,62,58,False,0.09117019123099787,,0.04328728430952324,,90.90800570301224,,2.5106647241060718,0.07590307755234345,4.707723104140567,0.9974063150348567,97.74219221787908,67.20421182118206,3.9223509697348264,104.89278067932253,277.47451361947407,2458111.185789697,,2018.0
0.17205040680460207,0.13613288954907085,45.46203279985366,3.7061125227440006,0.24716640237470322,84.69,1.557,60.89960091324128,1.3612806939788946e-05,-5.419620111979384e-05,0.0016684136252247215,3.6379443186795868e-06,C/2018 EF9,C/2018 EF9 (Lemmon),181,0.6096351519465801,157,185,28,False,0.16999712459946947,0.16681242000279134,0.13830039249909662,0.12862544274214294,45.66192894618598,0.21162115264635095,4.095120157824039,0.24708359453028614,24.33448077761004,0.997587785026787,84.69439860484115,172.57789573180534,1.5566362169767787,60.89982437868634,72.61825931728458,2458261.6283815675,3.800722519894996,2018.0
0.31199549904133894,0.32612223715487276,8.614044904637922,3.016804374970756,0.6162156034404985,46.07,2.993,38.73133477792548,0.00012544232018152357,0.003515640734065073,0.002164656869794606,1.155754292758715e-05,C/2018 F1,C/2018 F1 (Grauer),185,0.5382249377020999,170,191,21,False,0.3154175492534843,0.31382316402975363,0.3224120933361319,0.32461277764959273,8.817488670624698,0.6164891409915172,3.3400475317197333,0.6161712583229101,43.874497383662415,0.9908361343253252,46.074134866464426,177.29821232430453,2.9930599881573876,38.72908488038073,71.61746311929659,2458466.579960072,7.33901002993445,2018.0
0.1424355987989534,0.21880350319125977,386.2078204112422,2.625751726866471,0.35852976456230123,136.67,3.627,46.747706791297325,0.0012359563438899546,0.018322906984792553,0.04890214198403312,0.000766595911123602,C/2018 KJ3,C/2018 KJ3 (Lemmon),207,0.45193019825614195,210,213,3,False,0.18555553118304302,,0.173166955767354,,386.26430496892067,,3.4017906259265196,0.3585391788034689,23.136340377503572,0.9970502968638496,136.6856511280521,91.58523231556455,3.6279634844819606,46.74813688494406,217.66072295051623,2458736.4817412756,,2018.0
0.2510232995647231,0.04744234400518461,-445.8171713347383,3.4742485107458827,0.29207459720955514,67.42,1.712,60.4976770351991,0.00017698008495903306,-0.00038541366939170985,0.0028626297540167837,-9.130401986023884e-06,C/2018 L2,C/2018 L2 (ATLAS),719,0.5361490244665966,409,738,329,True,0.25346986666568455,0.25230873153084765,0.04526119595835343,0.04555647287112759,-445.85169539079925,0.2913492199137245,3.4839032559416934,0.2920332206898233,27.459505275674818,0.9931582777241729,67.42320475947835,243.01825008590174,1.711701867019513,60.49513176421776,56.2279757665536,2458455.080503253,4.208315854078896,2018.0
0.11651936702000351,0.11013948508321204,-472.3653261879185,3.521675623537307,0.22320517540666224,159.44,1.307,84.02123987415142,0.00014551033740850539,0.0003877908694391863,0.0037379285175677375,2.8564900630412282e-05,C/2018 N1,C/2018 N1 (NEOWISE),260,0.7839230054620601,196,289,93,False,0.11967091592193078,0.12079537346788514,0.10727490940355965,0.10787343365879667,-472.3701057443459,0.22490642700013835,3.275850634052517,0.22324267182426524,23.990222102619917,0.9970471899920037,159.44471876724455,292.4373959245082,1.3074106338853484,84.02165477961503,354.5539544245863,2458332.4827790805,1.8881481383453371,2018.0
0.13644777457869522,0.10620488357186808,-599.906621921401,3.4596369005432956,0.030593419510677785,77.53,3.125,143.0023410327675,-1.9386396468146216e-05,-0.0013547293975761932,0.002049301327258681,4.241438969154743e-05,C/2018 N2,C/2018 N2 (ASASSN),4553,0.6523563755160701,2512,4658,2146,False,0.1379679786817579,0.13957134845178462,0.10777308853366216,0.10629992745912421,-599.9703453840466,0.034066359813580624,2.7884610866307873,0.03060140951087661,2.1257806997760986,1.0001641802368069,77.52868859499581,25.25488753774998,3.1247011244412346,143.00431528693161,24.39793512465224,2458798.464221954,68.3682528695952,2018.0
0.08116963146835458,0.10056091039032176,71.05178634931576,2.935563840572715,0.11586077032627554,69.72,1.291,87.90868041251548,0.00010834398362025155,-0.000606806664876558,0.001007893672678219,9.20964183870332e-06,C/2018 R3,C/2018 R3 (Lemmon),276,0.8504331774028426,232,278,46,False,0.07963511089814714,0.08144034859053445,0.10040116726198259,0.10007906833043706,70.92122283096342,0.11862577047425359,4.254687900025205,0.11584094982703061,12.520147420676912,0.9994532493090881,69.71480331080872,324.62515553172534,1.2906112879544767,87.91704529785457,112.87526279629046,2458641.698118298,6.717028353490947,2018.0
0.6024057529588057,0.008412478652862803,-2011.0330560160305,1.8994363393785603,0.594081802474753,11.68,1.709,71.77589872305008,-3.7833970909062486e-05,4.799633904006839e-05,0.0018311557792054858,-2.618164812151491e-05,C/2018 R4,C/2018 R4 (Fuls),113,0.5567374621412602,0,116,116,False,0.6040988199866126,,0.009963901535628351,,-2011.035618695882,,1.948795078451801,0.5941467161085617,55.92321662368952,0.994320949140172,11.68208242957173,298.4614172088946,1.7091875313531015,71.77554297606885,345.146013175333,2458181.166095364,,2018.0
0.0905626442103054,0.12451640163778319,196.6620577817405,4.351971999464526,0.1470666973881859,108.3,4.994,43.0383572156267,0.00039849949199477486,-0.0035427892608907996,0.01454560466327267,-0.0005127089720220468,C/2018 U1,C/2018 U1 (Lemmon),2414,0.4552312161408871,2294,2492,198,False,0.0894737191665423,0.08952336818632907,0.1398672454270989,0.14056732732560973,196.674332431829,0.14824517616389177,3.67289578161211,0.14705631315699894,8.079607420454614,1.0012054777570998,108.29783604187541,75.47982183384615,4.993360633646603,43.035428027707574,180.43567212989257,2459521.305011768,1.1542090700364616,2018.0
0.11008688878640308,0.1660739022393499,-557.9384674816754,2.909547042873017,0.05637238394029016,143.99,0.387,130.73799557611065,8.17070480447768e-05,-0.0009962295858372272,0.0018662115487727041,-1.2214461486137473e-06,C/2018 V1,C/2018 V1 (Machholz-Fujikawa-Iwamoto),716,0.7223279298322994,739,766,27,False,0.11036491061673094,0.10917743455747794,0.1664008345100419,0.1586534229914075,-557.9831909950243,0.05351591946605935,2.9900104778176018,0.05638698802203825,11.127738855417347,1.0004723137978018,143.98696335963905,128.72348388443038,0.38695372602063877,130.73498830872418,88.77447330974412,2458456.008101698,5.806254275878356,2018.0
0.05179997476729298,0.047970622928098804,-10.570615933198496,3.7122427562101104,0.09785829455143708,69.0,3.199,134.1140703780066,-8.306957692383321e-06,-5.0524135801310877e-05,0.00018302043025832595,-2.27201343117045e-06,C/2018 V4,C/2018 V4 (Africano),158,0.6462494797833069,163,163,0,False,0.05193248827753643,,0.04775054996295074,,-10.534767434759488,,3.7373629031613045,0.09785835060590684,6.7429728970268625,0.9848200422183402,68.99893663209401,78.38433017248997,3.198874681229988,134.11128226764995,0.008212181781691768,2458544.1927798777,,2018.0
0.10452121613392493,0.10403979459675497,-821.3170092549099,3.9219870977408546,0.06515190831101188,116.62,1.455,141.03599556953534,4.4925641615067846e-05,-0.00010956967227571113,0.001227991999184843,6.884660074701898e-06,C/2018 W2,C/2018 W2 (Africano),1980,0.5748470226524351,1000,2040,1040,False,0.10346426185675554,0.1032268811752115,0.10381655239772562,0.10313155443252252,-821.4397569670227,0.06675831811731568,4.4719613072182485,0.06513523258237323,6.630992053562522,1.0008045830832821,116.61566097678792,181.84967032778633,1.4546746013433167,141.03548200129114,157.9741708671026,2458732.229161951,6.96466944537953,2018.0
0.11347102033872705,0.09596576558053452,851.6968429512126,2.002229111735008,0.07083210033347472,23.07,2.126,68.88329825534235,-0.000118431956033338,0.0008705471930703368,0.0011847926363662137,2.5423107887334595e-05,C/2018 X2,C/2018 X2 (Fitzsimmons),388,0.6355677918544533,394,397,3,False,0.11527057964182309,,0.09699907268038269,,851.6810395306857,,3.0341485249824074,0.07083132998706192,5.983394769138741,0.9861617916806157,23.06910442029539,340.82994419529365,2.1259045321996854,68.88382883823348,162.05075829992043,2458673.0348631535,,2018.0
0.09141214833198073,0.041391303791502236,819.8720952307849,3.5351457381933904,0.10709959965054756,160.4,1.287,65.63097548196765,0.00010525549174988935,0.0005056779202732287,0.0015784095815935917,4.763896080728358e-06,C/2018 Y1,C/2018 Y1 (Iwamoto),2735,0.7801580870114543,620,2846,2226,False,0.09150319285555016,0.09162195890793672,0.0423735243819392,0.04357138546500322,819.8896193480623,0.1079935573977678,2.2297185274299225,0.10711524395411101,11.617161327261817,0.9911845299940815,160.40404237718457,147.4854167498302,1.2869992102953527,65.6256793827199,358.0604091185802,2458521.530622351,7.422203125032771,2018.0
0.07316249858041414,0.03476591330223744,437.36133576463,4.065900185319563,0.07444992211485947,123.36,1.597,99.45936270640796,-0.00011896053124260675,-0.0005100621943938677,0.0018413150401791589,-1.8046992274145524e-05,C/2019 B1,C/2019 B1 (Africano),151,0.6379770810955525,149,160,11,False,0.07316022481716161,,0.03475911571335411,,437.30771781073054,,4.0636795340917935,0.07444822687635758,7.2512600805807965,0.9896042725228722,123.3620759323315,290.43305937029265,1.5972732680031267,99.45993069052304,174.88496575260012,2458562.4227090827,,2019.0
0.055905745998943705,0.050389306056309445,-103.79243772230325,3.1571388848361353,0.022269163406734526,66.54,6.823,84.13463187052723,5.693653193294956e-05,2.16263542966999e-05,0.0006132325909615776,4.462314213515839e-05,C/2019 B3,C/2019 B3 (PANSTARRS),289,0.4169766466330208,105,299,194,False,0.056412405695209035,0.058176919217926545,0.05056078541819795,0.05052431810759965,-103.79173655351588,0.025425689416999395,3.139864771155446,0.022270140835712573,1.0473576219469305,1.002161091460335,66.53621314627745,358.4320974981739,6.8230669425313595,84.13556957178523,263.9225522281885,2459234.6856229203,4.951522681196556,2019.0
0.08658059619935932,0.08571898385883421,384.74671852991355,6.020119377688244,0.01002082302420638,36.02,6.581,50.552378971368825,3.681892687412702e-05,-0.0002722527731364721,2.8605941763532157e-05,1.3239418334975994e-06,C/2019 C1,C/2019 C1 (ATLAS),722,0.5103055699369494,432,749,317,False,0.08632614572932326,0.08565478495859052,0.08546791331303864,0.08608089391933298,384.71133704681995,0.009427254314944901,5.972372901110593,0.01002682105674337,0.4806082284073271,0.9921356943011169,36.01621670607114,212.39765212574162,6.58132171211216,50.55386014227474,319.18933510984937,2458975.2243494224,1.068071710343107,2019.0
2.407441873655948,0.019104262845796402,3257.0886278360795,0.9641800352878708,2.4247360760416847,34.1,1.578,80.92796492200969,-8.571238098609157e-06,5.744627529935542e-05,0.0009063674173711946,1.4556806283927415e-05,C/2019 D1,C/2019 D1 (Flewelling),762,0.6783399468462223,247,799,552,False,1.550343220768975,1.3046016204630413,0.020027097556834163,0.020572684245764025,1746.4587840723698,1.3249984716217422,1.0672162122479096,1.5665233617149,153.46870208853628,0.9885406943910576,34.09842945904495,231.71770487432565,1.5775694940061709,80.15188713176427,70.47841812515206,2458615.3422697736,10.522218457014406,2019.0
0.04640864716144972,0.029414483905164872,28.234542898281468,8.265090590138337,0.023266856606348543,84.3,10.313,105.92350490999424,0.0042983213977949575,-0.03719858453665381,0.10940935988414259,0.0039319169965157386,C/2019 E3,C/2019 E3 (ATLAS),1030,0.4972798046575142,674,1063,389,False,0.13696057839268144,0.13798221551471085,0.11441025555324537,0.11257443868727836,28.23115824337727,0.026155430768636426,8.349799321836477,0.023258632229822305,0.8889908555976911,1.005237025359177,84.26031295055363,347.20227555601434,10.317316690602235,105.91959019111307,280.571772212522,2460262.9053791366,0.9963113522915575,2019.0
0.17940836719232928,0.14492691292352183,118.08633341298935,2.677857234082567,0.20927744054786088,54.18,3.596,84.58667716920644,0.00031287944628322073,-0.0015484590589380787,0.01976804822592706,-0.00014184428545638283,C/2019 F1,C/2019 F1 (ATLAS-Africano),1927,0.7679887546899247,1354,1951,597,True,0.15940787998676853,0.16158985124889222,0.1510882965118025,0.15240181012372317,118.05286032177509,0.2141060596339929,2.8110580529173186,0.20925687297474282,13.547621167727307,1.0038018640042092,54.174159399501185,38.723614859769114,3.5957721919200196,84.58594008823657,251.1351254674735,2459388.294103586,8.061400011236454,2019.0
0.3656909300794765,0.06652589638210729,-275.4575635081519,2.0025159866464968,0.29939697437809915,159.21,2.291,83.68442403843791,9.927487445016148e-05,7.510880018912758e-05,0.0013069555827080579,2.7442642601460676e-05,C/2019 G2,C/2019 G2 (PANSTARRS),123,0.471072919446059,70,123,53,False,0.36542560270034957,0.3654411283187018,0.06640007989443505,0.06662386964478523,-275.9271086468443,0.29901468116821384,2.7346049790125293,0.2993158693513091,24.311764550139753,0.996823862010953,159.21153398857308,208.14391074952005,2.2913724349455684,83.68481839744659,82.65323501492942,2458827.5676252022,0.9883339936929584,2019.0
0.15995215157638204,0.11116063308248961,-71.30338874033532,4.16997471773789,0.27023190746042947,104.58,1.845,48.35446729439027,3.635892862630108e-05,-0.0013203991114068003,0.004579735496847268,-9.703708703234781e-06,C/2019 H1,C/2019 H1 (NEOWISE),151,0.7279609200661595,40,155,115,False,0.15644400974715528,0.15944997461234775,0.1144008170068263,0.11811020164220219,-71.2689760170897,0.2771345965437084,3.5489510155145045,0.2702186268241894,24.47697335119761,0.9922304481225201,104.57886445907619,269.1861569759571,1.8447743664736298,48.349813335266255,19.287256760621368,2458601.236598367,4.01359064225107,2019.0
0.10420840200574619,0.13332353950297202,215.6912976927954,3.7890377787002025,0.18821457668831734,105.14,1.727,66.5070677258405,-0.0003490809693380559,0.0016915650943474247,0.0055043073622199935,-9.19759142130605e-05,C/2019 J2,C/2019 J2 (Palomar),166,0.9645053314443661,166,177,11,False,0.10404032559704333,,0.13352218869609267,,215.79636485484934,,3.8516065786307423,0.1882753697391483,17.60029941095681,0.9973248645283198,105.13743539498965,25.470008031957132,1.726909827516729,66.50621820185124,98.70126737071419,2458684.215044387,,2019.0
0.15871411087922993,0.1459715385826704,112.3778362277392,4.0789626731229776,0.3045936500171504,131.41,2.374,44.09797922652548,-0.000575764901122211,-0.0013458570696514016,0.003924222733438366,-8.881571610075412e-05,C/2019 J3,C/2019 J3 (ATLAS),261,0.5985612663770241,248,273,25,True,0.1669569704200805,0.1661924719270088,0.13765550162059953,0.15161685893128501,112.39622997943053,0.3177333455180011,3.170923402999448,0.30459272220245603,24.275056060066476,1.000102182786193,131.41356166408795,270.5172732333999,2.373432894668034,44.08925213403222,16.548671530209866,2458697.389876596,4.490694116946919,2019.0
0.13154953205011613,0.13728809874735015,-76.45968948999018,3.703604806746396,0.26015176545624447,148.29,2.046,67.82349321684791,-0.0002057140514922784,0.00021390905746443423,0.0024740045922977635,-3.1289806598611136e-05,C/2019 JU6,C/2019 JU6 (ATLAS),76,0.504354054877642,70,77,7,False,0.13155923292011054,,0.13728528691009018,,-76.50115105340456,,3.6898871941320426,0.26017086906899456,22.33766846178945,0.9991915742575264,148.29189037223347,21.702884136067095,2.0457359817265854,67.82998439009607,94.916100553825,2458635.5624686605,,2019.0
0.4956554569507152,0.0052936248504669315,102.27302517651543,2.816177880063003,0.4914362588909,87.16,2.013,101.80975987175826,-0.0007502488632746829,-0.008629634223566995,0.02622139676227922,-0.000133682641641375,C/2019 K1,C/2019 K1 (ATLAS),290,0.6365278882763575,274,307,33,False,0.46892071930418733,0.4688888323082597,0.02493277295049902,0.0352329112388424,101.66038459668033,0.5019502339886547,1.2052213639219291,0.49144766942135654,42.53658631917629,0.9998116145877833,87.14871850070975,73.37489348941494,2.0126043917634715,101.81178413715608,265.7073476679573,2458892.3711578543,2.954729077249589,2019.0
0.1123972029172721,0.10631049856622882,-618.868377182137,4.068511976545494,0.07128668539678265,105.31,2.259,124.88278583169425,-3.284959815796906e-05,-0.00023671483265275128,0.0012721024841680932,-2.0247411376850266e-05,C/2019 K4,C/2019 K4 (Ye),597,0.5405947264398887,93,612,519,False,0.11252944093064805,0.11647701496016842,0.10623223284518354,0.1060110248560073,-618.780540734985,0.058687842019793365,4.188914677200319,0.07131198089960908,5.8290895989647735,0.9990284481869022,105.30503698120405,180.16513276024878,2.259397202150084,124.8796993159848,139.7708920967025,2458650.9192909016,89.81323494374173,2019.0
0.09927626705091563,0.11497564316060079,-549.3945386671785,2.945701879078651,0.11467922891510944,15.32,2.035,136.2358785227833,-6.317430414559677e-05,0.00021652233043845115,0.0056606378758543826,-5.731125692243211e-06,C/2019 K5,C/2019 K5 (Young),697,0.4191891363264378,154,721,567,False,0.10108535840215412,0.10153500717942186,0.12057075072145507,0.11967821829379395,-549.1021100952339,0.11353165360123542,2.4927790500500864,0.11471040822051293,9.906652969805071,0.9864717040564435,15.31559782612588,177.18857195810932,2.035041304032952,136.23099766213454,174.91079969887903,2458657.2514443244,0.8447611400189022,2019.0
0.12859008211208023,0.10972021867538101,185.96977721340318,4.036883261359473,0.207576029572301,132.39,3.929,18.943456214077266,-0.00014489857820754182,-0.0209236107675963,0.027448777370980608,-0.000339519385190723,C/2019 K6,C/2019 K6 (PANSTARRS),352,0.5217859340007746,339,370,31,False,0.12470213958165369,0.12402732937966356,0.1371015886714598,0.12848552826475185,185.97455097640432,0.19786519942637276,3.2626101885251235,0.20756578526130756,12.86899238834015,0.9974196882140368,132.3733936891136,42.94006277598868,3.9286346114163164,18.94079875837793,187.61219931356766,2458989.522673412,2.074888678879429,2019.0
0.14380115738794017,0.1305112094420222,364.2602035630304,2.6598144521945466,0.2701012771504513,103.54,4.475,81.58449351757774,5.5126435648311656e-05,-6.472113042832461e-06,0.00017895711959568713,3.381232205601492e-05,C/2019 K7,C/2019 K7 (Smith),2676,0.5764091147825392,625,2758,2133,False,0.14436728160701318,0.14497821302537217,0.12995004474990463,0.13108767446136413,364.34654281269434,0.27188292631939187,2.715341350311878,0.2700879538437535,15.673942224882838,1.0000417022389116,103.54193937917586,307.92909465146175,4.47522275292134,81.5833979869557,27.308233414196074,2459017.4742999594,29.611910072503882,2019.0
0.10414878120384462,0.05731743125589761,-158.48378985063061,3.407004523558039,0.12841370463308846,93.22,3.195,72.900410886399,0.0001652956184984289,0.00019285214254693983,0.005701206138899863,3.3272520423288654e-05,C/2019 K8,C/2019 K8 (ATLAS),523,0.4941101082239353,424,542,118,False,0.09761605981617642,0.09254732821653897,0.06048133252053845,0.05987863919415012,-158.423189485477,0.12231359270190215,3.9928130785197187,0.12840944660201065,8.825608136000582,0.997895922602054,93.22234786487935,291.0453188761973,3.1950815513799764,72.89842186143366,85.35847501551015,2458685.719646147,2.1528865188269695,2019.0
0.11674950229899293,0.12155340388258518,-755.6264331368703,3.978402691953934,0.06437301263750503,48.36,3.554,106.61553889420495,0.0003900982972735445,-0.005091662828988319,0.0033639320868531033,2.8634673109095843e-05,C/2019 L3,C/2019 L3 (ATLAS),6386,0.6700469268599599,3665,6496,2831,False,0.11913530524289298,0.12051142099108028,0.1242878910227468,0.12164499707605217,-755.5009713689392,0.06257583961532419,3.6734362038775243,0.06436395367977603,4.191118810815812,1.0017953738030696,48.35865531997036,290.7892863641221,3.554521336981781,106.61476849037456,171.6101054908082,2459589.132623246,19.730725110880808,2019.0
0.14718663465021625,0.24762952220493362,213.986389878541,3.21208200275478,0.290578961805289,99.44,2.418,84.24891146607708,-2.156110555784352e-05,-6.419457322692779e-05,0.0005914542320718025,2.5778583076618844e-05,C/2019 M3,C/2019 M3 (ATLAS),326,0.46701493037772485,0,341,341,False,0.14685331412849428,,0.24811430480414956,,214.1906693191433,,2.88977300704132,0.2905861948449563,22.942263861558214,1.002193139955197,99.43623082423676,154.89630710965994,2.4178349313582834,84.24365478433185,87.93564674210363,2458486.551781173,,2019.0
0.1022180752872493,0.12837668255909016,964.2931947984064,2.5029070587355373,0.07993335903562496,82.42,1.705,32.1224731559489,0.00015168496503070727,0.002984572500807303,0.004073248843963762,4.745179388043752e-05,C/2019 N1,C/2019 N1 (ATLAS),1470,1.0397646906390503,1394,1563,169,True,0.10485598259690364,0.1001808987281491,0.12678823401230724,0.12861054487735885,964.292494452975,0.07530701909014194,4.060783077083654,0.07992012263972072,7.514490711294452,1.000022299226567,82.4277891189752,13.573180685231357,1.7046751016738044,32.118327721628134,193.4459429164339,2459185.307829807,21.889758637369834,2019.0
0.12085462173334262,0.049724096624649015,-27.48889976381961,4.481013228293858,0.1502555021338819,99.44,4.362,100.70621950076509,-2.0685192616998194e-05,0.000579913266847143,0.0026298669936484233,-4.050809434552605e-05,C/2019 NJ3,C/2019 NJ3 (Lemmon),69,0.4198830879014062,59,72,13,False,0.11815027908465,0.11807372131518931,0.051631886783931595,0.03986328743649639,-27.55569635140132,0.12256155696218955,4.531722369649218,0.15024212559749908,8.83167623551852,1.000915299307313,99.43628240880024,142.4523251382026,4.361887017733806,100.71013783962627,246.8154824658781,2459144.599682958,1.2173329888088205,2019.0
0.07327538119619714,0.1253435295467535,108.05478462660598,4.950809892664122,0.05211782807763729,89.82,8.82,77.11623813572028,-3.2401318932340217e-06,2.0863825255901247e-05,0.0004256018858195041,1.5679295612969213e-05,C/2019 O3,C/2019 O3 (Palomar),2241,0.4791341627303193,504,2310,1806,False,0.07341031196508851,0.07434797652131372,0.12548226322316858,0.12773639142368254,108.06526425191895,0.05343436984981557,4.9542103429625834,0.05212159728622332,2.154701828592915,1.0035944522733107,89.81878526954536,300.39221208020854,8.820027977579683,77.11859535606852,60.09646064851241,2459282.393876943,1.4971607400342541,2019.0
0.15133503856018754,0.06373908036015684,-104.9957528139539,2.281940422966723,0.15146830828544186,155.72,4.997,124.62248549371984,7.682142525444746e-05,0.00026796506290338584,0.0027806637982758,4.7372043076698844e-05,C/2019 Q1,C/2019 Q1 (Lemmon),239,0.42785722952888083,161,249,88,False,0.1542914005770331,0.15421374309168082,0.06406829797836584,0.06393195521536123,-104.98788414644174,0.15228934360983468,2.3731889466448415,0.15145750125096522,8.317977384223889,1.0010055056528175,155.7221377479342,42.33918816991103,4.997132756756896,124.62385973730024,55.9154683285094,2459050.146830683,0.6395428135281079,2019.0
0.1116622968023371,0.10583186871398953,66.0395318549171,6.043611706079157,0.18984602701940043,65.54,7.25,98.05998352466118,0.00011081180721417283,-0.010126972883185204,0.05042394262348583,-0.002025142339634911,C/2019 Q3,C/2019 Q3 (PANSTARRS),83,0.22416451327742454,0,86,86,False,0.11302211074871288,,0.10444516843903397,,66.0729812052997,,6.071432594820026,0.18991696990930748,8.660098584061203,1.0048143541048322,65.52812144717362,151.32569722287346,7.248277323848829,98.01426476937289,152.57494623140033,2458351.288956426,,2019.0
0.08303534641456181,0.046321770481488694,106.87866213488451,3.532250169333861,0.06415169694796334,92.03,3.442,94.23497420901188,-0.0002756028920820608,-0.00020385738123707142,0.005282360383496402,7.218709928746847e-05,C/2019 S4,C/2019 S4 (Lemmon),261,0.49168494456045225,79,272,193,False,0.08157046073637175,0.08243958124270265,0.050035801035217625,0.049915727635037266,106.9344575817895,0.06550357676684071,3.7945530310229,0.06415274213067786,4.260148132084923,0.9855427321428373,92.02505521153435,63.166109637151116,3.4418049387409613,94.22966127559037,71.35959083868028,2458947.436999785,3.001058813173305,2019.0
0.1723397741966602,0.09185220632471994,16.42424132094675,3.496381694905522,0.24920311393690062,111.49,2.646,100.22279925111556,-0.00015882591597560225,0.0009049083386258872,0.006848284641652362,5.590259805732245e-05,C/2019 T2,C/2019 T2 (Lemmon),839,0.6023020468033331,746,849,103,True,0.16470012988111984,0.16328513750691295,0.09806136242333513,0.098344516076788,16.3906173140183,0.24806468242197827,2.566375509660113,0.2491958707142638,18.81634551900108,0.9985630211445727,111.48899961965682,155.64296877027758,2.6459490333411875,100.22755299698788,239.39358363787136,2459326.772839667,4.819128484264296,2019.0
0.09895384378557473,0.037230462908090366,-247.13976141015394,2.296415665539137,0.09300254369954712,121.86,5.947,112.37685949100309,7.422655463418248e-05,9.237962004249312e-06,0.005954787068633302,-8.856924599065508e-06,C/2019 T3,C/2019 T3 (ATLAS),1805,0.6294953119301233,749,1837,1088,False,0.1051441398337784,0.10661867049927862,0.03924770350157958,0.03846121054706748,-247.16759674101883,0.0965071710639875,2.3265570369042523,0.09300635256647036,4.6864118335505,0.9981902910033773,121.86223509325461,139.52080106059506,5.946562577672216,112.3788238083776,112.28173687946195,2459276.316375301,1.8051219266380598,2019.0
0.08014229894799028,0.059290481589878354,308.06212738283125,3.697976433107593,0.10349132514790306,53.63,4.242,27.864555092254623,0.00025119716968524664,-0.003576651770714534,0.023745816545591204,0.00032299324797957496,C/2019 T4,C/2019 T4 (ATLAS),5326,0.5044107832455049,1573,5465,3892,False,0.10246231980919626,0.10037247824816647,0.05937294492945177,0.0596970773896169,307.9909897885718,0.10037313576063685,4.258970676987737,0.10348677010446437,6.172650320365702,0.9958722968461662,53.62858836112895,199.93897150323858,4.2424705158876925,27.8662378344429,351.2013521268041,2459739.4892589976,5.382598543758834,2019.0
0.02727203750151582,0.03218259769709226,-56.3495117581133,3.271585241094916,0.056489251362600024,113.52,3.624,34.79055178402365,0.00011249804011548292,-6.62683663676944e-05,0.00673668692834688,0.00013308391267186082,C/2019 U5,C/2019 U5 (PANSTARRS),5329,0.6119284738458229,3637,5392,1755,True,0.02315374133257106,0.02218517006726381,0.037754337336259776,0.035411822189464676,-56.36465789954737,0.052835082021541774,3.8323433074995816,0.0564816861489268,3.642324427151721,1.0015440096817434,113.52114106477923,2.637162176130109,3.624200201562826,34.79145918380257,181.50217746637722,2460033.4094738723,3.5425330213672646,2019.0
0.1069485247027086,0.2128139007119381,1224.2689526639474,4.296031325392289,0.13281547822180892,61.0,0.914,39.61685750966101,9.364542906409312e-05,0.002381417427372412,0.005839498260518349,6.0571821907662304e-05,C/2019 U6,C/2019 U6 (Lemmon),1021,0.7959858415437239,485,1145,660,False,0.10791174261558353,0.10559364977251119,0.21144488078304172,0.21201389276071808,1224.2113182485487,0.1366246231586293,2.6510073837696955,0.1328144295849152,17.05924803131328,0.997996834185742,61.00372003913621,235.7070215763636,0.9143246397201769,39.61860725047091,329.653018289742,2459019.321816983,13.286718801188556,2019.0
0.07963415727943901,0.016968982754370074,199.59316680992106,3.0467615683718736,0.06284821824732262,61.87,3.097,88.44032021636338,5.1467940894944775e-05,0.0007999126122086864,0.005539768159451452,-0.00018593125087518203,C/2019 V1,C/2019 V1 (Borisov),113,0.806310996888926,114,114,0,False,0.08253987197001036,,0.019817141937979038,,199.5116455016285,,3.166650634823385,0.06284944012440474,4.385214485182454,0.9990753839397453,61.86790836576554,83.20651541631517,3.096871027834118,88.44399473303098,51.213240377387585,2459047.0899021244,,2019.0
0.13203136807539984,0.07691171594964699,-415.6987569193916,4.222525433520889,0.1348031870840955,73.35,0.838,110.52572633247733,3.775969875197127e-05,0.00021217709900156478,0.0006085566034923055,7.617347737021163e-06,C/2019 Y1,C/2019 Y1 (ATLAS),1071,1.636457229008326,259,1110,851,True,0.13253023217152785,0.13496444729749105,0.07657641807081247,0.0720213112051198,-415.77938174757674,0.13069313939508692,4.1758130383334935,0.13479508983681393,18.09595685609892,0.9965455430279345,73.34834802221378,31.36609754623093,0.8378314344474131,110.52730944847723,57.49876791803739,2458924.063688913,10632.76497061711,2019.0
0.05995774631776654,0.04642414811941344,-259.05947388522577,4.771742594869935,0.03299818035535449,82.83,4.914,136.80869373773794,3.359414891235257e-05,-0.0014691690721804207,0.0016076376314115685,4.679706432320074e-05,C/2019 Y5,C/2019 Y5 (PANSTARRS),68,0.2772596107638855,0,70,70,False,0.06080953992786832,,0.04756633766126585,,-259.000771407201,,4.7360302938999395,0.03301829219466928,1.8328380731103564,0.9939524476410836,82.83114571232835,51.7780558251204,4.914489682579554,136.80902397549895,303.5015146606838,2458713.672594219,,2019.0
0.13538269774976422,0.06828204178561392,179.65279252522896,3.8051724956845057,0.20180572458709042,120.75,0.978,43.07613558386179,0.00016346003190914615,-0.0004174946082287079,0.00638397271504261,5.214014420340529e-05,C/2020 A2,C/2020 A2 (Iwamoto),494,0.7939073169994498,0,525,525,False,0.13517083447388362,,0.06846615224614835,,179.79203715179938,,3.8738251717419483,0.20181493046215596,25.05796995808393,0.999241164585808,120.74971436246857,286.3784699929762,0.9780640254902566,43.07615364085756,68.21510403697684,2458856.8206368983,,2020.0
0.04186871481969855,0.13104249693650544,170.2281070355741,3.0609906826633737,0.10844621359002894,146.7,5.767,46.33576782642782,-1.8016344158211517e-05,-0.00022197694991632488,0.02767468021702393,3.476709756000673e-05,C/2020 A3,C/2020 A3 (ATLAS),91,0.4707339402527188,18,94,76,False,0.03474455284437905,0.03524119420638719,0.1030021058760937,0.10188066300306987,170.23639173031515,0.11004287312238836,4.144818490517931,0.10845122006225891,5.546077392190586,0.9988846365190446,146.7000531196973,120.79187883399374,5.766841409857766,46.335467208900475,268.38184625774255,2458663.357356835,1.747224655909463,2020.0
0.13831399293196894,0.10065655945052936,840.534809126748,2.779104584582469,0.041834933466445755,20.7,3.344,65.77362485866396,3.927792186886325e-05,-0.0001620219653837296,0.0017517734597164085,-3.9824894586981685e-05,C/2020 B3,C/2020 B3 (Rankin),182,0.5592363600277768,0,187,187,False,0.13808638221363342,,0.10044571377794875,,840.5232314419275,,3.040000217902402,0.041814088671940905,2.8069955675974194,0.9983073242889567,20.701473385030678,185.82464206533007,3.344420030947624,65.76867027524543,325.09051990705984,2458776.390937514,,2020.0
0.13719871637079165,0.0721241005997847,-32.83393147328978,2.902255643356134,0.07117711791376607,163.58,8.817,10.559123735524423,0.0005118230377945121,0.002603821785839955,0.022424239356616738,3.598613968769371e-05,C/2020 F2,C/2020 F2 (ATLAS),1945,0.3768798495722713,1247,2011,764,False,0.11628814204899114,0.11585662300539251,0.049740739137018056,0.05114271271702747,-32.82597954145756,0.06969501391555454,3.401835325595361,0.07117496576893137,2.9430134599718474,1.0053536916035035,163.58630869161854,250.27826566758225,8.817092959970287,10.56299787899281,48.348609856317886,2459776.3988299714,0.6663764373304245,2020.0
0.06882731592898234,0.07433651152409476,-894.6894764772337,4.776915180948346,0.08146719363458953,128.94,0.295,138.81697723904722,1.2819652440598794e-05,-0.003940483089991176,0.002851268979509201,-6.4336992984803665e-06,C/2020 F3,C/2020 F3 (NEOWISE),1319,0.9741211523969576,341,1359,1018,False,0.06626001489591563,0.06698478272443187,0.07245004632288511,0.07622497945723636,-895.0746065577528,0.08094493796275025,3.1543109999513965,0.08145068221601923,18.425733911324084,0.9991908459055698,128.93356227639092,61.01115915955509,0.2946448156816211,138.81574356329483,37.27938027864806,2459034.1788980444,40.60685241594186,2020.0
0.42737890843756976,0.6113045600753663,5867.909253546681,2.956682118251465,0.9527180749372522,52.26,4.325,106.77873193104556,-0.014020054279380245,0.009056936090182433,0.2533146649228487,-0.00173398574157968,C/2020 F5,C/2020 F5 (MASTER),1820,0.5488672961241875,223,1853,1630,False,0.6376705399696543,0.6371226854734356,0.358235049974171,0.3579060812779772,5871.138574485987,0.9522044842577538,2.230688902286117,0.953190397907611,56.31047089000532,0.9810724084124848,52.26597983797398,350.5250094898302,4.323064817826067,106.77440777629499,310.7459453431768,2459295.9277028195,1.8857068592087152,2020.0
0.24257464614915386,0.13416935478047406,572.2986065978848,2.09001905733119,0.37493187283676055,174.58,3.511,16.988723303846292,0.00010699969777450136,0.0002050189376348044,0.006521700740571307,4.795903144305669e-05,C/2020 F6,C/2020 F6 (PANSTARRS),98,0.2097754714148351,26,102,76,False,0.23632020572549656,0.20241025290741782,0.14058372668505864,0.14156499594669994,572.3471764306296,0.34152830091521746,1.2686112065704662,0.374957948007462,24.61958398639138,0.9909113231674116,174.58157830981474,207.8800144491721,3.511091421543957,16.986823404850682,344.5991008330086,2458951.0720601585,9.272430008401106,2020.0
0.030515112282189276,0.024071763742635713,108.50830127922382,5.09336760581476,0.03295894074235198,93.95,5.332,90.77100518311362,-0.0008989941914450128,0.0010169333919947121,0.01864397088796467,0.00034666703938679433,C/2020 F7,C/2020 F7 (Lemmon),597,0.4892266876751015,436,616,180,False,0.03893520270255922,0.03980359257377436,0.041630808155247785,0.04132054068583783,108.47850697700164,0.032154369170119934,5.27002758885702,0.03296285959408659,1.7559980721410227,0.992201048875021,93.95271871336692,321.8857976807307,5.3321618237066915,90.77223204620239,227.9669934863927,2459532.6109123286,1.8627973467336298,2020.0
0.12675920772959193,0.011191495023019308,363.2557193323138,4.290514399642492,0.11683933755183946,110.8,0.43,47.29757129854754,0.00021336808202643276,-0.0018929783441024028,0.004381337168119739,-5.142425420612273e-05,C/2020 F8,C/2020 F8 (SWAN),365,1.0414198647974666,412,412,0,True,0.12354127355885847,,0.0071831741812182,,363.54829893794744,,2.8391324994014036,0.1169500682026122,21.887919592453873,1.000054079724684,110.7941852701527,260.0343967913182,0.4302658667580257,47.299735142447474,68.19791365134796,2458997.0463012094,,2020.0
0.11950086749986633,0.09367199831625701,314.4732082422597,3.8235523428317606,0.2094265637476327,125.04,0.834,45.90478649336272,0.00021443921125241516,-0.00044651693706043716,0.003980727309075301,9.302880381478751e-06,C/2020 H2,C/2020 H2 (Pruyne),123,0.8056799260732352,37,135,98,False,0.11970638361490162,,0.0934625129007224,,314.715515200739,,3.7933383820397752,0.20944959528649695,28.192731862779766,0.9957531172453004,125.04389322306294,277.63732775394254,0.8336250571433915,45.89674145411338,26.696844929472196,2458967.089306916,,2020.0
0.25196754079375383,0.16676564166282598,-1.0168661922431284,3.8975376187798867,0.41294138384788265,62.37,2.304,67.8088163516311,-6.024531025827784e-05,-0.000601560962969927,0.0003756208467960245,-8.839414007866253e-06,C/2020 H3,C/2020 H3 (Wierzchos),129,0.5252489965182229,78,132,54,False,0.2523309669570785,0.253299837326918,0.1664548530103017,0.1627299907282222,-1.010170533904244,0.4101272348381005,3.8485247123923774,0.4130103039520311,33.401914751731226,1.0021585703163598,62.36778220534709,270.5688704728131,2.3043795155582383,67.80785015219082,29.607461406608213,2459004.0664758123,36.16766500448059,2020.0
0.08355537493381777,0.09084368285432069,111.89156545717037,8.632367240790249,0.01027415410851915,70.23,9.345,47.047058569311865,0.00043136019413414495,-0.0279176612100116,0.016294180048905215,0.0003269553711167106,C/2020 H5,C/2020 H5 (Robinson),289,0.4492829274507469,69,293,224,False,0.09583522274867248,0.0937389108774844,0.10227594610919505,0.10281195905359973,111.88475796159923,0.011268386473530189,8.15185252847988,0.010274271837677528,0.41271961340973595,0.9977040199618451,70.2043342145913,210.64636152337346,9.34538342596599,47.04402754100139,326.41297528574506,2459195.452375088,2.7964147225417735,2020.0
0.079765206119501,0.12450684094153405,463.3881697594113,4.546881908696629,0.04561792861446719,79.97,4.703,7.666522556605755,-3.061616943789147e-05,0.0011581881955180506,0.0006239201883063902,2.7728745167543423e-05,C/2020 H6,C/2020 H6 (ATLAS),2040,0.5231925000079576,797,2108,1311,False,0.07938669271145528,0.078614968802123,0.12404477850922431,0.12558731975398202,463.38144326067214,0.04828525182919957,4.477820396868755,0.04561753548509479,2.5824156997706726,1.000541117543968,79.97191796491094,213.70916573136927,4.702897800915312,7.6706909385301945,20.344014982680005,2459488.5525031206,1.991086436401731,2020.0
0.05810890423717386,0.11331475359136907,199.80844092583555,4.119976393532453,0.159575230172997,135.92,4.42,39.75107185528719,-6.588012311670166e-05,-4.074980580526244e-06,0.006757408240201418,-1.2493148804360032e-05,C/2020 H7,C/2020 H7 (Lemmon),172,0.3988330707567405,147,174,27,False,0.053224234625395404,0.03997033965360635,0.11881313270044266,0.10885242836935667,199.8272418298237,0.1336322223666712,3.6093453793147012,0.15957905059508626,9.319865047158979,0.9993613630710174,135.9228967633499,323.52873039264364,4.420094632937928,39.74828869824875,82.7756315441904,2459004.006563169,4.320187411165427,2020.0
0.06858424735648636,0.1282498147435809,197.70716859225877,4.653119000115056,0.14069232966995848,99.65,4.675,52.67036804258429,4.129504936989381e-05,-0.0021219736107980225,0.018565265155038188,0.00016127172731916772,C/2020 H8,C/2020 H8 (PANSTARRS),194,0.33188489429782564,147,200,53,False,0.06547163809996892,0.08143679457417412,0.1461681801347641,0.14636986844568703,197.79239532431302,0.09383041466487979,4.811660341032056,0.14069432089910544,8.004472431066471,0.9924163841327778,99.64479534316267,68.40814639419699,4.674690892530427,52.67010091082444,128.91434464967773,2459004.696249811,26.4544246152326,2020.0
0.1196353298083484,0.12490439489105523,102.27939495130587,3.107158720031593,0.0384238528815636,151.41,7.631,15.795129075945766,0.00015294420066747083,-8.889768142239518e-05,0.006087030836675456,-8.161146229301863e-05,C/2020 H11,C/2020 H11 (PANSTARRS-Lemmon),50,0.20346705250397162,43,53,10,False,0.12586395551527682,,0.1313994509407461,,102.27358674540307,,3.3811552062843253,0.038430165184199866,1.7085836036644673,0.9994241622483746,151.41474249231857,303.0044033961506,7.631102516641563,15.790702246119473,91.49364279180487,2459107.9773452827,,2020.0
0.09327717479565911,0.14908243200019436,362.43758890659626,3.2010689602792506,0.1777874208707999,142.3,3.355,36.123085455239185,0.00013197721941304863,0.0005788505395400989,0.002592218978565149,8.729830036813269e-05,C/2020 J1,C/2020 J1 (SONEAR),1561,1.515796429569173,265,1580,1315,True,0.09342570909168846,0.09382319019090514,0.14945151111755384,0.1514742254156387,362.39297079207284,0.1810615699055981,3.317191743842821,0.17777166530611735,11.914757829522642,1.0004950600418812,142.29620712751333,226.58343897761594,3.355242824795216,36.127527715822744,341.75854080335887,2459323.1056157555,3.6358461981048613,2020.0
0.08683810921446776,0.11838230289382838,546.6652390571952,2.8343668900017276,0.07053589137831977,89.66,3.073,74.19415974993831,0.00012893879213782267,0.005423364654006946,0.0051117513060962745,-5.229095559888819e-05,C/2020 K1,C/2020 K1 (PANSTARRS),3598,0.8694588038888763,2897,3627,730,True,0.08391741985097662,0.08379647980499515,0.11974306744621546,0.1216246616782573,546.5546934960796,0.07508324581347497,4.14614330574709,0.07055238047356746,4.9418357713880745,1.000063347492185,89.66956966435342,94.35492002044131,3.073378571927487,74.1873909503847,213.98291084183177,2460073.5705150985,7.166578227706822,2020.0
0.026667515187417824,0.07259434707521581,81.16606705274177,4.962210966693237,0.046021059707138115,91.04,8.878,71.0414208225951,0.0004979604776766955,0.000854387563435921,0.014747627957960245,6.1049077705988e-05,C/2020 K2,C/2020 K2 (PANSTARRS),87,0.39476142144029275,67,87,20,False,0.04148957268466063,0.10221692650355022,0.08731556221615028,0.06336749106078028,81.1417000229604,0.04096463442265791,4.850404368260509,0.04602344816934984,1.8967437490716494,1.0017911925972567,91.03680721812884,288.341265959414,8.878279667676148,71.04508696281091,67.28741135934887,2459066.215815673,8.195077155705983,2020.0
0.13725669656659337,0.10512503528824414,-283.35579992503153,3.938266785086739,0.2127919647537882,128.72,1.593,103.23520540191184,4.844523248925814e-05,-0.00031645048221662364,0.001771115816654037,2.1669054734552162e-05,C/2020 K3,C/2020 K3 (Leonard),206,0.5686028444010598,109,226,117,False,0.13961805140006978,0.13989160432746206,0.10303573207666762,0.10588385474613699,-283.3466044626548,0.21700947239239127,3.1480229614440978,0.21277463634605073,20.734203505222755,0.9924703155469032,128.7151273724345,27.92746718391689,1.5934676744815255,103.23503298331458,62.69582457746803,2458999.622017997,1.8188008766201316,2020.0
0.2122621432878583,0.10913290105285173,-205.21907861508834,2.0570154799578217,0.3006455894825875,67.16,1.535,105.50880690656376,8.688124690525711e-05,-0.0022835113599199985,0.007626908997732948,0.00013829075781157663,C/2020 K5,C/2020 K5 (PANSTARRS),80,0.5505566334443898,80,80,0,False,0.21944268130203082,,0.1036447268942309,,-205.43175948031586,,1.9176852293446343,0.3007654611897468,29.79700371960595,1.0014284947392642,67.15969985736822,86.16484034363154,1.5355514178060066,105.51139693884022,249.5951984386328,2459371.0956831113,,2020.0
0.17488963723691445,0.14433054415950392,26.949404908230676,2.8955593878675505,0.030656314888837133,103.65,5.868,62.61164682523824,-2.937087472432154e-05,-0.0005197965482466316,0.0018912573121954808,-4.379959574585257e-06,C/2020 K6,C/2020 K6 (Rankin),187,0.4883206371273762,99,191,92,False,0.1726962530699629,0.17172992526851139,0.14220454370782107,0.14290488679586033,26.936861794790488,0.028903206603476818,2.6317139967707144,0.03059197578760657,1.5504604317911053,1.0031706356291537,103.64475182897205,291.52791339631807,5.868415714034318,62.61436569212026,44.3050741233763,2459473.0666668788,1.1764515978479273,2020.0
0.14085396581907883,0.06777572662434718,-572.316982318476,4.00543714897579,0.07427108715037795,31.41,0.475,134.13726689404015,0.00012593332418830983,-0.0003689698460433988,0.0015659715686041956,2.9072525496443014e-05,C/2020 K8,C/2020 K8 (Catalina-ATLAS),267,0.6149038571848715,278,283,5,True,0.13924498398287882,,0.06652408708089566,,-572.207995832011,,3.526424281757293,0.07431139306759614,13.24196783915595,1.0002781669507153,31.413581289618566,181.51837246718165,0.47460386189449616,134.13975692343072,260.06158601537294,2459107.0193491406,,2020.0
0.015179142800565416,0.0694572403328697,-58.005613089287976,4.082219281278725,0.06748863669303924,93.22,3.004,50.19648992473782,-5.6800013943258953e-05,-0.0004843053210663584,0.0006458430845523043,3.6222793338147596e-05,C/2020 M5,C/2020 M5 (ATLAS),1542,0.4106631825358536,822,1627,805,False,0.01590576105707704,0.016437231185386186,0.06961722429138799,0.0699351015705736,-58.01205158278543,0.06844138934451878,3.7591452268331755,0.06746593569947865,4.778926332034543,0.9998922829993969,93.2222363484324,352.09608147470107,3.004369951083272,50.19693252010278,126.33948982457956,2459446.3838189146,2.1400936282253347,2020.0
0.0955906906553887,0.05844697332019558,-558.5632581894494,2.3653218352500636,0.07196079375362086,29.7,1.321,108.31734269061671,-2.106960307024508e-05,-0.00010149562037398141,0.0001662034017750519,7.0867102401894755e-06,C/2020 N1,C/2020 N1 (PANSTARRS),842,0.7656499713694191,864,915,51,False,0.09557032060099709,0.0955880462337318,0.058404959531321236,0.03647370323284822,-558.4605346719057,0.0989375050427901,2.2936056876680104,0.07197105546589921,7.688169264910541,1.0004847538118378,29.703670614630397,279.9819172498938,1.3206987520906492,108.31399873603183,186.77240947178078,2459285.728407986,2.0201692510866023,2020.0
0.07435578314305044,0.19846750393517665,217.53096919002652,4.7575472035071735,0.19393604782484,71.75,4.862,45.09971497730804,2.7237883673647545e-05,-6.682044778472118e-05,0.00033929079755957254,2.6297591656287977e-05,C/2020 O2,C/2020 O2 (Amaral),1541,0.566120900972332,507,1618,1111,False,0.07436892168087456,0.07449340337514289,0.19805289818675045,0.20016374003611784,217.52266235185502,0.19697316763839454,4.739231246583882,0.19391455661325635,10.796409506960998,1.0023526728283827,71.75074374694206,256.7571898453076,4.86228071902952,45.0969151153295,10.309788231416013,2459455.1148674684,1.2197051853345242,2020.0
0.2652495408007798,0.07267213074076877,-1208.184016694042,2.5170412079118147,0.22508593948628816,45.05,0.342,147.80875806206544,2.8551692090150738e-05,-0.001469143354370317,0.003486932486566039,2.81082940478683e-05,C/2020 P1,C/2020 P1 (NEOWISE),113,1.4100545936428055,106,121,15,False,0.2653579890244311,0.2680872115398269,0.0725457084850923,0.06258426275934698,-1207.9010060669054,0.22887533748663044,2.486376867142349,0.22499653723375654,47.21729267111954,1.0003254408779652,45.05234806504345,53.53650314694317,0.3422113547803723,147.80795462265817,8.893982601308203,2459142.6789839016,11.65619703563878,2020.0
0.05874782149878238,0.06903970175607524,-195.92055125705815,5.882079748631228,0.010297029801286947,61.88,6.812,92.53980984620091,0.0010190124143443224,0.0023855627361868414,0.004882501946470514,-1.908335601363831e-05,C/2020 P3,C/2020 P3 (ATLAS),683,0.49742141381348276,376,699,323,False,0.06005985500262904,0.062023602959460036,0.07029125722314176,0.07088486514984953,-195.8753206958334,0.008895818166018272,5.889424903840028,0.010292145168282028,0.484127987110138,1.0001630558023216,61.88738086151848,19.469712561760623,6.812356511603562,92.5405446963757,82.25560603347077,2459325.337547723,1.9404793085351564,2020.0
0.18728890358785238,0.039562809296460645,-99.12483762105148,4.271821876137062,0.16709887530376008,53.22,4.692,167.90513313444208,1.9917282205850206e-05,0.0010132043826516224,0.01112625602432235,-0.00017883990504774516,C/2020 R2,C/2020 R2 (PANSTARRS),384,0.5754878868508958,376,389,13,False,0.17616013679533707,0.17497600483182713,0.03713841277689246,0.07998865283697135,-99.17721790934229,0.10443769069405258,4.177184200537648,0.16710453054151053,9.504442844597754,0.9886700300151607,53.22578377791905,195.09220152005116,4.691976340281622,167.9041196799756,211.72070691335776,2459634.8064839547,2.7531433314769824,2020.0
0.25535082953160554,0.21038851056606514,-473.06500529357345,2.5871785176517816,0.36661311268653124,82.81,3.13,102.3315718329209,7.663803906399203e-05,0.003348539066223566,0.008943995124833501,-0.0002600827600627298,C/2020 R6,C/2020 R6 (Rankin),56,0.5986916787775719,4,58,54,False,0.2587237118152622,,0.20196875437302314,,-472.88358773356595,,2.8952415633834736,0.36667967965861775,25.52642260132096,0.9922873021807583,82.81825209872561,12.174850216445856,3.129446957882068,102.32800791959482,271.99701063907634,2458736.4930906915,,2020.0
0.09333306665982524,0.1587207845962257,516.1931227081919,3.5608510694371502,0.12802052806327555,114.89,2.956,63.65968886690745,-0.00010228946312595966,-0.0031922042483785162,0.014308407557907172,0.00013832841812888574,C/2020 R7,C/2020 R7 (ATLAS),1808,0.9069938966729972,403,1836,1433,False,0.08929264288667081,0.08940544763655933,0.14365751964922327,0.14715189510688698,516.1675765198406,0.1331698819735365,3.2228545034669662,0.1280275644067369,9.141357787520032,1.000112029404626,114.89076171156633,268.2817549127701,2.9561508563287138,63.66055873923853,347.826799260333,2459838.7523540864,5.129877209008156,2020.0
0.10426404433302748,0.38854646362878115,2098.8467930601273,2.56090735797303,0.28909124251991375,19.86,0.398,16.43903858805098,-2.7333022512232574e-05,0.0012385064428492853,0.0037954149822214864,-3.008518532632287e-06,C/2020 S3,C/2020 S3 (Erasmus),768,0.8302406757307409,454,787,333,True,0.0998735271423653,0.10048078170271003,0.38415157118152904,0.38395375668893544,2099.012590964241,0.28902132863018065,2.6233273148473035,0.28925357471745666,56.28088350587227,0.9979274885585437,19.862701772268608,222.98526805701658,0.3984662276846683,16.440501003966176,349.889463508171,2459196.172130958,5.344355674596921,2020.0
0.09997973114612191,0.11457022288996854,-826.8674060062486,1.958312560713757,0.03806127762310195,20.57,3.37,75.2041105391273,0.0002543046799137194,-0.00036168453386409283,0.008966273319465548,0.00025479397885286303,C/2020 S4,C/2020 S4 (PANSTARRS),1896,1.1072163759340314,1034,1912,878,True,0.10297732919616427,0.1068579306330517,0.11804782302789475,0.11461060880995333,-826.8350268746927,0.033816838393747106,2.2208449490258055,0.03806770999365938,2.5458254637706372,1.0008682601616616,20.572244895775494,117.72163247710266,3.369859512283636,75.20646871279914,20.99263597844118,2459984.7978288545,4.877261051028531,2020.0
0.08533587812274696,0.12682278898334376,613.8482025639664,3.8960551900679814,0.049093688786568425,108.52,2.364,6.616232338740478,-3.0198342360288066e-05,-0.0005977868508892925,0.0021072553903630892,2.3807230198791274e-05,C/2020 S8,C/2020 S8 (Lemmon),567,0.5066763656774459,271,597,326,False,0.0841225473693151,0.0840432473013501,0.12510731256552665,0.1256980423531301,613.9117251397206,0.04998168647577871,3.637592148463629,0.049091006435693224,3.928194906124558,0.991369015174154,108.51738150907592,24.052516492304363,2.3638628012699487,6.612987050955584,160.33214756695324,2459315.4294025693,0.8108038783576592,2020.0
0.12470823784825537,0.19713957832986795,909.9020427941182,2.758528354355492,0.09893724004614823,27.87,2.055,21.648275467995628,3.375124922755379e-05,6.684105412801955e-05,0.0004409167824406651,1.5483086944101387e-05,C/2020 T2,C/2020 T2 (Palomar),2532,0.44081237151962616,2191,2745,554,False,0.12421259040829592,0.12322407113514208,0.1967828188933353,0.19877923823761007,909.936757303778,0.10002052727326374,2.6609751494699316,0.09894121272850419,8.48639954671798,0.9934623941355668,27.872983311593938,83.04844459872841,2.054711298258725,21.64872859176305,150.38098912763732,2459406.6447568545,5.0916882202323475,2020.0
0.11497144466440971,0.09025348391800397,-170.1995928688449,2.0275730289196257,0.10779671000930037,83.82,2.192,85.25645983503678,3.098392922717963e-05,-0.0015557814145950033,0.0014438301697341563,-2.692263603609746e-06,C/2020 T4,C/2020 T4 (PANSTARRS),167,0.3703999328714283,174,174,0,False,0.11340051810221094,,0.08877641756303231,,-170.15011341668514,,2.337714105740716,0.10778384651952057,8.937622558999838,1.0000718570327212,83.81583297788012,50.62183091226532,2.1918756845047525,85.25373233286432,79.60248543569608,2459400.747568401,,2020.0
0.35233648535460144,0.09655007867073197,-723.8561274778647,3.0675411170134073,0.4075422960841554,66.6,1.889,87.62293314389085,2.249824060562844e-05,0.00015815131723684317,0.001720997717785075,1.561906970271032e-05,C/2020 T5,C/2020 T5 (Lemmon),108,0.5250975254109312,39,114,75,False,0.3542411115700249,0.3507632906686144,0.09488232233699147,0.0853370379078974,-723.9844007774211,0.3845196623906225,3.042329901001026,0.4075577193455572,36.447486941706735,0.9979930403272594,66.60403673000546,237.86195874050995,1.8890262404300466,87.62418411467961,90.2905660967004,2459132.1220008787,2.899653546317955,2020.0
0.13614506539452256,0.11451862115554524,-135.77262058349413,2.503124124281417,0.09230115474101101,167.04,5.354,149.81851903265886,8.625829280028974e-05,-1.0485950554084411e-05,0.00589383880818984,3.521538145978553e-05,C/2020 U4,C/2020 U4 (PANSTARRS),1033,0.5713606710736724,530,1060,530,False,0.14216870127576955,0.14326618308375305,0.11875015049962805,0.11841861169612178,-135.8303716987507,0.09325705845392655,1.9116811905398652,0.09232245471850704,4.898453377404422,1.0013954246351693,167.03585505509565,120.01375769862521,5.3537261889279,149.81366905579213,69.53517148966313,2459677.547888502,1.5375525989773586,2020.0
0.09007766801244395,0.05383686671398,21.524692654111703,4.112436605920744,0.061390288819048046,97.27,3.756,88.11741146562171,-0.00015585646736404613,-0.001271388797007944,0.006896588082259963,3.100750851370293e-05,C/2020 U5,C/2020 U5 (PANSTARRS),888,0.5126160484132444,594,924,330,False,0.08631077505630419,0.08661556832512607,0.05571292002893067,0.055807266815905164,21.467862115928114,0.062334123801134365,3.7741321208579333,0.061387074942994835,3.888947958313268,0.9991993818366288,97.26985968979886,107.33428643894004,3.755963487095794,88.12045939577678,75.42175336894124,2459697.37759912,1.5393802343723415,2020.0
0.1442937020982205,0.16105067831997893,-235.6565829607938,1.9970143386850816,0.3025943972628611,131.61,2.228,152.16385376924438,4.195683127994343e-05,-0.00037316567909329024,0.003137908565872049,-1.9383445758691664e-05,C/2020 V2,C/2020 V2 (ZTF),5660,1.0177399615440395,4430,5737,1307,True,0.13848078289940768,0.14068666983613798,0.16632670348312692,0.16895523781573782,-235.67785977077216,0.30741902282146044,3.659461435512424,0.3025915280330909,24.887115669110255,1.00094148720505,131.61066872398962,212.3719729087508,2.2279404902543085,152.1648294736636,162.42791774331573,2460073.0565899527,11.499603463322211,2020.0
0.10700222495638952,0.08874575470761022,-378.9725127673393,4.03297903737659,0.03704277917712528,88.59,3.364,124.23863405518418,5.332364770604947e-05,0.0005319459020540762,0.0005696422180834372,2.4392635082026715e-05,C/2020 W5,C/2020 W5 (Lemmon),54,0.3985721868819773,34,56,22,False,0.1070311855317097,0.09715724078079281,0.08879182903561111,0.0900541652074084,-378.97331797163594,0.04492930090721348,4.008765569286682,0.03702598742636856,2.477659092490573,1.001703099393677,88.59523237509845,75.51694166341004,3.364509791640027,124.24496238000785,24.47608984068729,2459183.57963057,1.7693199457122082,2020.0
0.07461951463095559,0.16776468290849686,-606.0208978905754,1.3907739815068973,0.12300199679393563,101.3,3.132,100.39804734794583,0.0001422405026232365,-0.00014647704901449288,0.0016468900224913842,3.6070537845933615e-05,C/2020 Y2,C/2020 Y2 (ATLAS),1709,0.6463573000704996,666,1728,1062,True,0.07652030473030351,0.07772797794365431,0.16966866633291677,0.16755248805166265,-605.0451515696842,0.11978394913856479,1.709041160500067,0.1226612002599433,8.518144460456611,0.9971473602750357,101.29761980995258,26.51458450181369,3.1325258230067647,100.3952883444689,266.1040823221584,2459748.1986891157,4.6073638370540415,2020.0
0.09388222739799157,0.13736069125684167,739.7280072928288,3.7121836499105543,0.05155340069161508,83.1,1.999,39.453001837971776,-5.1637455109943e-05,0.0007191902663095107,0.0012331756983113582,-1.0739301564699488e-05,C/2020 Y3,C/2020 Y3 (ATLAS),369,0.5782305314655293,0,382,382,False,0.0939608565563739,,0.13764112516030705,,739.7084711719672,,3.303270793519672,0.051556695846180486,4.490920553807566,0.9867153300857109,83.0977813696226,191.42717151080853,1.9992321022648123,39.453118329353636,342.0424837603768,2459186.9859621823,,2020.0
0.10775160792063505,0.09568539546389987,-602.3239649622985,2.311063320348076,0.17115256549905628,132.69,0.615,160.24481825738678,-1.668391680587078e-05,0.00041168579053874055,0.00796508151571166,-0.00012228073194742173,C/2021 A1,C/2021 A1 (Leonard),2224,0.6869628649907534,2457,2486,29,True,0.10683002509180112,0.10683769551096974,0.10289776067732054,0.12653887433808853,-604.6122544141772,0.20211729857636868,0.7455491846407256,0.1711602972619852,26.793319125889976,1.0000837965786542,132.68622430159544,255.87988519850697,0.6151079140852008,160.24190134922836,225.08760133069458,2459582.792679632,13.70467655705611,2021.0
0.05337877597664866,0.058675575469794676,24.917403568455484,3.8110223118230975,0.11031920922758798,106.98,1.413,87.42873586606032,-0.00018170067471812157,-0.0013689717533083012,0.0005382466620390424,-1.2941847679304175e-05,C/2021 A2,C/2021 A2 (NEOWISE),933,0.4667509875466274,141,1035,894,False,0.05334166910713984,0.044369532853960676,0.05867140793545769,0.058947160984818996,24.902137618008055,0.1020646316208357,3.623333822894876,0.11028720471036964,11.407960130699934,0.9943350224039033,106.97690637965229,125.2387462906414,1.4129612654338526,87.43086761465788,338.8486181435763,2459237.1340985843,12.443611608771226,2021.0
0.02813274401014371,0.040080057600769985,72.92080477585881,7.030093231519804,0.053059861033139026,75.61,7.928,55.79464527172219,-4.484402804039167e-05,-0.0016806416353034592,0.027643631823020782,-0.0008288873035580124,C/2021 A6,C/2021 A6 (PANSTARRS),155,0.2917464334867555,96,168,72,False,0.008679819108293796,0.01877810053944644,0.05824762878874461,0.05820141872847193,72.91668518544503,0.039683230394244644,6.530346943190101,0.05304762349626679,2.313101249330666,0.9991860977227258,75.61036785954582,164.07866778708825,7.927626670225283,55.79375388897701,351.6651392924692,2459338.6369566056,7.122771152910762,2021.0
0.05368734354013153,0.06268705521984357,124.53820561372993,3.588066682289629,0.10976824761294253,78.15,1.968,62.16726249220455,5.141806554598283e-05,0.0010973819057795708,0.005013985464347929,2.0616411820828517e-05,C/2021 A7,C/2021 A7 (NEOWISE),232,0.46845172018075276,214,242,28,False,0.05100835456750715,0.05055715681445761,0.06353066966336951,0.06315228567105292,124.47575250651391,0.10845525789211051,3.739301917493745,0.10976729585768753,9.607752596818361,0.9997741316832266,78.15029548008563,154.5184433524978,1.9677098662698338,62.171607456596114,356.06049341281675,2459410.828118466,4.050067786038699,2021.0
0.1675303282943179,0.18618226387289022,-4.249353070095992,3.433084808737792,0.037925125547734646,158.02,7.76,110.68829492882793,-0.0011095718582350145,-0.005558637908450237,0.012431724247430569,-5.6279387745661325e-05,C/2021 A9,C/2021 A9 (PANSTARRS),479,0.584164121425424,307,490,183,False,0.15444996659138258,0.15759411807610926,0.17317451514156895,0.17074051932452855,-4.246648788475611,0.036357101016584396,3.414677605449501,0.03792408728053914,1.6713031022145006,1.002049644381902,158.01710352952614,314.8395733355818,7.760283294560326,110.68694232350303,211.4611468887136,2460279.879925969,2.8188139936319216,2021.0
0.11399392749462652,0.1197630867440717,-772.9810946283619,3.5202405762139612,0.07946027870106347,38.09,2.513,115.70706285756474,0.00014133649741643328,-0.0008179646145620723,0.0036095135752373395,-1.4445472899637934e-05,C/2021 B2,C/2021 B2 (PANSTARRS),88,0.32591107935582114,81,94,13,False,0.11645319580681139,0.11486194638069512,0.12239409072630135,0.12064891264553525,-772.9512034102618,0.07934887636131485,2.7847831387251176,0.07946794769911406,6.167181686847394,0.9926665271249598,38.0933751128659,120.55571936399538,2.5130474843821995,115.70769572593085,334.970345132152,2459338.7773430757,6.70605060108879,2021.0
0.08631380405942841,0.11091958046486486,343.93284444538824,3.075298932435196,0.10260826796624196,143.04,3.481,28.14745149885057,0.00022419429425968307,0.0027322604880453127,0.0016879590424538342,-3.644155345927658e-05,C/2021 C1,C/2021 C1 (Rankin),161,0.48275743893019957,0,165,165,False,0.0881030112655685,,0.11203590374861523,,343.8881616210846,,3.583328330655366,0.10260664692930149,6.753129213919838,0.9998411160241155,143.04134215027594,186.89297147101223,3.4812519532866677,28.148625529565642,336.30779992809215,2459190.610410772,,2021.0
0.08869717838697237,0.13354009897547867,206.95970875274645,4.059544829677653,0.08301931150854615,132.84,4.504,42.13929654671923,0.0002963437321307216,0.003921517409906983,0.003996587820010406,1.8514061110863622e-05,C/2021 C4,C/2021 C4 (ATLAS),230,0.49411627210921366,0,236,236,False,0.09251843699354599,,0.13787775854320652,,206.93839224232187,,3.8566198490362904,0.0830133742830982,4.8035826852387284,0.9994931622984177,132.8465475301435,194.27523867855996,4.504203631325427,42.13693401029528,320.2339389476461,2459231.5523837567,,2021.0
0.10608995760540123,0.09699395910105209,529.8413208793081,3.088732991160686,0.009457337747491324,50.78,3.242,66.29810903007574,-0.00032488320895074363,-0.0024729393324633975,0.002754926662520329,0.00012602170330033857,C/2021 C5,C/2021 C5 (PANSTARRS),433,0.5336101999115783,410,456,46,True,0.10616371364944169,0.10548293269847682,0.09716062718736716,0.1043803290729666,529.7942795486399,0.008804375082228337,3.728018351111455,0.009461404169708459,0.6451026170388652,0.9989414681574882,50.78214963842823,323.6866695947844,3.241945702599453,66.30106360923294,270.9205348919847,2459986.5414907704,4.68815640235281,2021.0
0.04033111229757491,0.14384814447980496,2.101522230739988,2.1597150108121546,0.17283909597390026,164.63,3.271,86.18637346942064,-0.00012146520338340849,-8.14574357264064e-05,0.0057586701629330226,4.075248994261926e-05,C/2021 C6,C/2021 C6 (Lemmon),198,0.4276067943967932,158,208,50,False,0.03989470262609388,0.03991067773346871,0.14829839296646014,0.14542470477749836,2.0433425895673736,0.1693490389667535,3.202958049922445,0.17281774634088087,11.733523141018532,1.0017326053482156,164.62577575306597,332.1556978226729,3.2712298166783627,86.1875064549051,203.5617355035444,2459531.847062761,1.6630701902128275,2021.0
0.02572612232918776,0.04270305322252381,-261.8914916965064,3.659794494138186,0.054107855911725414,83.83,2.946,83.44176711256374,0.0001981066681684407,-0.0009515002363400527,0.0005747978845030161,4.96790925974544e-05,C/2021 D2,C/2021 D2 (ZTF),654,0.8287941161476888,561,671,110,True,0.026591664234895923,0.025170226398182168,0.04058423915528815,0.03782942039860036,-261.8731737798897,0.04850704032809469,3.4766898424321035,0.054074163555718924,3.8674088025961395,1.0015354056136174,83.83029011451143,305.67909500666985,2.9463522066766883,83.44220388456561,125.02960605860714,2459614.479570404,4.199329275380946,2021.0
0.15015562655323683,0.12642559523769345,568.5806956495687,2.5393796821004564,0.18233617906940489,112.56,1.777,71.02850519040474,0.00012380128889333264,-0.0009743460049236319,0.00546011028530664,1.8113915623896304e-05,C/2021 E3,C/2021 E3 (ZTF),1431,0.8636452049655308,959,1453,494,True,0.14694764104812924,0.1485137192903815,0.13344461307959857,0.135497868179796,568.5076789059814,0.18719726270988313,3.3236412030826097,0.1823549046730632,16.791384987719024,1.0009872798778743,112.55466274790078,104.46928370870526,1.777428153947164,71.03007702761305,228.85138204778755,2459742.40414961,9.653283961342499,2021.0
0.09049117609971462,0.12741851561384546,-508.4977563346729,4.308156398067394,0.18129722942764664,107.32,0.995,135.59907183051027,0.0001216675816833046,-0.0010330222874017636,0.006891574395082718,8.365488268868848e-05,C/2021 F1,C/2021 F1 (Lemmon-PANSTARRS),486,0.5955527150015644,472,500,28,True,0.09363857644271341,0.09410851119734541,0.1264893356952796,0.16252892262814744,-508.452687379965,0.2338564819487791,3.341685101715368,0.1813686548831398,22.342917162830744,0.9958230083178259,107.3239586589979,203.45090096761237,0.9955302859017454,135.5926567153215,146.81908690887087,2459676.3760070824,1.9516362245911525,2021.0
0.02506741366475548,0.07095584358414264,-284.93153324029765,4.669949691175221,0.07709222848879958,48.47,4.982,25.7881196751216,-0.000930321375703258,0.0047803951617666485,0.03708047152980779,-0.00028330564118306256,C/2021 G2,C/2021 G2 (ATLAS),5106,0.5479588687559827,1545,5218,3673,False,0.03979373536988996,0.03768202580679595,0.037417907065541746,0.03470628245554706,-284.9517350399791,0.07227150785524002,4.406763370194709,0.07707590663601556,4.2392898625321065,0.9996297201166557,48.47500683290086,221.0936513934166,4.9820889488141615,25.79008247336329,343.3059666352277,2460562.6364356624,6.123545924849409,2021.0
0.02818798656969026,0.030191636968334226,7.670701136687498,5.374832752504269,0.056566489278287786,102.88,5.181,67.37879936076217,-0.00011307991449993615,-0.0007877754320020358,0.017469725796246942,3.6036221906954324e-05,C/2021 G3,C/2021 G3 (PANSTARRS),62,0.34296908557124894,44,63,19,False,0.020534692230631337,0.02174815610055487,0.04649766578388221,0.04495608372935853,7.672612832122482,0.05676385075629404,5.11940897224255,0.05655683825823885,3.050402181657238,1.001079579239454,102.8833439853824,147.4181052175958,5.181136794603079,67.38125038776057,10.64633970021103,2459506.2407531026,4.7370655309874,2021.0
0.0706550083756339,0.16937934528164367,-5.602021928273103,4.634529484707448,0.1882981677050315,100.85,5.467,76.42451422918705,-0.000590872212802962,-0.007376048129572155,0.007868916190266213,-0.0003531107422034552,C/2021 K2,C/2021 K2 (MASTER),78,0.4621792650313382,78,83,5,False,0.06882700072472243,,0.1767306393031786,,-5.509080708804788,,4.249053322485349,0.1883958697115436,9.896435543254736,1.000609865740992,100.83810161187043,282.24816976852173,5.466673234951964,76.41849679261904,343.3303980343454,2459466.6510643857,,2021.0
0.11445456153728305,0.10108845400658904,-202.64948802336716,4.435857562272481,0.1993406386353009,134.8,5.23,79.55964666348808,-0.00038777299985204294,-0.02585091679631546,0.04115349377418246,-0.0005240442489977681,C/2021 K3,C/2021 K3 (Catalina),94,0.246776902749062,92,99,7,False,0.09471528107773776,,0.14313157840344656,,-202.6753319396105,,3.870466211212899,0.19933271212056003,10.701212237290767,1.003173676419914,134.7785573204412,114.45164389754511,5.229576312842608,79.56239224722003,181.99595767166642,2459612.840973559,,2021.0
0.037345505723548375,0.02117600470611936,-98.30927427252927,7.981324603271493,0.05693637766706388,78.58,8.458,84.66507360023111,0.001276474213731671,-0.0006642114160939627,0.010102954786303596,0.0001271478393931602,C/2021 L3,C/2021 L3 (Borisov),213,0.549509280401998,155,218,63,False,0.02718777651987779,0.05784250370389175,0.03015462482621563,0.030815409881769534,-98.3123341969246,0.08776888965875287,7.93953134877477,0.056931525689785434,2.403765925348809,1.0026907693879636,78.57937454052448,344.9716721003937,8.457889479796961,84.66280397299295,91.60350748176226,2459624.151050524,18.185349389117658,2021.0
0.49035499727236365,0.2730832259859083,-410.6903109133291,1.6722978986771664,0.24420174951011392,26.75,5.711,77.71997925660663,8.004667487104822e-05,0.0013678793610871764,0.016783982069141692,-0.000840865296193094,C/2021 N3,C/2021 N3 (PANSTARRS),76,0.15389835787367148,0,80,80,False,0.3841221689210812,,0.25627100691583676,,950.5798729721664,,1.717357516824416,0.18909913151191773,9.804246566829214,0.9643554443950684,26.749493898053927,337.49393359315553,5.710315720373481,77.8164981266177,304.6793542522129,2459081.0969648594,,2021.0
0.1472213323431466,0.08564521086566027,-161.28199962086399,3.2052666448248863,0.10796253601918418,56.77,0.287,85.11495160582,-1.0144012445811867e-05,0.01797917683740735,0.01223045100194372,4.583229098154007e-05,C/2021 O3,C/2021 O3 (PANSTARRS),767,0.8574500705242696,708,785,77,True,0.15255939001507182,0.15713930040004676,0.0975759788853991,0.09631032130571686,-161.18945790721696,0.11452787936296786,4.309187999534791,0.10796180790064369,24.723712702973792,1.000141152566444,56.790768588267,189.0189210851039,0.28736753476870724,85.11556176072185,299.98583097542644,2459690.5416030544,37.81866545181375,2021.0
0.16093878056506192,0.009308016975222726,511.08215195104356,3.549261791249284,0.15491196230797954,51.62,4.375,135.9998547847604,-0.00019880148360362782,0.004250245465613034,0.015492100067098166,-0.0003447989226357251,C/2021 P1,C/2021 P1 (PANSTARRS),96,0.21981781015402457,104,104,0,False,0.1483682596343807,,0.015454907658400324,,510.8022504560025,,3.6163721829737963,0.1549000824230525,9.097227484307975,1.0000457004491254,51.62626185432522,359.67207161543706,4.374609467110655,135.99625517689188,40.3788672912787,2459732.195714481,,2021.0
0.05533217255223686,0.13990019535978868,205.5059023916972,2.467784784646262,0.11015807254481302,150.06,5.069,95.03595929070626,0.00019441801298991646,-4.382452306117557e-05,0.010233761432902555,0.00010664690100359309,C/2021 P2,C/2021 P2 (PANSTARRS),379,0.5800608136286352,331,410,79,False,0.06153907988070144,0.06031494700004186,0.1500893346977824,0.15119516747852949,205.4943516475741,0.1130484591566492,2.204546022570169,0.1101488249981006,6.009245093142279,0.9981455414193938,150.06347699946633,32.08041801020191,5.069198171551294,95.03875449468585,76.69848857748957,2459967.1808389253,3.670067990428302,2021.0
0.058815800017198,0.05579379024882905,-180.81901248309805,2.5628614247803103,0.108864669710571,56.31,1.08,48.529234478399026,5.280966984289037e-05,-1.6667455930985398e-05,0.000577772263471179,-2.2910917980345502e-05,C/2021 P4,C/2021 P4 (ATLAS),895,0.5846456215768027,914,917,3,False,0.05898904819268084,,0.055903960497498045,,-180.72043441381447,,3.795661859103395,0.10886791410586255,12.86968099350421,0.9966184146322282,56.31078448582979,348.0946008416891,1.0804392342227156,48.52377205592811,175.82202978544953,2459790.8753373707,,2021.0
0.051405465198412194,0.2019576535397279,154.93267485505422,2.456642649630404,0.2533528370647974,71.47,7.565,120.08827505419119,9.569226838834766e-05,-0.0012769734717466008,0.018302433196333522,0.00021232253178560256,C/2021 Q4,C/2021 Q4 (Fuls),546,0.5366422593390516,190,566,376,False,0.06967396441953633,0.0727258695129194,0.1836493935043608,0.1853470538281166,154.86797595484018,0.25807280882438977,2.597544583400589,0.25332335689022667,11.30948377339556,1.0032559872667983,71.47316993008168,183.33359913192734,7.564914952841508,120.09002169673818,146.98023956065234,2460105.9495591237,2.8487084922717534,2021.0
0.023945104504586166,0.0900064455292124,-35.518339273055034,3.0141900075772035,0.08269726318581058,161.85,8.709,131.02161268549227,0.00014881137977673653,-0.000288331934712005,0.017528631285099856,-0.00045493581682976014,C/2021 Q6,C/2021 Q6 (PANSTARRS),369,0.35273668434324096,314,389,75,False,0.0333202451420127,0.033211394419487235,0.10735678056339401,0.11036138873775854,-35.52864084924677,0.08581500512742804,2.474006620056735,0.08268428839781729,3.4399489365473066,0.9998706910536317,161.8470982504307,133.53523480314814,8.70868647556115,131.02653263195918,140.95514327749194,2460393.0746460073,0.6192288792918687,2021.0
0.14520097132583015,0.05785562855171365,419.9855438032123,2.0743504338962064,0.18047744031510118,22.82,2.773,133.2977535334256,4.394852828237816e-05,1.09031484605282e-05,0.00553148004424101,3.774857892224759e-05,C/2021 QM45,C/2021 QM45 (PANSTARRS),371,0.6020686215957726,125,393,268,False,0.14054272534026815,0.14045610234524988,0.06374714861080283,0.06692978358996667,419.3381212270833,0.1832505055372287,2.1333719621371414,0.18033436842604994,13.317272869007539,0.99221006401637,22.82238439059965,354.58868385857943,2.7732889168389643,133.29284481724275,72.79918783512407,2459804.935300761,1.1363204836545304,2021.0
0.08511551089425058,0.04298124429300693,56.23533354871671,5.7744478347358275,0.08371627801827988,134.47,7.312,125.91371105411068,-8.387519320640635e-06,-0.0006470736203141314,0.005375634907777449,4.164200773715265e-05,C/2021 R2,C/2021 R2 (PANSTARRS),125,0.4576312310494662,99,127,28,False,0.09044305876942237,0.09365845854463556,0.04380741357801631,0.04427205666529624,56.22972719079104,0.08537755607533838,5.556353162077491,0.08371614760729454,3.8038655404702606,0.99747854726381,134.47024685883588,16.28313099268143,7.312009247338533,125.91797972571322,32.292600865669165,2459573.5018638833,2.263017052330778,2021.0
0.1055387391642283,0.13964587899608422,5.170985117635382,3.2995687182990507,0.03957792774659232,158.85,5.641,152.97798504319437,0.0014940212534529929,0.0031812243791762285,0.12071552513673864,0.002923853020742051,C/2021 R7,C/2021 R7 (PANSTARRS),56,0.23551071502587845,0,63,63,False,0.014161368760306721,,0.029036585759643987,,5.22353041202814,,2.4397139562330756,0.039637223100408174,2.0517553818006715,0.9966844558400776,158.85732756017987,170.1433383181761,5.643538637157546,152.9799431736465,140.11328141990316,2459318.978033434,,2021.0
0.1029740207822849,0.058729576616807305,-375.8533145147363,5.048542760703531,0.05099341822966568,52.09,6.119,106.22622808656936,0.0007013888039721916,-0.009629218383871319,0.003335296589756727,2.9207722080037968e-05,C/2021 S1,C/2021 S1 (ATLAS),462,0.45026651374943505,309,479,170,False,0.10242059500559648,0.0948159320027507,0.05713279285317284,0.05557268065232475,-375.83867062599097,0.0470432047365795,5.399302534431915,0.050989277819526314,2.531601155677001,1.0016578778466563,52.07932935573269,299.8774883834276,6.119241607817272,106.22423580982449,148.18848273367416,2459639.44560701,3.7928340506495224,2021.0
0.04912434125908544,0.08111804345171693,-0.5191975739695067,3.8330077072021256,0.13024006607050392,58.53,1.32,8.860950516467819,-7.61550673678002e-05,0.0007029220045779994,0.009895891301517497,-7.154353432548e-05,C/2021 S3,C/2021 S3 (PANSTARRS),4846,1.3102802431901335,1119,4884,3765,True,0.05176568720701388,0.05098977551327407,0.07952980136164066,0.07919559878551997,-0.4012014628212075,0.1289675458431327,1.9542030619341444,0.13022373083593852,13.913777740345155,1.0001693126376292,58.533520834084456,215.62226691515482,1.3201337254346455,8.859155748985062,6.862964079531558,2460355.210370621,6.023305212596392,2021.0
0.09758076929349434,0.05029517705674322,790.6650968636459,3.978238912435263,0.0697283151957421,17.48,6.689,127.61838669212386,-6.694041518173766e-05,-0.00013823259885015204,0.011698086190701463,-2.2060631469145164e-05,C/2021 S4,C/2021 S4 (Tsuchinshan),1117,0.3968668699546079,644,1168,524,False,0.08600356136314612,0.08658121065625575,0.04166669636325912,0.04136473507358283,790.4859279971843,0.07057553934298906,3.9879296477206863,0.0697240390050968,3.3471566785678815,0.9592671986864117,17.47880443134384,5.48961195913017,6.689296394225769,127.61772780717533,72.88328681141407,2460311.8479476725,0.8130862612841832,2021.0
0.13920046677850184,0.10452157226705598,-220.65840486061518,2.894179868726957,0.21751508320932494,140.35,3.058,132.2796607329275,2.6978596256665988e-05,0.0015747363475782095,0.0029971330394407553,2.7880383221212668e-05,C/2021 T1,C/2021 T1 (Lemmon),113,0.47030384175758544,93,121,28,False,0.13631679871109384,0.12022013389961592,0.10495054449984048,0.10452613359963195,-220.6365433075299,0.2006668681725504,2.604306990409484,0.21752328704286714,15.281811457152704,0.997989884785173,140.35161286271529,56.82537359392874,3.058039514748993,132.27727646738148,51.51035479188246,2459501.570021668,11.802896012432594,2021.0
0.1379721846872987,0.11451676119465867,-33.73780377533182,1.9221790003920938,0.22426825719794008,117.53,1.248,112.03541275228108,1.0643998341164362e-05,-0.0004571504241113189,0.001510744325479967,-4.955062808353894e-05,C/2021 T2,C/2021 T2 (Fuls),181,0.670215735806636,186,186,0,False,0.1379254643694155,,0.11449018366990422,,-33.71221900519541,,2.745927919153114,0.22426156295579194,24.647583817623865,1.0001534889724961,117.52653231435609,223.2313557155958,1.2476692007134544,112.03192182250268,263.5940236824123,2459738.399072958,,2021.0
0.1174746883021822,0.06867888780987562,870.8853582449746,2.6537798779421826,0.17670314623771116,160.78,1.483,75.46968370872905,-1.6731056439511782e-05,-0.00020555064125460376,0.001408212413408705,1.9991891484716362e-05,C/2021 T4,C/2021 T4 (Lemmon),2033,0.8593555822389515,1316,2191,875,True,0.11453390745111787,0.11582520693472792,0.07242916584613857,0.07386075858472665,870.853478341443,0.17942086379219746,3.7573248652277536,0.17672312463534356,17.81337192729148,0.9999014624454197,160.77720329115473,257.8848367121684,1.4833179691365488,75.47034055824614,329.8175805148872,2460157.0270268307,6.450193777048188,2021.0
0.060992243874376115,0.07404282592853646,-324.12698642110627,2.8141507222452717,0.0753507825826707,39.05,2.363,71.33899513684065,-2.821769686689457e-06,0.00022043831264539904,0.0005859085044036642,-5.578961246754943e-06,C/2021 U5,C/2021 U5 (Catalina),445,0.4901224020986886,147,466,319,False,0.06141660820575503,0.072529756359839,0.07442577895309548,0.07456808454320642,-324.19691892631454,0.07649847699130757,2.7746017301723067,0.07535148313026856,6.034376048595613,0.9891123427090038,39.04962075961416,182.75505951255153,2.363282587049531,71.34196591265943,321.4707850686311,2459606.112376147,9.625314669645505,2021.0
0.2219602019855926,0.07420973064073608,-382.49018593886194,3.090732769857272,0.23472789504015157,71.44,3.014,178.04396030422942,-4.850444244031138e-07,0.0003943528833048049,0.004235986598826785,-9.420866886511448e-05,C/2021 V1,C/2021 V1 (Rankin),64,0.44718922050338744,67,67,0,False,0.22087290108161695,,0.07511841810561257,,-382.76920081384674,,3.231137078405876,0.23469686091261008,16.62680831537223,0.9955639254925343,71.44109851774091,207.6531059656472,3.0134337898250267,178.0431724360724,195.10730528721973,2459699.85926356,,2021.0
0.17750898836113563,0.18494889623618554,-182.9416847556941,4.0414568637201835,0.36242435560109876,140.11,3.234,175.5095436267507,-0.0006992673770347402,0.00905046869996795,0.033483557522295336,7.952293511870323e-05,C/2021 X1,C/2021 X1 (Maury-Attard),2865,0.48941862433461053,1113,2966,1853,False,0.1450751246354683,0.1465440854552863,0.21765741385073464,0.21853713676366623,-182.91341576206014,0.3647422060187858,3.303336461151865,0.3623783203875125,24.744527537336577,1.0006254879154524,140.12078731234686,10.585500827941921,3.2336573173120775,175.51203540695047,334.6248025390246,2460091.812752113,3.3416279324510745,2021.0
0.15486109228998154,0.13237194900489943,-273.4827141699001,3.9692537879211067,0.26526862877218377,137.14,2.995,173.826828742122,-5.949964557117049e-05,-0.0008672399687270627,0.0018521303158578815,1.9040674737791363e-05,C/2021 X2,C/2021 X2 (Bok),95,0.4729684286851533,43,95,52,False,0.15726544901889283,0.15958901436115325,0.13037796766649115,0.13117788031162939,-273.53598198454233,0.2684784932543443,3.901237454073127,0.26527572335317373,18.81965150368592,1.0012479936670169,137.14310677540198,228.7979890408512,2.9945612872619596,173.83279324238987,193.2819585010945,2459768.6563979173,4.460256844323582,2021.0
0.17416193947286945,0.09168104001334303,-597.0136676567671,2.1686819388639207,0.14427495081719402,77.19,2.033,116.08859511086604,-5.264754024092433e-05,-0.0011682933404557616,0.0016716452382281562,7.13357342383425e-05,C/2021 Y1,C/2021 Y1 (ATLAS),1802,0.4867989725096936,1809,1869,60,False,0.1749466869023066,0.17494130940417213,0.09091678452087966,0.09099223870352806,-597.0749826439903,0.14010352384764854,2.3112475665689716,0.14427876561846542,12.423711077422958,1.0007810657110972,77.18631204113177,244.76980771791608,2.03258179571355,116.08726633425137,245.80894769048496,2460065.1964038103,0.6450410160385349,2021.0
0.08534235838249844,0.06007783513265936,-730.6684233150818,3.9324304942586026,0.03556877737556803,116.53,1.253,120.61510154194227,-8.800348512594258e-05,-0.0006016161772066653,0.0007043431473572701,-4.338324467445531e-06,C/2022 A1,C/2022 A1 (Sarneczky),309,0.4671362982499823,319,324,5,False,0.08547377395432665,,0.060096697935578675,,-730.5816083271261,,3.88952357499033,0.03559472618300909,3.905728295911589,0.9990797987248758,116.52603504396629,285.52122909384644,1.2529056061204775,120.61575778797295,201.18538091673622,2459610.6413106243,,2022.0
0.06941623544375915,0.1514878647292782,-19.897943084891185,3.221561123057496,0.18874201151057543,108.15,1.735,88.28434190554314,4.946128895388924e-05,-0.00012130966271683974,0.001152238370813209,2.8863405523438246e-05,C/2022 A2,C/2022 A2 (PANSTARRS),2724,1.0874716363030608,885,2763,1878,False,0.06950763298278846,0.07032984650455765,0.15129174807139137,0.15527845687542205,-19.86974769026894,0.19502503228790938,3.2141512909038688,0.18873136288350917,17.58798491604733,1.000430580132619,108.14659236201699,171.57955223030032,1.7353632390719285,88.28150667862239,88.36903182215576,2459993.7689753547,11.806932278346249,2022.0
0.09378107841326051,0.06481644572183973,-176.4782813688313,3.936837039567888,0.029236264489669338,88.35,3.703,87.48844318829136,3.9023644579638805e-05,0.0011974412714010896,0.002334155145993411,0.00011776560034615358,C/2022 A3,C/2022 A3 (Lemmon-ATLAS),957,0.7089783348452878,862,1018,156,True,0.09431677904799897,0.09608475100204732,0.06533943581965487,0.05908264375479116,-176.4608873237114,0.038864456622659076,3.812035874554915,0.029226936841701447,1.8664216896955472,0.996008622272892,88.34928471447208,325.4834511459151,3.7035799807690992,87.48302559003993,234.84412620091805,2460216.3405849463,10.490304374764596,2022.0
0.05691071102000783,0.05841542842191908,-513.1800538013363,4.070561505860456,0.04122816413634621,20.04,1.38,77.2716938842772,-0.00014129527486828053,-0.001640630649777819,0.0007909381806119037,-3.689992839084333e-05,C/2022 B4,C/2022 B4,119,0.3400622172287018,11,128,117,False,0.05676071916440928,,0.05823143483560565,,-513.121986588374,,3.9930791330607427,0.04122083748911905,4.312918225418169,0.9962545896603048,20.04161072646634,340.66190812076485,1.3796056075054022,77.27372363830284,152.95529816547915,2459609.3956865007,,2022.0
0.08071551068829522,0.07787943122742558,-684.3818824728864,4.171016170313015,0.058071070814602596,22.65,1.555,83.46260350241657,7.247910367147448e-05,0.00011238534730750871,0.0001761423266755754,8.707761706805428e-06,C/2022 D2,C/2022 D2 (Kowalski),112,0.5471080302838505,108,112,4,False,0.08064424814913425,,0.0778108494222351,,-684.3660137626894,,4.140601958468165,0.05807604211775109,5.724253312520589,0.9957054872066132,22.65461452012015,312.4700943958748,1.5551482567916888,83.46054110852891,177.79238618521603,2459666.0777088474,,2022.0
0.13717824929627975,0.09388975046244176,-162.802230697082,4.2629141059197275,0.2022547633316555,137.13,3.666,110.87717972541915,-0.00014191305240429664,-0.004616119798924956,0.00575250821160485,8.864646661965736e-05,C/2022 E2,C/2022 E2 (ATLAS),5738,0.6695397168768692,2737,5888,3151,False,0.14225705116716109,0.14444617668327536,0.08929712848805035,0.09063219957836252,-162.77393629553603,0.20652176247699586,3.9878562192866456,0.2022180741990133,12.965718862558335,1.0008933008592507,137.1257813239185,125.37055353539596,3.6663850191838736,110.87547261815779,41.715238396634376,2460567.6308389422,5.757047655641536,2022.0
0.10716083547271577,0.09317596230449046,-713.9927940014003,1.8704283707776916,0.19305443469007108,109.17,1.112,73.78152163519891,1.069918228635558e-05,-0.00016730583415380806,0.0011109293922505522,2.331771209251876e-05,C/2022 E3,C/2022 E3 (ZTF),7625,0.8058351552476564,5372,8119,2747,True,0.10727215880889457,0.10612056627298888,0.09323820081181411,0.09200309607752805,-714.2846596822892,0.19061003050629785,1.7936055898436583,0.19315006401748508,22.48759380029314,1.0003126050014783,109.16931345091484,302.55473001637256,1.1122676879374325,73.78785365506674,145.8137699287396,2459957.2851988296,22.529502817959187,2022.0
0.011730108592366428,0.08819110877065693,-171.14690113994556,1.9674825028381746,0.0767837774838947,57.97,5.975,86.5405482703175,-0.00011824956305117595,0.0006513741260434358,0.0024458844989009953,7.049960659610832e-05,C/2022 F1,C/2022 F1 (ATLAS),138,0.5594837957067932,74,139,65,False,0.01129818522393406,0.028467710320639918,0.08710461104305418,0.08685448546016901,-171.37572414923372,0.06332208373577881,1.7790296105930918,0.07687691419759483,3.862250237944085,0.9992422089476938,57.97369677606974,350.65336317224313,5.974681169544325,86.54247524379248,278.2799524567173,2459796.7151208073,12.740396623794856,2022.0
0.0565572289940281,0.023877586205029867,145.26087629338667,6.803338939623303,0.033839083388871094,49.87,7.689,62.82818239834206,-0.0013573434491940262,-0.0022551905089329694,0.012087158324968096,0.00044200153911333473,C/2022 H1,C/2022 H1 (PANSTARRS),73,0.4294712115979293,62,74,12,False,0.04659936727434315,0.09086901706265814,0.016365618179910533,0.017624742140357204,145.24709888020914,0.09819413522072516,7.443230492221247,0.033844065160764124,1.500683677411872,0.992119443051482,49.86464200096296,6.361880519076044,7.689812151963579,62.821555641097426,246.3172942956873,2460328.963150159,68.14982160738896,2022.0
0.024145394673614068,0.22795689773584776,19.571024860056596,3.5764991785601055,0.23725084509336541,41.98,3.987,69.15241189903747,3.518108021638433e-05,-0.0012356497842702652,0.002559742086969095,2.086545313861876e-05,C/2022 K1,C/2022 K1 (Leonard),82,0.3034132887592776,0,87,87,False,0.02195799074356494,,0.2311315332130306,,19.46079764499205,,3.6515957242998156,0.2372445011477068,14.587070387580658,1.0027258444290503,41.97859251613721,136.29404815647308,3.9868384746684806,69.15482825681802,142.6421657967889,2459565.843646894,,2022.0
0.17611549177099817,0.09989820714260131,499.77046392204284,3.316550091977946,0.19540114047086513,123.47,1.592,48.54542644538423,5.7157399464324854e-05,0.00030498676011347925,0.0001922582453909205,1.9812713206279753e-05,C/2022 L1,C/2022 L1 (Catalina),415,0.6576025919824223,392,430,38,True,0.17521729940162367,0.17992635917295366,0.10096675542625237,0.099597512434911,499.8690455244109,0.20104865213489959,3.035480709643087,0.19537267611018688,19.029197383839488,0.9971622069005093,123.46958928676011,300.0251818433228,1.5915567732743814,48.54898095730092,59.851317102973695,2459850.744779359,11.332066458557351,2022.0
0.023618820009955646,0.036021470172378826,-39.79627866111713,2.039687114676216,0.05913974406157796,129.31,2.692,29.28484291777001,0.00019625615625473714,0.00017678520001140896,0.024098955716554602,0.0005194883274604045,C/2022 L2,C/2022 L2 (ATLAS),3104,1.3927564100360181,2501,3135,634,True,0.009712918105977538,0.010399587466872815,0.054442479922965546,0.04906108519107841,-39.749648671061564,0.048590934086407765,4.087756236863817,0.05912636595943122,4.423256981186742,1.0015301199912037,129.31377129311971,39.24152392665544,2.6928342161399303,29.280682464799355,199.91735751375154,2460381.8300919733,16.924670250450806,2022.0
0.23892210818387719,0.05356655583753155,-750.660491932649,3.3124765681797377,0.18539270366037872,5.5,3.826,161.62283981157026,0.00026824332732844347,-0.00016117150582939388,0.020153028311766453,0.0004898206874854871,C/2022 N2,C/2022 N2 (PANSTARRS),3831,0.9290547773925093,1883,3934,2051,True,0.2617029661046221,0.26231610015028395,0.07648189452992395,0.06487848710154212,-750.8933567246468,0.19747094210419477,3.050882820690349,0.18524385369357027,11.62682868046046,1.0035058581862255,5.502880251027681,319.7403340930378,3.8260220391850845,161.61969942196572,75.36955611063838,2460888.269075328,3.7377716371361087,2022.0
0.07022580794259246,0.10198568891455945,-61.3770457574513,5.953207605927676,0.08591290361211008,71.04,7.43,106.32976381261444,-0.0005455606645383693,-0.0015220397582282885,0.0168274271960208,0.0005112289354665123,C/2022 O1,C/2022 O1 (ATLAS),188,0.5461589640127669,0,191,191,False,0.07285600939594827,,0.11661188641992414,,-61.36681879626089,,5.966758911564875,0.08591773887228489,3.870457409863271,1.0043067793959177,71.04279975802494,49.91464489234574,7.4305426860675485,106.32432258086018,268.90044136405146,2459626.0607491974,,2022.0
0.17672779114189013,0.09594860622906831,-857.9597471966026,3.3715551985986774,0.08401582958085901,59.52,2.561,139.6965629092394,-5.7672455665569444e-06,-0.0005481847112420724,0.0023099060414505036,3.199922645391595e-05,C/2022 P3,C/2022 P3 (ZTF),320,0.43650823332743804,0,331,331,False,0.1747997170072089,,0.09438223494299036,,-857.9301144171086,,3.144719753568841,0.08399954812795117,6.464060136567151,0.9894653840226278,59.518200353117095,72.2342982019706,2.561291313741208,139.69234101617454,0.09254591866794147,2459787.8369612116,,2022.0
0.12420397929618247,0.029229240221120875,2074.002703066743,2.1378824251201234,0.1469012628732024,36.58,5.477,93.41533444525213,-4.112402555023209e-05,-0.021166439631848277,0.05994024543325762,0.0016787509059268402,C/2022 QE78,C/2022 QE78 (ATLAS),4037,0.4570558117701849,2595,4188,1593,False,0.16882675869898497,0.17003057463921717,0.06839204682876686,0.06388743960002759,2074.304956653296,0.15191388734779174,1.93566083883407,0.1468753230706186,7.703595776859403,1.0042440104533878,36.55719631256848,119.92950420277303,5.478711693458106,93.41631551349698,0.4154544101207083,2460929.372567837,2.6492552063112824,2022.0
0.15754665977200202,0.09037757675660746,-629.962011427986,4.180631267994652,0.12254129567186628,52.89,0.633,75.02037615429796,8.70807723718503e-05,-0.00028327371477843144,0.002232863123694865,1.6049171777998694e-05,C/2022 R2,C/2022 R2 (ATLAS),278,0.6234428413981424,281,291,10,False,0.1573959632569083,,0.09040396292747685,,-630.0561418665734,,4.182913077173701,0.12252925615349895,18.92056708203967,0.9985900865465723,52.89452918103291,60.40455799893124,0.6326025677910596,75.02473867374185,78.3738041342034,2459877.7195319864,,2022.0
0.0922513962586371,0.03734720208953137,-58.00284559002591,4.700367221786597,0.12911174732504058,43.08,5.129,113.95336099813963,0.0002797801189955429,-0.0003318139074721671,0.016711617098726813,0.00031526819932459205,C/2022 R3,C/2022 R3 (Leonard),348,0.5072327390859922,146,355,209,False,0.07508223372289857,0.05921869392303348,0.054343731972722256,0.05518773492282473,-57.91447646075932,0.1140494268807199,4.094454390970421,0.1291164146587831,7.002749145235036,1.0010385383055664,43.082572368911755,8.241268204960711,5.129267711854199,113.95600961927657,72.88142444625507,2460008.8072003867,15.61586967072949,2022.0
0.11808915368830061,0.1612462713626921,525.6561140110866,2.4073679830607877,0.05519579594597174,57.02,6.566,95.08144921632464,-0.00030660886907041274,0.0017634187763420073,0.0342692498991944,0.0007816477237945207,C/2022 R6,C/2022 R6 (PANSTARRS),2370,0.3669668814004186,1364,2477,1113,False,0.15039061519518768,0.15131211667553376,0.1954784148201327,0.18887450959867466,525.8427842794326,0.04804898067822266,2.7366249773204507,0.055197538682581905,2.6445221168483006,1.0046753929938346,57.020396214155284,150.78219910894063,6.566463605689907,95.08317105723368,319.86992303557446,2460913.5464949734,1.3369058545199404,2022.0
0.2526783696310213,0.052158839468815915,-632.7477758603657,3.1966452775282628,0.22425543733237122,78.56,0.838,113.42025792702925,0.00010703071838946698,0.004483812515118757,0.00968849646675729,0.00010795004431751742,C/2022 S3,C/2022 S3 (PANSTARRS),71,0.3094123572669293,76,76,0,False,0.2530010072088128,,0.05216711462454831,,-632.6032403138702,,3.2235840542089007,0.22439103746633163,30.084210621426667,1.0005182214224855,78.56476302654099,157.3193571646508,0.8385636213987268,113.42125231197646,267.9509962162137,2459966.1856592945,,2022.0
0.16457978834259449,0.023706859654349863,1165.6923156875516,2.6683725629081234,0.14481428597788468,101.22,2.763,105.44586631326571,-0.0009832515487819826,0.0009844850839328956,0.05202198889289026,-0.0009783071776414687,C/2022 S4,C/2022 S4 (Lemmon),750,0.7276200235909784,708,755,47,False,0.17441124557535234,0.17379288084373534,0.04694623991981169,0.048125199437017555,1165.4797298984902,0.14463817557655126,2.8170028738751944,0.14475814418229452,10.693361304885725,0.9978838293858255,101.22127483888254,220.1747034841854,2.7620910175019175,105.45312817403456,268.5374507083748,2460509.9778214497,10.95823148812738,2022.0
0.016183743896235617,0.06887400983707415,-328.95599677002787,3.490748872696806,0.08394245289468609,22.54,3.445,27.991949978811075,-8.95981792272682e-05,-0.0002207199358288392,0.004038811621144072,-5.514516763138744e-05,C/2022 T1,C/2022 T1 (Lemmon),612,0.5120277531437589,335,626,291,False,0.020314413700735886,0.02015027636437551,0.06532166641348136,0.062791498829248,-329.03039910592275,0.08109428082078342,3.285977271413233,0.08393316923724674,5.55176966055123,0.9996237832709267,22.54342842247511,236.92092664557933,3.4447998586182056,27.996125023751414,324.3192488136119,2460358.012660888,0.607205218529656,2022.0
0.05364374772123008,0.11440106379465442,142.7041436604417,3.2221675601082382,0.13832847550436222,128.15,4.202,110.12379171271304,1.5454479368570695e-05,-4.241555683393017e-05,0.0049299316141129595,2.8423198586757792e-05,C/2022 U1,C/2022 U1 (Leonard),1295,0.5100776255464251,491,1337,846,False,0.05694164603321488,0.056278232235268594,0.1095316027448061,0.11012089346791595,142.72351894639465,0.1380855611970608,3.757120986077908,0.13832285899564864,8.285460490740627,0.9993811583069796,128.14941233567677,72.5261219584089,4.20204590318384,110.12251188937556,78.58407649615889,2460395.399221334,1.4767968325254446,2022.0
0.14453760710321698,0.03194048562563857,805.2558727690703,3.512416957723053,0.17150279895431578,33.64,4.827,114.0076437268695,0.0001571652285221603,-0.0054418385097392274,0.020014419913757384,0.00046411115119493473,C/2022 U3,C/2022 U3 (Bok),778,0.4801379771413965,673,818,145,False,0.1604520488672445,0.15937772975121642,0.012184331290396906,0.013403158947845316,805.560692594184,0.17154060736733628,3.3218354750712935,0.17151319836250478,9.583612765087707,1.0033405964847222,33.63279106783942,272.7926800482344,4.827379458660339,114.01085870317699,189.02407247854097,2460519.562405192,3.398797748191784,2022.0
0.08625930968361457,0.06793362063795305,233.98169513211297,2.8826241574682445,0.02140147313454267,52.04,2.898,39.39231475291323,2.2698321850866954e-05,0.0033092857032741563,0.005686365145595079,-0.0001014239849812526,C/2022 U4,C/2022 U4 (Bok),678,0.5165328513831507,620,697,77,False,0.09135280503086184,0.09118732079314416,0.07275754656559406,0.07560662331732798,233.93336647527383,0.016491398941653083,2.4361082007708736,0.021433391361472386,1.5455946023057647,0.9992341212854267,52.03873205657055,132.932777590922,2.8982966095953437,39.38732454464753,89.00989377961736,2460160.1804435877,0.8904478013894366,2022.0
0.055005984381436855,0.035783113609641606,-304.59573571413193,3.453091699977714,0.03729306649581331,63.53,3.123,91.58533703028755,9.292622577039555e-05,-0.001674191499965616,0.007443995090928232,3.3213953934296825e-05,C/2022 W2,C/2022 W2 (ATLAS),239,0.4241454642193361,225,252,27,False,0.05534232717616851,0.05521566822548429,0.030452491685060146,0.03088936742890745,-304.5779070284498,0.037261409048767555,3.3844831012129553,0.03730906987133459,2.59920299108011,0.9907422638850705,63.53086102094075,320.4503921766762,3.12282451741838,91.58495237844754,123.26610935889303,2460012.187375044,1.1067583923800635,2022.0
0.09916453732060324,0.15644534462523577,420.77247866384414,3.8476405670090923,0.19615536130224356,103.56,1.398,93.88231914836956,4.0770747777307825e-05,0.00012195309068374627,0.0018674005455290542,4.462506845781533e-05,C/2022 W3,C/2022 W3 (Leonard),860,0.8952112077222624,349,907,558,True,0.09962873867728014,0.09802944976711189,0.15519829715356512,0.1712475602798956,420.80353780390533,0.20927551327451355,3.135635208113656,0.19614601557346387,20.391996766581546,0.9950741801618074,103.55815817386959,132.26855804489742,1.3977429557584118,93.88023993238303,116.5194351392994,2460118.275848014,7.6197804896807675,2022.0
0.08211732298145488,0.08878174057876316,-698.4629095518821,4.26990607191045,0.1007395513267515,94.74,1.835,70.51112070179981,-4.542926565409555e-05,-0.00022388395099426361,0.00039858696785649746,-7.0022780240819316e-06,C/2023 A1,C/2023 A1 (Leonard),416,0.4586819464236133,271,431,160,False,0.08212720842383828,0.08173984368248786,0.08889522008115475,0.08465909582645485,-698.5132606992493,0.09668532467283383,4.296584373002794,0.10077308513152634,9.155348007713418,0.9919588765513794,94.74289681033943,318.308154739723,1.834717582499055,70.51178616502,159.24979163165008,2460022.226138328,0.8502033105555789,2023.0
0.07865542645931589,0.15344862809359833,826.1002919848609,4.190834094748782,0.12783381167827138,94.71,0.947,61.54133404943135,-7.186448300233739e-05,-0.0004426660776459812,0.005849309301107931,-6.819270480495909e-05,C/2023 A2,C/2023 A2 (SWAN),69,0.7237246493986164,0,74,74,False,0.07870599960407894,,0.1536031885188515,,825.9732695734622,,4.2807361496200045,0.1278402349978787,16.1305609427481,0.9982194581110864,94.70791257074332,94.46987128940083,0.9473922642310658,61.54044980068619,142.5774897887273,2459964.8890285008,,2023.0
0.09280460692617401,0.1132521137737648,-41.314426982882374,3.3417472572353057,0.20310971783507667,139.11,0.391,146.34844657390823,3.587717594633055e-05,-1.956567393790465e-05,0.005279919241589358,5.9638300736852834e-05,C/2023 A3,C/2023 A3 (Tsuchinshan-ATLAS),9367,1.8340349580724766,5371,9491,4120,True,0.09299232122030848,0.09631453819265091,0.11312012382455476,0.11729090574028292,-41.331558473931075,0.21080109938255157,3.30851863496132,0.20315515908617665,39.859197627087454,1.0001312457165323,139.11208951489206,21.55935521825552,0.39148971313629327,146.34542023668035,308.48639189616927,2460581.240845176,18.83500730699841,2023.0
0.0295977518800045,0.07266368689567473,-268.5680563886765,3.947240863795492,0.052862272991402844,40.77,1.743,49.29138831059556,-3.822665474428888e-05,-0.00036141777050602286,0.00029329255099714733,-5.677579115737075e-06,C/2023 B2,C/2023 B2 (ATLAS),458,0.39835973282750897,84,479,395,False,0.029940210407249573,0.032062811766516146,0.07280077502441115,0.0727274073404335,-268.56269582399705,0.05275140926959718,3.754767841658389,0.052863129129497914,4.919414321215559,0.9970856791222708,40.77040184637704,218.120777389629,1.7431231724570233,49.291539888739294,317.39904631120345,2460013.995877164,2.780892714262953,2023.0
0.11249906540228391,0.15163419408377715,874.5649129461872,3.1917091594071096,0.05377240830190727,48.32,2.368,85.77242621608524,0.00032948461515514005,-0.0013496878301779702,0.008536652100898158,0.00016090680892144604,C/2023 C2,C/2023 C2 (ATLAS),1981,1.5952463537798764,619,1986,1367,True,0.11553900423319928,0.1098742317618163,0.15419638634418587,0.16022965407249787,874.5380347145168,0.059774917289827624,3.72023459108232,0.05376181742945502,4.288431661817914,0.9993387415768513,48.32068380316854,301.0036798748657,2.3686310453196833,85.78146484996823,357.45388801991004,2460631.282393479,22.556994415045192,2023.0
0.019388952957864542,0.04596176882009742,-266.2292754491373,2.6909839133820803,0.06467726901571842,131.75,1.708,52.13955684369681,-9.724662712695675e-05,-0.0006632492575135984,0.002856193130939006,-3.331007094997673e-05,C/2023 F1,C/2023 F1 (PANSTARRS),193,0.4387765244981831,201,201,0,False,0.019380543072964287,,0.04597231759821476,,-266.2924219086108,,2.6715072528868364,0.06467873966500184,6.087108097326622,0.9934331968868454,131.7517419736573,25.247589107933763,1.708105585518088,52.14877010454007,216.6577325923155,2460123.8525028075,,2023.0
0.11383089281901669,0.10885632876480451,-178.7418065285538,2.489140820950903,0.09112983055211679,145.96,5.191,47.6551393191646,0.0005623348796244265,-0.0003836523507061429,0.003584250740183291,1.1856061091997105e-05,C/2023 F3,C/2023 F3 (ATLAS),1290,0.4741849699847743,351,1343,992,False,0.11214356912951433,0.11273642305872285,0.10585703453970678,0.10534511145776994,-178.74726591897738,0.09067667067259916,2.2380658098774595,0.0911582362423686,4.912098617559991,1.0040402704400684,145.9631852161891,109.46011269977839,5.19078729513542,47.65150449548446,265.53161548633994,2460709.125921649,1.2386105866070196,2023.0
0.09902313576534759,0.05709654900926235,290.25717119036926,3.91780238031779,0.11521558410621237,21.78,4.448,58.08579893223644,4.698312998985266e-05,-0.0007297449210135198,0.009598850439729712,0.00011558416943291405,C/2023 H1,C/2023 H1 (PANSTARRS),771,0.4635960163213356,118,781,663,False,0.10771882559864941,0.10735904034885059,0.05628540906715671,0.056371627516384956,290.283415066354,0.11305974597472607,4.139310534912231,0.1152018238916886,6.71263136267458,0.9941848823973013,21.781776282951068,292.64733800075743,4.447743505992248,58.08742252669382,333.763388717436,2460643.15538154,1.1625954438103683,2023.0
0.08535249260890805,0.1286344180349312,-141.97973924186954,4.384853209731876,0.21331070112046355,113.75,0.894,137.54869576780484,0.0001272074588057892,0.000850900213180239,0.0032740861525374053,2.9606034456231e-05,C/2023 H2,C/2023 H2 (Lemmon),701,1.1615300340808679,324,728,404,True,0.0871206911919124,0.08780606929996947,0.127129665628812,0.12333932054635868,-142.11744468548386,0.20998363249557256,3.926892470215876,0.21335957455407142,27.722692492777888,0.9964090474621891,113.75433432795418,217.04428646216132,0.894434824026091,137.54629155044657,150.64686569800693,2460246.6900205985,12.406655249873905,2023.0
0.10422712119251865,0.06402125264507369,-229.6347894529023,4.700029422732356,0.06525386315561874,97.86,4.313,67.58299117539168,8.17395647390029e-07,0.003364076120973891,0.0071141687521080995,0.0001602269848843818,C/2023 H5,C/2023 H5 (Lemmon),2681,0.5126499244510683,2257,2761,504,False,0.11055897823856568,0.11120099728231016,0.06799328940761518,0.06751713817822072,-229.6733888570066,0.06734586146369811,4.229087182958585,0.06525264848891832,3.857402443795863,1.0004041396587244,97.85971380213032,159.48130540619687,4.312828711541547,67.58034005921508,60.08348440669679,2460856.7184861316,1.3897793478112364,2023.0
0.0937627126501179,0.01757323933113438,386.0309055545447,2.8319006267179394,0.07777565654044144,138.0,2.04,38.55110541545853,0.00017031745902584827,0.0003356807365264558,0.0032225007328445846,2.3411904586545518e-05,C/2023 K1,C/2023 K1 (ATLAS),210,0.5787314481282653,194,226,32,False,0.09317656203372585,0.0901940433188322,0.01665141621853746,0.014011074654484135,386.0864803525137,0.07641475627456461,3.352061895137723,0.07779485267596323,6.6930446990822166,0.9973504852168553,137.99873977017612,223.70582162758268,2.0395636811680053,38.548367428569534,337.4688034611269,2460195.2481244933,7.706688983820407,2023.0
0.4499538083343621,0.13378992789332253,-1037.8530445838853,2.7611092953118783,0.5787763409827023,36.64,2.576,107.20139440254515,0.00010401999156894881,0.007490719302673199,0.009180190483134768,-1.1006899463872344e-05,C/2023 Q1,C/2023 Q1 (PANSTARRS),1478,1.0379873429900186,509,1487,978,True,0.44517469159743633,0.4486344751267465,0.1367311637351205,0.14339396451215128,-1037.838884809667,0.5889439128827283,2.2256839325571414,0.5786924632272993,44.266415640993074,1.00539739115823,36.65050483325762,7.149183854898915,2.575708273761767,107.19704016768453,84.40196682556862,2460645.6293810946,2.681844674085209,2023.0
0.08544228411405405,0.10260607564988927,369.86021028799587,2.6525233461466375,0.02194086966972603,104.05,3.209,59.72456193427587,0.0001530695084883682,0.0013091459719305476,0.00507864715215026,7.47302811823225e-05,C/2023 Q2,C/2023 Q2 (PANSTARRS),132,0.34957467289219996,134,137,3,False,0.0809873466451269,,0.0983053815016563,,369.8037886532629,,3.520975656141133,0.021931366836079845,1.5064480650922834,0.9906914008765635,104.05581991451604,92.68031840098116,3.2095202743721702,59.727863740761784,171.7203543443014,2460485.595288561,,2023.0
0.3253953682773735,0.15880723179270767,-554.052008533168,1.3076725598162044,0.4557406417580795,30.74,0.906,50.91872658476247,-0.0002065914636242283,-0.028150011331060654,0.03704066979335461,-0.00034671633734162377,C/2023 R2,C/2023 R2 (PANSTARRS),298,0.4445231346224548,309,309,0,False,0.3614513431996454,,0.1276796317739065,,-554.9386459685612,,2.3898105310768836,0.4559035877551387,58.81739575919469,1.0005203843936588,30.70750324369266,188.9486356495708,0.9054827433810124,50.92154330910293,337.2450718512789,2460534.581942932,,2023.0
0.12125812097953739,0.8361370281977383,444.6280572744081,0.6632890579827606,0.7759511655539764,20.49,1.068,89.03512562742124,6.844905065972462e-05,0.0001032639195450713,0.0008287982609077831,1.3917294458876128e-05,C/2023 S2,C/2023 S2 (ATLAS),377,0.6660470943755873,316,397,81,False,0.12256954457804874,0.12491885061161352,0.8372893360098143,0.837926627005618,449.35254142428676,0.7760851903661234,0.6475752127019184,0.7763638256843011,92.3932350593983,0.9929552100477349,20.485539739856144,230.561501155052,1.0677295307458718,89.03715941285905,78.11060753127714,2460232.8773381542,4.196763384402934,2023.0
0.42520458757772095,0.06125081205903118,-978.3171939992826,2.2779258918301086,0.4721412469915663,48.6,1.995,109.95656516300696,-1.8622090515507672e-05,-3.660407303129887e-05,0.00024057459313024033,-4.7723261313858956e-06,C/2023 T2,C/2023 T2 (Borisov),353,0.448802761911232,278,370,92,False,0.42427176277528394,0.423957928100104,0.06196139733713705,0.06190507917334932,-978.2773629785388,0.4716444143149651,2.201697297624568,0.4720838846746969,41.15071818595432,0.9913546985563295,48.596648062392816,317.5343323864108,1.9954331101464187,109.95703534783708,111.19119390865255,2460301.287943188,0.7073377814018827,2023.0
0.07220442175046345,0.08295644807817182,-663.6245045404427,2.957277014929896,0.02960535062076845,27.22,3.548,41.572417318315225,0.0002047981523061182,-7.516668658169579e-05,0.00018355563999449085,7.3183104807306165e-06,C/2023 T3,C/2023 T3 (Fuls),1307,0.3209484532031837,644,1376,732,False,0.07245442007612397,0.07299349853618334,0.08318272807469644,0.08091543483491323,-663.5913571001487,0.02911416349178916,3.8827463896485432,0.029603032113322877,1.9321255449173051,0.9956028244230638,27.221981198328788,246.00066343345185,3.5483056656538747,41.575349015047976,302.8468773049315,2460700.844245403,1.1744013757104332,2023.0
0.06423789205517548,0.07609859599530004,-90.53841280580059,4.730900904440048,0.08543373050371117,108.15,4.973,119.51216477583851,-7.720264535382437e-05,0.00043073427534068287,0.022198208666988097,1.323937743791248e-05,C/2023 U1,C/2023 U1 (Fuls),629,0.46476775188947683,150,643,493,False,0.07882232208506668,0.07948315725625804,0.06330021738302642,0.06364514729282034,-90.53878250478641,0.08711206737522972,5.0802654141711425,0.0854297150440896,4.705641843739059,0.9977956899026462,108.14609514990543,305.8089821139052,4.972932210377811,119.50998391482076,255.61272914393996,2460596.3275793297,0.8698786289220911,2023.0
0.05455193865745051,0.07235585668571731,123.98119057445979,4.170723675902818,0.07382676034954626,102.01,5.093,60.59417038790393,-0.00041101207730820377,-0.001690630648894853,0.003904673654840953,0.00010362284020093426,C/2023 V1,C/2023 V1 (Lemmon),450,0.5356755607648674,333,472,139,False,0.05840343217560485,0.05879997153192089,0.07453701532916984,0.07571565224589112,123.9720094657813,0.07663729767167453,4.361309559200264,0.07383334512376379,4.01989138876439,0.9999285834512828,102.01234075123091,15.030790457980883,5.092703283231773,60.5899779915669,103.30995567866027,2460869.5319525963,1.4043612231918219,2023.0
0.23795658377452047,0.08148218517411042,-857.2080659582042,3.5681923341107242,0.21759936717435097,67.13,1.122,101.4283411107891,6.439191336804484e-06,-5.09186758819169e-05,0.0038920873738526565,3.743219226559624e-05,C/2023 V4,C/2023 V4 (Camarasa-Duszanowicz),1102,0.4869722868833892,475,1153,678,False,0.23318299329344194,0.23283204874946342,0.08012280400325655,0.07998974850545941,-857.219789243967,0.2174102483119947,3.9276474865461695,0.21758652181296548,25.22056753133562,1.0010060163801748,67.12995524131956,66.32594334841195,1.1217408727553146,101.42772859553693,50.85806418587259,2460460.8640934867,1.6817583433508063,2023.0
0.13276922925341736,0.08645841572660615,-803.1838102407846,2.3478942955670288,0.06374027680450364,110.59,0.95,75.54738863302863,0.00011416723471135981,0.001019020549492211,0.007096365660222042,6.595866466785338e-05,C/2023 X1,C/2023 X1 (Leonard),239,0.5157808682868666,0,250,250,False,0.13238457775930146,,0.0864227099438856,,-802.6614212860468,,2.3904414052692546,0.0635421938896156,8.014546149335843,0.9942653490450992,110.58767057154469,137.01239031453778,0.9505535970557248,75.54701067295237,321.47829756608735,2460235.5890612444,,2023.0
0.15180405332520994,0.024306696671319242,379.18216641932304,2.335599810286213,0.13151336087909168,76.99,5.089,92.82639910286514,0.0002430152691357268,0.003031181413376771,0.021410333040465673,0.0005257154787008389,C/2023 X2,C/2023 X2 (Lemmon),598,0.5839490610986798,489,630,141,False,0.13048785378131944,0.13018817880058117,0.009664836589510638,0.011073264062879867,379.03952399813863,0.13599576918444586,2.798967949053978,0.13154370102137225,7.160715405329054,1.0005472535533357,76.98859433218377,66.30752918181095,5.0896936026578645,92.82970921360325,64.72427994562159,2461037.5206273887,1.4928166463985941,2023.0
0.21364725537762955,0.07864286174382291,698.5406864556516,2.621385865479116,0.27570356488008846,69.06,4.822,97.65413428354606,-0.00018366057396135282,-0.0010140766918169675,0.0017299490861822323,5.800176733572471e-05,C/2023 X7,C/2023 X7 (PANSTARRS),67,0.31733551798424314,69,69,0,False,0.21322793262866876,,0.0790263608072583,,698.526259963258,,2.6460790495083906,0.2757713794136345,15.423919366520206,1.0018624954678956,69.05455851601012,119.20910740019055,4.821703475403546,97.65404528581517,354.333051295482,2460810.3409380508,,2023.0
0.17420841309612214,0.23408667227431046,199.40451993828043,3.802580563736871,0.3967060069445837,94.46,3.875,102.43615657917874,-0.00013814921216703802,-0.003408928843370518,0.00098680814257237,2.2985576086043125e-05,C/2024 A1,C/2024 A1 (ATLAS),1872,0.4867913511449211,1191,1959,768,False,0.17348100617455206,0.17448074961947466,0.23451619630667841,0.23552492752373033,199.63775333363213,0.3987879326896688,3.5041555428280975,0.39673853938293147,24.74935028216858,1.001956814403888,94.4523430241962,112.13817636871597,3.875307087723103,102.4389884746954,353.3143437008866,2460840.2218190967,2.630476767296226,2024.0
0.22917213521044666,0.0741014809956985,-552.3174530213336,2.67070556387241,0.21084269593207938,70.9,1.634,82.63321228116969,2.1305095442736288e-05,0.0002591147486441514,0.005242338325302092,-5.959195081839397e-07,C/2024 B1,C/2024 B1 (Lemmon),766,0.9632276324245064,90,772,682,True,0.237217926443274,0.24017490738719907,0.07562275707570215,0.07506662866613002,-552.2727131825612,0.21702566623548522,3.124173220872255,0.2108408291323927,20.2506344861596,1.0009013345256657,70.90406087142459,79.18784492043109,1.6337278177790688,82.63250448007912,66.20646035623156,2460591.207574514,13.716107248508532,2024.0
0.0745987282505106,0.13983922782428043,101.27470805614826,3.1560831039598956,0.12993616572674813,99.84,4.076,79.06982351660994,-2.3398635054738826e-05,-6.93989082662938e-05,0.0010010496858419912,1.832514669342089e-05,C/2024 B2,C/2024 B2 (Lemmon),91,0.3739106133029066,6,93,87,False,0.07404783514688953,,0.1405447629169503,,101.38423606954643,,3.12921415717923,0.12995426697495732,7.909901037923949,0.9992670690052423,99.83911593690534,294.37808426024395,4.076509728793871,79.07268668731966,130.31385456282925,2460223.5004806076,,2024.0
0.06873568485161742,0.04286889251658905,3.3819392753401445,4.544005168772109,0.07486457942994056,132.46,6.696,129.52459903626198,-5.5644994299663963e-05,-0.0038383681327900376,0.02082617260903785,-0.0014528995829516944,C/2024 D1,C/2024 D1 (Lemmon),66,0.30668015821011796,76,76,0,False,0.05134133463462619,,0.05312756677671283,,3.3813048128120755,,4.87601108272149,0.07485843278047646,3.552124886037554,0.9988864890454692,132.45241546956342,179.66825898219795,6.694733102662798,129.5251425077232,125.76701119930111,2461742.778160265,,2024.0
0.0732156313079866,0.15832313159736255,226.1039584796839,1.7863228994851061,0.08770248431851968,75.24,0.566,106.85743426227546,4.845791244045827e-05,0.00042269158532803885,0.0033846298453237013,7.277665492688712e-06,C/2024 E1,C/2024 E1 (Wierzchos),3340,1.3649318639075385,3201,3685,484,True,0.07730061362275907,0.07099321439021734,0.1627744663070121,0.11183095686995619,226.03725124086927,0.041226635637431765,1.1889258436451513,0.08768991676077212,14.309307295082005,1.0001067978288205,75.23901146232099,108.08137603984713,0.5659556521086923,106.85693318269169,243.6315932742217,2461061.2631650823,42.65697403945976,2024.0
0.08238509383253703,0.08473005667306797,115.87999132653022,3.841851603623686,0.08498839262729707,122.12,5.348,45.82794352714457,0.0001233647458780407,0.00288942455175345,0.001993503683193893,9.714265510218922e-06,C/2024 G2,C/2024 G2 (ATLAS),676,0.5748555196000671,329,706,377,False,0.08476967829972888,0.08559469866456511,0.08521289305437067,0.08563449795805723,115.92241243011563,0.083976255998868,3.335013537165531,0.08497424508378779,4.522669570326433,0.9927699012930825,122.12674043408515,171.3957630675376,5.348256006567768,45.82733022378297,328.7361278233195,2460840.043786387,1.4789265422583437,2024.0
0.08804833710724094,0.052519220854648795,-2.7816240212219014,4.067540946558005,0.09380929534130467,33.03,4.9,71.52094912465314,0.00011183649498003323,0.006650096656436233,0.04530182980189362,-0.00210084205818184,C/2024 G4,C/2024 G4 (PANSTARRS),766,0.5856913778532037,578,788,210,False,0.133146711612983,0.1314993613340233,0.08011656312595063,0.08244409438858297,-2.795894318039835,0.08809195460802173,3.8461080548935693,0.09381370173797053,5.203890711382118,0.9985744762298692,33.03314890908577,153.0174613969233,4.8983723921612015,71.52108809815158,131.4311201984396,2461121.108930748,3.8021478623148695,2024.0
0.15248793823317633,0.09912648223037764,-766.9178254118763,3.0426583755662286,0.053436986837770026,50.39,2.953,66.57389116154526,-3.106213515902123e-05,0.00010524113073984154,0.0009102742710094199,2.553222880896655e-05,C/2024 G5,C/2024 G5 (Leonard),90,0.3401297437598636,92,92,0,False,0.15330434597663847,,0.09993119203360505,,-766.92186858067,,3.035121278317387,0.053441481871611796,3.824661227170439,0.9943986002021564,50.39030313413864,316.3987860233603,2.952942326228247,66.57580823201631,209.55619786104057,2460560.4844210497,,2024.0
0.06212762189372785,0.05344621741570672,-3.460808562686026,6.583980085858591,0.01831143644109656,120.45,6.43,24.527549230596858,0.00035732872858251774,0.0038668324702797463,0.012215090812761927,-0.0001542181209384097,C/2024 G6,C/2024 G6 (ATLAS),1553,0.5696130945179267,607,1604,997,False,0.050344164418366484,0.05043944813602182,0.04251852200554948,0.042994359227049264,-3.459624961280838,0.01784788484130861,5.841180753863375,0.018313728016568328,0.8867083376899864,1.0021447758804576,120.45539677238187,250.95187478979895,6.429835591301397,24.528992189693763,23.438627260002963,2461092.1112757553,0.7314320497041884,2024.0
0.040376862175588786,0.04796293221258545,81.15574342376539,2.008277306592414,0.029203094142672307,131.52,6.028,68.04005598081298,0.0002759490866999226,-0.002255675740315155,0.014639362466921354,7.407092741740229e-05,C/2024 G7,C/2024 G7 (ATLAS),85,0.4291269303498962,75,87,12,False,0.0405342635405125,0.0403189292799876,0.039071749629418256,0.036325336775890775,81.18948796113699,0.02204405499885381,2.330065703866282,0.02920879499818254,1.4612731425152117,1.0019065468624788,131.51657015883328,191.95981199947326,6.027656655614129,68.044225955411,289.6588292560085,2460716.8129935134,2.210438696542626,2024.0
0.08629898996937217,0.16664194118698708,749.1639405981086,3.9090707093389834,0.1416462092145319,79.3,1.811,121.85462986361378,0.0003115661794899083,-0.0008035781246462648,0.006148402813506665,0.00018207996930730275,C/2024 J2,C/2024 J2 (Wierzchos),468,2.775573357808983,277,474,197,True,0.08610383978064859,0.08201639089300966,0.16565087749875976,0.1851128774584056,749.1096550224038,0.17079264702613597,3.924980517271766,0.14165692093728144,12.960411360890413,0.9879195626282746,79.29616293182778,189.05906803650265,1.8111268794419573,121.85181620238652,143.14750234293643,2460754.2752035493,52.29024778826642,2024.0
0.023471266926138032,0.08762700779028691,358.89340432945374,3.854193665105586,0.10937587988045219,75.64,3.865,85.93094595154977,0.0003111661726640236,-0.0011383957577066894,0.001202354286310958,-0.00017121213455695283,C/2024 J3,C/2024 J3 (ATLAS),2934,0.4135040987570829,3057,3057,0,False,0.02308919633028915,,0.08754944498572417,,358.87356305420553,,3.4718815486070547,0.10937719033193141,6.8300977904519575,1.000677793196026,75.63975297556429,285.96125676185005,3.865296762945868,85.93007598217056,74.08788709863835,2461369.8949964484,,2024.0
0.02305426247876314,0.048268135111472744,53.07240425743737,3.732509339318371,0.0409233496878922,117.53,5.695,34.28040594023609,8.62854031558058e-08,-1.471892421989196e-05,0.00015163496154275795,9.519618839881616e-06,C/2024 J4,C/2024 J4 (Lemmon),859,0.5191851600956794,325,882,557,False,0.023061369313808585,0.02270628089920775,0.04826915331884243,0.04848089326371327,53.08596214782267,0.04083931837175924,3.732700715643307,0.04092271017395318,2.1074901218659496,0.9990969568822767,117.52987474852138,19.30602288580794,5.695136485331295,34.28037642745064,127.85865594319704,2460791.505282106,1.030556847394323,2024.0
0.059637071227061154,0.08397353179782491,34.09211018971756,5.947287955554402,0.0439748943327589,139.59,8.326,66.38630534413757,0.0002556255022116982,0.0012840344024027672,0.013301152163872601,0.00010183177759337525,C/2024 L2,C/2024 L2 (PANSTARRS),36,0.15944661964276538,34,41,7,False,0.04834109011599333,,0.07060055493418098,,34.08904971418878,,5.657191631082879,0.043975021539132325,1.8708980414353413,1.0036659933305307,139.5879704539297,266.17859504106343,8.326429767961336,66.38452219336777,345.8870574017686,2460844.2538288212,,2024.0
0.18854379363284274,0.07667070520943436,-235.9544091103731,2.287974836916003,0.21101398673102734,111.59,6.859,55.666414008599396,0.0001694120327773163,-0.003425330830836515,0.005873246331725433,4.758357965162219e-05,C/2024 L3,C/2024 L3 (PANSTARRS),33,0.17968257049668718,1,34,33,False,0.18347885439444597,,0.080978604353369,,-235.9281264581851,,1.353352248997537,0.2110910491415708,9.896974789605991,1.0057582584296934,111.58868697856227,294.9755851560603,6.858552911993341,55.66641248052893,59.08580942802002,2460272.909341294,,2024.0
0.5869296571773615,0.14648898137342795,-62.83661248376859,1.6867285369364093,0.4410316661061757,88.78,4.399,77.5881265058067,-7.658926346132411e-05,0.0005205653827431433,0.001987451661341918,-2.1122579741295056e-05,C/2024 N1,C/2024 N1 (PANSTARRS),55,0.5644478148965385,50,58,8,False,0.5849608482876716,,0.14428925883242538,,-64.04322982768086,,1.4944950913061124,0.4412100728087611,25.830917250044966,1.0013643391369718,88.78048916122351,323.01976261108194,4.398522087445944,77.58699056832819,91.24485721205161,2460967.292935302,,2024.0
0.025976303531528085,0.061560566704350415,-83.58074716020944,4.972425262495209,0.07399807066309076,88.73,5.015,78.10502201847568,-0.00013910201447719928,-1.4267930581013388e-05,0.003938036088161746,6.214450561259355e-06,C/2024 N3,C/2024 N3 (Sarneczky),707,0.4685454791559649,252,746,494,False,0.029167389202604838,0.030265244876609265,0.05790992751646079,0.05863730945149142,-83.60335984534623,0.07614471944278156,4.830862782208999,0.07400245165018281,4.05711748409715,1.0012179604588158,88.72893716024787,82.60826384694845,5.0145899400781895,78.10105964543736,86.88068543697683,2460776.933686206,1.1318054190420561,2024.0
0.08006974612425498,0.11238701035412386,685.4442323322767,3.184845511163592,0.16188260027455023,49.77,5.398,92.69489411658436,-0.0001237290918298939,0.0020010591157557656,0.02024365690727649,0.00012328597667643493,C/2024 N4,C/2024 N4 (Sarneczky),464,0.6086895581783367,234,482,248,False,0.06349313134024324,0.06440240586445566,0.12958266654455433,0.12986469592218416,685.3821665284227,0.1635567941270604,3.375986785781641,0.1619156510906452,8.555871002475719,1.0044166179765441,49.77330103680183,339.6587440014369,5.397728490001256,92.6944226692643,116.69962339860557,2460685.4686247595,1.1400642496974136,2024.0
0.046886742570646046,0.19370195007941854,116.87646287852078,5.1047928661868,0.17915788533647878,59.07,6.608,86.22776774074018,0.00011425846195289857,-0.0014784710215920427,0.001610530052188539,1.8393050126519483e-05,C/2024 O1,C/2024 O1 (PANSTARRS),37,0.21168780888755637,0,37,37,False,0.04627680421466824,,0.19464393261564644,,116.80525128868405,,5.275078528960891,0.17915257680847785,8.5559346368606,1.0019305256953468,59.06501135770258,303.33051725298236,6.608510894163915,86.22814801785132,349.94115106174144,2459973.7167764422,,2024.0
0.13142011678788776,0.1560584176487218,559.6267326473468,2.6989757930288105,0.12898110409957309,121.38,2.092,66.43718574150904,7.933832000461827e-05,0.001461243433439563,0.00174995493301988,1.9157408951198107e-05,C/2024 Q3,C/2024 Q3 (PANSTARRS),77,0.31831900416971354,65,78,13,False,0.13055055335243157,0.1335736838174668,0.15498577378726966,0.16026914122994762,559.6507675331321,0.14827011592596645,2.4171873821413326,0.12899863605013767,10.950223236086215,1.0015933313711987,121.37744433914234,337.2848212819486,2.0915698381122003,66.44460171167484,70.12677085625853,2460739.725703032,15.564146372444698,2024.0
0.4656470934590287,0.1636688368839186,3367.5730775861516,1.1633538186700854,0.30339498334953896,3.31,5.419,115.75105635691547,-0.0002463978753858287,0.0003311502298206648,0.004871075812827851,-2.2687623052242145e-05,C/2024 Q4,C/2024 Q4 (PANSTARRS),46,0.2416894519864725,24,48,24,False,0.47133800991018693,0.4619537041490082,0.16866796900821027,0.00996005529523041,3368.2857703624895,0.45205497696193314,1.1573823627077058,0.3041219890728194,16.039835410096774,0.9957561696413496,3.3095306099851025,324.3414274464612,5.418728000055585,115.75896302151213,132.91610998744702,2460626.2368054404,1.3031463186486507,2024.0
0.03131845338768633,0.05224989700233233,-244.03920305524554,2.439212115029806,0.021879017333992307,95.37,4.409,60.78829798036833,0.00017455270146471413,-0.009205190820509301,0.014465738141294296,0.0003685702355316067,C/2024 R4,C/2024 R4 (PANSTARRS),1870,0.4031624213780249,1897,1897,0,False,0.03897023297321756,,0.06083115122872756,,-244.2152479388267,,2.597188467153347,0.02186785535640408,1.2785148376499786,1.0026574136698116,95.36485842129473,345.9361404166774,4.40898304216659,60.78215052946161,108.99411451054839,2461705.213990759,,2024.0
0.13808600318694517,0.06448644192733964,-72.2716407904,3.15480092747492,0.19181601074285257,52.39,3.841,118.41866556550995,2.2809999218109667e-05,-2.463279157893794e-05,0.004836740761320839,0.00022891212520415039,C/2024 T5,C/2024 T5 (ATLAS),1488,0.3506590822134158,1523,1523,0,False,0.142994153602666,,0.06101513043846001,,-72.23828726654487,,3.236532887259629,0.19181909233037467,12.015706484688675,1.0023234152366012,52.38676654238523,100.68039533027175,3.8408661818378733,118.41751917820245,352.44660799933945,2461531.6923269383,,2024.0
0.11965182944632138,0.12184546357405496,332.2282783215787,4.975091563359478,0.22641863035939214,128.72,4.836,129.27949803414697,-0.0004103470215290894,0.009705342307654519,0.0025876933047306455,7.232627500464162e-06,C/2024 U1,C/2024 U1 (PANSTARRS),113,0.2763156003798701,21,119,98,False,0.12048508251538083,0.13037478704477967,0.11965193608678353,0.12090797132753098,332.1488228744063,0.23971289492170963,4.758402253826926,0.2264390102448621,12.670127063519928,0.9932722228081432,128.73272322727357,270.24882385383177,4.835881916066508,129.27380358929526,188.07924166244726,2460492.1798432297,69.0340981367088,2024.0
0.19610253395380306,0.056005497379332685,-800.2908126823195,3.876729534311579,0.14743247864374978,54.62,2.318,70.77377739001733,-1.0125663342130942e-05,-0.00022062051630911128,0.00017347692187519683,-2.6487924755791425e-06,C/2024 V1,C/2024 V1 (Borisov),417,0.5186875312403438,372,424,52,False,0.19623058485506326,0.19618654539745825,0.0560667199509353,0.06021647855858111,-800.0813850908071,0.1412817908948923,3.8782712719933032,0.14744196828113926,11.92433640579657,0.9901502135611618,54.62304439418042,328.19532043051424,2.3184651291333753,70.77622356335428,168.66355894535388,2460769.6029545367,0.831689296457997,2024.0
0.07316106231710665,0.2569353367272337,1558.7419760254484,2.466723712645913,0.18783329356902154,33.42,5.345,47.81727662468337,-0.0016237228494837552,-0.007604023701063056,0.11106499412367586,0.008622797084149703,C/2025 A1,C/2025 A1 (Lemmon),460,0.37815682912151916,489,489,0,False,0.18287356277574562,,0.368374616592,,1558.448336941608,,2.0407705734151316,0.1878163274606174,9.966770050049881,1.0008772934562762,33.41695599293415,101.32892732019059,5.353769835387651,47.81892831398584,67.9396428136242,2461477.1717424896,,2025.0
0.15247926245126522,0.37367805258762055,15.328355879184528,0.5402278439568245,0.5223691149331309,143.66,0.53,105.71011414261979,0.00019251856770163833,-0.0007203878309951506,0.006048298217005185,2.5806711177356334e-05,C/2025 A6,C/2025 A6 (Lemmon),2084,1.960294428047258,1596,2103,507,True,,1.6881011468946843,,0.9345556128703004,,2.619081036407118,,,,0.995728732794393,143.662986910025,108.09822465109137,0.529929937180364,,132.96299890995994,2460988.039387226,13.891875413630459,2025.0
0.2938071497771997,0.09154541372886939,608.769915200311,2.965483651071642,0.3689216444392388,39.65,3.53,88.89230047353149,-1.3644731595485737e-05,0.0010399504554925443,0.0025076755260346325,8.644724572315354e-05,C/2025 B1,C/2025 B1 (PANSTARRS),49,0.5244286599124143,50,50,0,False,0.2938044958936172,,0.09153642098230962,,608.5149207979584,,2.958767997286003,0.3687927194514986,24.10040850168436,1.0027045638560166,39.650505941549724,102.84419229906136,3.529826973188626,88.88622145028728,23.542464340746694,2460853.266280678,,2025.0
0.008311396164410132,0.02315771596507073,-4.00039989558708,6.516572148028563,0.027947093181419302,91.74,8.239,85.4545028210775,-0.0001382888806644722,-0.0003590379355529194,0.0027547326485343436,7.859262665022015e-05,C/2025 B2,C/2025 B2 (Borisov),476,0.4481939882432777,490,490,0,False,0.010668533733330831,,0.019961250753318272,,-3.995685745450828,,6.494299046107907,0.02794582727166136,1.19551540128112,1.0016851503978326,91.74426537635233,84.86594784267616,8.23902987339066,85.45839995719797,78.85673193105644,2461295.27864218,,2025.0
0.22004415110767936,0.205840806300017,-29.39575779246441,9.161153183384569,0.01421184411492361,84.5,14.123,82.17509691689362,-0.000976402656961417,0.059603387434890465,0.0851199593125917,-0.006100234226165568,C/2025 D1,C/2025 D1 (Groeller),176,0.3899351801008586,188,188,0,False,0.17048983058847228,,0.15744464821350843,,-29.398388507840796,,9.185396333590164,0.014210493082777362,0.4643616529927746,1.0019556229583066,84.55673401691024,312.836177260868,14.116633932622314,82.17334754460767,185.91587413597787,2461909.851677119,,2025.0
0.12589802026737057,0.08882724432550465,-695.863522387341,3.3052324020178157,0.03708280472676225,73.38,2.012,48.54148744192224,-4.967706811898065e-05,-0.0008500108141191731,0.0007088916944573719,-4.268672992413514e-06,C/2025 D5,C/2025 D5 (PANSTARRS),26,0.26627454684946866,26,26,0,False,0.12561691415476825,,0.08852948550675793,,-695.8644349309511,,3.3384073349348453,0.037097811480937236,3.2119466477978786,0.9993288919184149,73.38098714349329,0.7380212487684281,2.0121774447958076,48.542302645669594,211.48952148316553,2460808.786591669,,2025.0
0.103259789289013,0.2103345734541592,273.5906648085961,2.0599921034067115,0.18144772894597935,145.79,2.504,46.54713478553001,-8.706384010181978e-05,-0.00021726408812128284,0.0017623919705001218,5.421344947409423e-05,C/2025 D6,C/2025 D6 (ATLAS),143,0.49475200572878225,0,144,144,False,0.10170279796423716,,0.21092875272585135,,273.3775598331847,,1.6230801378642923,0.18148880449602753,14.09513447705728,0.9978835290801085,145.7888450585972,151.49036453058508,2.503735143115029,46.546606175614535,285.39599034714576,2460655.845795427,,2025.0
0.047894062699292285,0.05835378077622447,-255.28142255112596,4.292372433075018,0.032490395883620904,69.06,3.998,89.67671355360405,-0.000145608243805051,0.0013429068625043783,0.0016120186414581737,6.162964689249151e-05,C/2025 E1,C/2025 E1 (PANSTARRS),283,0.40586168929078614,296,296,0,False,0.04974008952172781,,0.05975348693138172,,-255.25289714671771,,4.134915965397401,0.032484863389581946,1.9957264428282198,0.9973939392624548,69.06164602759641,344.59366169907656,3.9981751891951434,89.67887872094552,274.42049513794376,2461307.2093499517,,2025.0
0.09523518686499,0.09597039593808922,-688.2959928790397,3.6541875731132545,0.0988814756368049,109.24,1.07,88.372119671906,0.00013184706322211248,-0.0002304050559729376,0.0023622398810267137,1.694286448872262e-05,C/2025 F1,C/2025 F1 (ATLAS),64,0.42112065825126227,64,69,5,False,0.09499256196442567,,0.09614565805061782,,-688.2855507327354,,3.6276036893589407,0.09887592132350166,11.748023193415644,0.9964299268108368,109.23565188343713,122.7037308091475,1.0699862537277658,88.37041731591746,334.2280244732644,2460785.974209448,,2025.0
0.26424233767585853,0.09185424532794292,-473.7472392502111,1.036854448320178,0.2685412720906749,90.36,0.333,61.242217112105,2.9316936968060148e-05,-0.003441674022525376,0.004686797248387508,2.7666616569388403e-05,C/2025 F2,C/2025 F2 (SWAN),467,0.7732892788643628,527,527,0,False,0.26437518532141246,,0.09391241357206763,,-471.3177981677302,,0.906578974293234,0.26928978780348845,57.242904069218945,1.000164053168258,90.36135884458837,329.8383262298034,0.3335233690034984,61.241881314756704,153.83194791219609,2460796.6607592436,,2025.0
0.12630130547589047,0.14855721240325157,-189.85972810088992,2.624628580479348,0.2746706169425085,95.44,3.58,113.89778857686888,0.0001596324393462467,-0.0004498927825835608,0.0007107385276513034,-1.2941155131507287e-05,C/2025 J1,C/2025 J1 (Borisov),897,0.4874518044811558,916,936,20,False,0.12684018267107133,0.12683551215331984,0.14804975159797548,0.22178851025654844,-189.89847141871837,0.34812241601442445,3.1948345631289548,0.27467810848382124,17.841980532706636,0.9973181820999056,95.44413590486336,273.9768404401208,3.5802823172886624,113.90208314198239,166.62383881683013,2461203.3103183224,1.2069058491671707,2025.0
0.1922077202248549,0.1438700821004102,-142.335195615229,2.110527547727899,0.3294904179500742,104.94,3.47,50.16068791208609,9.020160213868422e-06,8.859544210793047e-05,0.0009697305203030475,-9.745689953799541e-05,C/2025 K3,C/2025 K3 (PANSTARRS),91,0.2756823086229795,97,97,0,False,0.19185982916585168,,0.14401562816161295,,-142.27341636739433,,2.080882791865208,0.3294456338137698,21.71284368408471,1.001455204404584,104.93553940433691,350.63689384784567,3.469652651315471,50.16352158244182,188.60078318462354,2462119.5975966654,,2025.0
0.06531654888219655,0.0650104688039721,-602.1330766140862,3.622850257821232,0.0010001447191217432,114.14,1.68,30.06843193018067,5.238625877979075e-06,0.00027890508883388065,0.0014024606570049486,1.8873853754319825e-05,C/2025 L1,C/2025 L1 (ATLAS),144,1.102241405269258,73,156,83,True,0.06593811284692329,0.06905852303888702,0.06565420919850982,0.07127974913618651,-602.2229966719299,0.0033083598129318827,3.0209078265672216,0.0009890126170452348,0.09368138618278903,1.001485745219444,114.13709443062213,208.10764542926674,1.6796868371287794,30.069830048771166,341.2493600476811,2461053.234372763,10.492572519021719,2025.0
0.036125771068594506,0.04057969639428769,315.1984447097034,3.7757332827024856,0.017446848234361552,86.58,2.834,109.63087665940647,-0.00010665724639957741,0.001223182481012941,0.0007715629986204967,1.81640942376049e-05,C/2025 L2,C/2025 L2 (MAPS),372,0.4562952019559516,367,386,19,False,0.0356711377210104,0.03532084121187124,0.04022276138338373,0.046002111831794104,315.1311161860049,0.028402690926030125,3.7698429384357164,0.017414244282728177,1.2720379496655903,0.9942950015404668,86.58399463350669,134.9857737022886,2.833665365587646,109.62565626237763,232.642395417569,2461030.163000881,2.229348965081545,2025.0
0.054884609750347195,0.0505831608765751,34.59754588107873,9.575471285468083,0.02693050286225278,64.9,10.828,79.03512257169562,0.0009092939185320059,-0.00424513504560764,0.04773218570203178,-0.0065631353431072625,C/2025 M1,C/2025 M1 (PANSTARRS),79,0.462340533585327,80,80,0,False,0.08134650534227927,,0.09044517536275448,,34.60705472502133,,9.594564459538237,0.026924875314377095,1.0051720691701955,0.9991645508685212,64.89997657653491,66.95972285343863,10.821598739169692,79.02913970757164,230.48288449843903,2462351.8893802003,,2025.0
0.09832489218551843,0.08411024379860879,-339.7919759682142,1.9980138741037634,0.18047528203630245,173.22,2.721,8.208246229548502,3.7984447530670096e-05,-0.00014597824576867424,0.0020143095968991873,-0.00018448794404291036,C/2025 M2,C/2025 M2 (PANSTARRS),554,0.3511287765797189,570,570,0,False,0.09629148873113869,,0.08618540305569201,,-339.78224175105163,,2.396814313402306,0.18047512730670298,13.43228976380793,1.0019643371728417,173.21513724153724,305.53421904582524,2.720727335330967,8.205095998089478,96.75682148694095,2461733.000470293,,2025.0
0.08067249994667501,0.06962076669948192,-2.4910317193499623,5.684487907037513,0.042055354024451416,137.22,6.471,30.7079102318703,-0.00022528858671155838,-0.0017209150709049936,0.0065998561310486245,8.403827020320165e-05,C/2025 M3,C/2025 M3 (PANSTARRS),30,0.15899996533084962,34,34,0,False,0.08378861957659446,,0.07202387177205638,,-2.483412473439671,,5.298235731919244,0.042058096682561504,2.031411726142999,0.9994207769427291,137.2214985966157,65.35533689715875,6.471388205819477,30.70407756697471,197.01773329910978,2461244.766280437,,2025.0
0.05971884972097396,0.0485361810364096,-17.082255769201964,6.388444780038778,0.07715861699206406,81.66,8.985,87.53858692156287,0.0011813947902812316,-0.003185003559806887,0.017916354709031163,9.023985596456896e-05,C/2025 N2,C/2025 N2 (ATLAS),49,0.4744930098396008,2,49,47,False,0.04780259432558264,,0.0614316154221079,,-17.074309793463115,,6.38224922208698,0.077159375765244,3.1604806316473613,1.0033876571891571,81.66123518961321,94.4589456861961,8.98493783176252,87.53517264049701,230.13401524837954,2460657.271445697,,2025.0
0.10565722690737091,0.13372958028000276,112.11748571758199,3.4272698852938275,0.22087755765878214,134.54,2.289,146.3195799450237,0.00014686426540644337,0.0006813180945925978,0.006795887374539381,0.00010972985095936139,C/2025 O2,C/2025 O2 (MAPS),84,0.4960244977042094,0,88,88,False,0.10528445320460429,,0.1341649631851988,,112.19341890052385,,3.4930078936713427,0.22086992423779672,17.9284527622572,0.99901250138715,134.5426897863518,332.31212745461426,2.2886417476043914,146.324896259442,280.24710726124596,2460819.196054978,,2025.0
0.04180182494425565,0.03983157861341434,54.22083583018957,9.660752493135478,0.00379250953112022,66.15,10.1,84.96982887151414,0.0012236855395769686,-0.0025771932414073717,0.01668190939192091,-7.353830020129237e-05,C/2025 Q1,C/2025 Q1 (ATLAS),24,0.5946042381906406,4,24,20,False,0.05543231032764654,,0.053985701458879876,,54.217520683707335,,9.646299280647478,0.003794723160073856,0.14681568615587948,0.9925011657523167,66.15037806006187,327.02379261501187,10.09989397125718,84.97273062348894,280.2271671778216,2460503.5604168125,,2025.0
0.1513471121854217,0.11111137515597927,242.0161983902276,3.7104968197723918,0.24203601669683397,90.19,2.113,149.4298721455213,-7.1020152956347005e-06,-0.0016998410042390333,0.0035211370059600013,-3.0402922399197507e-05,C/2025 Q3,C/2025 Q3 (ATLAS),1364,0.3117055683392394,1405,1444,39,False,0.14909718164097097,0.14896886338060286,0.11431824168727697,0.12230371419081675,242.04127456952006,0.2502353000093055,3.9878840983912007,0.24203575091972632,20.46373838635479,0.9973029037612643,90.18528276599918,233.14375151030464,2.112511832751158,149.42359498568325,218.4570387255043,2461097.136940703,1.352064131836681,2025.0
0.3422187846887122,0.07314873084390341,-253.0035204035612,1.7383617644443046,0.4069356687557979,110.03,1.975,97.07930033145372,5.9894124502246626e-05,-2.9290765809264485e-05,0.002161519402509585,2.150980487769516e-05,C/2025 R1,C/2025 R1 (ATLAS),379,0.5014020797011564,340,397,57,False,0.3394376098274385,0.3412426987093616,0.07634492978884617,0.07506263959961249,-253.19556355249279,0.4076072905612526,1.8673453700445448,0.40697327944820827,35.67070157739808,0.9881390697393787,110.0272332066746,60.39712615930703,1.9752260181867256,97.07790313904351,77.55266805087321,2461002.835343696,3.3362668197177148,2025.0
0.04305809293911901,0.06387154126719395,-817.3854560154705,1.6311966308010435,0.035569302108302475,124.73,0.499,14.705693554534298,1.631196569062965e-05,0.0003178417125013766,0.0014293120830116222,1.5004229649062673e-05,C/2025 R3,C/2025 R3 (PANSTARRS),895,0.7756317020095527,798,922,124,False,0.043267600931230936,0.04322856954341547,0.06394504971555919,0.060827086123178435,-817.6258831576854,0.030963981612480256,1.6504098229778876,0.03546260851181341,6.165436274443327,1.0003664429892025,124.73131217352041,38.69378782608813,0.49862717985613175,14.71321975952466,162.22434199758936,2461150.394289764,2.4828789110631764,2025.0
0.09898227679586666,0.09883087343796439,338.9999368915076,4.050090579485737,0.17290936146452743,123.43,1.109,114.26848403865569,8.583143612939104e-05,-0.00032146712111114084,0.0020277104058113228,2.1185760939568254e-05,C/2025 T1,C/2025 T1 (ATLAS),754,0.5198651138739546,500,786,286,False,0.09663137063522796,0.09114769439337127,0.10114640250880078,0.10147128221636026,339.07024680906653,0.1655071584450904,2.760638625969229,0.1729113116401846,20.160446390735284,0.9997439851176205,123.43332184514068,140.49484057324563,1.1088277403958366,114.27293672344737,114.14471350255387,2461011.877297819,9.275786367028466,2025.0
0.07305143713224864,0.15986769090755362,-84.95318240921938,1.4953190460384223,0.11100027120231126,37.28,1.952,35.479145136666084,-6.125734153195062e-05,-0.027529373862179796,0.05347526042634811,0.0022221556611161652,C/2025 V2,C/2025 V2 (Rankin),540,0.3692288454487038,574,574,0,False,0.10023060291949253,,0.20413256778672126,,-85.43144353771692,,2.097051138779753,0.1108807687191674,9.736395944582611,1.000619730407623,37.25689275422656,138.0848920667687,1.9546250611242402,35.48658552459671,102.66551375893678,2461487.464935727,,2025.0
0.014048653770310423,0.1404347327196738,-719.4852672525548,2.0568807390768113,0.12642036794322417,14.56,2.602,75.57404369186217,-2.036623786993985e-05,-1.722187227493066e-05,0.0007300630542600757,-4.017366458608507e-06,C/2025 Y1,C/2025 Y1 (ATLAS),1388,0.22917221062246862,1498,1498,0,False,0.013554966933206293,,0.13999419220874712,,-719.58621877125,,1.992921328025732,0.1264540967257997,9.625129837299578,0.9995318873643038,14.556966146041836,166.55180249617462,2.6019200519859185,75.57388845396113,124.29860367709989,2461692.5495255776,,2025.0
0.2557498829893239,0.08904721082248575,-220.16310321102193,3.811680794916315,0.34132427579908947,89.55,2.227,121.76236244874215,0.00017984252370273346,0.0018922881118612622,0.0015556182171281093,5.430238780190777e-05,C/2025 Y3,C/2025 Y3 (PANSTARRS),25,0.1968876637857868,22,27,5,False,0.25579910755372176,,0.08901914047646432,,-220.12804544445555,,3.8280440952732553,0.34133806246023063,28.08276579723712,1.0009217501228227,89.55087965843492,272.96811220118025,2.227367533792655,121.76403376325638,219.38151725492736,2461054.2021538974,,2025.0
0.06728034196213296,0.12419426497623762,608.5910081807178,2.4227484184315755,0.08417241700174245,82.31,1.938,141.63880678436774,-2.3842757995606867e-05,0.00012954074220772327,0.0009017842850409966,1.95141333536597e-06,C/2026 A2,C/2026 A2 (Bok),1258,0.35921878484700237,1299,1299,0,False,0.06819113662438245,,0.124863967137942,,608.6050498345946,,2.1619181136408714,0.08416912675899368,7.426842221346205,0.9976022799877741,82.30590929292627,206.58966665499344,1.9378107210546114,141.63520063159444,155.93720021916673,2461396.8543008054,,2026.0
0.1060170388165474,0.33231691901135024,-231.3030007447038,4.217971293612916,0.22730748426575834,157.38,4.825,144.59254321721303,-0.00039588671565193856,-0.00189985301778961,0.0063691931098034515,4.2329456818812616e-05,C/2026 A3,C/2026 A3 (PANSTARRS),72,0.2939810136718184,72,72,0,False,0.09939944048086853,,0.3260306721067838,,-231.25880421550323,,3.823340348857959,0.22739637264038667,12.709108697915742,1.001208740199943,157.3760879229836,306.99481479457273,4.824803529925082,144.5905112928491,238.6097192532918,2461676.6613093577,,2026.0
0.07075048067581373,0.12604581833442713,107.54046520689599,3.3969875685643807,0.1674028137819763,59.58,1.284,50.7600708823953,-2.6904264457283666e-05,0.0001919085256076869,0.0008070181435311964,1.1640126772904935e-05,C/2026 B2,C/2026 B2 (Sun-Gao),193,1.0636916258737754,0,198,198,False,0.07155687094093785,,0.1256756338698052,,107.58526065909336,,2.9214186086672767,0.16739804982563772,18.14602706244773,0.99757188943146,59.578889718853375,234.63743195534119,1.2842687980324259,50.75891496251936,47.29978327078908,2461050.6188095105,,2026.0
0.15374858744870468,0.06508350329107453,286.56665592541026,2.678264121697796,0.09061363919048486,100.83,5.816,63.91630183080401,-0.00011896659390264741,0.004637277887482583,0.014434180821413694,0.0006531163259655415,C/2026 B3,C/2026 B3 (PANSTARRS),425,0.32603170985752866,458,458,0,False,0.16831978741479175,,0.07952380552191007,,286.5693195215372,,3.5308241037502377,0.09064528041411292,4.622333259400403,0.9947936313578464,100.83821701870218,346.2530575356371,5.816224692646554,63.91162646033464,205.19259745998812,2461530.614127915,,2026.0
0.047419057317809606,0.08454160449819802,489.1595505978507,2.173321755962729,0.08932561917377943,99.6,1.152,141.16107124729095,1.5396748859863862e-05,-0.0020691513963981834,0.001395389759707217,-5.039385205729552e-05,C/2026 C1,C/2026 C1 (Tsuchinshan),893,0.3099236020112403,929,929,0,False,0.04707306037379314,,0.08504185085255625,,488.818572849029,,2.2920542348487407,0.0892670898480954,10.208199870890152,0.9999236123951153,99.59331965055091,3.6192958258418146,1.1524207987563118,141.1568654503307,310.71884401156916,2462082.4886399745,,2026.0
0.12113194030839489,0.07706175476764199,178.93320721781117,3.0688058771764246,0.0821815293094007,115.59,6.084,37.786830457310266,2.3325663005335784e-05,0.000563030763814254,0.0021127174756794902,1.6555597492029506e-05,C/2026 H1,C/2026 H1 (PANSTARRS),44,0.3941012647899127,44,44,0,False,0.12289988458985865,,0.07812699561765682,,178.9478603175756,,3.1739586095353696,0.08218183062023779,4.092558326319859,1.0006371260494744,115.59384805490491,178.7278115729548,6.083889444176246,37.787869506417806,349.63808175475776,2461204.8761457326,,2026.0
0.06528000951395933,0.11251196263411088,289.9489715753556,2.1934714504094974,0.0693415400625172,148.65,4.547,37.46491616561881,-8.667709809850876e-05,-0.00033669174609940455,0.0001222869922312712,-4.745612477208283e-06,C/2026 H2,C/2026 H2 (Leonard),372,0.4612102553361402,0,379,379,False,0.06581759145326478,,0.1129871502289716,,290.0509545485495,,2.384600737432031,0.06937153254566437,3.9946846200890875,1.0021410366806225,148.650387590955,5.457186582584598,4.546516907367235,37.46192537541916,111.55007479708722,2461116.829783797,,2026.0
0.03884708823718613,0.07104168368790183,29.71975794694582,4.201616684166219,0.03344073757886286,142.57,7.728,41.36120030140043,0.00013879106579217648,4.323775769421445e-05,0.004213375132337103,-3.727755391302878e-05,C/2026 H3,C/2026 H3 (Bok),59,0.37756714909402156,59,59,0,False,0.03480535971857695,,0.0671551963978212,,29.711930767819553,,3.9367750279691416,0.033435984629265995,1.4767549243129106,1.003862732727732,142.56765100734629,352.4867572914492,7.728181664276438,41.359511193491656,98.4940578128326,2461183.5517546292,,2026.0
0.04586703553194726,0.04172124524721485,150.96233626108688,4.287634604295018,0.04779618398780667,67.26,4.879,107.91899809975374,2.2538257862136923e-05,0.00016713173468474452,0.0015741447560312506,-4.284509973473405e-05,C/2026 L1,C/2026 L1 (PANSTARRS),200,0.3748917766109522,212,212,0,False,0.046538412412322,,0.042054617704843034,,151.00949975303774,,4.375395049001208,0.047783949961054506,2.6598875447687247,0.9938457410316532,67.26447470527292,130.50331383335165,4.8787452463724055,107.92290646095731,200.61464551218654,2461507.000415769,,2026.0
0.04394318593629086,0.052321383690465066,25.40608763842522,3.7451531797593995,0.08563148594144858,55.54,3.399,70.21304871094506,-0.0002022525224776306,-0.00223500361147444,0.0020034910321127157,-0.00014077637480047756,C/2026 L2,C/2026 L2 (PANSTARRS),35,0.39174320043486655,0,36,36,False,0.04419292019559323,,0.05228336438390729,,25.266072126761742,,3.771603219876643,0.08565437561350736,5.705689672263459,0.9987857721205092,55.53674229366136,283.665278595828,3.3985872199484746,70.20646519699984,359.994619760628,2461140.3107969137,,2026.0
0.0511005797767878,0.023639179226961706,-21.920563453196422,7.971321025482384,0.027549382104420574,93.9,12.052,63.379232570909586,-0.00012346479799529853,-0.0011218650421511711,0.014755528368596992,3.6872309586044594e-05,C/2026 M3,C/2026 M3 (MASTER),231,0.4693760242874059,236,236,0,False,0.05180884798304148,,0.024334680140098337,,-21.924976242281602,,7.950504061166685,0.027562341531833297,0.975000988037032,1.0007803735381517,93.89547994324985,282.36651238649034,12.051561292836046,63.37892384703543,51.13511407590462,2461452.1195523017,,2026.0
0.05804861102832685,0.06404247364061884,1.203804804554693,3.5652501987767393,0.019873460974727836,86.08,5.212,70.84342046867933,7.694649970524381e-07,-0.0011818729969519381,0.003756527733298343,-0.00022342601925817718,C/2026 N1,C/2026 N1 (PANSTARRS),83,0.3760850093993398,85,85,0,False,0.05798121329707608,,0.06397370562278451,,1.2858247839120054,,3.570249795540972,0.019878373967742335,1.0692000528709142,0.999492114586142,86.07548163518659,265.69330688143543,5.211571205021694,70.8491472904275,74.31238920510577,2461801.246432668,,2026.0
0.15269862371907378,0.10759410633288619,-217.08851096017975,0.8578843464410331,0.24180268352207732,137.26,1.5,48.08394897899977,-0.00011843360197105746,-0.002173683882261912,0.009795809248452251,-0.0002061730215923152,C/2026 O1,C/2026 O1 (PANSTARRS),105,0.26924187042926584,113,113,0,False,0.1527478285746175,,0.10751313748907375,,-216.96472288512558,,0.9083662003777876,0.24182033609456643,24.23689827243405,1.001179234372063,137.25513730782643,177.92488331776187,1.5000100348726166,48.08053902822625,304.3980629365485,2461604.864178776,,2026.0
0.10710407940231029,2.1114591711158393,-2725.5364138459045,1.1414593664938608,2.0044327317803705,63.01,2.48,93.76904736334376,7.930590893368006e-05,-0.011195815858641822,0.012269133995235307,3.340089170178473e-05,C/2026 P2,C/2026 P2 (PANSTARRS),259,0.32348241861997695,268,268,0,False,0.11215481133983721,,2.113298907508635,,-2719.7360196158975,,0.4981301447740992,2.002211263449895,156.1289069163851,0.9999318162788697,63.00225648693941,23.449469112665046,2.480297870380425,93.76661925909268,78.87405013670781,2461731.1786290687,,2026.0
