cat_d_in,cat_d_out,cat_daa,cat_denc,cat_drot,cat_i,cat_q,cat_theta,del_e,del_i,del_pdeg,del_q,des,desig,fit_all_n,fit_all_rms,in_code,in_nkeep,in_rms,n_in,n_obs,n_out,our_d_in,our_d_in_leg,our_d_out,our_d_out_leg,our_daa,our_ddirf,our_denc,our_drot,our_dtau,our_e,our_i,our_om,our_q,our_theta,our_w,out_nkeep,out_rms,tp_jd,xarc_rms_in2out,yr
0.07919612565556804,0.04912540147780446,233.3274072829596,3.8081731106687062,0.10066109152278555,144.16,2.572,20.88926842995831,5.0912071123843106e-05,0.0008079982153219589,0.0019580933779073688,6.883317181127779e-06,C/1950 K1,C/1950 K1 (Minkowski),54,1.0310603963083367,True,39,0.8771476823722786,42,59,17,0.0800548597560994,0.07994039720652668,0.04673067232783335,0.047794054435595916,233.26230039167584,0.1012278137821251,3.025535954002159,0.10065039684357306,7.704244042710719,1.00126837346049,144.15610744303314,38.8916324333345,2.572338858331598,20.88861311555434,192.4669399518426,14,0.8331548194702358,2433661.5416944013,3.8099374152210146,1950.0
0.07527110097960595,0.1100842193974742,408.1206099893725,3.5307745317823134,0.09158212272364637,45.55,1.202,69.58671503158655,0.00012960584811994025,0.0019034921811140748,0.004027363141529433,4.861855270665849e-05,C/1952 M1,C/1952 M1 (Peltier),36,3.845935825816197,False,,,10,40,30,0.07481412976539827,,0.11120771701322543,,408.16718870376513,,3.7468222321787485,0.0916098857375389,10.258083173806101,0.9998816820422,45.55464139858218,188.64296291727857,1.2019851217834288,69.59591002963543,96.58821720957079,27,4.112828477965214,2434208.7544409437,,1952.0
0.14982220451585165,0.07619766737486086,-1035.2161392469557,3.5150013194473075,0.0738510191403251,53.23,0.97,32.890046082617324,2.130396669430823e-05,1.666011168310888e-05,0.0015078330586748231,2.3795795826342392e-05,C/1953 T1,C/1953 T1 (Abell),39,2.8810016674102323,False,32,1.1788907177660755,32,39,7,0.1498369627820793,,0.07621392393721257,,-1035.1350765491907,,3.5194157470038934,0.0738550082022244,9.204891907480409,1.0008332539130194,53.228307314263375,3.0300223877776977,0.9702085858539861,32.889714678758644,194.38107605640135,,,2434930.850545152,,1953.0
0.06944575177843074,0.1415993348103199,208.49466623667604,4.598511954230382,0.1528318553787047,100.39,3.87,106.87712733649107,-4.621991276620996e-05,-0.003977681774117059,0.01557604978998532,0.00027653191429699575,C/1954 O2,C/1954 O2 (Baade),35,0.9563806987378085,True,15,0.6386401654678128,15,38,23,0.06570907069881134,0.06595089554432408,0.15590369727664585,0.15847454139739198,208.49253721579726,0.15792635810998093,3.5011384055917656,0.15283517492550538,9.537564191306473,1.0005123001350278,100.38375823128008,265.3420163315689,3.870220482963162,106.88087664517042,144.6906539869357,23,0.9407505895018513,2435332.827337874,5.938740318255265,1954.0
0.15917377091225846,0.12763144163325246,-266.9746978758903,3.301505160551988,0.23135589881110954,79.6,4.077,97.45034730837217,1.8899442577602343e-05,-3.0304731055252887e-05,0.002481438427097058,8.89014375324848e-05,C/1954 Y1,C/1954 Y1 (Haro-Chavira),57,1.2773279673654139,True,19,0.6074606969726014,23,62,39,0.15795966481266094,0.15828473004672086,0.12899869019663926,0.13069012462903945,-266.8559252594574,0.2345940266702705,3.3425677715141897,0.23132084855649251,14.064399713993266,1.0046218179503117,79.60080667587408,72.87523520547045,4.077072897220161,97.45260622851414,57.3120146533382,36,1.3949093775959218,2435499.233803403,7.008732471436074,1954.0
0.08704207088315472,0.016145703567930398,-98.94335896717439,4.1071095893606895,0.09152735400387901,50.03,1.427,95.53430637840782,-0.00010313480954871057,-0.000880376389943649,0.0003792191413712689,-5.453170781599681e-07,C/1955 N1,C/1955 N1 (Bakharev-Macfarlane-Krienke),38,1.0648623779586242,False,,,0,40,40,0.08721938741068366,,0.01626758196274611,,-99.03584661419245,,3.7053611411624816,0.09152557813725928,9.418975807392219,0.9941454829757727,50.03307695994645,303.46562506359817,1.4274510984704047,95.52831268097866,13.216900648642262,38,1.0648623779586242,2435300.0414559664,,1955.0
0.041060095898587855,0.048186961092675784,295.26378214644035,4.400950642366807,0.08771964962349807,107.52,0.885,130.236579285521,0.00020485918370116707,0.0018517248750100634,0.004011537472005991,9.802735372876903e-06,C/1955 O1,C/1955 O1 (Honda),54,1.43043205879665,False,,,6,55,49,0.04104373784481798,,0.048208909446907526,,295.50492860246266,,4.347716306251764,0.08771716723155383,11.446217884629172,1.0013158991932192,107.52527834929602,339.42343184157784,0.884625087976845,130.24091759665518,348.19982744175906,48,1.4667340016322106,2435323.562153028,,1955.0
0.019040263172076945,0.11035034235318615,-505.4149273775704,4.0565684448497565,0.1289317052646514,119.94,0.316,63.528346590669685,4.4408408730323146e-06,-2.8184733551483987e-05,0.0013820260206920763,1.528909615594598e-05,C/1956 R1,C/1956 R1 (Arend-Roland),56,1.7278119284954188,True,,,10,57,47,0.019431671407531003,,0.1100344365852819,,-505.5406272603447,,3.8640426662912533,0.12897497113441023,28.163055773708937,1.0002525014785761,119.94427312523095,215.855370896151,0.31605844094459323,63.51971526826826,308.77592913215057,47,1.3897834681185735,2435936.532410832,,1956.0
0.07543083395521188,0.10320432228976352,167.40594646556315,3.1631005082385957,0.09386716645297764,61.26,1.628,100.30216468476884,4.6431229271948204e-05,0.0011217094841668995,0.0020767901066846336,3.066271777774077e-05,C/1958 R1,C/1958 R1 (Burnham-Slaughter),36,1.1529482275781604,True,24,0.4757634372991755,24,40,16,0.0761226314877068,0.07724069667812211,0.10413599286781568,0.10693182840571948,167.3394934473234,0.10096502302455547,2.135984743124437,0.09379780162468511,9.024186704738677,0.9998913519999358,61.258481591061575,323.77701068235416,1.6282324044830148,100.30588796223653,100.73908913629602,14,0.5725934557925576,2436639.020250796,12.496071743504302,1958.0
0.08389069573091851,0.11801929028533757,-451.65175274579605,3.8019360128728734,0.20125984584378276,159.6,0.504,93.72799979856819,7.23732613303607e-05,-4.9436670252589465e-05,0.0016839878628322656,9.638577372350632e-06,C/1959 Y1,C/1959 Y1 (Burnham),37,3.5401952406411747,True,12,0.6926746915989974,12,37,25,0.08467617701010514,0.04950626820218035,0.11728607321398797,0.06502046168560235,-451.6193134511335,0.04858156715705209,3.8082606776092653,0.20129545200585375,34.79310390828309,1.0003701362197734,159.60080943368874,252.6427537520667,0.5044203859102129,93.72609001627052,306.63370596538715,25,2.596603237559659,2437014.4967163843,483.3861801297258,1959.0
0.10767801049266855,0.11974431301294743,-41.94294012969121,3.587126425947207,0.20826539642311093,125.47,4.268,59.68977716398269,3.7493770407959204e-05,8.487289491654337e-06,0.003637093876066523,0.00010762947237186182,C/1960 M1,C/1960 M1 (Humason),24,1.177493702814755,True,,,0,24,24,0.10400762052175541,,0.12307789395698694,,-41.94233985230656,,3.4919168118561235,0.2082798621412123,12.37774463192109,1.000370803418256,125.47394376881189,307.2699676929893,4.267647274326007,59.68519774649848,46.49764959087222,24,1.177493702814755,2436913.8509121328,,1960.0
0.1481270496811968,0.14101319202044477,468.8551418036677,1.8584731615932273,0.2889445133230016,153.28,2.133,77.50301352259677,0.00022653444339237883,-0.0012465200573501534,0.00713976276001848,7.842180689054956e-05,C/1961 R1,C/1961 R1 (Humason),79,1.07884812629656,False,37,0.9206433551545267,37,80,43,0.14345605138213224,0.14580871460486058,0.1459438016106059,0.1486296098429563,468.9026706330578,0.29401300082743403,1.7099474069012346,0.2889811415676804,24.35157637410052,0.9898406343732987,153.27667982851966,155.44286513067377,2.1335481526555875,77.50058993868788,233.57189201704242,40,0.7904391436254997,2438008.719604525,11.069487273876046,1961.0
0.03793203780853013,0.1073058732580287,444.0237210665505,4.014514060215653,0.06945770013356828,86.22,1.537,21.27944807512209,-9.469962770802809e-05,-0.0007318176503332552,4.6149614411535485e-05,-1.0811733956561653e-05,C/1963 F1,C/1963 F1 (Alcock),25,0.9127158291608677,False,12,0.2906972701116268,12,25,13,0.037970875791767736,0.037262485246621936,0.10735667973582824,0.10893251839394603,443.9539456551581,0.07187349882285944,3.973731444128753,0.06946530081333879,6.882266887770449,0.9978248027618543,86.21806159188401,43.46569076070384,1.5370696096706544,21.276936217795075,146.62109338584656,13,0.5786090298764285,2438155.379667617,2.1993402006267146,1963.0
0.09375920894081606,0.10377396094771187,921.3562149057998,3.133398061124096,0.10212178474715164,67.97,1.259,71.30959673786155,5.791354759532297e-06,0.00021629723322291738,0.0013148440817129044,2.5881113455472615e-05,C/1964 P1,C/1964 P1 (Everhart),40,0.9036674693488473,False,,,7,40,33,0.09412659475379734,,0.10379539963428953,,921.2311677558109,,3.0938788705085596,0.102059122086278,11.174385376380776,0.9965019790202367,67.9692281426222,280.4446851388957,1.2593044484436384,71.30401113307599,20.68720907573459,33,0.9253017731546244,2438630.686332453,,1964.0
0.07321693588149511,0.14402736515037448,903.5885523591995,4.398696944755446,0.08981848280711291,65.01,1.294,115.96186222505429,-4.633158942501936e-06,-0.0009584150208610254,0.0012622904614896615,-1.0943105152261268e-05,C/1965 S2,C/1965 S2 (Alcock),27,0.9371258927111672,False,25,0.845640802604624,35,37,2,0.07327309184174075,,0.14412096562520682,,903.5989969331476,,4.419702175752003,0.0898185253907648,9.692094391017461,1.0003401368702816,65.00984070055428,175.62078905019837,1.2939478318461697,115.96316669563679,150.52095969879971,,,2439059.6366778067,,1965.0
0.06271251506199975,0.11356845018160557,512.226819450269,3.4780495287520212,0.05722185787228642,40.26,2.385,97.5589866986905,-1.3614145264240207e-05,0.00030152165587793434,0.0006080507112633643,-1.7639327278828887e-06,C/1966 P1,C/1966 P1 (Kilston),230,1.3589600357842204,False,217,1.3481197158663376,217,230,13,0.062029143746077625,0.06389378495327007,0.11294463147668021,0.10490793993747342,512.2000130918303,0.05134361638543703,3.578337602643536,0.05722272688242481,4.549116069364062,0.9994666349021895,40.2648371032436,156.05128142647766,2.384767080043275,97.55725075660038,154.48533132136217,13,1.2990384400325103,2439426.5783418,2.0688672247762163,1966.0
0.07595590302619636,0.13607993272608232,714.9358697761141,2.332960767079693,0.060490561488886235,28.71,2.019,88.93913609040106,-3.321983680237839e-05,6.506981858223071e-05,0.0007971965406022381,-1.0250279343537727e-05,C/1966 P2,C/1966 P2 (Barbon),90,1.1221729086590555,False,,,0,90,90,0.07512882828361334,,0.13521627485877583,,714.8934826818403,,2.341213284260913,0.06049009008055023,5.228196120729685,0.9980767907164932,28.707680609892122,167.68939650052477,2.0187310000950873,88.93444698469155,136.16509842512116,90,1.1221729086590555,2439233.279694523,,1966.0
0.20648014871235362,0.055586752692710614,-1015.725641420909,3.9522249527605218,0.1781623655422802,48.28,0.882,64.38270249723105,-0.005696977660249347,0.02633032882192765,0.21848864906911672,-0.002264838595859908,C/1966 R1,C/1966 R1 (Ikeya-Everhart),24,1.625007722654599,False,,,0,25,25,0.20444870745388713,,0.05614228053803499,,-1013.6254970258433,,3.834168105400403,0.17601432154404834,23.077921419137624,0.9943493988498757,48.305205956633735,107.66840472897287,0.8795683941932296,64.56399255829622,49.82023680257149,24,1.625007722654599,2439342.820849251,,1966.0
0.09158883939178446,0.060233779000931256,-938.6768584432339,3.4171208893389657,0.03136728706225837,9.08,0.419,57.495318208176116,-2.327832140558428e-05,-0.000548223658880076,0.0016719303830813642,2.9219866449492482e-05,C/1966 T1,C/1966 T1 (Rudnicki),49,1.8527527072323542,True,48,1.7429442990208133,48,50,2,0.09265078128024123,,0.06128796683182848,,-938.5569121758905,,3.9118499899362993,0.03137407651414603,5.948545095602859,1.0003669068428054,9.07925991909688,75.71001941581923,0.41923848815182957,57.501914965634576,79.78235601160601,,,2439511.384569031,,1966.0
0.08721541404782399,0.09425399637506227,-202.86829878222892,4.5751187109149445,0.17813093483597864,99.11,1.327,84.75453582883947,-0.0025267783487518125,-0.01631091696297915,0.0247557638279147,-0.00023328330415495202,C/1967 C2,C/1967 C2 (Wild),52,1.7377120742134038,False,26,1.6208319539274114,26,55,29,0.08690811290731443,0.07798310257775291,0.09405629623777816,0.11055738336766054,-202.78378308040192,0.1883703594448559,4.576485480516267,0.17762841656300532,18.94610009072243,0.9974732216512482,99.08876537348027,306.8582624308112,1.326920948850834,84.75880691232257,173.28710923820387,25,1.5548469479545757,2439552.0306721264,3.1106159860274776,1967.0
0.03452827935369025,0.03493090813781646,222.0158825314606,4.649279961706263,0.012782010067321721,56.71,0.178,91.04630899508832,0.00021252669869809004,-0.007544126646031657,0.017854360779831987,7.434318747839841e-05,C/1967 M1,C/1967 M1 (Mitchell-Jones-Gerber),37,1.0567437130335724,False,,,0,43,43,0.0343915614667854,,0.03513761836190985,,221.7832701944127,,4.457062345661434,0.012415575455414675,3.6091845806362084,1.000212526698698,56.70049877174148,32.27736643686757,0.17832407651547189,91.02438846280339,78.96974157631222,37,1.0567437130335724,2439658.285097391,,1967.0
0.09582832625455359,0.10798245363011437,-137.62687450944145,3.1098494033152666,0.20377553230630271,129.32,1.697,37.954600190361845,-7.115046806471792e-05,-0.0009262990546403671,0.003498831259935904,0.0001355498965227575,C/1967 Y1,C/1967 Y1 (Ikeya-Seki),198,1.3490833673022147,False,93,1.1844512926189794,93,198,105,0.09272989583520519,0.09845850752063579,0.11109758813105912,0.11307837016858412,-137.67540865317676,0.21146217199775424,1.7982603417478173,0.20376888494333964,19.211064490572532,0.9990852093783449,129.31441318583066,255.32423195986206,1.6967141950865878,37.96057726819236,70.8693261854619,104,1.1425368426552875,2439912.205634291,3.3220797445499017,1967.0
0.10291771466156714,0.1254650985135848,-464.891954519313,2.5803409514142412,0.21928453191583988,102.17,0.68,36.23605589573218,2.1664347289784835e-05,9.404986255390213e-05,0.0001535271001629152,1.814178880010786e-06,C/1968 H1,C/1968 H1 (Tago-Honda-Yamamoto),34,1.6863439641637228,False,17,1.5041980847577434,17,35,18,0.10259098423134673,0.9660803527427946,0.12590906123269735,1.3403527820596761,-464.83333436778685,2.295776450920507,2.5724646092819206,0.2193801401012381,32.684389786989016,0.9962378172188218,102.17035487700456,233.1083816168705,0.6803783709707221,36.23243045964332,50.44660278175424,18,1.8842522243886255,2439992.7706916574,4.613280245549902,1968.0
0.1415727038595324,0.07315120028229825,-952.8555896546308,4.3624841042738165,0.09632320883639252,61.77,1.234,41.94555166406354,0.0004220881574628077,0.008398928544565365,0.004631173641738069,1.32321246206768e-05,C/1968 L1,C/1968 L1 (Whitaker-Thomas),22,1.921296786723646,False,,,0,25,25,0.14116052488776124,,0.0722016682887549,,-952.8028120497245,,4.253487302028982,0.09626546833527244,10.640387423055957,1.0004220881574628,61.7757665823362,254.71644283070466,1.2340194425260838,41.94285149766398,353.97333158634393,22,1.921296786723646,2440012.0048609506,,1968.0
0.2370135225689746,0.0693502901350603,341.9945357994396,1.8464163813612275,0.21516082369010026,143.24,1.16,128.23418923067746,0.00026660747791740214,-0.0006419033934434992,0.0053998005734610735,3.405363581254761e-05,C/1968 N1,C/1968 N1 (Honda),137,1.2013000883637355,False,24,1.1733090355199038,24,139,115,0.23708072105297948,0.22755408302646435,0.06946527622579678,0.06651045435269017,341.44570552778396,0.19528741382331186,1.8800829810171467,0.2152721227314684,24.5299164356141,1.0009829494075815,143.23761215417636,106.74616428192355,1.1604724460709306,128.2310738163003,88.72030877298278,113,1.1908693287492365,2440076.4240219183,56.024776177075104,1968.0
0.040419384998971866,0.009843672118381695,-61.503444120445295,4.108189053146877,0.04679341509095216,93.17,1.771,96.11124774325204,-0.0020307562667588597,-0.019012739739295625,0.038455097877270326,-0.0001638692062209124,C/1968 Q1,C/1968 Q1 (Bally-Clayton),53,1.4738284102234476,False,,,0,54,54,0.04034369594607568,,0.011140407713119879,,-61.0096778843274,,3.0484821176145123,0.04704191163578351,4.342461674063637,0.9979692437332411,93.15036400455855,319.38613686897213,1.7709297731969962,96.09266385669447,26.902910085524084,53,1.4738284102234476,2440089.345553125,,1968.0
0.11547039522977585,0.13087121016718625,-218.49382932158198,3.4967332341170505,0.1029530341912607,127.91,1.099,112.06528796280458,0.0012742668699019521,-0.004808611819683506,0.025392735917472233,0.00017827432535733045,C/1968 Q2,C/1968 Q2 (Honda),35,1.2342831015177969,False,27,1.1021954646017251,27,35,8,0.11556625284183517,,0.13094625965580395,,-217.81108472790567,,3.5128785031489236,0.10287422297622018,12.045050008077695,1.001274266869902,127.90771518637771,253.29797486505066,1.0991864299860863,112.0860956582039,282.7819604353892,,,2440164.3360000765,,1968.0
0.0884847036837135,0.031859309985299955,98.18613002538746,2.8590751910833565,0.057164583370365646,45.23,3.316,99.8180698954141,8.486834914056551e-06,4.719908243089321e-05,0.0022069327137320973,2.9435754632434197e-05,C/1968 Y1,C/1968 Y1 (Thomas),48,1.5939758682137637,False,16,1.311122627681318,16,48,32,0.08809050494871074,0.084606772062635,0.03132017230026631,0.030027434134819012,98.19229196220385,0.05734540513491255,2.79042511976203,0.057159118333236815,3.8581354581905316,0.9953107242015243,45.2293936857211,16.109903055887585,3.3161269722307716,99.814752071768,82.5851448683408,32,1.6848988550541697,2440233.7613264755,38.34155961437701,1968.0
0.05771073312773235,0.30828416905988815,1182.6942801781129,3.2666979223034907,0.35485057639540823,8.93,0.774,84.260367921822,0.0001804604637929419,6.482515006211997e-05,0.0029107043081485675,3.793208466451592e-05,C/1969 P1,C/1969 P1 (Fujikawa),71,1.8878193001649202,False,66,1.8851238371107235,70,75,5,0.05739291744072254,,0.3086518095799789,,1182.9063086739231,,3.2629404500977626,0.35488810780409813,49.522490108466585,1.000180460463793,8.925266313771042,192.39718218401904,0.7739569459658463,84.26766673697209,299.01498829931944,,,2440506.947725341,,1969.0
0.08809162142309562,0.08447435296175171,-76.24865969287816,4.880848008597849,0.13629408988171202,75.82,0.473,115.19977958999485,5.8984711308607274e-05,0.0003270679309537172,0.002084388008923039,7.159387353128377e-06,C/1969 T1,C/1969 T1 (Tago-Sato-Kosaka),304,1.2847003827625187,False,25,1.2098228706794238,25,305,280,0.08849138734340835,0.0723748277206468,0.08415792033631737,0.08114252002413147,-76.18086972380371,0.02483862811537916,4.835065500954998,0.13627622600020792,24.33545876329819,0.9999851615267672,75.8180770663843,101.6593011712332,0.4726465113610496,115.2044444339783,267.83647171948724,277,1.1861946102311214,2440576.7678112066,907.0637499443345,1969.0
0.06015085953594257,0.0705404990516762,-191.15151873762807,4.630414113561229,0.12732990902856975,90.04,0.538,21.566138259533496,1.29640749532145e-05,0.00012431003838742072,0.0024513029850844817,2.1539238309720155e-05,C/1969 Y1,C/1969 Y1 (Bennett),529,2.527502849556615,False,159,0.8717306827371104,159,548,389,0.05983386076357175,0.06285226602873986,0.07079546911428282,0.07361267577396312,-191.161413764773,0.1307520661498523,4.776198070635344,0.12733358836807562,21.339645239873793,0.996306244351832,90.03993535589636,224.65779830040177,0.5376416854723071,21.56405384706864,354.1515366977285,372,1.7380187135233727,2440665.5454230094,30.13187842750336,1969.0
0.09029934201727767,0.10580080523533708,-67.06239496327674,4.024880080915624,0.19467159280060128,126.72,1.113,65.61699513428971,8.841790582581055e-05,-0.00047475253910533866,0.0017887093600605273,1.9035403868050693e-05,C/1970 N1,C/1970 N1 (Abe),282,1.4625842812331138,False,213,1.2810788526932695,213,282,69,0.08777118318110076,0.08541226613314665,0.10839355458696635,0.10895648329896446,-67.10559886913367,0.19284208126632935,3.1041276568789087,0.19465853172147146,22.65745418431922,1.0001253349660109,126.719435063406,21.701905329483637,1.112559577713323,65.61529884910588,96.58542980958995,69,1.3190938556370542,2440880.1991098253,11.743051829823843,1970.0
0.08541811616188102,0.04873830474960449,-585.8669963072051,4.592907469784542,0.045359585000001625,60.79,0.405,71.95213437610454,0.0005462196019101473,0.003055720460423572,0.01928694507356472,0.0001156283315792428,C/1970 U1,C/1970 U1 (Suzuki-Sato-Seki),51,1.7858297011252864,False,,,0,51,51,0.08582992109377291,,0.048822438155792236,,-586.4237426655801,,4.52632776031607,0.04585777902116746,8.838976126802201,1.0005462196019101,60.78810580761138,293.66517686900215,0.4056082172830152,71.94333449780002,318.5460858733434,51,1.7858297011252864,2440861.295452686,,1970.0
0.08840677928065198,0.08928508647389055,-345.8366777824502,3.2850559147049117,0.15501102241161716,109.68,1.233,75.5616762647101,0.0001948943195346775,0.002260154011722193,0.007243682808393738,5.821101994829547e-05,C/1971 E1,C/1971 E1 (Toba),135,1.973632731075359,True,52,1.2416771901714854,52,138,86,0.087276795322173,0.04006852192731609,0.08975129140707104,0.11710175790188128,-345.7857616363028,0.15437585992433253,3.062107699709684,0.155056422682775,17.13845370528806,1.0011724517684286,109.68649679556282,104.07885860350423,1.2334042904494253,75.5611866739709,152.369186846861,86,1.7748887229810024,2441058.7492388887,26.958122427985348,1971.0
0.10005056720252022,0.08866217022446417,-44.21459001573294,4.399506750516225,0.18632232378720942,123.69,0.927,83.05967203996991,0.00018646969468505414,-0.0009060269035501278,0.005329023616289261,3.2173730264983824e-05,C/1972 E1,C/1972 E1 (Bradfield),83,1.267464704968106,False,,,2,85,83,0.09988601406764473,,0.08884018750042622,,-44.14372698575062,,4.31915539435457,0.18633277513107432,23.76666366981878,0.9983272678160604,123.69178242167435,160.29830373988344,0.9272504234380167,83.05529466333975,257.7037366150956,81,1.2747925331805694,2441404.201128647,,1972.0
0.24959840420692359,0.09655236273257393,-672.1272097699385,2.501593543732436,0.31703611074503607,79.37,4.276,47.36233902137435,-5.264632514090373e-05,0.0001595946815058369,0.022300658251208992,0.00026915044672559674,C/1972 L1,C/1972 L1 (Sandage),148,1.513297873744325,True,112,1.4727278652871971,114,150,36,0.22940984948409973,0.24052394907443775,0.11830990813764591,0.12060895237925941,-672.0132277868487,0.3315134710004243,2.279881620013174,0.317022614749512,18.822122700885707,1.006291164751619,79.368219823889,225.4900742698143,4.276009901522899,47.364820723862536,56.67603952846764,36,1.4673826169790494,2441636.288411467,5.637689233903796,1972.0
0.04174291630805209,0.09957883109086622,-348.4702228897977,3.0351459379841854,0.13336883064411173,141.86,2.147,150.96290898964494,-0.0001605948158736048,-0.0010418907294535984,0.003509198679019493,0.00014887849042910517,C/1972 U1,C/1972 U1 (Kojima),271,1.427310268712578,False,240,1.354817547351769,243,273,30,0.03848190003128204,0.04041719942849623,0.10008671680084182,0.100919570673492,-348.47094634462627,0.1355614792448888,2.423142233202637,0.13333985007169846,11.172838677352033,1.0008819166939114,141.85451631749186,43.1893363472674,2.147183223943752,150.96151159317733,334.3103233523182,28,1.1229930512899284,2441725.7780976333,7.756437453219099,1972.0
0.08770409541718624,0.049369432376106005,-120.96859250672048,3.2898000639743645,0.04496064396951271,113.09,4.861,124.96710450416991,-0.00019229752686078516,4.551472879654739e-05,0.03607393683074501,0.0011759857591062683,C/1972 X1,C/1972 X1 (Araya),72,0.8011562997038688,False,12,0.493107416071229,15,76,61,0.05314673501336598,0.022368277521739508,0.014582301116538944,0.014182073719393269,-120.99510113546421,0.0365421498301,4.628252642477228,0.04496143687064209,2.5046899284245643,0.9993049538013801,113.0900043761442,314.88609353657534,4.86201566966932,124.96805883793323,267.24769931015413,57,0.7512160524575409,2441670.4840462375,110.16509404306304,1972.0
0.05957052562319314,0.09542955253442639,312.2734796746172,3.4946076270681274,0.12049668894939669,138.63,2.511,35.31749844856059,8.492115187852534e-05,0.0023677095982463925,0.0035334407796046604,-7.393855244153258e-05,C/1973 A1,C/1973 A1 (Heck-Sause),199,1.3789481154060452,True,,,0,201,201,0.06301911227039976,,0.09460435088481495,,312.25044136341376,,2.3618579130099238,0.12049782389576519,9.335523066089122,1.0006581084933825,138.63251745958684,175.88216886953293,2.5110362501749575,35.31840269331781,346.2388037809125,199,1.3789481154060452,2441595.970295591,,1973.0
0.04229029607541823,0.6299081943774261,547.1845271844179,1.2743370510130223,0.6413631764302355,121.6,1.382,91.28320668891077,5.908457943237799e-06,0.0003099597413012134,0.0003337065943112888,1.253548000645921e-05,C/1973 D1,C/1973 D1 (Kohoutek),42,1.4178301717175346,False,36,1.4701012004783776,36,42,6,0.041030739422860237,,0.6313950620746649,,547.8447826306722,,0.7378224749390462,0.6416229171721616,67.03768206461153,0.9987556392039219,121.59837261359411,164.81773582751714,1.3820333845194135,91.28185357982848,74.85969672620568,,,2441840.6807397953,,1973.0
0.05901848760162027,0.03725820021516869,524.8244862202271,2.840261172398113,0.08954278400827949,14.3,0.142,79.70419789660481,8.919181078148597e-06,0.00044752090540178813,0.002421421740050557,1.5850931406380386e-05,C/1973 E1,C/1973 E1 (Kohoutek),829,1.4939803637757965,True,439,1.4431406954342807,457,856,399,0.058449412926234116,0.05856716195559365,0.03676300646358802,0.03464932935473508,525.4914500165003,0.08630308405726728,2.5946424185864227,0.089272143233135,29.037674886244268,1.0000167290665962,14.304592455365501,258.4950451280796,0.14244088322882198,79.69903389297976,37.78990512552456,389,1.3880793965348455,2442044.930683474,49.03665977374348,1973.0
0.21568258037519747,0.08389069971918826,-23.25601484068659,1.8143325402674642,0.13271276643944815,137.4,4.812,27.222989057312407,-1.978617533371363e-05,0.00013401304974536288,0.0014712281285766376,-0.00017406015135978947,C/1973 N1,C/1973 N1 (Sandage),34,2.9538002326118074,False,12,2.016753850660571,12,37,25,0.21703915468483717,0.1866491673355223,0.08507491185436931,0.08578540772110413,-23.194120696829827,0.26576972205812394,1.4237758637630227,0.13280715568099918,7.437588091170155,1.0002059149531273,137.40376065321524,279.2438309245593,4.811877332928681,27.217670423494813,72.54698025690226,22,3.2018306832700265,2441994.6565937498,286.02456984668527,1973.0
0.04083392403131382,0.04954885550911568,13.527206796274982,2.720323413209079,0.06336019004225736,61.28,0.503,89.75055947132928,-9.536549395616767e-06,0.00020742435287246508,0.001666619703316587,-6.540073001937152e-06,C/1974 C1,C/1974 C1 (Bradfield),196,2.0421438006094594,False,28,0.8164859819196176,29,198,169,0.03886305853947002,0.03983424729322176,0.05153257148455729,0.0498968863487772,13.08552535993374,0.06243706151242599,2.4579758028051746,0.06332503138292829,10.960067416738216,0.9997244964476694,61.28478808468968,143.7316061014077,0.5031834674315955,89.74355959883148,333.1326805311406,166,1.444116441008908,2442124.856376948,17.06688522525622,1974.0
0.04125653621523867,0.05568627719978027,481.2869128467986,3.157751038801161,0.038285425016955144,50.65,3.011,79.05856911660054,-0.00035139273362061463,0.000441236896470798,0.007544087474673309,4.486224797428662e-05,C/1974 F1,C/1974 F1 (Lovas),142,1.316716004601103,True,106,1.1593031904335418,106,143,37,0.04620317515183106,0.044855200401703495,0.06400802213904318,0.0662498061199884,481.2821956595706,0.04278926884686675,2.6166457402756373,0.03829863375764096,2.7093626240197906,0.9994460923461755,50.64884854192828,12.367617592350843,3.011518652834145,79.05856830312405,261.37066303417896,36,1.4271239233251838,2442646.66392757,9.88593155148532,1974.0
0.047780225200663315,0.12369149575284982,557.056889176594,3.6495436124293,0.16281999970379823,60.86,6.019,142.55705025419692,-0.0008348255274452931,0.009010307731976752,0.045973885498578865,0.0015784156236930968,C/1974 V1,C/1974 V1 (van den Bergh),46,1.1294909777885185,True,,,0,46,46,0.019916423623073786,,0.16751201629495424,,556.9083356766533,,4.592821478065696,0.1628213210579369,8.146432889771523,1.0028301946513407,60.865180853879146,226.10385939783646,6.020748277256699,142.56327279527454,151.84051992162767,46,1.1294909777885185,2442267.633461203,,1974.0
0.31881291440191056,0.02906299971877238,-863.4591103818395,2.4362248271034357,0.3473725089283089,55.24,1.217,134.06081556805884,8.569028860394567e-05,-0.0008939077693597142,0.004164829917537463,5.11579412627583e-05,C/1975 E1,C/1975 E1 (Bradfield),54,1.5982692433890906,True,12,1.3758182445549088,12,54,42,0.3160837492430456,0.4668813864238737,0.03164344892105325,0.03315634125650608,-863.4203278700774,0.4999533917588244,2.217364504157129,0.3473774328436804,38.656641266927224,1.0014920779355319,55.24298492286412,157.90905240723728,1.2169968327583527,134.05712423723617,264.13465886974876,42,1.5481587400896861,2442507.0801388677,743.6940009997237,1975.0
0.11807567750722492,0.06457207987925188,-691.0819149909914,4.756353489183792,0.0669652089951081,80.78,0.426,89.86825026007158,1.4852652983288195e-05,0.0003012265964770222,0.002437413243116777,1.5875263800202433e-05,C/1975 N1,C/1975 N1 (Kobayashi-Berger-Milon),386,1.6444172534126673,False,337,1.4237711397134964,348,396,48,0.11482494429656515,0.11571192983262596,0.06334804304012827,0.06339808148965101,-690.9866232380798,0.06730410796583841,4.59227109542276,0.06687016689025038,12.584733499995176,1.0001066119005473,80.78160193892596,296.35195148106794,0.4255799972392204,89.86526764132834,116.97190445457241,48,1.5519043197332314,2442660.834838349,5.082322702967107,1975.0
0.13929335953791172,0.07072748308917948,-418.6784275317027,3.1831412286407823,0.1686233940889149,91.61,1.604,113.28294332575511,1.5226396088197092e-05,0.00031334116735592943,0.004059624151456753,4.9683626532015523e-05,C/1975 T1,C/1975 T1 (Mori-Sato-Fujikawa),196,1.648922273555904,False,138,1.3735986624930525,138,196,58,0.13458927330534315,0.14048057182454554,0.07316596799799036,0.07435302089811878,-418.7029139751278,0.17697235041333598,2.9268245192424103,0.16862121091186547,16.357615653752536,0.9974726771591125,91.6080345435376,278.67812547763884,1.603983429355059,113.2813829576737,246.245255156089,57,1.329411962510719,2442772.377715807,12.3517774791623,1975.0
0.11554213543693229,0.1628921560912882,1273.744832120216,2.3896124023695022,0.18789279294304986,70.63,0.219,58.11250857293262,4.1991657316664543e-05,-0.00019234697178660554,0.0020002392969858847,9.035250395861283e-06,C/1975 V2,C/1975 V2 (Bradfield),82,1.7442956705712893,True,43,1.2896127078629314,43,84,41,0.11714478039420413,0.1323112082594789,0.16293356713829046,0.16704099718441454,1274.0546927055711,0.20433110646840785,2.3878384984872953,0.18792505377487884,49.327779895256654,1.0000573759050646,70.62596800148374,271.3128078340027,0.21872974194678385,58.1150710095694,358.0918491710394,40,2.135117561407445,2442767.6812153743,46.53467409660247,1975.0
0.1309899440936506,0.07203631897855838,-728.0345583465305,3.5437517307950803,0.1631783238507569,93.96,0.864,118.00812445050433,0.0002494452449823825,0.0020706064980657857,0.0015411388966345787,2.8198502070031495e-06,C/1975 X1,C/1975 X1 (Sato),82,2.9513179546961834,True,73,3.000929320426525,73,82,9,0.12949387157138256,,0.07276542393193537,,-728.0635136233357,,3.6132527417733145,0.1632490199137909,21.554785072717486,1.0017574461057603,93.95919251108359,281.49672439111896,0.8639732303684129,118.01023431327783,215.46146103436058,,,2442781.417951298,,1975.0
1.793051861580221,0.0731726578915641,457.4247283169361,0.7962657940403061,1.720060858135486,46.83,0.848,94.82727464930787,-0.00011761255156561568,-0.002107626299427068,0.0013793359226488596,4.68885805771091e-06,C/1976 D1,C/1976 D1 (Bradfield),37,2.85745789007404,False,,,6,38,32,1.6087720086669066,,0.07143124634647958,,560.8291990605449,,0.26916084697110626,1.5373976770532676,205.2964278477633,0.993307713266034,46.82882746504264,160.79461293877475,0.8477973093487148,94.92499499778933,313.00024613575783,32,3.373284478704565,2442833.1326941946,,1976.0
0.07828494317151374,0.03775320426263834,-2.8164597073196305,5.9759538058534245,0.04212902177007916,112.03,6.88,30.16965219541203,-0.0008440431548459859,-0.004727311640692733,0.02984453899019031,-0.0009593544845341029,C/1976 D2,C/1976 D2 (Schuster),56,1.0176749051411338,True,,,0,57,57,0.10617923936367935,,0.06704096221182754,,-2.806234952710412,,6.011083556501162,0.0421238879771481,1.9719272228060163,1.000275430668092,112.02217911958961,22.776979107349874,6.878611321405369,30.168241072606126,193.33444432500005,56,1.0176749051411338,2442427.205666958,,1976.0
0.06536242505801794,0.04656779734501974,526.1046313143366,2.3564862263915116,0.06537909476043577,38.81,1.569,61.195177426921525,-1.6176540927448357e-05,7.12141741203709e-05,0.0003758218156683959,8.081097431889006e-06,C/1976 J1,C/1976 J1 (Harlan),43,1.756403044047996,False,43,1.756403044047996,43,43,0,0.06461464927725002,,0.04567716027347276,,526.0899516206972,,2.6520887982758476,0.06537614915034978,6.407719420583137,0.999726227263519,38.805699418617,81.41154682251417,1.568859423792657,61.193393225711795,193.26522734440618,,,2443085.6514936145,,1976.0
0.05551970411813089,0.07836530800598862,151.7078744692326,2.5420216201575148,0.022895955487928405,86.63,5.857,89.7537495731727,-8.705303346512316e-05,0.001800065803763573,0.02778514170890463,0.0007082737659471761,C/1976 U1,C/1976 U1 (Lovas),35,1.522417952908071,True,,,0,35,35,0.031786404541545035,,0.053609032898120655,,151.60832641663387,,2.533619422634554,0.022898445180335934,1.1615174445674015,1.0035813208635218,86.630454870811,286.04024655142155,5.858190323777516,89.75471800355088,118.8386870027129,35,1.522417952908071,2442966.097176088,,1976.0
0.1325706208637722,0.14948601433035355,-46.31295530668697,3.7644661987651755,0.2664728281230537,64.52,5.716,67.83908124413671,0.00011692048047473591,-0.001572723041675772,0.004303065104124848,8.387268211329513e-05,C/1977 D1,C/1977 D1 (Lovas),30,1.3594006314855307,True,,,0,31,31,0.12794323015974662,,0.15467414279060518,,-46.365534160483236,,4.2925250472846015,0.2664397975984865,13.68518465884905,1.0035205022327187,64.52071229130168,338.1730089475834,5.716077046202085,67.83505885658379,146.3162474887384,30,1.3594006314855307,2443083.831897946,,1977.0
0.08349161623567729,0.16508538539200954,1079.5560806225153,2.524422925745061,0.11817410787333359,48.71,0.991,130.70489965542575,5.468456006219036e-05,-0.0001238197212174441,0.0028883125466427936,2.880770331536997e-05,C/1977 R1,C/1977 R1 (Kohler),416,1.558534711989155,False,281,1.5338437690930933,299,434,135,0.08696482748605713,0.08468011744039344,0.1670694278126647,0.16727066147775746,1079.684037172621,0.11946494942825404,2.43024230583392,0.11816181559923175,14.57516518688665,0.9996040326494438,48.711741653967294,182.5215492559875,0.9906052955235247,130.7031854550531,163.49012395804849,133,1.4851936289252297,2443458.0699882694,3.2579017166747217,1977.0
0.20843925781446485,0.14070361481400925,235.03096679968272,2.2770613217348346,0.34799416450898196,168.55,3.603,166.73601613131999,0.00015922338389617874,0.0007382870907122197,0.009953136646735354,0.0001992443698948243,C/1977 V1,C/1977 V1 (Tsuchinshan),69,1.3752168764850183,False,,,0,69,69,0.19854354288538453,,0.15093087017644044,,235.01300203190945,,1.6387831205255172,0.34799910879141266,22.510172438342448,0.9995552921492089,168.54944456471722,5.287848187296195,3.6033880420050077,166.736930113833,318.18844802693957,69,1.3752168764850183,2443349.3485964863,,1977.0
0.09885665125382563,0.06942576295853804,-134.88195953684445,5.0494810398523216,0.0811318546090219,116.92,5.606,28.27618342069668,0.00016740440162155146,0.005212925761824749,0.004874607495428638,8.120984729220737e-05,C/1978 A1,C/1978 A1 (West),58,1.1680827547359736,True,,,3,62,59,0.09449432987891966,,0.06684763550669842,,-134.86723292826767,,4.760029412949904,0.08112363881688962,4.2063183183147865,1.0028625133386375,116.92625743375513,211.6244323582771,5.606320179744114,28.27263472383486,343.2785615681067,56,1.1835736377914705,2443345.948860645,,1978.0
0.08711659185834332,0.07640017664330442,-61.0476854363111,3.42008735476762,0.04047608444588067,51.09,0.437,76.14323368630465,-0.00037522826641134266,-0.0017739877367972667,0.0060290932705420325,-4.895121153830617e-05,C/1978 C1,C/1978 C1 (Bradfield),74,1.2142801202645674,False,74,1.2142801202645674,75,75,0,0.08701019572953819,,0.07641170686315993,,-61.20994883522303,,3.4225593249528736,0.04073812294515926,7.570353711569424,0.9996247717335887,51.08494974235434,260.4907860344176,0.4365246368495993,76.14308343124532,48.7165626001793,,,2443585.190875155,,1978.0
0.20357127678175532,0.1066417349158229,-1052.4393593146247,3.3460281567959336,0.1011963911741665,43.76,1.137,45.78866677834855,9.120182465993665e-05,-6.609674367297202e-05,0.003379186477506403,3.498468497564744e-05,C/1978 H1,C/1978 H1 (Meier),276,1.4322248159988886,True,117,1.0904478872188386,125,286,161,0.20183904888654275,0.19710051790747515,0.10521601081670712,0.10227197802824212,-1052.4721297960368,0.09941784946370956,2.6964589206689875,0.10121840093565064,11.655457562746028,1.000940880327135,43.76131490979413,349.34420523700965,1.1365612523527826,45.7906023460415,231.40583219152072,153,1.2826778737199271,2443823.909276579,20.58806082563111,1978.0
0.14957124183843945,0.1185872144615137,216.09421756686302,3.258799008750051,0.2643416483632181,130.64,1.772,135.71485638237877,0.00014145650733032866,-0.000535606007304068,0.00846925364996423,0.00012128658256260749,C/1978 R3,C/1978 R3 (Machholz),51,1.8649247346462854,True,,,0,52,52,0.14245736373292522,,0.12660888846539448,,216.10981203096674,,1.2783930553110223,0.2643094104663218,24.377509064710203,1.0004228951214174,130.63589077465988,290.6790270748069,1.7717095196350086,135.71702604797224,224.76319629985866,51,1.8649247346462854,2443734.1726288926,,1978.0
0.1398869486754625,0.057467239484203174,-935.153302998101,4.1927302896872245,0.08979675671220008,67.83,0.37,42.84886017253904,0.0001546395375318088,0.00572119322889364,0.014666572824084428,9.899249279160527e-05,C/1978 T1,C/1978 T1 (Seargent),35,1.8291301240113438,False,,,0,37,37,0.14019974864969598,,0.05774508521419817,,-935.4775913068356,,4.0362116713579805,0.08979471506915926,18.131262182042676,0.9984878868938192,67.83399641041296,41.77001096190792,0.3699749446847465,42.86054768355312,207.77153719348115,35,1.8291301240113438,2443766.349177668,,1978.0
0.12259740520542203,0.08302551815733236,92.74585625780242,4.450294321034541,0.20412077406353057,136.23,0.413,81.96184299156657,7.422684441160676e-05,0.000290210703582261,0.003235912531860853,1.887561528074455e-05,C/1979 M1,C/1979 M1 (Bradfield),35,3.870144493661704,True,14,3.61893858815207,14,35,21,0.12232418104010317,0.07424307081815462,0.08331762288891614,0.08071207397767408,92.8831210225988,0.12636448288256127,4.476634536985712,0.20417888012132043,38.99204090760865,1.0001063676991937,136.22901095510497,164.2161082830319,0.41323564910359434,81.96706499304294,47.65362992868184,21,3.9955054286217435,2444077.7626548093,786.2464199975154,1979.0
0.06481972236396571,0.07268193078669503,-185.86421600200578,4.703252586331795,0.04195321943588883,92.18,4.687,76.94958283516021,3.577704812274263e-05,0.0018688904118135952,0.0062847730764955395,-2.796449418429603e-05,C/1979 M3,C/1979 M3 (Torres),33,1.5292204619577234,True,16,1.5636175791212734,17,34,17,0.06187973836882125,0.05958651834651515,0.06731194966890369,0.08056757997373856,-185.88071911455359,0.057058950529691135,4.963431611970553,0.041950760692905126,2.3790066176683853,1.0010601219680877,92.18017538984982,293.13682303638967,4.6868467540459475,76.94601214664237,10.109053312946596,17,1.384903219882417,2444069.9159430424,1.9842542023700263,1979.0
5.5953617091200885,0.11445009677472923,-16042.288667292481,0.2790432057500109,5.70972619598758,1.66,3.364,42.49351792105261,-0.0010858753516163056,9.670479801515697e-05,0.026449128889956222,0.0009855781717460488,C/1980 E1,C/1980 E1 (Bowell),187,1.4301839782286134,True,92,1.4625319990757146,99,203,104,5.570515361173058,5.5716586502173335,0.1417699211919075,0.14695218242695593,-16051.86834378477,5.71849969961898,0.9713474605350698,5.712178301351848,382.290236311945,1.0566469908387848,1.6618384477582742,114.55287888425796,3.364925443133485,42.49487394531765,135.11435433797135,95,1.1957611052838952,2445040.7868834003,8.472878284466438,1980.0
0.12307726434759388,0.09648908552040228,-786.5773451266463,3.828511963712269,0.05146918049857085,73.15,2.584,67.54089256812856,9.375442555414892e-06,7.610081162567894e-05,6.500973083061659e-05,3.6395593827620587e-06,C/1980 L1,C/1980 L1 (Torres),56,0.916831217977751,False,,,0,58,58,0.12291175407535057,,0.09615929731330064,,-786.5812236782556,,3.656595588644901,0.051483730574473426,3.9338123955394644,1.0001888741767864,73.14813549223446,279.52303954555464,2.583910629571253,67.5433259145015,334.9662571136008,56,0.916831217977751,2444349.3623768087,,1980.0
0.07328395103758102,0.11298021571156901,605.4615538337397,3.5376079439157517,0.10848905401619974,49.07,0.523,73.7910523704307,0.004808614604160377,-0.005809620722352804,0.31828887770237185,0.0030894312094317256,C/1980 O1,C/1980 O1 (Cernis-Petrauskas),21,2.483075867361622,False,,,0,25,25,0.07333354312678511,,0.11748630383134817,,604.0546195423831,,3.647013003299829,0.11177111431175092,18.897133412950605,1.0048086146041604,49.0624250566203,160.50125887222615,0.5259863644102795,73.55931286411098,338.17373677209605,21,2.483075867361622,2444412.9468055074,,1980.0
0.011850454166266925,0.3557035141497822,74.97012381522609,2.0733386208574394,0.36061211908567475,100.99,1.519,77.64111350533365,8.418150153954862e-06,0.0002069502532151546,0.002721073302930379,2.8436856245539488e-05,C/1980 V1,C/1980 V1 (Meier),67,2.4492320002476475,False,34,1.5414804242345685,36,69,33,0.011795985627182504,0.14514648738704508,0.3574818774302881,0.3581083614323002,74.88588996489852,0.5030442930264802,2.3701478484452303,0.3607166642729846,35.97865421972723,0.9946058900904192,100.98571543804022,25.436700030110515,1.5195221011518616,77.6355292833749,87.96717383947345,31,2.66576897625972,2444583.1470672116,355.77161274187154,1980.0
0.09398377968864459,0.041016032331828704,908.5893945992573,4.7856589956309845,0.09047321152686351,138.59,0.26,97.52644193871981,2.9999308637007616e-05,-0.0002789232032966993,0.0019918964746274293,2.1060152826102296e-06,C/1980 Y1,C/1980 Y1 (Bradfield),39,2.767785644514593,False,,,11,42,31,0.09424001653977625,,0.041088534135571356,,908.9275819842053,,4.9482594076328565,0.09049222263029437,21.795098028126443,0.9997553764760048,138.58490044632651,115.3517986538136,0.25982557218402563,97.52873646740879,358.2962993740437,28,2.0903090673962716,2444603.0416593887,,1980.0
0.09252097068695125,0.1830324335874151,464.09023784023213,3.679611839622536,0.18061158116508477,82.65,1.657,76.67802446155825,5.5693161796099844e-05,-0.0010486574773835855,0.004178544926774829,3.8779774679698065e-05,C/1980 Y2,C/1980 Y2 (Panther),210,1.680365698098416,False,65,1.3644420946929583,65,232,167,0.091919108750727,0.09121943277075036,0.18612014462240517,0.18320702823916526,464.11387996971985,0.1824059754834954,3.4194385859098215,0.18059968494701956,17.227980362375543,0.9987128365134877,82.64507903688975,332.0013106731527,1.6572254326223448,76.68168557004716,105.60197604732836,154,2.0988081998911325,2444631.816663253,5.0887229338887225,1980.0
0.07770932032611477,0.13599205220707106,-153.97993825216597,4.737976994435973,0.1977356117028116,115.3,4.743,57.41652937789681,0.000113802542639041,-0.00963672235958768,0.014304997752070942,0.0002756927303178003,C/1981 G1,C/1981 G1 (Elias),24,1.4319460728412867,True,13,1.1566629096950936,16,27,11,0.06457937900354212,,0.14786462179128998,,-154.01036114901143,,4.454370175932428,0.19774068645272283,11.148491910225747,1.001515945579257,115.29070940742761,176.7182061321098,4.742921529996088,57.41825185035934,310.28122543485716,,,2444834.896985789,,1981.0
0.15396343112526886,0.16129150874581835,-4.164186362555824,4.193255586241091,0.31514528889152177,160.66,2.458,25.06791538365104,8.18835182709865e-05,0.0011604462712568875,0.01439803972198814,3.560178063466424e-05,C/1981 H1,C/1981 H1 (Bus),30,2.123065737195461,False,28,2.1626876750427235,28,30,2,0.16669509623057893,,0.1486675382122638,,-4.205552494069025,,3.0435343518142997,0.3151506632384245,24.68754643171266,0.9989434223916884,160.66484013917895,24.264838328607624,2.4581294119598684,25.064293214054043,189.8375371059475,,,2444816.275281782,,1981.0
0.14096261675259592,0.06619392157000745,-807.8325275482468,3.804643585227696,0.10852563988500903,84.49,0.648,103.38410167202447,2.8300087847155098e-05,0.0008127998069795694,0.001671705593786381,1.6388648363285796e-05,C/1982 M1,C/1982 M1 (Austin),294,2.085934819274588,False,69,1.3061188447205427,75,312,237,0.14047453579696853,0.13833781171825987,0.06658205008371598,0.0667032566519514,-807.8953393638536,0.10842056444174114,4.189266283785147,0.1085180832906809,16.55581260813787,0.9994244713079629,84.49579614167385,326.2626029553451,0.6478285674793116,103.38207579042141,33.82445314006092,222,2.1295410739619074,2445206.229375907,5.829865938692901,1982.0
0.06858153364826987,0.19411479677114724,259.27042323708235,4.486779904834539,0.16328774899532125,96.62,0.471,87.1362911731855,0.00024175063557352328,0.003673422014458083,0.008580571545532299,4.289364034598675e-05,C/1983 J1,C/1983 J1 (Sugano-Saigusa-Fujikawa),53,2.2374703019782394,False,,,0,70,70,0.06927896896398084,,0.1949577503984536,,258.7660850804583,,4.604686149372169,0.16333747984083283,29.213958163915567,1.0001432985079355,96.62655767534599,83.04168099064981,0.471127035392936,87.13418232466039,82.18160920622933,53,2.2374703019782394,2445455.8282812163,,1983.0
0.04117292248252264,0.09123998651235184,-239.1435334812386,2.123043487481911,0.05111825400243405,134.7,3.318,167.80988453929152,-0.0009398138104830256,0.011540933976448287,0.11370044835576536,0.009692979593968865,C/1983 O1,C/1983 O1 (Cernis),224,1.3434738295552615,True,,,0,232,232,0.09127293124609034,,0.10199260885928495,,-239.1579501411474,,2.563019907189168,0.051101185877246005,3.4390981501008686,1.0005866100129959,134.70684395721986,209.55166557896695,3.3276411992412,167.8075874703053,186.3037317929842,224,1.3434738295552615,2445536.6866256227,,1983.0
0.10190080974785268,0.17209483281758184,419.8366641023563,3.569996574969841,0.2350408733288076,120.74,2.255,35.16981071500512,5.0910169875573175e-05,0.0007606993544726492,0.0017814536041352643,-1.1552924835456224e-05,C/1983 O2,C/1983 O2 (IRAS),38,2.312207233139019,False,,,5,39,34,0.10336169044730416,,0.16987821183875887,,419.91163446208895,,3.514328214677858,0.23502641987958336,19.214523437029953,1.0001806850881596,120.73676979671798,201.25759756453525,2.2547852992071786,35.16973464275035,333.9787595732939,30,1.7670933817767949,2445666.5040686824,,1983.0
0.11469877040730142,0.11087217257887352,-317.06696830934777,3.140298285465763,0.14272177260237073,137.6,3.345,131.34836546825724,2.352193262677993e-05,0.00429397425025968,0.017153458028806193,0.0002747057706544709,C/1983 R1,C/1983 R1 (Shoemaker),119,1.4813634581643789,False,93,1.5237526634240888,97,124,27,0.09664810213578606,0.09093158807544262,0.11179067080465209,0.11300297168665527,-317.0980621123406,0.13962872854018546,3.5150963417024106,0.1426967894574048,9.582342989739843,1.0002227530895538,137.60155175170365,164.68871877012774,3.3451867863547835,131.35290214145923,176.05938623742634,27,1.304411696986133,2445662.295471267,10.766586413802106,1983.0
0.162179291671087,0.0927782403883045,277.55413213627384,3.2337677823128836,0.18391230531385025,116.67,2.697,62.4262116366527,-0.001270508238895518,-0.006769599201788878,0.02413648960654903,0.0014207348035371048,C/1984 K1,C/1984 K1 (Shoemaker),173,1.4670196717803814,False,88,1.602624637613382,91,177,86,0.1851396881480421,0.186699941720201,0.08509743934382821,0.08601811986621348,277.65119625497306,0.1875798256370246,2.7193830543724467,0.1839065402172379,13.74932008666219,0.9994522425509196,116.65865959854781,49.70031324370261,2.697927986026055,62.428736305339825,235.45268111095817,81,0.9553056645188606,2446313.0929627893,10.340903707512593,1984.0
0.0682712962218748,0.030053048269644334,1112.6689497990267,4.0872051843260735,0.04469130508488685,164.15,0.291,38.5820694664951,7.7793445784069e-06,-0.00016195878265534702,0.0015111624327328003,1.4109989054822414e-05,C/1984 N1,C/1984 N1 (Austin),110,2.7137203355725323,False,43,1.8051710217998236,45,113,68,0.06847652598808612,0.09837239892510544,0.030159201425633882,0.03637600625100085,1112.7036899200189,0.06909369880462152,4.072516449230953,0.04477375991102895,10.18440399645541,0.9998561610056734,164.15299889537695,171.57844974854493,0.29129716132047745,38.58425204773123,353.1310393954187,67,3.086124108374368,2445924.6370960725,225.24477462962568,1984.0
0.05098934278904308,0.16055982591468826,44.335441337563,1.8761420997647762,0.10964561285410662,179.21,5.489,155.11826309835004,-0.0019331353697245035,-0.00039971910794633914,0.12299879293342356,0.008031240192414302,C/1984 U1,C/1984 U1 (Shoemaker),54,1.052178501418772,False,,,2,63,61,0.07122447909925884,,0.03870143505948392,,44.32982651896964,,2.02560072057606,0.10961806550722163,5.7517820211381565,0.992475237291525,179.21190162437395,238.248459273819,5.497141923240846,155.1202488805607,182.89283540432257,52,1.020966976830833,2445946.952293884,,1984.0
0.15703425368190518,0.09604954604789386,-522.7382555830405,3.9913804602295113,0.1427867014763856,65.71,0.918,101.91766057880275,4.392531739272343e-05,0.001244942630066248,0.002946602771138244,3.0433624155001837e-05,C/1984 V1,C/1984 V1 (Levy-Rudenko),170,2.3005564866229102,False,72,1.8054557833225564,72,172,100,0.15572368485331875,0.1571815630310009,0.0962720887123289,0.09942670922030664,-522.7193759686224,0.15025054260248044,3.879808181782276,0.1427797412720917,18.299886612528805,0.9992549615397995,65.71585890049691,331.16718473856616,0.9179787434628518,101.91366115321676,82.73973779767523,96,2.363741674874414,2446048.755647764,9.843620231021207,1984.0
0.06767098790427752,0.06886030699314447,-51.8473133968091,3.639399533426664,0.007478291829841776,89.33,4.0,114.21460874477057,-8.119629669012252e-05,0.0024035424357435886,0.00827933914113849,0.0002318810697747864,C/1984 W2,C/1984 W2 (Hartley),52,1.7037508231471685,True,16,1.0426580192218433,17,54,37,0.07060313956037063,0.06884400881303022,0.07253950078355148,0.07265508203182366,-51.80596379576911,0.003982436285538224,3.806722344940629,0.007459111725263764,0.4578273246292348,0.9993917556951851,89.32934250445219,250.19876207141786,4.000516465792894,114.21024301585702,255.27935328615814,37,1.927558771831966,2446336.895368311,29.992998656361873,1984.0
0.11382030098651366,0.13236226530921558,260.3741017337518,3.063673518687456,0.02880336389354158,16.28,0.106,106.72746595317422,-5.962344971810474e-05,-0.0006704289291121768,0.0008660113370617352,9.725467051385772e-06,C/1985 K1,C/1985 K1 (Machholz),38,2.7268739158291857,False,35,3.043687134271819,36,40,4,0.11484291241160863,,0.13414455089174313,,260.353112107298,,2.8004107270618572,0.029022401734526686,10.929981361651473,0.9999403765502819,16.275808854250787,195.43387526444204,0.10626005754602169,106.72439317448884,274.502055770761,,,2446245.238583412,,1985.0
0.14968357715249955,0.09965439875750441,-332.74196375936185,4.662616385455633,0.17337152856776739,79.93,0.695,85.26527320170392,8.616306623177028e-05,0.0033169427230888004,0.003457267140771314,2.535109051293727e-05,C/1985 R1,C/1985 R1 (Hartley-Good),166,2.2183977183477106,False,151,1.9883187575825987,153,172,19,0.14671066985583336,0.14170091365729034,0.10062278010279205,0.10167205811459984,-332.73104787649504,0.17048233956951975,4.148830675985463,0.17337448483482545,25.540072238131913,0.9999733865395442,79.93286097212014,358.3953182635743,0.6946058803245201,85.2653082935617,87.03172135444558,19,1.6467503822483303,2446408.616248092,24.997065166763196,1985.0
0.12661188756755798,0.1553706016366311,2.0895926137750394,2.751692848801127,0.2819824886161948,114.92,2.642,103.94815942547744,2.2656506569740387e-06,0.005301493432753546,0.023879592325013143,0.0008266160812930856,C/1986 N1,C/1986 N1 (Churyumov-Solodovnikov),86,1.9460377152477584,False,,,0,86,86,0.11185847830513515,,0.17229085046131218,,2.0728522012108215,,3.0236677674842616,0.28198654255004296,21.30328973846342,0.9992093780897751,114.92335094082776,134.63077720900677,2.642956306754629,103.94478313006753,157.7689857015963,86,1.9460377152477584,2446556.9512991873,,1986.0
0.11079094928773953,0.1346057708748422,-149.26704620021798,3.086011711997106,0.2433268847516292,160.58,1.721,137.9937821126925,-5.26411406864824e-06,0.000283900218562394,0.0026241079753212696,1.402789994453535e-05,C/1986 V1,C/1986 V1 (Sorrells),357,1.501160999825367,False,222,1.5603231610104564,232,374,142,0.11298997375506022,0.15384024074987948,0.1323922388430051,0.14229845963115956,-149.27750601657178,0.2941430194702961,3.36711846880043,0.24333035731211627,22.77300378503619,0.9999206895666312,160.58010850948676,74.8058414649099,1.7211715550435824,137.99325641984393,70.2335918102035,136,1.3331650325633684,2446864.158179388,112.2749148051838,1986.0
0.12956280595484942,0.08928183467766984,-42.96905806836128,3.7190244995589135,0.17347218984083443,96.58,0.921,70.00611940318957,-6.11023605094907e-05,-0.0017835186389731916,0.004069706631416976,-4.0192657297488665e-05,C/1987 A1,C/1987 A1 (Levy),69,2.2336866198250616,False,,,0,69,69,0.129451045032977,,0.08950968421298063,,-43.09198912590294,,3.319469959732876,0.1734893054544221,22.18711612245809,1.0003333078788046,96.58113601365858,17.11630940221997,0.9214399172644145,70.01397018666505,95.2414089358561,69,2.2336866198250616,2446782.0290095024,,1987.0
0.09770441309843873,0.11644616313981644,175.86735780722756,3.5286302574378148,0.21415056494291457,172.23,0.87,121.45477682991825,4.219023593876603e-05,-7.170633037389962e-05,0.0010929746778643675,2.083336233293931e-05,C/1987 B1,C/1987 B1 (Nishikawa-Takamizawa-Tago),93,1.8525677712963529,False,68,1.796698272341967,72,98,26,0.0963887756665294,0.18710625003788237,0.11774908469400615,0.12297087811928827,175.91189459480574,0.31006511111842366,4.052856778583,0.2141378056535503,28.220634621651403,0.9958404589422076,172.22991348171993,176.01026902614274,0.869609306784567,121.45376820075924,200.40268960604325,25,1.6293722449787844,2446871.8454074636,627.8225702285747,1987.0
0.037288636517729644,0.056807110511573125,116.16279270379616,3.5751642814224174,0.04731588037887494,124.08,3.624,38.23746901213649,-0.00015665162764899598,-0.0037386613938679147,0.01770352219774303,-0.0005274192830073687,C/1987 F1,C/1987 F1 (Torres),54,1.2084650455634658,True,,,7,56,49,0.03356104000341884,,0.03865237863911549,,116.13552092559665,,3.086687617971213,0.04731227206557647,3.051291038521388,1.001052288240827,124.07497454911153,194.48477768752372,3.6237591529388196,38.23667990176822,329.0522159993535,49,1.431311712547271,2446895.6962509896,,1987.0
0.07867030278733977,0.14023762336695117,-51.20894495442911,3.8806944102193697,0.16090483836754726,132.49,5.457,41.52863695321343,-0.0009437694530223251,0.005498126242144963,0.08558938622058104,-0.003745227659048389,C/1987 H1,C/1987 H1 (Shoemaker),121,1.4564587405537708,True,,,0,127,127,0.13016702842225777,,0.06175965914015832,,-51.2198730215198,,3.4251231565361806,0.16089634689801116,8.45867752981109,1.0022678820616917,132.49065449128005,268.3581392957713,5.4535452678811165,41.52480312053867,16.92219179018243,121,1.4564587405537708,2446751.526200828,,1987.0
0.021131542548626227,0.2237797365870555,1036.752426831149,4.212685791435919,0.24439769878869597,34.09,0.869,110.39861316886417,6.259324602042593e-05,0.0004447819092732175,0.001715459827861864,1.6047294195797868e-05,C/1987 P1,C/1987 P1 (Bradfield),602,1.5969556593682595,False,193,1.3078080554028737,208,630,422,0.020604769388282523,0.015701483263283016,0.2243188454865715,0.2245464530918909,1036.6404218752195,0.2387839846011436,4.2300201050520645,0.2444340755943782,32.23477174720262,0.9947997190973475,34.08851158761294,268.09211287698366,0.8689724869013592,110.40217828102934,73.90190619196443,405,1.5707775221706421,2447106.774113863,15.746464544035486,1987.0
0.12327295920094451,0.06280023595555537,-943.1460209781721,3.8937735810268337,0.06437773264301863,114.88,0.603,73.27267330708727,2.131123232707033e-05,0.000339849072048537,0.002126559283280443,1.5923375836668363e-05,C/1987 Q1,C/1987 Q1 (Rudenko),90,2.032401275312944,False,63,1.7660989614975293,63,91,28,0.12172409565245335,0.1316287171897811,0.060587694971029685,0.07182995468602628,-943.214982353232,0.06072221325472152,3.8165666447053486,0.06436948681960515,10.180244206999474,1.000464444312477,114.87561556740914,298.5705947067007,0.6026183597035842,73.27570534118611,143.83585688435662,27,1.8378385284028844,2447078.0281756236,311.40470829612013,1987.0
0.06392909199796912,0.07512840967718899,833.1454604639143,3.1639608351633415,0.07847769408890322,97.13,0.841,43.6174418692216,0.0003563680876038644,-0.002455529202009643,0.00997444937325102,0.00016065268624576579,C/1987 U3,C/1987 U3 (McNaught),112,2.239843799492847,False,44,1.2158371818338194,49,115,66,0.06239947928173166,0.05016807606771397,0.07715593453474809,0.07925999489455271,833.2859789139688,0.05308624553877944,3.2343520013214135,0.07824974280872758,10.475986858358075,0.9989144416646404,97.12402518117527,261.34143228286547,0.8413273584165344,43.61827110295441,17.41906479207321,65,1.6532565725944461,2447141.4394020257,105.07561309841786,1987.0
0.12858696155381344,0.1017660041527109,-258.7705050566828,3.4681991684914073,0.20952599240715264,117.78,1.68,147.25438172486753,-2.727279828951268e-05,0.0016788369791385094,0.0007058951610683432,1.808237950173819e-05,C/1987 W2,C/1987 W2 (Furuyama),145,1.0656452179905431,False,139,0.9864599736409004,144,154,10,0.1270131558310651,,0.10323774433700382,,-258.845331270825,,3.3191205224914255,0.2095135946099094,19.848736957102403,1.0002028016692714,117.78364617274003,250.75397831347286,1.6795398256045178,147.25846655070757,233.62783656801517,,,2447223.5686228364,,1987.0
0.35589395901014503,0.12594751503624918,-386.12544159397936,2.3609864970467727,0.4814980750970138,76.7,3.333,168.13509081600205,-0.00024216014007927278,-0.0008790059096384084,0.010328371035964632,0.00041768596663604995,C/1987 W3,C/1987 W3 (Jensen-Shoemaker),31,1.0343777748000658,True,16,1.2825922119934732,17,34,17,0.3463630100774852,0.3393166025866116,0.13547209023510473,0.13649497083936263,-386.08044402241796,0.4753828538374349,1.9788921624514189,0.48144093884303163,32.37363446910551,1.0033608976221207,76.69952768499827,198.33683321262447,3.333162540479026,168.13326554088533,194.72367163622314,16,0.7768981695000655,2447179.1819692217,11.001050226409568,1987.0
0.16932014236289736,0.057066463267470835,-570.4486013724754,4.183511764594421,0.19280684537713907,73.32,0.841,110.51980268473883,5.108099147044243e-05,1.1532456966278914e-05,0.0008646241424891105,1.1766288114389845e-05,C/1988 A1,C/1988 A1 (Liller),417,1.2387135694239997,False,54,1.5638220552263473,55,433,378,0.17008351830365334,0.17947328294624124,0.056907112638916464,0.05569227356509697,-570.3701910234431,0.197814143466699,4.070000305504975,0.1928542099015062,25.837535659456645,0.9966144574189562,73.32236655548887,31.515122752579163,0.8413477720686925,110.52106777192775,57.38885452198181,362,1.1569990486317088,2447251.6148828696,15.462968187549112,1988.0
0.037964826075741503,0.04800184051415219,-129.2239931888717,3.9478649863700856,0.07412313332861432,80.57,5.031,74.99822464776018,-0.0003899120052011096,-0.02912972009414716,0.03798716688056297,0.002178051706470896,C/1988 B1,C/1988 B1 (Shoemaker),61,0.9116401113627861,True,,,0,66,66,0.055720261885753325,,0.08400960702840443,,-129.2667746453355,,4.694541870208048,0.07412943385806378,4.056498322762835,1.0026748778165928,80.53916453451538,325.1610576035996,5.033116978463276,75.00012362867857,124.25058753500979,61,0.9116401113627861,2446874.687671878,,1988.0
0.06644231074442171,0.11918911163252308,767.1652991916674,2.159309759147336,0.06851077829428052,62.81,1.174,70.054051263603,9.908941200897914e-05,0.0011835787590541713,0.008792825752429016,0.00013896787066558502,C/1988 F1,C/1988 F1 (Levy),36,1.116665615119636,False,,,0,41,41,0.06646118152222447,,0.11921765808137945,,767.2940259224979,,2.17105844134062,0.06851699263592334,7.765671512425389,0.9978139197832867,62.808925782754756,288.76821667254336,1.1743444441665585,70.06027979463067,326.5202791698847,36,1.116665615119636,2447129.440947992,,1988.0
0.060389672506452,0.11296691812568244,700.9109868519406,2.285170649079414,0.06502326629974507,62.81,1.174,70.06729184836664,-3.3229532500844705e-05,0.000213688459837158,0.0006000974057342748,1.2480415362725594e-05,C/1988 J1,C/1988 J1 (Shoemaker-Holt),87,1.7620818512491427,False,,,0,90,90,0.0607408035039256,,0.11307413026842916,,700.8131882952837,,2.0423030502547928,0.0650290341176775,7.370011420141864,0.997774538189163,62.80726335800379,288.76544118402177,1.1744996360487368,70.06147160442377,326.51484588999614,87,1.7620818512491427,2447205.7207979197,,1988.0
0.04003023894347582,0.06462200391278826,113.05634446591617,2.9442535997564145,0.052774940982171906,97.69,2.474,89.02784346420879,-2.7981263614806906e-05,0.004047903100811823,0.004479405298402646,9.721539011131597e-05,C/1988 L1,C/1988 L1 (Shoemaker-Holt-Rodriquez),155,1.501840967724035,False,134,1.4684471463355258,135,157,22,0.039374781098881574,0.04192792401256756,0.06672336299379295,0.0650612676235293,113.17063312649168,0.049658919030581346,3.374000420842752,0.05270274046127576,4.113397040929722,1.0006491804601672,97.69260780301077,115.25576140221352,2.4743943532728565,89.0251455800958,232.14249467490515,22,0.9852459725182735,2447689.9648431744,8.191742939444591,1988.0
0.037011235870671934,0.06429954769511469,192.7756368394762,4.722885777242834,0.0668642019467746,71.01,0.428,95.95199143258687,-0.00020604994808548494,-0.011043583087896991,0.015845753792941775,-2.9090659805386387e-05,C/1988 Y1,C/1988 Y1 (Yanaka),60,2.421458704349542,False,,,0,62,62,0.036919039717520946,,0.06338885251490535,,192.9323241461152,,4.592785314585409,0.06667776994719359,12.516407783371271,0.9997939500519145,70.9999117042101,315.5193376680585,0.42778462159253283,95.96382573023492,88.11187219011788,60,2.421458704349542,2447507.1531642694,,1988.0
0.09415066411017375,0.07051328887834003,-750.9363035048232,3.24585099918652,0.09043378317052542,52.41,1.895,64.6408725717724,-1.4046611388041086e-05,-0.0010549866121110085,0.0018948282743538416,2.0096125544544208e-05,C/1989 A1,C/1989 A1 (Yanaka),106,2.0092445622133694,False,,,0,108,108,0.09411010430879893,,0.06875073613866999,,-751.024416563479,,3.1444733756333108,0.09045967961380996,8.073429690322968,0.998623543733502,52.40866759498686,157.0872413337866,1.8946409920009546,64.64136164182001,351.5637750905756,106,2.0092445622133694,2447466.303482393,,1989.0
0.1184179411138887,0.06244177684024725,-456.3115488646449,4.306182007404234,0.06537161710405281,96.56,2.64,75.65739131130601,-2.3550871679600682e-05,0.00022544187180528752,0.005772072161405241,8.125708332862303e-05,C/1989 A5,C/1989 A5 (Shoemaker),79,2.2290933874076244,False,66,2.28339959279126,69,83,14,0.12449037327311843,0.12263980478995891,0.06741212310795236,0.10562670926494765,-456.3654772249388,0.2170099411629198,3.444715340436601,0.06535750917996483,4.945813446663272,0.9954955076237687,96.55876026024498,137.13910896377266,2.6397188868592987,75.65741070831454,19.09839445401663,14,2.1520740228931015,2447583.57577893,10.778040416285897,1989.0
0.4434095521186951,0.07070633108881876,-1032.3822028763298,2.3612448730693476,0.5088560327668571,25.51,2.208,118.78843035669128,0.0018754105771765506,0.01411443857586292,0.1335977014794948,-0.0014982589666718837,C/1989 A6,C/1989 A6 (Shoemaker),28,1.054898571539557,False,,,0,28,28,0.44153035247647715,,0.07080760333406763,,-1030.2079988938842,,2.3691407359733896,0.5070943961902736,41.92705126332331,1.0018754105771766,25.519710912082743,74.3512604410701,2.206447964434251,118.91970588665846,18.671741468328882,28,1.054898571539557,2447467.5873205033,,1989.0
0.11744144781747158,0.07055740995293683,194.74437263259804,2.6506673420654976,0.18309337780297205,90.15,0.642,107.1649953007443,0.0001697222490797401,0.004231589025067706,0.006529606087487175,4.8403931040441606e-05,C/1989 Q1,C/1989 Q1 (Okazaki-Levy-Rudenko),227,2.092684778730607,True,174,1.6242945812378022,182,234,52,0.1172472560813121,0.12067055181188746,0.07103381785425321,0.08705009446166628,194.74737508604355,0.20356671143132415,2.6480873539233447,0.1831092583240103,28.046342647666368,1.0002254023082917,90.15017363621652,275.5129054540427,0.6423789141591524,107.16081258739702,150.56641141997795,50,1.3077697846627072,2447842.416248655,17.69962680159406,1989.0
0.08164229498134329,0.03673986430317295,-748.556052187055,4.733585607978837,0.11564624623060758,88.39,0.301,59.90357382000465,7.634694763059002e-06,0.0002691179266207655,0.0014507874271486513,1.0985018649212197e-05,C/1989 W1,C/1989 W1 (Aarseth-Brewington),78,1.8150193585865582,False,70,1.419411538670822,72,80,8,0.0813640398237839,,0.037106225026358,,-748.6368082299747,,4.674054355061408,0.11563489757911259,25.88841324744895,1.0000726230416301,88.38655058774803,345.91696387050143,0.30069987372315093,59.90294138643217,205.25744002853705,,,2447888.3885901906,,1989.0
0.07643680184744361,0.04528702296026957,-388.1390195264137,4.98157348829156,0.10221428358374092,58.96,0.35,83.07143284342227,2.940928276329302e-05,0.0001530713183015564,0.002130339863042158,1.1277557208422273e-05,C/1989 X1,C/1989 X1 (Austin),267,2.0219245059800572,True,70,0.997424683846387,74,279,205,0.07975137668943352,0.0792299653065473,0.04557202370121208,0.06414208962809216,-388.0143645723044,0.12579723787285035,5.160069832825528,0.10221807366407308,21.217369050196147,1.0002574911457942,58.956520869860604,75.92546097920471,0.34978517346752064,83.07502004418066,61.57411117498951,197,1.9189781330737763,2447991.467574905,21.643350250233333,1989.0
0.07396762341503052,0.1982956454884827,587.1236767950892,3.5761666843638484,0.20023500568811628,59.37,1.569,117.9878707249744,0.00010528044325863739,-0.0002972062710142609,0.008021305742068488,0.00011814853088476518,C/1989 Y1,C/1989 Y1 (Skorichenko-George),108,1.651756054844178,False,94,1.5161370496583553,95,109,14,0.07376960636778596,0.07368654245878939,0.19149194498338112,0.19679979528886407,587.0585791560948,0.20592189115404083,3.1081253807024822,0.20024368005315654,19.623382402521255,1.0004066277617436,59.36557685524045,280.0089032336103,1.5692856602797247,117.99131407373461,137.82554594355327,14,0.9008561141048953,2447993.429856246,4.020013693586062,1989.0
0.11100762722229264,0.11126897912643072,-98.02858023974863,2.9956899430565134,0.2124226514979604,160.34,1.976,111.59257645495896,-0.004883636862288654,-0.007794136493231463,0.04254384455372422,-0.0006841978107146041,C/1989 Y2,C/1989 Y2 (McKenzie-Russell),51,2.620444356883176,False,,,0,53,53,0.11240553210982589,,0.11461242697866107,,-99.45409051898241,,2.9693223754717932,0.21737259005621526,19.015238256581714,0.9951128529192673,160.32848112561916,293.8733206628543,1.9751120171696115,111.55226829385629,191.67240897646872,51,2.620444356883176,2447838.186770504,,1989.0
0.07458935868984524,0.12955202623931428,171.78752771241614,4.07940573352481,0.20095395993261392,48.14,1.068,99.48750265294017,-0.0015886846689003864,4.8442735675280346e-05,0.016065405031737798,-0.00027373703780986247,C/1990 E1,C/1990 E1 (Cernis-Kiuchi-Nakamura),90,1.736767588281657,False,,,0,93,93,0.07383214056317132,,0.13003779155713938,,172.04088437646578,,4.20651011512812,0.20074773037888047,23.860086190917094,0.9984113153310996,48.14247893799892,348.4558812510672,1.068067316775858,99.49410582921455,100.59705772252217,90,1.736767588281657,2447967.8255327516,,1990.0
0.020954580850086463,0.20292798853850796,-874.5112353899203,1.7999828593304634,0.2210909836497174,131.58,0.939,73.36298232071978,2.871389181646755e-05,0.00030172991159815865,0.0027236780265764834,3.197948982969212e-05,C/1990 K1,C/1990 K1 (Levy),693,2.5281331692846094,True,562,1.1459369439849674,599,700,101,0.019134260295302182,0.03947855127643395,0.20563897546569676,0.21167743206017134,-874.6728357740732,0.2511555017526826,2.5011669582748017,0.22111577375870367,28.016045044075966,1.0006118005270346,131.5842786264235,139.36394708861755,0.9387696110958706,73.36376070254275,242.66893600112937,99,1.4070625579290066,2448189.1839505774,132.97888756450342,1990.0
0.1099626367464827,0.059458298516697324,-282.32630890866545,3.4769251864554804,0.144193718340681,132.77,2.682,6.41005263168239,1.1992216316425441e-05,-7.927940484364626e-05,0.00016668094373476115,1.373186980302421e-05,C/1990 M1,C/1990 M1 (McNaught-Hughes),49,1.0589123671602343,True,26,1.1598173102770462,27,50,23,0.10985129832116423,0.11036843907246709,0.059499698390936245,0.06137152723218008,-282.2825666457428,0.14829837481178915,3.5140020140653268,0.14421053427250358,10.809917201285025,1.0013016529295484,132.77488057526946,233.20635223323066,2.6822780840815192,6.405728445015612,18.169543218091025,21,0.5320714055593683,2448315.1584693897,1.3940756903367968,1990.0
0.10921651824225269,0.05008392757433905,-185.18199720753455,3.938372099648862,0.1559270684870071,143.78,1.092,64.96167376712633,4.522273241813757e-05,7.211313175048417e-05,0.0009791994882242785,1.5386292050889594e-05,C/1990 N1,C/1990 N1 (Tsuchiya-Kiuchi),107,1.6473046426135762,False,54,1.7615527189317077,57,113,56,0.10830109990276549,0.02739506475793726,0.05078545235275313,0.05363083422810247,-185.1302467244832,0.07034875205330449,4.1991107365355385,0.1559631898909883,18.34148516526293,0.995443126485669,143.78354724417085,330.73767585441806,1.0924562471422299,64.96469309748929,180.9217672530963,51,1.2119989604956165,2448163.2436480545,454.2506075957534,1990.0
0.056957296886451944,0.1443297895234195,365.3352520210856,4.213502832803635,0.18267278720430682,70.98,1.434,109.49213238702643,-9.231650599883512e-05,-0.0014238740560585939,0.0014787182718947296,-1.6706512727449052e-05,C/1991 A2,C/1991 A2 (Arai),111,1.8708274573321402,False,,,0,112,112,0.05705305874329638,,0.1440516930173644,,365.3139072702006,,3.9917685092416932,0.18270167362170678,18.775930727810607,0.9905715259680433,70.97885643037823,115.52257574181911,1.4341753740643606,109.49041613114,337.63886539761387,111,1.8708274573321402,2448236.389052321,,1991.0
0.22131149004156037,0.12809518174295736,63.81771328266632,1.7494021327287081,0.32056622596647866,77.29,2.265,60.06690320373842,2.9646791895321378e-05,9.158649699259058e-05,0.001024812366339566,3.66124432256143e-05,C/1991 B1,C/1991 B1 (Shoemaker-Levy),428,1.3485232164822998,False,122,1.0485746495933514,125,435,310,0.2218870760049226,0.2244392339321475,0.1275673489178039,0.13059783444890846,63.92199002554162,0.3266809383931564,1.8702430399967411,0.3205418104405901,26.19083275922223,0.9936053484909702,77.28803215664423,145.13011196004783,2.2651057046993635,60.06508357798615,74.36981527537397,300,0.9074595799977598,2448621.6908379653,7.121603593840511,1991.0
0.05365557768355177,0.2444090935529611,1245.7018474128988,3.1679309163689804,0.28875450156925686,113.44,4.778,58.25312728226092,0.0010143577945971316,0.03480009886531832,0.05360237832820334,0.001099881301366068,C/1991 C3,C/1991 C3 (McNaught-Russell),42,1.0021057158995517,True,,,0,42,42,0.021574029524182504,,0.27481434329502125,,1245.9846396056703,,4.256384967740108,0.28891318881746003,16.227893811286474,1.0035103830982381,113.47856243096572,161.70442183430717,4.778805894671254,58.25329911353134,320.97852144632355,42,1.0021057158995517,2448183.0562254325,,1991.0
0.09424587609968971,0.047126559217734745,-129.30554266363197,3.6850503519486226,0.1352721306007729,95.46,1.518,106.17455047522257,5.681862982886976e-05,-0.0003032605240917974,0.00115533590509424,2.587818511079476e-05,C/1991 F2,C/1991 F2 (Helin-Lawrence),108,1.2458047958439367,True,91,1.0858333889991632,96,114,18,0.09466809803530361,0.09750823734635398,0.04677437165640228,0.04877447548110661,-129.3109166779271,0.14056046985383364,3.568158195177579,0.1352730709410759,13.47963475676486,1.0004779186485349,95.45625603590955,11.835076466801015,1.5177485822339578,106.17170263868648,271.1575399101345,15,0.5654953234716309,2448641.526196425,12.751152534033194,1991.0
0.10116014845996552,0.016131725119370142,-368.05044113548087,4.228685370918649,0.08559097207164489,49.29,4.85,58.47118916059978,-0.00012241155382630708,0.0024844947765032543,0.0011848015581642378,1.2583936920940175e-05,C/1991 L4,C/1991 L4 (Helin-Alu),79,1.1353318702176887,False,40,1.1761085358086523,41,80,39,0.10202856910660099,0.09542272602576933,0.016841867653301593,0.01138627032881964,-368.0448867347454,0.0848678273587455,5.49923925730183,0.08558657338173918,4.772813236503238,1.0000563548303878,49.29499827213937,253.65332379044554,4.849887468382898,58.473903983010615,30.79166520207901,39,0.9825559585234268,2448672.4438420446,5.810639504599339,1991.0
0.1054164540072054,0.04991281708770231,114.02488379908436,3.1977720881607214,0.11989231427943214,90.51,3.194,101.46530763374271,7.485680881169632e-05,-2.6122252819504865e-05,0.0008891130452220504,1.0125144463746238e-05,C/1991 Q1,C/1991 Q1 (McNaught-Russell),28,0.7615537718187497,False,16,0.7834401720771217,16,29,13,0.10680875444347848,0.10991812542370503,0.04869967767549709,0.046492638699994454,114.08233788402049,0.11979089886514933,3.530494108959807,0.11988766738484857,8.246451422056433,0.9945635295070218,90.50617938931082,120.4635345871409,3.1939767250667868,101.47001244699467,257.2321009947472,11,0.4005174379709333,2448745.9530453905,5.52070813278925,1991.0
0.08545997323010955,0.03571407756434128,68.10067598856608,3.381373027391626,0.12105383354863866,104.52,6.982,111.65368330861821,0.00026445313372891466,0.002431249072841979,0.01616401039695947,0.0009121990193126095,C/1991 R1,C/1991 R1 (McNaught-Russell),41,1.046264974500258,False,,,0,41,41,0.07334401324023115,,0.0477565703666124,,68.10441006451657,,3.6997823381138306,0.12103361084427135,5.625549205288361,1.0001161225643487,104.52452309770804,150.11586759317316,6.9828298613128075,111.6591812637961,149.14651216363956,41,1.046264974500258,2448206.4169402206,,1991.0
0.07769717195903338,0.08012034460870592,-506.3981021463059,3.2503745068296737,0.13072658907932433,113.5,0.836,33.5279934147889,9.210578717389062e-06,-5.24172109663823e-05,0.0007607906109169845,1.539016931451087e-05,C/1991 T2,C/1991 T2 (Shoemaker-Levy),210,1.29798713770987,False,207,1.251032863591148,219,222,3,0.07767713806576056,,0.08004192497106298,,-506.3330361610683,,3.3027274027675184,0.13074359041961225,17.55475292914069,0.9998701490499173,113.49669398054573,49.04902893275736,0.8362776781327248,33.52799785183375,145.23765022008877,,,2448828.006610492,,1991.0
0.16504412720095624,0.05292162299420986,-627.1918099749355,3.4233834845263127,0.1121420839768246,95.57,0.199,95.66898143032246,-2.6907725645397562e-06,0.0007302630372691965,0.0004665619935607895,3.142396713451401e-06,C/1991 X2,C/1991 X2 (Mueller),150,1.633187763725362,True,150,1.633187763725362,154,154,0,0.16476737568579883,,0.05272213981760309,,-626.8851246366813,,3.444092440796507,0.11206373832006972,30.854555715948454,1.0001986969554004,95.57510055229918,288.782883114838,0.19879986573643124,95.67620795409034,306.98519748712,,,2448702.7003730335,,1991.0
0.08180902408878095,0.1863116781111795,1208.4332984192315,4.4239106802078005,0.11990345348046456,50.03,0.644,128.9521362302563,5.820546593549025e-05,0.00100522873355402,0.002735188213172535,6.653062003869614e-06,C/1991 Y1,C/1991 Y1 (Zanotta-Brewington),265,1.5811738955481063,False,234,1.4345106505729226,240,271,31,0.08542043881801761,0.08377997932734424,0.18936281683635275,0.1918193532237295,1208.458402619247,0.12503214713772753,4.566256845412432,0.1199156349770587,18.34412470601578,1.0001149030297585,50.02923070988438,254.9055318630589,0.6439760397186247,128.95493414483153,197.8757610091074,30,0.9546907944816828,2448653.4914394673,25185.74477316696,1991.0
0.2734196162373715,0.24757106578003418,-122.62415649954879,3.6187396320095693,0.5151092267810952,39.27,3.017,67.59528116709504,8.28665189955835e-06,-0.008387492072365887,0.006991222121667009,4.827112179306425e-05,C/1992 A1,C/1992 A1 (Helin-Alu),54,1.3552110351263869,True,48,1.3751783604007355,50,56,6,0.2780216374711155,,0.24390254880876155,,-122.64984159372992,,3.5555503200278755,0.5151406173659544,36.41234136300926,1.0042599785512485,39.26269212080123,288.8986634674111,3.016644902818372,67.59376033451593,239.84736049556994,,,2448812.2170826653,,1992.0
0.08142724045234477,0.06562066273229905,-32.80092860662444,3.983368293059628,0.10982818680106694,79.29,1.262,86.54411075825543,-1.335256696155529e-05,-0.0006313377393638575,0.0023761659764482586,4.693879964001724e-05,C/1992 F1,C/1992 F1 (Tanaka-Machholz),164,1.0140213761550434,False,80,1.0184860871296995,83,168,85,0.07942103132498397,0.07307315188346838,0.06729225033469897,0.06678584242900161,-32.90701908968731,0.11713051976396491,2.9541068191306357,0.10982979024908364,12.017147633097771,0.9959636749818256,79.2917913724157,300.5085469640807,1.261550335184982,86.54141023539262,65.47789225044856,83,0.9405774590571379,2448735.191283067,116.6241554462436,1992.0
0.08723838858031242,0.14557859500237527,519.5005159498977,2.542004663446341,0.23099459878656814,124.32,3.007,78.91702227326932,4.823649492124993e-05,-5.483476894596606e-05,0.0019184713790567757,3.2430275862527225e-05,C/1992 J1,C/1992 J1 (Spacewatch),239,0.8535258833148098,True,159,0.7714128290148168,163,248,85,0.08504417979617127,0.08666685001102704,0.1474950903450593,0.14866213060433722,519.4385815443226,0.23371018871748359,2.173817423249389,0.23095724426067638,16.35065401288004,1.0000217278744377,124.31869964112285,203.32408116825434,3.0070434604559466,78.91341657261877,83.40133080936337,82,0.9213423034091254,2449236.0419731606,4.354598755946891,1992.0
0.02075463774909645,0.1745288574661155,99.91319114593529,2.6515721372162186,0.19420546931124777,65.99,2.314,103.70657337480587,-8.230536734366023e-05,0.0006561381351417594,0.005866792270841259,9.328009158338091e-05,C/1992 U1,C/1992 U1 (Shoemaker),215,1.4266592694523077,False,194,1.6786061849549982,197,230,33,0.027034418558004557,0.02758391963134192,0.1678399706384256,0.17001065206859736,99.83360909735569,0.19705703296189706,1.862456979017212,0.19431879778840339,15.686670499733758,0.9993630199245671,65.98624887233504,55.29865391911281,2.3137493005271565,103.7031980722628,54.8701234342804,30,0.8617069075699623,2449072.1795627493,2.564985952743957,1992.0
0.07192893819788529,0.09722985259329052,-520.3545677453361,2.4173825417665857,0.04091102235194566,124.88,1.937,118.75629805564503,0.00023693046346395796,-0.0010354710702955572,0.009701215999234528,0.00021410174704983298,C/1993 A1,C/1993 A1 (Mueller),742,3.2734247502565537,True,661,1.4105011137334602,670,745,75,0.07161447077874317,0.07380779154378969,0.0968428672511218,0.10225761288090177,-520.049645539168,0.058285541440920435,3.1189555860308196,0.040951648762310104,3.6115359461374767,1.002077807669665,124.8770358196507,144.72012242959397,1.9376687056730908,118.75312632958212,130.65617898265884,72,0.766922987862831,2449365.4014721136,26.91049025472988,1993.0
0.04398163448685232,0.07555104853551112,-418.5413015144757,4.602475455378365,0.09538702614557598,53.94,5.901,79.7306405722999,-0.0004357691598810831,9.504819541916731e-05,0.025495236152982416,0.0013219303554201645,C/1993 F1,C/1993 F1 (Mueller),108,1.1538046061352247,True,,,0,111,111,0.032591072147770406,,0.09844628399666913,,-418.51587065893204,,4.510591483951551,0.09537732374553158,4.8199189508222995,1.0049673690933578,53.9403304628002,77.51615200189345,5.902387675231164,79.73315445108673,62.055716559971714,108,1.1538046061352247,2448839.3551991023,,1993.0
0.03484556600976813,0.08439174861310374,565.745593474438,3.220463589828423,0.07393763630121791,67.77,4.849,63.47703988934581,4.6693960882082663e-05,9.837520275368661e-05,0.0032969412703832894,8.902739752691957e-05,C/1993 K1,C/1993 K1 (Shoemaker-Levy),45,1.0637822579400553,True,26,1.2616340662186831,26,46,20,0.0367437885312863,0.04986859293077106,0.08670937736202088,0.08900277741352691,565.6815582733439,0.06529768151119295,3.36540558218686,0.0739229583363938,4.121170938897507,1.0001600565386082,67.76694355576564,30.32899702269874,4.849467452714649,63.47722498421624,232.46331119449417,20,0.8388874271069725,2449385.558342932,29.440426577292648,1993.0
0.08834518378197595,0.11961430986768631,-69.06311144406811,3.419018382087935,0.17303489795198854,105.03,0.967,105.69400163469288,-9.550789151102634e-06,0.0005028778383859844,0.0031189047737843036,-6.828730730290555e-05,C/1993 Q1,C/1993 Q1 (Mueller),525,1.254039413811843,True,507,1.211335785989362,519,537,18,0.08631370245078582,0.08912826222852395,0.12308735620517233,0.12538221736845254,-69.00972526486528,0.17860268545788635,1.3293297618980904,0.17303393274069787,21.59947112200639,1.00031286950358,105.02700271713069,193.78862073457174,0.9671825913853521,105.69271707672019,261.0359363790765,17,0.5824111333442592,2449437.7771628625,5.5285146605391535,1993.0
0.10629207119874216,0.10360928675796953,405.0309372721076,3.6592280216518382,0.14222185755717165,131.25,1.159,84.49018182183156,3.0148444005950736e-05,0.00016769529017324203,0.0018153646448537226,1.0400604876670272e-05,C/1994 E2,C/1994 E2 (Shoemaker-Levy),131,1.5073882018631886,False,122,1.5306725373692298,129,138,9,0.10498419593052538,,0.10607865625799386,,405.1032223103007,,3.8945383280195216,0.14219952424469973,16.22913242351706,0.997335430362331,131.254734968769,166.56862710244263,1.1588295906135186,84.49064882882496,57.498286174328214,,,2449499.9591309717,,1994.0
0.1324219601711755,0.11012074284448897,147.23408621546014,2.171413811312549,0.24083204724526752,135.96,1.948,22.94659915924606,0.00015412962589844703,-0.0008047323999278433,0.019333213042229732,0.0004993982597900626,C/1994 J2,C/1994 J2 (Takamizawa),399,0.8849901533640031,False,245,0.7941319591348242,256,411,155,0.11701291078709779,0.1193603667673514,0.12762015061881776,0.12909936890631693,147.23384810952712,0.24475091105833516,1.822930564472118,0.24082075212002166,21.202642039810225,0.9963853992453026,135.96098667827977,51.13244572709605,1.948239136668596,22.94495457868284,192.13768594219277,151,0.8353328151045442,2449533.1143146395,5.3835190236593355,1994.0
0.2350759540785373,0.07256368588878033,-959.4157916312947,3.041280782417904,0.19299324241974172,94.38,1.14,99.8713840778401,0.00028035229453204913,0.0036797919752160624,0.009509420035592424,7.5910458283035e-05,C/1994 N1,C/1994 N1 (Nakamura-Nishimura-Machholz),296,0.9103744146012713,False,52,0.9196174103165545,54,311,257,0.23421989450448588,0.20727929103715736,0.07280454241592302,0.07485741833184446,-959.6284323088717,0.16555620591547437,2.9557254636702055,0.19290440751018784,22.184884687857892,1.000284539968811,94.38170392918836,158.91186209978892,1.140215543397363,99.87884542212228,123.0809498332474,244,0.8972220816508787,2449546.4399043587,149.9914355848282,1994.0
0.05942876363792938,0.025331717313662534,-45.64135070364648,3.28746205087095,0.07462075774092727,101.74,1.845,115.12333294698134,-4.569518420061147e-05,-0.00023045633011520295,0.0006084799009325216,-1.002620110401864e-05,C/1994 T1,C/1994 T1 (Machholz),338,0.7645292628545547,False,,,0,348,348,0.05912903959830086,,0.025320160917732974,,-45.71834195510894,,3.322064682275533,0.07464981267907796,6.748348408265501,0.9994492221565684,101.73736968494268,249.94367313147401,1.845382196717074,115.12484405177784,142.78368800966516,338,0.7645292628545547,2449628.0571574196,,1994.0
0.4134338165991448,0.253471739296567,1756.3198689818632,2.4225114187097914,0.3879923348546056,89.29,0.891,94.20904189630893,3.430633657008908e-05,0.14383640865054304,0.41606782894008654,0.03664732942376858,C/1995 O1,C/1995 O1 (Hale-Bopp),3455,1.4106118893511401,False,2441,1.0108450270804852,2561,3616,1055,0.37632338545330457,0.3740416484212933,0.1763913175333424,0.17859110936128494,1765.5713577842262,0.3880711163054614,1.2970704882022122,0.38979392450505035,49.73906717141938,0.9950153090998907,89.43143065605356,282.2799768955144,0.9271849929715625,94.21249116005556,130.79197353853283,1015,1.0792462819776294,2450537.134907144,17.675901080074247,1995.0
0.08984485924314199,0.03546481078569801,779.9745805382954,3.9063457181893506,0.11511189438643357,147.39,0.436,30.156724091734162,8.725125861586136e-06,-6.602675685485337e-05,0.001766126352833656,2.1443754035954665e-05,C/1995 Q1,C/1995 Q1 (Bradfield),170,1.177803407832608,False,28,0.8307073991135082,28,174,146,0.08998598806347209,0.054343109875411966,0.0356695578055522,0.02839870208756325,779.9552773718169,0.058838363387657466,3.9998766801525094,0.11517425299376777,21.413332081667097,0.9980343962604153,147.39423508570474,178.0551781646524,0.43640842054668133,30.1526641368694,331.16394525449795,142,1.1201868832269688,2449960.9185049776,228.84290741468186,1995.0
0.06199238141678894,0.13990168154411478,551.936508374765,1.4551492598215547,0.1469795098535239,54.47,1.055,25.8845865088971,6.552897036460337e-05,-0.00010595777570188147,0.0026842434712959413,2.9501691911404393e-05,C/1995 Y1,C/1995 Y1 (Hyakutake),267,1.1321006499584074,True,181,0.7928082123287113,187,268,81,0.06337948780879683,0.0640327477635925,0.1424380106389253,0.14572964611939027,551.6460183081731,0.14843100229007286,1.1539183597185796,0.14714028027877682,17.588890626050944,1.0003349994796216,54.46596583460668,195.76096174287008,1.0546466630169644,25.883150381969696,46.35167704247676,80,0.8507430605808391,2450137.7874251357,2.4983284808628334,1995.0
0.07585433929900459,0.10790136217927633,681.5224626463842,4.545679669708105,0.05704844420229881,51.92,1.449,64.33530834441306,-8.907579601569182e-05,-0.0008577480033125084,0.0012058724344011184,-1.879721279074431e-06,C/1996 B1,C/1996 B1 (Szczepanski),486,0.8081921122014546,False,169,0.520220142675919,177,496,319,0.07755334996921985,0.07331479178852889,0.10906935992785902,0.10911804566048708,681.6014688976074,0.05499109139487173,3.87968513299053,0.0570555267735889,5.832428680058159,0.9906763536380093,51.91806922635035,345.4419912724643,1.448786088345635,64.33268413765447,151.28440154210094,314,0.9050688182578015,2450120.4145387895,11.306070287859432,1996.0
0.11657888116031662,0.10289325621843583,-866.1229848660083,4.34291357552929,0.013723899042883032,124.92,0.23,127.72034668712344,5.155477039764378e-05,0.004251185034803484,0.004082494092296002,2.1745025575475863e-05,C/1996 B2,C/1996 B2 (Hyakutake),934,1.4315841938223886,False,893,0.9179751487261222,978,1033,55,0.11529762901982123,0.10745415028248333,0.10160573965738212,0.10285602260997263,-866.1247412047908,0.038118166885555076,3.670224620284582,0.013694088156747388,3.5037715171425945,0.99994320181541,124.9263005772582,188.0460140628843,0.2302452760518109,127.71353877120713,130.17393277174202,55,1.7791087336092435,2450204.8941449965,168.12173159729412,1996.0
0.014621559302130964,0.4045307685658207,397.90789611278944,1.7906863602203698,0.4061619718456361,114.48,1.359,95.24229570760572,2.5172499757086797e-05,0.0005401541815928113,0.0008631585767722318,1.9100278169092988e-05,C/1996 E1,C/1996 E1 (NEAT),247,1.1505685683209714,True,176,0.7863186957094901,180,249,69,0.013890029733632986,0.02984414676755897,0.4048456366916329,0.41705830991063086,398.2424098146012,0.43793495035764196,1.4583070247363372,0.40618830919376075,42.774240228641496,1.000933760623551,114.4759184240772,149.84175818907616,1.3589732345562981,95.23634825923041,81.10747740518744,65,0.8297419686543639,2450291.8468973907,45.50127360853273,1996.0
0.06407200967496679,0.20337665288275247,686.9474453632147,4.0522637598252915,0.1951275415936699,52.15,0.926,50.89459388404442,5.261884542884232e-05,0.0010167120694504206,0.0015780713710968387,1.4322049074255716e-05,C/1996 N1,C/1996 N1 (Brewington),302,0.8098653200546935,False,153,0.6609620794283967,164,314,150,0.0639187947836772,0.06410707291584308,0.20439349928127448,0.2040720389648056,686.9628999623801,0.192881420912262,4.058426156902553,0.1951050515545812,24.89138894849411,1.000616822154896,52.14896680727051,234.89909656003582,0.9258357303095476,50.89426020698894,43.9711395373324,149,0.8174864087087272,2450298.923834571,1.877092007936269,1996.0
0.247269559364408,0.21608595992082327,-103.85761920487107,1.4313617042056728,0.46291526157568896,29.08,2.006,76.76728783553894,3.517984372880534e-05,0.00016857679378290413,0.0003757330495130659,2.429059178910009e-05,C/1996 P2,C/1996 P2 (Russell-Watson),154,0.95800534369248,False,,,3,158,155,0.24800006531293106,,0.21533641601830905,,-103.96712866491714,,1.6186182991958888,0.4628805078415926,40.14361744114856,1.0001187153353488,29.083298207781283,101.40282808205814,2.005877797335466,76.77083970904087,188.8002635678547,149,0.8602390811890107,2450143.829483216,,1996.0
0.15134555733007463,0.08228893405976784,-558.6837141147562,3.7440492943718002,0.1404314412386327,73.36,0.84,110.56993481305146,0.0007209331003539265,0.00599595817946863,0.015235462260546504,7.550319975313524e-05,C/1996 Q1,C/1996 Q1 (Tabur),215,1.2467019121461174,False,215,1.2467019121461174,229,229,0,0.15144147223038845,,0.08254965579988129,,-559.1358762269684,,3.857467785196223,0.14022367306940461,18.78890490579084,0.999332873186603,73.36162840041538,31.40481978748385,0.8398784336979879,110.58234873427735,57.39635511499852,,,2450391.03227732,,1996.0
0.045251776971803916,0.08728212551281474,-249.18419724068502,3.1171256714740405,0.08116031481620459,145.07,3.157,105.56965887998221,-0.00010568702205526748,0.00010004691787912634,0.0038054073537226183,3.69005255973498e-05,C/1997 A1,C/1997 A1 (NEAT),193,0.5958300450749671,True,161,0.5684758487685747,170,204,34,0.04808405092166532,0.08559605627602618,0.0887092007875257,0.08879693033018182,-249.16403405188703,0.0876781771766485,3.855554910121713,0.08117040471406631,5.608190760186041,1.0020223900037948,145.07179253389168,135.76682057891404,3.1572102224518153,105.57014339654347,40.01235427973037,32,0.6314909240034997,2450619.103048617,38.501778315002845,1997.0
0.09010949905299329,0.10307392889564383,371.3572845172951,3.6989866231461423,0.04321540764216711,72.72,3.436,89.87334332838486,-6.596462430796812e-05,0.006963446452999733,0.005844465557988265,7.460285454330418e-05,C/1997 BA6,C/1997 BA6 (Spacewatch),535,1.3560041677913102,True,272,0.6541676085647639,278,536,258,0.09494339077552515,0.09245999124187727,0.10612350096730877,0.11515452933900758,371.3474849951231,0.059008537064472184,3.448472140862667,0.043192508070249123,2.860292062387443,0.9988186083040816,72.72401286325338,317.65711757759306,3.436537468239813,89.87097531602178,285.94131569630247,255,1.051524022264423,2451510.077197878,23.449559929394905,1997.0
0.04644777427128797,0.10075206606379021,-500.7201587759603,3.2278181753374673,0.08132172913621165,141.89,2.248,118.70023476442027,-9.67425703755076e-05,-0.0014675304840068293,0.002067191594697911,3.747699825451534e-05,C/1997 D1,C/1997 D1 (Mueller),426,0.6662598426188736,False,273,0.5587172407810155,286,437,151,0.047474706373954643,0.04758254976423076,0.10080313480139545,0.10038993665809447,-500.80429336833686,0.0816492286481311,3.053249572156384,0.08132021780527451,6.660031071181899,1.0010599188644425,141.8881379373101,279.1712520964952,2.2476594402506604,118.70069924629969,184.96060560384518,150,0.607153548224984,2450733.1166611114,1.5700052805802258,1997.0
0.0849055730215408,0.15557480217261688,158.06347049988244,2.5614148992304933,0.08091617320206283,69.84,3.085,80.59357225570272,2.3339848175263356e-05,0.0031825776061538136,0.008605021690014895,-0.00016767340597123592,C/1997 G2,C/1997 G2 (Montani),187,0.860884377190191,False,168,0.6886465025303512,169,190,21,0.07688649535519287,0.07714037948715938,0.14612061636697682,0.14976927537537338,157.962717134792,0.08425651864754223,1.8964706208397561,0.08096419893520618,5.670182991808688,0.9941865903912789,69.83868083455484,55.803507683080426,3.084795528628499,80.59754239578879,239.85098954164457,20,1.0075669210189107,2450919.8016316677,3.3987319373612777,1997.0
0.49776455107226003,0.07936066288232047,2837.958049794406,2.6196676867665007,0.5507029118950966,122.97,2.302,54.49625384614441,7.08064669046049e-05,-0.0017165001511614264,0.0015723609041882513,-2.2106152379741673e-06,C/1997 J1,C/1997 J1 (Mueller),479,0.5673466596617378,False,,,4,502,498,0.4967984739689586,,0.07978928037989415,,2838.058903047711,,1.8158754561791695,0.5512619753347175,44.64953456197021,0.9910619343570357,122.96661166104684,277.07725624182126,2.3021286576594,54.502515126838055,98.95489111590497,478,0.5758944795834938,2450572.303231115,,1997.0
0.07060115319843785,0.16416763304148232,-41.380976004155706,2.982788146295755,0.2069942941375659,91.27,3.051,92.73337303572856,0.0006014324595025045,-0.003842801953169328,0.017561767692933706,0.00010754010906666167,C/1997 J2,C/1997 J2 (Meunier-Dupouy),1400,0.8569909622995217,True,819,0.5777273268174427,850,1450,600,0.05884541754897478,0.060820657934948265,0.18091260236094564,0.18512567504059155,-41.53366118330692,0.21521416221523507,3.643829610149447,0.2070130077031816,14.549241743475687,1.0011597225180604,91.26955623057096,148.84732228930295,3.0512561982534327,92.73879870613243,122.68921733592772,566,0.5751684621350497,2450882.9333877317,7.732816288163096,1997.0
0.08241440856720661,0.1767647327647756,331.8485357212953,4.582781423434307,0.10828165815554087,72.99,4.9,30.090234303204976,-0.0002070190284734208,0.0060900700638484295,0.004421546044387397,6.667372973456764e-05,C/1997 L1,C/1997 L1 (Zhu-Balam),213,0.7919585810085981,False,,,0,216,216,0.08622014175707514,,0.17920628676710365,,331.8797036013375,,4.233932144728998,0.10830081125871621,6.010664809710675,0.9977667492567706,72.99755139060034,233.30303411846063,4.899629449751934,30.087596111565954,346.3640747649819,213,0.7919585810085981,2450410.3675827654,,1997.0
2.161429065214098,0.5874274307399342,-2318.2052016701964,1.0641012759303214,2.737301955750774,14.58,4.263,112.46889282348091,-0.00038937390000959304,-0.002646094122294329,0.009562242449172925,-2.780898749499272e-06,C/1997 P2,C/1997 P2 (Spacewatch),94,0.6895453966973161,True,69,0.5962201467759612,69,95,26,2.1706980859021825,2.194327153216699,0.578984891277981,0.47406383352411025,-2319.145473974239,2.6515172570401537,1.035098335074616,2.737788396509483,162.7792125401063,1.0275554724521574,14.576442352679125,302.9051887273178,4.262984726700176,112.47321264532175,24.50005667499696,26,0.8609234559311865,2450691.637717758,1.0157960062189977,1997.0
0.11840295781879437,0.1291022769460699,152.90578348811528,3.929010707545362,0.22200052373858642,127.99,1.359,85.82963916984903,2.2517882859229843e-05,-0.0003547172605919968,0.0015195050609696766,2.2979210205331668e-05,C/1997 T1,C/1997 T1 (Utsunomiya),690,0.8814423965125717,False,561,0.8604076625924512,592,723,131,0.11582920074534138,0.10341262389608057,0.1313418539132501,0.13542894315516493,152.8324707915192,0.2130587766889976,3.9735580028814184,0.22200403613660594,23.38660959136592,0.9985422609864205,127.9922829400577,53.70389343782392,1.3591317673358634,85.83786984509246,95.96734478503775,128,0.9152093295826759,2450792.644792434,53.36034952479009,1997.0
0.07978992262439412,0.08899296075436601,756.3141725098769,4.30660878154985,0.04005104461360805,104.69,1.487,14.059433907388202,-0.00022051471762607466,-0.0013916151593775794,0.0002463365482721308,-1.4222065616964485e-05,C/1998 H1,C/1998 H1 (Stonehouse),410,0.8224496825490314,False,,,0,441,441,0.08034755231139731,,0.08942451155298775,,756.1838536106338,,3.911897757971406,0.04004489454194342,4.033511225988769,0.9977198952543139,104.69156847330382,222.10884097183694,1.487276595501058,14.063933293645928,1.3250674294448317,410,0.8224496825490314,2450917.9259636924,,1998.0
0.18865818377717525,0.1021768513887654,-565.2634596017643,3.7778345833149882,0.14373219014008137,62.93,0.153,80.61988721565243,1.557036032129311e-05,-0.0003692245497006752,0.0017887177887584776,-8.416714243897339e-07,C/1998 J1,C/1998 J1 (SOHO),205,0.7725813873918426,False,,,0,220,220,0.1893365571716411,,0.10257410417903678,,-565.2619394809016,,3.6577137495642993,0.1437488827431879,45.08279553942794,1.0001877420242034,62.93146082023381,351.6440527860237,0.1532135568418754,80.6220046493254,110.5595869865004,205,0.7725813873918426,2450942.1188376867,,1998.0
0.07067637605769324,0.14582144241059572,712.7278505619288,2.612421043014043,0.13556821727426394,64.46,2.323,72.03564362319774,-8.789793678110058e-05,0.00040361407202738064,0.009572706248038425,0.00020409323053494077,C/1998 K2,C/1998 K2 (LINEAR),206,0.8612906039036186,False,152,0.6516243972456447,162,215,53,0.07701298318807422,0.08347699742354497,0.1408759869000947,0.13972934069939422,712.4850759153918,0.13834059587703273,2.11946184778811,0.13547046316260258,10.913431570765523,0.9991883913634765,64.45707885872484,68.77892166616655,2.32368236142917,72.03503286317667,221.42825731577742,52,0.8547501405256718,2451057.7303035995,23.34204279145868,1998.0
0.43802685534436836,0.1325186389428556,1018.8463010154368,0.7604679230145623,0.5690999325113897,160.21,3.546,45.988765547599854,-8.253016474535357e-05,1.724744856801408e-05,0.0012676738693321843,-1.145531038559966e-05,C/1998 K3,C/1998 K3 (LINEAR),177,0.6587345782236691,False,,,0,186,186,0.4370850976814059,,0.13364913376195223,,1018.842869106679,,0.9609782987434289,0.5692715339686232,37.11635901961282,0.9978994675653661,160.20562446064426,307.94744462873496,3.5463029742877454,45.989591072713374,47.82814590104879,177,0.6587345782236691,2450879.6840657983,,1998.0
0.09099245698576369,0.09990907187972368,654.3449872834185,3.523580864887041,0.029596720003681486,20.38,3.118,59.58488900597301,-0.00013071447442025708,0.00039674200092676415,0.007795104862910907,4.2119202410706436e-05,C/1998 M1,C/1998 M1 (LINEAR),186,0.7066687271773086,False,151,0.7601296604283694,158,196,38,0.09942326985098043,0.09599331127429026,0.1075903165720758,0.11284350513679359,654.3788697567284,0.031096351887479973,3.7430832927049136,0.029599203823080417,2.0614068454546284,0.9926350627011342,20.384960851654167,256.06805160404906,3.118166483991198,59.58394986010016,19.410664027717267,35,0.4215998595721003,2451114.612047024,8.038201517790707,1998.0
0.0637790329064229,0.14175321153043832,647.7788469184206,3.3851586265800857,0.08045068851484796,60.18,2.725,64.20189972596307,-6.562863272496777e-05,-0.0003446878283739352,0.009390771770104082,0.00012948586981753607,C/1998 M2,C/1998 M2 (LINEAR),381,0.6578206737986542,False,249,0.5964496372554084,264,400,136,0.06607480833004384,0.06613883204438181,0.14566594278928666,0.14564695139729036,647.6019992259298,0.08038695679938122,2.9251899914526645,0.08043606414108366,5.986356789250848,0.9976908119594586,60.181968890593396,260.87917901479005,2.7254622654733605,64.20202567546103,37.252877266535954,134,0.7726548240698321,2451038.672329734,0.9425307967607377,1998.0
0.091857535209053,0.1278782325868486,60.506910218625734,4.518218880416203,0.08369411368711145,113.42,5.768,32.1051215304464,9.309111896271816e-05,0.004175053823260555,0.0011824332870069769,-7.636890842377397e-06,C/1998 M3,C/1998 M3 (Larsen),107,0.7545863030315993,True,67,0.7096148243656718,69,110,41,0.09230264372572859,0.08803047254371392,0.12766267578876528,0.13949464866186642,60.501082296485095,0.10693099461462487,4.365088382791799,0.08368284464057829,4.278350504449144,1.0023868935280917,113.42707191128567,255.52934364681337,5.768223944512028,32.1017906402244,20.838267098704957,38,0.57525368870143,2451011.6091478234,8.501189644395124,1998.0
0.14890918080136673,0.1400770224374943,-29.439151455662113,3.1239803065843263,0.2845704314482146,154.57,2.6,119.18117360754026,0.0002808804423051203,0.0009424173940715264,0.00958715270514967,0.00019501993555870456,C/1998 M4,C/1998 M4 (LINEAR),115,0.7177445227354755,False,,,0,119,119,0.14824877378331106,,0.14067067481298645,,-29.42895532854311,,3.033309342033066,0.28452851196521145,21.676040884725634,0.9976676494627279,154.57203894211548,92.92188963298061,2.6002124375959967,119.18050837086463,106.29515015086389,115,0.7177445227354755,2450792.61680627,,1998.0
0.6893154198426549,0.02830633312288151,2092.283043252516,0.7338560751717715,0.667819011110889,82.23,1.742,78.55072620711269,6.29613132433482e-05,-7.257441041019774e-06,0.001263008695578227,1.4411609888576038e-05,C/1998 M5,C/1998 M5 (LINEAR),1247,0.9960109533092983,False,910,0.6567233548379134,943,1263,320,0.6870999375751029,0.691970209173332,0.025820027306057692,0.02327996696128464,2099.499630473473,0.6747478903072068,0.4861239995215523,0.6677870629504705,62.1210292904929,0.9960876185755619,82.2288751323951,333.3766814888386,1.7423035099990496,78.55306259197586,101.28420894042763,305,0.6120620489347814,2451203.0689093424,16.47269736599018,1998.0
0.07516312382022947,0.14653893300964424,-253.4635403009156,3.384126901849467,0.16474269241603323,91.54,5.979,90.14304331199273,1.6849075857416906e-05,-0.0005438032579689889,0.00586613129237016,-1.0895020635004471e-05,C/1998 M6,C/1998 M6 (Montani),93,0.5464772592381633,False,84,0.5542681985293709,86,95,9,0.07356520937071885,,0.15398107588658036,,-253.54590051310765,,3.1705048363037975,0.16476451987431764,8.285402088217394,0.9988963449889894,91.53944389594108,306.60362429134676,5.978618787082261,90.14684785276204,9.136501571399055,,,2451092.9006753643,,1998.0
0.23273412500850812,0.048431037186226406,1241.0622841449863,1.1916269586147974,0.2148492243677538,145.73,1.146,43.836782787556224,0.00044827893257093354,0.001127559220776675,0.02895871258672768,0.0004598417122994025,C/1998 P1,C/1998 P1 (Williams),467,4.759362956858693,True,130,0.6339768838279569,133,471,338,0.23308425893523624,0.12014402914035241,0.04857267915296669,0.12964978645750574,1243.9072735045959,0.22835363357373595,1.1729330417726176,0.21509552946259078,24.658849494172834,0.9998076919965063,145.72964692023328,156.37578279290807,1.1466137569756774,43.82558080249099,294.48406740326067,329,1.7931545061921417,2451104.336419045,596.6951064794621,1998.0
0.06846078466023346,0.4395012170880816,1430.3672949750412,2.9188994645898685,0.3738317217542261,32.31,1.578,80.77961886270337,4.430333156291155e-05,-0.0006844423159506619,0.0009986023479549293,-2.5185576750130778e-05,C/1998 Q1,C/1998 Q1 (LINEAR),148,0.7531935412870394,False,,,0,153,153,0.06757666892361076,,0.4386466098009934,,1430.5795322714357,,3.035014785582101,0.3738615255870089,36.58142964277056,0.9956396997613878,32.30512688407004,159.78456860752357,1.5778517100994278,80.78530623256245,134.73151428393354,148,0.7531935412870394,2450994.0088633117,,1998.0
0.1233402183469307,0.07294919470363655,898.6142898068946,3.4796386427030663,0.19234537505267568,170.16,1.468,75.5263604870294,5.520501245659393e-05,-0.0001669150231009553,0.0033116326325174383,2.5027101604679913e-05,C/1998 T1,C/1998 T1 (LINEAR),455,1.529074044051741,False,248,0.601184211989717,267,479,212,0.11849632198869683,0.12178230856908527,0.07798284485724206,0.07990555313828679,898.6992171855204,0.19748799143499268,3.6151797491075586,0.1923252382180743,19.4922810815666,0.9991692902430459,170.1597813371889,153.36035987894596,1.4677527678897146,75.52455307774916,226.35744984832706,204,0.7972296982672196,2451354.748856383,15.606815731230974,1998.0
0.10431800787474522,0.363195637286588,781.2375254960158,2.022843021196248,0.2654252050435504,156.43,3.975,121.72421374072253,-3.312608958183638e-05,4.002267698410833e-05,0.0016449765644122878,3.18698248977789e-05,C/1998 U1,C/1998 U1 (LINEAR),123,0.8925517207805757,False,,,0,125,125,0.10147408832618172,,0.3604383467967426,,780.4233351845578,,2.3549021503328555,0.2652692639530125,16.340206571436074,1.0004053545169012,156.42854530201268,210.45706370485203,3.9754765585954557,121.72089258905237,124.64725989627968,123,0.8925517207805757,2450936.0001215436,,1998.0
0.1073368602004071,0.09966404416648895,-182.7784456360527,4.311280087205213,0.04589466830310306,129.19,4.915,93.12447793292567,-0.00027923852800237903,-0.003212947631453744,0.003283189719645349,0.00010041293537454976,C/1998 W3,C/1998 W3 (LINEAR),161,0.5479842691717082,False,,,0,165,165,0.10477442562766717,,0.09848799440013895,,-182.8248852793505,,3.893845467781541,0.04589358611671292,2.5422010760023186,1.0006203538929026,129.18366434668314,123.9144241163975,4.914692142045924,93.12544712788274,6.888034161677238,161,0.5479842691717082,2451093.2186898226,,1998.0
0.16113287589064829,0.09823949659559968,-763.5015915490194,4.396796630231762,0.17707397885677614,89.48,0.731,126.08794789472509,3.189896636157652e-05,0.0006343126678842737,0.0008182152341062028,5.411997398230284e-06,C/1999 A1,C/1999 A1 (Tilbrook),68,0.8069734197722165,False,63,0.8751517354828853,67,75,8,0.15982875698892204,,0.09857316556284457,,-763.5128522324158,,4.374408114649432,0.1770721649487045,25.45836833053125,0.995926788239598,89.48242276685939,259.1224852223619,0.7307468081350136,126.0890695612913,232.66988672548965,,,2451208.1574267293,,1999.0
0.07072851009694177,0.04058708093099708,-6.2565426789252,5.791888128068701,0.033221543957867715,92.04,5.787,89.06213626030053,-0.0002562213434391669,-0.0070943158075351676,0.016223687047943827,4.2157241404439105e-06,C/1999 F1,C/1999 F1 (Catalina),171,0.7193989339859356,True,115,0.6866373120770578,118,174,56,0.061082954524156775,0.06170312455392887,0.036754149596985634,0.037082172160120164,-6.250771434346056,0.03513008096963951,5.741359592390795,0.03321360916427241,1.6950194881351253,0.9988978028939908,92.02901070052206,20.007433345082386,5.787036034908397,89.0568127139471,255.17223174541118,56,0.6811572765031586,2452319.135401774,4.594457306555598,1999.0
0.058057342541462116,0.066798113395975,302.6221122991675,4.252582133915555,0.09583328788328448,56.43,4.718,20.9697139814605,0.00012537845156568306,-0.001026541071475151,0.011393392257219408,0.0003419306276049028,C/1999 F2,C/1999 F2 (Dalcanton),141,0.9687144934536334,True,,,5,148,143,0.06894558418598246,,0.0629377649316364,,302.6207798378107,,4.321382116931995,0.09583706958718098,5.416630996105297,0.9983364238638184,56.4263834075352,210.29684616289313,4.718419941307635,20.967709426236826,352.3644938220196,139,1.015346880702957,2451049.190246737,,1999.0
0.022787458553339284,0.08635514092111644,-948.2854161821688,4.393846368101083,0.09913938102761635,149.35,0.708,83.7274447100773,2.837549237966197e-05,-0.00011600894342223,0.002140451297526088,2.3890062312292848e-05,C/1999 H1,C/1999 H1 (Lee),1041,1.23199440030275,False,351,0.7024534164538558,362,1060,698,0.02253274536336211,0.016393555227210754,0.08670795077325899,0.09135823361586153,-948.3822058648068,0.09327683614174904,4.4477067541406115,0.09919554841363182,14.474418195800725,0.9997731216891269,149.35278919231737,162.65104784592864,0.7081310190836559,83.73045227277159,40.703833847830495,659,0.7990480891092652,2451370.6721533597,63.627483416257384,1999.0
0.10725436197854409,0.0943382809007185,-74.84969698584872,2.3757891563300912,0.021151389224978914,115.84,3.501,48.742103064974856,-0.00012887572999664698,-0.00866982279426054,0.009825706005865525,-0.0001000987008277221,C/1999 H3,C/1999 H3 (LINEAR),852,0.869585111490593,True,311,0.6946296093508487,317,880,563,0.10747780609457401,0.10511794800473818,0.09627803228164535,0.09830122745610238,-74.8659644893155,0.014686816708178514,2.244215389692711,0.021149774110585634,1.3877741603777591,1.0028352789904034,115.82864940998434,332.73379033996173,3.5007343686994954,48.74407471052844,101.90619754310099,532,0.7026323655699943,2451408.719813907,5.492385779856849,1999.0
0.023515778322260403,0.032856746738597044,-109.11934584718978,6.213557874811256,0.01830398048252319,86.41,7.11,40.7511903281319,0.0012404096813845022,-0.006022163372918499,0.019349265735509956,-0.0003543158769740984,C/1999 J2,C/1999 J2 (Skiff),971,0.6519539940162902,True,448,0.5446234326945079,459,1015,556,0.005248448070029959,0.011767692938859329,0.017792596419008717,0.017622089613975444,-109.11187286898529,0.018327118263185792,6.521302462136935,0.018302678098869325,0.8427189257568709,1.0023619921495774,86.40683725816032,50.04602982585032,7.109410040423915,40.75405790723847,127.11928035146767,518,0.706666334648565,2451640.485857048,4.169181226303383,1999.0
0.09882231175422057,0.12350454340680987,-315.61806061173445,4.584056969867404,0.21025319344378068,101.66,0.977,144.30982857489994,0.0002468608097228042,0.0016481687836034098,0.003089317784413643,2.5457642056414542e-05,C/1999 J3,C/1999 J3 (LINEAR),189,1.3584816639052388,False,90,0.713467821548075,91,198,107,0.0973111870707622,0.09837753925845155,0.12454378931442979,0.1296903246875698,-315.6970427506019,0.21997534343071753,4.287594186053439,0.2102864011116845,26.126294856094397,0.9996332507570226,101.6576844445408,228.98077140644148,0.9768344610935494,144.31114315885256,161.98310109028628,104,1.3930975997828683,2451441.6668641744,10.71185190737451,1999.0
0.07698916490774571,0.17890462619715625,186.79248688976895,4.845406284774051,0.1539677689077443,82.19,5.29,85.93753055899217,-0.0002140309178997324,-0.0026395004239958553,0.006319651699156125,-0.00022377506709947426,C/1999 K2,C/1999 K2 (Ferris),103,0.8521663245477831,False,,,0,105,105,0.07735655066367839,,0.18021544578847384,,186.84435717294218,,4.810361243564269,0.1539821715923204,8.295354353577734,0.9655819963782134,82.18828575152581,300.3173067230633,5.290032708530364,85.93560536919922,4.564215445108735,103,0.8521663245477831,2451279.0358875664,,1999.0
0.08958363508009795,0.14729046756196146,790.6247734121207,3.558655157312242,0.06350882125350113,92.27,1.929,61.705739204222134,-8.853122901442134e-08,0.00020471382865139276,0.00023663004604140728,2.81074439190121e-06,C/1999 K3,C/1999 K3 (LINEAR),54,0.7807381261680642,False,,,0,59,59,0.08988935205462792,,0.14762425467177612,,790.65044884702,,3.4991271074623023,0.063523350155597,5.626610093266207,0.9916665435856551,92.27287176145033,266.9126365968276,1.9287420044707528,61.71016698491088,341.1471561241651,54,0.7807381261680642,2451237.028478852,,1999.0
0.06643915271144814,0.12310008253641212,362.4605345968139,2.253630080200468,0.05959865416723816,89.47,3.255,93.64759842958942,-0.00015417600813139032,0.0025597173005564855,0.004297466167083266,4.6332670495363715e-05,C/1999 K5,C/1999 K5 (LINEAR),239,0.7699323295487551,True,149,0.5705342580362791,154,250,96,0.06415728170634973,0.06398697857597521,0.11974231568545379,0.1186149418587312,362.2714848002874,0.05860977619854926,2.2370319801809573,0.05957368718627882,4.053424429238168,1.0016087738560586,89.47382830558018,106.38380386377308,3.2554401601498624,93.64434024251669,241.48966061400316,93,0.8444487048694342,2451729.885223495,3.961622023861287,1999.0
0.09018899729472418,0.25681891164284915,-88.61518507991377,2.3050802468727793,0.34680625686933236,46.34,2.247,72.50834958325055,-2.2563025206423504e-05,0.00013115338004610066,0.001860340091684694,1.2874076433355697e-05,C/1999 K6,C/1999 K6 (LINEAR),310,0.5064232260987155,False,108,0.6137785560493932,115,325,210,0.09270529760559026,0.097127928354071,0.25440355685545646,0.2521856301061444,-88.91802164018418,0.34907965758011916,2.1828559786322934,0.34690715671177047,28.456491069403775,0.993497969942046,46.34397567261987,245.37247007716462,2.2469896310347854,72.51075007070447,56.765257740191835,196,0.3769946149575622,2451384.174309089,2.5137246861269262,1999.0
0.08558569505519308,0.11713301771023082,342.7492822304555,2.6985960157267894,0.18227531832661686,135.16,2.323,78.2512826612002,2.4291655204566887e-05,9.897652847712379e-05,0.0010768511022470337,1.561653902326654e-05,C/1999 K7,C/1999 K7 (LINEAR),37,0.860200466524493,False,,,0,38,38,0.08509956283865994,,0.1176950228560053,,342.7680697775206,,2.778151889738731,0.18227288933071267,14.69527761090609,0.9965458149654304,135.15864865091046,50.33083593822801,2.3227338663092194,78.25095838903611,104.66105245397593,37,0.860200466524493,2451234.2769410666,,1999.0
0.10285097872979701,0.1655778771406368,-259.08509701255406,2.8690144594779365,0.25558129607410707,52.73,4.201,142.55435080069344,0.000890783129980699,-0.018205505717645565,0.03999427192185684,0.0004005352819831387,C/1999 K8,C/1999 K8 (LINEAR),608,0.7512501453845918,False,392,0.4809762222626464,425,663,238,0.06253756262138084,0.06869929973959865,0.20184193782694607,0.20304425843832227,-259.1132153301632,0.2632900584884939,2.9106682200844216,0.25561076844110775,15.320931294202094,1.0016032404121897,52.71576957430909,195.3937392180063,4.200954645928572,142.55660489017313,164.65962681478868,225,0.9383348303349188,2451658.790841247,10.155889175703972,1999.0
0.1300681746248963,0.1236554070800541,1003.8129506821383,4.207921123078914,0.0643794893412292,43.94,1.905,59.88213246650745,-5.382755243676929e-05,-0.0007724716951571509,0.0012748065613649717,-2.8207748208997074e-05,C/1999 L2,C/1999 L2 (LINEAR),94,0.7796502604760195,False,94,0.7796502604760195,98,98,0,0.13047505321509728,,0.12394567528761224,,1003.8177432391908,,4.231361043612855,0.06438595912480093,5.73339574223231,0.9950918633599699,43.94095397859077,94.29026743165323,1.904736075197316,59.87922272644926,178.71675720718164,,,2451395.38539643,,1999.0
0.06248755441159543,0.08282519480624477,908.4125442384629,4.134449153051152,0.06663075328840391,111.66,0.761,43.79918930318095,7.484697564963394e-05,0.0006890427317074455,0.0009431297408256073,7.893916609158502e-06,C/1999 N2,C/1999 N2 (Lynn),202,0.8248562707629012,False,48,0.7653187942955894,51,216,165,0.06308194953014674,0.06343685545242846,0.08277477221515846,0.08264780113980737,908.3886858289347,0.06701379004712898,4.150017120946546,0.06661889299714165,9.379275967181838,0.9975127288846061,111.6565872012289,254.67499903864908,0.76129224861667,43.79183335807308,357.8343581939533,157,0.8903162177719471,2451382.550573927,1.4587469093890355,1999.0
0.1150568056638195,0.05307910811911846,-44.33577950730777,2.8987838534709023,0.06758723808056251,156.92,5.505,40.62598205834594,0.0001088359075209766,-6.039362850174257e-05,0.004131682565994493,3.107441134808653e-05,C/1999 N4,C/1999 N4 (LINEAR),329,0.8159873463335099,True,161,0.7228334042865359,170,345,175,0.1112644669890276,0.10955147711343248,0.049753264535101815,0.05046324223220284,-44.35394625729957,0.06506855268329183,3.167672046638038,0.06759336400430943,3.5370597973110303,1.004309113993955,156.9228344365919,345.9037120076896,5.504780149622079,40.62794939857439,90.42724578046409,171,0.9178091310702332,2451688.2359895273,1.8699342800552452,1999.0
0.08480424885992388,0.16425941516383577,-377.8129450669126,3.326554256275926,0.11435758592071175,65.82,6.468,77.3281766227391,-0.0009878203546835884,-0.0018939886738138512,0.02111471068177247,-0.0001125977942217915,C/1999 S2,C/1999 S2 (McNaught-Watson),94,0.9641307448703896,True,,,0,98,98,0.08496473708990525,,0.14840811698212367,,-377.8509901412182,,3.3461222688469494,0.11436266769520814,5.521037343425907,1.0042830067738184,65.81832589666483,74.46765421920595,6.467630636365488,77.3275699214262,223.47435411614185,94,0.9641307448703896,2450775.118046932,,1999.0
0.08416238841832041,0.02996938733310129,1036.3340256779309,2.30843238613764,0.05729888712977184,149.38,0.765,72.1186814788439,-2.5624839649296405e-05,0.0012968875490741993,0.00268736727111067,9.681596995858577e-05,C/1999 S4,C/1999 S4 (LINEAR),1236,1.5411463063721855,True,1246,1.5629890689222283,1301,1329,28,0.08536870103426908,,0.030393037203434555,,1036.3288014047412,,2.5800949001264373,0.05732706867641357,8.045296371891821,1.0000826688274818,149.3862253283918,83.18262226127538,0.7651857466589048,72.12215529894661,151.04954106815646,,,2451751.6628310815,,1999.0
0.14867596840414404,0.09955027702943098,-1107.6893091731042,3.785402118768464,0.1506516442861074,79.98,1.172,43.85260381295574,0.00018812911056409476,0.0006966132400236802,0.003342580722774685,4.4141678926079564e-05,C/1999 T1,C/1999 T1 (McNaught-Hartley),702,1.9617041225820049,False,253,0.9261323033473089,256,704,448,0.1487741288660536,0.14766154247269372,0.09990172244507449,0.09446212788955706,-1107.8322432265895,0.14497473582643525,3.7516834309865166,0.15065820280405137,17.09139310562063,1.0000439009930207,79.97591002248222,182.48369380099967,1.171742880188558,43.85419078948643,344.75464454015105,420,0.8230911377334417,2451891.972018898,13.704801200676139,1999.0
0.3095002444954779,0.07033287668508795,-585.208224650224,0.979165183648981,0.29912726210124657,111.0,3.037,56.61674770126229,0.00015644081812005162,-0.00038218487050301064,6.205732247312797e-05,3.160831466386682e-05,C/1999 T2,C/1999 T2 (LINEAR),1015,0.8618428503124361,False,579,0.6264029765018293,596,1044,448,0.3094933123601057,0.31089553694546546,0.07053442305366951,0.07285271267091073,-585.8726670075899,0.30345333313467293,0.649242344697709,0.29930515385427886,21.092194188169522,1.002168061023551,111.00166632478799,14.880216416171306,3.037435560186404,56.61818462141271,104.6683953888981,430,0.7418595205876486,2451872.9664918073,5.103234476932066,1999.0
0.06994635704924901,0.10227141218123763,914.9342547255242,4.71655477083034,0.16172963344513605,104.76,5.368,163.05668033391566,-0.0064812308545235675,-0.006158334875593141,0.2392474059853011,-0.0025971644045101883,C/1999 T3,C/1999 T3 (LINEAR),225,0.7316508310328704,False,188,0.7100072092464197,194,233,39,0.29926440939588556,0.2999017703836298,0.1384296596959489,0.13896718194670774,914.143221714249,0.16186664832832584,1.0997316008542108,0.16177698939024984,8.576519248211293,0.9965753583743674,104.75295591476231,223.51028792049797,5.365805476719377,163.06063080556444,211.3348215595882,38,0.806169229953121,2451786.8745640167,1.0864749624900978,1999.0
0.07345499629966509,0.21931461504386096,499.7024505624797,2.9620919934123906,0.22709263448402975,105.75,4.139,114.88524054821345,-1.0847029088045801e-05,-0.010363790843101128,0.030014764254302606,-0.0010403025843368496,C/1999 U1,C/1999 U1 (Ferris),205,0.5954673858416795,True,,,0,208,208,0.09956136858128066,,0.20356415428511154,,499.74058333913945,,2.071129693632344,0.2270623690570887,13.703484926547947,1.003395621169271,105.7349408003639,58.25946373170694,4.1380824961970895,114.88758206394728,291.08995639418714,205,0.5954673858416795,2451059.7959731393,,1999.0
0.3850108773970002,0.1526477866604312,-324.3198422740299,0.9103298614494395,0.5041423463713184,51.93,4.915,92.77513596462661,5.2698631092917836e-05,8.599238920226071e-05,0.0001021103517567208,5.368851635711991e-05,C/1999 U4,C/1999 U4 (Catalina-Skiff),879,1.0603200699798578,True,285,0.660606147909529,296,911,615,0.385750019162374,0.38735184043846127,0.15243398860976856,0.15335281744939167,-325.10163825666785,0.5074612562200399,0.9084641939107057,0.5046413843702959,27.94381407051633,1.007622161374546,51.92607669878245,32.286756385775256,4.915403636291589,92.77352134098523,77.52341381551611,590,1.1262615061068728,2452211.034642546,3.9390499461973847,1999.0
0.12562621090270887,0.13276312006457103,307.5277663674434,2.4577860795180935,0.23212501915873654,134.8,3.091,150.3392618266069,-0.00010787625550667812,-0.007601197505152868,0.025090660265656838,-3.928598463964761e-05,C/1999 Y1,C/1999 Y1 (LINEAR),817,0.8783005275073299,True,734,0.5924849261473797,784,887,103,0.11502003766743829,0.11640761714615537,0.15816017875824753,0.1640544604595209,307.4414248064807,0.24016316118820338,2.8331855644179598,0.23211660934055464,16.207284695277306,1.0007495772182424,134.78827195679574,188.88523312785972,3.0913400502954556,150.3350862984477,184.29481709796082,100,0.7194698388693276,2451992.5481243683,10.40198975042056,1999.0
0.12136620427212341,0.06089551730518293,33.81171973646163,7.29896180176358,0.061106616171835396,24.54,9.743,87.71838768809017,0.0008512509214368968,-0.004151432768988883,0.027052821823924128,0.00022670097249744003,C/2000 A1,C/2000 A1 (Montani),132,0.5392059894673884,True,82,0.49234297705301927,85,135,50,0.09497853276407851,0.33356918511567174,0.03412682134953849,0.03328898790429096,33.82977618168645,0.3003231338285873,7.291340850446483,0.0611045049037448,2.4034563116841667,1.0048658368785608,24.53773500940121,111.83158418180518,9.743326904320075,87.72170755209041,14.301619713810249,50,0.5586358270396262,2451738.745945419,59.94025837412971,2000.0
0.13117257922495,0.11709064376274038,-223.96539362432327,4.289335273312075,0.17990273543220575,93.65,3.776,99.5023490339721,3.958465027420477e-05,0.000872270559568733,0.0031924899561270675,-2.7229714285148532e-05,C/2000 B2,C/2000 B2 (LINEAR),81,0.4432175937837604,False,,,0,86,86,0.12959711726496626,,0.11785837528351448,,-223.96060565547396,,4.2382588587829,0.1798904123329373,11.374987622992514,0.9995305317203828,93.64960215188349,284.9908469103353,3.77612401904593,99.50131472214075,154.59039613730295,81,0.4432175937837604,2451492.557872421,,2000.0
0.09884155431327028,0.0735001566964406,519.1917699185229,2.6485269234206887,0.031139945033788752,49.21,3.156,92.68802331170552,0.0003650489344080299,-0.005147125655703633,0.011223111115538302,0.00018788145689807578,C/2000 CT54,C/2000 CT54 (LINEAR),216,1.0625331687684845,True,67,0.7553416857943754,69,221,152,0.10165304088901735,0.09921955658677097,0.07826249956031021,0.08009102494559588,519.2119038051868,0.030710568672964015,3.7362544565987235,0.031134066101548386,2.1514599728645116,0.9987185222909851,49.20735921331626,18.963335232564575,3.156155118390643,92.6929136691884,272.6502596510311,150,0.8309077889282841,2452079.9471817263,13.060108279887434,2000.0
0.2967158045118866,0.11032529191836819,211.05348205257155,1.7875859634869617,0.19934513558278474,118.24,3.638,71.53754695865796,0.00015400975808277373,-0.0020330396651218052,0.0030072553305594326,1.6890144715731026e-05,C/2000 H1,C/2000 H1 (LINEAR),113,0.7975610847062897,True,,,0,116,116,0.2971984071871796,,0.1120247416428642,,211.47564226621546,,1.0232971111855056,0.19912676805624338,12.816588867123455,1.0022243021001997,118.23496301463918,356.44782569361405,3.638140620443994,71.53570075996893,78.87800464146717,113,0.7975610847062897,2451572.7762260814,,2000.0
0.056232271974878754,0.05661110331811538,97.57808705256559,5.095375188352299,0.029387609567095047,116.79,6.276,37.793859516224906,9.240720234893196e-05,-0.00114962513333694,0.006889559366954916,0.00015509695601778617,C/2000 K1,C/2000 K1 (LINEAR),313,0.9575247377302195,True,22,0.5637274711726972,23,333,310,0.05851334276628749,0.13445987212003024,0.0616369575081829,0.06478024780511484,97.58574194617923,0.06975080040414794,4.916283662405029,0.029383737441140794,1.4399993914683127,1.002390731345817,116.78805316400657,260.1972736334137,6.2759841371550005,37.7916404812889,15.79746130695801,296,1.0185219495994946,2451527.0123527045,121.51990019950237,2000.0
0.13658473262577142,0.11125136717630456,926.9542737808358,2.9855109927730923,0.025348199344924847,25.63,2.437,84.35567343101653,-0.00017705848536830882,0.00032786388457495264,0.0057528924855682565,0.0002832763922921977,C/2000 K2,C/2000 K2 (LINEAR),322,0.812301954150894,False,176,0.7715726279387076,183,341,158,0.14104462580171123,0.14410776961906493,0.11573551838642132,0.11515078767377553,926.9176679403729,0.02895832187466523,2.132153751335703,0.025333408805149397,1.993761193350237,0.9951575248288129,25.633886133088335,195.2605928569325,2.437348824127146,84.35397834358717,106.83262046154304,147,0.7470762883083857,2451828.8681743657,8.5011390344687,2000.0
0.03422661646336596,0.09745258588162534,74.65922119141908,4.804292379484133,0.11506740736149083,148.1,5.922,141.04878703790052,0.00013998191764441614,-0.0005848410544047056,0.005458796866607256,-2.9908271867995495e-05,C/2000 O1,C/2000 O1 (Koehn),64,0.8234983778516718,True,20,0.7897746673761423,20,65,45,0.038447543372911286,0.03514982971239166,0.0924063323338593,0.09507626241333232,74.66565882112154,0.11345408728123295,5.129598775415744,0.11507276727844518,5.805662894803385,1.0001421514291213,148.1036038044266,88.8804454086797,5.921749777004926,141.05086878453093,55.15690678619164,44,0.7862133137928073,2451571.234897459,3.2612160646613555,2000.0
0.05647723360705827,0.47442220378124145,-2581.460101290549,0.5358553279285904,0.5308953867103147,152.43,2.173,40.53265557843185,0.00010107997062869245,0.0026152545232491775,0.011862057066669306,0.00028608467474633414,C/2000 OF8,C/2000 OF8 (Spacewatch),70,0.6306876654137945,True,70,0.6306876654137945,75,75,0,0.05888946403172191,,0.47306352969738286,,-2582.1526089320623,,1.3282616049862168,0.5309182430181217,44.21502797678484,1.0019051003942576,152.43522329327675,117.0904252008573,2.1730715547915134,40.530334456885456,256.068693354806,,,2452126.3007279118,,2000.0
0.27066591420314773,0.19766551320360903,-135.94066689033923,3.093821977160591,0.40173889170277516,75.24,3.542,93.07397754327505,4.569992704062109e-05,-0.00013235652154719446,0.0027497222308961624,0.00011161642615808987,C/2000 SV74,C/2000 SV74 (LINEAR),2193,1.457743700201387,True,725,0.7244296540201058,757,2208,1451,0.269536903108015,0.2761042112469855,0.19896411659053007,0.2036820614682459,-135.82107933511492,0.41465336566942174,3.039775467950414,0.40172273199614994,26.20497696783862,1.0049075805294896,75.23653358106564,24.186681423002465,3.5420087241140132,93.07473803998487,76.24200164309691,1371,0.8036924857690809,2452395.031112595,18.37548058191224,2000.0
0.029557718746238998,0.34664099467786114,-2018.4683090651467,3.516174246047848,0.37526280921979216,93.65,3.486,124.89715035590574,0.0037418870592889064,-0.19104165479853918,0.1705914577386998,-0.0034268596280324637,C/2000 U5,C/2000 U5 (LINEAR),289,0.7415705773014349,False,,,0,301,301,0.1960450662322186,,0.2600692188971265,,-2019.334586286291,,2.8342887890422643,0.37536622291721333,24.70008716063805,1.009117592735749,93.46187489886894,65.29694018441269,3.4827701937293996,124.89542214535355,298.983047723927,289,0.7415705773014349,2451617.0895260875,,2000.0
0.07927506361117516,0.04678716615205779,1167.9717525848894,4.734567869953722,0.03492148980518181,160.17,0.321,102.33130406238206,5.9024908537264054e-05,0.00011481473308094792,0.0008334333031894596,6.384830023631327e-06,C/2000 W1,C/2000 W1 (Utsunomiya-Jones),180,1.1565635882779404,True,165,1.1205203752814823,173,190,17,0.07788209280591271,0.06351677533219541,0.04562370549871208,0.12817280681175375,1167.9495530183317,0.08330099464270432,4.495995839670625,0.03497914823077204,7.576957431612807,1.0000607945710893,160.1655493950373,10.764716944064062,0.32118756385239433,102.33099275361953,51.50694298206374,17,1.4740427034034682,2451905.059270545,30.606774170316207,2000.0
0.2210791972844974,0.06521368407131978,-765.7832035755841,4.343092405804732,0.18057382821292775,72.55,0.555,89.32144512641723,6.814002176724898e-05,-7.646493273227861e-06,0.0023881293196935166,2.200522057005383e-05,C/2000 WM1,C/2000 WM1 (LINEAR),2172,1.5921616814315107,False,1196,0.9151391253127604,1273,2223,950,0.21933050284453984,0.22180596195157246,0.06298307749571944,0.05999224365189992,-765.9208820467773,0.18589877833905358,4.136652847031359,0.18069467101527503,29.76792130610667,1.0003109220681032,72.55022140164135,237.8957129915477,0.5553698194003696,89.32149623515802,276.77329907636937,915,0.7203207444507996,2452297.1731927823,16.918906552518937,2000.0
0.054988418127580915,0.10529191352844826,-58.91792328429601,3.7569713426148748,0.160102329462828,137.97,7.975,153.4057659383563,-0.0010248367111453938,-0.0054066434955188925,0.02975284150573602,0.00043026737539442195,C/2000 Y1,C/2000 Y1 (Tubbiolo),94,0.7873160505706329,True,61,0.8624674485409252,61,94,33,0.02565897263379959,0.057353049112981086,0.13540424895162714,0.13629891204289346,-58.8347497484982,0.19348022335053994,1.5952074894819346,0.16007491169410792,6.9594646506141125,1.0013251478164376,137.96883912575927,239.3933585347881,7.975193794702289,153.40351769426104,181.76115130140985,33,0.5890662902200553,2451942.656892129,11.98228734325056,2000.0
0.17503480036952956,0.09168339725054982,34.811400463984455,2.5307886104185977,0.2647133694566109,12.09,2.769,63.60605928141103,7.850152423105605e-06,1.6041413074319166e-05,0.001864106093178383,-1.816033980528431e-06,C/2000 Y2,C/2000 Y2 (Skiff),155,0.5795631963541912,False,115,0.6141869775118076,119,159,40,0.17656477656547928,0.18397700905950978,0.09028926231041184,0.09245645220580659,35.35553744455865,0.27455505681973685,2.4672426803773306,0.2648879111840578,19.569424301371175,0.9943560364958873,12.087453941173544,185.84836393999882,2.7687047417537975,63.60913940562295,326.8198259907507,40,0.44558772606195435,2451990.3068939424,1.0000793493980589,2000.0
0.36219011534450324,0.10881314809681883,-1154.7310975644004,2.481645775583449,0.4221646743413113,59.94,2.406,90.71189301478034,-2.00047550913407e-06,9.462718233521628e-05,0.0008001621654622105,2.5037896391300052e-05,C/2001 A1,C/2001 A1 (LINEAR),127,0.8409133904780137,False,,,0,132,132,0.36132081254240717,,0.10971961542328514,,-1154.6953630133276,,2.478067686102933,0.4221097593708994,33.51941648752433,0.9909345501828362,59.940833290396164,339.5944538291273,2.406472412051808,90.70958744265052,107.8898570500845,127,0.8409133904780137,2451805.1201485475,,2001.0
0.033332201984627906,0.1533090665124571,-132.08320386517272,2.936269702086542,0.184750294064618,104.11,2.928,112.89111655982488,2.713181888780447e-05,0.0021924877002419407,0.002043066510136016,-7.781968002884554e-06,C/2001 B1,C/2001 B1 (LINEAR),163,0.6539787553350839,True,,,0,169,169,0.03423319703007971,,0.15315338726591618,,-132.16026066675138,,2.9536992811528697,0.18472365896013113,13.252516987448251,1.0012566278439918,104.11333718118765,49.840939789249305,2.928428768095641,112.8894101964305,284.84880501594495,163,0.6539787553350839,2451806.9159224904,,2001.0
0.07140404920577738,0.1273463504004226,118.88518821570275,2.822507398050432,0.07134369198905026,150.6,5.307,40.53542586680386,-0.0003866131954846086,0.0074682042771598844,0.057275210439157315,0.0032300123192703367,C/2001 B2,C/2001 B2 (NEAT),554,0.7946560971754693,True,,,0,587,587,0.020090054380834086,,0.09087684156463487,,118.86931624720481,,3.757489157448572,0.07133622503282681,3.8013953102774116,1.0013616733206054,150.60901359763477,145.0961115353883,5.310031203474271,40.53180053229121,304.8151071891364,554,0.7946560971754693,2451789.2589524393,,2001.0
0.06885353140779729,0.06447390521994478,-230.415679170467,4.474772459351603,0.05160038291838411,68.96,5.104,52.18966103135064,9.685855354657491e-06,-0.0017889900755818644,0.002694292381997913,7.633514948413023e-05,C/2001 C1,C/2001 C1 (LINEAR),230,0.7980219471973636,True,220,0.805477812456311,228,239,11,0.0685777965350524,,0.06608147252612769,,-230.414253758657,,4.483890126576708,0.05159365816939381,2.8035244809919586,0.9998845876205696,68.96273596203798,33.716245608153784,5.1044097690740005,52.18864669911055,219.94740205896463,,,2452361.9138369295,,2001.0
0.096461156910231,0.048068797614363966,-145.26116031837188,6.935710369427327,0.048503677267208146,45.36,8.236,32.97644434318002,0.0001876998449505951,-0.0028037641769813604,0.001759686456986958,-2.0511966472014365e-05,C/2001 G1,C/2001 G1 (LONEOS),133,0.6856616320737285,True,67,0.5419366805384561,70,147,77,0.09440914979319516,0.06057321820650253,0.04596742405686796,0.06949310471453429,-145.3068573702327,0.027626777343407263,7.151714288566539,0.04850346262657308,2.0750570086249653,1.0029885806995436,45.36164514274816,203.8917626463987,8.235510619950281,32.97487354706918,343.28282326955815,67,0.9287402885736926,2452191.7154953424,13.259226580755719,2001.0
0.13961038098177986,0.14356739424693396,355.64027987824056,2.305670525275262,0.27615444702474656,163.21,2.792,137.26212992892076,6.334113430417343e-05,8.640882327881627e-06,0.001383954836424283,4.390053775260583e-05,C/2001 HT50,C/2001 HT50 (LINEAR-NEAT),3946,0.8699202797297542,False,1678,0.7588411861816126,1735,4100,2365,0.13936620172807884,0.14009041812737932,0.14385147233683912,0.1451445619235672,355.6433350953761,0.2782137730799864,2.266714793868723,0.276166039666717,20.30193284319044,0.9977236151576078,163.21213495842812,42.91264565326382,2.7921267740651268,137.26118645952064,324.07254684004397,2232,0.6653910164465265,2452829.5238865516,3.71718905760569,2001.0
0.11172795683676669,0.0874872262307554,634.568344733923,3.6535125419019647,0.07272513949398085,52.03,3.06,77.62047006514943,-2.9390191376821306e-05,5.964298692617831e-05,0.000705844272828519,-1.3231811546887684e-05,C/2001 K3,C/2001 K3 (Skiff),335,0.9209767392955243,True,,,0,354,354,0.11120970993349846,,0.08718058635021957,,634.5958418002463,,3.69655679444419,0.07272152560582397,5.103663134603974,0.9989062787747534,52.02663692050275,289.85015996111395,3.060112004723372,77.6216192328495,3.4515962540685363,335,0.9209767392955243,2452022.376525929,,2001.0
0.06115142424360431,0.06281557282193975,-104.44133828644287,5.40029968734964,0.04848131731422809,72.59,5.184,47.1158092447511,1.5015152758368622e-05,-0.0007077922359428612,0.0009422843218167673,1.8047783910013493e-05,C/2001 K5,C/2001 K5 (LINEAR),3261,0.7461038026990006,True,1183,0.6890290534170571,1228,3407,2179,0.061475499991847225,0.06100730407321976,0.06287018357223477,0.059812213419222285,-104.41217790061562,0.04715874110402934,5.028200199980544,0.048473905114435285,2.613607839335712,0.9995490233878928,72.58969598281443,237.4563329852861,5.184256753752655,47.11821307342381,47.05552881501803,2092,0.6922337264377982,2452559.2409814512,2.6329061992633824,2001.0
0.01487610339712644,0.09402209823534054,-306.620986346657,2.3374169616772837,0.08049664668650253,138.54,2.669,39.389437348892926,2.9851808366565535e-05,-0.0010737193534282596,0.003829218759710347,7.198650094153436e-05,C/2001 N2,C/2001 N2 (LINEAR),882,0.7932149824226642,False,831,0.7291657239087153,869,912,43,0.013471252542742604,0.013514138723411485,0.0935050525592849,0.09342221658649005,-306.64763903542166,0.08024066878268397,4.050866676989087,0.08052663088646411,6.053384296447438,1.0010881412417705,138.54245830122528,52.806091630220195,2.6685845588226496,39.397839730578745,151.8941949832381,42,0.7568715386825084,2452506.1648820825,2.1441173883602076,2001.0
0.09567653312548209,0.11268678727623233,206.2467938348182,4.767385064214686,0.06522205549539761,90.93,4.819,108.08179067256312,0.00015736813639177782,0.00936154526281996,0.009023207959804559,-0.00020966137939470997,C/2001 O2,C/2001 O2 (NEAT),74,0.8196404458257018,False,,,0,74,74,0.10438243590747055,,0.11834429872381465,,206.26460790253168,,4.709335357276249,0.06520688145762099,3.6474214958996414,0.9979555131899696,90.93557325198961,328.715120843908,4.819207880506451,108.07940440918073,280.89490434972197,74,0.8196404458257018,2451468.8405741756,,2001.0
0.10193486563974442,0.09815356201410642,377.61795331291705,5.69546683635778,0.021714823593983558,66.95,5.834,102.0441108108235,-0.0002125207885097513,0.007183770935682787,0.0163272088689285,-0.00013067881572847995,C/2001 Q1,C/2001 Q1 (NEAT),78,0.8291796996681458,False,67,0.8574850625790128,71,82,11,0.08836375781613409,,0.08652712644923344,,377.6235621904825,,5.8105106733535745,0.02170534771602766,1.1124595459999937,0.9657233792870383,66.95766275937495,139.26213964674866,5.833839001715729,102.04577889212302,175.44504566571916,,,2452173.3705307227,,2001.0
0.11438820233465088,0.07865067880444843,-744.2292556938828,4.481007165994278,0.12655724208043986,99.64,0.962,12.326282517429025,0.00010588205376294013,0.0005888596434289184,0.0042680875285782075,3.0068719461540105e-05,C/2001 Q4,C/2001 Q4 (NEAT),2483,2.223529940329043,True,841,1.3504574114276342,859,2686,1827,0.11729802613166496,0.12119367250494051,0.07862363775707933,0.07835877466256808,-744.2330109282992,0.13184126147886618,3.9050352364942795,0.12660951230857848,15.846876806432888,1.0007939337556189,99.64322237468373,210.27754400487777,0.9619898540342556,12.324290714515445,1.2000473256767925,1777,0.7005658688704703,2453141.4657215923,9.420900380587844,2001.0
0.32900776897473266,0.16457041613661655,-520.1689383090088,3.320589332269976,0.48478817121323337,30.57,2.058,70.18578112479153,-0.0002290420575190577,0.0007992376814236479,0.00798315315591045,-3.523650869619033e-05,C/2001 RX14,C/2001 RX14 (LINEAR),3219,0.6566769425834879,False,1366,0.5570820813773164,1430,3382,1952,0.3214267462983026,0.3218708401480725,0.17095854160891533,0.17280749780151464,-519.9527548248519,0.4870358017756747,2.6290808018904346,0.4846477423735109,41.4951813537626,1.001377256675696,30.574943971905455,14.178608530601311,2.057526552807009,70.1882833751671,121.48550969665054,1838,0.6103231404428345,2452658.202918082,1.6920852661703,2001.0
0.02834761589663161,0.0734754257728208,77.69450704858207,3.736567596115847,0.07566410991059251,107.26,4.406,94.66332333634499,0.00020770828968441624,8.965304262176232e-05,0.010418696941834194,-5.364951653774597e-05,C/2001 U6,C/2001 U6 (LINEAR),109,0.7461219282898571,False,72,0.7347484075367546,75,113,38,0.028095704152394624,0.029036529432639558,0.08410116048259118,0.08400354494154033,77.64197018030154,0.07768427686127435,3.4740167613424013,0.07567073139691546,4.430349862300771,0.9963748743896367,107.25559141897912,115.23120385044514,4.406361983534861,94.65963785115272,85.72576452864398,35,0.6206259214484743,2452495.15964223,6.476859323092452,2001.0
0.17111464713895014,0.14981765167708957,-45.655037068346246,4.120802360687122,0.32067608220052163,118.65,2.399,122.44421335660148,6.234818741179815e-05,0.0006148430607879618,0.0007598371115156237,1.2242415679430962e-05,C/2001 W1,C/2001 W1 (LINEAR),100,0.8659826142565414,False,91,0.8796683512983985,98,109,11,0.17088159454768545,,0.15006167408910892,,-45.66535461408637,,4.150726377221647,0.32069164269454614,25.43194015858445,0.9989895845589587,118.64588723173338,91.9398718436126,2.3992608512786364,122.44421691569693,6.162307239503304,,,2452268.4010349303,,2001.0
0.1540760810027329,0.12889348219077662,-626.5356541011761,2.018358878824723,0.14430037131263276,115.63,1.698,74.57709125652684,-5.474711898745266e-05,0.00023009117836636506,0.00037267032664149485,-6.624826231371728e-06,C/2001 X1,C/2001 X1 (LINEAR),207,0.8983705049500091,False,131,0.7824741017858067,141,218,77,0.15313677780930507,0.11080968432575242,0.1285370146509609,0.1282527190491215,-626.5869645592577,0.12690593470590908,2.090636896953508,0.1442921897574565,13.607983975016051,0.9969870505803776,115.62720570160637,336.07061390576877,1.6979317568288637,74.5757409388108,202.200703984799,72,0.6466327858859189,2452282.5919697797,8.55564697612624,2001.0
0.1446469440699339,0.2997159114316312,6147.592871711424,1.6059262189899985,0.3754055954524927,48.08,5.152,102.85332901591391,0.0013850516805129498,0.05863910972144737,0.03941120041821034,0.000383668415791405,C/2002 A3,C/2002 A3 (LINEAR),282,0.6926887111017975,True,137,0.6431290583291611,144,294,150,0.10618375594821863,0.11686597583884004,0.32200491702139533,0.32496584310924004,6153.2454178293965,0.3912109627348562,1.9801676125156273,0.37645854136221635,20.361707528684192,1.01085386516719,48.14202792441416,136.50607839723332,5.151996433500674,102.85614976200995,329.57845912463,142,0.6401464766946714,2452389.198484965,22.641701447459752,2002.0
0.1346403178557954,0.08776113388894126,-306.6137934010667,3.330793910496188,0.21447981242713043,152.87,3.842,66.6756748430098,-0.0001600336845846151,3.808290671258874e-05,0.0015425903576341488,-5.2597121602104835e-05,C/2002 B2,C/2002 B2 (LINEAR),52,0.6200603710664697,False,45,0.5778635311190939,45,52,7,0.13342532012103345,,0.08887833329992048,,-306.5802247687559,,3.510673708875162,0.2145187388123121,13.449327937071134,0.997064727117599,152.87262516077612,54.316621399253684,3.842114630582548,66.67741380538465,257.0713086008329,,,2452371.328861806,,2002.0
0.056651782426948384,0.2260620348126892,22.141952823304365,1.6648958030662677,0.28216223054532713,73.69,6.056,100.11977440540166,5.544119037148576e-05,0.0013523653208693531,0.023896227593036123,-3.340159794973374e-06,C/2002 B3,C/2002 B3 (LINEAR),51,0.8064232882024946,False,,,0,52,52,0.055554226038695094,,0.22738286481038164,,22.97420135396584,,1.6296470527623301,0.28239294594437947,14.081259497295521,1.0054958285265334,73.69169990864421,289.3629142911865,6.056170643734409,100.11196891017039,123.1134241990313,51,0.8064232882024946,2452291.171798406,,2002.0
0.09328237738412111,0.1738918510965239,197.21564787296006,4.359867439763181,0.24564778400088333,104.88,3.254,133.29390336835604,-3.643055421609365e-05,-0.0023398121589934817,0.002178676945256217,2.6721773311866315e-05,C/2002 C2,C/2002 C2 (LINEAR),200,0.7023798326872323,False,126,0.6211111936268752,136,215,79,0.09127091726228383,0.09673565265455022,0.17599747838239413,0.17377065598213146,197.27716722823573,0.2520178179725573,4.0109948674846905,0.24563950271426793,16.72369731013805,0.9996043663830783,104.8789905724749,242.9561616417179,3.253775897027639,133.29964640607494,159.93598124644438,75,0.8215188765907985,2452375.3156694863,12.942375539919245,2002.0
0.0708390856250351,0.047119066255611804,-468.7726686391503,3.8325451497834675,0.07525436280645871,92.54,1.466,29.934052637479518,-5.0322375565459154e-05,-0.0002124648375030347,0.0010242442005126598,3.217723815085449e-05,C/2002 E2,C/2002 E2 (Snyder-Murakami),836,0.7559612307742958,True,,,0,941,941,0.0715625516110868,,0.0467946128268435,,-468.66868124773174,,3.057236887348285,0.07524206384967345,7.627788624972976,1.0007387094201565,92.54476999367581,244.58191425367426,1.4664768396677719,29.934998503052064,9.034620320279837,836,0.7559612307742958,2452327.292866026,,2002.0
0.055248752991544414,0.12286865614500436,304.06649775495544,4.917394156796057,0.15873099537586807,80.88,0.438,95.13155268790746,4.8042951394267064e-05,-0.0009989874620401906,0.0013628699165541573,6.206201604463946e-06,C/2002 F1,C/2002 F1 (Utsunomiya),160,0.7288387429738274,False,135,0.5908903179816594,139,164,25,0.055282442992383926,0.059948134133477125,0.12371959230200669,0.11350810109211985,304.12380015125837,0.1457473278609334,4.633806927433817,0.15878098092896942,29.44670817036865,0.9995880099662027,80.87593066985791,289.0291077995836,0.43830517365162736,95.13477621842264,125.89924473885014,21,0.5397462905671475,2452387.3984181234,10.631927697548374,2002.0
0.03859209237212285,0.05740325163413827,-224.92633891116247,3.9060669413280116,0.07236356581724505,110.5,1.635,46.02725555357624,-1.639675958875486e-05,-0.00019882376734869922,0.0004592121290819339,-1.234015364559582e-06,C/2002 H2,C/2002 H2 (LINEAR),361,0.6814305348680014,False,,,0,381,381,0.03873075157622948,,0.05739504294904454,,-224.9399426988807,,3.5908504726652546,0.0723742268313306,6.960651157862037,0.9940489884536076,110.50091456620535,269.0017420497976,1.6348389287048184,46.02907326579501,20.419097659042702,361,0.6814305348680014,2452356.9089746694,,2002.0
0.05536417958007134,0.05859176361849345,-303.9389897671561,4.278343744437704,0.04661339439329668,46.53,3.634,86.82442751123014,0.00033763947016807183,-0.004564669256126308,0.009353620682663691,2.23925526303681e-05,C/2002 J4,C/2002 J4 (NEAT),230,0.8407377460209147,True,167,0.8121917858625836,174,241,67,0.059653163701119075,0.060126690333449015,0.06649019898736623,0.06525710655517776,-303.9085793455991,0.043968866025382636,2.7372354912249772,0.04661985431638696,3.0024112513139194,1.0002283336670323,46.520579081598356,70.87131293725142,3.633754704852737,86.82687079371792,230.709197306273,62,0.7300232786649276,2452915.681913553,3.5826259647853176,2002.0
0.09605463159423974,0.09511564696867204,-45.906254082900375,3.449201092523484,0.031255345813561174,117.23,5.727,55.0779794181757,-6.08247925835137e-05,-0.00013414172978798433,0.0012987585428097085,4.2882809678346234e-05,C/2002 J5,C/2002 J5 (LINEAR),581,0.682738564759912,True,315,0.6525563804915601,334,607,273,0.09474797430053393,0.09592476089770482,0.09389683618526246,0.09279203606163451,-45.90842981227637,0.03175116304478827,3.6379449142635556,0.03125288212603925,1.6033850474582503,1.0010843248598824,117.22810735385092,314.10956419048864,5.72683630538222,55.078366977303794,74.8341259569896,262,0.6543424875725232,2452901.809863584,1.4911166760344257,2002.0
0.0372567511788943,0.037892263780556046,-24.733790712829887,4.14488618893153,0.07471177843504356,89.72,3.23,66.2216694410686,2.7517513075170363e-05,-0.00011848722945728696,0.0012393143880050346,7.269184596925271e-06,C/2002 K1,C/2002 K1 (NEAT),73,0.8676658304633212,False,47,0.7620783577881488,48,77,29,0.03684486037078079,0.03072602460307566,0.038404127536697356,0.02245944269708957,-24.74641007985855,0.052115939376333305,3.941563656619102,0.07470182367622766,5.103981855950143,0.9996634000191497,89.72166065332951,280.5483484000525,3.2302416301269608,66.21993723984694,4.459371697835992,26,0.9325891622640953,2452441.953647073,3.996147755227505,2002.0
0.043815833060218516,0.025563275999233092,44.74742679303654,4.1641792539157265,0.03572134593853591,130.9,5.235,59.85182762390975,7.338345804408508e-05,8.598828389949631e-05,0.0026006315102966968,4.035706939564676e-05,C/2002 K2,C/2002 K2 (LINEAR),135,0.7779331821392335,False,,,2,139,137,0.04252089196029024,,0.0230693537310992,,44.76309968273449,,4.547205435771725,0.03571025426049076,1.92053373911181,0.9932103203494702,130.8957325535555,294.5569307281849,5.2351011992596215,59.85365244601659,26.667853783014316,133,0.7792933743986634,2452280.335277858,,2002.0
0.040481669284832385,0.04951192158859234,41.23327608588099,6.410208406042052,0.03053665622238549,68.44,7.033,107.10168502628018,2.2133586511263736e-05,9.1494410270343e-06,0.0002185389912297798,4.518552297305689e-05,C/2002 L9,C/2002 L9 (NEAT),321,0.5869725154120436,True,96,0.453352951488487,101,347,246,0.040496157043943486,0.03902234067256192,0.04953075818531902,0.04856033171980172,41.227596101336346,0.032123825929178354,6.414113847298189,0.030531349926577116,1.4134174841210287,0.9984405077235989,68.44216047373669,110.45143885692761,7.0330483225262395,107.10065301496213,231.4288644136843,225,0.6196002916571977,2453101.483757204,4.630424650181197,2002.0
0.02445904356083071,0.17589147379736247,463.815402399262,4.150767950854614,0.174184285066252,73.13,0.776,88.56520771117066,9.482041378650052e-05,0.0013993199396367118,0.0037282953827729604,3.123073571353885e-05,C/2002 O4,C/2002 O4 (Hoenig),1174,0.7176758499249438,True,1174,0.7176758499249438,1224,1224,0,0.02478861853795704,,0.17653802756570133,,463.935582984969,,4.103567325352605,0.1742494463012092,24.275367361359095,1.0009503412713785,73.1282259515409,321.04160742882266,0.7762399249489499,88.56847704082115,105.93312538352657,,,2452549.4818911836,,2002.0
0.07737814503210026,0.2209622004641976,995.1915145617768,3.873707607120684,0.1557165825221787,58.62,0.495,110.00412065568831,-0.0001035745939397259,-0.0016378720234797584,0.0038781283809713623,-5.132979717659136e-06,C/2002 O6,C/2002 O6 (SWAN),215,1.0998443591545648,False,215,1.0998443591545648,219,219,0,0.07769237347272323,,0.22096461695780487,,994.8367044236975,,3.8865301964569037,0.1555118545253035,27.155409050179994,0.9984726502302737,58.62229213428659,330.9507932198805,0.4946423715268328,110.00094298196163,78.75329970398438,,,2452526.9498343137,,2002.0
0.14398140777413815,0.08934637721408376,-333.57382095385003,3.4174165782677353,0.19461707343657214,98.74,0.903,89.13939423604077,-4.694414418793258e-05,5.917831559543174e-05,0.00029405345445844577,4.644469012660135e-05,C/2002 O7,C/2002 O7 (LINEAR),1606,0.8555652700139305,True,1606,0.8555652700139305,1650,1650,0,0.14358390275085478,,0.08967432008514534,,-333.56622831397135,,1.4391859171734223,0.19462048407247362,25.13776437063433,1.0002279568611812,98.74343039752509,12.803435754867923,0.9033685057034302,89.13810266940929,252.06889118461345,,,2452905.0716669154,,2002.0
0.06240820991838157,0.03385908979134017,277.0679788298071,5.611558747628236,0.06847108149044205,34.61,6.53,88.16310183106518,-0.00011872900461706859,0.0005478411160595442,0.013601252262409033,-0.0003881241439307459,C/2002 P1,C/2002 P1 (NEAT),99,0.7829304788687336,False,,,0,102,102,0.04876996517414085,,0.03826235108167643,,277.1084000567628,,5.840561704871225,0.06845214090644369,3.299370080617729,0.9841065391458589,34.60663889924273,310.6728186501406,6.529861483110211,88.16862928731446,347.7511840302856,99,0.7829304788687336,2452236.6681453697,,2002.0
0.11846962643421827,0.14138031199607973,-944.2354941980967,1.706869724925229,0.029810983087845227,149.16,1.243,41.052281037052154,1.6678544854098476e-06,-0.00041785529165849766,0.0006939328988242028,2.2990738130834742e-05,C/2002 Q5,C/2002 Q5 (LINEAR),574,0.7933890057460781,True,458,0.700028115313545,478,609,131,0.11918213354512425,0.11606378397404772,0.14184987728447532,0.14222800318167736,-944.2326861275046,0.027040066832694887,1.6275414414714455,0.029814988570000187,3.283018326725142,1.0015768730695924,149.16381217567135,33.747749113726556,1.2429896350031089,41.05503086465608,133.30763507773258,128,1.396444787778793,2452597.700278459,41.713707774105785,2002.0
0.11873106054339776,0.08543783644302709,-29.179241968630674,3.3930227129291692,0.09887780142425666,161.1,3.869,145.21142544079677,0.00016065906566575805,0.0006682179899826224,0.0011016926625184171,1.6399283798040898e-05,C/2002 R3,C/2002 R3 (LONEOS),1239,0.6368125694836573,True,654,0.5421920273345682,672,1274,602,0.1182553205515738,0.1178638963894708,0.08454648624485828,0.08725029679783347,-29.109567480010124,0.10024849313805473,2.1962562001854486,0.0988544415017968,6.169557061326562,1.0027716131741498,161.09583004589888,54.29728343436662,3.869504225900946,145.2079852555265,45.0690176101499,591,0.7391639084035856,2452803.9831389613,1.3706836815120105,2002.0
0.03261277003683165,0.11750326762401402,-639.5740329220674,2.289855739269549,0.14914021516672743,160.58,0.615,80.57036643752504,7.983630600238989e-05,0.000928926255113538,0.0036992979559224647,0.00010733383591121637,C/2002 T7,C/2002 T7 (LINEAR),4113,0.8537846257234588,True,3459,0.47562518155977035,3663,4511,848,0.0333516314548035,0.03482214181546942,0.1162803212279791,0.1165864646002021,-639.689308482216,0.150312724204783,1.668121228478363,0.14906718650113784,23.341493748559053,1.0005661174407834,160.58364426050042,94.86058536975777,0.6146533772958412,80.57261852043787,157.7395264693773,771,0.6918936612040463,2453118.562031157,22.27712164912005,2002.0
0.18985484130617147,0.07479086221864743,-357.56080367286495,3.395189669987652,0.22862683118852192,59.14,1.209,70.40386220668397,1.0372076912457118e-05,0.00025051958888866466,0.001289297017641007,1.4804117344002776e-05,C/2002 U2,C/2002 U2 (LINEAR),387,0.9934244748131027,False,236,0.7806667201488456,252,416,164,0.1880464606060727,0.1869794566606223,0.07615640171095082,0.0771337165981058,-357.3618902243303,0.2310466312157032,3.1044696653342307,0.22856203329182054,25.530415325809933,1.0000550559590224,59.135941404131486,38.77656532261366,1.2086467125403,70.40954301610451,95.84824829732665,154,1.306181152470325,2452640.4855693867,3.9139483378625215,2002.0
0.09941507185722528,0.16070974401133017,-10.859977148325811,2.5922584244636475,0.07427956253112439,166.78,6.812,149.52757613086888,-0.00011576644936805991,-0.0001397883182789883,0.005962425000149104,7.553174416585762e-06,C/2002 V2,C/2002 V2 (LINEAR),315,0.6927773668413495,False,145,0.6270622232176717,148,322,174,0.09366440047423853,0.09330512301714669,0.15455743508073633,0.15402334800838638,-10.863646792645795,0.074147883948451,3.166517399981308,0.07428304702466325,3.496793175835308,0.9985269084904951,166.77609666115413,20.23483134874695,6.812034570151029,149.52398020839,314.67405526696587,170,0.7402122119923521,2452773.1896586013,2.2682756069342744,2002.0
0.04669175502317975,0.11146467826444124,105.58425143047407,5.868708045819601,0.14975184673169145,70.52,6.797,67.34364332266628,0.0006536228025578739,-0.0005518819219929583,0.015368297505454508,-5.012202332643767e-05,C/2002 VQ94,C/2002 VQ94 (LINEAR),1232,0.5741564883304018,False,453,0.4978241747712006,465,1270,805,0.06138092497177913,0.06270494493200694,0.0958768961891191,0.09762011967266736,105.61808703102724,0.15297883823055475,5.947185384688799,0.14975885349439685,7.116186289110947,0.9669402613034951,70.51572284970278,35.01665069040037,6.796715280098179,67.34162390369154,100.0373241352073,773,0.53383406928205,2453773.33621379,2.1423887453680632,2002.0
0.17330613371661335,0.12883439894744209,431.8448157030256,1.6072172784021783,0.3010111763731051,164.09,2.487,138.99524234765784,0.00037308587361284395,0.002136525433513725,0.003113419847601696,-1.3509157455349197e-05,C/2002 X1,C/2002 X1 (LINEAR),1431,0.7572762083273864,False,1051,0.7449099058187797,1101,1489,388,0.17483107763249894,0.17677448671532234,0.12700643400725536,0.12805526339657236,431.82558477113344,0.30398245514167066,1.7524963442132375,0.30098033133320157,23.443063229918856,0.9985606667418485,164.0915641227078,281.88497829797876,2.486685727020516,138.99226325351486,207.3203292364411,376,0.7361334442939766,2452833.3885164694,3.448521779271496,2002.0
0.11206704895381242,0.17201999460061757,-105.88043343866525,1.7415047734168467,0.2840861496051468,94.15,0.19,86.39178581033659,0.000170954150550795,-0.0010253543211007354,0.006681872844925597,4.726732964288605e-05,C/2002 X5,C/2002 X5 (Kudo-Fujikawa),511,1.695639307393383,False,356,0.6694817745444168,381,538,157,0.11630933802091364,0.1219018363155416,0.1670332668560276,0.20109248340963035,-105.61698188951164,0.32296159141286207,1.6313154808165813,0.28333976944510203,79.8037717247762,1.0000118535477311,94.15125349981798,119.06745350288628,0.18998170350595098,86.38819766397187,187.578468305074,149,0.8866271269160261,2452668.502298599,30.06538528644188,2002.0
0.08163239827849285,0.08092034772489642,393.75766741005555,4.227822896204327,0.10885980483974299,103.78,0.714,111.98563906916756,1.3970555229225745e-05,0.0009009065788632142,0.003231169702032049,1.9218685410549163e-05,C/2002 Y1,C/2002 Y1 (Juels-Holvorcem),747,0.5862327564951387,False,722,0.5675562836360736,763,788,25,0.07742437625880058,0.07549103831176152,0.0836796265813899,0.08611710724138862,393.73631531742285,0.11114303483212347,3.0651043352017857,0.10888971781613192,15.833336026350159,0.9971658573895242,103.78244372782456,166.22106629703276,0.7138288691501349,111.9830860590152,128.81876013320058,23,0.47366669270351175,2452742.7480848064,7.694332644614036,2002.0
0.01795896807344345,0.008394629082098216,92.80478585764939,6.500355316368185,0.026308811590086266,8.06,11.427,73.61244378194816,2.229604287706799e-05,-0.00015588777790931374,0.0033058539531148445,3.89561656692905e-05,C/2003 A2,C/2003 A2 (Gleason),152,0.5476797492035368,True,104,0.5886844101355474,113,162,49,0.02160281524372738,0.007178668508038726,0.004707189199538989,0.011645114167544265,92.78510412140542,0.007574169003765632,6.472645296211906,0.026309975341214778,0.9556066068132751,1.006963378818567,8.061380161670723,154.54444973083355,11.42704540224635,73.61034461536846,346.6415326311372,48,0.43734039608235226,2452948.5163940517,4.557117930809238,2003.0
0.0837324753093715,0.08275157955138063,-386.38108746061255,4.601670954226102,0.039694396130073126,66.85,4.916,35.99430187014201,6.61305140861046e-05,-0.003723912089753867,0.0033620771225509106,3.837177393251068e-05,C/2003 G1,C/2003 G1 (LINEAR),1440,0.6343021820617233,True,,,0,1503,1503,0.08424006845128477,,0.08159918546180796,,-386.34753551280335,,3.9274175441129304,0.03969468569808696,2.19780030472505,1.0014452946507981,66.84558409991669,246.08485989351237,4.916326778406137,35.9938668185661,11.425888860797395,1440,0.6343021820617233,2452674.1547397003,,2003.0
0.15322408981310162,0.07339345321997,-834.9887214425812,4.488301063964164,0.11496044667863416,96.17,1.553,25.95333068094999,-0.00014898523769668603,-0.001361095541483337,0.0018668762720878388,-1.9483203215875378e-05,C/2003 G2,C/2003 G2 (LINEAR),112,0.8013963975957081,False,104,0.8215988541356783,108,117,9,0.1524197626586527,,0.07310774170746319,,-834.929037722261,,4.599536895995641,0.11497070310863046,11.338827902008838,0.996264589395449,96.16524737690024,24.567746284681796,1.5533419853564472,25.958409091505334,190.6755712958104,,,2452759.4262840278,,2003.0
0.14617749570637092,0.1026087382717233,-293.30937046416756,2.5801350596493995,0.23809192259990428,138.67,2.24,36.03699810453946,0.0002291577241999576,0.002691703259614542,0.0015429212895348415,-2.3711680359195242e-05,C/2003 H1,C/2003 H1 (LINEAR),1874,0.7135282337158464,False,1598,0.6708206826184799,1657,1935,278,0.14648924500578167,0.14718038363516633,0.10263290408495118,0.10312799864482018,-293.36788754672517,0.23941010621707307,3.4019746654001035,0.23807829877222106,19.53838955994186,0.9993859473539403,138.66990504465002,19.000864761803445,2.239602318247766,36.03506388395052,196.13842195441177,263,0.6871317035700814,2453058.123517723,2.366632231960954,2003.0
0.06887781287316712,0.07791590567162643,-551.4493850288659,3.410633387478664,0.06172883261968016,42.81,2.901,60.047779792691735,4.793807141101336e-05,-0.002305537390220991,0.005604082213354435,-0.00011597046487166196,C/2003 H3,C/2003 H3 (NEAT),755,0.6414677886349184,False,,,0,778,778,0.0739051199121148,,0.08196399335412145,,-551.4830530746362,,2.0118684772934157,0.061729373873578214,4.450334136215089,0.9998296877557623,42.80936989260039,269.41222531319755,2.9013233820977273,60.04309181849558,6.476437491711315,755,0.6414677886349184,2452753.730841897,,2003.0
0.02771226083836009,0.03918464556657725,-36.59032273390039,4.927212969796245,0.034957557890312164,98.31,5.125,89.47713449576467,-0.0001191626844277982,-0.0026320468258376195,0.008701087005528843,3.325335166337595e-06,C/2003 J1,C/2003 J1 (NEAT),76,0.4577448438004166,False,71,0.46697254012080547,75,82,7,0.030887590005685115,,0.04623192187527124,,-36.56609486580737,,5.395119287867884,0.03494782129681097,1.8998128871134614,0.9910083968382659,98.31083338303165,122.03247373714416,5.125428231912526,89.47888081728323,196.02013444372884,,,2452923.1048581493,,2003.0
0.1199427893612482,0.08658874082572487,-218.34657653784546,3.557192933167102,0.20187278870762093,134.25,1.024,38.5182951195911,5.556499501957468e-05,0.00016593151661936645,0.0010095672371058092,5.982028806217343e-05,C/2003 K4,C/2003 K4 (LINEAR),3405,0.829842677174855,True,2775,0.5727089601412527,2901,3712,811,0.11639935804866405,0.1178046102613305,0.08968118452996687,0.0918399681007634,-218.32478363664978,0.20549582422678572,3.2152666831594274,0.20186475359842457,24.493162465564758,1.0003562684033775,134.2526842963179,18.67552695361291,1.0236765387676012,38.52158681984977,198.44356370618024,773,0.599223342913391,2453292.218858021,9.039646252104717,2003.0
0.0660847821717645,0.143456676607245,452.61445285897844,3.1597423816852506,0.14652359501068263,82.05,2.865,98.87154423813784,-9.586720799426018e-07,3.1115187368868646e-05,0.0021320905551229763,-1.6740760269584598e-05,C/2003 L2,C/2003 L2 (LINEAR),496,0.8306861052887732,False,413,0.8345173151276759,425,515,90,0.06552517823865335,0.06634430386047897,0.14538940568151348,0.16511737411202118,452.6462290179925,0.17135200943735235,3.481739584817007,0.14653119563982872,10.676778882153563,0.9814502717764567,82.05111543558817,273.5586021864702,2.8647812705651026,98.87142025428136,119.84315836609787,81,0.5794450480942884,2453023.6906739105,3.994629509466484,2003.0
0.1011347443838773,0.07672704070525518,-7.672457081283227,4.085138409060333,0.0264089606648163,117.98,6.847,64.66332370642253,-8.121540504490987e-05,-6.934374580680469e-05,0.0003604506495303714,1.7826011044164147e-05,C/2003 O1,C/2003 O1 (LINEAR),547,0.74174834933815,True,250,0.6745093386503294,261,576,315,0.10059644437156559,0.10268932411682925,0.076181510090517,0.07529326652466856,-7.68060702334833,0.02904435182709581,4.132830103741101,0.026407456948601436,1.239279104598684,1.001307614228102,117.98162039414119,347.64396525109004,6.8473795096384285,64.66152822779094,81.67383193567201,296,0.7785085015473464,2453081.707179558,1.426863758726237,2003.0
0.10552780597340032,0.16042283297798085,-42.054313345487316,2.8269531737533806,0.06788033277052465,151.5,8.13,137.1601450697683,-0.00028670522176499347,-0.0014119058510573268,0.01154872988015389,-5.258641196803637e-05,C/2003 S3,C/2003 S3 (LINEAR),121,0.6559081967290836,True,21,0.5175002512897673,21,124,103,0.0943613956289777,0.1091715427349545,0.14854783664966884,0.14898791806232817,-42.048330245966696,0.2538942391088834,3.5242195193890233,0.06788975013930096,2.923292224144762,1.001518826355491,151.49634249065215,226.38962234843098,8.129472561552141,137.16147279194837,154.5593461319195,101,0.6850402955198868,2452740.037505124,85.12839535104258,2003.0
0.07271621228891156,0.14855073504367178,716.9794962055753,4.096254820859707,0.1065111718229446,87.53,1.786,133.46670384619927,-3.5093034469468876e-05,-0.00033246801888253685,0.0007084923859395578,-1.2904119499612676e-06,C/2003 T2,C/2003 T2 (LINEAR),459,0.9778549686279916,False,132,0.7258686766212293,142,477,335,0.07303940217442219,0.06941548933227902,0.14928054971191207,0.14999454249860497,716.9535330174522,0.11746591917202487,3.8390317622558094,0.10651245383056784,9.78358578207649,0.999705542206702,87.53130668985398,238.5327754881875,1.7863547000447761,133.4676144100397,152.2339027445951,324,1.0400659389443778,2452957.5277297553,7.261702532713021,2003.0
0.08309231599619336,0.1342861920502895,702.4405732617721,2.8022997377134535,0.09879214166784622,50.44,1.481,132.4427250750314,4.8001004939735026e-05,-0.00012432831122310972,0.0013763032578793018,2.8361121948483614e-05,C/2003 T3,C/2003 T3 (Tabur),753,0.7563313758967553,True,197,0.629151441615742,208,772,564,0.08281400077005643,0.08583812955236553,0.13401465302112017,0.13492244592810707,702.4090681566119,0.09847721270598374,2.8778945481140794,0.09878458155772837,9.964731649570211,0.999788384400275,50.444328027429314,347.05783734991826,1.4811044417159325,132.4374020343628,43.77497415033062,543,0.586431564225372,2453124.5018197135,12.273530153630121,2003.0
0.11769174005215258,0.07663034426075768,-995.8718089014087,3.0386543103494357,0.04410276681117584,86.76,0.85,61.39131218717248,0.00029777013479925785,-0.00017526679171453452,0.024154096934797864,0.00035707985454913604,C/2003 T4,C/2003 T4 (LINEAR),1021,3.85264023519648,False,811,1.340725700836226,876,1137,261,0.11789303057411817,0.13418109737065323,0.07661122805884518,0.07067599316343426,-995.9955866617573,0.07742641638840202,3.3557166086480232,0.04409956179079835,5.871761321823823,1.0007722509867443,86.76101755946777,93.90357369647624,0.8500981290249406,61.38620898269423,181.65508969153123,241,1.6450679332208291,2453464.1565760085,110.14111723585879,2003.0
0.1331725879871066,0.12955149062224933,830.840114625528,2.08778081325036,0.09107878940937333,28.68,1.783,162.9118303747037,5.138742784482897e-05,0.005830224236682113,0.03947068994501708,0.0013836188997600196,C/2003 V1,C/2003 V1 (LINEAR),531,0.74477132804786,False,,,0,543,543,0.1695617153779077,,0.14999520250171972,,830.7642334223626,,1.7534853733290785,0.09106895056918878,8.374585000594557,0.9970871818103919,28.6809961323171,25.803826329118866,1.784531885591733,162.9117815795537,8.693672247684606,531,0.74477132804786,2452709.6795343403,,2003.0
0.12404916973332954,0.15405485206977906,154.21860716035587,4.988101059964671,0.2756431440198599,31.41,5.191,68.462678460166,0.0001819818308104182,8.995958979696184e-05,0.0036613772365033225,4.9284796277859755e-05,C/2003 WT42,C/2003 WT42 (LINEAR),2451,0.5820861126790683,True,1318,0.44977020052618577,1392,2578,1186,0.1280381651115257,0.12926208646332632,0.1499995810577618,0.1535217391207013,154.20346568907644,0.2804004557251303,5.002408705288451,0.2756369554402968,14.852728841962865,1.0027663659272095,31.410678138367437,48.45447813817298,5.19097287759813,68.46198415888279,92.46275978600457,1139,0.6581161993243229,2453836.2641327423,2.3073647315964596,2003.0
0.02611365423074926,0.10318033103662916,-516.2332854911846,2.379955866759109,0.09471668495133304,114.1,1.602,82.09339551785081,6.019462431416933e-05,0.0006952985653043697,0.0026928922183632508,3.8167387837795275e-05,C/2004 B1,C/2004 B1 (LINEAR),1820,1.0276537192055468,True,411,0.8340916138745726,422,2026,1604,0.025027689857036982,0.025004458946209715,0.10326898268359784,0.10503714039045736,-516.2573353360569,0.09789383376851653,2.428628792463237,0.09472564058678978,9.187715494770801,1.0013667771243961,114.0975421401381,272.8021721333261,1.6019826944754818,82.09210470515603,327.9036143271142,1359,0.5035425872508698,2453774.3887576386,5.542353989414114,2004.0
0.13194669177780805,0.12046974846137491,130.57940915829516,4.777207022352579,0.2461738989672358,45.54,4.975,75.16688694342635,-0.00026627937235224053,0.0003474283985696047,0.009264226527696054,3.673390568348367e-05,C/2004 D1,C/2004 D1 (NEAT),498,0.5819633330498679,False,224,0.4041586686457434,243,512,269,0.12257496673269876,0.12327993399992825,0.12973625835496794,0.12954287262913566,130.62899182831083,0.24665533524705543,5.133882130103713,0.24613972194955702,13.551868413344915,1.0013503922367828,45.53777872503697,62.25418942443882,4.974625643622838,75.16785181029377,75.54513132010781,264,0.6408159630887026,2453777.2637873613,1.2687688314476073,2004.0
0.5377161518121077,0.07589611324174227,464.8757035437284,0.7683104753173473,0.601855945435164,104.96,1.43,69.8817686350887,-2.303348510557246e-05,-0.0001050808324407626,0.0001481616083946061,7.786753681626735e-06,C/2004 F2,C/2004 F2 (LINEAR),142,0.694769560245429,False,,,0,144,144,0.5357700368935846,,0.07579290980546924,,459.84083010217364,,0.5903234444360992,0.5995867951422318,61.68708575984286,0.990535602502478,104.95985572537856,248.27340087590343,1.4304462691217736,69.8812589182245,317.1430430115862,142,0.694769560245429,2453000.1456577177,,2004.0
0.09772104413218774,0.08066598539840841,-921.1997876322612,4.353076473999192,0.024843253046215964,63.16,0.168,37.26294648452311,4.7032560993587325e-06,0.0003430652029265957,0.0006782406783859735,1.3847960134427684e-06,C/2004 F4,C/2004 F4 (Bradfield),244,0.7507282242422585,False,,,0,251,251,0.0976274187255906,,0.0806208010640393,,-921.192866082888,,4.029141032964045,0.024905906304310572,7.455192107790344,0.9992966927578341,63.164914781874074,222.77816720737184,0.16826776323870474,37.267619281951255,332.7865873506986,244,0.7507282242422585,2453112.589976062,,2004.0
0.18435202740915219,0.015926802865445042,24.948905951333103,3.2155932891789525,0.19593058426316248,107.66,0.776,120.01208738841328,0.000130941160623399,0.0036201575456971113,0.00945637539424909,8.479213638290517e-05,C/2004 H6,C/2004 H6 (SWAN),293,0.9337634360969964,False,,,0,307,307,0.18441866882748784,,0.016027228988509546,,25.117267709267992,,3.3303595063551183,0.19602858565422251,27.309536605844503,1.0007618840752723,107.6674664298402,317.24573562096856,0.7763678389200788,120.02171641426324,269.05797370261126,293,0.9337634360969964,2453138.187760193,,2004.0
0.12674028346599325,0.16963479828253106,-268.95691442855457,2.628340397312792,0.29444138617660104,153.75,3.399,18.596100484831673,0.0006138884609758755,-0.0022132004103809777,0.0011841278869074798,8.371866975220854e-06,C/2004 K1,C/2004 K1 (Catalina),1108,0.6673231398236443,False,853,0.6498449187478811,876,1144,268,0.12648377864223018,0.12685776273195573,0.16965153841185956,0.16900685425684278,-268.98731458293764,0.2941620173311577,2.968440178395154,0.2944280072000585,19.61903772450933,0.9987461457781426,153.74530722877532,326.94085421610276,3.399155408817119,18.59884738452647,97.76719737273937,256,0.6986131417554622,2453556.6031594006,1.1809549974047935,2004.0
0.13520997909151478,0.12198267933838353,-25.766000410569404,2.4108268947220477,0.25610345239583066,159.36,2.047,43.16388085917159,8.103442455231757e-05,0.001188651830290155,0.004829620793851478,4.0968005510677585e-05,C/2004 L1,C/2004 L1 (LINEAR),433,0.893454526525094,False,249,0.8039471034174855,257,441,184,0.13914625895226684,0.1390813205881602,0.11818737704614787,0.11855832745583449,-25.810260814177127,0.25641949413624393,3.398959965818249,0.25610811673696865,21.988335196651178,0.9976996168153135,159.36204453431878,66.1784893041313,2.0474548670929447,43.15924165314752,243.57835957138778,181,0.9415365608966658,2453459.608097763,1.0901064482051774,2004.0
0.05886760953888461,0.06175113643003603,-270.0800058615673,4.276667382428257,0.008178450041106532,62.52,3.779,120.25483185189854,1.8213873648753598e-05,1.7472056462963792e-05,3.643772879249218e-05,3.1995746857749197e-05,C/2004 L2,C/2004 L2 (LINEAR),301,0.6228311823012442,False,153,0.5890749515817972,157,307,150,0.058943571988556424,0.06022940342874407,0.06181459952702812,0.061121146912501555,-270.0902131482844,0.010611583309964315,4.295396020697528,0.00818196902649757,0.5173676339910459,0.9952346475124192,62.51865161394434,99.18014218760939,3.7786600838946818,120.25683446243062,257.31134004122646,145,0.506945792218987,2453689.6020850902,3.2774753461595325,2004.0
0.027322314231038012,0.07433384261440362,-120.02853638663757,5.071584521168147,0.0866161754969245,28.82,6.014,83.20961146201722,-2.3129658563658673e-05,0.001149157861277672,0.00403082169666797,6.158076606865848e-06,C/2004 P1,C/2004 P1 (NEAT),143,0.7095917712454719,True,,,3,151,148,0.02709150047768993,,0.07301844549698014,,-119.98128929986419,,4.64092874380302,0.08662632369708598,4.336730193067039,0.9992325635047602,28.8173867818992,284.1857036310441,6.013781166644287,83.21299453929512,16.578511648724366,141,0.7027341473695848,2452860.235832805,,2004.0
0.08345620988005834,0.10890554632503177,721.645570910021,3.9400452751874906,0.07893950431273186,56.09,2.047,139.47571522192922,-0.00018030016473369326,0.00015612344486726215,0.0007908813081851354,5.87897322619213e-05,C/2004 Q1,C/2004 Q1 (Tucker),1872,0.49221997988630806,False,1199,0.3862397133135487,1280,2028,748,0.08424021616963139,0.08202129172486,0.10954729294107873,0.11099769129309912,721.6288522615578,0.07979023741108827,2.7657596566834752,0.07893457002789817,6.791528742273986,0.9888593648855811,56.087845234374385,22.130224473110484,2.046784253439324,139.47756976290128,32.96925607154727,684,0.4366135700500127,2453346.3651633263,4.44645452940274,2004.0
0.08341231712655879,0.30147072498618044,1452.638313578877,2.760880921567535,0.2265184027888199,38.59,1.205,101.5238831242474,8.018013446287053e-05,0.004401563431066791,0.01015573282921703,2.9246028474760877e-05,C/2004 Q2,C/2004 Q2 (Machholz),3706,2.4165754794110565,False,1719,0.6003292493396812,1796,3734,1938,0.08075729936834913,0.07746748914515024,0.29540614402043514,0.296887151338603,1452.597884193061,0.23070010515186562,1.8539626813260166,0.22653419579460637,25.33620855721973,0.9995814966908652,38.59335033675465,93.60889353955119,1.2050707657678699,101.51382521617066,19.518647927904205,1852,0.8538537582134328,2453395.4111679844,12.322780364071846,2004.0
0.02568697184370105,0.526948411635957,1229.2274353883915,1.8941129617560502,0.5457295983615866,21.62,1.942,74.79211382171931,6.151467967230317e-06,4.754521981098492e-05,0.000154806169828383,6.89796446540214e-06,C/2004 RG113,C/2004 RG113 (LINEAR),417,0.7271482198851876,False,272,0.7571363693605854,287,439,152,0.026010838649600864,0.029098780529830913,0.5267552155056113,0.525682856304709,1229.0528750633166,0.5476059677595191,1.909725979042412,0.5458625760308506,48.12342557001751,0.9972295163938061,21.61828366296448,8.773063120890297,1.9423650595595054,74.79381241895602,125.30526931978183,149,0.6832680616710978,2453433.217484673,3.4993496124779293,2004.0
0.046248517048498944,0.03708190017832737,28.890426394940242,6.998076516820557,0.009176084467361172,71.96,8.864,97.29312562524343,0.0002085421012304467,0.002054867551819939,0.008022166272007084,0.00017723946422165682,C/2004 T3,C/2004 T3 (Siding Spring),106,0.4658600366842383,True,,,0,113,113,0.04878771911750772,,0.03962279495234956,,28.893550575023134,,6.968794869095423,0.009175813076700423,0.37838394737521946,0.9986822408558218,71.96632745857518,50.35024896497949,8.864554047525408,97.294852688184,259.695984109855,106,0.4658600366842383,2452744.8167184913,,2004.0
0.11833991669475542,0.12294333775806762,329.11767651527157,3.5011003576856314,0.2071442786022164,130.62,2.659,109.79765332369695,3.043757997378549e-05,0.0009505904527600251,0.0020466985180137166,2.0966590454918332e-05,C/2004 U1,C/2004 U1 (LINEAR),529,0.5566106354785068,False,152,0.43703714644537506,160,559,399,0.11732182276244939,0.11255400602743311,0.12542203916295977,0.12487202174931089,329.05007954994403,0.198206967331706,2.991888126456015,0.20714858817045348,15.600525602541781,0.9992348783093445,130.62444339453717,112.54755890712853,2.659403481957943,109.80108831699124,20.130688590384803,373,0.556289230869006,2453348.257760513,4.59774645716868,2004.0
0.06280508274901522,0.18781601124204625,260.8521874033263,3.759927146092629,0.2261140340127794,72.12,3.793,88.42608295111641,1.7744950192910558e-05,0.00018643053923028674,0.0005654368651560846,-3.7268853696481585e-06,C/2004 X2,C/2004 X2 (LINEAR),242,0.565031765845122,False,,,0,256,256,0.06240674127145399,,0.1883673494863866,,260.87354501920504,,3.730351311388404,0.22610487386075473,14.26721001586893,0.9973949401846478,72.11807683403374,307.3412418252535,3.7930832870625655,88.42603860326524,162.21474696766134,242,0.565031765845122,2453241.8334037345,,2004.0
0.28807713121713713,0.10958238465640023,-652.9509832033438,3.5655970160006234,0.39440336334214515,81.08,4.402,58.212465766513304,-0.00033053526264525956,-0.017395584210689208,0.01422513310006406,-2.670624662570731e-05,C/2004 X3,C/2004 X3 (LINEAR),234,0.6425410059645597,True,225,0.615471036728001,239,250,11,0.2738944390653984,,0.12464317355187877,,-652.9658609292455,,2.3028910952982624,0.39434698302970206,23.073715569934595,1.0060965887380928,81.05919332643022,343.0433384699864,4.402270904280871,58.21113674661224,202.14079925530928,,,2453538.6890190076,,2004.0
0.08020221024543023,0.18602520634184755,779.1433626205298,3.94599379208498,0.13709696550282066,52.48,1.781,87.53431694331272,8.972426446229864e-05,-0.0009803225237163815,0.005192517855055326,4.94187875024199e-05,C/2004 YJ35,C/2004 YJ35 (LINEAR),210,0.47947314256669354,True,164,0.4340244464367122,170,220,50,0.08261224642317441,0.08142501818706939,0.19137058315356192,0.19200326251537755,779.0957750770398,0.1398398992390843,3.458668570928987,0.13708224220720489,12.60926043608258,0.9999540870097807,52.475422565580445,328.2494794813182,1.7812512926103885,87.53816724308182,136.9032120696983,45,0.45869139180688095,2453432.650301866,1.9313120584938543,2004.0
0.0913500377592047,0.041548417155852814,227.21891327910706,2.711214447105883,0.05649405148599746,92.55,3.205,90.2151740759109,2.876560676767781e-05,2.8852786087441018e-05,0.0002330007535852046,2.8930739144339412e-05,C/2005 B1,C/2005 B1 (Christensen),1461,0.6640108670518411,True,786,0.5666527725504733,814,1521,707,0.09137431588610384,0.08925341929445897,0.04155300287449851,0.04478412462035267,227.2282177150314,0.05283074905759751,2.7121965649522326,0.05651221469950814,3.875256657359355,1.0002201713092416,92.55118924885794,195.55607049472331,3.204961070185487,90.21756014528349,103.182284851036,671,0.5232589374770178,2453790.071961707,6.25714094942693,2005.0
0.03174490905579171,1.1966433083360593,-2541.419996624831,1.0455981248878903,1.1802798121876363,16.99,1.52,155.0933710620891,2.2653092824453935e-05,0.0004569273085195391,0.0015715221111380771,-1.3641089818605678e-05,C/2005 E2,C/2005 E2 (McNaught),1316,0.8592743932893171,True,635,0.47209655629244196,660,1364,704,0.03391040578809976,0.03466699321773179,1.1994831905112322,1.198249959005799,-2541.095194770734,1.1775166257895389,0.3317228979502547,1.1801252129308595,117.52588861123178,1.0001615600162124,16.988794592929608,347.84464402145306,1.5195649296890423,155.0934148644446,39.967796296651166,653,0.5611271612600328,2453789.973430016,7.752434734972614,2005.0
0.08697766695937725,0.07338815165319156,-80.99535558923137,3.401538158569601,0.07858435943783391,130.68,3.886,123.43023611413507,0.00022836564918415903,0.002568590656892411,0.0037850519629505385,5.9959646806273525e-05,C/2005 EL173,C/2005 EL173 (LONEOS),313,0.7016063730658652,True,227,0.5693938920816547,231,316,85,0.08534385540755482,0.08584215529211693,0.07068111201318836,0.07335988710142562,-80.98353429640962,0.083256927464424,2.8974718029041036,0.07856341001139937,4.892491798222254,1.0034120373388362,130.679244702103,344.79497522677315,3.886382796744062,123.42959601873928,261.4926442346144,81,0.3999098851018716,2454165.3966224855,3.8034586174693925,2005.0
0.06369599589102101,0.08896665176099658,31.30122953377262,2.5591520327664785,0.12882845764210818,108.41,4.961,63.57827523212338,6.21443186868964e-05,0.0006477487255267533,0.01691080074158711,-0.00012403417876516443,C/2005 G1,C/2005 G1 (LINEAR),277,0.6089186587677969,True,226,0.5397485798547791,239,292,53,0.04943494635457906,0.04920488337426732,0.103270357680462,0.10517921844281837,31.30153187654448,0.13067588320033727,2.5533618225607153,0.1288303560383669,7.101136560189523,0.9997983515490552,108.41459693904483,299.5863383755107,4.960674080293902,63.57536277187565,113.8263380649225,52,0.9230796116941106,2453793.765080757,1.1884356994714962,2005.0
0.23505282877471168,0.13766091845528922,83.80460789713811,4.033224261745816,0.3694754468284486,150.8,4.287,28.862717106585546,-0.0007119841862407439,0.001789170249566041,0.10066282777147208,0.001314472713898951,C/2005 J2,C/2005 J2 (Catalina),68,0.8482450411578553,False,,,3,68,65,0.24796964301160307,,0.12492842501548988,,85.20235093700177,,4.370723407665505,0.3694614775199235,21.912196049728223,0.9992880158236533,150.80480968025157,33.3709100255375,4.288803799716404,28.969030259157904,199.74450176652044,65,0.8556241141362556,2453464.786251826,,2005.0
0.1180843805324304,0.11887396806652413,-87.04469296991928,3.7572542654601477,0.19168271618392405,77.75,3.693,59.80258922072694,-4.387811688433274e-05,0.0016052683557603586,0.019154780104054175,0.0001778301296142537,C/2005 K1,C/2005 K1 (Skiff),613,0.6838469637221797,True,559,0.6016606392365264,588,645,57,0.10205829722971987,0.10294559755524746,0.13530935658953322,0.13634182452044602,-86.99959967682608,0.1943020248146937,3.7188499090059786,0.19171224228643072,12.246889055899219,1.0032461544013718,77.74918297260922,106.304432147513,3.693090102508523,59.79717759897272,134.9580765772381,53,0.9417902455705204,2453695.693718924,2.8794693619590888,2005.0
0.12903057704347332,0.16075582175958122,-192.18288087953175,3.8243835913830995,0.288310150102631,152.76,3.194,37.962210610778214,6.936203824614573e-05,-0.003837318742540674,0.006843726039857581,-5.084188872839235e-05,C/2005 L2,C/2005 L2 (McNaught),54,0.7056909319258944,False,37,0.6149848191681753,37,54,17,0.13489579432557625,0.20085391549210876,0.15448243236913206,0.12546504049711102,-192.22188461766933,0.3257795369453516,3.670246460737777,0.28831720188704113,19.81257179317993,1.0000488037847153,152.76024351759986,155.8816682719446,3.1937410589185897,37.959511430078116,294.2403824898853,17,0.7496977434841785,2453566.022201864,27.148182088933854,2005.0
0.0467153470154898,0.12437738270814133,230.38787528021385,2.05345231881987,0.08339954076253342,139.45,5.594,36.42242302407355,0.0005496628259145098,0.00022345993343719783,0.023825386669872314,0.0006308972502298005,C/2005 L3,C/2005 L3 (McNaught),5135,0.6586821916347408,True,1496,0.5087370428976757,1565,5339,3774,0.06588905263636462,0.06435962334075611,0.14647587953306238,0.14839765972288949,230.40131849531207,0.08706873891790778,2.61215834887802,0.08342009375875235,4.330123496892861,1.0001362908852924,139.44947073559473,288.7432331496486,5.594259064147738,36.41958260781217,47.160254710423196,3602,0.6185958950800762,2454481.846455677,3.233231748097965,2005.0
0.07965792735175119,0.1331625802554705,525.6281115698584,3.6786524132793668,0.06762413546910076,51.18,1.125,106.32279550502078,5.0275508073904795e-05,-0.00013330958441315488,0.002680142739048397,3.402776098426763e-05,C/2005 N1,C/2005 N1 (Juels-Holvorcem),222,0.5928134687579933,False,85,0.5127433127899808,95,246,151,0.08033155812747168,0.08218532257083984,0.13410794257266462,0.13612185727582538,525.6571406389926,0.06807917571225992,3.5717312543284145,0.06760894141272096,7.82627829272724,0.9985064485571012,51.180060418399194,3.2406859700930277,1.1254815162349223,106.32482900507279,80.04816226477804,138,0.5751047214515123,2453604.541415728,17.788980051903643,2005.0
0.1724637275801762,0.08618859778237112,-100.12159028463188,2.3564515629207765,0.23390591925710086,105.19,6.408,113.69900941322896,-0.0004333256478894487,0.0035412007495949638,0.013588636502745903,-0.0001947146601137817,C/2005 Q1,C/2005 Q1 (LINEAR),154,0.6720933085287192,True,,,0,161,161,0.1840980751431632,,0.07771287740444027,,-100.1970275893153,,1.7107239091920117,0.2339331397519811,11.345120430148674,1.0038908731274585,105.1951471035531,87.73998852585203,6.408198366732565,113.69956707374114,44.67990387013618,154,0.6720933085287192,2453608.006647635,,2005.0
0.04530226827142237,0.05097929189067013,50.18428540711284,3.98043269973447,0.07047632141976228,164.01,5.188,152.66041621002515,8.566135948906428e-05,0.0005728055765246154,0.0069746965188053145,-7.992722107275085e-06,C/2005 R4,C/2005 R4 (LINEAR),484,0.6902964952485116,False,352,0.5775923343422328,379,502,123,0.045638469468099734,0.04652254050752816,0.04466041158519507,0.06888759069826313,50.172818407442264,0.09318726324065917,3.3185567954168915,0.07047932473175332,3.803874565079583,0.9975738989064613,164.01316915717132,63.77210761578135,5.188461382075212,152.65662117380433,6.880058385180737,121,0.7419920598722901,2453802.513353571,4.5041634161044275,2005.0
0.10907679905008232,0.05358906031517547,-48.053100550970726,5.590518354412522,0.0885318811672416,107.96,5.85,86.61948244955848,2.870885569861148e-05,-0.0005146960623818586,0.00706836299061604,2.5899161425257944e-05,C/2005 S4,C/2005 S4 (McNaught),584,0.7624320813334442,False,312,0.6269171737780732,338,641,303,0.10223127082895447,0.10271899502286537,0.05153679307549126,0.05131241976269808,-48.061351787158856,0.08992337719449105,5.410643704723302,0.0885248329107018,4.495798952150629,0.9989998958465915,107.95844357889801,318.29007405124435,5.850133520190251,86.61808290699422,31.46094599858248,275,0.9462182452234589,2454300.1467745407,1.8572572474894942,2005.0
0.06832976870116524,0.14578418920855893,325.60096670561234,3.3577016367260115,0.15974708403081744,91.94,2.862,77.44192757018804,9.515715120045343e-05,0.0016728082576378256,0.0027768326063705036,7.417957510158502e-05,C/2005 X1,C/2005 X1 (Beshore),107,0.957333427843573,False,,,0,113,113,0.06839470706125712,,0.14646673001183455,,325.57586403085816,,3.226004106470158,0.15974900772531578,11.603391134926687,0.9958256752545257,91.94311975353482,302.79747448705155,2.8622193033829495,77.44155229230415,117.78709473074115,107,0.957333427843573,2453557.258682033,,2005.0
0.02281661119560889,0.3365131300675772,1323.8284299004372,1.9893496647685167,0.32705102939340386,40.54,1.993,62.188570662342364,7.129101662006754e-05,1.2886953605573126e-05,0.0019738919690183193,3.1416298705622125e-05,C/2005 YW,C/2005 YW (LINEAR),219,0.47165712645331,False,98,0.35120755547390087,106,232,126,0.024215524552782038,0.024982698788938214,0.3360360818566937,0.3365140821340979,1324.1482942400853,0.32786419765542796,1.948879237721265,0.32703276767539696,28.516242191362473,0.9896047085588727,40.54361825995978,302.214561896046,1.9930423273563056,62.186720933676895,234.63195234248323,115,0.25062264891780056,2454077.349205427,1.367692144905795,2005.0
0.060603405330659964,0.07719710438321734,1.6190244234542206,4.308850947036277,0.1377104090235037,92.74,0.555,21.8704378908842,1.0189785213721159e-05,-7.728047593502652e-05,0.003987539342847276,4.293349020012549e-05,C/2006 A1,C/2006 A1 (Pojmanski),596,0.8615332147886372,False,114,0.4150525849208799,124,619,495,0.06001033400567779,0.05973227816091744,0.07774535404672273,0.07784500410478183,1.600864994120343,0.13754211191358048,3.6111860683497357,0.1377396456040009,22.690878157614875,0.9997764455455392,92.73604429496372,211.34480780529626,0.5554386470581076,21.86993146125375,351.19154147715227,464,0.6033986935573207,2453788.681514883,7.497984650170726,2006.0
0.07161103446688465,0.12404441933736284,79.44079734237164,4.153726966327132,0.08914804367833637,148.32,5.316,117.92485991056151,0.00012676309165216004,0.00021583234973832077,0.005785500155434,-0.0002233630149905963,C/2006 A2,C/2006 A2 (Catalina),89,0.6694824638806288,False,,,0,90,90,0.06824629047654583,,0.11871245774148219,,79.44335921521167,,4.013180859424728,0.0891431068171619,4.750810997921949,0.9987491510082667,148.32279515613513,233.22530938356,5.3157256599945315,117.92664766140977,141.0124678741476,89,0.6694824638806288,2453510.6136644855,,2006.0
0.10608404157694779,0.1471760091635062,-11.69313026298289,2.7497299846771517,0.24870048224594996,134.28,2.998,50.378181204884264,-9.629703555280589e-05,-0.0009017890899940539,0.002868899400676548,0.0001061886067925677,C/2006 B1,C/2006 B1 (McNaught),183,0.6427911776150447,False,,,0,186,186,0.10303802585275627,,0.1501876970951809,,-11.677413618046444,,2.6849928808275916,0.2487073101411986,17.647402859132683,0.9976690654631847,134.2810273390422,161.23969906583687,2.9976975601499927,50.3761382453906,302.49475986924296,183,0.6427911776150447,2453694.015521582,,2006.0
0.10233260722449607,0.04545265444173395,624.2234269008604,2.225323984935054,0.11553100978698434,144.26,1.752,111.56033454900599,6.231010051527264e-05,-0.00016560176658231285,0.0002934782107384002,1.8009337581892382e-05,C/2006 CK10,C/2006 CK10 (Catalina),319,0.64260512889654,False,223,0.523284170793689,227,329,102,0.10223345984560837,0.10330896331195111,0.0460164154091535,0.04700777531730442,624.2296517212844,0.1190779129634758,2.1652769408685377,0.11554913007377905,10.738245364386046,0.991962624813725,144.2625960760406,243.80996630782758,1.7521873423127579,111.55572601004519,143.4560528826417,98,0.8488087921146094,2453919.7794069014,17.358792653054266,2006.0
0.08173354050283978,0.030040248926750276,-75.83713525426651,6.179344324428239,0.08117746896509724,83.19,6.041,88.51407770161875,0.00038589127708754667,-0.002125393968526623,0.03653725718149972,0.0002439396953040074,C/2006 E1,C/2006 E1 (McNaught),143,0.6989474072123584,True,122,0.6359770168251265,124,143,19,0.048792304113824896,0.054362693645087126,0.05172582938726717,0.05771332141737699,-75.80666541396116,0.09523227320203352,5.7886742254120245,0.08118737219899397,4.055379123091209,1.0015076795257516,83.19207206553422,95.03172712878236,6.040852682574673,88.50653474878568,232.8039450365179,19,0.6912370221556998,2454106.878174912,8.788671774274968,2006.0
0.16563706947876258,0.20319323586316457,42.73318263851584,3.2544079386464584,0.3686283809033847,45.81,2.266,19.137969515500764,0.00016396164767340515,-0.0014198577582433813,0.01762882218648022,1.533173647727537e-05,C/2006 HW51,C/2006 HW51 (Siding Spring),175,0.347810676796961,True,160,0.31228226957335553,164,187,23,0.18202481330500248,0.1821112505927796,0.18663858839729214,0.1871211387586746,42.80355563537332,0.3691753100674845,3.6497702570567387,0.3685567930464175,30.059739705504757,1.0022755070152904,45.808355281523774,228.1270728852893,2.2656213963941063,19.136061634121333,359.9505353706236,22,0.9362516718835628,2454007.830599812,1.5655079411376505,2006.0
0.05395365594428287,0.027187312547339762,-368.5790905831184,3.4858851909518727,0.04439141593440702,53.88,4.426,145.2720514678552,3.887576137628912e-05,-0.00016431813288164676,0.00045562424942826045,2.3789375214633424e-05,C/2006 K1,C/2006 K1 (McNaught),407,0.5915461686216894,True,172,0.4992604133321722,175,417,242,0.05356979448386387,0.05895817802082601,0.02689501449101246,0.026106754451285775,-368.63918973817744,0.0497446151180359,3.468374016401569,0.0443871669900064,2.590296786412199,1.0016433588477034,53.8765756360904,72.11555437384978,4.425551583660783,145.2748040294334,296.44286460163005,234,0.5143136319902534,2454302.0561828716,9.86635037608872,2006.0
0.01818418201608091,0.026771451435941396,-184.9121297183499,2.9212726351485623,0.043249687330322674,92.62,2.501,155.4765509983722,8.836261324729477e-05,-0.0003894827955832625,0.0015498330370972793,1.8403247530329736e-05,C/2006 K3,C/2006 K3 (McNaught),200,0.8777064836272338,True,174,0.5652602244415168,184,207,23,0.017766074190538512,0.017795064882794923,0.02759812185867246,0.02500896562968994,-184.91502732559618,0.04114680259169945,4.171346537039286,0.04324123243978913,3.356505107927899,1.0008822909864763,92.6196074416188,49.40275486068122,2.5014677689873284,155.47312786812805,328.07632219546934,22,0.8372250793926281,2454172.8708588304,7.521507103165784,2006.0
0.140340262620594,0.07234498792473143,-37.37358092122224,3.5120092474380677,0.1954777997264426,111.33,3.189,79.14898611582423,-0.0004145684681584605,0.010678508337079506,0.012594582143679893,-6.585128391467521e-06,C/2006 K4,C/2006 K4 (NEAT),466,0.733130391945575,False,301,0.6305969834083905,305,472,167,0.1284462325594298,0.1298197991174025,0.08562474159630029,0.08683223737157081,-37.3575353056342,0.19852632553414576,2.952745902801246,0.19548120456824858,13.448806208068746,0.9978348908758491,111.34443226288768,116.60393241082738,3.1886094744563835,79.14440862920684,233.61833457451107,155,0.4649895224880457,2454433.80130399,4.229605914335687,2006.0
0.06235764707910936,0.06097610286464392,586.2961149211612,3.271848497326552,0.08218862674607408,143.24,1.462,97.32491963039598,3.219608123994355e-05,-0.0001534228777586577,0.0006088271495501793,1.438733193048769e-05,C/2006 L1,C/2006 L1 (Garradd),691,0.6953240589521219,False,58,0.4124880645830797,61,717,656,0.06254123012495422,0.06307683322335135,0.05971808234107483,0.0673505139790536,586.3706540273015,0.08933494641379505,3.601773129096302,0.08223621347620413,8.355117938507846,0.9973760769270095,143.24243284783344,101.76037511448517,1.4620844009041516,97.32512584906385,338.4105512684267,624,0.6009921896262608,2454026.5026280754,4.262409288712879,2006.0
0.19274864538447076,0.08029195033988375,-108.21557092658153,3.16696140117657,0.26817590571048555,101.02,1.994,35.79722871211439,-0.00011887989053827042,1.7745328463547594e-05,0.001392921639442441,2.0625269887553088e-05,C/2006 L2,C/2006 L2 (McNaught),397,0.7409870100557165,True,247,0.5395435813000613,254,408,154,0.19068493070476572,0.19599772769853915,0.08215989685720856,0.08157212299643833,-108.15936167633542,0.2726998448112445,3.722695139495845,0.2681749214153162,23.314620881431612,1.0008980570108987,101.02231360118186,239.24600600776336,1.9939676759847176,35.79844952093741,48.03631039588144,151,1.0066094595138655,2454059.699410176,10.480586255099341,2006.0
0.051097159003115046,0.041332864663732406,-431.63387554491237,3.513534025849764,0.03535134766236821,54.88,3.556,119.53052290614198,-0.00013269296134998942,9.708378894401903e-05,0.000432277414921181,2.9824101970721273e-05,C/2006 M1,C/2006 M1 (LINEAR),618,0.6492504222695036,False,430,0.4888806854681151,455,641,186,0.051361212271749064,0.050391508973879034,0.04154834112057162,0.041989110197581114,-431.66187608174823,0.0342591850915221,2.696815724102983,0.035353238034337583,2.315631506179549,0.9767232329922364,54.877014042541184,231.6150045856541,3.5562290234269915,119.5336200527387,122.89381146444762,183,0.8266788550433327,2454145.422364469,3.7897647968005064,2006.0
0.09455170082198615,0.1166507415611769,552.219303959849,4.674543588499255,0.08861691180484092,111.82,0.783,85.44514643320925,1.4337199662373123e-05,-0.0011355094662661713,0.0023880038378695646,3.399361655076483e-05,C/2006 M4,C/2006 M4 (SWAN),1258,0.7570434780351658,False,74,0.48268830143304103,77,1297,1220,0.09521208302069216,0.0950557268197623,0.11681016655892644,0.11711117806476398,552.139163756731,0.08857938684482088,3.160325962744029,0.08862667086671887,12.295612319031767,1.0001993862394705,111.82212690736003,148.72706583981613,0.7830422287406527,85.45193562240439,62.59657181596372,1181,0.7643735247629191,2454007.228505603,2.078968723498339,2006.0
0.22764002046680204,0.06645213638006822,-988.754598544288,3.34175081550489,0.16417007552384186,43.03,1.555,81.72648970221947,-8.177758034755289e-05,-0.00020122302644409729,0.0024054060054509337,-2.4030179529344053e-05,C/2006 O2,C/2006 O2 (Garradd),85,0.8057720533616938,False,65,0.7134576707916551,66,86,20,0.22707573891913063,0.23731302911736382,0.06600000129150789,0.10013124662461596,-988.8923724460296,0.14063376068979744,3.391591856622022,0.1641625985679764,16.183899128583718,0.9962700472929457,43.028531739783645,283.3588271821876,1.5547703028742696,81.72926682920802,19.986376884875124,18,0.5448075756618603,2454013.9066261384,3.641702191288221,2006.0
0.08190516595329872,0.10901323721077825,-686.086244954967,3.6751034367523148,0.040117318650952645,30.17,2.431,132.45874529515004,-9.377623611195318e-06,0.00023907560220592927,0.0017146085989668026,5.141519309947995e-05,C/2006 OF2,C/2006 OF2 (Broughton),4623,0.624282151890166,True,2025,0.5696832009269165,2095,4910,2815,0.08263789248543048,0.08353745775816308,0.10966240881340117,0.1085103154070844,-686.0686870982875,0.03925958007622411,4.000180925683663,0.04010525665354086,3.1574483882186413,1.0007740228802249,30.170672519042565,318.5090475488789,2.4314929885305574,132.45838860287085,95.60978948422215,2677,0.37571028473951795,2454725.1856642775,3.449341642071396,2006.0
0.04797141436282075,0.08187419402465873,459.17061343724237,4.001379978439983,0.03621295791775433,77.84,0.171,120.57734103671666,2.9977599210972983e-05,0.0006311582885132339,0.002760466667182241,1.2356538929558791e-06,C/2006 P1,C/2006 P1 (McNaught),315,0.4778599140231546,True,185,0.34692570030895015,209,341,132,0.04552423272072626,0.04707571592969806,0.08014542018249378,0.07949171636372454,459.3039513969271,0.03435943899401464,4.22816509135834,0.03622300345532408,10.761746891612296,1.000048793481489,77.83763170719793,267.41460193338656,0.17073770050678136,120.57609032049685,155.9777697738559,123,0.320963955454998,2454113.298843633,13.052265561826575,2006.0
0.05212147140720134,0.13901168587742388,658.2418555944248,2.5265894011896273,0.09247338620221919,59.05,2.764,34.648381571350725,0.00021849660639705615,-0.0018200026225372312,0.001367080959175095,-7.703308266826525e-07,C/2006 Q1,C/2006 Q1 (McNaught),2669,0.8168320020708307,True,624,0.4482741681238907,641,2727,2086,0.05025134758112734,0.04832945427148287,0.13725229169804704,0.14065227279907305,658.2615076097386,0.09861416207228588,4.141883530864763,0.0924651077530823,6.828188581118958,0.9998189125328051,59.04854286178326,199.54612226578354,2.763712131741521,34.64657169657585,344.38283324926624,1982,0.44775598776831954,2454651.3564239605,9.574589130153193,2006.0
0.13884840139270602,0.1287195314252294,-104.62901957729578,3.3447167563557354,0.24677175362411793,98.96,3.162,79.46611300031698,5.1508927783494585e-05,0.0005678995396038999,0.0018078851837790956,-2.1172431570182226e-05,C/2006 S2,C/2006 S2 (LINEAR),174,0.6955024477901547,True,115,0.5875796639000103,117,178,61,0.13658605741327698,0.12860025711227888,0.13085561008421676,0.11857083428201316,-104.74693224737922,0.22341124269285045,3.7274999133776134,0.24676898648089451,17.038788385592284,1.0020110243577196,98.95970207519849,113.88681944280891,3.1614892435310846,79.46328436427179,166.342723144157,58,0.7436720232353936,2454227.8517516633,19.475661236359937,2006.0
0.043571223428206005,0.08489678419596934,-44.780371750413714,3.4404600069209788,0.06076156642440614,166.03,5.131,42.7796237013567,-4.7953043230686276e-05,-0.0026495358918623424,0.061742415723715305,-0.0015014138283238054,C/2006 S3,C/2006 S3 (LONEOS),6190,0.8396794850795485,True,3040,0.6408707493632473,3166,6552,3386,0.032936490927154435,0.03614986787650665,0.02786200708241625,0.029505880586413062,-44.79380391321504,0.0656387469122161,3.8087983824302443,0.06075538326860617,3.2930907471421524,1.0034681649026203,166.03002707439123,38.37097385233023,5.1296508757065755,42.78124215290454,140.06855686604598,3089,0.6258115015765953,2456033.830422284,9.784232805242707,2006.0
0.06785825080060287,0.11751375396724796,-14.193494924245215,3.0526765046983573,0.1429817477693377,84.88,2.498,100.21875879394507,0.0001040608056536163,0.00015640192236787698,0.003286898270734258,3.092303081864145e-05,C/2006 U6,C/2006 U6 (Spacewatch),588,1.4239995583094638,False,313,0.4483887974651798,323,588,265,0.0651623599815044,0.06835527185997528,0.12103779301476407,0.1263359798224469,-14.292870689695292,0.1532060676031805,2.814656552955422,0.1429758045087877,11.108125979921509,0.9988102694157278,84.87910084899819,180.18487882119655,2.4984280909582655,100.22314863823152,276.60039492056774,260,0.7851787088218409,2454622.975911301,18.555756870457213,2006.0
0.14605904580374984,0.5619275147625336,2035.846482058465,1.3391917162352842,0.7064162639413945,31.12,2.675,44.381050591250535,1.7860479153197772e-05,7.612056930739186e-05,0.008100206898466257,-0.00012585339426074427,C/2006 V1,C/2006 V1 (Catalina),667,0.5539008569146403,False,595,0.5448858893413389,630,701,71,0.1376851711652149,0.13793856776850855,0.5697684843909246,0.5713432572936631,2035.8767957400587,0.7083185208453529,1.8300318488739553,0.7065090121764561,53.19317692427649,0.9896343393699254,31.119550600451287,335.7238098915303,2.6747773174205114,44.382770785349464,253.41200874305392,67,0.3867065498593105,2454431.0242071194,1.8596975352511316,2006.0
0.09176768419010072,0.106908444731006,30.617981960390182,3.7054858313181356,0.19863201969317038,134.79,1.015,36.726156853104804,1.1531576915357888e-05,-0.00011711991990637216,0.0025344597909445618,3.9007893966047646e-05,C/2006 VZ13,C/2006 VZ13 (LINEAR),1115,1.2749779067049554,True,1114,1.2711285396026675,1167,1176,9,0.09273518557521239,,0.105943136780746,,30.62020740443541,,2.550069459917175,0.19866177855382722,24.20386303815664,1.0002573935012324,134.7932030343852,66.0261226710859,1.0152910287615171,36.72620038788579,174.11229023413722,,,2454323.39161612,,2006.0
0.07230823387888669,0.13107613292487436,-132.2771929199679,3.7454414480493687,0.2010684677018704,127.07,3.126,99.58146174955053,0.00010142433189197497,-0.00017772396677173674,0.0004958941248763213,2.020037087158144e-05,C/2006 W3,C/2006 W3 (Christensen),5586,0.7892382300661499,False,3091,0.5581948592758316,3181,5702,2521,0.07121872166770563,0.07340987440773208,0.13229398330924272,0.13501832026632568,-132.30957644837184,0.20612156839281828,4.103832890108947,0.20107383241522536,13.964818371339536,0.9999258546433387,127.07451652758662,113.57100180060176,3.1262532200287505,99.58342620327946,133.51521131354667,2410,0.3694053248949857,2455019.149533773,3.969181088151932,2006.0
0.0627129348669801,0.10795754952237678,-456.65346487135935,3.460080149383243,0.16566522678675621,152.7,0.591,84.51477887140128,1.603827532092872e-05,-3.263014843923884e-05,0.0010124548555014423,1.346900583665267e-05,C/2006 WD4,C/2006 WD4 (Lemmon),102,0.6981540953601186,False,65,0.49052167508128763,65,107,42,0.062352695069515046,0.03487885092402152,0.10836807840499817,0.13727790983140592,-456.6735764866153,0.10962818148025538,3.4327849248626916,0.16568326041850645,26.460550242549292,0.9990032829175429,152.70458310987746,226.79038064743617,0.5912578610152577,84.51530152728225,292.6897432781411,41,1.0149541895151966,2454218.89822554,621.3154733289031,2006.0
0.02607962722207038,0.04216503798240811,-183.19532532849524,6.069127382234894,0.016209376406069436,42.62,6.126,117.24952413864771,-0.00012390206883450272,-0.00043500927133521827,0.006715298901906334,0.00010817722320854983,C/2006 X1,C/2006 X1 (LINEAR),95,0.5325556615820255,True,,,0,96,96,0.026050902805113296,,0.04214265704887671,,-183.15583642113504,,6.2179475925280645,0.01622484412597265,0.8048917659604191,0.9998760979311655,42.61735981323856,255.2432446484633,6.126161714853268,117.25983429630438,101.28966813687099,95,0.5325556615820255,2453800.2127491143,,2006.0
0.07498733362844602,0.08078625781533492,721.7144314657362,3.0080136669765642,0.039936305760755623,30.63,1.804,70.51995494519322,-7.62624769677922e-05,0.00158578634794182,0.0017290548171055669,1.8875950804631003e-05,C/2006 XA1,C/2006 XA1 (LINEAR),466,0.49168551492447643,False,454,0.44513522498818553,493,510,17,0.07803780659381993,0.07461238964825363,0.08289471999480802,0.0846283132347137,721.7940514751895,0.03865011969900896,3.376372695782067,0.03990574049307674,3.653293985437982,0.9927614783314571,30.63098931746309,318.66168938029443,1.8043944775340737,70.51949649393727,187.42093432721475,15,0.27789944430920477,2454303.397006916,16.276893684612617,2006.0
0.041956785839018615,0.1798899784744398,391.4903170476143,4.622103934979593,0.16281138323349323,69.56,4.948,76.25876183057044,-6.309743682275659e-05,-0.0012008356131190112,0.0035873346796395076,-0.00013443777246369137,C/2006 YC,C/2006 YC (Catalina-Christensen),145,0.6574033415802533,True,,,0,147,147,0.04206299881992541,,0.17991629659032043,,391.49302055636923,,4.535817432491849,0.16282092029841716,8.98659981027409,1.0000939719701063,69.56236350903336,154.28744940245596,4.948070825967302,76.26325774404712,335.5156962227667,145,0.6574033415802533,2453990.2801273763,,2006.0
0.06529875225347453,0.0773020040716798,83.30060055099739,2.8131143927754367,0.12207841990401722,27.5,2.975,25.05036772356094,-9.10059448121503e-05,0.0011967495391616012,0.01372307677828964,-3.435931437989481e-05,C/2007 B2,C/2007 B2 (Skiff),1498,0.5977722278717087,False,1367,0.5099747851669032,1441,1572,131,0.05270701484237284,0.05430479075601015,0.07885729761521632,0.07969181149952966,83.28566736690937,0.12482335846346874,3.082919153839887,0.12208417558303461,8.700471054636157,0.99587220615089,27.49649325117048,14.86881935409079,2.974881233095359,25.046445158896766,206.0110899293207,127,0.5534928704842611,2454699.3412116277,8.739016574594476,2007.0
0.00673767004826079,0.21440074065794332,694.7185869318594,2.502924208925935,0.22046167657914945,41.51,8.793,63.144755298336285,-0.005493114224538909,0.041086842420753555,0.16472655847077683,-0.005654110337149021,C/2007 D1,C/2007 D1 (LINEAR),523,0.7206232382333905,True,198,0.6831078373611468,212,546,334,0.17107813080820058,0.2411262620688296,0.07182545601057407,0.07249064649375024,694.4005889826672,0.29125770723191236,1.9813043155611907,0.220301061359142,9.124080874958658,0.9944555726139095,41.54809952050715,171.09322642690015,8.78771173587825,63.13752036520685,339.97372213351713,324,0.7242968817649361,2454270.367055456,56.16765044893765,2007.0
0.06190121812718616,0.10745017512534484,94.4869278454596,3.1121833545096727,0.06420183243136732,45.92,5.209,110.56936665994759,-1.1678247467505898e-05,0.0027802883002578938,0.005619285540342805,-0.00011552452768182064,C/2007 D3,C/2007 D3 (LINEAR),177,0.6896882193601399,False,79,0.5611844757868731,80,178,98,0.05838407617746981,0.06394601126329805,0.10659411245776533,0.10622005991294113,94.54963885834513,0.06503620093870138,3.024106656141256,0.06419865604999937,3.4591026619252117,0.9920012472136086,45.923038317263725,148.42777089823616,5.208853565868563,110.56633438375611,309.0899068334694,98,0.7690167138682843,2454248.2016805704,9.832201653344063,2007.0
0.06606643168241934,0.11749214840581992,198.42062908288608,4.052459876055586,0.18163760250613364,95.88,1.093,38.080993591993455,-5.9448165250164386e-05,-0.0005650115774500364,0.0007933458805225022,1.2756055538520883e-06,C/2007 E2,C/2007 E2 (Lovejoy),1588,0.8118603182876304,False,64,0.24488762395999394,77,1675,1598,0.06610057430827299,0.06938549583101866,0.11736472037809066,0.12205092152706172,198.37406044781778,0.19119039891964515,3.907933798190372,0.1816217075288967,21.333983474264908,0.9991162047207641,95.88233632185758,232.4314972186167,1.0929395112227058,38.07928847396529,340.5331320685293,1477,0.6404759150951087,2454187.0010642014,52.29033599714856,2007.0
0.0918229388867242,0.07546672889548496,-862.233947872569,3.388162873776352,0.016605595427845194,116.08,0.402,133.9958844486172,1.245644259406653e-05,0.001102996930910649,0.0019265478266207788,1.8533115671570677e-05,C/2007 F1,C/2007 F1 (LONEOS),214,1.1933522538178292,False,213,1.1768409944420473,224,230,6,0.09113940499914672,,0.07474555202198846,,-862.1145568361524,,3.591637800877541,0.016602387956628138,3.2132459747258033,1.000100604221317,116.08319201252681,172.88722711720396,0.40239339001099667,133.9944795139278,153.7093407153519,,,2454402.2603118345,,2007.0
0.21149298957858542,0.15155901624723697,-79.48370024800133,2.3757280791264845,0.360592285965076,88.36,2.646,71.1099556167923,0.0001899710231045848,-0.02804363471845761,0.03796123810930356,0.0009480174875604597,C/2007 G1,C/2007 G1 (LINEAR),1984,0.7295991526603327,False,1764,0.5141665975505989,1856,2056,200,0.24525363838698203,0.24692751252336792,0.12442712538400151,0.12745028698103086,-79.62639096031572,0.36530321632551493,2.582834190231354,0.36062108927569975,27.214193787538893,1.0016956138508777,88.33035309073792,78.99452206382293,2.6471623955315846,71.11085602838631,223.9888426312049,187,0.48988972016807886,2454786.924562782,6.2239527556197825,2007.0
0.07079217650610428,0.06093068458373507,-74.1330198946058,3.8939440710891655,0.11981879176359043,89.84,5.369,73.72036097452974,-5.6140475912291876e-05,-0.0006229414646128362,0.013911952976793195,0.00046972116578647416,C/2007 JA21,C/2007 JA21 (LINEAR),170,0.6211137733387198,True,,,0,173,173,0.05938548615310197,,0.07476616627302804,,-74.2047237941954,,4.125694757482364,0.11982850498609406,6.349189029380759,1.0017105188480238,89.839765532517,65.52334729601813,5.369035201219503,73.71936869970548,93.73578863129201,170,0.6211137733387198,2454054.061427695,,2007.0
0.04521746439987106,0.02774033361559353,-0.6402141729181494,8.18614891740301,0.04779830398349015,108.43,9.239,59.67913529501127,-0.00017732032893924554,0.0048548142597582,0.033025678812796305,0.00012249057275859343,C/2007 K1,C/2007 K1 (Lemmon),135,0.46824588636358866,False,,,4,142,138,0.07735633903033276,,0.0398730894578426,,-0.6389481088499451,,7.738424866547626,0.047798004232760254,1.9410653302006065,0.9785480249919748,108.43795718627875,294.6670790035399,9.239171911947059,59.67717086694209,51.93977949637276,133,0.49762449246711365,2454228.1488700253,,2007.0
0.24236406090282497,0.1967836255448309,-149.12581819655827,3.945547774938625,0.43914574775630016,16.3,2.051,71.28012758909365,-8.255566346182519e-05,0.00024943251698061886,0.0032947096416643964,-3.3632321625454153e-06,C/2007 K3,C/2007 K3 (Siding Spring),94,0.7837015838882619,False,44,0.8037837321619311,49,106,57,0.23836888084674973,0.2344619553424289,0.20071298854814393,0.19907837581043872,-149.297952803979,0.4335330163450012,3.2367354210087775,0.43907721238190506,37.65444677671869,1.0011580582072712,16.3008096365105,263.2521721121478,2.0507367534455194,71.28475603732183,23.5969139206136,50,0.7354058984044524,2454578.2114626537,27.303693175299934,2007.0
0.15831817909496634,0.2268412002361007,-222.40516421736766,4.392682273849061,0.3851191277794033,98.63,3.528,36.11592336598292,-0.00012817381013530138,-0.005127211311318547,0.0009099749689418697,-0.00010427915288158118,C/2007 K4,C/2007 K4 (Gibbs),95,0.7182498291368972,False,,,0,99,99,0.1663023337050725,,0.21890623147613653,,-222.2681632178017,,4.254615306573811,0.38518554725493126,25.181761995470712,1.0028432500065128,98.62142284803762,68.51722938986393,3.5277435363367133,36.10904355626262,162.41342970216016,95,0.7182498291368972,2454224.2172229984,,2007.0
0.11514515849085931,0.1757153360863376,42.038440950246695,3.4637182535853253,0.27526715377882327,105.06,3.433,95.10602228265257,-9.195800262262743e-06,3.723714893055785e-05,0.0014547215920432631,-3.5420444257638906e-06,C/2007 K6,C/2007 K6 (McNaught),42,0.23249132348567075,False,19,0.22004977678331997,20,44,24,0.11459137398804158,0.09227986018823497,0.17621808950119944,0.17452780858137457,42.042499008658524,0.25126105479725097,3.5288629896727564,0.275284777645283,18.320954355524357,0.9846202425207826,105.06375276558853,298.07518753847876,3.43297777517549,95.10225593887637,337.1419586138358,23,0.21492665554499016,2454282.977097992,4.18017379652554,2007.0
0.015384438513076672,0.05543845109346565,29.443559805865107,5.061985581274106,0.04063538440758918,139.72,7.475,64.48236576743093,2.7608846935534004e-05,-0.00023830795777257663,0.0414990550918073,0.0005766549796781817,C/2007 M1,C/2007 M1 (McNaught),231,0.6736883883876729,False,112,0.695903232022039,115,236,121,0.05258834672256056,0.05339984488054321,0.09180168225500768,0.09051442470188369,29.453558502953456,0.0387838941905667,3.847888718962853,0.04063388585602021,1.8269727198274075,0.995229963985771,139.72126069419474,326.80761179561347,7.475237805300144,64.48467410522424,52.67647218125759,119,0.6241097617963434,2454690.232892594,1.169215098278292,2007.0
0.04821396887331481,0.1667626090225476,376.44839084887315,1.5542980911899116,0.18458197930384085,80.95,3.541,59.56196248656181,-8.545847631502568e-05,0.004175893969133426,0.00360490506034015,-3.2506366287154975e-05,C/2007 M2,C/2007 M2 (Catalina),410,0.7290010505453869,False,325,0.6470336513749929,344,440,96,0.04504128695732113,0.04580952837471628,0.16790492515786734,0.172290275362685,376.4870579033045,0.19029447196181026,1.6456564729256842,0.18453448720404417,12.045002040824963,0.9992472457196133,80.94983781966819,357.283904863534,3.541013407865628,59.558374361394726,220.6718291062756,90,0.4859574375867861,2454809.065037208,4.20339815244143,2007.0
0.12497067794330614,0.21063111405276363,-167.04854382365284,3.1276525545628195,0.3354494434956085,161.76,3.469,58.43395221910024,0.0001782413758476542,-0.0009589240145544409,0.0041457265959091195,6.813562090535186e-06,C/2007 M3,C/2007 M3 (LINEAR),665,0.6235418494420552,False,549,0.5206342238327868,592,697,105,0.12865617090073272,0.13030189633847106,0.20697781287652622,0.19816485282677876,-167.06019142864716,0.32825031208206756,3.173594022144269,0.33545256213666186,22.232972593774832,0.9799379474367658,161.75993957871984,41.62508315571002,3.4687658970907447,58.435804309686525,125.73944893143914,104,0.8079640192770741,2454348.1268970026,2.328963159813582,2007.0
0.11593379147626087,0.051364841637571365,794.9261364284218,2.9225544931787204,0.16725336492900708,178.37,1.212,17.124137622136278,7.044409440681854e-05,1.7413494362017445e-05,0.003962515226864452,3.186928661236266e-05,C/2007 N3,C/2007 N3 (Lulin),3852,1.037995818086824,True,1541,0.44206303462910973,1600,3955,2355,0.11110447385372856,0.1133360934105666,0.05623984874917335,0.057662501590953215,795.0145776234217,0.17095526066505914,2.957992489420994,0.16729456404295137,18.652868769014205,1.0000540661092812,178.37362793779278,338.5350547316327,1.2122904023615113,17.130230886684988,136.86604497421052,2233,0.6342966944962481,2454842.13981608,15.856082403851577,2007.0
0.42024930584864634,0.1783851067857353,-520.0918876119337,2.9586625526039643,0.5924704201298495,24.38,2.877,62.685618111171834,0.0003869672103145039,-0.008988110791555926,0.021914097020916252,-0.00015690368860132864,C/2007 O1,C/2007 O1 (LINEAR),166,0.811941371648493,True,12,0.6690827018177478,12,185,173,0.39933547430397454,0.3592360163084618,0.19891820590906426,0.19881113322261817,-520.1892221046174,0.5506976038241962,3.370682731784566,0.5923640826489267,42.877415834877844,1.0052160439340736,24.372334918117755,116.25111343078066,2.876557153676291,62.68869091978949,159.40422979539227,154,0.8193989203615061,2454254.785784085,250.63356093314093,2007.0
0.19187287587892438,0.0794735409763365,-559.7482044974304,2.4518738594303833,0.1178587308149396,82.01,2.989,109.58053340328527,0.00017362959977762493,0.0030538749482076355,0.005897864005688889,0.0001799774791519937,C/2007 Q1,C/2007 Q1 (Garradd),43,0.5485393141940902,True,,,0,45,45,0.19292083618248196,,0.08051367979746943,,-558.273863199454,,2.280241480064611,0.11775188171408754,8.365521025799351,1.0011612483041197,82.01065230151964,5.893941086848743,2.989435047322436,109.58848171524052,282.1384303182829,43,0.5485393141940902,2454080.733919706,,2007.0
0.02537553417094174,0.04259354375648576,103.30613093656244,3.713354089987467,0.05726246242824968,65.65,2.252,63.98623798931468,8.756762509531946e-05,-6.037369118416791e-06,0.001462395718187624,2.825846612264371e-05,C/2007 Q3,C/2007 Q3 (Siding Spring),1325,0.7989744640257778,True,540,0.40790759679506167,568,1375,807,0.02487782611199849,0.023369608867002727,0.04231095207178635,0.042650575926048186,103.36322876375739,0.05747115812235647,3.881892921137587,0.057255676038395376,4.684151011821295,1.0003252269315883,65.6504860670832,149.41284658132463,2.2517167297428715,63.98223863795895,2.0913381656649306,755,0.673429509804976,2455111.770732207,9.264556601190407,2007.0
0.12243478217904002,0.08663905859582341,-150.60732953349128,4.0478711695505325,0.19772180005317022,117.64,0.969,71.30245251852732,2.0306328156194375e-05,5.856038683305087e-05,0.0013731114515029114,1.775196440945148e-05,C/2007 T1,C/2007 T1 (McNaught),313,0.5196889088155848,False,205,0.49238221558410383,213,323,110,0.12051202735116578,0.05181316060089741,0.08804668129189255,0.08914359655375946,-150.63123388429,0.13962871640264532,4.1377030039228275,0.19770227905486376,24.665372030535526,0.9997800412435848,117.64250310996444,111.43302431337396,0.9685206838947934,71.3017994064755,233.75637203185468,105,0.48077161006842917,2454447.029886204,296.2166845353894,2007.0
0.08691384827868028,0.10365606344981902,-102.98918409283564,2.401697008436803,0.13452358242215987,157.79,3.329,159.93197426476954,-8.059044940633697e-05,-0.0006101042826003322,0.0005036933276000036,3.3243504896862675e-05,C/2007 U1,C/2007 U1 (LINEAR),884,0.9641224032714307,True,262,0.5699394933898425,273,901,628,0.08644555704624018,0.0902831584989538,0.10368675694745816,0.10310157319364163,-102.93006241950312,0.1379352414774148,2.0902868635740943,0.13448453812310163,9.049466360942503,1.0013453569664177,157.7860058174373,50.042857180312545,3.3292356643089946,159.92830461922333,0.9272754708639717,598,0.6498624292907567,2454685.548151343,5.692180230149611,2007.0
0.0673651339786789,0.020034989993089215,27.689339142331264,2.394593579559997,0.05887834209111504,86.99,4.843,89.26806777841826,0.00012317554120766516,-0.003943903683975236,0.007037488454179933,-4.6197764686617404e-05,C/2007 VO53,C/2007 VO53 (Spacewatch),662,0.6896270335790088,True,270,0.5384861642936833,278,695,417,0.059702007056038356,0.06053267109286479,0.015233649282768387,0.014234210796018458,27.685263248488155,0.06065518727828466,2.5791227413036335,0.05889950178325511,3.2861080449532896,0.9997281674540167,86.99086209615064,59.73856495276463,4.842688369843699,89.27025644486308,75.02682344596931,394,0.7333256680129879,2455312.9299933123,1.8119404098261038,2007.0
0.171936697451968,0.08604238702442993,633.2153091198485,1.242981287241911,0.10873095494921323,9.89,0.85,70.04887303129038,0.0003414999831758969,0.0027952655853216157,0.007876530123393836,6.671263127189242e-05,C/2007 W1,C/2007 W1 (Boattini),1692,7.768413903708817,True,879,0.872629260914359,929,1706,777,0.17016194163690748,0.16608672165352398,0.0842509565953154,0.0983337426821907,632.726950574699,0.09603573096145789,1.446901675406675,0.10848182558659193,14.445934853628849,1.0004422639958148,9.891725814511362,334.53680920480707,0.8497271066945777,70.0447182721629,306.5358842642316,747,2.05666033575653,2454642.3879093598,48.94678188505421,2007.0
0.048699254843281484,0.13946655868158953,394.57534274464433,2.922338551090072,0.16691625356866888,78.67,1.777,52.64953963050308,-1.5558365486612047e-05,-5.2593915526699675e-05,0.0015557858270570841,-2.2844101166263897e-07,C/2007 W3,C/2007 W3 (LINEAR),207,1.0475194812893185,True,154,0.7465903898613883,158,212,54,0.047143548470783,0.04954400588304814,0.14177067756274747,0.15215315930601458,394.5963084823576,0.18127162894673698,3.6444477451894515,0.1669158840898243,15.373365595992519,1.0001477076930994,78.67349769404981,73.06906758668843,1.7766382296336694,52.65554056842418,112.6272076313204,52,0.7548245406799875,2454620.2951242067,6.831530686018843,2007.0
0.04946619993803595,0.07070330068011564,250.20075295350773,3.930626486635146,0.02954438870494306,110.18,3.341,80.83926779725614,2.893079946941768e-06,0.0003405645819043457,0.0010297386492290526,-5.417976799648727e-06,C/2007 Y1,C/2007 Y1 (LINEAR),204,0.7359513995272172,True,188,0.7252520533924633,193,209,16,0.048938961281737706,0.05123910479796985,0.07003412523575636,0.08043604174587114,250.22425158080918,0.03701486114456203,4.271876178142845,0.029544332830642415,1.9843719935346156,1.000735554898821,110.1789851695305,133.09160211436657,3.340903089071629,80.83791810513709,357.13132148424984,16,0.6884912507177006,2454544.8536317465,1.947688968551763,2007.0
0.20073529826520015,0.017205802150602793,-22.069807839385476,2.0056788118001014,0.1852206915335796,98.5,4.209,111.14640672421343,-0.0002506741632111176,0.00019965437351743276,0.002439215463366306,1.1022291665163664e-05,C/2007 Y2,C/2007 Y2 (McNaught),78,0.492607821578282,False,72,0.5311100873005944,73,81,8,0.19797479166919515,,0.01502487139577575,,-22.04056714906642,,2.367732585274552,0.18517851788478445,11.095889595900442,0.9962753304275195,98.50339632812089,303.4633794330549,4.208968731351997,111.14881412672491,257.68937105088753,,,2454564.8993832497,,2007.0
0.04233610657806966,0.1124919822057355,268.7619079763181,4.382862204570177,0.15073056738128687,82.55,1.073,66.48772603438333,0.0002963688774926254,-0.0006551731338504396,0.002787048268972458,7.107498853420324e-05,C/2008 A1,C/2008 A1 (McNaught),937,2.447233050919942,True,390,0.9946670547289813,393,937,544,0.042474018746301696,0.050088326587247774,0.11232765298756596,0.118389535247081,268.7406183229789,0.16676488236900283,3.074131984935198,0.1508812505201771,17.879501796345757,1.0005268406084535,82.548520135297,277.88102326305017,1.0731456159599653,66.48787909019359,348.4730478855103,506,0.9578112309409454,2454738.624419517,29.24966440296549,2008.0
0.04891061462355196,0.07012528036308116,463.9568272329503,3.870303161921507,0.05825275995612576,61.78,1.262,86.08515617295704,0.00012143497065886244,0.0006021673065461641,0.002798098871334553,2.7919574918433554e-05,C/2008 C1,C/2008 C1 (Chen-Gao),753,0.7734079917796879,True,702,0.7486129050368538,764,815,51,0.0490938068405462,0.05352495290440076,0.07018059458344063,0.0693647485039699,463.9692335538926,0.057487426159508574,4.238807800812174,0.05824408775368876,6.363882909884859,1.0001220960068908,61.785121914026575,307.78123058838725,1.2623739565028724,86.08498005901255,180.92632853288805,49,0.9129438248113986,2454573.351147367,1.4308814462996862,2008.0
0.06693561700376345,0.07758601268596227,600.1213387846155,2.626315847946861,0.03730395403977968,105.08,5.531,75.22108204189934,-0.00029362263106746944,-0.00029781377580206936,0.030875879424283416,0.00031796748248336115,C/2008 E3,C/2008 E3 (Garradd),109,0.5273781671072686,True,91,0.48743470935777156,91,110,19,0.09356509980397656,0.08831242127041333,0.10875061932246712,0.10109460856088796,599.9006171176466,0.036442972439204864,2.208315648930606,0.03732493380983184,1.9486833994271093,0.9981964075258818,105.07620335742149,105.67473487264824,5.531332565474106,75.22734245106844,218.12536379577762,18,0.6249822146742375,2454680.7241599695,6.390676143438809,2008.0
0.08981824152226307,0.023110731143032772,-118.25028235551396,4.641739114448388,0.10245556177170119,61.18,4.511,71.32500775461708,-0.0002621842846968203,0.0006415888320603358,0.012694137273461078,7.502897354072502e-05,C/2008 FK75,C/2008 FK75 (Lemmon-Siding Spring),3626,0.8079215135099284,True,2291,0.5301540484003927,2375,3697,1322,0.07704533961010296,0.08067379020803002,0.03304121478510801,0.035559032395552165,-118.08699586495811,0.10935623707570799,4.242957247374761,0.10246547748441244,5.922725488423422,1.0024406917693542,61.17615405757396,218.26915419620815,4.510970311141803,71.31862107489779,80.42632683544305,1275,0.6573163903015798,2455468.7113166926,8.15820994673278,2008.0
0.19952688422560846,0.0793461917179636,-183.35795173833594,3.977101184721107,0.22643825618425614,72.86,3.99,52.18399361333026,6.751473502553118e-05,-0.00039175425355608695,0.005017347558195561,-0.0001388108272268873,C/2008 G1,C/2008 G1 (Gibbs),166,0.6440209159045122,False,166,0.6440209159045122,171,171,0,0.19659259298794118,,0.08106592351254892,,-183.28966770427087,,4.0974648193097805,0.2264312773077578,13.969574876662536,0.989139781932076,72.8557035168653,215.91625992847597,3.9896795232853313,52.18902317757785,63.7090667616526,,,2454843.491189983,,2008.0
0.318481888626729,0.03495504080508598,-534.8045386852082,2.6723214105255053,0.3371505821547157,61.78,1.724,90.16211367835025,2.9617881897814335e-05,-1.548199185208432e-05,0.0034655602776318384,3.9586824564397105e-05,C/2008 J1,C/2008 J1 (Boattini),1525,0.5664369178157326,False,705,0.42044915988354525,757,1584,827,0.3147390005862299,0.3194463485707797,0.03719015583386727,0.038413980967552476,-534.6608474218792,0.34348141466389986,2.3810692875637827,0.3372079382437217,31.6185421861278,0.9896459692925236,61.780005891348296,273.4197787243914,1.7243332785017074,90.1631998047574,68.12613880106777,784,0.42618048501264394,2454660.7616350604,5.088847427348954,2008.0
0.24923124579651873,0.07302611031926658,-504.91403892378753,3.3200881692694693,0.3125618148559206,44.99,2.004,90.21373760933625,0.0002039251587284685,-0.000427680296390065,0.002528826627125433,2.56390862820588e-05,C/2008 J6,C/2008 J6 (Hill),385,0.7729891294191823,True,,,4,394,390,0.24788852829049776,,0.0743519537642157,,-505.0324253486895,,3.808815528724879,0.31249371010942933,27.102348999178478,1.0023417145162634,44.98794205125925,298.1792549746008,2.003534419057049,90.2141498359624,10.70263693891229,381,0.7130836323884077,2454567.436422592,,2008.0
0.06887482321828917,0.12612518927904146,199.91625342301631,2.931346267504173,0.1684343735983049,100.2,2.011,63.73344499097024,-0.001966539312957094,0.0039043801437799175,0.02126764021974704,-0.0004500132017670744,C/2008 L3,C/2008 L3 (Hill),94,1.4364807677020734,False,,,0,97,97,0.06847781021513333,,0.1267223122291742,,199.98294787250597,,2.6562357561658487,0.16863152792943686,14.629362434262472,0.991794357335149,100.20470023028318,24.189641061352937,2.010792861369324,63.748595540582336,101.79444302924873,94,1.4364807677020734,2454578.9138973216,,2008.0
0.06494906853359443,0.09885043199834699,58.49806317607613,2.3378427723416206,0.1455370088024954,115.52,2.784,53.69268472230583,3.6440536540061075e-05,-0.00012687449458326228,0.00012913382056044972,2.606534811455674e-05,C/2008 N1,C/2008 N1 (Holmes),1475,0.5615422984182317,False,1036,0.5559618301778859,1088,1542,454,0.06439305437219595,0.0642387220362012,0.09945228880329808,0.09931986398164441,58.55193344086456,0.14529711356348746,2.433006088959547,0.14553631515859042,10.717303573913483,0.9971761001115655,115.52089009850931,357.4722871892026,2.7835373223361675,53.69052226475754,100.81341969956168,435,0.4874806367965151,2455100.3792375005,0.8835155039109842,2008.0
0.13466508748375952,0.07500931356941047,90.33512075387165,4.05704128315329,0.19326203049250965,64.31,3.896,141.10958173992424,-0.00025836159092351707,0.0027261098753399438,0.005573968915140979,6.476654494358414e-05,C/2008 P1,C/2008 P1 (Garradd),1334,0.6025690477955125,True,266,0.5813004557859435,278,1379,1101,0.1293273450567942,0.12772025495192163,0.07981877902147687,0.07986985928833557,90.48430615865547,0.19153640452977,3.8795667096378494,0.1932899501405228,12.023273223995833,1.0014202283884035,64.31304111868921,357.67833147518445,3.8961756175009548,141.10799547895132,11.870423874326471,1063,0.5878024260848399,2455035.4527365174,1.6865233775986912,2008.0
0.06519006916497813,0.1290408163751864,64.49007251419312,4.21264360297724,0.17474800817973826,118.63,2.959,52.995834765858085,4.815444678762937e-05,0.001462579510345563,0.008917944902369678,0.00010773889260429215,C/2008 Q1,C/2008 Q1 (Maticic),990,0.5058784814467846,False,562,0.4399838957669125,582,1027,445,0.05869776777115451,0.05578692825265923,0.13842053858754072,0.13857795875876222,64.47529511704784,0.17128974357246932,3.4711510831893353,0.1747351208921783,12.48610107899868,0.9950650049983513,118.62808708646615,9.306157490286116,2.9592512716321924,52.995785433609086,104.48896335054388,430,0.5609490079523745,2454830.633605591,6.755991391412711,2008.0
0.07466914942244333,0.1072096438503442,460.52659722507326,3.1763789900431583,0.16087045577778622,140.71,1.798,32.34103401652406,5.959052981285851e-06,-0.0004735535691509085,0.0011708430872610176,5.210871513838811e-06,C/2008 Q3,C/2008 Q3 (Garradd),684,0.8386183103248864,False,328,0.5720409423188756,344,753,409,0.07558992429958718,0.07990972866984783,0.10570192896227502,0.10724248713590208,460.46222985477436,0.16861556977218725,3.8895275554684203,0.16088073471046263,14.729785871459159,0.9998037620090571,140.70613701632246,219.73388918167578,1.798234189618488,32.34808590801344,340.85401078318336,384,0.5450314348876228,2455005.5931207305,14.228566678255001,2008.0
0.010141711189320533,0.023569349468512708,11.680022344312977,6.802521867885018,0.03338111628143322,162.7,8.018,150.2624533925995,4.5737695436587344e-05,-0.00036392313020883194,0.00556102845605294,9.027989568899386e-05,C/2008 S3,C/2008 S3 (Boattini),1900,0.7698266203846101,True,893,0.6462533422938324,928,1947,1019,0.005196415034742242,0.0038661245661788463,0.02821660642814308,0.02703942025302676,11.67667851250717,0.030674136175399283,6.635053222518886,0.03338445858759808,1.4474192906883112,1.0011232244266026,162.7024345586377,54.937301847732854,8.018009480044746,150.26425405307847,39.93148845791027,1001,0.8273485940078195,2455719.518897368,1.9788746535195587,2008.0
0.04411493479768407,0.039461500392583775,263.6787465291075,3.113642449855052,0.046981855448077266,56.3,1.202,73.48821324098222,1.6403778170026584e-05,0.00015421229293366423,0.0013421949203340044,2.0590329888658943e-05,C/2008 T2,C/2008 T2 (Cardinal),1301,0.5674151991488782,True,1281,0.5596816235535422,1322,1345,23,0.04372217872920686,0.043704236397811236,0.03853784276781304,0.03486006107853389,263.690705977656,0.04765500312963012,3.9522670860001035,0.046988342823156046,5.260972751122726,1.00012542029929,56.30384384444724,309.6782936441209,1.2022287170421146,73.49141119551496,215.86995367990662,20,0.3404129433559786,2454995.7395831407,1.896485166939917,2008.0
0.022959216614792947,0.10013662632330737,269.04137030538686,5.856047757139528,0.0781916840670375,59.37,5.875,35.42843736371975,-0.00019400596592367148,0.006922257083580519,0.016635458323835978,-0.0003845323562696734,C/2009 F2,C/2009 F2 (McNaught),363,0.928518258207306,False,91,0.4079665762933647,94,370,276,0.016967675556514315,0.017916885094544286,0.0865179424047558,0.08650783587337249,269.04897309803164,0.07365289452184884,5.217204808243181,0.07819462799607142,3.9769084507206087,0.982832939873,59.373896964523624,214.05593362034907,5.874641602352843,35.425327227646186,336.3278778088042,275,1.114219842084975,2455149.6116148303,6.6269456088676515,2009.0
0.06227079385444391,0.03385360103374908,63.17984725483215,5.197880849021913,0.09483583182629733,79.35,5.455,97.18470015378375,-0.0006272061074730217,0.00029981459650230136,0.00760195498926317,9.980306766088631e-05,C/2009 F4,C/2009 F4 (McNaught),1164,0.7716527276959373,True,584,0.47481977531086295,609,1203,594,0.054428319922594774,0.05833374623961356,0.041381277958002526,0.043926553490005155,63.1538762392663,0.10135525070602955,5.178794563305931,0.09483074864166537,4.984728557290796,1.001183384921668,79.34759403055233,53.58412417093567,5.454972715502532,97.18716578964205,260.3887032574968,567,0.718859709232252,2455927.367673207,9.067808097338723,2009.0
0.5875475809731218,0.033735023687092906,772.5079782967362,1.3412409377450936,0.6164914318246691,85.76,1.274,98.17572524970794,4.712435621767597e-05,-0.0020557424436304927,0.001983582469150745,1.5695894023615153e-05,C/2009 F6,C/2009 F6 (Yi-SWAN),474,0.7655206792429244,False,331,0.6586052198208457,337,484,147,0.5866999309950931,0.6080368353634036,0.03288197495399395,0.031398157018383555,770.3219253010761,0.6357631924600747,2.2406417580766576,0.6156702874282294,66.98796435661967,0.9975614668301711,85.76272979762717,278.6785045706982,1.2741746950398716,98.17418611714426,129.77289186788963,143,0.9124886408754806,2454958.933613114,86.86501536507984,2009.0
0.06761391627746803,0.10501715585364386,94.87897652618767,4.22546312879413,0.17140528297321816,108.31,1.129,87.1008561007371,0.00023967433568994334,0.0004682513230989116,0.008180193165363708,6.588172274790693e-05,C/2009 G1,C/2009 G1 (STEREO),124,0.92319646816872,False,32,0.44728209595751883,34,128,94,0.0673910455691159,0.09175668854524328,0.10529291216332175,0.10401838006251583,94.75795343314985,0.1936796499239579,3.921736696238555,0.1714590837601271,19.82390446637144,0.9979181561811205,108.3107246093045,120.6373257217145,1.1288079011024619,87.10695938161165,175.45267923257418,89,0.9637432963641545,2454938.0056611397,76.74010736282764,2009.0
0.025261268616440152,0.11947941302186128,198.0204596619642,2.755719849438268,0.12380667732194468,66.82,3.246,71.42765417556764,5.5125884133477854e-05,-2.663184201878721e-05,0.007642619235965651,-0.00010310535299495882,C/2009 K2,C/2009 K2 (Catalina),654,0.6158090972414514,False,585,0.5567566159940684,598,678,80,0.023214606075119482,0.023399162600326002,0.12707050749157187,0.14194705472680844,198.02362329821926,0.13594356489287537,3.3494478706406485,0.12381248407831717,8.442971633606339,0.9978339488434401,66.82188824436228,123.8053888060487,3.246072883979672,71.42630116916546,147.70118616009927,68,0.633618839829217,2455234.9851568434,8.875333443476789,2009.0
0.10411132364416698,0.15643067054025805,505.329011390253,3.23927582392084,0.17320652011716087,103.88,1.422,50.788135710184456,4.4207669577911446e-05,-0.000648531211808745,0.0023423424912776456,4.041252864506184e-05,C/2009 K5,C/2009 K5 (McNaught),2450,0.8430132942725926,True,760,0.3971568504584683,820,2537,1717,0.10422696799168105,0.10491966791340214,0.15739706400099868,0.1582946213321559,505.22755087790136,0.17543105600856687,3.0872241828234532,0.17323129075881494,17.83115248419021,1.0008827508686369,103.87874192071419,257.85698177532265,1.422441789593772,50.791756369087075,66.17651414619893,1644,0.6352290841427584,2455316.5245757983,4.027597068662807,2009.0
1.4099439875169275,0.04267983959348999,3806.1525792188568,2.143528066257793,1.3686925304321262,107.96,0.696,64.24169756907857,-2.0227008138751223e-05,-0.002143156903557042,0.003789644552861248,-3.659944007217142e-05,C/2009 O2,C/2009 O2 (Catalina),282,0.9373111780033716,False,280,0.9395029725616597,293,309,16,1.4018942157001055,1.4018729916534376,0.038982155291838926,0.12106040334974223,3770.660849917252,1.3369792603189115,1.7273616242104384,1.364749433365645,200.90511040294132,0.9974788198544273,107.95831026304114,310.23135988497216,0.6955105349922893,64.23277605029655,133.40011165424943,16,2.404934414967784,2455279.9146954147,7.006193550229412,2009.0
0.16333658868265727,0.07310880212505111,-115.56130032775482,3.546134737864178,0.21451999855121479,95.82,2.564,129.78117472644405,-9.97233896591343e-05,0.0027052243121659103,0.0015023634568987734,-4.102305375841553e-06,C/2009 O4,C/2009 O4 (Hill),738,0.49919623950781444,True,738,0.49919623950781444,785,785,0,0.16416116420130997,,0.07402025943972235,,-115.57427118100637,,3.757023497074229,0.2145332686746399,16.44912320448558,1.0012365912218648,95.82598237046959,172.9370332804475,2.563785121776032,129.77578548126954,223.7320771274692,,,2455197.7762889154,,2009.0
0.20071947328926207,0.10404154838194217,-258.44175696950595,3.0486959990860947,0.2317311036520311,106.18,1.551,61.619253933507615,-2.8756880010583075e-06,0.0009860527557776777,0.006578850575211131,0.00015700874176660662,C/2009 P1,C/2009 P1 (Garradd),8926,1.279959819260296,False,4823,0.42203627573085106,5182,9114,3932,0.20340290001854816,0.20617623327175696,0.10000834185762962,0.10213359721659554,-258.2004766986014,0.2378719091156985,2.3646325516094446,0.23166417083608193,22.84169754489498,1.0009945598888559,106.17827772963008,325.9971750689348,1.5506925929652555,61.623594118128,90.74054586727387,3742,0.6203770706063869,2455919.1775553706,12.372398929437997,2009.0
0.050008495746808906,0.07242332586809863,26.726940272138087,4.502774944908701,0.022555154890644812,163.45,6.544,123.38984919410194,0.00038556023507663184,0.0033705530797192296,0.04831915644502365,-3.0410858088636417e-05,C/2009 P2,C/2009 P2 (Boattini),503,0.7263760844321129,True,369,0.6978276140451183,381,522,141,0.005593984047957662,0.0054644542151436855,0.025648488485491786,0.02273024556186254,26.71746436122387,0.020210503871760453,4.264513643734504,0.02256571277775119,1.0829571150785002,1.0019243396645017,163.45630934470023,60.410668619877335,6.543942121668977,123.39307371088712,76.1245303112256,133,0.7585809850442246,2455238.0107995365,1.2211016561191819,2009.0
0.4480839953045878,0.05604030025360805,-633.6737953660593,2.1332255325297695,0.40123346190705156,77.03,0.405,77.64997849289583,8.096730651940831e-05,0.013809686864860282,0.010139511850478405,-6.883625455039732e-05,C/2009 R1,C/2009 R1 (McNaught),733,0.8225713547400584,True,733,0.8225713547400584,795,795,0,0.4472166465464973,,0.061308846248128095,,-633.5084963039031,,3.1375010216385095,0.40144841745324006,77.43745052192365,1.0004941697973153,77.04457466781929,322.62205824179887,0.4050180581381299,77.64795770251008,130.6922033146623,,,2455380.1781500774,,2009.0
0.05164448986399148,0.010466734812413576,-296.3011093569597,4.5063604952703304,0.059613520995760734,60.38,6.475,122.22173268417905,3.7657153930892306e-05,6.333974134520304e-05,5.7270291209147724e-05,5.424207726090202e-05,C/2009 S3,C/2009 S3 (Lemmon),277,0.7644481491974546,False,154,0.7090032210547474,162,286,124,0.0516296745325468,0.0520574592136403,0.010470799243901138,0.01028202906857181,-296.38482144260024,0.05977062902074027,4.505894853642733,0.059603813144337145,2.877658882532894,1.0014568229885938,60.38466433141488,225.13253662162649,6.474568879955494,122.22211241773253,129.76087917513402,121,0.7818002756904937,2455906.7507047225,1.1996055730972017,2009.0
0.0383215507938431,0.0423000219438577,63.18790411544899,3.976799445008748,0.005534788295502047,89.89,6.22,114.72770150867764,-0.0002328986226319829,-0.004327187313080572,0.012770195025866744,0.00032760184736080333,C/2009 T1,C/2009 T1 (McNaught),110,0.6026547631715568,False,,,0,113,113,0.03940665044788662,,0.041950473293190745,,63.126846852937774,,4.346285581362542,0.005536348795872765,0.2729034144745161,0.9980745280552277,89.88960507247846,54.413204704626025,6.220736983320619,114.72532765836046,282.54146178730576,110,0.6026547631715568,2455112.753228724,,2009.0
0.11159110161633955,0.0700267362382719,-235.68197851694617,3.099901983733409,0.17689794664363206,148.74,2.281,150.68328675267728,0.00014431545942117374,0.001401836799971079,0.003689802585742179,1.6433231096346645e-05,C/2009 T3,C/2009 T3 (LINEAR),384,0.5796455295861218,False,350,0.5464840415326425,366,402,36,0.10683998494233601,0.11278992339193876,0.0739556867603463,0.07570701732077396,-235.70191161429295,0.18446224006243045,3.702050438018181,0.1769045698755872,14.384408042162805,0.9996151667655468,148.74321965827656,60.095715919820236,2.2811566757678143,150.68613568061636,32.453760823797126,33,0.715165881270807,2455208.556519645,8.338749134850834,2009.0
0.08842872899472397,0.0573258836758747,-367.4371462344852,3.4342736553415105,0.1085666950881402,51.26,1.414,82.53100747848389,4.390421196931449e-05,-0.00011750947232513909,0.00022818701091541224,3.0345223982486402e-06,C/2009 U3,C/2009 U3 (Hill),594,0.725596944123288,False,503,0.7201001122759756,525,627,102,0.08744745148832431,0.08818903765870048,0.0577515542881959,0.059545004773387374,-367.406657288474,0.1110696580961716,3.645805729904213,0.10856746731523312,11.231651071039927,0.991620412939864,51.260649249315136,49.32258699630977,1.4144276231905653,82.528631932861,77.70180412521374,94,0.7509763258640949,2455275.7547389115,1.455956246300879,2009.0
0.025769056967344016,0.07322780073802042,-269.3804113201858,3.851532590542477,0.08075554837923878,25.47,6.094,69.50600117050017,0.00027986806065294356,-0.0029131947376015432,0.01342062562108121,7.532959934142269e-05,C/2009 U5,C/2009 U5 (Grauer),182,0.7176440201511741,True,167,0.6615892406192141,174,187,13,0.03665779610761031,0.0393634039976102,0.08139306858621495,0.15352776540077248,-269.2786138868862,0.13064816017074377,3.849148347251492,0.08074020776243461,4.015384638859704,0.9997038892742672,25.469762444659008,121.17178702236954,6.0943153604781,69.49908864420367,23.802175580572275,13,0.8455515912719831,2455369.9932181644,1.3212285865834348,2009.0
0.3474602930712717,0.10174912887692535,-1596.611291804607,0.7348574678598985,0.267662315273015,130.1,3.931,57.823989319023106,0.00015040904624408213,0.000806577995376756,0.0025213735941643934,1.8695615602304372e-05,C/2009 UG89,C/2009 UG89 (Lemmon),918,0.5889932221943548,True,396,0.45687444716376246,411,963,552,0.34957757053997246,0.34875961668267547,0.1045476904630809,0.10512904018571734,-1595.5584612210785,0.26648473948658424,1.975032983224717,0.26754655337685984,16.568200577471295,1.0081101924472722,130.10063436679687,321.0089933087401,3.9311899025966293,57.8213209238549,60.65510346139202,525,0.6862138557789349,2455546.7621953716,2.045426753591273,2009.0
0.0981221172446938,0.1334469944716234,41.81788866595133,2.8524915668724753,0.0640498127988577,164.49,6.907,129.78468173666502,4.677373457617762e-05,4.015541705371106e-05,0.0002709659562744149,5.050195334810326e-06,C/2009 W2,C/2009 W2 (Boattini),93,0.5983972480947871,False,88,0.6010765019338599,88,93,5,0.09813329371827548,,0.13346463089932126,,41.818974805954724,,2.9541231713287455,0.06404782059820756,2.9942155672877777,0.9996006569910671,164.49056392980845,199.57944308724348,6.9071387456663444,129.78127973542445,121.32561509761013,,,2455318.17087146,,2009.0
0.18378579146631485,0.12766459706669414,309.91548284388773,1.2842918533176413,0.12305765382151658,107.32,2.52,111.24694625902309,-4.247485854080857e-05,0.00017063354272295328,0.0014041113647175396,3.0540509741161515e-05,C/2009 Y1,C/2009 Y1 (Catalina),1623,0.5312044816833597,False,895,0.39552854010080996,945,1684,739,0.18241565356517064,0.18189411830825913,0.1260447458091764,0.12678225018812728,309.50097756866217,0.12294939762351244,1.4851733772306857,0.12287987539128731,9.517850383245575,0.9932472612862392,107.31673215705003,160.27659357307434,2.520525088295053,111.24436428065066,127.38979529066204,706,0.5261671520327788,2455590.4017421985,2.6576606575428423,2009.0
0.12111860184634769,0.061586948816927355,68.94884542254295,2.505439291399286,0.1712320763129125,96.73,2.738,109.11166108584904,-0.00025394290310776224,0.00012839602786129944,0.009472608499947953,-2.34850437097478e-06,C/2010 A4,C/2010 A4 (Siding Spring),129,0.6071894304690055,False,104,0.7335326696202674,106,136,30,0.11102861227754306,0.11204482361015533,0.0720745405926861,0.0719153714730782,68.9558207981404,0.17226544514203848,2.8327898807856977,0.1712274030019837,12.735257576402823,0.9903720215136613,96.730266100447,346.68527913430745,2.737993200958746,109.10762496456348,271.694721797295,29,0.42509052604342445,2455478.240564249,2.702054569001414,2010.0
0.11738543208607008,0.045168916290586905,-334.54126850461597,3.849902977993382,0.09429170378024436,101.98,2.941,125.69950118356796,5.190681651501272e-06,-0.0013691793052998946,0.012121734828829448,2.6924091458990773e-05,C/2010 B1,C/2010 B1 (Cardinal),2002,0.4645748165762075,False,1679,0.4367430114685962,1775,2109,334,0.10504217051097292,0.10532932217962093,0.04125716220146481,0.0412057848893568,-334.50191124260317,0.09549549466016712,3.427704560522801,0.09427502782301443,6.751757010954948,0.9989995404590323,101.9763140317162,277.2135895788801,2.94151382211882,125.69486339960717,211.53195995940956,312,0.4663096607214989,2455599.5597274704,0.8437786807187713,2010.0
0.030799374651104182,0.08806945621094171,170.40190797649376,4.7948582331455505,0.06498143679763359,76.39,4.248,68.83219210552016,9.508877319208686e-05,0.012056757426819331,0.010145856604557081,-0.0002016934551676286,C/2010 D3,C/2010 D3 (WISE),47,0.5478419564874121,True,27,0.44451357730738433,28,48,20,0.03551502087258074,0.03477806636397655,0.08648206403537208,0.09236413228917585,170.4528291681057,0.0730486894761894,3.415202820651311,0.0649854160816594,3.871092473704495,0.9997238108209918,76.40687682304804,255.23064786236964,4.247340155903896,68.83495040387906,304.6369822250094,19,0.264906856287977,2455443.4208648284,11.367699016710862,2010.0
0.16269856495419818,0.1594525604027925,129.65189420904426,2.6001525194495656,0.23761541069420494,107.63,2.843,85.54892667668608,5.308580650387196e-05,0.0005056092322348604,0.000833891481604953,2.053313968186643e-05,C/2010 FB87,C/2010 FB87 (WISE-Garradd),569,0.5238030252907708,False,58,0.4633707089761442,59,601,542,0.16274956907618826,0.16472973135371985,0.15858745515743222,0.15919482480131988,129.6718400306072,0.24125744613210248,3.0283902947351495,0.2376334628469168,17.356221822984033,0.9905539337827471,107.62586339499873,89.90153119574352,2.842783685738816,85.55106222733613,265.0262595766017,513,0.49069818517115704,2455507.890072446,7.261164995153004,2010.0
0.0837408442244427,0.04719514064347203,-644.9173109528674,4.018819634205334,0.09791019840495417,78.39,1.205,105.32622448629913,0.0001407164588129728,-0.0006316270076638375,0.0017536642227443024,3.602541479996724e-05,C/2010 G1,C/2010 G1 (Boattini),279,0.7263261458234396,False,,,0,287,287,0.08404220369670216,,0.04593568792897433,,-645.0484892870782,,3.9594210671485404,0.09788916110989103,10.958267519945284,0.9976168948280957,78.38646789792102,287.4472254916581,1.204583166783898,105.32957981960061,168.6329588583426,279,0.7263261458234396,2455289.0400897153,,2010.0
0.10859577315531944,0.09612640185904744,308.79737966222547,3.0431467224433817,0.036969079243814214,108.27,4.908,62.956438284419626,0.0004574649540250997,-0.0019794692047128137,0.009066234798146713,0.00011631165202352634,C/2010 G3,C/2010 G3 (WISE),228,0.5726256979828739,False,13,0.3158018051538035,13,236,223,0.11605313419727606,0.11648135487771669,0.10505046502560854,0.10531463148285622,308.8770813893793,0.03727457668725962,2.751492310601756,0.036984132427314506,2.0511301273276357,0.9985492995806595,108.265629299139,313.7275214775742,4.907771683124247,62.958319659050304,75.21089650465073,215,0.5775666727433708,2455297.5859542764,2.3319098513978838,2010.0
0.03059285459465344,0.0898216546350719,544.4646379406483,3.7027315272161276,0.08572583699149793,36.53,2.745,41.69837975565385,2.013307415715815e-05,-0.00033311405792346704,0.002193201136195443,-3.111164307867398e-05,C/2010 H1,C/2010 H1 (Garradd),39,0.671951584242325,True,36,0.6927266364628206,38,41,3,0.030591013309950312,,0.08981220418270548,,544.4728326787986,,3.6454755077904415,0.08575460692901557,6.353684252561015,0.9996779444321234,36.53084842929591,347.38355000700653,2.74546329396487,41.7016113876822,233.8259105312592,,,2455366.40920696,,2010.0
0.15907477673601908,0.1274778234176339,-9.152831243941478,3.6188280063113587,0.2838232599812104,125.85,3.387,93.9459002327706,-4.980023412659573e-05,0.00039411105692011006,0.00855682313294746,0.00011954441827199958,C/2010 J2,C/2010 J2 (McNaught),512,0.633929375993088,False,54,0.4643989185261794,54,549,495,0.15092144444657615,0.12554284814280883,0.13633030543918906,0.13657249942100824,-9.174358720244754,0.25712788801519054,2.3052619087650914,0.2838459056600347,18.943994727960003,0.9994093942042659,125.85193410559312,311.7953646133804,3.387115678106223,93.953401247746,4.625404736582295,459,0.6493192533203066,2455351.3650072017,15.372510733893687,2010.0
0.041513860833634536,0.03391788089347313,-73.80471540056604,2.6897245839450075,0.05096634373175977,102.63,9.883,46.824866582685694,0.0014164805957587179,0.0050615357047547604,0.011007142140296881,-0.00024081159048350287,C/2010 L3,C/2010 L3 (Catalina),118,0.49927782752561717,True,79,0.4857925382069428,81,123,42,0.033299842345948336,0.14089760473053847,0.03848806536869763,0.039461973574243005,-73.8245709167698,0.16117236241794955,2.7168936135331547,0.05097034532748156,1.9912849120318599,1.0006580969338854,102.63613367334315,38.26905496629035,9.882666182419213,46.82113704961972,121.76163818830997,42,0.6039834740203122,2455510.9646194545,27.20682941505273,2010.0
0.05821791028265439,0.12285686828712222,38.295765405282424,5.644838594716963,0.07762849769975691,116.58,7.977,37.41806951849474,-0.00997434518771978,-0.09252775208636876,0.07630502086961573,-0.008098968829435726,C/2010 M1,C/2010 M1 (Gibbs),24,0.3715082627169914,False,24,0.3715082627169914,24,24,0,0.058229134006748,,0.12339867007558736,,38.15606444952914,,5.678415718264708,0.07823896053485374,3.409016394041536,0.9939522867575633,116.48378671771704,66.53379921865238,7.968949490779198,37.40767217127528,167.28345612622516,,,2455538.2286081463,,2010.0
0.03766540696432072,0.02936367883487394,32.31061230063204,3.2613930273168554,0.062200680672006424,156.93,5.621,14.924286288862637,1.4633211306680494e-05,-0.00012141174406110622,0.0006228577521286838,1.659189744440681e-05,C/2010 R1,C/2010 R1 (LINEAR),1569,0.7576904781898617,True,764,0.6820000695421071,790,1616,826,0.038370436341293966,0.03954335380216353,0.02896202685372957,0.02939751117151221,32.29291911035514,0.06388449057851212,3.230571239656918,0.062197595604796,3.2206721306329813,1.0036797011835876,156.93324802048113,343.6501240357107,5.62143422574707,14.926615074372664,114.49584502737659,804,0.804035351956089,2456066.3928521792,1.3991017244880697,2010.0
0.03494554877374629,0.14240278944857662,51.65024518599585,3.1984649418315554,0.11185099358632382,125.34,5.9,91.59355113029414,0.0003815573578256348,0.00019357311978751568,0.0003924150747188431,1.990916029637191e-05,C/2010 S1,C/2010 S1 (LINEAR),8368,0.5961057105858831,True,5060,0.449009238375894,5261,8606,3345,0.03489680255346797,0.03247621785066804,0.14244688526660632,0.14520539083391587,51.65286414981112,0.1166371414035834,3.4825146109047944,0.11183769133517438,5.65257992971931,1.0016301946666857,125.33547629191878,93.43114654276891,5.899939236879265,91.59342501547879,118.61624698919812,3165,0.4636967580265057,2456432.829680073,2.8814117444933136,2010.0
0.03198880132739619,0.025111668235321367,142.95348309194108,7.641015676301452,0.009537942302132814,55.51,8.446,76.13200970284107,0.0025694444739454703,-0.045307237049939886,0.1267752557951866,0.007015196497617282,C/2010 U3,C/2010 U3 (Boattini),2489,0.7024353103758226,True,1841,0.6600511582912413,1904,2560,656,0.11027061980079282,0.11135130116314798,0.11862893203618931,0.11639398021527878,142.93388504964406,0.007181838898550969,7.612789287070958,0.009546446843510414,0.4031423728059482,1.0034241960115684,55.46677716584009,43.04119405041546,8.452833980611766,76.1361578554996,87.96430709691182,639,0.6580898903694657,2458540.6229845765,1.9243676859882977,2010.0
0.04244105899785585,0.37186198336922316,1896.5440217003545,2.5740715482989036,0.41235705705848025,1.84,0.482,93.12732552583056,-1.1403385098196495e-05,-0.00015992292815392162,0.0009790264494105169,2.6758215856181877e-05,C/2010 X1,C/2010 X1 (Elenin),2160,0.57417728429683,True,2160,0.57417728429683,2273,2273,0,0.04267962850247906,,0.37204064897707034,,1897.713974295341,,2.64685438690063,0.4127600846663192,72.9521981345951,1.0000558480672708,1.839408191286656,323.23271762797344,0.482447552232599,93.12001214481367,343.7995747696641,,,2455815.2197473203,,2010.0
0.03064010509537566,0.08458032951045938,468.51871929383447,2.5687039477117337,0.1139375334203594,26.07,2.345,53.23487345360393,-0.00041537105838640453,0.002092315743574602,0.0030558370397626784,9.543448906201846e-05,C/2011 A3,C/2011 A3 (Gibbs),1612,0.5648708909938365,False,1451,0.45310597530459135,1538,1762,224,0.03191690479596654,0.0331829530775697,0.0832110660904881,0.08840765090083247,468.5376990021397,0.12046412016846211,2.668636214482512,0.11392196307000786,9.137595644651977,0.9975785115167367,26.076444944577254,124.89034250827854,2.344936793648373,53.23047279860441,141.16247266707262,215,0.5775642471344505,2455911.5878457464,13.776211672847705,2011.0
0.038064670059423766,0.547767054641161,-941.5462647036763,0.842826430450692,0.5183341618277009,16.83,0.883,60.434342188693456,7.295508937732453e-05,0.00012470197374270242,0.0043504410328745104,3.291041566166886e-05,C/2011 C1,C/2011 C1 (McNaught),612,0.6918124823276304,False,442,0.6205171741893243,451,619,168,0.039864196036961876,0.04005559533333189,0.5463234965272711,0.5459141997295685,-944.6882183726318,0.5179612832863618,1.1907487169850826,0.5182187086804523,67.72791841397196,0.9975061334097857,16.825741940027644,192.43886372843482,0.8834112627842589,60.43675401549197,84.47738261565434,165,0.6994438984548121,2455669.502204439,4.5578754314371634,2011.0
0.03716770009823062,0.0313343240326531,319.9487920638003,3.9390548442452875,0.04989492480411607,49.38,1.517,33.367361690301074,-5.56021559450226e-05,-0.0004987901965876063,0.0005830378747576611,-8.165619608480057e-06,C/2011 C3,C/2011 C3 (Gibbs),76,0.4976555435665859,False,65,0.5292510607248624,70,82,12,0.0373211854612146,0.036747496554494594,0.0316137038709194,0.0316705678434592,319.9447234415529,0.050651415801543295,3.9557617478117324,0.04988740899137255,4.978646072827007,0.9952187969693745,49.37560823084712,20.889613801496242,1.5168864163568436,33.365531590193605,206.8095494649597,12,0.34798892164192136,2455659.028082949,1.3761995376564222,2011.0
0.04329606210712854,0.04761705621761593,217.8024293259756,1.7737165051553059,0.07237569242508203,56.61,1.819,62.270331846686624,0.00014831221250388715,0.002027869984495112,0.014510943235771356,0.0002714477954588457,C/2011 F1,C/2011 F1 (LINEAR),4426,0.6760035332402109,True,4340,0.5050224128141478,4499,4667,168,0.04199095969382282,0.041759018484320794,0.03734486862271567,0.04162878484684391,217.81951765565893,0.0746257011939211,3.712250505841437,0.072368456482681,6.586907820690831,1.000190853045281,56.6127957912603,85.11474159256937,1.8191509059244568,62.27137840486515,192.5532161036859,154,0.469832853673521,2456300.536006761,26.504262013157,2011.0
0.060926007864523395,0.17489818470388097,-523.8912157054169,1.8176944770757562,0.2150306821548115,162.23,2.155,57.713001030643674,8.615915236598326e-05,0.0002499329101510739,0.0005964484752453339,1.6579229138002916e-05,C/2011 G1,C/2011 G1 (McNaught),494,0.8573921049067041,False,105,0.5122020051404103,107,517,410,0.061411533186423596,0.056349232077692823,0.17473342996237176,0.17515309975840362,-523.8669413597569,0.21420037422761132,1.6106279220267465,0.2150657758878714,17.987532697477715,1.001086333839966,162.23374806010736,152.5912516147871,2.155158215210667,57.712866590025676,354.55098967486555,396,0.9124677329545948,2455820.912191834,10.835472572948156,2011.0
0.04722531827162959,0.08805341411231388,209.25557572652838,4.041044995113545,0.07125205955899594,122.62,3.377,42.80720263133409,0.0002665670170212131,0.0019795764705747843,0.0035041861472022394,9.029831252060916e-05,C/2011 K1,C/2011 K1 (Schwartz-Holvorcem),114,0.5510675615433178,False,,,0,114,114,0.04723784227420126,,0.08796595203782423,,209.26441470496593,,4.102692843466783,0.07125383199525769,4.752798386452829,1.0072945378467153,122.62684432647058,70.73722706973011,3.3767195079513987,42.80557732988524,167.10048232512395,114,0.5510675615433178,2455673.427628228,,2011.0
0.15290773068647162,0.15647106497086413,195.43061496663478,3.722916766365464,0.23776694843150234,104.26,1.943,90.37143101435358,2.052963641085981e-05,0.00011579017498775102,0.0001455750173640062,8.871672209975756e-06,C/2011 L2,C/2011 L2 (McNaught),52,0.46570282589641326,True,40,0.5123467426005002,43,61,18,0.15224869269365393,0.1550073273899648,0.15709697000404946,0.10206312652444043,195.4807264457326,0.12019116924845295,3.8197020131396,0.23779766011255332,20.940434199408795,1.0017931031315799,104.2575419163064,131.34785050286763,1.943457776220273,90.37366688981483,257.02827624347896,18,0.9224888950162956,2455866.773125741,2.531094942412977,2011.0
0.06216810347831325,0.11500102390625974,624.2342261987245,4.325720291890858,0.11024587180891082,87.11,1.924,88.49569095824758,-6.334732500135054e-05,-0.0006031029259361276,0.001759407942493524,-1.0741053270590939e-05,C/2011 L3,C/2011 L3 (McNaught),806,0.8827721582986265,False,481,0.7251921711960065,505,841,336,0.06184831664913226,0.06233657225121051,0.11603954591086527,0.11923551302364441,624.3202880340363,0.11542444119216898,4.087495044337513,0.1102118516137484,9.75636572991996,1.0000383289386756,87.11381955722591,307.7549716336719,1.9238347935455944,88.49008751033493,27.728798652230676,328,1.0813732666179632,2455784.000434368,1.9041627825743175,2011.0
0.07145852423375029,0.05600476439067421,415.06764976165454,3.800419450282151,0.11093178370139337,84.21,0.302,149.9937920883318,1.4781057874113657e-05,0.00017407121818280302,0.002525033190113069,2.1382243776402188e-05,C/2011 L4,C/2011 L4 (PANSTARRS),5332,0.6794876656606443,True,1375,0.37941315789479785,1422,5506,4084,0.0720992640159522,0.07254749196715299,0.05264843451247677,0.05287605428367514,415.1741286861537,0.11161246325596275,3.8602136371882985,0.11092928820689472,24.798138771865187,1.000047548166846,84.20837110045215,65.66595100551322,0.3015656060602532,149.9987465670654,333.64910971410274,3898,0.5829550434362427,2456361.6699600024,7.733160989585005,2011.0
0.07017987937652094,0.15769526355562663,-77.74328719011416,2.3748734486913,0.09060910037424333,171.46,6.788,33.20809377360615,0.00024071081790100202,-0.00023115544462370963,0.0049308865661591254,-0.00012440943333125176,C/2011 L6,C/2011 L6 (Boattini),56,0.5704199235964388,True,,,0,56,56,0.06419727849520755,,0.15152853775754485,,-77.74207570671146,,3.0064572384068673,0.09060005595955936,4.26994991244331,1.003978468921944,171.45601628790558,214.48310082766974,6.78750422978242,33.211140098298756,331.5942335529551,56,0.5704199235964388,2455584.289693516,,2011.0
0.28675079780673207,0.031081303658679636,-1224.4005240815427,2.9556770047515126,0.2557307743633268,70.18,0.896,84.84806585747178,0.0003196656473756221,0.00032570453100788654,0.010490632423610174,0.00010492948479523534,C/2011 M1,C/2011 M1 (LINEAR),118,1.2302260395840565,True,118,1.2302260395840565,122,122,0,0.2865011827987424,,0.03094027744662221,,-1223.9045654661375,,2.965238213634359,0.2556411890333438,33.14374865216464,1.0029939299480437,70.1834976781484,324.7985109041348,0.8958575346003156,84.85035704950813,119.55761686603836,,,2455812.0724666906,,2011.0
0.06344997941831115,0.08858043895612801,642.1022710499892,3.2325503270205576,0.07440302222055765,33.68,2.563,58.91729499890543,-5.3269500639330225e-05,-3.379422315674674e-05,0.0015114354810307198,-3.350634094179128e-05,C/2011 N2,C/2011 N2 (McNaught),46,0.3539581437118928,True,46,0.3539581437118928,48,48,0,0.06360479350533813,,0.08862239581303719,,642.1228227368622,,3.2382455747915304,0.07440965123528182,5.705511025548318,0.9996500602935132,33.674991280268756,274.0191911705057,2.5633263883264292,58.918132532286705,357.042789938098,,,2455853.242820886,,2011.0
0.013275478908083015,0.040228226574213724,271.63523182775816,4.620167596664158,0.05149285708581801,76.5,3.891,89.32941848356714,-7.463365720217219e-05,0.0004735136074032198,0.00030323248068776744,3.143748285827641e-05,C/2011 O1,C/2011 O1 (LINEAR),277,0.4723156578562735,False,142,0.40015723368584116,146,283,137,0.01349322811568862,0.014442083462632276,0.04007542485090096,0.04116708794409637,271.65074713049694,0.053551684353326835,4.193976786811682,0.05148487643715899,3.2075150149260714,0.9967096705383749,76.49935950033935,89.8175267788961,3.890684114565102,89.32986453236447,232.38213158474076,130,0.3810272705853942,2456157.9708168604,1.6792700757209371,2011.0
0.042463243946241944,0.0886935316490115,63.370971410793004,6.638241669729338,0.058043243325485196,94.86,6.78,96.72451590782362,-5.194433157218459e-05,0.004689232423700673,0.009398526312869547,0.00014189466414649132,C/2011 Q1,C/2011 Q1 (PANSTARRS),57,0.3772694123675272,True,,,0,59,59,0.05125906659304834,,0.09936253495082997,,63.36115357043133,,6.315696044244072,0.058040138800242454,2.738082306041685,0.9978607101344119,94.86670367046736,142.2410064537737,6.780227300432644,96.72686136462166,135.93552579492905,57,0.3772694123675272,2455741.954881001,,2011.0
0.06852146176057991,0.30782524470507366,1150.5479461496936,2.019103712974163,0.33318038192465843,36.87,1.35,96.7585030258589,3.840417771194815e-05,0.0010015067199802274,0.0017281025581992403,-6.803377631703356e-06,C/2011 Q2,C/2011 Q2 (McNaught),101,0.38751168872465647,True,95,0.34021246177861175,102,106,4,0.07276166670099322,,0.3066188399336092,,1151.3575753460295,,1.8140824945053045,0.33323468809752166,35.213235962939,1.0001133660325399,36.86757790307954,287.3684997864167,1.3495540988255852,96.75667380537232,34.63074341552564,,,2455946.2884933655,,2011.0
0.11011181848387894,0.033198292400043974,98.82219572469619,2.584749369618869,0.10139450159906807,116.2,2.08,66.1497892309522,-8.980618354015313e-05,0.00025198174424190256,0.0004236709282238236,3.442286811816686e-05,C/2011 R1,C/2011 R1 (McNaught),1426,0.6967774869024036,True,453,0.450959904395682,484,1508,1024,0.11019844892427802,0.10897986465910538,0.033277201959170354,0.03511571643498752,98.8108966146961,0.09892185681974718,2.0365718688768717,0.10142491839870792,8.634276406994434,1.00065135963395,116.19709413329294,221.40812018902898,2.079605506644348,66.14755871239865,308.86146630837555,946,0.6232679869498041,2456220.12093148,5.02838135278512,2011.0
0.14941261790850124,0.019788981341963545,418.9085333697479,2.4402532014845844,0.1686686992226076,116.78,1.071,90.20277152082424,-5.8561662210188103e-05,0.008098201478759393,0.011638575553026675,0.00030027207895511054,C/2011 U3,C/2011 U3 (PANSTARRS),59,0.39346002289424636,True,59,0.39346002289424636,62,62,0,0.15166171362483252,,0.019328907173184334,,419.2174795915806,,2.3410368391979004,0.16870837547593195,20.005756741910638,1.0003906671125338,116.78405390697826,228.3790072748148,1.071737519559873,90.20521281556103,287.8152349075078,,,2456082.396106973,,2011.0
0.1363312904048453,0.18369073978065872,-132.31811863344763,3.7315481006509303,0.28842996380948455,93.96,2.138,79.14059004278043,1.749942636131152e-06,-0.00013808265772752293,0.004213880125938207,1.4431997329200641e-05,C/2011 UF305,C/2011 UF305 (LINEAR),2206,0.5406106553372463,False,858,0.3845539371861404,898,2300,1402,0.1410622431599178,0.14256817177211842,0.17929505006770416,0.18064013920157046,-132.27301216578917,0.2916444423627278,3.2512339253090223,0.2884435226004044,24.2241155983311,1.0006758534616902,93.9606063062478,297.43588542957957,2.1382264138309943,79.1435716868175,121.99027116704184,1343,0.5252375053750025,2456130.665405569,4.596554124808473,2011.0
0.07988750818482898,0.13155387958928763,76.04124467215428,3.108168106700658,0.05476625199957607,120.9,7.604,123.40227030880095,0.000903560427236938,0.010049733173545405,0.09409835118408101,-0.0015336473600431333,C/2012 A1,C/2012 A1 (PANSTARRS),311,0.5829990609244856,True,260,0.608688068482203,274,330,56,0.02098422083164153,0.020334748759221116,0.03703270691811227,0.03997429532591511,76.02952316396635,0.05676381491868862,5.573129422793974,0.054746823146853196,2.437857221657773,1.002098518119346,120.91006712557025,277.9716152422997,7.602900805254333,123.39918402418716,191.85254582296167,54,0.5414403796317913,2456626.1396267205,1.2102613596252134,2012.0
0.14979526395773168,0.08061000709379797,177.5527615016498,2.5590517259171803,0.2101109530308105,125.87,3.537,102.6833743193786,7.704731752988803e-05,-0.000685550230812737,0.00381604497306038,4.4592605455306966e-05,C/2012 A2,C/2012 A2 (LINEAR),2552,0.5289684881164276,False,1050,0.4756081266968343,1115,2678,1563,0.1465164157236232,0.14791812507026872,0.08408418063748253,0.08495654146206338,177.59957936185947,0.21260896248690672,2.210161785340403,0.21004750193995203,13.721931613241715,0.9964648198672384,125.86779175388189,191.40675360533956,3.537519114272371,102.68236293827334,101.67700457243457,1476,0.45288243532619193,2456236.600841314,2.841110666730135,2012.0
0.050314461648327,0.014548043078985613,91.14268028635136,3.589716920480821,0.038157294536756294,106.93,3.537,38.35967639581031,-6.502399032481954e-05,3.159419343035097e-05,0.0008079565434672832,-2.423990344446736e-06,C/2012 B3,C/2012 B3 (La Sagra),289,0.5793295967232387,True,,,0,298,298,0.0508205021957154,,0.01491215496879634,,91.11133017812054,,3.1333100007751726,0.038140384880526956,2.489936873202047,1.0011183409326903,106.93294689569453,252.99971546444078,3.5365339909243816,38.35924121895188,50.732525093308645,289,0.5793295967232387,2455902.334714847,,2012.0
0.024838893758087083,0.06736245986891658,-102.38430419950419,5.019573301880757,0.09147323490833137,96.28,4.838,108.37233072416493,0.00034546195204687713,0.0006608922768123193,0.0072336518837440395,9.54625619442595e-06,C/2012 C1,C/2012 C1 (McNaught),211,0.3846806265251662,False,144,0.32637354382061645,151,220,69,0.01713682623844896,0.01883748126732447,0.0750583067153638,0.07615896886636195,-102.39597814119793,0.09430983415020158,5.330506033873261,0.09147257934878457,5.110972216992407,0.9965512940977754,96.27837014414541,300.636023629324,4.837984701022509,108.37022338272024,279.89595740382526,66,0.42297053818528274,2456328.022491329,1.557321750937955,2012.0
0.03043358944136638,0.06186707815169179,198.74228406471408,1.8733255290460942,0.08503558119968066,27.74,1.296,51.574042994683,4.832723511916104e-05,-0.00029899566769131525,0.0027435185022185024,3.365785842968094e-05,C/2012 CH17,C/2012 CH17 (MOSS),624,0.741851967600476,True,624,0.7418545556979553,656,658,2,0.03262546815335819,,0.05921408252204337,,198.85379530588375,,3.7728768775172354,0.08504090680182712,9.170263023941319,1.0000365077959905,27.74389307164665,125.9813371502095,1.2961271409275856,51.58275459017708,137.99416389617738,,,2456198.722560725,,2012.0
0.03993023262134369,0.05665505760631586,-72.72895176840711,4.975297734226972,0.04576589208056482,122.54,7.503,44.43482960201852,-9.883614450478806e-05,0.0006383174359285704,0.003239131068773037,-0.00010421290461604116,C/2012 E1,C/2012 E1 (Hill),96,0.5606103398377436,False,,,3,98,95,0.03964330756025951,,0.05434460452505144,,-72.73617993780294,,5.2360720993109995,0.04577010763632461,2.0547537994832066,0.9979140134459922,122.54265672671383,286.3216714424216,7.5027996701550785,44.434216378424885,48.885230608275975,94,0.5544518167933131,2455746.546131823,,2012.0
0.018129626596164614,0.08851498664456513,21.392015570517287,3.6611941704239443,0.07497960387087432,105.66,3.827,57.82658488747027,0.0001349606310090401,-0.00015224569501981478,0.001060399536471125,2.687536756651454e-05,C/2012 E3,C/2012 E3 (PANSTARRS),74,0.47581237560557005,False,,,0,74,74,0.01720402198202205,,0.08821516324572568,,21.38637304169788,,3.6558031677276723,0.07497522128684733,4.727352474656707,0.9828498657296413,105.65845620243049,5.530993859142144,3.8273454347209386,57.82977090255991,103.51647076607614,74,0.47581237560557005,2455694.4203972607,,2012.0
0.1650367866721682,0.0823178613038247,-845.1704195270036,3.797738784736805,0.08920130021624383,11.35,3.457,53.80828765503502,7.408578089296292e-05,4.238489052355021e-05,0.0011580040900628196,4.9792242482471494e-05,C/2012 F3,C/2012 F3 (PANSTARRS),1759,0.9688296902156401,True,985,0.4144976191558151,1028,1774,746,0.1651699518276074,0.16972790394069762,0.08243365213713191,0.0792605907070821,-845.104687937042,0.09685022143638934,3.732982900902822,0.08920638075686634,5.890043058289521,1.001710847573303,11.354739917017644,164.61719757700126,3.4569892096374124,53.80473690852508,104.01946593356759,710,0.447720838323563,2457119.197421339,8.872931278667838,2012.0
0.06849368622867047,0.08783607775115054,298.0773737365398,3.664487749767459,0.1376101050133904,82.61,0.731,111.1844609499109,3.765868153327023e-05,-0.00010306550960592631,0.003099260537585698,3.377218075595323e-05,C/2012 F6,C/2012 F6 (Lemmon),3073,0.619586664392852,False,386,0.43301586783998647,405,3238,2833,0.06732523700280933,0.06819966671056449,0.08824502957023245,0.09061882546303075,297.99801510167026,0.1406576324219002,3.531334521572199,0.137605108804105,19.762072551967396,0.9985365744522546,82.60877032567193,332.71543303326604,0.7312720254027998,111.18096782451109,304.98999862450273,2677,0.34675700488457945,2456376.013967061,4.32368141575526,2012.0
0.0805806861852205,0.17048704612205537,-563.1712434442609,2.170138486032975,0.21526915484464276,34.19,3.159,148.65057971254944,0.0007778493848935586,-0.004223924839187987,0.011810717534046517,7.671593588831627e-05,C/2012 J1,C/2012 J1 (Catalina),4263,0.34188254690759556,True,3098,0.3081467113945996,3201,4412,1211,0.06797389550150038,0.06936342912038426,0.17540177225767634,0.17550389890296858,-563.025637890639,0.2164531978682962,2.7231241721241903,0.2152963921479041,14.874081517203525,1.0021056158272166,34.181865138213304,235.21872733119127,3.1587874710574844,148.65280981698965,147.28307060050835,1161,0.350529999310213,2456268.7342850943,1.6480310681843653,2012.0
0.11255217807073263,0.08349826007750243,87.36970027809201,1.6147822875087072,0.19585876102219402,142.43,1.055,97.89571514051812,0.00011681766504945124,-0.00024353182982395083,0.002366664215155279,2.093223185894999e-07,C/2012 K1,C/2012 K1 (PANSTARRS),7592,1.2855953566174432,True,5989,0.5204532137113952,6165,7885,1720,0.11027626604702633,0.11424325235458077,0.08585915023622169,0.08890610401968016,87.34144658372531,0.20291935795297636,3.8075701571850407,0.19584307597978837,23.411482555794485,1.0002697331590205,142.4280146408618,317.73726960328383,1.0545973076163186,97.89022508208713,203.10393628794114,1691,0.9715278924450713,2456897.1603630064,28.334193464885853,2012.0
0.08960793887450623,0.11150515542179484,-140.47673202641636,4.325632363774966,0.19483467569435156,92.85,1.142,97.88780208402977,3.302730564636036e-05,0.0001357764487863733,0.0003577163490624657,1.2319651159442557e-05,C/2012 K5,C/2012 K5 (LINEAR),4170,1.1816780266616296,False,2401,0.5043168284721222,2439,4394,1955,0.08912905173828194,0.09139282226970497,0.11190481734919125,0.12715271050923715,-140.46070403960198,0.2145866312879462,4.375616847574523,0.1948198943465451,22.394314406543828,0.9985595254076066,92.84816119477989,279.03903800651966,1.1418233186292355,97.88902233541191,139.2894164659981,1832,0.6144532306760309,2456260.187787429,18.407046286942652,2012.0
0.06859234154584423,0.07370134660564591,-182.94387830034475,3.1077265969620167,0.09722232003809744,135.22,3.353,28.856436459883064,0.0001521588861223,0.001533849253092967,0.003941221657019631,6.583680706206962e-05,C/2012 K6,C/2012 K6 (McNaught),1049,0.450069339136806,False,111,0.26877012470093486,118,1104,986,0.06611010656204533,0.06700868868674784,0.07289462804071854,0.07315079262623947,-182.94965925049996,0.09907244215193174,2.9542073563639697,0.09721912548861189,6.52240008302958,0.9993509342169944,135.21663723945989,206.89925478595714,3.353098045816742,28.85845193554699,338.831097930358,934,0.4201503616621627,2456433.9607432336,2.0729543400117194,2012.0
0.0903877528214487,0.0248038536617368,-15.791648543145648,6.346840539937422,0.06796741296764702,106.11,6.463,64.36880685897714,-0.00025204187159721947,0.0002602964602829161,0.0008891361580387197,2.8003851864966123e-05,C/2012 K8,C/2012 K8 (Lemmon),943,0.560463220006217,True,637,0.5456452317451609,665,984,319,0.08925646710031034,0.08987657305639131,0.02380661743822567,0.022589331017646357,-15.790156908200213,0.06989021431041037,6.3333352891719805,0.06796288040479585,3.2820832379422833,1.0020910388894777,106.11152362267389,312.80635622802816,6.463033011857099,64.36648476331715,75.85086585113021,301,0.5364667871009487,2456888.8310330226,0.9387325826609026,2012.0
0.10990006549907258,0.22904725835850162,26.742848305140342,3.671296364763422,0.3383749519452574,87.22,2.262,106.41772387419778,-1.3593841240111537e-05,-7.189389438622129e-05,0.0005335829621134769,9.079468513917277e-06,C/2012 L1,C/2012 L1 (LINEAR),1454,0.6143693270722884,False,671,0.5910701879709351,684,1505,821,0.11049308591976029,0.11004991824150903,0.22852134838983526,0.23006082957311927,26.74907424409662,0.3395403414373179,3.432109636623265,0.3384444060393698,27.6534348349562,0.9970393105575976,87.21909373385564,271.7669885175744,2.262419079499146,106.41990168406305,140.28878927910222,791,0.6355414398634084,2456286.9136677315,1.0611449775575794,2012.0
0.14745146522060307,0.029169719760766846,-277.537624619486,2.9867518347669786,0.17420969363754596,70.98,1.509,117.63123798020031,6.840700189791882e-05,0.0008205432753527475,0.0048485932212933396,6.1362436001966e-05,C/2012 L2,C/2012 L2 (LINEAR),2087,0.499054482571015,False,2082,0.49491224438592446,2136,2147,11,0.15215018196965624,,0.024328321345445592,,-277.5335401026705,,3.8266661557790225,0.17417170698276208,17.425031656309244,0.9974019064145941,70.98141459625457,270.30132502579414,1.508606223794739,117.63068455382759,205.7819150718999,,,2456421.836747988,,2012.0
0.0627509502493869,0.11165788615661744,282.2980019588849,2.3929632708770745,0.11222897277245851,134.2,3.045,78.02351472008833,0.0002274319742621156,-0.0003217375533779432,0.0004633422721713414,-1.949381544630313e-05,C/2012 L3,C/2012 L3 (LINEAR),249,0.6440316172334474,False,,,40,261,221,0.06292399469006107,,0.11283275083971502,,282.2373511660303,,3.319501313991381,0.11221656688577411,7.914004500367618,0.9910190738484174,134.19632522522443,53.48999752298615,3.0450099707833975,78.01966082610517,107.09395045131787,211,0.6808871276704052,2456090.7200120576,,2012.0
0.041727401765949135,0.03914985151492695,-140.7141340278417,4.822018576171911,0.07861319318198198,25.38,6.536,84.7487009156259,-2.7627209934877328e-05,-0.00011432720383197648,0.0032081002580488776,7.926319721995867e-05,C/2012 LP26,C/2012 LP26 (Palomar),436,0.6292522503397593,True,195,0.5280614784776195,196,442,246,0.043891840717246486,0.0432304158554636,0.036294247727985646,0.036061808144706844,-140.71251906871453,0.07763692984760474,4.771076667106116,0.07859836003172464,3.7743883293436093,0.9992521290886811,25.379734787849227,153.98753333101104,6.536133841177692,84.74946011651852,145.1561596311868,244,0.7056182494880415,2457251.0731980186,1.826599452181331,2012.0
0.011199287654233562,0.03196036064556299,35.61460215631632,4.36366375706462,0.025912073241994193,114.83,3.607,60.287709187700486,6.724295061655283e-06,-3.267336735746085e-05,2.6143801791091627e-05,9.313221746243272e-06,C/2012 OP,C/2012 OP (Siding Spring),98,0.38004591683787303,False,39,0.23560849696703048,42,100,58,0.011193649037630222,0.013136838147385197,0.031953375861230454,0.027728326736979822,35.60664780359616,0.019413876718066454,4.356926802921322,0.025913373672214135,1.677039477232084,0.9965861272003257,114.82875302502924,267.37037368640335,3.607080067929556,60.29118297532899,351.4353782205251,57,0.3965047221341513,2456266.2433197065,2.9434270842244508,2012.0
0.022944382395974638,0.01980972738750971,159.67285987051096,3.3683759023026005,0.011788091464040229,112.93,2.308,86.7350547786423,4.642596947435074e-05,0.00035208947642217936,0.0008947860510722478,1.0575953701685847e-05,C/2012 S3,C/2012 S3 (PANSTARRS),697,0.5316504372471466,True,693,0.5266560121924252,739,749,10,0.021893019778122504,,0.019003641182353065,,159.63960586539312,,3.66589446115789,0.011786285703089266,0.9524204051570151,1.0007547163964463,112.93115021453652,121.30563642444986,2.3080765645878,86.73046025207088,183.7517881708033,,,2456535.6351523646,,2012.0
0.058516760408192404,0.09971440195698873,115.2676406435425,4.572765538083882,0.08470415592309453,126.54,4.349,139.65164282151227,3.064113534301249e-05,0.00034412914348536106,0.0014310844663583025,-3.057762452129964e-07,C/2012 S4,C/2012 S4 (PANSTARRS),907,0.6128644626314647,True,459,0.49598972695622384,476,938,462,0.05908131281308643,0.058958403878171604,0.10119869556034732,0.10251461261852331,115.28510611951401,0.08646635252162824,4.4440702985236555,0.08471123304857416,4.988173763655886,1.0000126338073239,126.54167829330568,173.1033208719204,4.348728109455706,139.65455166489681,163.61679414141543,446,0.707960090747199,2456471.523403003,1.4012442348807441,2012.0
0.12102863336688512,0.014637521963150563,602.6221088355924,3.46880098737543,0.11979608302247319,24.09,1.956,105.34594238006943,7.123026855504477e-05,-0.00040510751713895843,0.0012408002637975255,4.3781243872498266e-06,C/2012 T4,C/2012 T4 (McNaught),49,0.6440562064681021,False,,,6,49,43,0.11907388195148313,,0.013739105721074119,,602.7533473711956,,3.0480333942643036,0.11979809583284899,10.537349481873711,0.9912604584326974,24.084868348078302,99.36812691479119,1.9560008844025671,105.34124334458613,219.91442001294078,43,0.5835245409547898,2456211.4324617544,,2012.0
0.4828357405723965,0.05643948993119194,-865.7981375411437,2.1764786418335698,0.4293208441250335,72.1,0.323,52.039115674486794,2.22090930823704e-06,0.0014616002438714304,0.0010473473210189067,9.385145455065302e-06,C/2012 T5,C/2012 T5 (Bressi),678,1.0293352283331347,True,676,1.0223036987977845,689,692,3,0.4820717294141045,,0.05532437766765622,,-865.607332713289,,1.735766740606441,0.42928257007184234,92.74871824105931,1.0004357415566472,72.09987638058733,230.59432921442186,0.3228348877035891,52.03713963694264,318.0936742603187,,,2456347.558470121,,2012.0
0.11900167187959226,0.06083534892322169,-434.6484869090283,3.9156057676462224,0.08496292556496189,56.34,5.264,102.35720921080063,1.924296642952239e-05,0.00020526235530837766,0.007405232945039758,-8.252047416767994e-05,C/2012 U1,C/2012 U1 (PANSTARRS),170,0.47148372914309084,False,125,0.45204627930958374,127,172,45,0.11196752467344072,0.11178490698360373,0.05800971023420659,0.06040778135310667,-434.67981896470644,0.07781377777877108,3.8422630587415316,0.08497058127574482,4.554252685382213,0.9995841277349831,56.339225475543635,26.982867297660686,5.263820956856908,102.35651883382731,70.05714407600185,45,0.46313335570505015,2456843.222680107,0.6180985682517777,2012.0
0.219009598576003,0.05281910710358332,803.8352702958489,2.3982513535392944,0.2545360936872915,157.84,2.089,100.4516891218141,0.00027037494809700746,0.0022499758686365112,0.015042767550732968,0.00042281052331016866,C/2012 V1,C/2012 V1 (PANSTARRS),88,0.36135503986708206,True,87,0.3450950247355503,102,104,2,0.21838342730845064,,0.06329865303431392,,803.5566312586393,,2.362560625306157,0.2544802872968064,21.611938304887424,0.9996636195360995,157.84221599281685,85.37671078713466,2.089625218925379,100.47959945242283,123.32738286261429,,,2456495.0390759753,,2012.0
0.15131307963299814,0.0967463720472073,-111.55631396831996,1.9518892900647664,0.14502798701983596,67.18,1.455,118.1016979265868,0.00010412980050489296,-0.0002589993239183741,0.013456999944104724,0.00018653979588356684,C/2012 V2,C/2012 V2 (LINEAR),1052,0.888479181542039,False,911,0.4971272370608661,938,1112,174,0.16291951922453476,0.16763033803304517,0.1002328285804114,0.09806827548936928,-111.32759443173381,0.1583057958195005,1.616881637798009,0.14517970564247126,14.78865494965058,0.9977280665085896,67.18452817293169,262.164608808302,1.4549422865878996,118.09955998324189,217.30986317326787,167,0.6652941640526456,2456521.000377522,15.845743724164413,2012.0
0.07367887033216887,0.061095900489475156,-559.7038891671655,2.872947172152847,0.04972054705606541,44.37,1.599,41.710372524367344,0.00028293246536825745,0.00010410160356855158,0.0030961769550781836,7.692428047101352e-05,C/2012 X1,C/2012 X1 (LINEAR),2548,1.6109088557770905,False,1489,0.49202699605454875,1539,2556,1017,0.07194162060611482,0.07672247416245032,0.059517401109789134,0.05535228461365276,-559.7025966539923,0.05532538131076567,2.9328309303259537,0.04971086970316025,4.839336107328371,0.9898550142357893,44.36743027036421,113.14698090679393,1.598986998390421,41.70553359025873,132.11020389972512,990,0.45795246133477957,2456710.1334783384,14.947753395760484,2012.0
0.042713769541945876,0.03849299623051905,28.555489843111417,2.148287467302516,0.0776368054066088,129.03,1.4,85.16337317565363,0.0004499801676447479,0.009838841083535499,0.02230145732844893,-0.0010004351313699367,C/2013 A1,C/2013 A1 (Siding Spring),3158,1.7750050495471177,False,1511,0.7236897507584061,1523,3169,1646,0.013106200643668091,0.010035760652857108,0.06319468652192514,0.061914714539131784,92.37203588039,0.06884359428281289,3.70482342904916,0.07281429193936662,7.558011058904431,1.0005355064689008,129.04275645123295,300.9757356575811,1.3987645555022121,85.15313630445603,2.422246582458935,1600,0.6825620256045853,2456955.6758110886,16.452974985013597,2013.0
0.10242370877681395,0.12567759361751843,203.72315609896742,3.7583773613385847,0.2087784630560399,43.45,3.734,76.55733724727205,-0.00023898639099995123,0.004263168949385943,0.0083833169231879,1.7305063066963555e-06,C/2013 B2,C/2013 B2 (Catalina),133,0.5907431905964492,True,103,0.426728709473087,107,137,30,0.09604491267469775,0.09520507340677105,0.13467169344710242,0.13646282040036678,203.67748853013367,0.20913750473967277,3.7920846291620056,0.20877564819426725,13.26408546602381,1.002463980416801,43.45915277890803,331.9561356282272,3.7341362568328957,76.55511395283436,156.44389423526272,29,0.9922843040175101,2456475.019192742,3.0454990044048547,2013.0
0.1407675923629778,0.13342037495051876,45.945384881377564,3.2506997540368756,0.048687684963274365,158.72,7.782,43.94071474120665,0.00035292803665498695,0.0010944354660580302,0.002010708061446968,1.084390684269465e-05,C/2013 E1,C/2013 E1 (McNaught),170,0.5338736241630054,True,119,0.4493305234634131,125,178,53,0.1431571098288333,0.1426504159985406,0.13591633175958887,0.11949111546834366,45.95965409214884,0.05177663457593829,3.148575584792666,0.048682556340887376,2.1425999041600976,1.00261136270892,158.72147111056125,134.02513323678414,7.781640475928676,43.93913791017484,311.4203177667607,50,0.6401238596631033,2456455.6172142145,0.9763978731962774,2013.0
0.05773340116654961,0.050344286396315496,146.21548653182253,2.5337056575628076,0.0925018597034015,21.86,1.413,62.04330104935754,0.00010672567137348654,-0.0005771552104789635,0.0007506424406357626,1.4099992164950947e-06,C/2013 E2,C/2013 E2 (Iwamoto),1117,0.48998770178517603,False,,,7,1171,1164,0.056933612553316554,,0.05057195509724826,,146.26961770579692,,3.1194333148488695,0.09250159135948537,9.566673319751803,0.9940417795778977,21.857144132938412,182.47193203847308,1.4133232393586765,62.04743973695455,95.82289639683714,1117,0.4899872098993427,2456360.531788635,,2013.0
0.6578229328422922,0.06782341995562331,-1494.0547791803042,2.2218027493973773,0.722645937553023,79.69,1.86,75.26724565276203,-3.5105383730194006e-05,-0.0008275365200631768,0.0008122856471373305,-3.013312959154746e-07,C/2013 F1,C/2013 F1 (Boattini),262,0.6107880082290672,True,,,0,282,282,0.6576659269955911,,0.06826893384236317,,-1494.2542810609878,,2.370879652449406,0.722838380983054,65.08143497381322,1.0027619094330669,79.68705478771999,30.12319051803777,1.859992154150706,75.26397437315357,92.00323582507403,262,0.6107880082290672,2456264.15818906,,2013.0
0.03644574322299226,0.07761551835448283,537.9317371937012,3.4799338973228213,0.09599661643675292,61.75,6.218,77.60833363619524,2.2578997569411285e-06,-2.5613587837369778e-05,0.00414054793753098,5.405749103726265e-05,C/2013 F2,C/2013 F2 (Catalina),165,0.6044041156529777,False,100,0.4582508284013486,104,171,67,0.03344770366887145,0.02582738039661382,0.08098450393071287,0.07876867453714852,537.9544375606738,0.0815523781207925,3.5253989802354906,0.09603422764904934,4.733728668168776,0.9992611438679492,61.74924123190915,344.27226595169907,6.217916479433152,77.6064678415913,122.995250998061,63,0.7396283412156325,2456401.5089307576,4.70641039661296,2013.0
0.03439860694499096,0.013129542631562465,41.8459640617873,3.9898732657435136,0.04646908486799472,85.44,2.253,51.78607169922897,-3.601902939198709e-05,-0.00025541035702758563,0.00024013998824808677,-7.735633680283627e-06,C/2013 F3,C/2013 F3 (McNaught),294,0.609321342641924,False,53,0.5543227859303237,55,304,249,0.03438800754404542,0.03731242718088876,0.013087548970673943,0.013945422862816068,41.7885342251916,0.04812797172550795,4.04827631264424,0.046467433840415115,3.804212471423963,0.9970053298528221,85.44432241528062,266.10858140120337,2.252607435598865,51.78322867709572,18.75788134817573,239,0.5896138842169886,2456437.7573259007,5.3808136602143986,2013.0
0.043955665389177424,0.053575896929965595,-60.15034384893312,2.9624537227034557,0.09021180886313396,96.0,2.154,95.04195414350431,2.6054550314791314e-05,7.739535725193036e-05,0.00024456326529053763,-1.2250241645972437e-05,C/2013 G2,C/2013 G2 (McNaught),109,0.44103554646375914,True,,,0,111,111,0.04423129075103988,,0.053359575703070455,,-60.1422390662851,,2.9523326244966777,0.09021109768470092,7.546638507304107,1.0002027205473678,96.0020420674593,274.11253946365883,2.154109881141483,95.04317300116574,293.91196054166363,109,0.44103554646375914,2456267.850032702,,2013.0
0.15912977141020748,0.053395505778297825,-354.84375984780013,3.2601196147251037,0.1381491186537293,64.67,3.852,62.414746036110806,9.649228123809195e-05,-0.002207966696147423,0.0024503651610509377,1.8590597328227432e-05,C/2013 G3,C/2013 G3 (PANSTARRS),855,0.5164494211753595,True,808,0.4513873160302951,846,908,62,0.15653548296694397,0.15789800068529578,0.052108298998364666,0.0517341740834225,-354.85909356334196,0.14171083305306884,3.5772089206412536,0.13814894804454503,8.641119075115673,1.000560156998657,64.66930809172175,208.12339733113154,3.8522169003168103,62.410311472148194,76.5009041264632,61,0.6277919666089612,2456976.69192322,5.896872941136461,2013.0
0.03931918578145795,0.059883965642363465,278.46613228864004,3.3187705708158743,0.09908792540790666,40.61,0.929,96.87994511783545,3.377165524909298e-05,-0.004080863941602786,0.007540054544277062,4.616368575183216e-07,C/2013 G5,C/2013 G5 (Catalina),111,0.7361279775004808,True,111,0.7361279775004808,121,121,0,0.03989720929209088,,0.05934049992040488,,278.42619227777493,,3.5262265094933616,0.09907373915812955,12.620397647089623,0.9997483840405726,40.609395472560514,144.27386382340768,0.9289192343918644,96.87414794672594,165.66935449666008,,,2456537.0044617793,,2013.0
0.09001510458278457,0.010299335819033953,-320.6677823730197,1.5416851349429594,0.08526712024208528,124.08,2.048,43.39819926697762,-4.192299646632591e-05,-0.0003876807707285934,0.001977656410294473,1.4707342991027161e-05,C/2013 G6,C/2013 G6 (Lemmon),223,0.5642461162254103,False,190,0.4451017416693674,200,237,37,0.08741650471083981,0.09642203169866628,0.010196857922834994,0.010187734497636389,-320.6151010572016,0.0954314054107821,1.4440437439370266,0.08522877315228046,7.321888538891878,0.9946630552320044,124.08393782123358,44.56701416855251,2.048513530251559,43.39934154014856,215.6942349967025,37,0.8013645339299517,2456498.7283082446,17.373952424699763,2013.0
0.12594424031727058,0.056280190551663556,-143.86807714991164,4.33720751572553,0.0805473998106832,105.11,4.677,49.9090806687651,-0.00012007132447111601,-0.001766025906661639,0.002342282696628951,6.669887882093661e-05,C/2013 G7,C/2013 G7 (McNaught),302,0.5588101834513688,False,267,0.5864741921654133,269,305,36,0.12699404965984595,0.12734527926898773,0.056649854003749195,0.05665484088010625,-143.81380712899636,0.08088028025665585,4.696758106269466,0.08054313478036078,4.575762360088366,0.9977412780510759,105.10831765378065,48.40233343544823,4.677473786044289,49.911991131439,218.26152827000192,36,0.3216083361453021,2456735.16781275,0.5460943130073435,2013.0
0.06209111192570895,0.028808685635861652,323.9126171455862,4.716864379839734,0.0333048703912273,27.62,5.141,97.74719058349561,-0.0005399834240596979,8.223411620988941e-05,0.014094205333767153,-9.10320462752523e-05,C/2013 G8,C/2013 G8 (PANSTARRS),145,0.48863623682695817,True,118,0.379015383996586,127,148,21,0.05091154397819447,0.056611727142475594,0.018076276608414876,0.02179710204881524,323.90107519624047,0.035059856510917024,4.566404176146475,0.03329736835390474,1.8029262387581508,0.9979088771317963,27.61512791599845,241.01240174710793,5.141084754336365,97.74858055985872,80.16287925660299,21,0.5088281465830368,2456611.4791983846,9.589375033469057,2013.0
0.17291306257910793,0.06090902480610504,15.921321154635947,3.4062467172518835,0.16626332875728247,146.23,5.338,32.962428546621126,-0.00021022197658626673,-0.002340045589079409,0.006243249702276951,-2.984053221144478e-05,C/2013 G9,C/2013 G9 (Tenagra),493,0.6841660508187891,True,340,0.6361426539754924,348,515,167,0.16605068430663208,0.1657058011842415,0.0588174517311098,0.058749313463558855,15.910884555491975,0.16610978405711194,2.841888721853921,0.16627592707661665,8.836154812571353,1.0010618672649938,146.23125501995221,35.68806197713462,5.337591573200944,32.96245559819905,204.9361482840804,156,0.792866750828527,2457037.111043432,1.629159066345365,2013.0
0.09820185240210402,0.060039609542766485,-676.1437558510142,3.7964912611718677,0.058611593859133684,27.09,2.647,11.768917359721303,1.227918386581539e-05,-0.00032106834933287587,0.0016237966488224544,-2.261884129906022e-05,C/2013 H1,C/2013 H1 (La Sagra),270,0.6219579173036813,False,172,0.6360743012319603,175,274,99,0.0984850363269095,0.08943577624069377,0.06029974262339645,0.06514822851834627,-676.1472542616129,0.048881463615796705,3.9488568494895127,0.05861114291155814,4.440152860031699,0.9854378943409156,27.089197940816668,84.97039162029277,2.646943443985208,11.768409464209341,136.5790667451275,98,0.5822052473102732,2456432.1680860748,0.9499706312852917,2013.0
0.11314416629536718,0.04940557165646619,-2.3925093162798845,6.6183649041226,0.07336472026494327,128.4,7.499,26.993630320080488,-0.0005723478600769827,-0.0011185334730328123,0.00566568160876998,-1.3877722301991469e-05,C/2013 H2,C/2013 H2 (Boattini),220,0.6610631049105004,True,116,0.5144320462707901,119,223,104,0.11854472684009516,0.10632349158756844,0.05416164012430724,0.053104549099065035,-2.3947308151953024,0.06310023984791399,5.501157264694165,0.07336425953335882,3.289619708991792,1.00127663037361,128.39522744507846,262.7447832805208,7.498728852540429,26.993072723402783,35.99196143830409,103,0.7691438345090839,2456680.7105393824,4.53038498194869,2013.0
0.050741315877876045,0.06690765021952905,-126.9925373904066,4.063178471273127,0.09395008162399181,118.23,3.989,47.235774905595626,-7.065200838252128e-05,-0.003384858899934784,0.0028114822948176682,-2.422922009470696e-05,C/2013 J3,C/2013 J3 (McNaught),99,0.41081777499255384,False,,,0,106,106,0.0534175156524371,,0.06709006731399438,,-127.02952607582301,,3.558274011222713,0.09394920978678642,5.781824130029861,0.997887005772171,118.22201298868147,200.75773753755615,3.9886673848999084,47.23790089002372,320.9565791567762,99,0.41081777499255384,2456346.376805593,,2013.0
0.0629708133401799,0.020588115153367687,-26.956348627141494,4.464322293717713,0.06756034229165264,136.03,4.906,27.923410941196806,0.0001955288338388872,-0.0008434601122928598,0.012560883280950914,9.590777004220286e-05,C/2013 J5,C/2013 J5 (Boattini),72,0.7011356472503858,False,,,4,75,71,0.05132511966840046,,0.021804787782673602,,-26.95926103326201,,5.1757328450910975,0.06755758946623923,3.7444729730486195,1.002667781762886,136.0241570098346,256.78437256576274,4.906004762635467,27.91546027965145,19.187078392924743,68,0.6978456363234324,2456261.536222508,,2013.0
0.03837084084914691,0.05501630226350465,132.16617110529694,3.8945984289664013,0.05442843212565948,106.78,4.872,71.3502263089101,-6.94684050972505e-05,-7.121200430049157e-05,0.0021856980929933615,-5.4919871134373466e-05,C/2013 L2,C/2013 L2 (Catalina),232,0.41415404390362803,True,,,0,242,242,0.039151936577616564,,0.05201363616379265,,132.15544895055888,,4.051936476400539,0.05442553314379083,3.0272537833332036,1.0008580270558778,106.7763562169969,285.8776682098264,4.87223035120912,71.3465325728752,1.939018781071553,232,0.41415404390362803,2456058.6955110105,,2013.0
0.01419265898756586,0.011109760254529456,-108.3609650590563,4.191387098263425,0.020184541002490303,102.84,3.18,74.99390721397808,0.00012794664063631167,0.00032241528153065246,0.005636711043587194,-3.745201103644291e-05,C/2013 O3,C/2013 O3 (McNaught),97,0.4301306663510565,False,75,0.35439637101494437,80,103,23,0.015925933377480345,0.013685501521123838,0.005907554890649128,0.002060579006701645,-108.33800630688302,0.015724244377484976,3.5826195557007448,0.020186643504272468,1.3914660539133323,0.996248609516647,102.84006355382803,276.75198855351005,3.1800660937490695,74.99668183855341,337.9628520892948,23,0.5757611633914383,2456545.4862479437,10.636763898704725,2013.0
0.09495771249209009,0.18868155357543764,88.48999206050394,3.0862644585147545,0.21866364099219543,125.53,2.835,47.06229500510861,-7.048021967659412e-05,-0.0007018447166586839,0.0016518248730927718,3.9276133791510404e-05,C/2013 P2,C/2013 P2 (PANSTARRS),316,0.47229513884516233,False,131,0.3480833283052669,139,341,202,0.09352095138282265,0.0922562816880843,0.19008362272693044,0.1908584057373772,88.46170033193312,0.2180093183486191,2.84313630993191,0.2186614305321479,15.95739157179731,0.9988313410600101,125.53145750206365,2.0300302193735336,2.8349637956902236,47.057797179502955,104.97607796768965,177,0.39086130014606174,2456705.5543157053,3.7442443651103536,2013.0
0.04091492605490106,0.06726876558930353,-2.172372260165993,7.850551910172956,0.027866313553885944,93.91,8.647,140.4203864186545,3.591518407164429e-05,0.01517756036952278,0.04648393384129504,-0.0005908394033546926,C/2013 P3,C/2013 P3 (Palomar),488,0.450815800015367,True,350,0.3454666288676946,357,492,135,0.01676520138458787,0.01850501554470751,0.023985107366706327,0.02401276419007446,-2.1639531624330957,0.03142850174401123,7.263233339550611,0.027861639869200823,1.163341812657285,1.0011918600518326,93.92138199460442,177.27690390738877,8.645931164418128,140.41645629308553,177.14434145784995,134,0.5882101110998282,2456985.4589169966,2.671700508441632,2013.0
0.13628540184633303,0.06258235345522475,-359.02997445816845,4.668715081630443,0.19783065478155654,64.04,0.812,83.10920822466845,5.1294495700959786e-05,3.973502215615099e-05,0.003488474688841504,3.3959878661393716e-05,C/2013 R1,C/2013 R1 (Lovejoy),4016,1.4676418625625511,False,2655,0.9571208031055984,2765,4042,1277,0.13339869522471934,0.13609073811753108,0.06579252989919772,0.06875622344333557,-358.9061437315486,0.2037114971590759,3.523778174354067,0.19784654438002716,26.970740620068103,0.9984764812642478,64.04099232058775,70.71188168634251,0.8118595356649653,83.11212209936338,67.16962160506964,1245,0.6054816361751916,2456649.2331217458,17.392175150744748,2013.0
0.05642670552762501,0.1461276551984167,377.46246046342924,4.0080405617732335,0.1554068759629358,83.96,2.824,152.51101603320535,-6.95251517750517e-05,-0.0012176631181120001,0.0007046706791607578,-1.2868543199484606e-05,C/2013 S1,C/2013 S1 (Catalina),109,0.7382295389882966,True,,,0,109,109,0.05591517944801626,,0.147222483430109,,377.4087767664495,,3.879281675755414,0.1554066998079506,11.353498634855153,1.000362913378736,83.96074826888048,221.53632588119143,2.8243100196644475,152.51505525278967,166.06478268369085,109,0.7382295389882966,2456507.417701799,,2013.0
0.07111412012084646,0.1210813081102964,1724.3221727870655,3.3214389868164487,0.09817034352885673,31.4,5.831,67.52205190059443,-0.003994004303049858,0.008416227116786246,0.0731677724817192,0.0006640191558018316,C/2013 TW5,C/2013 TW5 (Spacewatch),404,0.34991796847998413,False,283,0.3152057668342106,299,426,127,0.13875097746619613,0.1445955632598869,0.19251476450440735,0.19481201737865764,1724.5024809984843,0.09608241191560232,2.4587620662808662,0.09820158245067742,5.010479829598848,0.9829441173893976,31.409823677485175,319.70675795050755,5.831291142588819,67.52230081476455,190.44609348687968,122,0.37049959573851515,2456887.1600122442,7.032514801529757,2013.0
0.08170611263662057,0.3053398341880817,-135.2544104769654,2.009961985889054,0.22599611307037434,43.09,5.117,84.3121263267174,0.000766233862323551,0.016881389719799245,0.056878019184652004,0.0007484837482918394,C/2013 U2,C/2013 U2 (Holvorcem),447,0.4233781071176432,False,247,0.4132163003618602,254,471,217,0.036051719056665814,0.03721844234543938,0.24923249838827066,0.24857734001316947,-135.2427467689322,0.22245592257404606,1.5988993826514253,0.2259396475942862,12.297376495573712,0.9950651166356482,43.11097647239132,6.966827723068221,5.117485859478289,84.31374094259478,107.45669231007297,201,0.41799152976674214,2456956.3704611994,3.444658477425352,2013.0
0.11491990227062839,0.09329230299242595,-307.1159593494418,3.2207229793712395,0.20704214835997736,148.88,0.823,25.435277873848968,9.44433999885419e-05,-0.000147064214047532,0.001150414604291722,2.5875272911646263e-05,C/2013 US10,C/2013 US10 (Catalina),5083,1.4487307974771821,True,1784,0.5597033500964945,1892,5129,3237,0.11709376793865954,0.11934360097775937,0.09134453452639972,0.09350897875462492,-307.16058136477193,0.21154244453856144,3.1944225134628303,0.20706946968334844,28.020977042358982,1.0003745829197526,148.87814971144985,186.14480815095843,0.8229953267413865,25.433834979870372,340.35780107396874,3016,0.7676222877998458,2457342.221641829,17.523518865750813,2013.0
0.1542835607326048,0.12990853454246004,-461.8638120250728,1.4048862121331933,0.23153146416848197,65.31,1.661,99.45642013907036,-9.183999173689728e-05,-0.0013984157979365364,0.001256846881797399,1.1892476473152058e-05,C/2013 V1,C/2013 V1 (Boattini),2007,0.711173596341269,True,1717,0.5151735175725299,1802,2141,339,0.15306767738250926,0.15591084195401045,0.1297094082006634,0.12982709738932202,-462.09332446019505,0.23425325133626293,2.086013912189361,0.23166528173678255,22.068197054013137,1.00133520126121,65.30868251818487,72.80890548692948,1.6608582126049052,99.45232826214807,48.03648799769844,317,0.7648225933523293,2456768.7329144976,7.01307425637492,2013.0
0.32595228324295605,0.22047787038827907,-680.6129216575011,2.5140921405767522,0.529793473494015,37.85,3.508,65.9804734657245,2.3952006817484772e-05,8.404116246651938e-05,0.0011936083600792135,2.7192766006933766e-05,C/2013 V2,C/2013 V2 (Borisov),1724,0.4977276957715144,False,859,0.4699474107538479,907,1805,898,0.32621337207079487,0.32795864625721455,0.22018133428905984,0.221385317705139,-680.5226310287928,0.5328576913304989,2.507240266430671,0.5298427687420948,34.75254810375776,1.0044862617565404,37.848461148316396,48.43655684199873,3.50795016708406,65.98225141178955,94.46064464941865,860,0.40802414453684377,2456944.8494625343,1.7351872770671914,2013.0
0.053496556983350534,0.08799791236373362,77.72375300251568,5.621743597378186,0.11988974218614841,67.85,5.185,117.76244487540987,-0.0001780329760723287,0.003632411345549258,0.010131033301103029,9.250513372460745e-05,C/2013 V4,C/2013 V4 (Catalina),2418,0.6689734448287646,True,1314,0.458535259391007,1366,2453,1087,0.0460021308073741,0.04773768460741774,0.09739655109812183,0.09978194995847983,77.70796563627931,0.12501224864561272,4.266263760023299,0.11987756933922891,6.463263428389814,1.0024323148966787,67.85808162580271,55.62483288871652,5.185511840636372,117.76718889595602,40.45435543533838,1053,0.5414810194601267,2457303.0694546495,3.2238220684969736,2013.0
0.5860563313453199,0.12219587826115505,2936.8058695216937,2.644284838793155,0.5312628708095606,154.89,0.626,109.47484044115376,-1.8032295238556983e-05,-0.001208076047959139,0.0066690160828776525,-8.679649260145972e-05,C/2013 V5,C/2013 V5 (Oukaimeden),1459,0.8593573858861409,True,1314,0.6389697614328571,1369,1559,190,0.5784834872117286,0.5790180840327626,0.11965342072693282,0.118502661730424,2932.87488473628,0.5341773523390766,1.3368065730638534,0.5306741746068717,82.37195920599167,0.9987021843715088,154.88428168263823,278.61528811474955,0.6254987220353967,109.4737375159665,314.573791182497,178,0.555219156967846,2456928.7230327493,6.3096398931550945,2013.0
0.03117225889853861,0.21078548887940102,-659.8210006007839,3.0390405548841883,0.20741525595350507,163.23,1.314,110.1685432581493,2.8252797832584164e-05,-0.00041624639669635144,0.0025507978174269244,6.034953599654003e-05,C/2013 X1,C/2013 X1 (PANSTARRS),2902,1.10807825844477,True,2602,0.7282475802411601,2719,3275,556,0.03169897610501782,0.02720512593966429,0.210840376546233,0.21165399055650172,-659.3373281333513,0.2068555282285386,2.9036421641203884,0.20743271622482456,22.2141552209796,1.0010542829072016,163.2315156262851,130.95477688095747,1.3142968353963886,110.17548591528592,164.45803442765333,543,0.875221922954643,2457499.2287034444,27.686399083205966,2013.0
0.5063159279766769,0.014986730254667527,457.0418751275238,1.0194901184617573,0.5189361219343522,29.41,1.919,40.06803248969778,-7.224991583365536e-05,9.543957627755617e-06,0.00392963299646662,-3.481273207284197e-05,C/2013 Y2,C/2013 Y2 (PANSTARRS),402,0.3980214466223895,False,388,0.38804570170884445,401,418,17,0.509834728735625,0.5096972101407964,0.010776279528696392,0.00940213097906064,457.1689176058153,0.5169814211657772,1.144052396366604,0.5188103460940258,46.0701452005759,0.9912017730520347,29.414753693499616,243.3998450621296,1.9190504206473942,40.06898840143558,308.8464994832635,17,0.6763274616836857,2456822.145526231,0.9482789705737971,2013.0
0.055588340305522954,0.06471812710269807,150.38029681253454,4.303951206102734,0.03016728409345984,121.36,4.18,169.47214087161976,5.733096498938828e-05,0.0004904246943198132,0.0001863110513355394,3.341570982762221e-05,C/2014 A4,C/2014 A4 (SONEAR),2681,0.5229261661938555,True,733,0.4440839737693663,768,2825,2057,0.0555586062400527,0.05640571809439287,0.06461418418461973,0.0651272236920618,150.35624428011405,0.029496499562847337,4.124939179442789,0.030164319210671132,1.8114211860286977,1.0009120923135104,121.36045810042651,29.727301731553457,4.1802133296041815,169.4726944189162,356.7886150954601,1951,0.5212171409349495,2457271.36464846,2.692177749931415,2014.0
0.05624655444481542,0.02397695501057021,43.18774374729229,2.9941690816476063,0.07630295656898503,105.21,2.003,125.27301436513575,3.471618452266512e-05,-4.7952410341167706e-05,9.352591780282558e-05,1.7461710150712406e-05,C/2014 AA52,C/2014 AA52 (Catalina),394,0.7648967236576069,True,275,0.4208696786927837,289,403,114,0.054775712936419765,0.05589490202595465,0.025288099093571985,0.025200518448166252,43.25176525851518,0.07712861822636265,3.643764811999812,0.07631717560659168,6.620476978992868,1.0004586040816237,105.21115314232956,330.4932505678119,2.0026555302657827,125.27411195524516,292.2592168751988,110,0.7205431158160941,2457081.140430293,5.5327489722013405,2014.0
0.07674581237767106,0.11221537238722094,-19.39513009688462,7.261970122179154,0.03687067224693585,28.38,9.557,67.66605299774446,-3.711146031548651e-05,0.0005341844949242613,0.0019688623511139327,9.748319949132167e-05,C/2014 B1,C/2014 B1 (Schwartz),1239,0.48578827564241395,True,548,0.4196352816658141,576,1282,706,0.07848522067199563,0.07719099091684385,0.11394013800699601,0.11489155746773662,-19.41879389625612,0.038950783727328235,7.252093473662054,0.03687229079069551,1.4644449291785033,1.0031779424830185,28.376059745516905,161.39433016572775,9.556777978265481,67.66261659346569,345.8612459396406,683,0.501996870283905,2458007.372149662,1.52970129568359,2014.0
0.010804152963530832,0.09139906847030506,-686.1362595110404,4.087835507006112,0.09061410271803022,135.5,0.512,30.44198532632107,-0.0001827359984535315,0.002255836387320187,0.006591047655995428,-1.4131915155757291e-05,C/2014 C2,C/2014 C2 (STEREO),146,0.8476998355571567,False,,,2,166,164,0.010816619330865682,,0.0918967070362507,,-685.9450276202843,,3.969006179242628,0.09058622175800046,15.538843605390769,0.9998172640015465,135.50441922923093,283.3477965065164,0.512326360997729,30.44070837296238,56.06960038348349,146,0.8476998349624757,2456706.7453675023,,2014.0
0.11699895669638911,0.04568627960386969,660.8545657845041,2.7968055068865976,0.162599670342742,156.39,0.664,143.00403646355429,0.00011840982331035033,-0.0002131785295773625,0.00891530764018937,7.799356553950254e-05,C/2014 E2,C/2014 E2 (Jacques),4825,1.288982668424181,False,1824,0.5012314714044867,1919,4930,3011,0.11633091628455501,0.1192134315243107,0.046592186701279466,0.054666085128863874,661.1024889214239,0.17306951465414233,3.0002121690769386,0.1626424925189496,24.50790121647848,0.9991546586797867,156.39254075899973,56.39425156877414,0.6639944741956926,143.0054346516513,344.0483468470541,2876,0.9087273463887497,2456841.0141482167,32.967672335370345,2014.0
0.08385307345261722,0.04661084202831762,-241.41714039019314,3.20914326622221,0.04559644818589332,108.25,3.496,23.469986430077103,-9.80063333555492e-05,-0.0008013657385674833,0.0012373525208893424,-1.8453816486019292e-05,C/2014 F1,C/2014 F1 (Hill),190,0.7655135305559485,False,,,0,194,194,0.0842144023175363,,0.04708341413788451,,-241.3726382459613,,2.7652181034237615,0.04559856208553999,2.9955529668088756,0.9989771732559624,108.25224840206494,239.9013939418089,3.496318760828363,23.47039914499876,8.241717434562927,190,0.7655135305559485,2456570.333358191,,2014.0
0.11098497536174072,0.04064667417060992,-17.897580167718843,3.8877923589167653,0.12659157052392264,119.06,4.314,52.108005145811646,-7.5629789498044e-05,-0.00021830596092797805,0.002307940853714653,-1.872133451108482e-05,C/2014 F2,C/2014 F2 (Tenagra),285,0.4858155581007278,False,234,0.44790187709513635,249,306,57,0.10835080879910233,0.10921784676981412,0.042019471994341334,0.042383657666637486,-17.892944333359992,0.12847913544377743,3.815465811246296,0.12658346644054222,7.537505438581228,0.9708153259891393,119.06098355551387,267.4492055245351,4.314440329154013,52.10767639854513,86.04315140158361,57,0.8967771687769942,2457024.7951670345,1.37832597501616,2014.0
0.06893050540544697,0.032300611598970325,-0.2902235589024258,3.754378079769093,0.03780862470576137,165.64,5.469,45.84375346161339,0.0001644730393731697,-0.00012018509633549002,0.00790965838106761,6.742267612480646e-05,C/2014 G1,C/2014 G1 (PANSTARRS),86,0.44932714519312056,False,13,0.13331204753658646,13,89,76,0.06128080723894872,0.06443891057238867,0.02464308818580233,0.0305154877510969,-0.26526507047856285,0.03525691980084406,4.326978950820035,0.037797868160779034,1.9886871352036342,0.9948658623498451,165.64012994382335,337.9221213082053,5.4687033423815326,45.83632659898336,77.05750791231077,75,0.5359835253533435,2456603.1969239577,1.7434614828161505,2014.0
0.10243863418265169,0.06167735529372444,-608.705604549139,4.259470926795238,0.07396193500713956,99.94,2.139,3.541126120512525,-7.824469071660012e-05,-0.0008442653861209237,0.00048279507461284894,-1.1244058327974926e-05,C/2014 H1,C/2014 H1 (Christensen),105,0.5130933413588284,False,,,0,110,110,0.10204598555301585,,0.061560936161646373,,-608.7668485123031,,4.1819415037508305,0.07393831594154537,6.232807105082647,0.9847726171969202,99.93508811850772,34.70161321193696,2.1388879458455,3.544241907864639,169.18534021592816,105,0.5130933413588284,2456762.829417396,,2014.0
0.05196074411426313,0.06376256709422086,-93.8144206178182,4.0971957772816605,0.053028245793594726,122.81,6.203,123.89572022601739,1.173589169467526e-05,0.0007560303326670237,0.0005230174791147736,-7.869389667014559e-06,C/2014 L5,C/2014 L5 (Lemmon),71,0.46261266209997465,True,59,0.4995086758517817,64,77,13,0.05172209502979138,0.05082445035021438,0.0634001665305853,0.046367987915166914,-93.81842031556764,0.041573535093112395,4.141385938591428,0.05302558712365791,2.6146119667568364,1.0026548941685898,122.80589002655817,35.68422213258627,6.203161009224708,123.89557447999566,45.61110248524711,13,0.2926770158138316,2456987.878675202,1.644731115603845,2014.0
0.13931257080277998,0.11844566401615474,119.18275524785656,2.0596683606746176,0.07239658567570173,160.18,5.577,47.045247234246766,-0.00022461322976785603,-0.0019068887492892372,0.001420155923790113,1.8072063168617092e-05,C/2014 M1,C/2014 M1 (PANSTARRS),83,0.414670959042101,True,41,0.250189092182177,46,86,40,0.1402854312776993,0.13923416214766013,0.11925202075847942,0.11776458202890042,119.18551974970481,0.07292439095714161,3.3198606086867906,0.07242498213465413,3.765402888135141,1.0021333570695021,160.17493088087872,234.6758711108322,5.576713105564969,47.04667930072276,336.74313228950183,38,0.3579530596815137,2457261.0160990064,0.9946506846882915,2014.0
0.04891154295615727,0.04059375587380968,3.88216877383627,4.870379752706187,0.07011704832499112,32.42,6.91,64.15223186645566,-0.0001248715700615799,-0.007133051200113982,0.2418372655398082,-0.005073675297782465,C/2014 M2,C/2014 M2 (Christensen),61,1.5793245712209856,False,47,0.5815149928058972,49,63,14,0.04925699666919869,0.28739044283598764,0.04009219681828716,0.20076631440691622,2.9637175203663446,0.4863032140778952,4.859910746115962,0.070493725914324,3.2982497642939554,0.9926203323606848,32.41162764396795,245.34074314386186,6.904579920389981,64.35395895092019,40.52287433484752,10,0.22800346951003692,2456851.128620142,94.16329613001996,2014.0
0.04549639552643032,0.16220987747089669,-525.1195317601888,3.081470909895747,0.14867319018530592,133.01,2.184,77.57775854532221,-5.7481991496355356e-05,0.000382355636986631,0.0014546985067566786,1.9539915914190686e-05,C/2014 N2,C/2014 N2 (PANSTARRS),47,0.40342066862609927,False,42,0.4093385886826815,44,49,5,0.04542760937274726,,0.16225496798007194,,-524.7983878587363,,2.018968339686501,0.14865218011379264,12.352819563320969,0.9994848642729433,133.01357929776418,143.8047093878784,2.1844210463672242,77.57876675762331,237.85966039964188,,,2456938.7285231305,,2014.0
0.06189885265195341,0.06550665811525125,434.0843280779363,3.8484550292144677,0.03451639556707902,61.64,3.882,161.56284172168995,-4.949771759332755e-05,0.0009118163314241201,0.0009748735273589406,7.519282061885235e-06,C/2014 N3,C/2014 N3 (NEOWISE),1528,0.5656019647405778,True,379,0.3724910824203327,397,1589,1192,0.06087728019035167,0.058793896302876264,0.06501524396823619,0.06651965774452377,434.01736551167676,0.03331974566620996,3.303311688582077,0.03451826313528154,2.1507552493467075,0.9992815185666245,61.63915976970173,19.927539484608182,3.882238423041629,161.55968298154124,353.56434433214906,1124,0.4782166414437477,2457094.699772038,1.9129865206711403,2014.0
0.10649609569627028,0.041772209332331056,55.86994298442854,1.2636273935795617,0.07262000082517685,81.35,6.244,59.98904661894953,-0.00010016546886770783,0.00046666637422276835,0.004444621762955978,1.0750208028653674e-05,C/2014 OE4,C/2014 OE4 (PANSTARRS),1758,0.499733373416174,True,768,0.3921683598449251,803,1805,1002,0.1097374014189382,0.11058812243690373,0.04616054482342632,0.04415265301684476,55.82338967659975,0.07429864921046839,1.0702690982085137,0.07264136187728626,3.568873090319338,0.9996255775689904,81.34771513208644,240.39674901573906,6.244393659354533,59.98829881378836,65.75051209508264,976,0.456982848603303,2457733.379400823,1.4359844483820587,2014.0
0.03932695094416155,0.06935132244926347,411.8970132643981,3.336045148401671,0.06459212545635054,43.11,0.315,71.86486520848878,5.2430169052652964e-05,0.002623273106124202,0.0023299198716474536,2.393729306565673e-05,C/2014 Q1,C/2014 Q1 (PANSTARRS),656,0.7650904959025219,False,443,0.4187301466750414,453,717,264,0.04238701415363039,0.04006963258251673,0.07141266749524493,0.07332091088986402,411.9070998166069,0.06846934669933204,4.364090026902014,0.06455969769296777,14.131484291711548,0.9997746882191032,43.10934444426835,8.761447335001531,0.31459568057002124,71.86752349472751,120.04955779561183,242,0.7369940614729802,2457210.011069933,16.015104345894674,2014.0
0.06418350518484114,0.0974050842032294,562.771902639113,3.990138230856904,0.10363683087525646,80.3,1.29,112.58091752520524,-4.3661708823306e-05,0.00011433045465025771,0.0020006225238518175,6.415323907460468e-05,C/2014 Q2,C/2014 Q2 (Lovejoy),7815,1.1305927231975694,False,3180,0.5246562588711494,3384,7923,4539,0.06488911388417105,0.06482968736531586,0.09841750607165756,0.09897883486009244,562.8081042804381,0.10641905036766436,2.7160525876083597,0.1036888069728637,11.212735810969475,0.9977301903268041,80.3014161448362,94.97587508922446,1.2904223921204665,112.58754534061471,12.396974600168301,4068,0.4502741893879457,2457052.569249606,6.068911546358249,2014.0
0.022037126670565985,0.052575165460688196,198.50160562384372,3.1083921166613777,0.043724584043883255,124.82,2.223,142.31958891542132,8.375970413732059e-05,0.00044233686088546165,0.000782181139326644,1.4169676103570339e-05,C/2014 QU2,C/2014 QU2 (PANSTARRS),67,0.27627435233623454,False,,,0,70,70,0.02213584190472825,,0.052689925134510325,,198.47540865172505,,3.012154127943243,0.043714514719494627,3.60745116122855,0.9914098594595122,124.81870120187598,332.9985194689253,2.2233236445824884,142.317305211375,320.4709074546707,67,0.27627435233623454,2456848.4122342477,,2014.0
0.050641418736699355,0.026178341721400423,87.0004964395504,4.2542187768687105,0.07680716253750783,49.8,4.223,113.15200232075233,3.639833296109618e-05,0.0010685647719483882,0.006948714279869256,7.733588040004236e-05,C/2014 Q6,C/2014 Q6 (PANSTARRS),34,0.29156091426720365,True,34,0.3175462956835896,35,40,5,0.04510661371616876,,0.03194822358029856,,87.0041635325803,,4.877054915796077,0.07678629670380138,4.587433194768143,0.9993852150147489,49.79787257001898,326.65585764800176,4.222783844681865,113.15010165019842,2.5279001543210193,,,2457028.88480556,,2014.0
0.2343113216174219,0.12746922003636138,-669.1758575956837,2.383774087322431,0.36176514028307377,9.93,1.345,53.66059203531141,3.8694467402788923e-05,3.925931081028011e-05,0.0019007040786037167,3.160973819626989e-05,C/2014 R1,C/2014 R1 (Borisov),520,0.9065515796353778,False,163,0.42597272960962673,168,524,356,0.2335741163440207,0.23334945975187613,0.1283787055707314,0.13194342945519286,-669.2854563944438,0.365278559633852,2.3576048225355306,0.3619369171918978,38.39413946739751,0.9925380765536597,9.93294722963351,104.05176157758311,1.3454629089662613,53.65839208189498,55.65103130539394,343,0.5732754910853154,2456980.740023555,17.225431498569648,2014.0
0.028676732520472224,0.06135675644366403,52.34776899435052,3.5007088514313884,0.04453746401878643,90.84,7.276,65.69285317083951,-7.775181134583864e-05,0.0014890888471938979,0.006725149529820125,0.00018638431038642267,C/2014 R3,C/2014 R3 (PANSTARRS),818,0.4922916152240474,True,260,0.30462271290553405,267,836,569,0.03165507383756702,0.03167792660550487,0.0670833212062107,0.06749634156734807,52.34961741165944,0.04499840181697107,3.3991458469321016,0.04455645076883428,2.0282343563463807,0.999402550781616,90.8411698349043,334.106813944295,7.275832132291032,65.69502593948175,113.43271051353842,557,0.5419650130470364,2457608.732276062,0.7796839848934772,2014.0
0.04854786460354185,0.2215798436180186,599.6093699984325,3.9541762161790652,0.2617475438444729,42.41,1.818,113.32893513964986,-8.220086365140489e-06,-0.00019392188470845895,0.000967500557539206,-5.803984471697277e-06,C/2014 R4,C/2014 R4 (Gibbs),129,0.7555751717416197,False,70,0.7557970063669931,70,130,60,0.04858733438563551,0.05297305800682163,0.22153031750464025,0.22261075555472096,599.608565188119,0.26621346126977935,3.947695361540959,0.2617354997320318,23.840372873995456,0.9994205244615451,42.411384018775514,279.52985148191704,1.8179605254304942,113.32907540212544,180.84000659869804,58,0.6837976203612881,2456952.014620156,4.8825798797955,2014.0
0.09180579486315497,0.11297890679405145,7.3622136343534805,6.894715360555193,0.02980744529030132,123.8,8.137,138.67017035677623,7.743565264872743e-05,0.00039311759462634654,0.0003714045828238035,4.313064820848922e-07,C/2014 S1,C/2014 S1 (PANSTARRS),45,0.4609028433087116,True,,,0,45,45,0.09282749619150087,,0.1139975811932475,,7.359566375653664,,6.932669399312733,0.029805270616011372,1.2827549994827392,1.0008606782873848,123.80452549271152,352.66009316039913,8.137341542546132,138.6697739253002,288.82731362036094,45,0.4609028433087116,2456595.827652193,,2014.0
0.026314182754859663,0.6279305931842051,-238.5817193515877,0.8901742254284551,0.6204620285036356,64.67,2.101,90.70625337508088,2.5978795442860303e-05,5.852290993857423e-05,6.383436693705961e-05,2.8739316435544282e-05,C/2014 S2,C/2014 S2 (PANSTARRS),2810,0.8321810467073698,False,1388,0.6137425687665112,1405,2947,1542,0.026470801512684272,0.02763078481777603,0.6270171021135771,0.6297727297358218,-237.01609267443928,0.6280755841869057,0.9850874969215344,0.6206736956793788,52.741239418015915,0.9876522334803173,64.67043911128295,8.122321219804508,2.1006714499823604,90.70711827905556,87.80660944042295,1463,0.726976298566659,2457366.2975684353,6.065242179096555,2014.0
0.15326183546739164,0.11414586192910647,90.03145394652302,3.849645342927709,0.2674072377089099,152.99,2.556,93.07602680867309,0.00024932294642032726,-0.002170071070395352,0.007431553305016202,1.769315245647718e-05,C/2014 U3,C/2014 U3 (Kowalski),51,0.6389212706734415,False,,,5,59,54,0.14699642965859158,,0.1204131902660303,,90.04152637162406,,3.874111352805194,0.26739638496119505,20.570471642243817,0.9935717655738613,152.9909890098213,163.5531391219812,2.5558397593483484,93.07614994186503,51.068587206461736,47,0.7254829115558068,2456903.339189957,,2014.0
0.11223033457269356,0.13674681258950272,-14.07438634325424,9.094655977003837,0.03467772456144212,95.44,10.937,50.42543362793262,-0.001193667792794062,0.09553422198341366,0.17750745048330616,0.0006924339511069633,C/2014 UN271,C/2014 UN271 (Bernardinelli-Bernstein),2252,0.4061958081515731,True,2252,0.4061958081515731,2310,2310,0,0.1278818756605111,,0.1546396485179343,,-14.06879499146136,,9.224512976230539,0.03468345450001051,1.2875768621991155,0.998065649615019,95.53211318667175,190.05852091262696,10.938092357184656,50.42823103902483,326.38342446718946,,,2462892.110318532,,2014.0
0.13609449088213504,0.24890277729044316,311.5493941582206,3.657186212644064,0.34729351391614627,82.0,2.67,76.48545090601442,6.516327115335674e-05,2.878861442923153e-05,0.001730139528919155,5.355885724522835e-05,C/2014 W2,C/2014 W2 (PANSTARRS),3348,0.7706641489884488,False,1567,0.41425304759406156,1605,3372,1767,0.13423766748590435,0.1364936590216999,0.2508040895023413,0.25348384219132586,311.45731706617835,0.3528005444640697,3.1263258554082434,0.34724129532872644,26.11361420820146,0.9983825143519348,81.99859097687916,69.96289255269947,2.670242435008152,76.4850208510765,85.0111677373013,1708,0.46958410903343056,2457457.9832376125,5.470660881867351,2014.0
0.15475918877987485,0.14209690094901753,-696.9008055042901,2.0814442309526795,0.031955014829187986,90.11,6.066,101.11437320489914,-0.0002844862651556479,-0.0015068892636094233,0.01250805137554097,0.0005237627708751802,C/2014 W3,C/2014 W3 (PANSTARRS),46,0.4496880306397034,True,,,0,47,47,0.1675274141476561,,0.1546183830400187,,-696.7603039691688,,1.8042266456044584,0.03196498001958573,1.593219307803545,1.0066748352343593,90.11136428071894,286.3729614910577,6.0667240089314,101.10919046786618,158.9288230340353,46,0.4496880306397034,2456715.702695826,,2014.0
3.0155298939040707,0.6078859850038543,-95.80288803638541,1.1148371282684075,3.6233771440562714,145.49,2.399,109.15083091605372,6.71696891799689e-05,0.0008905231656513024,0.004472276837938808,0.00010505864419130262,C/2014 W5,C/2014 W5 (Lemmon-PANSTARRS),51,0.3345283637598647,False,51,0.3345283637598647,59,59,0,1.0736733741836915,,2.0444827931402525,,266.24374068043835,,0.8335226006927471,3.116175119187873,248.1315349254091,0.9791937790005985,145.49371309821885,245.33940385794577,2.3986316217308272,110.82809254538158,281.2542613293358,,,2457429.1109347404,,2014.0
0.1957367952919001,0.09674742842274157,103.8417463845939,3.4328006791850814,0.2903207647960853,53.56,3.088,51.43445191081077,-0.0002082512593710728,0.0009694593224836012,0.0012612203658668806,-9.166406648830616e-06,C/2014 W6,C/2014 W6 (Catalina),126,0.5310933126479318,True,109,0.637423845259201,116,144,28,0.193936393676664,0.19346064206649796,0.09868626364342438,0.1070946669248634,103.61098155394521,0.29797140803083927,3.121774976530289,0.29031188518471984,20.28354157593155,1.001533287812753,53.56526779216944,338.130254257908,3.087616222717012,51.43686524714899,209.85577945403293,22,0.39870636234670287,2457100.504997938,0.9798334805442049,2014.0
0.07426668119178453,0.05158767482863304,18.241124241431862,4.286455789744336,0.11145655423325782,41.11,4.899,127.960701221121,-9.92483294308677e-05,0.007557632041098827,0.010794211248081121,0.0007835369699709105,C/2014 W8,C/2014 W8 (PANSTARRS),32,0.31684703209893605,False,32,0.31684703209893605,32,32,0,0.07398113709919749,,0.05177342837358625,,18.385163058034493,,4.2643440713519265,0.11148493909080472,6.186175855685481,1.00103585283468,41.11858656223651,224.56122658733764,4.899413693843969,127.97040611177472,230.77133410911605,,,2457287.205177499,,2014.0
0.029522721817674888,0.05324825058046,28.795249053063575,6.953673900707708,0.05622356637617481,83.31,7.657,123.22643889352977,-1.9536756862725824e-05,-0.00559508199847869,0.00710694834368949,0.0002844453580852502,C/2014 W10,C/2014 W10 (PANSTARRS),27,0.16765552738990822,True,27,0.16765552738990822,31,31,0,0.03575492467173895,,0.05017187186555988,,28.823874422776615,,6.735312463442883,0.05622419734361475,2.4944808362482433,1.0036015774075553,83.3037524904894,43.24466491091856,7.656840947720465,123.22971298133017,42.330958976582934,,,2457436.2123346054,,2014.0
0.09123850544812498,0.0737936640861675,261.44936662127975,3.0037120139567217,0.13099720062307188,149.78,3.01,166.26444746703265,0.00013884080485981887,0.0009496435288269822,0.002744483492568818,5.364449505051994e-06,C/2014 XB8,C/2014 XB8 (PANSTARRS),51,0.3459865512034236,False,44,0.3543926416585243,49,58,9,0.09082771141524483,,0.07721274917801824,,261.3999688868719,,2.6240337656522414,0.13100437105619434,9.279086690125407,0.9967987569551298,149.78367244612713,37.46595441435431,3.010279805856022,166.26581310248915,351.44992651192587,,,2457118.12488985,,2014.0
0.44116891888647386,0.16777905119708697,-1129.257849493379,1.0544325807143333,0.6082914287286255,14.92,2.241,17.975340774720216,4.415385932832194e-05,0.004292845473829132,0.038149473569347746,0.0009463190391496568,C/2014 Y1,C/2014 Y1 (PANSTARRS),291,0.632114649032017,False,260,0.5659488061837978,267,302,35,0.47813522806594877,0.47911691802508577,0.13134534805389542,0.13567651347540952,-1128.9256408167096,0.6135825817319084,2.1559656726928087,0.6082738353294624,49.902126949150414,1.0021474498760092,14.925581452167298,19.479126289120725,2.2419224719889916,17.97994969210704,182.2651308205288,34,0.9985756234290991,2457405.1537130033,3.4978648167198436,2014.0
0.011158690861743328,0.057286872025223694,29.79510244257358,3.0873837332579894,0.046611898163130425,105.09,3.37,123.7917232875109,0.00021278265854496325,-0.00011985902932565295,0.0015554218768164465,2.2707494623297464e-05,C/2015 B2,C/2015 B2 (PANSTARRS),225,0.3989235002003658,True,151,0.3234430814519592,159,242,83,0.012885010588599645,0.012047971625637527,0.059287258411206724,0.06042294182570163,29.868678440632408,0.04870606916125413,3.487563448147228,0.046605858282937236,3.1174426876627006,1.0004482960067989,105.08805178403577,341.90203659811004,3.369630313844201,123.78866385306986,284.769688208774,82,0.4610326794588126,2457515.0733033507,2.625134660665626,2015.0
0.10479476496504818,0.09856296416021285,889.7627560456551,3.1184514692209078,0.04725528573980978,94.5,0.711,159.0612622153668,1.8604730523619217e-05,-0.00012288897838175217,0.001333236519776558,1.955875858061784e-05,C/2015 C2,C/2015 C2 (SWAN),153,0.9448385362005237,False,28,0.678120142061976,28,163,135,0.10488805172097448,0.07302922635916229,0.09861328978001885,0.0984451255021758,889.6379352410793,0.05256165535608496,2.997490565123811,0.047207134415887905,6.873315894288306,0.9985289085728286,94.50095069997617,49.529392469744685,0.7113967009601025,159.06487987505034,334.1353299926695,124,0.8314495917568067,2457086.06527404,82.17562033947031,2015.0
0.1417811381801845,0.10266322295299092,-39.09465552357785,3.353453508996798,0.041938997735894185,128.51,8.149,59.110762948108466,3.369166829259029e-05,-9.798014929174315e-05,0.002920455698042713,9.676480252274189e-05,C/2015 D3,C/2015 D3 (PANSTARRS),307,0.5341874712885614,True,157,0.5526033786450569,163,314,151,0.14439860089622933,0.14635895825069878,0.10534013620510961,0.1056284599238894,-39.11495940280175,0.04340939136342638,3.2494652293931225,0.04193170182568373,1.80334911464932,1.0022332467871387,128.50642404456931,156.98004711924816,8.148999136589417,59.10882832531675,2.8885453226485174,151,0.4857034087803031,2457509.885663296,2.080511306389471,2015.0
0.5422923804842943,0.10128235995486154,932.9808836510229,0.9818781409535345,0.6122062131295589,6.35,1.042,87.70546070864981,0.00013755194416231742,-0.00033137997044008216,0.006345538125148464,6.134542578761781e-05,C/2015 ER61,C/2015 ER61 (PANSTARRS),2831,0.9345816253334716,False,1100,0.6664496299181609,1140,2877,1737,0.5375055557654733,0.5370748035877337,0.1067475462564689,0.10304463080409355,932.5040846416132,0.6081803667055272,1.3133942946052515,0.6117695727426207,73.59257841630199,0.9974161571140153,6.348317246080831,235.22268573539074,1.0421932607749667,87.7088199325637,68.18498355509556,1668,0.4601899405870474,2457883.4438636415,2.6953055535497357,2015.0
0.048467248743738964,0.23362345298950085,980.4879958054316,3.77987240136,0.18534709770282698,73.39,0.834,110.51851954961114,0.0001721501251937818,0.0011937979935936482,0.006010444278286357,6.516185290039722e-05,C/2015 F3,C/2015 F3 (SWAN),339,1.1814523425570107,False,,,0,356,356,0.04869882830756019,,0.23394448187824704,,980.6650470845589,,3.9188634003612712,0.18544488744159676,24.94395731673957,0.9965589139040377,73.38760552074315,31.637542624019705,0.834503109065051,110.51725501245832,57.572309659572056,339,1.1814523425570107,2457090.855486567,,2015.0
0.08515999701517085,0.08905646990505663,-426.7146765633257,3.2453761463483546,0.17234307126260442,147.56,0.78,44.61632931430578,1.74903495064882e-05,-0.0004595924783643568,0.0008341219153712997,1.537023111786162e-05,C/2015 G2,C/2015 G2 (MASTER),551,0.9915687393634954,True,227,0.41087745321611435,252,589,337,0.08598120256937311,0.08332315584475104,0.08804478068703853,0.08883740736569895,-426.7530174002926,0.1700555530992147,3.012715751360971,0.1723409413076224,23.957561889781672,1.0004125958334196,147.56226161220192,110.05908193735277,0.7798738515879228,44.613686062018765,257.45967248073066,314,0.6683084251640364,2457166.287452427,31.056886770271465,2015.0
0.1725802184134772,0.027103909291755025,-549.9997884246465,4.639179233761386,0.1983685808538187,33.71,4.967,79.08089789406621,0.00012468297894474567,-0.00010394238053379468,0.0016811885153640456,0.00017589264259054715,C/2015 H2,C/2015 H2 (PANSTARRS),205,0.8791949117432424,True,89,0.3832255215813425,91,206,115,0.17306058405055477,0.17811535152934485,0.026577803802530522,0.03043650646775511,-549.9313804854021,0.20714483937595027,4.699370497545451,0.1983434230344999,10.92534255731268,1.0036367897404137,33.70521016276005,350.69187555972,4.967297419284877,79.07962449705153,287.90932467705665,113,0.6111878082283714,2457644.7743765623,13.761452764570386,2015.0
0.07917620485358806,0.09795625199828509,27.014255196408442,5.217456575712725,0.15525533377637418,95.0,6.02,58.09921376702337,-9.994146082292765e-05,-0.004516130451904132,0.006584902071921936,0.0002597907155159618,C/2015 J1,C/2015 J1 (PANSTARRS),52,0.3261734488305201,True,,,0,54,54,0.07503974959821076,,0.10483619342743504,,26.993502717967402,,5.09717594007922,0.15527144650464872,7.770471568632129,1.003082776293194,94.99378328649642,219.99255365129068,6.0198251128459805,58.10189846212281,315.47382305130867,52,0.3261734488305201,2456838.4678155305,,2015.0
0.19267690827286052,0.01759693155792208,-710.7941710130126,3.8897668632367495,0.1753736536931881,17.28,4.32,49.54609820089015,0.0001351804384865929,-0.0009677018282872041,0.0006485786790702548,-1.0271009917239837e-05,C/2015 J2,C/2015 J2 (PANSTARRS),94,0.370296053399925,False,81,0.3896744004513222,85,99,14,0.19258752168682416,0.1836161050914721,0.017473124151958952,0.027597060313126164,-710.6990388061295,0.156117755548507,4.300805577574463,0.17541688856356033,10.413363205807373,0.9826402730701925,17.280862680490042,56.754482672965175,4.320375488541994,49.540658969819034,203.68962326701222,14,0.2737436543919883,2457274.4138603047,11.569595883186178,2015.0
0.1457076420680233,0.0667449995251199,-568.1509113293168,1.488371521132573,0.09731543344082705,29.38,2.557,81.90645734354749,-5.5905253931731735e-06,0.00028287746024702187,0.0008919668495543853,-2.5345611612159757e-05,C/2015 K1,C/2015 K1 (MASTER),573,0.5277109876650206,False,,,0,590,590,0.14667504488100516,,0.06766546517295198,,-568.217265783871,,1.4828768207768535,0.09731414582650627,7.498822779181221,0.9858311510269617,29.382011792594696,5.177026536830134,2.5574690063595447,81.90146479079164,280.19538100284,573,0.5277109876650206,2456944.0763260284,,2015.0
0.15876422252693764,0.07873703091093906,-809.6691780657093,2.665241830443718,0.11757035944787537,29.11,1.455,23.946890399877265,-0.00019288996708877182,-0.0023853128132813595,0.0024792933631453897,-5.4203397389818164e-05,C/2015 K2,C/2015 K2 (PANSTARRS),52,0.32493240123464057,False,43,0.31829260003866966,45,54,9,0.15843804401656958,,0.07821713077725001,,-809.4818052903356,,2.6673512963337687,0.11754593198014449,11.982358516718099,0.9942507040818062,29.1079610101542,223.71490604803998,1.4552274405675523,23.952488805209995,15.771402826891082,,,2457182.2966000503,,2015.0
0.11786676073817987,0.06711305070625408,-739.1841010447489,4.1981089409590435,0.05704988852609397,80.25,2.008,39.27458255551755,-8.372426393732368e-05,-0.0012391282028687556,0.0005945503807850727,-1.3625647282911046e-05,C/2015 K4,C/2015 K4 (PANSTARRS),134,0.6383786241575742,True,,,0,134,134,0.11746890774718745,,0.06683616802482942,,-739.2292646571111,,4.124848705234628,0.05702745552867984,4.942805278028768,1.0000282906270577,80.25329252249595,250.77088982591872,2.007643069141127,39.275960347134465,357.53893543793197,134,0.6383786241575742,2457144.265469559,,2015.0
0.05240505301835098,0.04350575719438649,72.11948792157395,4.060750929781813,0.0448592208873738,159.94,9.941,40.29836744920296,0.0008139616356330759,-0.03589750966230554,0.020768855101698205,-0.0006116864433227676,C/2015 K7,C/2015 K7 (COIAS),59,0.3226395984086374,True,,,0,59,59,0.06028353312074455,,0.06312678708606806,,72.11630599369876,,3.9337439306564868,0.044860871347493385,1.7471170115606207,1.0047941451121591,159.90326759873238,257.9493741125504,9.94031428141831,40.300647504525195,5.095314922745214,59,0.3226395984086374,2456343.327287765,,2015.0
0.09031828765514222,0.11907080589124723,4.903502174239009,5.041179304037967,0.1945377759164488,93.71,5.892,32.78556326541225,-0.00016956508776799772,0.0004393251967371725,0.004237546812131139,0.0003323557793404319,C/2015 LC2,C/2015 LC2 (PANSTARRS),437,0.7537081653839101,True,,,0,439,439,0.08682341522517154,,0.12211196538687097,,4.913112308004884,,5.11691114180601,0.19453752225449572,9.84231353429215,1.001105221334617,93.71072680756536,223.56698113951728,5.892378184865027,32.78086045661178,341.8773806459113,437,0.7537081653839101,2457144.466439285,,2015.0
0.10112422417118844,0.07413622673835261,-738.4202217832153,4.131081555619494,0.04600915577660114,57.31,2.092,55.91750631044576,-4.4139822792943484e-05,-0.0010666021831369221,0.0006553373278795358,-1.230367004012578e-05,C/2015 M1,C/2015 M1 (PANSTARRS),66,0.3991240772051384,False,,,0,66,66,0.10074335181168971,,0.07364479817269708,,-738.43530347042,,4.065379032910513,0.046012108870038614,3.9124294138677307,0.9945351093514754,57.30846583479773,100.29149680214842,2.091586813141433,55.92070242045145,163.98361491647384,66,0.3991240772051384,2457158.183320204,,2015.0
0.14301424874947644,0.017333727150389677,-331.8503212697233,2.5164234549502855,0.13186048349542254,65.95,3.552,72.34404608589745,0.00028279610783288334,-0.0008666178573406569,0.000620204259022993,-1.0252147018885438e-05,C/2015 M3,C/2015 M3 (PANSTARRS),141,0.3547279928342947,False,108,0.3650787917627402,120,153,33,1.1640641916656855,1.0718115617921704,0.016839097935140608,0.016708321400924445,1607.3177315545245,1.0555573927929638,1.401152740629182,1.1472365595346563,75.12076409571753,0.9735612679393001,65.95019816181872,143.09324572908898,3.552403546918568,72.90348166743823,123.76203464991912,33,0.3058548475401717,2457260.732002661,12.0444121633769,2015.0
0.09402308165483048,0.09580951212283506,55.206269937099805,3.9900590459548555,0.17068804481410527,127.21,3.73,39.92740702214228,0.00021923774133558727,-0.0010107069386293688,0.008988429956920887,0.00020953496936293448,C/2015 O1,C/2015 O1 (PANSTARRS),4085,1.3263854343153836,True,1762,0.4550415933787182,1873,4116,2243,0.10119297805915865,0.1080794548379425,0.08867706375312273,0.09250957602564443,55.25591051783635,0.1825634601560476,4.612638859530784,0.1706639182230385,10.848504483861166,1.0002135104299594,127.21006750928727,299.8511612932709,3.729847863116241,39.92715040556613,89.5820916900788,2146,0.6327469974602818,2458168.5294216713,16.10413339812452,2015.0
0.2885959342518138,0.0604045199829906,-1486.3868667851793,3.1726616215939805,0.2283871374262172,58.18,0.715,33.66887614196388,0.00014465310546030175,-1.3377364020072946e-05,0.0031617137556717635,2.358558219217599e-05,C/2015 P3,C/2015 P3 (SWAN),122,0.5880052480088417,False,,,0,140,140,0.2879701524581742,,0.05971077248585582,,-1486.509442970153,,3.225514901973902,0.22842678868348065,33.19004712373925,0.9972453974288185,58.18369364732403,88.14301898279597,0.7152439126058677,33.66768221982788,132.87617238294297,122,0.5880052480088417,2457231.296554077,,2015.0
0.0824345012258292,0.06168476801833263,166.69852526073916,4.038302985760871,0.030781123709225127,83.61,4.903,105.17880117845628,-7.748919771988216e-05,-0.007635306428880995,0.007722215471375929,-7.3875023334224466e-06,C/2015 R3,C/2015 R3 (PANSTARRS),40,0.5108438271610701,True,,,2,44,42,0.0743656900638528,,0.05390416572689515,,166.6909280543787,,4.454027199283278,0.030783702794380828,1.7068150871996934,0.9986022303340036,83.60236420433665,36.419955661237466,4.902896495938726,105.17692111832608,272.01375566629156,39,0.5574664052322998,2456700.400198235,,2015.0
0.019823479810385965,0.01071462878872148,-8.188430990725237,6.861942668363417,0.028797916772813514,124.54,6.935,142.04133868769398,-0.00021251791341692083,0.005551219020333065,0.023164487285015332,7.919389678434641e-05,C/2015 T2,C/2015 T2 (PANSTARRS),208,0.45120856308787066,False,141,0.3726602495279295,144,216,72,0.03912109689403211,0.039271068322429645,0.012108991823277578,0.011242872133165192,-8.201512024218005,0.029648009504610426,6.316453184945255,0.028800021343530404,1.3434808562867373,1.000176524789019,124.54874663829834,51.06182767664624,6.935363387584655,142.03988153168982,30.7521861397458,68,0.5471666418009002,2457894.1075657723,0.9305996225128076,2015.0
0.033624183016188525,0.2702727029400348,990.7907696056243,2.082794746704286,0.2407902797338378,11.39,1.413,71.84911107414494,0.00016311749332942327,0.0006330149543796182,0.006874525329856823,-0.0002160156267023705,C/2015 TQ209,C/2015 TQ209 (LINEAR),382,0.2956123549435507,False,381,0.29325359869303036,405,407,2,0.04129547203196618,,0.2800641448424073,,990.7308440053123,,2.0880004867670974,0.24068350095980282,24.86559647956429,0.9990867925424153,11.393327372072939,224.0832880577824,1.4129268352460347,71.85443980391042,281.5127527230625,,,2457628.09627936,,2015.0
0.034789224275350174,0.05990724199887411,-131.24187919139126,4.247797768988196,0.047949491049203846,139.23,4.267,158.9337845556474,3.590642517914411e-05,-0.00046250817933923827,0.0032376093406061945,7.78378085950493e-05,C/2015 V1,C/2015 V1 (PANSTARRS),2113,0.48318664839648734,False,1794,0.4245805671886187,1869,2181,312,0.037152457718191256,0.03782769991362252,0.06049193918958488,0.06035896737200604,-131.24278266734711,0.0484554820583197,3.661297839890754,0.04794790981039365,2.8510980346231896,1.000590546642154,139.23002460837995,197.19400331566854,4.266782042689147,158.93682922044414,179.646619052358,307,0.5651875276969318,2458105.3036551066,1.456169209005073,2015.0
0.1893478448362046,0.07792401110813779,-587.7406552170905,2.7378875195885732,0.2539159231691752,49.87,1.637,25.591258885955785,0.00010567341240808048,0.0015336103015428648,0.0021391398688961672,2.7230765642816124e-05,C/2015 V2,C/2015 V2 (Johnson),5451,0.6870107484331915,True,4926,0.6079598988525622,5051,5915,864,0.19036328494655144,0.19076184041528496,0.07818429854888917,0.0828547011243298,-587.7313940965854,0.2598176951967903,4.28825575597836,0.25390036114726,24.362069715473154,1.001808287942504,49.8763452818379,69.84918454231521,1.6369772838366679,25.592318927032444,164.89875099461426,830,0.4931546216115632,2457916.847458616,8.140425591380561,2015.0
0.02865540356489639,0.019453934158899507,98.8970910497062,3.9954333727966356,0.04366845342628028,86.23,4.236,145.76590781948178,-0.00010444141168575172,0.0005143574395987116,0.009167578029150124,-0.0001198546075489304,C/2015 V3,C/2015 V3 (PANSTARRS),83,0.5211615094784862,False,44,0.3101206767477381,46,96,50,0.021687424580397834,0.06588267843381067,0.02290896069029657,0.022423611720080103,98.92099836408215,0.0825673204084282,4.381808595131941,0.043666695580484416,2.6084663255893066,0.9947394165528677,86.2322851798708,2.3410865434310906,4.2355710682766015,145.76675519197968,0.8120964120791954,43,0.7597116437130499,2457351.366736896,36.01662771186993,2015.0
0.09189210868590254,0.3411246895141813,-549.4431355667108,2.3578914143855982,0.397746928645339,165.61,2.72,107.57810392592754,1.868979626373779e-05,-4.108146282533198e-05,9.679417449267024e-05,1.0780934199594583e-05,C/2015 VL62,C/2015 VL62 (Lemmon-Yeung-PANSTARRS),2044,0.5466838844538795,True,1766,0.5138101344626022,1830,2134,304,0.09167525012129553,0.09204801298578172,0.34141561371999773,0.34320687234067543,-549.4270315738311,0.4002997374344928,2.2544158385879154,0.3978506674492997,29.613234696091965,1.0020495728300778,165.61404181503298,94.5458991273195,2.7202815598879986,107.57668851293418,128.359136067188,294,0.6024472568429606,2457994.092332884,2.1754831054705206,2015.0
0.04529892063012136,0.43424476411876256,840.1909880697958,1.7667270068080951,0.39727714367171324,134.13,1.377,107.49106706110663,5.5429166772036353e-05,-0.00023636622643152805,0.0005229225779223431,1.6962437056511348e-05,C/2015 WZ,C/2015 WZ (PANSTARRS),359,0.7341004687260735,False,52,0.23686441483400317,56,367,311,0.04557405641862892,0.04612476413013689,0.4337694863254519,0.43300705044216015,839.5829802190665,0.3942574593055555,2.457147380469696,0.39741296712134294,41.66543749889593,0.992929235231306,134.13470126826346,40.04541031605152,1.3766547638637805,107.4880160375702,66.70985727111449,305,0.7576837977737425,2457494.299250023,7.610302152517591,2015.0
0.13078960690096664,0.14705983779204967,452.7904880828877,1.6726552695287964,0.14447152920675624,87.32,2.232,84.81583486152338,1.3572679826712175e-05,-0.0015816129186561056,0.0023480056485129432,-2.995127511518092e-05,C/2015 W1,C/2015 W1 (Gibbs),345,0.5948029624824432,True,343,0.5906005696288054,349,351,2,0.12981089562469633,,0.1486419520762411,,453.0365205462126,,1.992857160565202,0.14466054640557993,11.88811082217712,1.0013005730235938,87.31656893893052,114.31463258376198,2.231852630054323,84.81021550677532,48.11592119774009,,,2457525.694172296,,2015.0
0.07543269128601851,0.06289218933564451,-24.93341001870486,5.685577589117142,0.03199257735820171,148.85,7.928,127.23165061671342,0.0001616069866516856,0.001362647802494621,0.0037528199688359938,4.560507835282834e-05,C/2015 XY1,C/2015 XY1 (Lemmon),731,0.5929458666778032,True,412,0.4648611771311466,423,758,335,0.07199093206752727,0.07172992913878232,0.05915176953432196,0.05789421734198503,-24.9327144232109,0.03221098512602918,5.50672527369781,0.031988469338616,1.3947834027385821,1.0041806809763918,148.848133745715,281.61671661132857,7.927999877411492,127.23930477322732,196.3511935463527,319,0.7409540630862809,2458238.4648742136,1.3587841477104836,2015.0
0.07835310631991958,0.09243290149571698,-22.37559765882841,4.849187475003125,0.044401969493814024,124.28,6.802,101.24303282962792,0.00033754284088804987,0.00665900765991978,0.000711619476909511,4.4730874506626606e-05,C/2015 X5,C/2015 X5 (PANSTARRS),218,0.41541575487892546,True,146,0.41133751854280853,153,227,74,0.078163126425527,0.07791944061065965,0.09268266938260938,0.09316034662272085,-22.381921355352475,0.045078035297139246,4.827449998785426,0.04439785469748517,2.090064147173989,1.003380720116112,124.29119166098242,122.31474382025696,6.801790678664847,101.24369282927398,27.752288436815185,71,0.3852636321527844,2458118.5351867885,0.589904990221071,2015.0
0.043847515753075654,0.1785602684748652,178.32691476457256,4.057663246039112,0.18829157227759255,57.58,3.685,82.93717270623854,-0.00035348014592573307,0.004418232489292961,0.009185271535988991,4.8355031571745144e-05,C/2015 X7,C/2015 X7 (ATLAS),613,0.7031413804108516,True,216,0.5621303188881691,225,628,403,0.04949760403219556,0.04947424750030092,0.1697492167228039,0.17248937428255753,178.39723494456905,0.19127184022607907,3.6823928641371313,0.18831332837144854,12.043778680467115,1.0015368787056662,57.58334296835719,139.88275376422274,3.6845978929658556,82.93409429933959,348.48005991371133,389,0.6747882433506024,2457599.749695394,2.4778784650056296,2015.0
0.1326471363585375,0.1703357957923631,269.6193838257059,3.9389983815331147,0.2740092799319248,71.22,2.514,66.54253488298865,-7.997997845243798e-05,-0.005563072428785176,0.002555589012900428,4.8748785346663936e-05,C/2015 Y1,C/2015 Y1 (LINEAR),555,0.5216351180035084,False,541,0.5208960670141524,562,581,19,0.13391836599679546,0.13390948312483797,0.16912954579478226,0.17269426076365496,269.61293969654434,0.27839114607505844,2.857291171962802,0.27400374315509457,21.270329963479146,0.9913053947726783,71.21347167141346,135.7749093189397,2.5141027967072067,66.54467561586749,24.708930232000277,19,1.0381247958905184,2457523.6837071828,1.3368421573800857,2015.0
0.08113289528223849,0.11460046251646584,91.34516519718034,4.764771102495778,0.07721793679694136,121.19,5.328,89.25327659207112,0.0001331900098393568,0.002350050028212536,0.0019984619675480434,4.209346034578232e-05,C/2016 A1,C/2016 A1 (PANSTARRS),2067,0.500659018988808,True,945,0.44536824358810445,974,2174,1200,0.08220844243495723,0.08206204049740473,0.11659858857216131,0.11752932287526068,91.37014688866807,0.0784286362248069,4.916555933202568,0.07722831607406268,4.107625291034485,1.0021009424863454,121.18775546866271,128.17511165727467,5.327804422578962,89.2482033483687,10.322402671402253,1137,0.53741914952583,2458080.870897248,0.8285398289210544,2016.0
0.03930556852934312,0.26297739020191213,-32.49064300964119,2.9751562412474026,0.2404072449993669,40.33,2.947,112.3103691242969,-0.0007627370426492863,0.006393588912068537,0.010110831392513847,-3.609978447549622e-05,C/2016 A5,C/2016 A5 (PANSTARRS),43,0.24124435449813839,False,,,5,46,41,0.04386806941159565,,0.2569540037301801,,-33.047048538404624,,2.35237908061704,0.2402401230549426,17.1997544892054,0.9965412338264433,40.333442279508446,136.2173609167276,2.9474140757884655,112.31627697386422,321.61650309961306,38,0.22760369485576643,2457201.8266858575,,2016.0
0.10293046391115865,0.14330976637249274,206.05935115615011,3.87725287080949,0.24107869963010684,120.93,2.413,67.4282999940066,-0.0007533711660483444,-0.0061530834484671,0.015476305325237633,-0.00027182905547640246,C/2016 A6,C/2016 A6 (PANSTARRS),40,0.42798504068496185,False,,,0,42,42,0.10319789231393056,,0.14337777566042859,,206.30827576519732,,3.887291313664525,0.24138845696616026,19.12925272570113,0.9898464604973362,120.92803202022493,300.25513761243644,2.412650984265426,67.41531971632833,141.1042220136519,40,0.42798504068496185,2457332.4250445897,,2016.0
0.17643953039194282,0.0978633225463446,-189.64803169388688,2.8387232779430254,0.26443044508922436,50.48,3.206,24.055150554498724,0.000165156938310429,-0.0012101349962634345,0.002614875829461162,-1.1484068442424444e-05,C/2016 B1,C/2016 B1 (NEOWISE),471,0.6996495487610505,False,90,0.3481913343076811,96,476,380,0.1797164174767442,0.18493959657050923,0.09451969175960699,0.09641779240228103,-189.61185200996533,0.27191168168157953,3.7616273369971296,0.2644097557438189,18.17339470452361,0.9925599267821409,50.474949333704714,231.95372871812484,3.2061873718875495,24.05974924694905,8.557135134233794,369,0.5487223593886558,2457727.2169246264,13.927612299999407,2016.0
0.16624515688158892,0.12437746241563502,-201.11389062025012,4.00735105344393,0.04867362042818125,56.18,8.463,62.91959128147671,-0.0005108339945456564,0.0003189704045851727,0.04510532231500341,0.0023109962896583625,C/2016 C1,C/2016 C1 (PANSTARRS),231,0.5266916346734278,True,,,26,239,213,0.21081485723114451,,0.16874682305046082,,-201.15749649673884,,4.246503255004415,0.04868448736956172,2.0544676042439365,1.0046134136255713,56.179206687018606,181.78031448813027,8.464956175690926,62.919909485406194,328.7843217376885,208,0.5644658361153175,2457437.796301109,,2016.0
0.21680922178862352,0.04159178089684319,-248.13670371954066,1.8282961611547632,0.2570136229586935,131.89,8.177,25.498649537222363,-5.348257329718109e-05,0.0014777026690353523,0.06374978934880413,0.00039956856393175144,C/2016 E1,C/2016 E1 (PANSTARRS),157,0.3639223826292681,True,115,0.30438103721653975,120,166,46,0.16877662790954318,0.16809604311275853,0.10434415600249787,0.10298831886907978,-248.12779849250617,0.2552588787117247,1.1149600751422166,0.25725212529234914,11.044886821243708,1.0031027145096287,131.89211890699983,233.03667892360943,8.177217739369038,25.496213179648564,47.35550634630011,46,0.6059461496460686,2457905.6236665547,0.7773965986421317,2016.0
0.10163658086014683,0.11199984851652789,-280.72895054594557,3.5314300516633295,0.2131853735163518,136.0,1.075,38.34803309150657,-0.00014538315112067046,-0.0008170682739034874,0.004309227432569541,-2.5825515924227105e-05,C/2016 E2,C/2016 E2 (Kowalski),109,0.8142595474413435,False,,,0,110,110,0.10177683549528947,,0.11185677820065827,,-280.6212738860095,,3.624984674174228,0.21319469386060247,25.241613463575096,1.0000810458725573,135.9963393345582,186.66487171364264,1.0753572989036377,38.351452511452656,321.9670448985667,109,0.8142595474413435,2457425.182206543,,2016.0
0.11326493930348482,0.13513194147548682,-179.3839801287722,4.009841656050207,0.24837540443327316,130.35,1.519,43.329001936869815,6.45848541398486e-05,-0.00038484261770577177,0.0045925085207769,5.9715995627485086e-05,C/2016 J2,C/2016 J2 (Denneau),83,0.9704174495922695,False,16,0.1434770138387163,16,88,72,0.1173843743065327,0.12979879000901134,0.13097825077144834,0.1458240049354492,-179.4239750661413,0.27560384490130146,3.1891308607717304,0.24836256794282563,24.73999120644231,1.0007135608335078,130.3462137093355,186.18311489535682,1.5187897939472566,43.3329843653109,318.4823574095246,67,0.5947429787102486,2457490.4767769785,56.3145061676842,2016.0
0.0859417952036376,0.039793190277936076,2.7820157788270024,5.09932004886219,0.058092911646999264,104.63,5.4,72.29477110762754,-0.0002174995788373213,-0.000292116083073779,0.004115752320891221,0.00011218185446004725,C/2016 KA,C/2016 KA (Catalina),77,0.5742352125581097,True,,,0,79,79,0.08206588495142352,,0.03844295353515877,,2.778880167843056,,5.085949378011638,0.058089375944159125,3.0696054642849333,0.9987385421354601,104.62894271968243,317.55416892702357,5.400592282760695,72.29485699816942,63.0919370495415,77,0.5742352125581097,2457419.7488043513,,2016.0
0.08570704993227032,0.05092619755639358,-348.4504469955993,4.13632480030404,0.03671785776937679,90.85,2.292,105.55618683969101,-5.9107026309623834e-05,-0.0010368120428410066,0.0005019517381081419,9.105586904478713e-06,C/2016 K1,C/2016 K1 (LINEAR),306,0.6607033096558197,True,117,0.48299582270763647,119,315,196,0.08596671354936786,0.08727464877612778,0.05109003907777148,0.050544042645635154,-348.4440758593689,0.03794470005013822,3.5464678246724297,0.03672818463713823,2.9790894481977817,1.0002150331368245,90.8449606280874,325.70173221686446,2.2915309080224664,105.55853691380345,18.253481390859882,190,0.7242804167023504,2457582.8787411596,1.5344760702978946,2016.0
0.18676662533984614,0.07206112515692877,-409.22076803770983,2.8942591932521617,0.23524028452463577,90.99,2.21,70.17093126074239,-5.363563343130373e-06,0.006702570656869966,0.010890042699184825,0.0002365409816653674,C/2016 M1,C/2016 M1 (PANSTARRS),3402,0.734760257433223,False,2692,0.47414052326551537,2797,3529,732,0.17468574495803582,0.17716938272645685,0.08284460842489058,0.08477239174967545,-409.1497713871854,0.24059827279865884,1.3638165295825002,0.23524988465159513,19.434326688030254,0.9990661136130757,91.00048365944714,92.20323663279828,2.2107362403194455,70.16961604064784,209.83590886751148,715,0.6379726838004722,2458340.67661828,10.192255194290958,2016.0
0.07167996492728519,0.03818409514591211,46.70224339651443,3.720208155264274,0.033693148834402706,72.56,3.199,113.34260118197952,-7.321236341917281e-05,-0.0005120725063960663,0.0006315220862452822,3.6578483511018334e-05,C/2016 N4,C/2016 N4 (MASTER),2046,0.7795662112078879,True,1007,0.44991336957128053,1033,2061,1028,0.07204452861018573,0.07283355312826237,0.03853935747436628,0.037877471211666146,46.77963594943989,0.03602712767678034,2.755871530529286,0.03368963778461927,2.3126216265688844,0.9993203785756871,72.55672908939624,354.0299574094576,3.19915741850834,113.34122289929293,55.95483814363321,1002,0.540350931072236,2458013.09578064,3.787345853279801,2016.0
0.06768989919020281,0.0935263278339286,452.2135390097171,2.7336016956499005,0.027038927530724732,105.83,2.669,86.52459595165669,9.528929592517166e-05,0.00038745987679078553,0.0016137420713123207,-7.282904691319203e-06,C/2016 N6,C/2016 N6 (PANSTARRS),2959,0.5334942088310958,False,2216,0.3395168800900776,2342,3066,724,0.06951215607625076,0.06853195364323503,0.0951232751777679,0.09695285635194031,452.1836127054097,0.029070125685151067,3.1905909695710997,0.027034735327466364,2.0321780067994086,0.998747149948361,105.83080797886728,298.9769922299584,2.669109094895411,86.52772317082656,162.80454286179622,693,0.3652976530445606,2458317.704099304,4.153281886954754,2016.0
0.06948362906726172,0.055691364775040046,-358.7604408848333,5.398056616757809,0.04175328557056424,29.93,5.892,103.41356507034358,0.00017290591255514354,-0.0014031691593920925,0.0007995080940323624,2.4652088975507525e-05,C/2016 P4,C/2016 P4 (PANSTARRS),43,0.20575842565240995,False,41,0.25030988209187577,41,45,4,0.07097854151905784,,0.05777626159648001,,-358.7507700120109,,6.041538547795017,0.041752673710439184,2.1218904512906662,0.9818768221214483,29.92570667182292,320.7848241515471,5.891901972585313,103.42045982669039,355.901167860587,,,2457676.9402985433,,2016.0
0.0016652125603129194,0.06625231750610541,26.980515357222743,6.557403517555297,0.06554470891685031,109.39,7.082,60.81431969924458,-0.0001602629261159283,0.00039182151468253323,0.008042191245184602,0.0002794536026602401,C/2016 Q2,C/2016 Q2 (PANSTARRS),605,0.671887560322394,True,396,0.6695083425347399,405,617,212,0.0073755201049480875,0.007548449037692654,0.058799776921446965,0.06083335700477081,26.98278368010517,0.06775357802887423,6.613098103655458,0.06554256395668068,3.0241042953761523,0.9997084304989503,109.38927631803199,322.29893460405344,7.082385096217923,60.815699109582496,84.50083079600158,208,0.533689344565355,2459346.1303230342,0.9074573552333254,2016.0
0.0830337760712726,0.05796827887047654,596.3502225212951,3.7005976153925157,0.07231640692283296,58.22,2.602,104.64481702477622,-0.00020801020897220912,0.00048225805860369064,0.001143712599581425,0.0001333541280446049,C/2016 R2,C/2016 R2 (PANSTARRS),4292,0.6882718732715317,False,2816,0.4429172753721675,2956,4391,1435,0.08377211325023812,0.0811709919570139,0.058921005414458535,0.06022127049609505,596.3054529099386,0.07039018819048896,2.220412553829792,0.07230429625022793,5.50675605454729,0.9960993771805363,58.224545326139825,80.56973143147214,2.6024973121464456,104.64496824042071,33.1926476755702,1370,0.5234979147765143,2458248.083084793,9.552649542491583,2016.0
0.10194166031605965,0.07888004926071446,744.7389147872545,3.380407800318876,0.06182715969589994,22.68,2.649,109.48178873781211,-1.612294811370596e-05,0.00010566041047965768,0.00024278890305842217,1.781278566381772e-05,C/2016 T3,C/2016 T3 (PANSTARRS),432,0.6184845521724106,False,218,0.5089003118475491,222,445,223,0.10221040036529459,0.1026935916650268,0.07911094033964892,0.07867072202087572,744.7935727209579,0.06250308166443237,3.7583577154662002,0.061803228461674554,4.6822730885112795,0.9813713642260639,22.67606568527678,271.74833392305004,2.6494992552534757,109.48495661371952,194.67771030440298,212,0.6394741788851876,2458003.4792352286,1.1639849733492689,2016.0
0.0561510361076937,0.05681794958733496,-646.4388111738062,4.607108501544447,0.047727209597236774,46.43,0.319,15.026127522308416,0.00010089393198775554,0.0035445085912115815,0.007684802362930119,4.690286465297566e-05,C/2016 U1,C/2016 U1 (NEOWISE),344,1.0416571053842374,True,344,1.0416571053842374,351,351,0,0.05610512287079344,,0.056695138616145314,,-646.3602886396977,,4.467248090641955,0.04777523361675571,10.380372335264772,1.0003538663409188,46.438377086084515,61.43294621048313,0.31921655337938526,15.022083525969762,162.73872956995135,,,2457767.5167121333,,2016.0
0.08605530741103348,0.1564181347404539,1225.6118597343675,2.2988269810089488,0.07121597945054847,24.04,0.91,78.51615161881811,0.0001475318757067079,0.0012898113554626889,0.001916358281653083,7.193459286680692e-06,C/2016 VZ18,C/2016 VZ18 (PANSTARRS),322,0.6471069047606681,False,186,0.5367202112316329,199,347,148,0.08687932036891431,0.08464432319549563,0.1574743262187885,0.15702209679298318,1226.3360970185877,0.07360082151721485,2.2661109870374787,0.07147224480081554,9.206851102677069,0.9954699353561114,24.03692527414067,98.95205441678205,0.9102731067297486,78.51690717071592,36.38779251700224,141,0.6244821303426231,2457819.880088001,4.938592338142968,2016.0
0.0770956137594475,0.010419860708804353,193.72802521180017,6.64194102142918,0.06795376828761338,26.46,7.564,99.82366082250083,0.000183179513156162,-0.00020154869943667109,0.0034781383435891875,-7.545349097171083e-05,C/2016 X1,C/2016 X1 (Lemmon),285,0.5600689232600704,True,208,0.43937290008680235,224,296,72,0.08044685655494872,0.08067158552876581,0.013815460007194056,0.02327088414899663,193.69785593200282,0.05920278921836415,6.189601693044451,0.0679700064211317,3.0357387704163,0.9964360286249415,26.454848770365263,256.42502594150875,7.564106029683778,99.82681563996084,224.57313682884092,69,0.6611887768697018,2458603.3824164197,0.9056349943539331,2016.0
0.05168760858833661,0.05124248750578127,108.97013579161805,8.61334393245785,0.00420235766848315,32.43,9.216,87.40262947417041,-0.00012939668185574238,3.9264430775176606e-05,0.00037320214462209305,-1.4723371574376642e-05,C/2017 AB5,C/2017 AB5 (PANSTARRS),78,0.372220542057232,True,54,0.3127031321605337,56,85,29,0.05155481439330377,0.055392896125117635,0.051098327796937675,0.06533882609098049,108.95046677143877,0.011354128428855047,8.682757684698588,0.004202700267503243,0.16997506581574584,0.9997983755342179,32.43099252314605,42.690258002067516,9.216421571824107,87.4065379419329,78.39560824290878,29,0.7201453392172528,2458167.382956506,1.0171062886776137,2017.0
0.1394903730076804,0.19953646237528713,169.96126863093684,2.821013406882367,0.12702430603500525,54.18,3.921,95.5558134086131,0.00011625364205070099,0.0010139131258384282,0.01895744256037676,-0.0002246834786538976,C/2017 B3,C/2017 B3 (LINEAR),1546,0.5568107842167734,True,354,0.5110724505024088,365,1587,1222,0.1293412203217552,0.128788636422348,0.18012870590579666,0.1829080938848059,170.2310484000762,0.1309587796754703,2.556887551528946,0.12705251941652296,7.878894188728696,1.0021712857760716,54.17879202903289,2.1772374541448625,3.92120384223794,95.55303662207886,284.74946120194056,1170,0.3972467359621935,2458517.099258867,4.318510810204099,2017.0
0.125576759908493,0.0865951236293009,-809.2387938700903,3.901976801875296,0.051438225329863585,31.27,2.486,97.51346186101782,0.00010471508402520868,-0.0010434270759773767,0.002670819206947708,3.6612272033220705e-05,C/2017 D2,C/2017 D2 (Barros),418,0.5262300131117352,False,136,0.6009452811904836,138,443,305,0.12323931018104622,0.12479663973194172,0.08370862322444078,0.0837676029175767,-809.2367918803403,0.05205256783013275,3.5403353691561406,0.05143519030090261,4.008278067884712,0.9983038415140018,31.264596496878983,331.04159821152285,2.485910976090324,97.5135963575236,334.34269881147367,285,0.48598245204061796,2457949.034076498,2.4837093711348293,2017.0
0.11896197627222585,0.14822031599588004,-458.9534403918343,4.215509057105773,0.26153463971216045,125.57,4.971,32.579815763171425,-0.0008578748134648873,-0.012417180123904359,0.007957386093662717,0.00026861604334094125,C/2017 D3,C/2017 D3 (ATLAS),518,0.6671036941761378,False,156,0.6253650320223023,157,534,377,0.11172997217684436,0.1232297495644741,0.15355703558988626,0.15362605677199564,-458.9634020766283,0.27337341732881876,2.256624598860471,0.261443440586776,14.403027965822831,1.001578516989463,125.5576213464657,186.61654359456446,4.971554597025114,32.58165900774128,340.77244902272435,362,0.6764162284746774,2457870.242102628,7.813979666189733,2017.0
1.3023958769941215,0.09773843586675518,-3998.237986080561,0.6285797534468336,1.2414465136886383,14.55,0.901,81.53716631355773,7.769918338973447e-05,-3.3229833478642945e-05,0.0015295205038829062,1.2829327678098856e-05,C/2017 E1,C/2017 E1 (Borisov),183,0.7993703926019813,True,174,0.7988581505118381,177,186,9,1.300181637135109,,0.09500241002695158,,-3999.0509998681414,,0.9543089234013492,1.240883429541479,160.5457575719456,1.0026519445062068,14.554118721961371,142.73369242980408,0.9006753448607417,81.54257721038122,152.47413741020299,,,2457853.6386372666,,2017.0
0.5588309303208452,0.07854291900120675,-783.9322179947334,3.284523401307451,0.5261499888719287,70.71,5.927,37.75248615834858,-0.00830727416226007,-0.05302315076002628,0.6606574025356537,-0.011490351958145517,C/2017 E3,C/2017 E3 (PANSTARRS),629,0.7213423481039367,True,154,0.44076204216444625,156,646,490,0.10296964076560598,0.10513771056812451,0.6276882887120249,0.6265863451691829,-783.5605944712619,0.5228447411191296,0.9014378866612979,0.526099758624565,26.556159917264015,1.004412973737827,70.65763194679076,220.7628694801625,5.915399343203643,37.75359153388713,333.6403295908734,477,0.77719060514056,2457911.747700786,3.9305888998863034,2017.0
0.14336146259156055,0.06902732913065394,-281.09607608766964,4.536426200138559,0.15363867093386893,88.19,0.494,74.70761352548797,0.0024146604631893887,-0.008651040765812468,0.09657912225322358,0.00035068519059044956,C/2017 E4,C/2017 E4 (Lovejoy),587,1.207330473917025,True,584,1.1832371664999255,668,676,8,0.14460694896770757,,0.06859658356297393,,-280.61861405712443,,4.550073092302719,0.15408319256560904,26.90733669572465,1.001377069312373,88.17818637129665,223.20173153926712,0.49392323536370686,74.62045141321083,87.14705637831322,,,2457866.8145510606,,2017.0
0.10339392033407326,0.16839954734836668,-235.59983119122035,2.7031204464391245,0.2711883349534778,122.64,1.783,61.004730175796325,-0.0001645356363225714,-0.007485724175751329,0.011859572078870626,0.0003294303833871748,C/2017 E5,C/2017 E5 (Lemmon),85,0.5662061165589545,False,,,6,90,84,0.09507986052571618,,0.17752779489954656,,-235.54656713766462,,3.97541839028583,0.2712240174785219,24.96584605446985,0.9954750992206158,122.62958626713845,206.189482906915,1.7836404684534213,61.0029766669344,306.7794994145542,84,0.685406385457062,2457550.390092013,,2017.0
0.18704713778495105,0.07357843847080138,-299.18371668085774,1.9539459521554126,0.11563982270727384,146.48,4.5,104.76079988091543,0.0001025070788274185,0.0006279938475586277,0.00037909906514643386,-1.3742138023076222e-05,C/2017 F1,C/2017 F1 (Lemmon),86,0.517128489452692,True,76,0.5377821853346373,77,89,12,0.18772074958768975,0.18884833958884367,0.07441997423887564,0.06710919813173115,-299.2088117756603,0.12244499141854241,2.8786602965017796,0.11564279439958146,6.6927644638321215,1.0042106594899374,146.48043070107977,158.7407343733291,4.49978421587237,104.76250343190884,64.81404272873591,10,0.15350339607295638,2458088.4921637354,0.9351048104392655,2017.0
0.04127681024973623,0.038010528153971455,-331.8856989828348,4.53311243595218,0.07696232186238117,42.51,6.928,33.38566464928111,0.000307482641652701,-3.991108746959071e-05,0.0392442551910703,4.3481954300261805e-05,C/2017 F2,C/2017 F2 (PANSTARRS),64,0.3134450756432496,True,44,0.3000541260084827,49,74,25,0.005755048510104652,0.006738487372866479,0.07357752823043769,0.06763425537050245,-331.9659467137095,0.0731539871807472,5.112284011712878,0.07697029344749541,3.5901354739477953,1.0055029408952636,42.507625595438974,38.66825383889556,6.927740740223646,33.38570339890149,134.94100727762228,25,0.6755285295670566,2458083.6885602693,1.0866095385742927,2017.0
0.1445469084206119,0.12935783447382762,23.351658234474144,3.1927456867121418,0.2735842712913966,159.05,2.59,9.488801479987362,-0.0002563140000106934,-0.0007616250042303818,0.00958841909066941,-6.36145868955218e-05,C/2017 G3,C/2017 G3 (PANSTARRS),154,0.3987332713285726,False,30,0.2674376320169648,32,155,123,0.15335424940726652,0.1424834757343154,0.12045015036450622,0.12060454987215295,23.30759890507852,0.262899373226892,2.6290399607435684,0.2736054378356624,20.91967628117613,0.9908016023615305,159.05094519823348,279.48349561840877,2.5904124248295024,9.4827424231729,73.09693578716241,122,0.4051633047006202,2457858.5312568434,7.383356049884752,2017.0
0.08179766396124373,0.03951638951180863,23.01424147467305,3.662380262772026,0.04871135134639272,154.01,7.286,13.688632888786904,-0.0013016888539463256,-0.0036740370597101446,0.19705612591020616,0.0009303054771976349,C/2017 K1,C/2017 K1 (PANSTARRS),134,0.5211241956997091,True,36,0.39614266791039715,37,138,101,0.1257109669841758,0.1287296564384289,0.15772811977611242,0.1579064388144719,23.02406276832326,0.046554233764391426,2.91370520616009,0.048728594104499354,2.2163088774014224,1.0007923273021426,154.0046222288477,225.64290556715758,7.286630762101193,13.68722218332152,4.006490630893803,99,0.5614439949724064,2458192.271267479,4.802395331486361,2017.0
0.1022541786441553,0.23338881525750016,1092.0318343044278,1.8772238730778081,0.17737554901717625,87.55,1.797,84.07442801221575,-0.00019524263971160138,-0.013583700272633337,0.06821084569000453,0.004366367901931678,C/2017 K2,C/2017 K2 (PANSTARRS),14786,1.513537635769477,True,11319,0.5357745435609148,11851,14923,3072,0.1482937320646512,0.15142569367721398,0.22987930682413946,0.23165317072151206,1091.752389083595,0.18581571786170317,1.568092295704937,0.17726995186043804,16.213132402698584,1.0004205372324435,87.54125824249779,88.27143610852522,1.8016505776770906,84.07052716786781,236.12889274407496,2826,0.5659964507535443,2459933.2273696717,33.7123661061723,2017.0
0.15585911750093243,0.10982258435490728,-257.23804202010314,2.6940841727944695,0.05143398432227131,82.26,7.68,66.15482706755513,-0.00016841954764057476,0.0008552755608945972,0.009736699018966401,0.0003481488519927467,C/2017 K5,C/2017 K5 (PANSTARRS),113,0.4852262833202791,True,106,0.46534780064435205,109,118,9,0.16597484910700197,,0.11963032913441601,,-257.34315373003494,,2.977343547845441,0.051445376679313336,2.278975640823986,1.0040536983191335,82.25861377334208,102.37519232562074,7.680627384918028,66.14919651042308,171.7061154606576,,,2458930.9576800657,,2017.0
0.038378160982538184,0.07202420516949899,-73.96872862908424,3.873608696631572,0.035648467598715386,57.25,2.003,147.0443770872007,5.058883809228032e-05,0.0005501518526287441,0.0006174756079689759,2.6401232497974547e-05,C/2017 K6,C/2017 K6 (Jacques),469,0.8676373242512764,False,194,0.5886658160367123,197,477,280,0.03870568424203866,0.03887007154502257,0.07232352943167764,0.071778784929682,-73.91426490566062,0.034171595743536995,3.6974450087163735,0.03563911972178023,3.093017495964649,0.9982717328393838,57.251732881798645,85.05370685663942,2.002782062120165,147.04207782968732,303.8392153402878,269,0.6254956701367128,2458121.6364642284,3.688359689561628,2017.0
0.05253230448156212,0.09585508403467047,162.91113584353297,4.808682188784925,0.10594078234411702,77.51,4.656,65.31334575226242,1.702277341075753e-05,-0.0002608946889068875,0.0037141547918467387,7.533691253147623e-05,C/2017 M3,C/2017 M3 (PANSTARRS),63,0.24257373966230608,False,,,0,65,65,0.051442727589674914,,0.09905625030588543,,162.9778036872367,,4.735305480604997,0.10592344061771188,6.067651084124843,0.9732520097427784,77.50658165425864,6.997538585336154,4.656358016802363,65.31958040391042,110.32912572594448,63,0.24257373966230608,2457871.7763875476,,2017.0
0.13610293273340904,0.2763878464280666,75.37612446094097,2.7697090260436212,0.4063784790235231,105.66,3.252,34.344981740808244,0.0004020722466051563,-0.012418182866611005,0.0899276405339312,-0.0004152269680255394,C/2017 M4,C/2017 M4 (ATLAS),3150,0.89290779736997,True,2783,0.4601170034408631,2854,3284,430,0.21835552150531562,0.22052140718828864,0.18923981069260612,0.19693395017722506,75.38319862996954,0.4161833076954251,3.257584669408071,0.40634607093049085,27.666325744013136,1.001486941851992,105.64466848468159,65.864056891897,3.2512858936301297,34.342829800233446,167.56178996273664,412,0.46825523411878384,2458501.8401104594,9.970709302855308,2017.0
0.531140167584949,0.05654719134315874,-808.4850414673541,1.5113043141246392,0.5851636218947771,15.88,5.99,91.66997880242259,-0.00011607371462840632,5.8334239529500564e-05,0.005144568058745856,7.362848396486044e-05,C/2017 M5,C/2017 M5 (TOTAS),454,0.6313794879962451,False,170,0.5536085288263776,173,476,303,0.5359338003165264,0.5376088862340381,0.05214458504414463,0.05161619427477904,-808.2111621648606,0.5860216551647721,1.535892960755648,0.5849629605732207,29.371277641050792,1.0036223511022007,15.88490180221414,216.2646343353607,5.989640778380801,91.66921180206892,92.6510045989429,280,0.5942903733516572,2458272.44395325,2.578995945872971,2017.0
0.0587021824722982,0.00770889468431625,88.48957093969466,3.775556497988102,0.06562716803525526,39.85,1.499,152.59551830302317,-0.0002473641234976842,-0.0008467581136670788,0.0030471435327052714,-1.741483497275098e-05,C/2017 O1,C/2017 O1 (ASASSN),2740,0.5229589927163981,False,1766,0.42806148952102974,1825,2879,1054,0.05916611585112712,0.059284681420954555,0.0064883054230417065,0.006710147039615438,88.46478075652658,0.06579559640366982,2.301750643321627,0.06563387800888555,6.588040754982795,0.9961781241069166,39.84756622180155,25.808192282667182,1.4986696174557932,152.59796381577965,20.905837506376372,998,0.4922317472044666,2458041.285175552,2.0820152593242534,2017.0
0.08941510142629815,0.05194715394388179,-385.4722246581649,2.7730279831785563,0.09765379517258936,50.08,2.462,87.72469778031787,6.432317519156072e-05,-0.0001918147206012577,0.0033915095625950704,3.967826700534971e-06,C/2017 P2,C/2017 P2 (PANSTARRS),47,0.24698471901366684,False,45,0.24721083154395368,48,50,2,0.09151365771037967,,0.04823948077531914,,-385.3593098820792,,3.0996891742950923,0.0977474988123417,7.65411327196815,0.9980308484203135,50.084664592290586,165.54634071016275,2.4617807215562424,87.72111226320591,132.24220474336738,,,2458094.063679292,,2017.0
0.11319767950427195,0.11287985397367539,-248.72849549172957,3.943344272462134,0.17479805483912092,99.04,0.208,106.74917908583136,-7.374074746824277e-06,0.0001640084197873648,0.002822579672865024,-2.4364298345624924e-05,C/2017 S3,C/2017 S3 (PANSTARRS),998,1.6006709636679473,True,998,1.6006709636679473,1042,1042,0,0.11304656716258474,,0.1157898300218773,,-248.5155752732744,,2.7520497323710846,0.1748227984809578,47.01009549709871,1.0000705884515462,99.038816670274,171.04235933897576,0.20842152407529427,106.75008118462961,255.89502633312446,,,2458346.448368122,,2017.0
0.05404767765072396,0.16382840474061555,-659.8365844005851,2.7971684697479184,0.1509874110255987,152.83,1.543,128.3872855657507,-0.00011386173873595418,-0.0005368332791420016,0.005643249339116701,-7.113893050902931e-05,C/2017 S6,C/2017 S6 (Catalina),249,0.8138428535307631,True,249,0.8138428535307631,267,267,0,0.05293070844069608,,0.16631514737222083,,-659.8382117620101,,1.693346790726041,0.15095702997175514,14.920274112521613,1.001293439103077,152.82627561872127,130.8708483526906,1.542859303527611,128.38921027275399,134.6889193791896,,,2458176.4325659284,,2017.0
0.06059213066029265,0.0707975274033552,0.9560461368865134,6.32804187495406,0.02684970371326383,124.22,7.614,135.7741382952882,-0.00016367430063501942,-0.0046729261472790995,0.007737881211080659,7.303676045644636e-05,C/2017 S7,C/2017 S7 (Lemmon),152,0.44377079856374463,True,14,0.5009807045912404,14,158,144,0.06674127684012024,0.10278508462037222,0.07818586860952267,0.07977975603196397,0.9432228288540898,0.026570429124084135,6.724940984766753,0.026849113893317345,1.194718626213277,1.002336141585276,124.22006963152862,262.78693405466396,7.6144811629152045,135.77423079747925,187.75426540767518,137,0.4179183603420441,2457901.3866863456,24.96978812850911,2017.0
0.02386476822938342,0.14930058263949753,56.206488056854056,4.497899213930138,0.12564449518790874,96.83,0.581,80.92073211154215,-0.0002154373962013345,-0.00555237997689062,0.017288494100496196,-0.00010817149166597595,C/2017 T1,C/2017 T1 (Heinze),985,0.9305366789477236,True,979,0.9104985846583509,1052,1073,21,0.024541829643041278,0.02484439268815739,0.1500075313643901,0.16528973377828896,56.00181912977047,0.14068054886055897,4.704012647617655,0.12552101420057793,20.22510522651376,1.0001303494058327,96.82820409607004,102.31529631359332,0.5805465539884354,80.91418756540358,96.93256191359372,20,1.2859863235123457,2458171.20817318,56.20730672562769,2017.0
0.09428460969922534,0.12821309476472315,611.9102368470902,2.7122793899450306,0.08127466884610646,57.23,1.615,60.065943966087545,9.836905408644459e-05,0.002281242446919407,0.003539655659767994,5.104831471314242e-05,C/2017 T2,C/2017 T2 (PANSTARRS),6834,1.336922889399142,True,5175,0.7380928053196019,5238,6984,1746,0.09650256623851668,0.09573786023578153,0.13024686597890553,0.13334343942731905,611.8767329775005,0.08753339834976576,1.8903041697509875,0.08125971643286374,7.8493929561231415,0.9997749671391153,57.23370509581891,64.37895715871117,1.615147004203236,60.06789458699758,92.99051014802879,1613,0.5330881313140755,2458974.4499968253,6267.793847476119,2017.0
0.07813077162383908,0.1535870065622939,-99.23094155674971,2.2711289295173924,0.12978980317540556,88.11,0.825,124.46235715295471,4.832700479895369e-05,0.0009881382798653249,0.006919998801087933,0.00011230537750106517,C/2017 T3,C/2017 T3 (ATLAS),519,0.5103049203317918,False,522,0.5267522645557808,527,545,18,0.07804025226521484,0.07737258166153349,0.14922408464378864,0.16676519738631748,-99.21621902267862,0.14542122654218942,2.813312968488014,0.12976208061139305,17.538315775972162,0.9994344134476698,88.10819021218379,230.0856955353361,0.8253342182354649,124.46058315397201,246.88684238479453,17,0.5594135783570393,2458318.6483902168,30.13482600637739,2017.0
0.10796689501306585,0.07206035792744216,-70.44569299357545,6.2921780977294794,0.1265619504011744,95.43,6.701,106.46862380749879,1.6050774885201236e-05,-0.003073795319664896,0.000750283839043128,8.189303612127219e-06,C/2017 U2,C/2017 U2 (Fuls),58,0.4144349815606604,False,,,4,59,55,0.10803543592567004,,0.07273571925628647,,-70.43779917741415,,6.598876037567269,0.12655973480881158,6.007870869449023,1.0000284240901502,95.4310117400484,149.71204316852737,6.700832731888503,106.47031672276705,147.72760632305634,55,0.4439403382089123,2457993.623602092,,2017.0
0.07830593812232461,0.06560248837965466,-9.968597390951757,5.757245601144399,0.03487939700152007,158.23,7.724,124.87686021858636,0.0006174975506334501,0.0010893349445950662,0.01876601367782895,0.0001826222870020544,C/2017 U4,C/2017 U4 (PANSTARRS),83,0.4405105906376072,True,73,0.40790024697513255,75,86,11,0.06040458268984815,,0.04876582684219167,,-9.967287757202655,,5.69082670468099,0.034876155828517226,1.5408451116842092,1.0036613210079703,158.2268103465785,245.95064154704562,7.7243403894656915,124.87092070870172,159.15655540864068,,,2458387.1930659343,,2017.0
0.0899666035008956,0.10206238673733561,-123.97471289569008,4.184330404395709,0.012968974706884807,142.64,6.418,94.61608992314927,0.00043228981592502436,-0.0005769243490476583,0.018130921982019103,0.00021969604579119562,C/2017 U7,C/2017 U7 (PANSTARRS),886,0.5013207045784889,True,387,0.38094198968924137,395,931,536,0.07260000768122772,0.07393565753888741,0.0845759533683431,0.08167540465018301,-124.04202007913332,0.00881024170600009,4.680445056428298,0.013002165919567668,0.6301840708246075,1.002080688121135,142.63464175370896,276.23274408398896,6.417729886952579,94.61784628114016,326.08743590855886,498,0.43202459213752203,2458738.2220590664,2.0996675596328633,2017.0
0.03230762554503836,0.0950325309697113,481.26593547115584,3.3647558601064014,0.06944896680040967,55.24,3.719,102.86611850530551,-0.00020603089634763094,0.004726844236415673,0.005996072253739297,-7.31482379987547e-05,C/2017 Y1,C/2017 Y1 (PANSTARRS),92,0.5172532178416097,False,,,0,107,107,0.034848497577772,,0.0943722269155769,,481.30784618543754,,2.9359231165072788,0.06941039540584483,4.418826067261114,0.9988131299354515,55.244845047072374,307.50985580070693,3.7185347233572683,102.86732838944316,134.44249679987976,92,0.5172532178416097,2457996.969785786,,2017.0
0.08764390896913209,0.13687737089642285,91.27649222800855,4.587319006856237,0.18754530471124345,128.42,4.632,51.387816836468794,-0.0004333962203693087,0.007969812941240662,0.016414394276233677,0.00027137300146939936,C/2017 Y2,C/2017 Y2 (PANSTARRS),944,0.5178564506240885,False,588,0.4631805652612176,605,966,361,0.09496094437920066,0.09559991172177573,0.12071685772832534,0.12329699583393985,91.2857903684583,0.19110700034111283,4.223155825197635,0.18753436580839097,10.69696107256838,1.0005306346205607,128.42938817903183,65.97434662618132,4.632339419204506,51.38496565461575,147.8369235723189,338,0.3676844429426952,2459158.064634628,1.7482069041059327,2017.0
