cat_daa,cat_denc,cat_drot,cat_dtau,cat_dtau_in,cat_dtau_out,cat_i,cat_q,des,desig,dtp_in_cat_d,dtp_io_d,dtp_out_cat_d,dtp_valid,e_all,e_in,e_out,in_code,n_in,n_out,our_aph,our_d_in_leg,our_d_out_leg,our_ddirf,our_theta,rms_all,rms_in,rms_out,span_in_d,span_out_d,tp_all_jd,tp_in_jd,tp_out_jd,tp_seed_jd,xarc_rms_in2out,yr
233.3274072829596,3.8081731106687062,0.10066109152278555,7.7056857557640015,6.06252573008975,3.760588134771205,144.16,2.572,C/1950 K1,C/1950 K1 (Minkowski),0.010475741233676672,0.037970797624439,-0.02749505639076233,True,1.00126837346049,1.0010184802626994,1.0012011831896601,True,42,17,"[0.870443, 0.476015, 0.125455]",0.07994039720652668,0.047794054435595916,0.1012278137821251,20.88861311555434,1.0310603963083367,0.8771476823722786,0.8331548194702358,230.10019999151706,446.666600008273,2433661.536317522,2433661.5521701425,2433661.514199345,2433661.5416944013,3.8099374152210146,1950.0
208.49466623667604,4.598511954230382,0.1528318553787047,9.537667568113802,4.333851034126167,8.836687743797787,100.39,3.87,C/1954 O2,C/1954 O2 (Baade),-0.06573556084185839,-0.14697067392989993,0.08123511308804154,True,1.0005123001350278,1.0001706076718746,1.000374335400294,True,15,23,"[0.036431, -0.821747, -0.568687]",0.06595089554432408,0.15847454139739198,0.15792635810998093,106.88087664517042,0.9563806987378085,0.6386401654678128,0.9407505895018513,353.27142000331645,829.8964400016296,2435332.9019530583,2435332.7616023133,2435332.908572987,2435332.827337874,5.938740318255265,1954.0
-266.9746978758903,3.301505160551988,0.23135589881110954,14.066784385007157,9.678003140085684,7.760182383196603,79.6,4.077,C/1954 Y1,C/1954 Y1 (Haro-Chavira),-0.1598061379045248,-0.18677904875949025,0.02697291085496545,True,1.0046218179503117,1.0049051085162695,1.0044521511232427,True,23,39,"[-0.014673, -0.558669, -0.829261]",0.15828473004672086,0.13069012462903945,0.2345940266702705,97.45260622851414,1.2773279673654139,0.6074606969726014,1.3949093775959218,316.0405599845394,831.2374100044149,2435499.2464000364,2435499.073997265,2435499.260776314,2435499.233803403,7.008732471436074,1954.0
167.40594646556315,3.1631005082385957,0.09386716645297764,9.031828132672368,7.257898090797322,9.930242242232971,61.26,1.628,C/1958 R1,C/1958 R1 (Burnham-Slaughter),-585444576.8092991,-585444576.7991911,-0.010107944253832102,False,0.9998913519999358,0.9998811189826029,0.999729215433742,True,24,16,"[-0.129075, -0.492361, -0.860767]",0.07724069667812211,0.10693182840571948,0.10096502302455547,100.30588796223653,1.1529482275781604,0.4757634372991755,0.5725934557925576,170.85734003453618,358.0416800008659,2436639.0223545893,-583007937.7890483,2436639.0101428516,2436639.020250796,12.496071743504302,1958.0
-451.65175274579605,3.8019360128728734,0.20125984584378276,34.801971221210486,14.50642857403809,20.4079652691679,159.6,0.504,C/1959 Y1,C/1959 Y1 (Burnham),0.006857368163764477,-0.04491105629131198,0.051768424455076456,True,1.0003701362197734,1.0004275353318857,1.0025430983051467,True,12,25,"[-0.538707, 0.794783, 0.27949]",0.04950626820218035,0.06502046168560235,0.04858156715705209,93.72609001627052,3.5401952406411747,0.6926746915989974,2.596603237559659,44.03426001329389,73.74626998626799,2437014.49765477,2437014.5035737525,2437014.5484848088,2437014.4967163843,483.3861801297258,1959.0
468.8551418036677,1.8584731615932273,0.2889445133230016,24.35206517491103,12.484056286514146,11.88450475529674,153.28,2.133,C/1961 R1,C/1961 R1 (Humason),-1107881.9814734356,-1107882.0669959607,0.08552252501249313,False,0.9898406343732987,0.9898233131049392,0.9899534117718294,False,37,43,"[-0.238995, 0.90101, 0.362025]",0.14580871460486058,0.1486296098429563,0.29401300082743403,77.50058993868788,1.07884812629656,0.9206433551545267,0.7904391436254997,409.7301999984985,892.2897599704756,2438008.7453552405,1330126.7381310891,2438008.80512705,2438008.719604525,11.069487273876046,1961.0
444.0237210665505,4.014514060215653,0.06945770013356828,6.881538390465978,3.758125793195579,10.631355269863372,86.22,1.537,C/1963 F1,C/1963 F1 (Alcock),-5539614.49295461,-5539614.490074699,-0.002879911568015814,False,0.9978248027618543,0.9974914318395933,0.9979640172930465,False,12,13,"[0.631283, 0.547556, -0.54924]",0.037262485246621936,0.10893251839394603,0.07187349882285944,21.276936217795075,0.9127158291608677,0.2906972701116268,0.5786090298764285,44.83342999801316,61.99810998184813,2438155.3792459024,-3101459.1132869935,2438155.3767877053,2438155.379667617,2.1993402006267146,1963.0
512.226819450269,3.4780495287520212,0.05722185787228642,4.548782842195465,4.985256038726217,9.027987500053117,40.26,2.385,C/1966 P1,C/1966 P1 (Kilston),-266409970.12448633,-266409970.1575842,0.03309788042679429,False,0.9994666349021895,0.9997056741451598,1.0005441524099088,False,217,13,"[-0.690586, 0.667344, -0.278823]",0.06389378495327007,0.10490793993747342,0.05134361638543703,97.55725075660038,1.3589600357842204,1.3481197158663376,1.2990384400325103,72.82695999235467,39.96219000991986,-106762547.48763771,-263970543.54614452,2439426.61143968,2439426.5783418,2.0688672247762163,1966.0
-202.86829878222892,4.5751187109149445,0.17813093483597864,18.987140711354712,9.296371459847219,10.046620444835616,99.11,1.327,C/1967 C2,C/1967 C2 (Wild),-18443276.494830597,-18443276.494040806,-0.0007897918112576008,False,0.9974732216512482,0.9990286027974243,0.9996382021505629,False,26,29,"[0.610165, -0.784027, -0.114023]",0.07798310257775291,0.11055738336766054,0.1883703594448559,84.75880691232257,1.7377120742134038,1.6208319539274114,1.5548469479545757,18.749290004164255,37.16386000254088,2439552.0549025666,-16003724.464158472,2439552.0298823346,2439552.0306721264,3.1106159860274776,1967.0
-137.62687450944145,3.1098494033152666,0.20377553230630271,19.210226783045915,9.03388085289153,10.179668772530436,129.32,1.697,C/1967 Y1,C/1967 Y1 (Ikeya-Seki),-63753958.263827525,-63753958.249011844,-0.014815686270594597,False,0.9990852093783449,0.9994567760441733,0.9990192614209505,False,93,105,"[0.661721, 0.163945, -0.731606]",0.09845850752063579,0.11307837016858412,0.21146217199775424,37.96057726819236,1.3490833673022147,1.1844512926189794,1.1425368426552875,57.288230016831726,617.5989599680928,2439912.1966403075,-61314046.05819324,2439912.1908186045,2439912.205634291,3.3220797445499017,1967.0
-464.891954519313,2.5803409514142412,0.21928453191583988,32.679553688856465,15.33762984754397,18.697823267014435,102.17,0.68,C/1968 H1,C/1968 H1 (Tago-Honda-Yamamoto),-504563.25221398566,-504563.248651139,-0.0035628466866910458,False,0.9962378172188218,0.994514769862558,0.994660210339178,False,17,18,"[0.511118, 0.411005, -0.754873]",0.9660803527427946,1.3403527820596761,2.295776450920507,36.23243045964332,1.6863439641637228,1.5041980847577434,1.8842522243886255,11.218529997817068,19.540289994943198,2439992.770494162,1935429.5184776718,2439992.7671288108,2439992.7706916574,4.613280245549902,1968.0
341.9945357994396,1.8464163813612275,0.21516082369010026,24.52397069491095,27.014735220343866,7.904526733943916,143.24,1.16,C/1968 N1,C/1968 N1 (Honda),-8105078.05183629,-8105078.065080393,0.013244102708995342,False,1.0009829494075815,0.998530906591346,1.001275534724523,False,24,115,"[-0.763163, -0.250296, -0.595763]",0.22755408302646435,0.06651045435269017,0.19528741382331186,128.2310738163003,1.2013000883637355,1.1733090355199038,1.1908693287492365,24.040369992718375,89.437469996494,2440076.4303426524,-5665001.627814372,2440076.437266021,2440076.4240219183,56.024776177075104,1968.0
98.18613002538746,2.8590751910833565,0.057164583370365646,3.8586030336394965,5.9727076790288685,2.150499888409371,45.23,3.316,C/1968 Y1,C/1968 Y1 (Thomas),-9164260.431402573,-9164260.424254723,-0.007147850468754768,False,0.9953107242015243,0.9961266094284235,0.9952270008260973,False,16,32,"[0.070541, -0.707679, -0.703004]",0.084606772062635,0.030027434134819012,0.05734540513491255,99.814752071768,1.5939758682137637,1.311122627681318,1.6848988550541697,23.489580007812215,123.36670000987058,2440233.770907679,-6724026.670076098,2440233.754178625,2440233.7613264755,38.34155961437701,1968.0
-76.24865969287816,4.880848008597849,0.13629408988171202,24.33000896715611,15.725332925406786,15.07961032527431,75.82,0.473,C/1969 T1,C/1969 T1 (Tago-Sato-Kosaka),0.018118890468031168,0.01611018180847168,0.0020087086595594883,True,0.9999851615267672,1.0011297663675427,1.0000316138819725,False,25,280,"[-0.248066, -0.013887, 0.968643]",0.0723748277206468,0.08114252002413147,0.02483862811537916,115.2044444339783,1.2847003827625187,1.2098228706794238,1.1861946102311214,27.59067000341498,103.13916002256451,2440576.768863339,2440576.785930097,2440576.7698199153,2440576.7678112066,907.0637499443345,1969.0
-191.15151873762807,4.630414113561229,0.12732990902856975,21.332142559778802,10.077339413052199,11.817961651654537,90.04,0.538,C/1969 Y1,C/1969 Y1 (Bennett),-568543.626528733,-568543.625692979,-0.0008357539772987366,False,0.996306244351832,0.9959972804978787,0.9963866251088331,False,159,389,"[0.708158, 0.698765, 0.101197]",0.06285226602873986,0.07361267577396312,0.1307520661498523,21.56405384706864,2.527502849556615,0.8717306827371104,1.7380187135233727,78.82137001974439,221.42170996366414,2440665.545042339,1872121.9188942765,2440665.5445872555,2440665.5454230094,30.13187842750336,1969.0
-67.06239496327674,4.024880080915624,0.19467159280060128,22.655021369085173,10.508639157800314,12.312631077756182,126.72,1.113,C/1970 N1,C/1970 N1 (Abe),-0.005852256901562214,-0.005674756597727537,-0.00017750030383467674,True,1.0001253349660109,1.000206064747392,1.0000884083711974,False,213,69,"[-0.111555, 0.594291, -0.796475]",0.08541226613314665,0.10895648329896446,0.19284208126632935,65.61529884910588,1.4625842812331138,1.2810788526932695,1.3190938556370542,106.61866998178539,216.70095003067206,2440880.2003232767,2440880.1932575684,2440880.198932325,2440880.1991098253,11.743051829823843,1970.0
-345.8366777824502,3.2850559147049117,0.15501102241161716,17.13700790188147,9.773677068521042,9.870776984879512,109.68,1.233,C/1971 E1,C/1971 E1 (Toba),-11662617.75729252,-11662617.716230141,-0.041062379721552134,False,1.0011724517684286,0.9987749935930065,0.9998180701068593,True,52,86,"[-0.367036, 0.822058, -0.435323]",0.04006852192731609,0.11710175790188128,0.15437585992433253,75.5611866739709,1.973632731075359,1.2416771901714854,1.7748887229810024,35.15518000146857,143.3886999641607,2441058.7566198627,-9221559.008053632,2441058.708176509,2441058.7492388887,26.958122427985348,1971.0
-672.1272097699385,2.501593543732436,0.31703611074503607,18.82317833179668,14.819243343220185,5.732540491367401,79.37,4.276,C/1972 L1,C/1972 L1 (Sandage),0.04674092959612608,-0.08668395131826401,0.1334248809143901,True,1.006291164751619,1.0065737424983483,1.0061665803316646,True,114,36,"[0.27414, 0.496706, -0.823486]",0.24052394907443775,0.12060895237925941,0.3315134710004243,47.364820723862536,1.513297873744325,1.4727278652871971,1.4673826169790494,154.46755155077963,648.18732155348,2441636.4212049977,2441636.3351523965,2441636.421836348,2441636.288411467,5.637689233903796,1972.0
-348.4702228897977,3.0351459379841854,0.13336883064411173,11.176008494160406,3.497962642221112,8.344482415683682,141.86,2.147,C/1972 U1,C/1972 U1 (Kojima),0.004591323900967836,0.012062146328389645,-0.007470822427421808,True,1.0008819166939114,1.000986181946488,1.00080845855002,False,243,30,"[-0.424283, -0.865009, 0.267849]",0.04041719942849623,0.100919570673492,0.1355614792448888,150.96151159317733,1.427310268712578,1.354817547351769,1.1229930512899284,102.97259160346042,553.7591515475567,2441725.7749071238,2441725.782688957,2441725.770626811,2441725.7780976333,7.756437453219099,1972.0
-120.96859250672048,3.2898000639743645,0.04496064396951271,2.5049073575977294,4.886287528508995,2.750535656988985,113.09,4.861,C/1972 X1,C/1972 X1 (Araya),-0.6351956725120544,-0.8899842635728419,0.25478859106078744,True,0.9993049538013801,1.0128119830301847,0.9993050630298601,False,15,61,"[-0.244494, -0.310078, 0.918735]",0.022368277521739508,0.014182073719393269,0.0365421498301,124.96805883793323,0.8011562997038688,0.493107416071229,0.7512160524575409,32.365180009000554,906.7128547317245,2441670.710008602,2441669.848850565,2441670.7388348286,2441670.4840462375,110.16509404306304,1972.0
524.8244862202271,2.840261172398113,0.08954278400827949,29.171021202968983,19.226893291980268,12.137882024760966,14.3,0.142,C/1973 E1,C/1973 E1 (Kohoutek),-0.0012309299781918526,-0.0006930516101419926,-0.00053787836804986,True,1.0000167290665962,1.0000246685898078,0.9999835430064306,True,457,399,"[-0.423298, 0.893252, -0.151395]",0.05856716195559365,0.03464932935473508,0.08630308405726728,79.69903389297976,1.4939803637757965,1.4431406954342807,1.3880793965348455,324.40647998665355,111.49868001729664,2442044.9309587455,2442044.929452544,2442044.9301455957,2442044.930683474,49.03665977374348,1973.0
-23.25601484068659,1.8143325402674642,0.13271276643944815,7.431933270971037,12.078254323714027,4.6978907839476145,137.4,4.812,C/1973 N1,C/1973 N1 (Sandage),-77282412.32552122,-77282412.32352322,-0.0019979802891612053,False,1.0002059149531273,0.9986459149639201,1.0005046786002032,False,12,25,"[0.643157, 0.412156, -0.64535]",0.1866491673355223,0.08578540772110413,0.26576972205812394,27.217670423494813,2.9538002326118074,2.016753850660571,3.2018306832700265,83.81500998090401,433.55725316737676,2441994.652765112,-74840417.66892746,2441994.6545957695,2441994.6565937498,286.02456984668527,1973.0
13.527206796274982,2.720323413209079,0.06336019004225736,10.96834582965386,7.068801404455298,8.577451903554426,61.28,0.503,C/1974 C1,C/1974 C1 (Bradfield),-0.0007206955924630165,0.0015407013706862926,-0.002261396963149309,True,0.9997244964476694,1.0000489432507824,0.9996909988181605,False,29,169,"[0.590238, -0.703179, 0.396432]",0.03983424729322176,0.0498968863487772,0.06243706151242599,89.74355959883148,2.0421438006094594,0.8164859819196176,1.444116441008908,28.972230005242206,245.49315996786373,2442124.854995488,2442124.8556562522,2442124.854115551,2442124.856376948,17.06688522525622,1974.0
481.2869128467986,3.157751038801161,0.038285425016955144,2.7086886989758874,2.918894418845191,3.9397966634113013,50.65,3.011,C/1974 F1,C/1974 F1 (Lovas),,,,,0.9994460923461755,1.0000034395129473,0.9992386923520968,True,106,37,"[0.012668, 0.645023, 0.764058]",0.044855200401703495,0.0662498061199884,0.04278926884686675,79.05856830312405,1.316716004601103,1.1593031904335418,1.4271239233251838,511.0714815430936,747.8780431451718,2442646.6925614877,,2442646.713200686,2442646.66392757,9.88593155148532,1974.0
-863.4591103818395,2.4362248271034357,0.3473725089283089,38.656555167459345,35.47836601030346,3.2342094526324305,55.24,1.217,C/1975 E1,C/1975 E1 (Bradfield),-705611.01109883,-705611.0147412107,0.003642380703240633,False,1.0014920779355319,0.992169731172866,1.0014632977765907,True,12,42,"[-0.303005, -0.489419, 0.817715]",0.4668813864238737,0.03315634125650608,0.4999533917588244,134.05712423723617,1.5982692433890906,1.3758182445549088,1.5481587400896861,20.3738500011119,335.79196157205575,2442507.084678411,1736896.0690400377,2442507.0837812484,2442507.0801388677,743.6940009997237,1975.0
-691.0819149909914,4.756353489183792,0.0669652089951081,12.596461350329724,22.210573676286252,12.146302844643081,80.78,0.426,C/1975 N1,C/1975 N1 (Kobayashi-Berger-Milon),-0.00033141160383820534,0.0008510728366672993,-0.0011824844405055046,True,1.0001066119005473,1.0001087442153787,1.000103160273134,False,348,48,"[0.075277, -0.470308, -0.879286]",0.11571192983262596,0.06339808148965101,0.06730410796583841,89.86526764132834,1.6444172534126673,1.4237711397134964,1.5519043197332314,55.477619984661814,137.34159159990787,2442660.8344759317,2442660.8345069373,2442660.8336558645,2442660.834838349,5.082322702967107,1975.0
-418.6784275317027,3.1831412286407823,0.1686233940889149,16.357735532636255,13.51250192231401,6.861096999694758,91.61,1.604,C/1975 T1,C/1975 T1 (Mori-Sato-Fujikawa),-5514875.22064998,-5514875.223560486,0.0029105059802532196,False,0.9974726771591125,0.9973744541430115,0.9974035452334512,False,138,58,"[0.03551, -0.399936, 0.915855]",0.14048057182454554,0.07435302089811878,0.17697235041333598,113.2813829576737,1.648922273555904,1.3735986624930525,1.329411962510719,67.34242001226517,302.86663155875135,2442772.3819587543,-3072102.8429341726,2442772.380626313,2442772.377715807,12.3517774791623,1975.0
1273.744832120216,2.3896124023695022,0.18789279294304986,49.289857780410124,30.31013235860219,42.731448511266336,70.63,0.219,C/1975 V2,C/1975 V2 (Bradfield),0.0010334351100027561,0.0010089399293065071,2.4495180696249008e-05,True,1.0000573759050646,1.0001383689906993,1.0000991530447019,True,43,41,"[-0.010937, 0.999388, 0.033238]",0.1323112082594789,0.16704099718441454,0.20433110646840785,58.1150710095694,1.7442956705712893,1.2896127078629314,2.135117561407445,25.246950006533275,39.368220012348004,2442767.6813258766,2442767.6822488094,2442767.6812398694,2442767.6812153743,46.53467409660247,1975.0
1079.5560806225153,2.524422925745061,0.11817410787333359,14.574248906135738,10.296905290781604,20.35975173214245,48.71,0.991,C/1977 R1,C/1977 R1 (Kohler),-37196431.897791326,-37196431.89888158,0.001090246718376875,False,0.9996040326494438,0.9995457607763688,0.9995672872671499,False,299,135,"[-0.965715, 0.146297, -0.214457]",0.08468011744039344,0.16727066147775746,0.11946494942825404,130.7031854550531,1.558534711989155,1.5338437690930933,1.4851936289252297,65.25173000140185,205.5722315990166,2443458.0717357774,-34752973.82780306,2443458.071078516,2443458.0699882694,3.2579017166747217,1977.0
-1052.4393593146247,3.3460281567959336,0.1011963911741665,11.65102072841575,23.437724784199318,12.277958231534774,43.76,1.137,C/1978 H1,C/1978 H1 (Meier),-0.013790315482765436,-0.017100501339882612,0.003310185857117176,True,1.000940880327135,1.0010319203633316,1.0009314618709981,True,125,161,"[0.715456, 0.442317, 0.540813]",0.19710051790747515,0.10227197802824212,0.09941784946370956,45.7906023460415,1.4322248159988886,1.0904478872188386,1.2826778737199271,191.65589996611217,390.79422158073635,2443823.911951507,2443823.8954862636,2443823.912586765,2443823.909276579,20.58806082563111,1978.0
92.74585625780242,4.450294321034541,0.20412077406353057,38.99321673596379,23.4197974918218,15.860375010712724,136.23,0.413,C/1979 M1,C/1979 M1 (Bradfield),-0.011098953429609537,-0.01198741840198636,0.0008884649723768234,True,1.0001063676991937,1.0016061027641499,1.0001229813810375,True,14,21,"[0.501214, -0.697849, -0.511656]",0.07424307081815462,0.08071207397767408,0.12636448288256127,81.96706499304294,3.870144493661704,3.61893858815207,3.9955054286217435,14.10659999544008,51.38441999039716,2444077.7632265096,2444077.751555856,2444077.7635432743,2444077.7626548093,786.2464199975154,1979.0
-185.86421600200578,4.703252586331795,0.04195321943588883,2.37912230489561,3.6758572845384396,4.121714734235188,92.18,4.687,C/1979 M3,C/1979 M3 (Torres),0.036264877300709486,-0.05021045682951808,0.08647533413022757,True,1.0010601219680877,1.0008405767774613,1.0004490511488076,True,17,17,"[-0.381486, 0.907471, -0.17597]",0.05958651834651515,0.08056757997373856,0.057058950529691135,76.94601214664237,1.5292204619577234,1.5636175791212734,1.384903219882417,325.75920158510405,98.81579998524515,2444069.9610186843,2444069.9522079197,2444070.0024183765,2444069.9159430424,1.9842542023700263,1979.0
-16042.288667292481,0.2790432057500109,5.70972619598758,382.183440102848,374.5283947440478,7.660775701680429,1.66,3.364,C/1980 E1,C/1980 E1 (Bowell),-0.7668998441658914,-0.7851696591824293,0.018269815016537905,True,1.0566469908387848,1.0683764067601638,1.0565581383949414,True,99,104,"[0.254534, 0.966813, -0.022]",5.5716586502173335,0.14695218242695593,5.71849969961898,42.49487394531765,1.4301839782286134,1.4625319990757146,1.1957611052838952,748.1711915780508,1744.7064347020282,2445040.8437174945,2445040.019983556,2445040.8051532153,2445040.7868834003,8.472878284466438,1980.0
74.97012381522609,2.0733386208574394,0.36061211908567475,35.97442628303425,1.1821934628979054,35.48474710401351,100.99,1.519,C/1980 V1,C/1980 V1 (Meier),-692289.4818840227,-692289.4861214305,0.004237407818436623,False,0.9946058900904192,0.9900898524466417,0.9945887883974288,False,36,33,"[-0.113738, 0.156568, -0.981096]",0.14514648738704508,0.3581083614323002,0.5030442930264802,77.6355292833749,2.4492320002476475,1.5414804242345685,2.66576897625972,29.763040007278324,153.97055001073,2444583.1503314357,1752293.6651831889,2444583.1513046194,2444583.1470672116,355.77161274187154,1980.0
464.09023784023213,3.679611839622536,0.18061158116508477,17.23017850893622,8.826415396358879,17.461125600542804,82.65,1.657,C/1980 Y2,C/1980 Y2 (Panther),-16195807.22286661,-16195807.23864277,0.015776161570101976,False,0.9987128365134877,0.9986771617583093,0.9990906216442323,False,65,167,"[0.178696, -0.236449, -0.955071]",0.09121943277075036,0.18320702823916526,0.1824059754834954,76.68168557004716,1.680365698098416,1.3644420946929583,2.0988081998911325,109.66361002683364,314.7427215576848,2444631.8231471586,-13751175.406203356,2444631.8324394147,2444631.816663253,5.0887229338887225,1980.0
-807.8325275482468,3.804643585227696,0.10852563988500903,16.555103151946653,21.5032195468299,10.097588005788046,84.49,0.648,C/1982 M1,C/1982 M1 (Austin),-36491570.46700717,-36491570.46350202,-0.0035051475279033184,False,0.9994244713079629,0.9996991333974752,0.9993373109534192,False,75,237,"[-0.720916, 0.414823, -0.55516]",0.13833781171825987,0.0667032566519514,0.10842056444174114,103.38207579042141,2.085934819274588,1.3061188447205427,2.1295410739619074,65.47062155476047,221.51445003372928,2445206.2283822913,-34046364.23763126,2445206.2258707597,2445206.229375907,5.829865938692901,1982.0
-317.06696830934777,3.140298285465763,0.14272177260237073,9.58429663678476,7.702448052693159,7.445477808920275,137.6,3.345,C/1983 R1,C/1983 R1 (Shoemaker),-429813833.63724786,-429813833.7057472,0.06849932065233588,False,1.0002227530895538,0.9996999103250553,1.0001648220536519,False,97,27,"[-0.975541, 0.215203, -0.044812]",0.09093158807544262,0.11300297168665527,0.13962872854018546,131.35290214145923,1.4813634581643789,1.5237526634240888,1.304411696986133,77.40764000435877,545.9204600249203,2445662.3645226606,-427368171.3417766,2445662.3639705875,2445662.295471267,10.766586413802106,1983.0
277.55413213627384,3.2337677823128836,0.18391230531385025,13.752402935843339,12.127274263156572,6.937674688602848,116.67,2.697,C/1984 K1,C/1984 K1 (Shoemaker),-0.012037368491292,1.341658663470298,-1.35369603196159,True,0.9994522425509196,1.0005916871982117,0.9986469734045085,False,91,86,"[0.649556, 0.190382, 0.736092]",0.186699941720201,0.08601811986621348,0.1875798256370246,62.428736305339825,1.4670196717803814,1.602624637613382,0.9553056645188606,410.5740215602048,2220.4786547315634,2446312.475670153,2446313.080925421,2446311.7392667574,2446313.0929627893,10.340903707512593,1984.0
1112.6689497990267,4.0872051843260735,0.04469130508488685,10.170986062904849,15.537393706677769,6.839566097203248,164.15,0.291,C/1984 N1,C/1984 N1 (Austin),-6908676.123410428,-6908676.121894827,-0.0015156008303165436,False,0.9998561610056734,0.999589875263351,0.9998897288760457,False,45,68,"[0.998926, -0.032781, 0.032755]",0.09837239892510544,0.03637600625100085,0.06909369880462152,38.58425204773123,2.7137203355725323,1.8051710217998236,3.086124108374368,23.568229992679424,83.2153900051317,2445924.6366416076,-4462751.486314355,2445924.6355804717,2445924.6370960725,225.24477462962568,1984.0
-522.7382555830405,3.9913804602295113,0.1427867014763856,18.300884369837277,20.126984439174308,12.310611687381645,65.71,0.918,C/1984 V1,C/1984 V1 (Levy-Rudenko),-22166946.879403584,-22166946.876754947,-0.002648637630045414,False,0.9992549615397995,0.9994055835378308,0.9991087487988743,False,72,100,"[-0.30587, -0.298645, -0.904022]",0.1571815630310009,0.09942670922030664,0.15025054260248044,101.91366115321676,2.3005564866229102,1.8054557833225564,2.363741674874414,28.78231000782232,160.47084001880623,2446048.757055141,-19720898.12375582,2446048.7529991264,2446048.755647764,9.843620231021207,1984.0
-51.8473133968091,3.639399533426664,0.007478291829841776,0.4590357663134086,4.15381005403779,4.226813356365557,89.33,4.0,C/1984 W2,C/1984 W2 (Hartley),-1256123419.5067685,-1256123419.567999,0.0612304899841547,False,0.9993917556951851,0.9998244024259223,0.9994126045893339,True,17,37,"[-0.074252, -0.24328, 0.96711]",0.06884400881303022,0.07265508203182366,0.003982436285538224,114.21024301585702,1.7037508231471685,1.0426580192218433,1.927558771831966,122.90036003254077,950.7871516068776,2446336.9233984197,-1253677082.6114001,2446336.956598801,2446336.895368311,29.992998656361873,1984.0
-332.74196375936185,4.662616385455633,0.17337152856776739,25.53276426969284,22.04419331162138,14.676298311107969,79.93,0.695,C/1985 R1,C/1985 R1 (Hartley-Good),-0.0033299587666988373,-0.003537596669048071,0.00020763790234923363,True,0.9999733865395442,1.0000460540202492,0.9999301420207861,False,153,19,"[-0.054271, -0.173992, -0.98325]",0.14170091365729034,0.10167205811459984,0.17048233956951975,85.2653082935617,2.2183977183477106,1.9883187575825987,1.6467503822483303,83.12669000868237,99.97084002653965,2446408.616026616,2446408.6129181334,2446408.61645573,2446408.616248092,24.997065166763196,1985.0
-149.26704620021798,3.086011711997106,0.2433268847516292,22.774155160693624,10.369467689749909,12.598413506824407,160.58,1.721,C/1986 V1,C/1986 V1 (Sorrells),-24574905.224997133,-24574905.201085355,-0.023911776952445507,False,0.9999206895666312,0.9989598819449423,0.9996058713221749,False,232,142,"[-0.945195, -0.091825, -0.31333]",0.15384024074987948,0.14229845963115956,0.2941430194702961,137.99325641984393,1.501160999825367,1.5603231610104564,1.3331650325633684,110.38438003122462,142.68811996421604,2446864.153773091,-22128041.066817746,2446864.134267611,2446864.158179388,112.2749148051838,1986.0
175.86735780722756,3.5286302574378148,0.21415056494291457,28.216362351623406,12.873480506918744,15.342883332972615,172.23,0.87,C/1987 B1,C/1987 B1 (Nishikawa-Takamizawa-Tago),-535313.8558085931,-535313.85410225,-0.0017063431441783905,False,0.9958404589422076,0.9932723202560094,0.9957211330454321,False,72,26,"[-0.910267, 0.411322, 0.047207]",0.18710625003788237,0.12297087811928827,0.31006511111842366,121.45376820075924,1.8525677712963529,1.796698272341967,1.6293722449787844,29.636320008343706,60.68212999119458,2446871.846249506,1911557.9895988705,2446871.8437011205,2446871.8454074636,627.8225702285747,1987.0
1036.752426831149,4.212685791435919,0.24439769878869597,32.23028743906254,2.786751650071204,29.511264913645313,34.09,0.869,C/1987 P1,C/1987 P1 (Bradfield),-803213.2205096856,-803213.2209381782,0.0004284926690161228,False,0.9947997190973475,0.9948609499978266,0.9947617126259553,False,208,422,"[-0.786103, 0.303278, -0.538577]",0.015701483263283016,0.2245464530918909,0.2387839846011436,110.40217828102934,1.5969556593682595,1.3078080554028737,1.5707775221706421,86.3760999952367,158.49139160910553,2447106.7755013728,1643893.5536041772,2447106.7745423554,2447106.774113863,15.746464544035486,1987.0
-943.1460209781721,3.8937735810268337,0.06437773264301863,10.17853776875876,19.49025570768591,9.929125294068601,114.88,0.603,C/1987 Q1,C/1987 Q1 (Rudenko),-5555282.928988861,-5555282.933183635,0.00419477466493845,False,1.000464444312477,0.9990194540026874,1.0006610136515786,False,63,28,"[0.605604, -0.59011, -0.533868]",0.1316287171897811,0.07182995468602628,0.06072221325472152,73.27570534118611,2.032401275312944,1.7660989614975293,1.8378385284028844,25.316519995746376,100.97172159998229,2447078.0285133016,-3108204.900813237,2447078.0323703983,2447078.0281756236,311.40470829612013,1987.0
833.1454604639143,3.1639608351633415,0.07847769408890322,10.509527704395527,8.561216932653334,10.061000288758986,97.13,0.841,C/1987 U3,C/1987 U3 (McNaught),-4153980.464747473,-4153980.4747635885,0.010016115382313728,False,0.9989144416646404,0.9983370595091586,0.999057015422978,False,49,66,"[0.181175, 0.937739, -0.296345]",0.05016807606771397,0.07925999489455271,0.05308624553877944,43.61827110295441,2.239843799492847,1.2158371818338194,1.6532565725944461,326.04867998919,128.98683159081403,-5433583.9488509325,-1706839.0253454475,2447141.449418141,2447141.4394020257,105.07561309841786,1987.0
-386.12544159397936,2.3609864970467727,0.4814980750970138,32.378697655805055,23.932355064960944,8.469434709654905,76.7,3.333,C/1987 W3,C/1987 W3 (Jensen-Shoemaker),0.21887266403064132,0.21054324228316545,0.008329421747475863,True,1.0033608976221207,1.0046953445511533,1.0033034411548487,True,17,17,"[-0.897682, -0.360802, 0.25296]",0.3393166025866116,0.13649497083936263,0.4753828538374349,168.13326554088533,1.0343777748000658,1.2825922119934732,0.7768981695000655,87.76955001426447,829.0264415857865,2447179.1917006895,2447179.4008418857,2447179.1902986434,2447179.1819692217,11.001050226409568,1987.0
-570.4486013724754,4.183511764594421,0.19280684537713907,25.836562228954662,22.689289823799783,7.647037772504233,73.32,0.841,C/1988 A1,C/1988 A1 (Liller),-1332812.5594796129,-1332812.5630276138,0.0035480009391903877,False,0.9966144574189562,0.9964506690248662,0.9966872848429323,False,55,378,"[-0.330776, -0.486772, -0.80848]",0.17947328294624124,0.05569227356509697,0.197814143466699,110.52106777192775,1.2387135694239997,1.5638220552263473,1.1569990486317088,78.32987001626994,98.83761997761964,2447251.6156020877,1114439.0554032568,2447251.6184308706,2447251.6148828696,15.462968187549112,1988.0
113.05634446591617,2.9442535997564145,0.052774940982171906,4.119364942936393,3.1245731381646946,5.044091239260029,97.69,2.474,C/1988 L1,C/1988 L1 (Shoemaker-Holt-Rodriquez),0.0016079428605735302,0.009367427788674831,-0.007759484928101301,True,1.0006491804601672,1.0006706037688515,1.0003690245413577,False,135,22,"[-0.165648, 0.599953, 0.782699]",0.04192792401256756,0.0650612676235293,0.049658919030581346,89.0251455800958,1.501840967724035,1.4684471463355258,0.9852459725182735,362.2151200009048,281.4761115872929,2447689.958894753,2447689.9664511173,2447689.9570836895,2447689.9648431744,8.191742939444591,1988.0
-456.3115488646449,4.306182007404234,0.06537161710405281,4.946667667449002,8.960680896444233,4.724966771161112,96.56,2.64,C/1989 A5,C/1989 A5 (Shoemaker),-5283750.7151838355,-5283750.230217031,-0.4849668047390878,False,0.9954955076237687,0.9955536111832366,1.0032660328584673,False,69,14,"[0.667075, -0.669361, -0.327058]",0.12263980478995891,0.10562670926494765,0.2170099411629198,75.65741070831454,2.2290933874076244,2.28339959279126,2.1520740228931015,366.38064000022354,90.75624999582146,-2734043.620738768,-2836167.139404906,2447583.0908121252,2447583.57577893,10.778040416285897,1989.0
194.74437263259804,2.6506673420654976,0.18309337780297205,28.052946994971926,17.993980722675882,10.810567292292927,90.15,0.642,C/1989 Q1,C/1989 Q1 (Okazaki-Levy-Rudenko),-0.0006224601529538631,-0.03012146893888712,0.029499008785933256,True,1.0002254023082917,1.00040167018095,1.0024192837148918,True,182,52,"[0.083102, -0.867333, -0.490741]",0.12067055181188746,0.08705009446166628,0.20356671143132415,107.16081258739702,2.092684778730607,1.6242945812378022,1.3077697846627072,78.69560999917142,36.682720010631066,2447842.416145749,2447842.415626195,2447842.4457476637,2447842.416248655,17.69962680159406,1989.0
-388.1390195264137,4.98157348829156,0.10221428358374092,21.2105101376634,15.861418811858341,9.39752083490793,58.96,0.35,C/1989 X1,C/1989 X1 (Austin),0.0008707367815077305,0.0065004113130271435,-0.005629674531519413,True,1.0002574911457942,1.0002479133934772,0.9999842709080408,True,74,205,"[0.324278, -0.570887, -0.754276]",0.0792299653065473,0.06414208962809216,0.12579723787285035,83.07502004418066,2.0219245059800572,0.997424683846387,1.9189781330737763,120.70747160215552,70.67427998379011,2447991.4677438335,2447991.468445642,2447991.4619452306,2447991.467574905,21.643350250233333,1989.0
587.1236767950892,3.5761666843638484,0.20023500568811628,19.62467464531402,7.249434427405094,19.434601422067725,59.37,1.569,C/1989 Y1,C/1989 Y1 (Skorichenko-George),-0.02528935018926859,-0.008162834215909243,-0.017126515973359346,True,1.0004066277617436,1.0005251403160396,1.00031159256115,False,95,14,"[-0.209145, -0.78953, -0.576975]",0.07368654245878939,0.19679979528886407,0.20592189115404083,117.99131407373461,1.651756054844178,1.5161370496583553,0.9008561141048953,660.5718015866037,324.5759415749067,2447993.420444603,2447993.4045668957,2447993.41272973,2447993.429856246,4.020013693586062,1989.0
-874.5112353899203,1.7999828593304634,0.2210909836497174,28.009753366247136,2.654710887866446,25.70870515044406,131.58,0.939,C/1990 K1,C/1990 K1 (Levy),0.0214586379006505,-0.06727336626499891,0.08873200416564941,True,1.0006118005270346,1.0000739578844575,1.001071277705057,True,599,101,"[0.035887, 0.746535, 0.664378]",0.03947855127643395,0.21167743206017134,0.2511555017526826,73.36376070254275,2.5281331692846094,1.1459369439849674,1.4070625579290066,392.28109157448085,521.7131616110423,2448189.1849206123,2448189.2054092153,2448189.2726825816,2448189.1839505774,132.97888756450342,1990.0
-282.32630890866545,3.4769251864554804,0.144193718340681,10.809229119658909,8.243156143503205,4.4571870337206905,132.77,2.682,C/1990 M1,C/1990 M1 (McNaught-Hughes),-0.0047445399686694145,-0.009034742135554552,0.0042902021668851376,True,1.0013016529295484,1.0013261108215978,1.0012340496589072,True,27,23,"[0.739179, 0.632895, -0.230344]",0.11036843907246709,0.06137152723218008,0.14829837481178915,6.405728445015612,1.0589123671602343,1.1598173102770462,0.5320714055593683,238.2057315814633,92.73824998887876,2448315.158198869,2448315.1537248497,2448315.162759592,2448315.1584693897,1.3940756903367968,1990.0
-185.18199720753455,3.938372099648862,0.1559270684870071,18.34125477484221,12.846826443538736,5.891229051370523,143.78,1.092,C/1990 N1,C/1990 N1 (Tsuchiya-Kiuchi),-2924586.5402294924,-2924586.5356151853,-0.004614307079464197,False,0.995443126485669,0.997266192975312,0.9953010900828745,False,57,56,"[0.865026, -0.501625, 0.010076]",0.02739506475793726,0.05363083422810247,0.07034875205330449,64.96469309748929,1.6473046426135762,1.7615527189317077,1.2119989604956165,21.93564999329754,113.68405160361625,2448163.244493492,-476423.2965814378,2448163.2390337475,2448163.2436480545,454.2506075957534,1990.0
63.81771328266632,1.7494021327287081,0.32056622596647866,26.19352819157967,18.083404563431127,10.46668202201854,77.29,2.265,C/1991 B1,C/1991 B1 (Shoemaker-Levy),-2739919.372284623,-2739919.393565525,0.021280901972204447,False,0.9936053484909702,0.9940890362623717,0.9937002158494445,False,125,310,"[0.340351, 0.023175, -0.940013]",0.2244392339321475,0.13059783444890846,0.3266809383931564,60.06508357798615,1.3485232164822998,1.0485746495933514,0.9074595799977598,340.41590999174207,591.7839431366017,2448621.692182096,-291297.6814466575,2448621.7121188673,2448621.6908379653,7.121603593840511,1991.0
-129.30554266363197,3.6850503519486226,0.1352721306007729,13.478694292283572,9.390783945033052,4.695752790482149,95.46,1.518,C/1991 F2,C/1991 F2 (Helin-Lawrence),-0.003071274608373642,-0.006123755127191544,0.0030524805188179016,True,1.0004779186485349,1.0004503461526857,1.0004699538568316,True,96,18,"[-0.001905, -0.097452, 0.995238]",0.09750823734635398,0.04877447548110661,0.14056046985383364,106.17170263868648,1.2458047958439367,1.0858333889991632,0.5654953234716309,325.817429988942,237.74011154462343,2448641.524833825,2448641.5231251502,2448641.5292489054,2448641.526196425,12.751152534033194,1991.0
-368.05044113548087,4.228685370918649,0.08559097207164489,4.772982968078953,5.6411985278493,0.8995861056004172,49.29,4.85,C/1991 L4,C/1991 L4 (Helin-Alu),-212978322.3418225,-212978322.30621845,-0.035604062490165234,False,1.0000563548303878,0.9993051593580417,1.000302717951811,False,41,39,"[-0.080054, 0.917775, -0.388948]",0.09542272602576933,0.01138627032881964,0.0848678273587455,58.473903983010615,1.1353318702176887,1.1761085358086523,0.9825559585234268,91.69997997527045,240.1584615438159,2448672.432846655,-210529649.89798045,2448672.408237982,2448672.4438420446,5.810639504599339,1991.0
114.02488379908436,3.1977720881607214,0.11989231427943214,8.24678273130169,7.251061902729649,3.4332489159407102,90.51,3.194,C/1991 Q1,C/1991 Q1 (McNaught-Russell),-5533107.995563722,-5533108.013356149,0.017792426515370607,False,0.9945635295070218,0.9947831401432933,0.9943197905311207,False,16,13,"[-0.104694, 0.193033, 0.975591]",0.10991812542370503,0.046492638699994454,0.11979089886514933,101.47001244699467,0.7615537718187497,0.7834401720771217,0.4005174379709333,245.15474002828304,371.7209315728945,2448745.9504169854,-3084362.0425183317,2448745.970837817,2448745.9530453905,5.52070813278925,1991.0
1208.4332984192315,4.4239106802078005,0.11990345348046456,18.342003794821736,12.514580579045296,28.500676233580155,50.03,0.644,C/1991 Y1,C/1991 Y1 (Zanotta-Brewington),-1.6530975699424744e-06,-0.0006690667942166328,0.0006674136966466904,True,1.0001149030297585,1.0000918511485217,1.0001922279113267,False,240,31,"[-0.058526, -0.970421, 0.234219]",0.08377997932734424,0.1918193532237295,0.12503214713772753,128.95493414483153,1.5811738955481063,1.4345106505729226,0.9546907944816828,38.40729001249221,90.99058000769638,2448653.4922910654,2448653.491437814,2448653.492106881,2448653.4914394673,25185.74477316696,1991.0
-32.80092860662444,3.983368293059628,0.10982818680106694,12.014858081081517,8.90788390908333,7.178694039110083,79.29,1.262,C/1992 F1,C/1992 F1 (Tanaka-Machholz),-681828.4939386195,-681828.494348353,0.00040973350405693054,False,0.9959636749818256,0.9916837636674564,0.995980377380719,False,83,85,"[-0.356757, 0.270459, -0.89419]",0.07307315188346838,0.06678584242900161,0.11713051976396491,86.54141023539262,1.0140213761550434,1.0184860871296995,0.9405774590571379,26.945279999392934,275.5265915625639,2448735.1912656133,1766906.6973444477,2448735.1916928007,2448735.191283067,116.6241554462436,1992.0
519.5005159498977,2.542004663446341,0.23099459878656814,16.35353363105004,6.176144070298964,10.306407430470154,124.32,3.007,C/1992 J1,C/1992 J1 (Spacewatch),-0.17199725564569235,-0.2217185329645872,0.04972127731889486,True,1.0000217278744377,1.0009754292737725,1.0002723105640376,True,163,85,"[0.325867, -0.469087, -0.820834]",0.08666685001102704,0.14866213060433722,0.23371018871748359,78.91341657261877,0.8535258833148098,0.7714128290148168,0.9213423034091254,428.7369831314207,493.32192160248724,2449236.049011568,2449235.869975905,2449236.091694438,2449236.0419731606,4.354598755946891,1992.0
99.91319114593529,2.6515721372162186,0.19420546931124777,15.676944868983405,1.6753869647555932,14.088579926438198,65.99,2.314,C/1992 U1,C/1992 U1 (Shoemaker),-97722628.22687182,-97722628.26195352,0.035081693436950445,False,0.9993630199245671,0.9994427603981393,0.9994732545023937,False,197,33,"[-0.054086, -0.662896, -0.746756]",0.02758391963134192,0.17001065206859736,0.19705703296189706,103.7031980722628,1.4266592694523077,1.6786061849549982,0.8617069075699623,146.98258003666894,436.8175131299254,2449072.1919476716,-95273556.04730907,2449072.214644443,2449072.1795627493,2.564985952743957,1992.0
-520.3545677453361,2.4173825417665857,0.04091102235194566,3.608790080103279,6.344902271271284,8.576713740126896,124.88,1.937,C/1993 A1,C/1993 A1 (Mueller),0.002043388318270445,0.03683240199461579,-0.03478901367634535,True,1.002077807669665,1.001831701218262,1.0018473859788741,True,670,75,"[-0.783041, 0.02141, -0.621601]",0.07380779154378969,0.10225761288090177,0.058285541440920435,118.75312632958212,3.2734247502565537,1.4105011137334602,0.766922987862831,412.2688215889175,213.7478615571217,2449365.3856855268,2449365.403515502,2449365.3666831,2449365.4014721136,26.91049025472988,1993.0
565.745593474438,3.220463589828423,0.07393763630121791,4.122239935537687,1.9427424376496425,4.705087338003839,67.77,4.849,C/1993 K1,C/1993 K1 (Shoemaker-Levy),-0.6378766349516809,-0.7745459494180977,0.13666931446641684,True,1.0001600565386082,1.0011663207468644,1.000263864070743,True,26,20,"[0.374623, 0.567035, 0.733573]",0.04986859293077106,0.08900277741352691,0.06529768151119295,63.47722498421624,1.0637822579400553,1.2616340662186831,0.8388874271069725,149.75026154318687,674.6044331369609,2449385.583857111,2449384.920466297,2449385.6950122463,2449385.558342932,29.440426577292648,1993.0
-69.06311144406811,3.419018382087935,0.17303489795198854,21.6017184564999,11.029034082913757,14.932679336437884,105.03,0.967,C/1993 Q1,C/1993 Q1 (Mueller),-0.0024537197314202785,-0.01137978071346879,0.008926060982048512,True,1.00031286950358,1.00029076409792,1.000854075373435,True,519,18,"[-0.211197, 0.21075, 0.954453]",0.08912826222852395,0.12538221736845254,0.17860268545788635,105.69271707672019,1.254039413811843,1.211335785989362,0.5824111333442592,543.2104216120616,21.992709999670172,2449437.7762072203,2449437.7747091427,2449437.7860889235,2449437.7771628625,5.5285146605391535,1993.0
147.23408621546014,2.171413811312549,0.24083204724526752,21.205274814177297,11.659760770966068,9.696137376520284,135.96,1.948,C/1994 J2,C/1994 J2 (Takamizawa),-4792511.177630439,-4792511.214826778,0.037196338176727295,False,0.9963853992453026,0.996498750330705,0.9964103924015206,False,256,155,"[0.732428, 0.66484, 0.146756]",0.1193603667673514,0.12909936890631693,0.24475091105833516,22.94495457868284,0.8849901533640031,0.7941319591348242,0.8353328151045442,100.73749998319549,927.7624915785339,2449533.142064544,-2342978.0633157995,2449533.1515109777,2449533.1143146395,5.3835190236593355,1994.0
-959.4157916312947,3.041280782417904,0.19299324241974172,22.198824877825437,27.039340197350768,8.346554186758366,94.38,1.14,C/1994 N1,C/1994 N1 (Nakamura-Nishimura-Machholz),-8921115.9674276,-8921115.983817037,0.016389436554163694,False,1.000284539968811,0.9986462793926172,1.0004916193263205,False,54,257,"[-0.535525, 0.134877, -0.833679]",0.20727929103715736,0.07485741833184446,0.16555620591547437,99.87884542212228,0.9103744146012713,0.9196174103165545,0.8972220816508787,6.317539997957647,107.57756998489576,2449546.4495507427,-6471569.527523242,2449546.4562937953,2449546.4399043587,149.9914355848282,1994.0
1756.3198689818632,2.4225114187097914,0.3879923348546056,50.50268866602747,53.81425726242349,32.992931007588055,89.29,0.891,C/1995 O1,C/1995 O1 (Hale-Bopp),-1737612.6527863713,-1737613.2791809617,0.6263945903629065,False,0.9950153090998907,0.9967558259592519,0.9950032863461552,False,2561,1055,"[0.126894, -0.636896, -0.760435]",0.3740416484212933,0.17859110936128494,0.3880711163054614,94.21249116005556,1.4106118893511401,1.0108450270804852,1.0792462819776294,1430.0126847237245,5980.5242678394125,2450538.246997545,712924.4821207728,2450537.7613017345,2450537.134907144,17.675901080074247,1995.0
779.9745805382954,3.9063457181893506,0.11511189438643357,21.411959439143097,16.712039117969724,6.596808210896281,147.39,0.436,C/1995 Q1,C/1995 Q1 (Bradfield),-4328248.171605964,-4328248.169154963,-0.0024510007351636887,False,0.9980343962604153,0.9991597003831088,0.9980801967327384,False,28,146,"[0.889919, 0.374895, 0.259803]",0.054343109875411966,0.02839870208756325,0.058838363387657466,30.1526641368694,1.177803407832608,0.8307073991135082,1.1201868832269688,10.006699997801334,136.08075160368674,2449960.917844801,-1878287.2531009866,2449960.916053977,2449960.9185049776,228.84290741468186,1995.0
551.936508374765,1.4551492598215547,0.1469795098535239,17.5669840495429,7.409326487938354,16.72104234555502,54.47,1.055,C/1995 Y1,C/1995 Y1 (Hyakutake),-0.0016935495659708977,0.00034354208037257195,-0.0020370916463434696,True,1.0003349994796216,1.000263330974028,1.000182223489596,True,187,81,"[0.550843, 0.591443, -0.588869]",0.0640327477635925,0.14572964611939027,0.14843100229007286,25.883150381969696,1.1321006499584074,0.7928082123287113,0.8507430605808391,59.377661591749984,208.66194996612387,2450137.7883165926,2450137.785731586,2450137.785388044,2450137.7874251357,2.4983284808628334,1995.0
681.5224626463842,4.545679669708105,0.05704844420229881,5.831129077720149,7.753348049057794,11.028990874808779,51.92,1.449,C/1996 B1,C/1996 B1 (Szczepanski),-686622.0691687213,-686622.0699017458,0.0007330244407057762,False,0.9906763536380093,0.9904888261368997,0.9906767977327918,False,177,319,"[0.773514, -0.508177, -0.378723]",0.07331479178852889,0.10911804566048708,0.05499109139487173,64.33268413765447,0.8081921122014546,0.520220142675919,0.9050688182578015,10.066670002945424,123.45335999720058,2450120.41534588,1763498.3453700682,2450120.415271814,2450120.4145387895,11.306070287859432,1996.0
-866.1229848660083,4.34291357552929,0.013723899042883032,3.513303570768147,29.844069690172713,26.34056424858775,124.92,0.23,C/1996 B2,C/1996 B2 (Hyakutake),-5652174.61535842,-5652174.614519665,-0.0008387546986341476,False,0.99994320181541,0.9996295616262243,0.999980378790096,False,978,55,"[-0.577234, -0.525099, -0.625358]",0.10745415028248333,0.10285602260997263,0.038118166885555076,127.71353877120713,1.4315841938223886,0.9179751487261222,1.7791087336092435,111.96842001883296,175.60268996774548,2450204.892526683,-3201969.7212134236,2450204.893306242,2450204.8941449965,168.12173159729412,1996.0
397.90789611278944,1.7906863602203698,0.4061619718456361,42.77142233443127,1.5397425939645977,42.599646320844236,114.48,1.359,C/1996 E1,C/1996 E1 (NEAT),0.013718868140131235,0.031665933318436146,-0.01794706517830491,True,1.000933760623551,1.000624766283268,1.0005014799604477,True,180,69,"[-0.072206, -0.431668, -0.899138]",0.02984414676755897,0.41705830991063086,0.43793495035764196,95.23634825923041,1.1505685683209714,0.7863186957094901,0.8297419686543639,133.61633997479248,72.8547199895771,2450291.846507409,2450291.860616259,2450291.8289503255,2450291.8468973907,45.50127360853273,1996.0
686.9474453632147,4.0522637598252915,0.1951275415936699,24.892287348479027,8.173622558854303,25.944620847381092,52.15,0.926,C/1996 N1,C/1996 N1 (Brewington),-0.001689122524112463,-0.0029102289117872715,0.0012211063876748085,True,1.000616822154896,1.000647386085416,1.0006366057895113,False,164,150,"[0.065935, 0.833247, -0.548955]",0.06410707291584308,0.2040720389648056,0.192881420912262,50.89426020698894,0.8098653200546935,0.6609620794283967,0.8174864087087272,28.533519991084727,91.02229999302473,2450298.9244088545,2450298.9221454486,2450298.9250556775,2450298.923834571,1.877092007936269,1996.0
-249.18419724068502,3.1171256714740405,0.08116031481620459,5.607740126606414,3.1266537851620404,6.030724236126093,145.07,3.157,C/1997 A1,C/1997 A1 (NEAT),0.1621331381611526,0.19337904267013073,-0.03124590450897813,True,1.0020223900037948,1.0010102475388252,1.0018259973166164,True,170,34,"[0.180274, -0.912011, -0.368426]",0.08559605627602618,0.08879693033018182,0.0876781771766485,105.57014339654347,0.5958300450749671,0.5684758487685747,0.6314909240034997,80.81246001700147,124.4885200127053,2450619.089105034,2450619.265181755,2450619.0718027125,2450619.103048617,38.501778315002845,1997.0
371.3572845172951,3.6989866231461423,0.04321540764216711,2.8620670542108804,5.9677657248192935,6.82637309551718,72.72,3.436,C/1997 BA6,C/1997 BA6 (Spacewatch),-192714799.03143945,-192714799.000149,-0.031290453393012285,False,0.9988186083040816,0.9994737084765664,0.998594798192143,True,278,258,"[-0.009135, 0.39665, 0.917925]",0.09245999124187727,0.11515452933900758,0.059008537064472184,89.87097531602178,1.3560041677913102,0.6541676085647639,1.051524022264423,1035.17391313021,1660.6116999660399,2451510.070102249,-190263288.95424157,2451510.0459074248,2451510.077197878,23.449559929394905,1997.0
-500.7201587759603,3.2278181753374673,0.08132172913621165,6.6596195894733885,3.8037128662918294,8.250813650487896,141.89,2.248,C/1997 D1,C/1997 D1 (Mueller),0.00011230167001485825,0.004695977549999952,-0.004583675879985094,True,1.0010599188644425,1.0011776495415603,1.0009002558997067,False,286,151,"[0.091267, -0.994355, 0.054118]",0.04758254976423076,0.10038993665809447,0.0816492286481311,118.70069924629969,0.6662598426188736,0.5587172407810155,0.607153548224984,235.04389154135595,324.9786400027497,2450733.11213504,2450733.116773413,2450733.1120774355,2450733.1166611114,1.5700052805802258,1997.0
158.06347049988244,2.5614148992304933,0.08091617320206283,5.666585374664558,5.945964314327104,10.894952934269613,69.84,3.085,C/1997 G2,C/1997 G2 (Montani),-4526303.479437618,-4526303.564673305,0.0852356874383986,False,0.9941865903912789,0.994239342659987,0.9939802793385107,False,169,21,"[0.036038, 0.581853, 0.812495]",0.07714037948715938,0.14976927537537338,0.08425651864754223,80.59754239578879,0.860884377190191,0.6886465025303512,1.0075669210189107,352.8343715742617,180.77396996286853,-2013773.3104304494,-2075383.67780595,2450919.886867355,2450919.8016316677,3.3987319373612777,1997.0
-41.380976004155706,2.982788146295755,0.2069942941375659,14.548410328643012,4.96213941879789,11.538376447141536,91.27,3.051,C/1997 J2,C/1997 J2 (Meunier-Dupouy),-0.016772513277828693,-0.1477529564872384,0.1309804432094097,True,1.0011597225180604,1.0005751239180862,1.0015607236609918,True,850,600,"[-0.471751, 0.264427, -0.841147]",0.060820657934948265,0.18512567504059155,0.21521416221523507,92.73879870613243,0.8569909622995217,0.5777273268174427,0.5751684621350497,306.5496615747868,568.1758915363635,2450883.0093160965,2450882.9166152184,2450883.064368175,2450882.9333877317,7.732816288163096,1997.0
-2318.2052016701964,1.0641012759303214,2.737301955750774,162.7516815862174,128.5120241316004,34.92665541042713,14.58,4.263,C/1997 P2,C/1997 P2 (Spacewatch),0.19930350175127387,-0.36447677575051785,0.5637802775017917,True,1.0275554724521574,1.0282965101642185,1.0273931253320836,True,69,26,"[-0.85066, 0.51397, -0.110514]",2.194327153216699,0.47406383352411025,2.6515172570401537,112.47321264532175,0.6895453966973161,0.5962201467759612,0.8609234559311865,18.691509995809582,28.592539997037708,2450691.5775355236,2450691.8370212596,2450692.2014980353,2450691.637717758,1.0157960062189977,1997.0
152.90578348811528,3.929010707545362,0.22200052373858642,23.387713067922085,12.473729148135012,13.600900388800682,127.99,1.359,C/1997 T1,C/1997 T1 (Utsunomiya),-17192973.651841205,-17192973.64960159,-0.0022396137937903404,False,0.9985422609864205,0.9989573584135528,0.9984659810495488,False,592,131,"[-0.430193, 0.447247, -0.784158]",0.10341262389608057,0.13542894315516493,0.2130587766889976,85.83786984509246,0.8814423965125717,0.8604076625924512,0.9152093295826759,62.34217001031153,187.11871001224017,2450792.6457555126,-14742181.00704877,2450792.64255282,2450792.644792434,53.36034952479009,1997.0
712.7278505619288,2.612421043014043,0.13556821727426394,10.922907894811152,5.694487701755544,11.74902360276017,64.46,2.323,C/1998 K2,C/1998 K2 (LINEAR),-106858846.6071803,-106858846.61847709,0.01129679474979639,False,0.9991883913634765,0.999472738151635,0.9990869318581783,False,162,53,"[0.006704, 0.802474, 0.596649]",0.08347699742354497,0.13972934069939422,0.13834059587703273,72.03503286317667,0.8612906039036186,0.6516243972456447,0.8547501405256718,98.08559997177908,531.402321607576,2451057.7441373863,-104407788.8768767,2451057.7416003942,2451057.7303035995,23.34204279145868,1998.0
654.3449872834185,3.523580864887041,0.029596720003681486,2.0612610553483,6.337161952131178,6.958158840440833,20.38,3.118,C/1998 M1,C/1998 M1 (LINEAR),-3368662.232092351,-3368662.332273693,0.10018134163692594,False,0.9926350627011342,0.992909852962322,0.9927839152977057,False,158,38,"[-0.073571, 0.990582, -0.115475]",0.09599331127429026,0.11284350513679359,0.031096351887479973,59.58394986010016,0.7066687271773086,0.7601296604283694,0.4215998595721003,139.8725399647077,180.72100996946074,2451114.6417737072,-917547.6200453271,2451114.7122283657,2451114.612047024,8.038201517790707,1998.0
647.7788469184206,3.3851586265800857,0.08045068851484796,5.987897112471037,4.74703565658212,10.550607604184181,60.18,2.725,C/1998 M2,C/1998 M2 (LINEAR),-15695287.372253574,-15695287.399541544,0.027287970762699842,False,0.9976908119594586,0.9977785168907429,0.9976594269030447,False,264,136,"[-0.1699, 0.833679, -0.525464]",0.06613883204438181,0.14564695139729036,0.08038695679938122,64.20202567546103,0.6578206737986542,0.5964496372554084,0.7726548240698321,99.10988997204402,443.48002156911303,2451038.697829577,-13244248.69992384,2451038.699617705,2451038.672329734,0.9425307967607377,1998.0
60.506910218625734,4.518218880416203,0.08369411368711145,4.279005514778778,4.696374481041348,6.537994589499473,113.42,5.768,C/1998 M3,C/1998 M3 (Larsen),0.10619549406692386,0.23936099978163838,-0.13316550571471453,True,1.0023868935280917,1.0024878821683414,1.0023855667896795,True,69,41,"[0.371565, 0.869584, -0.325213]",0.08803047254371392,0.13949464866186642,0.10693099461462487,32.1017906402244,0.7545863030315993,0.7096148243656718,0.57525368870143,45.03765998633415,331.7192715847871,2451011.6026022783,2451011.7153433175,2451011.4759823177,2451011.6091478234,8.501189644395124,1998.0
2092.283043252516,0.7338560751717715,0.667819011110889,62.13064316191208,64.13056481426857,2.6334840027307025,82.23,1.742,C/1998 M5,C/1998 M5 (LINEAR),-4070349.433777303,-4070349.4427750134,0.008997710421681404,False,0.9960876185755619,0.9965070262969545,0.9961268121392748,False,943,320,"[0.121667, -0.216101, -0.968761]",0.691970209173332,0.02327996696128464,0.6747478903072068,78.55306259197586,0.9960109533092983,0.6567233548379134,0.6120620489347814,479.49991159947166,464.6367500073685,-981390.3190189102,-1619146.3648679606,2451203.077907053,2451203.0689093424,16.47269736599018,1998.0
1241.0622841449863,1.1916269586147974,0.2148492243677538,24.639733972538014,26.690843047798893,5.554257297387844,145.73,1.146,C/1998 P1,C/1998 P1 (Williams),-0.10350687801837921,-0.0275658774189651,-0.07594100059941411,True,0.9998076919965063,1.0021647674279321,0.9980165042547896,True,133,338,"[0.684059, 0.520798, 0.510718]",0.12014402914035241,0.12964978645750574,0.22835363357373595,43.82558080249099,4.759362956858693,0.6339768838279569,1.7931545061921417,44.57562999244348,181.31159160337975,2451104.351381894,2451104.232912167,2451104.2604780444,2451104.336419045,596.6951064794621,1998.0
898.6142898068946,3.4796386427030663,0.19234537505267568,19.493081094961887,12.499811226802775,7.392975098989104,170.16,1.468,C/1998 T1,C/1998 T1 (LINEAR),-36897431.178486004,-36897431.18615645,0.007670445833355188,False,0.9991692902430459,0.9993233337264951,0.9992048393829273,False,267,212,"[-0.295268, 0.947425, 0.123297]",0.12178230856908527,0.07990555313828679,0.19748799143499268,75.52455307774916,1.529074044051741,0.601184211989717,0.7972296982672196,262.9203315977286,317.1588800128903,2451354.752266693,-34446076.429629624,2451354.7565268287,2451354.748856383,15.606815731230974,1998.0
-6.2565426789252,5.791888128068701,0.033221543957867715,1.6954353744686723,3.609573900415324,2.071329762521128,92.04,5.787,C/1999 F1,C/1999 F1 (Catalina),-734768083.4898902,-734768084.0745791,0.5846888427622616,False,0.9988978028939908,0.9996368501416374,0.9994898763700579,True,118,56,"[0.251521, 0.056228, 0.966217]",0.06170312455392887,0.037082172160120164,0.03513008096963951,89.0568127139471,0.7193989339859356,0.6866373120770578,0.6811572765031586,1041.157889986815,1065.4460800036888,2452319.30705778,-732315764.3544885,2452319.720090617,2452319.135401774,4.594457306555598,1999.0
-948.2854161821688,4.393846368101083,0.09913938102761635,14.46783747962657,3.3254721131615876,12.602178180121344,149.35,0.708,C/1999 H1,C/1999 H1 (Lee),-271273168.0131387,-271273168.01276684,-0.0003719092346727848,False,0.9997731216891269,0.9999136427608997,0.9997260881667823,False,362,698,"[0.556169, -0.761525, -0.332799]",0.016393555227210754,0.09135823361586153,0.09327683614174904,83.73045227277159,1.23199440030275,0.7024534164538558,0.7990480891092652,66.8715999854184,164.61989000856698,2451370.6725852317,-268821797.34098536,2451370.6717814505,2451370.6721533597,63.627483416257384,1999.0
-74.84969698584872,2.3757891563300912,0.021151389224978914,1.3878222852798132,7.0373625185576785,6.18988980801258,115.84,3.501,C/1999 H3,C/1999 H3 (LINEAR),0.027628473937511444,0.0975759569555521,-0.06994748301804066,True,1.0028352789904034,1.0026085115163588,1.002719463436677,True,317,563,"[0.378124, 0.286183, -0.88041]",0.10511794800473818,0.09830122745610238,0.014686816708178514,48.74407471052844,0.869585111490593,0.6946296093508487,0.7026323655699943,113.19445996995363,945.0445000317467,2451408.680097116,2451408.747442381,2451408.649866424,2451408.719813907,5.492385779856849,1999.0
-109.11934584718978,6.213557874811256,0.01830398048252319,0.8427518982183392,1.0827135025678707,1.512790385111623,86.41,7.11,C/1999 J2,C/1999 J2 (Skiff),0.07845568656921387,0.2900434760376811,-0.21158778946846724,True,1.0023619921495774,1.0004326928434657,1.0027383438729425,True,459,556,"[0.425772, 0.430483, -0.795866]",0.011767692938859329,0.017622089613975444,0.018327118263185792,40.75405790723847,0.6519539940162902,0.5446234326945079,0.706666334648565,329.622870003944,1147.3319099920657,2451640.2939249654,2451640.5643127346,2451640.2742692586,2451640.485857048,4.169181226303383,1999.0
-315.61806061173445,4.584056969867404,0.21025319344378068,26.12139498393814,12.277466973399854,15.343933225455805,101.66,0.977,C/1999 J3,C/1999 J3 (LINEAR),-23489104.75196392,-23489104.743475813,-0.008488105610013008,False,0.9996332507570226,0.9993914388978543,0.9991455806725547,False,91,107,"[-0.577801, -0.758475, -0.301433]",0.09837753925845155,0.1296903246875698,0.21997534343071753,144.31114315885256,1.3584816639052388,0.713467821548075,1.3930975997828683,130.53187996630217,160.69709003434716,2451441.6690772073,-21037663.085099746,2451441.658376069,2451441.6668641744,10.71185190737451,1999.0
362.4605345968139,2.253630080200468,0.05959865416723816,4.055406087704033,4.5208696090996074,8.376377471782915,89.47,3.255,C/1999 K5,C/1999 K5 (LINEAR),-0.017181300558149815,-0.03204007726162672,0.014858776703476906,True,1.0016087738560586,1.001804680504223,1.0013080111978476,True,154,96,"[-0.141275, 0.455644, 0.87888]",0.06398697857597521,0.1186149418587312,0.05860977619854926,93.64434024251669,0.7699323295487551,0.5705342580362791,0.8444487048694342,287.37499000088883,615.6364600203008,2451729.9021466533,2451729.8680421943,2451729.9000822715,2451729.885223495,3.961622023861287,1999.0
-88.61518507991377,2.3050802468727793,0.34680625686933236,28.448336651831525,7.398156482217493,21.066721583761638,46.34,2.247,C/1999 K6,C/1999 K6 (LINEAR),-2441877.762587534,-2441877.765661604,0.0030740699730813503,False,0.993497969942046,0.9936681271687242,0.9934466092505536,False,115,210,"[-0.295312, 0.739775, -0.604586]",0.097127928354071,0.2521856301061444,0.34907965758011916,72.51075007070447,0.5064232260987155,0.6137785560493932,0.3769946149575622,64.3683899806676,174.68617000995124,2451384.178480024,9506.41172155505,2451384.177383159,2451384.174309089,2.5137246861269262,1999.0
-259.08509701255406,2.8690144594779365,0.25558129607410707,15.319175066729553,6.164739647025607,9.924499664323545,52.73,4.201,C/1999 K8,C/1999 K8 (LINEAR),-20919260883.45145,-20919260883.79818,0.3467277088202536,False,1.0016032404121897,0.9999717253450345,1.0012010064877814,False,425,238,"[-0.972489, -0.101885, -0.209488]",0.06869929973959865,0.20304425843832227,0.2632900584884939,142.55660489017313,0.7512501453845918,0.4809762222626464,0.9383348303349188,510.1289915898186,1013.0101500055686,2451659.0432762764,-20916809224.66061,2451659.137568956,2451658.790841247,10.155889175703972,1999.0
908.4125442384629,4.134449153051152,0.06663075328840391,9.38304414836907,8.799592572963679,11.663570065018535,111.66,0.761,C/1999 N2,C/1999 N2 (Lynn),-1965484.3795209934,-1965484.379219645,-0.0003013485111296177,False,0.9975127288846061,0.9975208626918483,0.9974723045474165,False,51,165,"[0.251237, 0.967255, 0.036038]",0.06343685545242846,0.08264780113980737,0.06701379004712898,43.79183335807308,0.8248562707629012,0.7653187942955894,0.8903162177719471,8.5773699972887,77.9416899866362,2451382.550432323,485898.17105293344,2451382.5502725784,2451382.550573927,1.4587469093890355,1999.0
-44.33577950730777,2.8987838534709023,0.06758723808056251,3.5366962670651407,6.020677670045177,2.777516715807643,156.92,5.505,C/1999 N4,C/1999 N4 (LINEAR),0.2438329290598631,0.5656586238183081,-0.321825694758445,True,1.004309113993955,1.0032679413713872,1.0041861537529158,True,170,175,"[0.229463, 0.891032, -0.391674]",0.10955147711343248,0.05046324223220284,0.06506855268329183,40.62794939857439,0.8159873463335099,0.7228334042865359,0.9178091310702332,634.7273616017917,706.4817100053523,2451688.197838171,2451688.4798224564,2451687.9141638326,2451688.2359895273,1.8699342800552452,1999.0
-1107.6893091731042,3.785402118768464,0.1506516442861074,17.08943452118052,16.865320248947505,11.29266095250131,79.98,1.172,C/1999 T1,C/1999 T1 (McNaught-Hartley),-280901176.3009546,-280901176.2932277,-0.007726889569312334,False,1.0000439009930207,0.999860400429625,0.9998597649989007,False,256,448,"[0.965801, -0.001345, 0.259282]",0.14766154247269372,0.09446212788955706,0.14497473582643525,43.85419078948643,1.9617041225820049,0.9261323033473089,0.8230911377334417,432.1891200121444,351.9094399959625,2451891.969183085,-278449284.3289357,2451891.9642920084,2451891.972018898,13.704801200676139,1999.0
-585.208224650224,0.979165183648981,0.29912726210124657,21.08146308553432,21.812515293530225,4.956819826854359,111.0,3.037,C/1999 T2,C/1999 T2 (LINEAR),0.0029986752197146416,0.018922930117696524,-0.015924254897981882,True,1.002168061023551,1.0017408591925336,1.0021288393952026,False,596,448,"[0.157297, 0.404717, -0.900812]",0.31089553694546546,0.07285271267091073,0.30345333313467293,56.61818462141271,0.8618428503124361,0.6264029765018293,0.7418595205876486,488.63463999252446,529.2071100243436,2451872.965959954,2451872.9694904825,2451872.9505675524,2451872.9664918073,5.103234476932066,1999.0
914.9342547255242,4.71655477083034,0.16172963344513605,8.572183717098335,3.7073788531853697,5.42070933785959,104.76,5.368,C/1999 T3,C/1999 T3 (LINEAR),0.9757284941151738,-1.5015021148137748,2.4772306089289486,True,0.9965753583743674,1.0009361366431542,0.9965077678335038,False,194,39,"[-0.711308, -0.495207, 0.49881]",0.2999017703836298,0.13896718194670774,0.16186664832832584,163.06063080556444,0.7316508310328704,0.7100072092464197,0.806169229953121,325.41319000476335,523.3051900312654,2451789.1812369246,2451787.850292511,2451789.3517946256,2451786.8745640167,1.0864749624900978,1999.0
-324.3198422740299,0.9103298614494395,0.5041423463713184,27.91743496852373,21.32039930640613,8.453038487750646,51.93,4.915,C/1999 U4,C/1999 U4 (Catalina-Skiff),-0.7453466202132404,-0.9987085186876357,0.2533618984743953,True,1.007622161374546,1.0081930388521385,1.0070765844684824,True,296,615,"[0.143904, -0.620443, -0.770936]",0.38735184043846127,0.15335281744939167,0.5074612562200399,92.77352134098523,1.0603200699798578,0.660606147909529,1.1262615061068728,766.2482200001327,891.9069400359649,2452211.0353835374,2452210.2892959258,2452211.2880044444,2452211.034642546,3.9390499461973847,1999.0
307.5277663674434,2.4577860795180935,0.23212501915873654,16.208599299314088,8.77210445213007,9.27045357993831,134.8,3.091,C/1999 Y1,C/1999 Y1 (LINEAR),0.04037280660122633,-0.0739126754924655,0.11428548209369183,True,1.0007495772182424,1.000593247196123,1.0009674156267616,True,784,103,"[-0.993594, -0.099943, 0.052743]",0.11640761714615537,0.1640544604595209,0.24016316118820338,150.3350862984477,0.8783005275073299,0.5924849261473797,0.7194698388693276,481.32808003216877,779.184999984856,2451992.6475312226,2451992.588497175,2451992.6624098504,2451992.5481243683,10.40198975042056,1999.0
33.81171973646163,7.29896180176358,0.061106616171835396,2.403588883785661,4.773860470941763,2.395285447577726,24.54,9.743,C/2000 A1,C/2000 A1 (Montani),4.904250761959702,3.7077461653389037,1.196504596620798,True,1.0048658368785608,1.0039992280564487,1.0052815910591038,True,85,50,"[0.570262, -0.814988, -0.10294]",0.33356918511567174,0.03328898790429096,0.3003231338285873,87.72170755209041,0.5392059894673884,0.49234297705301927,0.5586358270396262,118.17139001689664,498.4981200347396,2451739.3586202185,2451743.650196181,2451739.942450016,2451738.745945419,59.94025837412971,2000.0
519.1917699185229,2.6485269234206887,0.031139945033788752,2.1519148163453585,6.830410425148141,5.079202163881668,49.21,3.156,C/2000 CT54,C/2000 CT54 (LINEAR),-76081235.13625446,-76081235.10007755,-0.03617690596729517,False,0.9987185222909851,0.999101913197547,0.9982433935174765,True,69,152,"[-0.254787, 0.603461, 0.755592]",0.09921955658677097,0.08009102494559588,0.030710568672964015,92.6929136691884,1.0625331687684845,0.7553416857943754,0.8309077889282841,803.9035299914275,941.9349699997257,2452079.9990488533,-73629155.18907273,2452079.9110048204,2452079.9471817263,13.060108279887434,2000.0
97.57808705256559,5.095375188352299,0.029387609567095047,1.4401940218854348,2.7557662269317276,2.7743315557852557,116.79,6.276,C/2000 K1,C/2000 K1 (LINEAR),-0.6583021059632301,-0.4668141435831785,-0.1914879623800516,True,1.002390731345817,1.0074828323293978,1.0022085148798063,True,23,310,"[0.28535, 0.927313, -0.24221]",0.13445987212003024,0.06478024780511484,0.06975080040414794,37.7916404812889,0.9575247377302195,0.5637274711726972,1.0185219495994946,58.83197998256959,469.47412997079203,2451527.091208486,2451526.3540505986,2451526.820864742,2451527.0123527045,121.51990019950237,2000.0
926.9542737808358,2.9855109927730923,0.025348199344924847,1.9951089142545952,10.750326439551081,8.756385073202301,25.63,2.437,C/2000 K2,C/2000 K2 (LINEAR),-4785281.544345414,-4785281.511778153,-0.03256726171821356,False,0.9951575248288129,0.9956146324495283,0.9950724865810319,False,183,158,"[-0.504557, 0.757775, -0.413763]",0.14410776961906493,0.11515078767377553,0.02895832187466523,84.35397834358717,0.812301954150894,0.7715726279387076,0.7470762883083857,156.10849996429937,823.7562800230453,2451828.856482096,-2333452.6761710485,2451828.835607104,2451828.8681743657,8.5011390344687,2000.0
74.65922119141908,4.804292379484133,0.11506740736149083,5.805279397021178,1.726771080887504,4.916591952295698,148.1,5.922,C/2000 O1,C/2000 O1 (Koehn),-0.9788367399014533,-1.381973006296903,0.40313626639544964,True,1.0001421514291213,1.0003870309374832,0.9996943493820911,True,20,45,"[-0.707839, -0.557184, -0.434177]",0.03514982971239166,0.09507626241333232,0.11345408728123295,141.05086878453093,0.8234983778516718,0.7897746673761423,0.7862133137928073,363.94301157366283,402.70220999000315,2451571.181912054,2451570.256060719,2451571.6380337253,2451571.234897459,3.2612160646613555,2000.0
-135.94066689033923,3.093821977160591,0.40173889170277516,26.206237078719642,17.656082752336324,12.894119559460075,75.24,3.542,C/2000 SV74,C/2000 SV74 (LINEAR),-0.1050942949950695,-0.04208761686459184,-0.06300667813047767,True,1.0049075805294896,1.004593659850073,1.0042701423695668,True,757,1451,"[-0.112652, -0.319831, -0.940754]",0.2761042112469855,0.2036820614682459,0.41465336566942174,93.07473803998487,1.457743700201387,0.7244296540201058,0.8036924857690809,577.4597100359424,1105.5646499982552,2452395.0406158273,2452394.9260183,2452394.968105917,2452395.031112595,18.37548058191224,2000.0
1167.9717525848894,4.734567869953722,0.03492148980518181,7.5667393960351825,17.177209514723085,10.137777492502266,160.17,0.321,C/2000 W1,C/2000 W1 (Utsunomiya-Jones),-0.004651895258575678,0.005745753645896912,-0.01039764890447259,True,1.0000607945710893,1.0002804561959826,1.000885759091765,True,173,17,"[-0.748333, 0.608092, -0.264996]",0.06351677533219541,0.12817280681175375,0.08330099464270432,102.33099275361953,1.1565635882779404,1.1205203752814823,1.4740427034034682,25.944820007813266,11.994280003883523,2451905.0589487418,2451905.0546186497,2451905.048872896,2451905.059270545,30.606774170316207,2000.0
-765.7832035755841,4.343092405804732,0.18057382821292775,29.759037510420008,36.43442790062026,10.747385098258363,72.55,0.555,C/2000 WM1,C/2000 WM1 (LINEAR),0.003643420059233904,0.002515926957130432,0.0011274931021034718,True,1.0003109220681032,1.0002002023495407,1.0002562074666974,False,1273,950,"[0.315286, -0.054542, 0.947428]",0.22180596195157246,0.05999224365189992,0.18589877833905358,89.32149623515802,1.5921616814315107,0.9151391253127604,0.7203207444507996,419.2916900162606,539.2294299840964,2452297.1726598963,2452297.1768362024,2452297.1743202754,2452297.1731927823,16.918906552518937,2000.0
-58.91792328429601,3.7569713426148748,0.160102329462828,6.960800829684515,2.3907423946281363,4.577797471822911,137.97,7.975,C/2000 Y1,C/2000 Y1 (Tubbiolo),0.8220131234265864,0.2553172707557678,0.5666958526708186,True,1.0013251478164376,1.0032867141296,1.0013637600736176,True,61,33,"[-0.528903, -0.848429, 0.020732]",0.057353049112981086,0.13629891204289346,0.19348022335053994,153.40351769426104,0.7873160505706329,0.8624674485409252,0.5890662902200553,89.11661002412158,623.1926099692466,2451943.093497374,2451943.4789052526,2451943.223587982,2451942.656892129,11.98228734325056,2000.0
34.811400463984455,2.5307886104185977,0.2647133694566109,19.555769107042373,12.930741461038401,6.773134848691032,12.09,2.769,C/2000 Y2,C/2000 Y2 (Skiff),-3954067.2416121014,-3954067.2703584186,0.028746317140758038,False,0.9943560364958873,0.9943420256792342,0.9944580185242909,False,119,40,"[0.885724, -0.449533, 0.115816]",0.18397700905950978,0.09245645220580659,0.27455505681973685,63.60913940562295,0.5795631963541912,0.6141869775118076,0.44558772606195435,115.90050003119417,80.3736099885919,-1516607.5889899735,-1502076.934718159,2451990.3356402596,2451990.3068939424,1.0000793493980589,2000.0
-145.26116031837188,6.935710369427327,0.048503677267208146,2.0749951923682217,4.126623961650133,2.0563909701782372,45.36,8.236,C/2001 G1,C/2001 G1 (LONEOS),-0.6352031612768769,-1.381414067465812,0.746210906188935,True,1.0029885806995436,1.001482076558027,1.003514255084159,True,70,77,"[0.957335, 0.204618, 0.204062]",0.06057321820650253,0.06949310471453429,0.027626777343407263,32.97487354706918,0.6856616320737285,0.5419366805384561,0.9287402885736926,146.20993001440726,423.1743799912262,2452191.750315165,2452191.080292181,2452192.4617062486,2452191.7154953424,13.259226580755719,2001.0
355.64027987824056,2.305670525275262,0.27615444702474656,20.30163577159298,10.263528743288495,10.55443060244024,163.21,2.792,C/2001 HT50,C/2001 HT50 (LINEAR-NEAT),-13356247.81503103,-13356247.901787493,0.08675646409392357,False,0.9977236151576078,0.9974667222384567,0.9981335970067979,False,1735,2365,"[-0.21291, -0.962199, 0.169833]",0.14009041812737932,0.1451445619235672,0.2782137730799864,137.26118645952064,0.8699202797297542,0.7588411861816126,0.6653910164465265,806.9075500004276,1085.5874915771062,2452829.5282820105,-10903418.291144477,2452829.6106430157,2452829.5238865516,3.71718905760569,2001.0
-104.44133828644287,5.40029968734964,0.04848131731422809,2.6141012398629737,3.2972704289055876,3.3870009292908603,72.59,5.184,C/2001 K5,C/2001 K5 (LINEAR),-929692412.550351,-929692412.5475636,-0.0027874819934368134,False,0.9995490233878928,0.9997219096175924,0.9995365441139794,True,1228,2179,"[0.180839, 0.692468, -0.698416]",0.06100730407321976,0.059812213419222285,0.04715874110402934,47.11821307342381,0.7461038026990006,0.6890290534170571,0.6922337264377982,529.0772199637239,814.0487500189084,2452559.248164044,-927239853.3093696,2452559.2381939692,2452559.2409814512,2.6329061992633824,2001.0
-306.620986346657,2.3374169616772837,0.08049664668650253,6.050646984867741,1.1181838482906206,7.067307131614869,138.54,2.669,C/2001 N2,C/2001 N2 (LINEAR),0.007282606791704893,0.027566665783524513,-0.02028405899181962,True,1.0010881412417705,1.0010458048269,1.0009045406641301,False,869,43,"[0.251847, 0.916186, -0.31173]",0.013514138723411485,0.09342221658649005,0.08024066878268397,39.397839730578745,0.7932149824226642,0.7291657239087153,0.7568715386825084,400.4777199896509,292.5914200218636,2452506.1546166562,2452506.1721646893,2452506.1445980235,2452506.1648820825,2.1441173883602076,2001.0
-744.2292556938828,4.481007165994278,0.12655724208043986,15.840917700403104,14.31774325430184,9.84454867648121,99.64,0.962,C/2001 Q4,C/2001 Q4 (NEAT),0.013978781644254923,0.028354126028716564,-0.014375344384461641,True,1.0007939337556189,1.0007099635763015,1.0007488641921514,True,859,1827,"[0.865003, 0.501254, -0.022677]",0.12119367250494051,0.07835877466256808,0.13184126147886618,12.324290714515445,2.223529940329043,1.3504574114276342,0.7005658688704703,995.5019100288101,824.4468315466949,2453141.4641721197,2453141.479700374,2453141.451346248,2453141.4657215923,9.420900380587844,2001.0
-520.1689383090088,3.320589332269976,0.48478817121323337,41.50285210711572,28.166447922353285,14.088919754439013,30.57,2.058,C/2001 RX14,C/2001 RX14 (LINEAR),0.035049233585596085,0.045590460766106844,-0.01054122718051076,True,1.001377256675696,1.0012709018052617,1.001500094321507,False,1430,1952,"[0.690001, -0.579802, -0.433277]",0.3218708401480725,0.17280749780151464,0.4870358017756747,70.1882833751671,0.6566769425834879,0.5570820813773164,0.6103231404428345,508.29324002021406,164.18565999604468,2452658.2245980334,2452658.2379673156,2452658.192376855,2452658.202918082,1.6920852661703,2001.0
77.69450704858207,3.736567596115847,0.07566410991059251,4.430117186548311,1.6597467482235846,4.301970206082601,107.26,4.406,C/2001 U6,C/2001 U6 (LINEAR),-13036381.068813164,-13036381.20068917,0.1318760085850954,False,0.9963748743896367,0.9959350187288573,0.9967677709763437,False,75,38,"[-0.235363, -0.193393, -0.952472]",0.029036529432639558,0.08400354494154033,0.07768427686127435,94.65963785115272,0.7461219282898571,0.7347484075367546,0.6206259214484743,109.11742003060894,301.4612600158948,2452495.225413203,-10583885.909170933,2452495.2915182384,2452495.15964223,6.476859323092452,2001.0
-626.5356541011761,2.018358878824723,0.14430037131263276,13.608459114606863,14.530371819500557,12.155489736975708,115.63,1.698,C/2001 X1,C/2001 X1 (LINEAR),-1266941.1376164274,-1266941.1373942664,-0.0002221609465777874,False,0.9969870505803776,0.9925926312768407,0.9974456289833119,False,141,77,"[0.778896, -0.524969, 0.343117]",0.11080968432575242,0.1282527190491215,0.12690593470590908,74.5757409388108,0.8983705049500091,0.7824741017858067,0.6466327858859189,24.787790008151852,88.63248001739167,2452282.591270472,1185341.4543533523,2452282.5917476187,2452282.5919697797,8.55564697612624,2001.0
6147.592871711424,1.6059262189899985,0.3754055954524927,20.304575209286096,7.823524183546825,16.210744695342225,48.08,5.152,C/2002 A3,C/2002 A3 (LINEAR),-0.3322786334902048,-0.1409772178158164,-0.1913014156743884,True,1.01085386516719,1.006744147426483,0.9930737259358696,True,144,150,"[0.394709, -0.837912, 0.376973]",0.11686597583884004,0.32496584310924004,0.3912109627348562,102.85614976200995,0.6926887111017975,0.6431290583291611,0.6401464766946714,78.58125001592897,224.72829001902085,2452389.53845344,2452388.8662063316,2452389.0071835495,2452389.198484965,22.641701447459752,2002.0
197.21564787296006,4.359867439763181,0.24564778400088333,16.723884580521403,6.350733914062387,11.838687082237314,104.88,3.254,C/2002 C2,C/2002 C2 (LINEAR),-76179820.24998915,-76179820.28302902,0.03303987858816981,False,0.9996043663830783,0.9990748879321515,0.9996972990689671,False,136,79,"[-0.350006, -0.87638, -0.330839]",0.09673565265455022,0.17377065598213146,0.2520178179725573,133.29964640607494,0.7023798326872323,0.6211111936268752,0.8215188765907985,40.69118000874063,128.07272214970655,2452375.323312116,-73727444.93431966,2452375.348709365,2452375.3156694863,12.942375539919245,2002.0
304.06649775495544,4.917394156796057,0.15873099537586807,29.448219489488782,10.249903623189272,22.794937724473556,80.88,0.438,C/2002 F1,C/2002 F1 (Utsunomiya),-45163318.919913225,-45163318.92177808,0.0018648565746843815,False,0.9995880099662027,0.9998233820832293,1.0005293511050275,False,139,25,"[0.068827, -0.596459, -0.799687]",0.059948134133477125,0.11350810109211985,0.1457473278609334,95.13477621842264,0.7288387429738274,0.5908903179816594,0.5397462905671475,24.631900000331957,14.026929997643457,-10222183.258398846,-42710931.521495104,2452387.40028298,2452387.3984181234,10.631927697548374,2002.0
-303.9389897671561,4.278343744437704,0.04661339439329668,3.001929169831969,3.565484724046018,3.773342975931161,46.53,3.634,C/2002 J4,C/2002 J4 (NEAT),-712277262.8454051,-712277262.8140424,-0.03136268304660916,False,1.0002283336670323,0.9997672042309169,1.0003228554737658,True,174,67,"[-0.296523, 0.772843, 0.561059]",0.060126690333449015,0.06525710655517776,0.043968866025382636,86.82687079371792,0.8407377460209147,0.8121917858625836,0.7300232786649276,492.09877996625414,1082.0376115738543,2452915.6433665752,-709824347.1634916,2452915.6505508698,2452915.681913553,3.5826259647853176,2002.0
-45.906254082900375,3.449201092523484,0.031255345813561174,1.6035153663534674,4.92795948218099,4.87978608218571,117.23,5.727,C/2002 J5,C/2002 J5 (LINEAR),-0.09125457238405943,-0.3002868923358619,0.2090323199518025,True,1.0010843248598824,1.002346345768973,1.000312031344167,True,334,273,"[0.136227, 0.494194, -0.858612]",0.09592476089770482,0.09279203606163451,0.03175116304478827,55.078366977303794,0.682738564759912,0.6525563804915601,0.6543424875725232,773.48612999164,897.7972416092309,2452901.821419033,2452901.7186090117,2452902.018895904,2452901.809863584,1.4911166760344257,2002.0
-24.733790712829887,4.14488618893153,0.07471177843504356,5.104940949550011,2.5456965250223904,2.589120123980067,89.72,3.23,C/2002 K1,C/2002 K1 (NEAT),-105888356.36203378,-105888356.22662462,-0.13540915492922068,False,0.9996634000191497,0.9992625961782696,1.0007689794132837,False,48,29,"[-0.183381, 0.979994, -0.07735]",0.03072602460307566,0.02245944269708957,0.052115939376333305,66.21993723984694,0.8676658304633212,0.7620783577881488,0.9325891622640953,30.480679991808547,81.89418997758138,2452441.9482940333,-103435914.4083867,2452441.818237918,2452441.953647073,3.996147755227505,2002.0
41.23327608588099,6.410208406042052,0.03053665622238549,1.4136824801508643,1.874082945377518,2.292134921343673,68.44,7.033,C/2002 L9,C/2002 L9 (NEAT),-272627125.42273647,-272627125.30204546,-0.12069100234657526,False,0.9984405077235989,0.9991453032630341,0.9983346104169549,True,101,246,"[-0.487536, 0.483321, 0.727124]",0.03902234067256192,0.04856033171980172,0.032123825929178354,107.10065301496213,0.5869725154120436,0.453352951488487,0.6196002916571977,501.0707599724577,932.1670315730347,2453101.4861825523,-270174023.93897927,2453101.3630662016,2453101.483757204,4.630424650181197,2002.0
-944.2354941980967,1.706869724925229,0.029810983087845227,3.282575146480503,13.045039480913797,15.56780254419767,149.16,1.243,C/2002 Q5,C/2002 Q5 (LINEAR),0.009199066553264856,0.011372447479516268,-0.0021733809262514114,True,1.0015768730695924,1.0013831169949339,1.001504014368223,True,478,131,"[0.221982, 0.901469, -0.371588]",0.11606378397404772,0.14222800318167736,0.027040066832694887,41.05503086465608,0.7933890057460781,0.700028115313545,1.396444787778793,68.17037999854958,155.25265001404307,2452597.700452547,2452597.7094775257,2452597.698105078,2452597.700278459,41.713707774105785,2002.0
-29.179241968630674,3.3930227129291692,0.09887780142425666,6.171454586890128,7.410595074347246,5.332599633237163,161.1,3.869,C/2002 R3,C/2002 R3 (LONEOS),0.015310761518776417,0.053091762121766806,-0.03778100060299039,True,1.0027716131741498,1.0024872613766815,1.0029862549965536,True,672,602,"[-0.95642, -0.183161, -0.227403]",0.1178638963894708,0.08725029679783347,0.10024849313805473,145.2079852555265,0.6368125694836573,0.5421920273345682,0.7391639084035856,274.3806400257513,317.719920014396,2452803.976699043,2452803.998449723,2452803.9453579606,2452803.9831389613,1.3706836815120105,2002.0
-639.5740329220674,2.289855739269549,0.14914021516672743,23.346485910621457,5.1052197780460995,18.394021887183396,160.58,0.615,C/2002 T7,C/2002 T7 (LINEAR),0.008899327367544174,-0.013386135455220938,0.022285462822765112,True,1.0005661174407834,1.0004528291454484,1.0005321779907792,True,3663,848,"[-0.434067, 0.89197, -0.126393]",0.03482214181546942,0.1165864646002021,0.150312724204783,80.57261852043787,0.8537846257234588,0.47562518155977035,0.6918936612040463,556.3795100373684,695.0312915747912,2453118.561162243,2453118.570930484,2453118.5843166197,2453118.562031157,22.27712164912005,2002.0
-357.56080367286495,3.395189669987652,0.22862683118852192,25.534375559651803,21.204094001252372,8.353078920760522,59.14,1.209,C/2002 U2,C/2002 U2 (LINEAR),-0.003784468397498131,-0.0033119437284767628,-0.000472524669021368,True,1.0000550559590224,1.0000850503993688,0.9999416094352084,False,252,164,"[0.400504, -0.331131, -0.85437]",0.1869794566606223,0.0771337165981058,0.2310466312157032,70.40954301610451,0.9934244748131027,0.7806667201488456,1.306181152470325,66.37478001671602,138.1034600129265,2452640.486457371,2452640.4817849183,2452640.485096862,2452640.4855693867,3.9139483378625215,2002.0
-10.859977148325811,2.5922584244636475,0.07427956253112439,3.4966944169149428,4.679943107832617,7.565376605345248,166.78,6.812,C/2002 V2,C/2002 V2 (LINEAR),-100506688.83442649,-100506689.06846532,0.2340388186275959,False,0.9985269084904951,0.9983892022594838,0.9997502099043077,False,148,174,"[-0.418924, -0.893179, 0.163506]",0.09330512301714669,0.15402334800838638,0.074147883948451,149.52398020839,0.6927773668413495,0.6270622232176717,0.7402122119923521,785.3747400156626,730.4825000000019,2452773.1113819326,-98053915.6447679,2452773.42369742,2452773.1896586013,2.2682756069342744,2002.0
105.58425143047407,5.868708045819601,0.14975184673169145,7.115775116487512,2.2186573040021202,5.296479484373159,70.52,6.797,C/2002 VQ94,C/2002 VQ94 (LINEAR),-1167736.7091007074,-1167736.7481015096,0.03900080220773816,False,0.9669402613034951,0.9686738257933639,0.9647772234462302,False,465,805,"[0.331757, -0.168062, -0.928274]",0.06270494493200694,0.09762011967266736,0.15297883823055475,67.34162390369154,0.5741564883304018,0.4978241747712006,0.53383406928205,1555.3749216003262,1543.5718415784208,1377065.2092838744,1286036.6271130824,2453773.375214592,2453773.33621379,2.1423887453680632,2002.0
431.8448157030256,1.6072172784021783,0.3010111763731051,23.4440561880899,13.4978334876071,10.034181867515835,164.09,2.487,C/2002 X1,C/2002 X1 (LINEAR),-24835909.505539935,-24835909.525972463,0.020432530902326107,False,0.9985606667418485,0.9985081251343259,0.9980102393683784,False,1101,388,"[-0.251891, -0.959519, 0.125992]",0.17677448671532234,0.12805526339657236,0.30398245514167066,138.99226325351486,0.7572762083273864,0.7449099058187797,0.7361334442939766,435.4028300024428,166.97903001369994,-23776529.323653955,-22383076.117023464,2452833.4089490003,2452833.3885164694,3.448521779271496,2002.0
-105.88043343866525,1.7415047734168467,0.2840861496051468,80.01469523154165,31.564406712544304,48.45054030557529,94.15,0.19,C/2002 X5,C/2002 X5 (Kudo-Fujikawa),-188717420.4133364,-188717420.41208106,-0.0012553343549370766,False,1.0000118535477311,0.999970487489074,1.000271900318284,False,381,157,"[-0.473562, 0.871183, 0.129536]",0.1219018363155416,0.20109248340963035,0.32296159141286207,86.38819766397187,1.695639307393383,0.6694817745444168,0.8866271269160261,35.38423001166812,68.9867300060112,2452668.5010264344,-186264751.9110378,2452668.5010432648,2452668.502298599,30.06538528644188,2002.0
393.75766741005555,4.227822896204327,0.10885980483974299,15.82700804800886,11.868445166092044,11.764920914335848,103.78,0.714,C/2002 Y1,C/2002 Y1 (Juels-Holvorcem),-1499289.5513443071,-1499289.5497645536,-0.001579753588885069,False,0.9971658573895242,0.9972154924464485,0.9971110045195688,False,763,25,"[-0.653744, -0.029982, -0.756122]",0.07549103831176152,0.08611710724138862,0.11114303483212347,111.9830860590152,0.5862327564951387,0.5675562836360736,0.47366669270351175,101.37098002124198,282.727009987614,2452742.7479116283,953453.1967404992,2452742.746505053,2452742.7480848064,7.694332644614036,2002.0
92.80478585764939,6.500355316368185,0.026308811590086266,0.9555823480955533,0.652301333423244,0.30490770524524213,8.06,11.427,C/2003 A2,C/2003 A2 (Gleason),-2.3954161750152707,-4.672112106811255,2.2766959317959845,True,1.006963378818567,1.0067651911252975,1.0065730860196889,True,113,49,"[0.77994, -0.625009, 0.032521]",0.007178668508038726,0.011645114167544265,0.007574169003765632,73.61034461536846,0.5476797492035368,0.5886844101355474,0.43734039608235226,450.47787001756086,460.48200002181017,2452948.6074372022,2452946.1209778767,2452950.7930899835,2452948.5163940517,4.557117930809238,2003.0
-293.30937046416756,2.5801350596493995,0.23809192259990428,19.53765769775338,11.995223706203285,8.42000175083681,138.67,2.24,C/2003 H1,C/2003 H1 (LINEAR),-51274082.207798176,-51274082.176072255,-0.03172592353075743,False,0.9993859473539403,0.9991708352982199,0.9991365630271474,False,1657,278,"[0.976111, 0.1135, 0.18527]",0.14718038363516633,0.10312799864482018,0.23941010621707307,36.03506388395052,0.7135282337158464,0.6708206826184799,0.6871317035700814,303.8897399964923,350.3371799963483,2453058.115545745,-48821024.08428045,2453058.0917917993,2453058.123517723,2.366632231960954,2003.0
-218.34657653784546,3.557192933167102,0.20187278870762093,24.49053777500867,14.551061747831616,10.504659105661798,134.25,1.024,C/2003 K4,C/2003 K4 (LINEAR),-0.0004893695004284382,-0.008013532496988773,0.007524162996560335,True,1.0003562684033775,1.000348126530542,1.0003933946592025,True,2901,811,"[0.969267, 0.092955, 0.227773]",0.1178046102613305,0.0918399681007634,0.20549582422678572,38.52158681984977,0.829842677174855,0.5727089601412527,0.599223342913391,473.5971699706527,740.7204815761476,2453292.214969003,2453292.2183686513,2453292.226382184,2453292.218858021,9.039646252104717,2003.0
452.61445285897844,3.1597423816852506,0.14652359501068263,10.675698305221418,4.81493234574675,10.452242856974708,82.05,2.865,C/2003 L2,C/2003 L2 (LINEAR),-701941.8285992616,-701941.7815397219,-0.04705953970551491,False,0.9814502717764567,0.981466981717597,0.9811348813447078,False,425,90,"[-0.089945, -0.504275, -0.858846]",0.06634430386047897,0.16511737411202118,0.17135200943735235,98.87142025428136,0.8306861052887732,0.8345173151276759,0.5794450480942884,202.4996899916161,71.24646001391957,1752005.4819913807,1751081.862074649,2453023.643614371,2453023.6906739105,3.994629509466484,2003.0
-7.672457081283227,4.085138409060333,0.0264089606648163,1.2393820030139613,4.746289854404867,3.600827560067646,117.98,6.847,C/2003 O1,C/2003 O1 (LINEAR),-0.03305981447920203,-0.15312401810660958,0.12006420362740755,True,1.001307614228102,1.0024463303822115,1.0004464302483735,True,261,315,"[-0.040358, 0.484512, -0.873853]",0.10268932411682925,0.07529326652466856,0.02904435182709581,64.66152822779094,0.74174834933815,0.6745093386503294,0.7785085015473464,573.8475100213137,698.2496415701889,2453081.710780798,2453081.6741197435,2453081.8272437616,2453081.707179558,1.426863758726237,2003.0
-42.054313345487316,2.8269531737533806,0.06788033277052465,2.92281101426884,4.543846811319863,6.907532771728765,151.5,8.13,C/2003 S3,C/2003 S3 (LINEAR),2.0888469838537276,1.88381880056113,0.20502818329259753,True,1.001518826355491,1.0038425268367859,1.002338961918942,True,21,103,"[-0.348422, -0.914375, -0.206205]",0.1091715427349545,0.14898791806232817,0.2538942391088834,137.16147279194837,0.6559081967290836,0.5175002512897673,0.6850402955198868,352.9262699960625,392.32985000079776,2452739.836184031,2452742.126352108,2452740.2425333075,2452740.037505124,85.12839535104258,2003.0
716.9794962055753,4.096254820859707,0.1065111718229446,9.784459473632609,6.679945587300842,13.646349222683435,87.53,1.786,C/2003 T2,C/2003 T2 (LINEAR),0.016324549913406372,0.015734519809484482,0.0005900301039218903,True,0.999705542206702,1.0002189781232287,0.9996519017418081,False,142,335,"[-0.47991, -0.743432, -0.465828]",0.06941548933227902,0.14999454249860497,0.11746591917202487,133.4676144100397,0.9778549686279916,0.7258686766212293,1.0400659389443778,31.20895000402074,95.53711002838246,2452957.5287767323,2452957.544054305,2452957.5283197854,2452957.5277297553,7.261702532713021,2003.0
702.4405732617721,2.8022997377134535,0.09879214166784622,9.966059689619076,8.382275826664003,13.546666595855493,50.44,1.481,C/2003 T3,C/2003 T3 (Tabur),-3508230843.6917334,-3508230843.693158,0.0014248215593397617,False,0.999788384400275,0.999967220629333,0.9997566469633616,True,208,564,"[-0.803246, -0.267349, -0.532279]",0.08583812955236553,0.13492244592810707,0.09847721270598374,132.4374020343628,0.7563313758967553,0.629151441615742,0.586431564225372,197.22885003634107,368.768109999467,2453124.5028075324,-3505777719.1899137,2453124.503244535,2453124.5018197135,12.273530153630121,2003.0
-995.8718089014087,3.0386543103494357,0.04410276681117584,5.872867437896743,15.67221373708791,10.204345126251336,86.76,0.85,C/2003 T4,C/2003 T4 (LINEAR),0.00913706375285983,0.020248749293386936,-0.011111685540527105,True,1.0007722509867443,1.0004501822295238,1.0005912554259815,False,876,261,"[-0.071225, 0.997003, 0.030184]",0.13418109737065323,0.07067599316343426,0.07742641638840202,61.38620898269423,3.85264023519648,1.340725700836226,1.6450679332208291,535.3699900381635,354.6568515738245,2453464.1526099504,2453464.1657130723,2453464.145464323,2453464.1565760085,110.14111723585879,2003.0
154.21860716035587,4.988101059964671,0.2756431440198599,14.853078719783861,6.684411069698949,8.301272477113466,31.41,5.191,C/2003 WT42,C/2003 WT42 (LINEAR),-0.28198318369686604,-0.35579592315480113,0.0738127394579351,True,1.0027663659272095,1.0034031142883697,1.0018450341103182,True,1392,1186,"[0.667894, -0.531502, -0.520983]",0.12926208646332632,0.1535217391207013,0.2804004557251303,68.46198415888279,0.5820861126790683,0.44977020052618577,0.6581161993243229,891.6237216106514,774.9962899929716,2453836.232573225,2453835.9821495586,2453836.3379454818,2453836.2641327423,2.3073647315964596,2003.0
-516.2332854911846,2.379955866759109,0.09471668495133304,9.18696105266098,2.532870787061606,10.007884916171129,114.1,1.602,C/2004 B1,C/2004 B1 (LINEAR),-0.0054565295577049255,0.07317536929622293,-0.07863189885392785,True,1.0013667771243961,1.0013306943467712,1.0009417087547048,True,422,1604,"[-0.258356, 0.835651, 0.484705]",0.025004458946209715,0.10503714039045736,0.09789383376851653,82.09210470515603,1.0276537192055468,0.8340916138745726,0.5035425872508698,697.6153499892233,894.9708499674692,2453774.3920001485,2453774.383301109,2453774.31012574,2453774.3887576386,5.542353989414114,2004.0
130.57940915829516,4.777207022352579,0.2461738989672358,13.55342186809085,7.264495485776914,6.632617552428314,45.54,4.975,C/2004 D1,C/2004 D1 (NEAT),-0.17134218756109476,-0.3272347627207637,0.15589257515966892,True,1.0013503922367828,1.002196051698839,1.0005959664906963,False,243,269,"[0.485047, -0.534909, -0.69181]",0.12327993399992825,0.12954287262913566,0.24665533524705543,75.16785181029377,0.5819633330498679,0.4041586686457434,0.6408159630887026,781.0711015900833,916.8188299749822,2453777.336979847,2453777.0924451738,2453777.4196799365,2453777.2637873613,1.2687688314476073,2004.0
-268.95691442855457,2.628340397312792,0.29444138617660104,19.620748964112135,8.445617369954782,11.303987648947714,153.75,3.399,C/2004 K1,C/2004 K1 (Catalina),-27419965.422042113,-27419965.289348364,-0.13269374845549464,False,0.9987461457781426,0.9980897974361621,0.998174989514277,False,876,268,"[0.59961, 0.669511, -0.438432]",0.12685776273195573,0.16900685425684278,0.2941620173311577,18.59884738452647,0.6673231398236443,0.6498449187478811,0.6986131417554622,427.3231099835052,583.3974715881504,2453556.6046484807,-24966408.81888271,2453556.470465652,2453556.6031594006,1.1809549974047935,2004.0
-25.766000410569404,2.4108268947220477,0.25610345239583066,21.990848584155067,11.610082368872744,10.474293126958267,159.36,2.047,C/2004 L1,C/2004 L1 (LINEAR),-8934298.876158006,-8934298.863494176,-0.01266382820904255,False,0.9976996168153135,0.9975702229480288,0.9975241354476423,False,257,184,"[0.946409, 0.066194, 0.316115]",0.1390813205881602,0.11855832745583449,0.25641949413624393,43.15924165314752,0.893454526525094,0.8039471034174855,0.9415365608966658,289.18351001197266,309.2843815646124,2453459.5976614966,-6480839.268060243,2453459.5954339346,2453459.608097763,1.0901064482051774,2004.0
-270.0800058615673,4.276667382428257,0.008178450041106532,0.517126884288769,3.7222240587597275,3.90455069393989,62.52,3.779,C/2004 L2,C/2004 L2 (LINEAR),-7533423.000167823,-7533423.017746638,0.017578814178705215,False,0.9952346475124192,0.994975788291995,0.9954177812976017,False,157,150,"[-0.480157, 0.144301, 0.865232]",0.06022940342874407,0.061121146912501555,0.010611583309964315,120.25683446243062,0.6228311823012442,0.5890749515817972,0.506945792218987,521.6455299780249,481.940511605881,-5702036.273880368,-5079733.398082733,2453689.6196639044,2453689.6020850902,3.2774753461595325,2004.0
721.645570910021,3.9400452751874906,0.07893950431273186,6.791679388312326,7.1802809683673345,9.369853037312724,56.09,2.047,C/2004 Q1,C/2004 Q1 (Tucker),-929654.9879591882,-929654.9735077748,-0.014451413415372372,False,0.9888593648855811,0.9890208216622385,0.9888209005587036,False,1280,748,"[-0.663691, -0.59715, -0.450473]",0.08202129172486,0.11099769129309912,0.07979023741108827,139.47756976290128,0.49221997988630806,0.3862397133135487,0.4366135700500127,106.36031000524449,508.1043715999403,2453346.3595337444,1523691.377204138,2453346.350711913,2453346.3651633263,4.44645452940274,2004.0
1452.638313578877,2.760880921567535,0.2265184027888199,25.335733963020466,9.329539012897783,33.719035592042225,38.59,1.205,C/2004 Q2,C/2004 Q2 (Machholz),-32981420.9011833,-32981420.899890553,-0.0012927474454045296,False,0.9995814966908652,0.9994012740659106,0.9995189452886003,False,1796,1938,"[0.318779, -0.92476, -0.207843]",0.07746748914515024,0.296887151338603,0.23070010515186562,101.51382521617066,2.4165754794110565,0.6003292493396812,0.8538537582134328,149.8285900221665,592.0015015493675,2453395.4138489002,-30528025.490015317,2453395.409875237,2453395.4111679844,12.322780364071846,2004.0
1229.2274353883915,1.8941129617560502,0.5457295983615866,48.11663778996983,2.264804261735487,46.46071228830014,21.62,1.942,C/2004 RG113,C/2004 RG113 (LINEAR),-6729374.292399563,-6729374.303022923,0.010623360052704811,False,0.9972295163938061,0.9972155507762482,0.9974802803578948,False,287,152,"[0.687199, -0.661446, -0.30041]",0.029098780529830913,0.525682856304709,0.5476059677595191,74.79381241895602,0.7271482198851876,0.7571363693605854,0.6832680616710978,192.86324002930203,135.35719997944207,-4327060.776473442,-4275941.074914889,2453433.228108033,2453433.217484673,3.4993496124779293,2004.0
329.11767651527157,3.5011003576856314,0.2071442786022164,15.601392805078099,8.91295447469503,9.259668276015224,130.62,2.659,C/2004 U1,C/2004 U1 (LINEAR),-33576609.07675898,-33576609.086773686,0.010014699306339025,False,0.9992348783093445,0.9986944059710153,0.9992366042481157,False,160,399,"[0.151074, -0.953451, -0.260975]",0.11255400602743311,0.12487202174931089,0.198206967331706,109.80108831699124,0.5566106354785068,0.43703714644537506,0.556289230869006,53.32484001052048,291.7036699893226,2453348.2640532074,-31123260.81899847,2453348.2677752124,2453348.257760513,4.59774645716868,2004.0
779.1433626205298,3.94599379208498,0.13709696550282066,12.611530566323058,7.377790035594197,17.11243255663814,52.48,1.781,C/2004 YJ35,C/2004 YJ35 (LINEAR),-704164281.5964303,-704164281.6056321,0.009201671462506056,False,0.9999540870097807,0.9998850097037351,0.9999388961776222,True,170,50,"[0.400784, -0.738953, -0.541591]",0.08142501818706939,0.19200326251537755,0.1398398992390843,87.53816724308182,0.47947314256669354,0.4340244464367122,0.45869139180688095,58.41810001682628,268.8386599723712,2453432.6592814,-701710848.9461285,2453432.659503537,2453432.650301866,1.9313120584938543,2004.0
227.21891327910706,2.711214447105883,0.05649405148599746,3.8740068348711345,6.264211210495499,2.849129205749139,92.55,3.205,C/2005 B1,C/2005 B1 (Christensen),-0.14587293611839414,-0.17376886354759336,0.02789592742919922,True,1.0002201713092416,1.0004242626474886,1.000591824227513,True,814,707,"[-0.207038, -0.101747, -0.973028]",0.08925341929445897,0.04478412462035267,0.05283074905759751,90.21756014528349,0.6640108670518411,0.5666527725504733,0.5232589374770178,687.4063315655862,611.7637699670214,2453790.071062244,2453789.926088771,2453790.0998576344,2453790.071961707,6.25714094942693,2005.0
-2541.419996624831,1.0455981248878903,1.1802798121876363,117.5276272778399,3.1610333422231642,119.1570399445953,16.99,1.52,C/2005 E2,C/2005 E2 (McNaught),0.00936227710917592,0.018294275272637606,-0.008931998163461685,True,1.0001615600162124,1.000109314025597,1.0000746746734808,True,660,704,"[-0.87846, -0.439586, -0.187277]",0.03466699321773179,1.198249959005799,1.1775166257895389,155.0934148644446,0.8592743932893171,0.47209655629244196,0.5611271612600328,343.04217157010197,736.3088800010754,2453789.9709209916,2453789.982792293,2453789.964498018,2453789.973430016,7.752434734972614,2005.0
-80.99535558923137,3.401538158569601,0.07858435943783391,4.894073218147023,5.416791248130489,4.5704640224156154,130.68,3.886,C/2005 EL173,C/2005 EL173 (LONEOS),0.02723640250042081,0.12191236671060324,-0.09467596421018243,True,1.0034120373388362,1.003020305887907,1.0031884093519443,True,231,85,"[-0.026937, -0.661889, 0.749118]",0.08584215529211693,0.07335988710142562,0.083256927464424,123.42959601873928,0.7016063730658652,0.5693938920816547,0.3999098851018716,728.2938415736788,619.3806499687634,2454165.3717534435,2454165.423858888,2454165.3019465213,2454165.3966224855,3.8034586174693925,2005.0
31.30122953377262,2.5591520327664785,0.12882845764210818,7.100862214598151,3.5108430134299375,4.9037297147807,108.41,4.961,C/2005 G1,C/2005 G1 (LINEAR),-1046823559.6946778,-1046823559.8994601,0.20478226896375418,False,0.9997983515490552,0.9997541325371319,1.000041046739405,True,239,53,"[0.450506, -0.209446, -0.867858]",0.04920488337426732,0.10517921844281837,0.13067588320033727,63.57536277187565,0.6089186587677969,0.5397485798547791,0.9230796116941106,340.0325315706187,371.53196000093664,2453793.8953376645,-1044369765.929597,2453793.969863026,2453793.765080757,1.1884356994714962,2005.0
-87.04469296991928,3.7572542654601477,0.19168271618392405,12.245180925516715,7.543531482044198,7.593972348096164,77.75,3.693,C/2005 K1,C/2005 K1 (Skiff),-0.0014776764437556267,-0.08377978065982461,0.08230210421606898,True,1.0032461544013718,1.0033256524444911,1.0030218482533562,True,588,57,"[-0.055832, 0.720834, -0.690855]",0.10294559755524746,0.13634182452044602,0.1943020248146937,59.79717759897272,0.6838469637221797,0.6016606392365264,0.9417902455705204,174.4326199694885,519.7586799734324,2453695.7833140315,2453695.6922412477,2453695.7760210284,2453695.693718924,2.8794693619590888,2005.0
-192.18288087953175,3.8243835913830995,0.288310150102631,19.81127051264808,8.8663533535027,11.046357785975983,152.76,3.194,C/2005 L2,C/2005 L2 (McNaught),-8142634.819310575,-8142634.8691583015,0.049847726710140705,False,1.0000488037847153,0.9959694100301086,1.0001159309819214,False,37,17,"[0.70752, 0.570377, 0.417236]",0.20085391549210876,0.12546504049711102,0.3257795369453516,37.959511430078116,0.7056909319258944,0.6149848191681753,0.7496977434841785,33.90163998951239,225.48799160263638,2453565.9965038863,-5689068.797108711,2453566.0720495908,2453566.022201864,27.148182088933854,2005.0
230.38787528021385,2.05345231881987,0.08339954076253342,4.329208427539666,2.424959084256173,6.456337870595429,139.45,5.594,C/2005 L3,C/2005 L3 (McNaught),-1.4805442965589464,-2.222670848015696,0.7421265514567494,True,1.0001362908852924,1.0003626371183227,1.0013792476048466,True,1565,3774,"[0.308069, 0.823374, -0.476601]",0.06435962334075611,0.14839765972288949,0.08706873891790778,36.41958260781217,0.6586821916347408,0.5087370428976757,0.6185958950800762,1274.527441580641,2175.6662531429915,2454482.0999576915,2454480.3659113804,2454482.5885822284,2454481.846455677,3.233231748097965,2005.0
525.6281115698584,3.6786524132793668,0.06762413546910076,7.8297099437135325,9.223015740683303,15.417932836024367,51.18,1.125,C/2005 N1,C/2005 N1 (Juels-Holvorcem),-9820616.560868382,-9820616.563074714,0.0022063315846025944,False,0.9985064485571012,0.9987459395344669,0.9984850541219568,False,95,151,"[-0.138583, -0.626939, -0.766644]",0.08218532257083984,0.13612185727582538,0.06807917571225992,106.32482900507279,0.5928134687579933,0.5127433127899808,0.5751047214515123,51.668279984795525,220.58948160787563,2453604.542842118,-7367012.019452654,2453604.5436220597,2453604.541415728,17.788980051903643,2005.0
50.18428540711284,3.98043269973447,0.07047632141976228,3.803871985508985,2.44513370854448,2.7515440130453337,164.01,5.188,C/2005 R4,C/2005 R4 (LINEAR),-33788865.83175321,-33788865.44563439,-0.3861188185401261,False,0.9975738989064613,0.9974633992633634,0.9965468964260652,False,379,123,"[-0.542335, -0.839543, -0.032259]",0.04652254050752816,0.06888759069826313,0.09318726324065917,152.65662117380433,0.6902964952485116,0.5775923343422328,0.7419920598722901,174.41878160889087,124.43756001172898,2453802.4540222464,-31335063.318399638,2453802.1272347523,2453802.513353571,4.5041634161044275,2005.0
-48.053100550970726,5.590518354412522,0.0885318811672416,4.49620968972612,5.539610752050277,2.7215919178001657,107.96,5.85,C/2005 S4,C/2005 S4 (McNaught),-175654068.20333132,-175654068.71184027,0.5085089262574911,False,0.9989998958465915,0.9990468679262685,0.9986605972775029,False,338,303,"[-0.529082, 0.687047, -0.498035]",0.10271899502286537,0.05131241976269808,0.08992337719449105,86.61808290699422,0.7624320813334442,0.6269171737780732,0.9462182452234589,718.4660715778227,735.9495815723786,2454300.2180827786,-173199768.0565568,2454300.655283467,2454300.1467745407,1.8572572474894942,2005.0
1323.8284299004372,1.9893496647685167,0.32705102939340386,28.518846473358124,1.989608266748962,29.3439415569685,40.54,1.993,C/2005 YW,C/2005 YW (LINEAR),-967632.653392951,-967632.6661601365,0.0127671854570508,False,0.9896047085588727,0.9895899906549351,0.9896221056567732,False,106,126,"[0.832677, -0.159168, 0.53039]",0.024982698788938214,0.3365140821340979,0.32786419765542796,62.186720933676895,0.47165712645331,0.35120755547390087,0.25062264891780056,345.5891115680458,244.24676999731264,1484420.1914896253,1486444.6958124759,2454077.3619726123,2454077.349205427,1.367692144905795,2005.0
1.6190244234542206,4.308850947036277,0.1377104090235037,22.69508897957906,9.987623202906017,12.7223146410374,92.74,0.555,C/2006 A1,C/2006 A1 (Pojmanski),-273376268.8361549,-273376268.83419275,-0.001962125301361084,False,0.9997764455455392,0.9999326238893723,0.9998097525740376,False,124,495,"[0.840643, 0.51977, 0.152179]",0.05973227816091744,0.07784500410478183,0.13754211191358048,21.86993146125375,0.8615332147886372,0.4150525849208799,0.6033986935573207,43.78439001313721,291.06509997765085,2453788.6799734407,-270922480.15464,2453788.6795527576,2453788.681514883,7.497984650170726,2006.0
624.2234269008604,2.225323984935054,0.11553100978698434,10.737225222467622,9.510591601316706,4.2242804646105725,144.26,1.752,C/2006 CK10,C/2006 CK10 (Catalina),-1139714.7932066065,-1139714.7932424736,3.586709499359131e-05,False,0.991962624813725,0.9917946664642141,0.9919929222209026,False,227,102,"[0.077884, -0.933875, -0.349016]",0.10330896331195111,0.04700777531730442,0.1190779129634758,111.55572601004519,0.64260512889654,0.523284170793689,0.8488087921146094,94.4271000055234,103.39489000911583,2453919.778854146,1314204.986200295,2453919.7794427685,2453919.7794069014,17.358792653054266,2006.0
-75.83713525426651,6.179344324428239,0.08117746896509724,4.054870272145043,4.082646426986082,1.5005310450525302,83.19,6.041,C/2006 E1,C/2006 E1 (McNaught),-0.03824105812236667,-0.8330090548843145,0.7947679967619479,True,1.0015076795257516,1.001119796482532,1.0020912858086195,True,124,19,"[-0.147589, 0.593341, 0.791305]",0.054362693645087126,0.05771332141737699,0.09523227320203352,88.50653474878568,0.6989474072123584,0.6359770168251265,0.6912370221556998,225.84092996408438,401.81441158316755,2454107.2745576543,2454106.839933854,2454107.672942909,2454106.878174912,8.788671774274968,2006.0
42.73318263851584,3.2544079386464584,0.3686283809033847,30.063600131361312,13.508581763391588,16.57148637719412,45.81,2.266,C/2006 HW51,C/2006 HW51 (Siding Spring),0.003153156954795122,0.11130464542657137,-0.10815148847177625,True,1.0022755070152904,1.0021087533777697,1.0016854181578423,True,164,23,"[0.666056, 0.745901, -0.001324]",0.1821112505927796,0.1871211387586746,0.3691753100674845,19.136061634121333,0.347810676796961,0.31228226957335553,0.9362516718835628,127.91272996645145,99.45871997245105,2454007.786074618,2454007.833752969,2454007.7224483234,2454007.830599812,1.5655079411376505,2006.0
-368.5790905831184,3.4858851909518727,0.04439141593440702,2.5904197885489366,3.1484154105186746,1.5864903368740557,53.88,4.426,C/2006 K1,C/2006 K1 (McNaught),0.06998487515375018,0.02389663690701127,0.04608823824673891,True,1.0016433588477034,1.0008586817649032,1.0020643412957635,True,175,242,"[-0.639009, -0.262582, 0.722992]",0.05895817802082601,0.026106754451285775,0.0497446151180359,145.2748040294334,0.5915461686216894,0.4992604133321722,0.5143136319902534,297.714960003548,548.133271605714,2454302.0594774345,2454302.1261677467,2454302.10227111,2454302.0561828716,9.86635037608872,2006.0
-184.9121297183499,2.9212726351485623,0.043249687330322674,3.357451278485395,1.4116288215405808,2.0782541886145123,92.62,2.501,C/2006 K3,C/2006 K3 (McNaught),0.008226052857935429,0.04013083688914776,-0.03190478403121233,True,1.0008822909864763,1.0006772423268737,1.0009069964097346,True,184,23,"[-0.53371, -0.66036, 0.528278]",0.017795064882794923,0.02500896562968994,0.04114680259169945,155.47312786812805,0.8777064836272338,0.5652602244415168,0.8372250793926281,291.08543000434145,175.11090001684028,2454172.865942085,2454172.8790848833,2454172.8389540464,2454172.8708588304,7.521507103165784,2006.0
-37.37358092122224,3.5120092474380677,0.1954777997264426,13.44807517802082,9.654837556316293,4.977040040998532,111.33,3.189,C/2006 K4,C/2006 K4 (NEAT),-24673316.00927702,-24673316.168421224,0.15914420457556844,False,0.9978348908758491,0.998077516320128,0.9980995818780432,False,305,167,"[-0.00283, 0.660012, 0.751249]",0.1298197991174025,0.08683223737157081,0.19852632553414576,79.14440862920684,0.733130391945575,0.6305969834083905,0.4649895224880457,493.54018996733276,663.9182915533783,2454433.850279631,-22218882.20797303,2454433.9604481948,2454433.80130399,4.229605914335687,2006.0
586.2961149211612,3.271848497326552,0.08218862674607408,8.3507157776338,6.335803479579522,6.19543268223211,143.24,1.462,C/2006 L1,C/2006 L1 (Garradd),-4651309.421898587,-4651309.412940653,-0.008957933634519577,False,0.9973760769270095,0.9973188450860733,0.9971166373637286,False,61,656,"[0.477346, -0.850492, 0.220915]",0.06307683322335135,0.0673505139790536,0.08933494641379505,97.32512584906385,0.6953240589521219,0.4124880645830797,0.6009921896262608,134.11979997160742,143.02775003628219,2454026.5034304615,-2197282.919270511,2454026.493670142,2454026.5026280754,4.262409288712879,2006.0
-108.21557092658153,3.16696140117657,0.26817590571048555,23.31480046790963,16.757270552300394,6.98045857771668,101.02,1.994,C/2006 L2,C/2006 L2 (McNaught),0.00961447786539793,-0.00036918139085173607,0.009983659256249666,True,1.0008980570108987,1.0009972837974292,1.000923296416027,True,254,154,"[0.463292, 0.499525, -0.732008]",0.19599772769853915,0.08157212299643833,0.2726998448112445,35.79844952093741,0.7409870100557165,0.5395435813000613,1.0066094595138655,116.87869997429213,217.11503000935195,2454059.702825233,2454059.709024654,2454059.709393835,2454059.699410176,10.480586255099341,2006.0
-431.63387554491237,3.513534025849764,0.03535134766236821,2.315562823974911,3.346935537744698,2.7073605718745437,54.88,3.556,C/2006 M1,C/2006 M1 (LINEAR),-674459.5374573688,-674459.5763028418,0.03884547296911478,False,0.9767232329922364,0.9763714506471942,0.9774433785035931,False,455,186,"[-0.716033, -0.126563, -0.686498]",0.050391508973879034,0.041989110197581114,0.0342591850915221,119.5336200527387,0.6492504222695036,0.4888806854681151,0.8266788550433327,612.4317415621028,221.75970001980352,1764383.81182801,1779685.8849071003,2454145.461209942,2454145.422364469,3.7897647968005064,2006.0
552.219303959849,4.674543588499255,0.08861691180484092,12.294752321407923,13.118147760941019,16.184179141355376,111.82,0.783,C/2006 M4,C/2006 M4 (SWAN),-0.00044074375182390213,0.0029995180666446686,-0.0034402618184685707,True,1.0001993862394705,1.0002264699941132,1.000178839814807,False,77,1220,"[0.220981, -0.522164, -0.823718]",0.0950557268197623,0.11711117806476398,0.08857938684482088,85.45193562240439,0.7570434780351658,0.48268830143304103,0.7643735247629191,77.80766998329062,354.17747000071944,2454007.2269368023,2454007.2280648593,2454007.225065341,2454007.228505603,2.078968723498339,2006.0
-988.754598544288,3.34175081550489,0.16417007552384186,16.18295045864707,22.43945592316344,6.5504729012183915,43.03,1.555,C/2006 O2,C/2006 O2 (Garradd),-2713749.683717646,-2713749.7028000657,0.01908241957426071,False,0.9962700472929457,0.9959170011441567,0.992658523039587,False,66,20,"[-0.463539, 0.854601, -0.234069]",0.23731302911736382,0.10013124662461596,0.14063376068979744,81.72926682920802,0.8057720533616938,0.7134576707916551,0.5448075756618603,63.4306299887908,43.04420000558271,-654428.2743686642,-259735.7770915078,2454013.925708558,2454013.9066261384,3.641702191288221,2006.0
-686.086244954967,3.6751034367523148,0.040117318650952645,3.1587362939781776,6.449005792535608,8.5834268211632,30.17,2.431,C/2006 OF2,C/2006 OF2 (Broughton),0.0258122431114316,0.0044134194031357765,0.021398823708295822,True,1.0007740228802249,1.000530619462889,1.0012040495524472,True,2095,2815,"[-0.495805, -0.710221, -0.499764]",0.08353745775816308,0.1085103154070844,0.03925958007622411,132.45838860287085,0.624282151890166,0.5696832009269165,0.37571028473951795,814.7241499781215,594.3289116090377,2454725.1815875554,2454725.2114765206,2454725.207063101,2454725.1856642775,3.449341642071396,2006.0
459.17061343724237,4.001379978439983,0.03621295791775433,10.750586168293522,14.241333858827717,24.30609451513868,77.84,0.171,C/2006 P1,C/2006 P1 (McNaught),-0.0030029499903321266,-0.001431977842003107,-0.0015709721483290195,True,1.000048793481489,1.0000276319069201,1.0000147108897688,True,209,132,"[-0.127424, -0.908756, -0.397398]",0.04707571592969806,0.07949171636372454,0.03435943899401464,120.57609032049685,0.4778599140231546,0.34692570030895015,0.320963955454998,117.82363000022696,164.08727999004674,2454113.299133804,2454113.295840683,2454113.297272661,2454113.298843633,13.052265561826575,2006.0
658.2418555944248,2.5265894011896273,0.09247338620221919,6.828542525590473,3.84882287344941,10.265085421358059,59.05,2.764,C/2006 Q1,C/2006 Q1 (McNaught),-3018859776.74662,-3018859776.6972923,-0.0493281614035368,False,0.9998189125328051,0.9999323899066007,0.9993050018832292,True,641,2086,"[0.954021, 0.190894, 0.231092]",0.04832945427148287,0.14065227279907305,0.09861416207228588,34.64657169657585,0.8168320020708307,0.4482741681238907,0.44775598776831954,680.7427000146532,833.7345015555076,2454651.365449422,-3016405125.3901963,2454651.307095799,2454651.3564239605,9.574589130153193,2006.0
-104.62901957729578,3.3447167563557354,0.24677175362411793,17.03744507399496,9.58627548574114,8.886965037125623,98.96,3.162,C/2006 S2,C/2006 S2 (LINEAR),-0.029002360999584198,-0.11746802134439349,0.0884656603448093,True,1.0020110243577196,1.0018198825684377,1.0026016059638876,True,117,61,"[-0.427474, 0.874038, -0.230918]",0.12860025711227888,0.11857083428201316,0.22341124269285045,79.46328436427179,0.6955024477901547,0.5875796639000103,0.7436720232353936,59.573900003745734,65.81513998110606,2454227.857489853,2454227.8227493023,2454227.9402173236,2454227.8517516633,19.475661236359937,2006.0
-44.780371750413714,3.4404600069209788,0.06076156642440614,3.293085123914671,2.361422789860045,4.601137751307951,166.03,5.131,C/2006 S3,C/2006 S3 (LONEOS),0.6869007279165089,3.3814777694642544,-2.6945770415477455,True,1.0034681649026203,1.000105752033731,1.0001039104036236,True,3166,3386,"[0.215003, 0.964195, -0.155247]",0.03614986787650665,0.029505880586413062,0.0656387469122161,42.78124215290454,0.8396794850795485,0.6408707493632473,0.6258115015765953,2055.844951608293,3143.808890686518,2456033.3232867396,2456034.517323012,2456031.1358452425,2456033.830422284,9.784232805242707,2006.0
-14.193494924245215,3.0526765046983573,0.1429817477693377,11.109754753810815,5.272620709836889,9.13087864111115,84.88,2.498,C/2006 U6,C/2006 U6 (Spacewatch),-26994873.20548415,-26994873.22180595,0.016321795526891947,False,0.9988102694157278,0.9985813341196698,0.9988200174396658,False,323,265,"[0.115923, -0.089182, 0.989246]",0.06835527185997528,0.1263359798224469,0.1532060676031805,100.22314863823152,1.4239995583094638,0.4483887974651798,0.7851787088218409,600.5722400339396,722.9701615762714,2454622.9846295076,-24540250.22957285,2454622.9922330966,2454622.975911301,18.555756870457213,2006.0
2035.846482058465,1.3391917162352842,0.7064162639413945,53.1837912461814,10.996312228575084,42.305701561672215,31.12,2.675,C/2006 V1,C/2006 V1 (Catalina),-1506300.1710528093,-1506300.2304844405,0.05943163111805916,False,0.9896343393699254,0.989597963200267,0.9901860747490676,False,630,71,"[0.596033, 0.632336, 0.494869]",0.13793856776850855,0.5713432572936631,0.7083185208453529,44.382770785349464,0.5539008569146403,0.5448858893413389,0.3867065498593105,223.93859001925662,264.74638998329226,940401.3443033395,948130.85315431,2454431.0836387505,2454431.0242071194,1.8596975352511316,2006.0
-132.2771929199679,3.7454414480493687,0.2010684677018704,13.965291572445368,5.022197566574639,9.103945712654617,127.07,3.126,C/2006 W3,C/2006 W3 (Christensen),-0.12755641900002956,-0.05869384668767452,-0.06886257231235504,True,0.9999258546433387,1.0001694902758065,0.999922896412916,False,3181,2521,"[-0.675625, 0.457381, -0.578216]",0.07340987440773208,0.13501832026632568,0.20612156839281828,99.58342620327946,0.7892382300661499,0.5581948592758316,0.3694053248949857,980.6069315912954,809.102489981841,-3159886114.3798265,2455019.021977354,2455019.0806712005,2455019.149533773,3.969181088151932,2006.0
-456.65346487135935,3.460080149383243,0.16566522678675621,26.463419834784048,10.017785606828593,17.2451757846719,152.7,0.591,C/2006 WD4,C/2006 WD4 (Lemmon),-10868325.007397272,-10868324.992943563,-0.014453708194196224,False,0.9990032829175429,0.9993828087937053,0.9982373845121981,False,65,42,"[-0.332569, 0.843014, 0.422759]",0.03487885092402152,0.13727790983140592,0.10962818148025538,84.51530152728225,0.6981540953601186,0.49052167508128763,1.0149541895151966,35.61732001048065,42.659049990061945,-2823010.4178180955,-8414106.109171731,2454218.8837718316,2454218.89822554,621.3154733289031,2006.0
721.7144314657362,3.0080136669765642,0.039936305760755623,3.6565749003580006,6.865852931744961,7.396803409685604,30.63,1.804,C/2006 XA1,C/2006 XA1 (LINEAR),-1442976.3370580075,-1442976.3563247302,0.019266722723841667,False,0.9927614783314571,0.9927798002989012,0.9926241540492136,False,493,17,"[0.817239, -0.572586, 0.065311]",0.07461238964825363,0.0846283132347137,0.03865011969900896,70.51949649393727,0.49168551492447643,0.44513522498818553,0.27789944430920477,183.26170001617908,97.77989999096357,2454303.401076934,1011327.0599489084,2454303.4162736386,2454303.397006916,16.276893684612617,2006.0
83.30060055099739,2.8131143927754367,0.12207841990401722,8.699845536245789,4.653476501100389,5.508881058541018,27.5,2.975,C/2007 B2,C/2007 B2 (Skiff),-7604829.474269716,-7604829.734316659,0.2600469426251948,False,0.99587220615089,0.9960690015355089,0.996339850526177,False,1441,131,"[0.768245, 0.607326, 0.202371]",0.05430479075601015,0.07969181149952966,0.12482335846346874,25.046445158896766,0.5977722278717087,0.5099747851669032,0.5534928704842611,575.0946699799673,468.965229979154,2454699.3950408525,-5150130.133058089,2454699.6012585703,2454699.3412116277,8.739016574594476,2007.0
694.7185869318594,2.502924208925935,0.22046167657914945,9.128124000657127,0.27897042529274985,8.877173470355123,41.51,8.793,C/2007 D1,C/2007 D1 (LINEAR),1.8180073010735214,5.8775949673727155,-4.059587666299194,True,0.9944555726139095,1.0022652286414,0.9942206583681211,True,212,334,"[0.889809, -0.397004, 0.225007]",0.2411262620688296,0.07249064649375024,0.29125770723191236,63.13752036520685,0.7206232382333905,0.6831078373611468,0.7242968817649361,109.15338999560862,2142.8799731605577,2454266.590512487,2454272.185062757,2454266.30746779,2454270.367055456,56.16765044893765,2007.0
94.4869278454596,3.1121833545096727,0.06420183243136732,3.4592293832564702,3.3352710428294863,5.789473430170291,45.92,5.209,C/2007 D3,C/2007 D3 (LINEAR),-6188587.926423952,-6188587.825704955,-0.10071899648755789,False,0.9920012472136086,0.9921033870750442,0.9921138217441967,False,80,98,"[0.253564, -0.790471, 0.557549]",0.06394601126329805,0.10622005991294113,0.06503620093870138,110.56633438375611,0.6896882193601399,0.5611844757868731,0.7690167138682843,107.23781000823749,505.05716160304394,2454248.1568177263,-3734339.724743381,2454248.100961574,2454248.2016805704,9.832201653344063,2007.0
198.42062908288608,4.052459876055586,0.18163760250613364,21.33493595572077,7.7600841968821985,13.800487492415348,95.88,1.093,C/2007 E2,C/2007 E2 (Lovejoy),0.010824999306350946,0.017347621731460094,-0.006522622425109148,True,0.9991162047207641,1.0000190324583185,0.998866222881297,False,77,1598,"[0.548547, 0.767958, 0.330661]",0.06938549583101866,0.12205092152706172,0.19119039891964515,38.07928847396529,0.8118603182876304,0.24488762395999394,0.6404759150951087,10.970980000865335,149.20581996673099,2454186.999859525,2454187.0118892007,2454186.994541579,2454187.0010642014,52.29033599714856,2007.0
-79.48370024800133,2.3757280791264845,0.360592285965076,27.21829952621845,15.963956418643024,11.440008177312576,88.36,2.646,C/2007 G1,C/2007 G1 (LINEAR),-0.006937276106327772,0.07368561299517751,-0.08062288910150528,True,1.0016956138508777,1.001538838129296,1.001623222467027,False,1856,200,"[0.117993, 0.707086, 0.697214]",0.24692751252336792,0.12745028698103086,0.36530321632551493,71.11085602838631,0.7295991526603327,0.5141665975505989,0.48988972016807886,562.6268299627745,764.8354700108424,2454786.82751962,2454786.917625506,2454786.843939893,2454786.924562782,6.2239527556197825,2007.0
-149.12581819655827,3.945547774938625,0.43914574775630016,37.65823768523757,20.783540449770957,16.874863484827436,16.3,2.051,C/2007 K3,C/2007 K3 (Siding Spring),0.03873345907777548,0.07568126218393445,-0.03694780310615897,True,1.0011580582072712,1.0008434409485345,1.0009883164462359,False,49,57,"[-0.27776, 0.953959, -0.113189]",0.2344619553424289,0.19907837581043872,0.4335330163450012,71.28475603732183,0.7837015838882619,0.8037837321619311,0.7354058984044524,90.75239997725761,113.40095997290513,2454578.2177677923,2454578.250196113,2454578.1745148506,2454578.2114626537,27.303693175299934,2007.0
42.038440950246695,3.4637182535853253,0.27526715377882327,18.319772633492292,7.663221326780249,11.694330257455642,105.06,3.433,C/2007 K6,C/2007 K6 (McNaught),-1189518.5388786267,-1189518.5623351652,0.023456538561731577,False,0.9846202425207826,0.9843748374403419,0.9845788621622923,False,20,24,"[-0.522999, 0.766258, 0.373256]",0.09227986018823497,0.17452780858137457,0.25126105479725097,95.10225593887637,0.23249132348567075,0.22004977678331997,0.21492665554499016,26.956749992093624,59.51944998461029,2454282.9836402955,1264764.4382193652,2454283.0005545304,2454282.977097992,4.18017379652554,2007.0
29.443559805865107,5.061985581274106,0.04063538440758918,1.8270839673712709,0.6917286833639956,2.4926724982537642,139.72,7.475,C/2007 M1,C/2007 M1 (McNaught),-24148381.91602859,-24148383.05745001,1.1414214237593114,False,0.995229963985771,0.9954281192409002,0.9959158273382133,False,115,121,"[-0.176153, 0.839548, -0.513935]",0.05339984488054321,0.09051442470188369,0.0387838941905667,64.48467410522424,0.6736883883876729,0.695903232022039,0.6241097617963434,414.2522999846235,988.1059416043262,2454690.8365853205,-21693691.683135994,2454691.3743140176,2454690.232892594,1.169215098278292,2007.0
376.44839084887315,1.5542980911899116,0.18458197930384085,12.048190031714348,3.1470626837988944,10.885069123572494,80.95,3.541,C/2007 M2,C/2007 M2 (Catalina),-142752554.13808012,-142752554.13688338,-0.001196742057800293,False,0.9992472457196133,0.9993375614639227,0.9987595836326256,False,344,96,"[0.762071, 0.066003, 0.64412]",0.04580952837471628,0.172290275362685,0.19029447196181026,59.558374361394726,0.7290010505453869,0.6470336513749929,0.4859574375867861,372.2083399977911,377.7071115782222,-115389857.80559595,-140297745.0730429,2454809.063840466,2454809.065037208,4.20339815244143,2007.0
-167.04854382365284,3.1276525545628195,0.3354494434956085,22.231763140081345,8.28237627267771,13.959483696725236,161.76,3.469,C/2007 M3,C/2007 M3 (LINEAR),-783507.080476345,-783506.8444897914,-0.23598655359819531,False,0.9799379474367658,0.9791448665271179,0.9797410110812339,False,592,105,"[-0.073227, 0.964466, -0.253858]",0.13030189633847106,0.19816485282677876,0.32825031208206756,58.435804309686525,0.6235418494420552,0.5206342238327868,0.8079640192770741,295.367859998939,298.6458400179221,2454348.107388071,1670841.0464206575,2454347.890910449,2454348.1268970026,2.328963159813582,2007.0
794.9261364284218,2.9225544931787204,0.16725336492900708,18.650730336808312,12.927990313769195,5.72778796158654,178.37,1.212,C/2007 N3,C/2007 N3 (Lulin),,,,,1.0000540661092812,1.0001574712658865,0.9999954128420668,True,1600,2355,"[0.929945, 0.367185, -0.019442]",0.1133360934105666,0.057662501590953215,0.17095526066505914,17.130230886684988,1.037995818086824,0.44206303462910973,0.6342966944962481,548.5366915784531,720.9846699968098,2454842.1435945453,2454842.113726844,,2454842.13981608,15.856082403851577,2007.0
-520.0918876119337,2.9586625526039643,0.5924704201298495,42.882280038410535,30.417127686137718,12.91129454562667,24.38,2.877,C/2007 O1,C/2007 O1 (LINEAR),0.3548563155345619,0.3717721002176404,-0.016915784683078527,True,1.0052160439340736,1.0026616226745027,1.0045202713630348,True,12,173,"[-0.133537, 0.980474, -0.144353]",0.3592360163084618,0.19881113322261817,0.5506976038241962,62.68869091978949,0.811941371648493,0.6690827018177478,0.8193989203615061,32.02715999747075,121.16721998813355,2454254.855939579,2454255.1406404004,2454254.7688683,2454254.785784085,250.63356093314093,2007.0
103.30613093656244,3.713354089987467,0.05726246242824968,4.684546446996833,2.0759300840420636,3.4845067013921036,65.65,2.252,C/2007 Q3,C/2007 Q3 (Siding Spring),-3278790908.196819,-3278790908.1253796,-0.07143915258347988,False,1.0003252269315883,0.9999478796090177,0.9999552236169387,True,568,807,"[0.868037, -0.495412, -0.032849]",0.023369608867002727,0.042650575926048186,0.05747115812235647,63.98223863795895,0.7989744640257778,0.40790759679506167,0.673429509804976,770.0703215695559,715.0238300001904,2455111.7669243882,-3276335796.4260864,2455111.6992930546,2455111.770732207,9.264556601190407,2007.0
-150.60732953349128,4.0478711695505325,0.19772180005317022,24.661754532273214,15.271237382523573,10.806452274978536,117.64,0.969,C/2007 T1,C/2007 T1 (McNaught),-0.03139927750453353,-0.03183520073071122,0.0004359232261776924,True,0.9997800412435848,1.0007867772646912,0.9997354188397657,False,213,110,"[0.13356, 0.685756, 0.715473]",0.05181316060089741,0.08914359655375946,0.13962871640264532,71.3017994064755,0.5196889088155848,0.49238221558410383,0.48077161006842917,25.9428500024181,93.044110017631,2454447.030800853,2454446.9984869263,2454447.030322127,2454447.029886204,296.2166845353894,2007.0
-102.98918409283564,2.401697008436803,0.13452358242215987,9.05255218251085,5.848730257989151,6.97537120642848,157.79,3.329,C/2007 U1,C/2007 U1 (LINEAR),0.019547875504940748,-0.0013507814146578312,0.02089865691959858,True,1.0013453569664177,1.001628003437436,1.001208755389186,True,273,628,"[-0.654731, -0.755835, -0.006425]",0.0902831584989538,0.10310157319364163,0.1379352414774148,159.92830461922333,0.9641224032714307,0.5699394933898425,0.6498624292907567,284.3571800107609,467.9603715707486,2454685.548291194,2454685.5676992186,2454685.56905,2454685.548151343,5.692180230149611,2007.0
27.689339142331264,2.394593579559997,0.05887834209111504,3.2848583099237243,3.7583415614275792,1.117764207188318,86.99,4.843,C/2007 VO53,C/2007 VO53 (Spacewatch),-772416988.8833083,-772416989.1437794,0.26047107949852943,False,0.9997281674540167,0.9997060560010118,1.0002651311710482,True,278,417,"[-0.085482, -0.248266, -0.964913]",0.06053267109286479,0.014234210796018458,0.06065518727828466,89.27025644486308,0.6896270335790088,0.5384861642936833,0.7333256680129879,892.3745116117727,805.1207815528571,-866057104.2941002,-769961675.953315,2455313.190464392,2455312.9299933123,1.8119404098261038,2007.0
633.2153091198485,1.242981287241911,0.10873095494921323,14.478314699694401,22.894617409536053,11.457167440812706,9.89,0.85,C/2007 W1,C/2007 W1 (Boattini),0.007057094480842352,0.01940430933609605,-0.012347214855253696,True,1.0004422639958148,1.0000912720282813,0.9998521201354831,True,929,777,"[-0.194522, 0.971295, 0.136922]",0.16608672165352398,0.0983337426821907,0.09603573096145789,70.0447182721629,7.768413903708817,0.872629260914359,2.05666033575653,449.6745999882888,169.95888999322568,2454642.3869518912,2454642.3949664542,2454642.375562145,2454642.3879093598,48.94678188505421,2007.0
394.57534274464433,2.922338551090072,0.16691625356866888,15.371743944502276,4.484838712432619,12.843831460621201,78.67,1.777,C/2007 W3,C/2007 W3 (LINEAR),0.003715870436280966,0.015036849770694971,-0.011320979334414005,True,1.0001477076930994,1.0001484443424893,0.9996016075675447,True,158,54,"[0.286198, 0.315484, -0.904743]",0.04954400588304814,0.15215315930601458,0.18127162894673698,52.65554056842418,1.0475194812893185,0.7465903898613883,0.7548245406799875,184.32420002168183,91.27719997479994,2454620.2986500342,2454620.298840077,2454620.2838032274,2454620.2951242067,6.831530686018843,2007.0
250.20075295350773,3.930626486635146,0.02954438870494306,1.984352997792245,3.3224042344125184,4.74879707478667,110.18,3.341,C/2007 Y1,C/2007 Y1 (LINEAR),-0.018317184410989285,0.047765012830495834,-0.06608219724148512,True,1.000735554898821,1.0002708046303048,1.0007921636346135,True,193,16,"[0.694583, -0.717828, 0.047711]",0.05123910479796985,0.08043604174587114,0.03701486114456203,80.83791810513709,0.7359513995272172,0.7252520533924633,0.6884912507177006,84.8830500236947,40.88053999775952,2454544.8487946605,2454544.835314562,2454544.7875495492,2454544.8536317465,1.947688968551763,2007.0
268.7619079763181,4.382862204570177,0.15073056738128687,17.86471631701996,5.017711716503723,13.332646356735053,82.55,1.073,C/2008 A1,C/2008 A1 (McNaught),0.008556706830859184,0.022232952062040567,-0.013676245231181383,True,1.0005268406084535,1.0002146200605455,1.0003421315310588,True,393,544,"[-0.108293, 0.974297, 0.197532]",0.050088326587247774,0.118389535247081,0.16676488236900283,66.48787909019359,2.447233050919942,0.9946670547289813,0.9578112309409454,262.25301997876,473.40765159792716,2454738.6228532167,2454738.6329762237,2454738.6107432717,2454738.624419517,29.24966440296549,2008.0
463.9568272329503,3.870303161921507,0.05825275995612576,6.365953329807135,5.3450289782016025,7.663401053739622,61.78,1.262,C/2008 C1,C/2008 C1 (Chen-Gao),-0.005726443137973547,-0.005668961443006992,-5.748169496655464e-05,True,1.0001220960068908,1.0002703630354444,1.0001292112057758,True,764,51,"[0.618315, -0.785815, 0.013479]",0.05352495290440076,0.0693647485039699,0.057487426159508574,86.08498005901255,0.7734079917796879,0.7486129050368538,0.9129438248113986,77.23238001010553,38.49221999292607,2454573.34905361,2454573.345420924,2454573.3510898855,2454573.351147367,1.4308814462996862,2008.0
600.1213387846155,2.626315847946861,0.03730395403977968,1.9476464563307216,3.494721152633616,4.05078031426658,105.08,5.531,C/2008 E3,C/2008 E3 (Garradd),-214045628.40259963,-214045628.84502217,0.4424225348047912,False,0.9981964075258818,0.9992101619543517,0.9983858002619551,True,91,19,"[-0.059134, 0.80139, 0.595213]",0.08831242127041333,0.10109460856088796,0.036442972439204864,75.22734245106844,0.5273781671072686,0.48743470935777156,0.6249822146742375,146.66339997503596,618.1071316019915,2454681.0038895183,-211590947.67843968,2454681.1665825043,2454680.7241599695,6.390676143438809,2008.0
-118.25028235551396,4.641739114448388,0.10245556177170119,5.922221480683592,5.1917485991208885,1.3358656772049962,61.18,4.511,C/2008 FK75,C/2008 FK75 (Lemmon-Siding Spring),-0.19085855642333627,-0.5134204868227243,0.3225619303993881,True,1.0024406917693542,1.0030461538622932,1.001898025538845,True,2375,1322,"[-0.164752, 0.475304, -0.864259]",0.08067379020803002,0.035559032395552165,0.10935623707570799,71.31862107489779,0.8079215135099284,0.5301540484003927,0.6573163903015798,911.6551115358645,1133.721971576892,2455468.796041951,2455468.520458136,2455469.033878623,2455468.7113166926,8.15820994673278,2008.0
-534.8045386852082,2.6723214105255053,0.3371505821547157,31.616466507450195,29.865800321755792,3.277926645766279,61.78,1.724,C/2008 J1,C/2008 J1 (Boattini),-759384.9696008686,-759384.9760682809,0.0064674122259020805,False,0.9896459692925236,0.9894151333256495,0.989660809070248,False,757,827,"[-0.461381, 0.34057, -0.819231]",0.3194463485707797,0.038413980967552476,0.34348141466389986,90.1631998047574,0.5664369178157326,0.42044915988354525,0.42618048501264394,71.57020998045837,265.2447215961306,2454660.766750719,1695275.7920341918,2454660.7681024726,2454660.7616350604,5.088847427348954,2008.0
58.49806317607613,2.3378427723416206,0.1455370088024954,10.716664566477228,4.782545602021045,7.278883431054055,115.52,2.784,C/2008 N1,C/2008 N1 (Holmes),-11929046.404048903,-11929046.443303578,0.039254674687981606,False,0.9971761001115655,0.9972754459628036,0.9974044062444349,False,1088,454,"[0.207019, 0.413873, -0.886483]",0.0642387220362012,0.09931986398164441,0.14529711356348746,53.69052226475754,0.5615422984182317,0.5559618301778859,0.4874806367965151,451.4967415540486,277.0083900206005,-8848584.861086879,-9473946.024811402,2455100.418492175,2455100.3792375005,0.8835155039109842,2008.0
90.33512075387165,4.05704128315329,0.19326203049250965,12.021769358158112,8.376775397631386,4.665917382463607,64.31,3.896,C/2008 P1,C/2008 P1 (Garradd),-0.1271862704306841,-0.18307930789887905,0.05589303746819496,True,1.0014202283884035,1.002080400701289,1.001033788380738,True,278,1101,"[-0.981063, -0.051139, -0.186818]",0.12772025495192163,0.07986985928833557,0.19153640452977,141.10799547895132,0.6025690477955125,0.5813004557859435,0.5878024260848399,342.26902158065184,561.5506300160579,2455035.477478788,2455035.325550247,2455035.508629555,2455035.4527365174,1.6865233775986912,2008.0
64.49007251419312,4.21264360297724,0.17474800817973826,12.487657326205028,4.65854376987538,9.221378330845635,118.63,2.959,C/2008 Q1,C/2008 Q1 (Maticic),-5375736.732187664,-5375736.78360362,0.051415955647826195,False,0.9950650049983513,0.9950725279980586,0.9951904839371306,False,582,445,"[0.172709, 0.497653, -0.850008]",0.05578692825265923,0.13857795875876222,0.17128974357246932,52.995785433609086,0.5058784814467846,0.4399838957669125,0.5609490079523745,100.93863000182573,452.4518800158957,2454830.6656393744,-2920906.098582073,2454830.6850215467,2454830.633605591,6.755991391412711,2008.0
460.52659722507326,3.1763789900431583,0.16087045577778622,14.729911577116084,6.836991685100543,9.816523279520288,140.71,1.798,C/2008 Q3,C/2008 Q3 (Garradd),-335123309.6512908,-335123309.6535565,0.002265780698508024,False,0.9998037620090571,0.9998095498651479,0.9998425633382497,False,344,409,"[0.56528, 0.798276, 0.207882]",0.07990972866984783,0.10724248713590208,0.16861556977218725,32.34808590801344,0.8386183103248864,0.5720409423188756,0.5450314348876228,299.2726815931513,344.7199300061925,2455005.5906833564,-332668304.05817,2455005.595386511,2455005.5931207305,14.228566678255001,2008.0
11.680022344312977,6.802521867885018,0.03338111628143322,1.4472828155977142,0.4397074142551253,1.021880579816577,162.7,8.018,C/2008 S3,C/2008 S3 (Boattini),-2.761275897268206,-5.62675094883889,2.8654750515706837,True,1.0011232244266026,1.0019861063595723,1.0021307509674915,True,928,1019,"[-0.942133, -0.275656, -0.190784]",0.0038661245661788463,0.02703942025302676,0.030674136175399283,150.26425405307847,0.7698266203846101,0.6462533422938324,0.8273485940078195,1517.928671591162,1481.616363141507,2455719.4281260394,2455716.757621471,2455722.3843724197,2455719.518897368,1.9788746535195587,2008.0
263.6787465291075,3.113642449855052,0.046981855448077266,5.260755629531883,4.939734486217407,4.418669896285581,56.3,1.202,C/2008 T2,C/2008 T2 (Cardinal),0.0011115353554487228,-0.004432312212884426,0.005543847568333149,True,1.00012542029929,1.0000975745528686,1.0004126845685086,True,1322,23,"[0.768006, -0.416081, 0.486871]",0.043704236397811236,0.03486006107853389,0.04765500312963012,73.49141119551496,0.5674151991488782,0.5596816235535422,0.3404129433559786,245.71194160284819,70.07767998148515,2454995.7390317665,2454995.740694676,2454995.7451269883,2454995.7395831407,1.896485166939917,2008.0
269.04137030538686,5.856047757139528,0.0781916840670375,3.976660048889348,1.1676561331965547,5.092732380454344,59.37,5.875,C/2009 F2,C/2009 F2 (McNaught),-2406934.9835537374,-2406934.616421522,-0.36713221529498696,False,0.982832939873,0.9832847857649071,0.9826555357845558,False,94,276,"[0.873461, 0.343192, 0.345376]",0.017916885094544286,0.08650783587337249,0.07365289452184884,35.425327227646186,0.928518258207306,0.4079665762933647,1.114219842084975,122.83643997651767,919.3177915636953,2455149.4387498554,48214.628061092924,2455149.244482615,2455149.6116148303,6.6269456088676515,2009.0
63.17984725483215,5.197880849021913,0.09483583182629733,4.985066422165083,3.2732780168357594,1.7795220069543272,79.35,5.455,C/2009 F4,C/2009 F4 (McNaught),-0.2361573618836701,-0.25499152252450585,0.018834160640835762,True,1.001183384921668,1.0028090654593549,0.9998338778106749,True,609,594,"[-0.048086, 0.241788, 0.969137]",0.05833374623961356,0.043926553490005155,0.10135525070602955,97.18716578964205,0.7716527276959373,0.47481977531086295,0.718859709232252,1016.0138899799767,1326.9256631355877,2455927.4313186267,2455927.131515845,2455927.3865073677,2455927.367673207,9.067808097338723,2009.0
772.5079782967362,1.3412409377450936,0.6164914318246691,67.08303583650238,63.93353320971984,3.6708503737812266,85.76,1.274,C/2009 F6,C/2009 F6 (Yi-SWAN),-14258196.059432874,-14258196.057935307,-0.0014975671656429768,False,0.9975614668301711,0.9988924731346752,0.9975419737359604,False,337,147,"[0.036362, -0.633841, -0.772608]",0.6080368353634036,0.031398157018383555,0.6357631924600747,98.17418611714426,0.7655206792429244,0.6586052198208457,0.9124886408754806,26.66376999766945,288.581619998218,2454958.933502389,-11803237.12581976,2454958.932115547,2454958.933613114,86.86501536507984,2009.0
94.87897652618767,4.22546312879413,0.17140528297321816,19.817242651941257,7.817270053035562,12.141693791862707,108.31,1.129,C/2009 G1,C/2009 G1 (STEREO),-1847210.006431214,-1847210.0148539776,0.008422763552516699,False,0.9979181561811205,0.9961704380799973,0.9979573265558807,False,34,94,"[-0.528635, 0.845565, -0.074603]",0.09175668854524328,0.10401838006251583,0.1936796499239579,87.10695938161165,0.92319646816872,0.44728209595751883,0.9637432963641545,6.016769999692009,104.68507997305994,2454938.0127310865,607727.9992299257,2454938.0140839033,2454938.0056611397,76.74010736282764,2009.0
198.0204596619642,2.755719849438268,0.12380667732194468,8.442572008584015,1.7226056294839074,8.147489051478006,66.82,3.246,C/2009 K2,C/2009 K2 (Catalina),-19609034.32596284,-19609034.359643582,0.03368074307218194,False,0.9978339488434401,0.9977188876309201,0.9979346073715061,False,598,80,"[-0.295243, 0.819589, -0.491024]",0.023399162600326002,0.14194705472680844,0.13594356489287537,71.42630116916546,0.6158090972414514,0.5567566159940684,0.633618839829217,172.40468996990955,116.56529997784713,-18734853.123615623,-17153799.340805996,2455235.0188375865,2455234.9851568434,8.875333443476789,2009.0
505.329011390253,3.23927582392084,0.17320652011716087,17.831803049524517,10.718376058778366,16.104710758533205,103.88,1.422,C/2009 K5,C/2009 K5 (McNaught),4.927441477775574e-05,0.020903052762150764,-0.02085377834737301,True,1.0008827508686369,1.0008034291793133,1.0006908123994191,True,820,1717,"[0.30084, 0.347511, -0.888106]",0.10491966791340214,0.1582946213321559,0.17543105600856687,50.791756369087075,0.8430132942725926,0.3971568504584683,0.6352290841427584,337.13140000573117,574.3547599707889,2455316.5256178104,2455316.5246250727,2455316.50372202,2455316.5245757983,4.027597068662807,2009.0
3806.1525792188568,2.143528066257793,1.3686925304321262,201.41347967960837,207.4839442496756,6.280661882459681,107.96,0.696,C/2009 O2,C/2009 O2 (Catalina),-1677702.8407678967,-1677702.8647461394,0.02397824265062809,False,0.9974788198544273,0.9974829121281203,1.008357166956077,False,293,16,"[0.618909, -0.399042, -0.676548]",1.4018729916534376,0.12106040334974223,1.3369792603189115,64.23277605029655,0.9373111780033716,0.9395029725616597,2.404934414967784,239.84390002591948,10.051270000178505,781693.3612739078,777577.073927518,2455279.9386736574,2455279.9146954147,7.006193550229412,2009.0
-258.44175696950595,3.0486959990860947,0.2317311036520311,22.84661712346216,19.789147348768378,10.257567427736035,106.18,1.551,C/2009 P1,C/2009 P1 (Garradd),0.2352272509597242,0.280358815100044,-0.045131564140319824,True,1.0009945598888559,1.0001946875225505,1.000810488025099,False,5182,3932,"[0.16999, 0.224047, -0.959639]",0.20617623327175696,0.10213359721659554,0.2378719091156985,61.623594118128,1.279959819260296,0.42203627573085106,0.6203770706063869,1181.7040615891465,794.402031592953,2455919.1764727607,2455919.4127826216,2455919.1324238065,2455919.1775553706,12.372398929437997,2009.0
26.726940272138087,4.502774944908701,0.022555154890644812,1.0824562686994714,2.3999839492042883,3.4757058182962792,163.45,6.544,C/2009 P2,C/2009 P2 (Boattini),-0.5815503783524036,-2.229580460116267,1.6480300817638636,True,1.0019243396645017,1.0008316748793475,1.0008681872168705,True,381,141,"[-0.927648, 0.250998, -0.27653]",0.0054644542151436855,0.02273024556186254,0.020210503871760453,123.39307371088712,0.7263760844321129,0.6978276140451183,0.7585809850442246,444.04324158818287,419.5122499846391,2455238.588374282,2455237.429249158,2455239.6588296182,2455238.0107995365,1.2211016561191819,2009.0
-296.3011093569597,4.5063604952703304,0.059613520995760734,2.8780727544908826,2.493337026808135,0.5053220106598123,60.38,6.475,C/2009 S3,C/2009 S3 (Lemmon),-0.7265944117680192,-1.7171898540109396,0.9905954422429204,True,1.0014568229885938,1.001621159007681,1.0015198362991362,False,162,124,"[-0.720538, -0.186137, -0.667965]",0.0520574592136403,0.01028202906857181,0.05977062902074027,122.22211241773253,0.7644481491974546,0.7090032210547474,0.7818002756904937,773.7091800025271,772.0341215876753,2455906.7512408122,2455906.0241103107,2455907.7413001647,2455906.7507047225,1.1996055730972017,2009.0
-235.68197851694617,3.099901983733409,0.17689794664363206,14.384319356808511,9.073943895240124,5.694169755376064,148.74,2.281,C/2009 T3,C/2009 T3 (LINEAR),-51378973.13832544,-51378973.14702852,0.008703076746314764,False,0.9996151667655468,0.9991566399465173,0.9996809667117872,False,366,36,"[-0.819088, -0.501199, -0.279097]",0.11278992339193876,0.07570701732077396,0.18446224006243045,150.68613568061636,0.5796455295861218,0.5464840415326425,0.715165881270807,87.39283002102127,208.13128998452797,2455208.566070992,-48923764.581805795,2455208.5652227215,2455208.556519645,8.338749134850834,2009.0
-367.4371462344852,3.4342736553415105,0.1085666950881402,11.23322190643258,9.14957883626353,5.9314172895347435,51.26,1.414,C/2009 U3,C/2009 U3 (Hill),-794126.8997316766,-794126.8994326987,-0.000298977829515934,False,0.991620412939864,0.9915720977862034,0.9915251749510801,False,525,102,"[0.326294, -0.559623, -0.76181]",0.08818903765870048,0.059545004773387374,0.1110696580961716,82.528631932861,0.725596944123288,0.7201001122759756,0.7509763258640949,150.2410900370418,86.78851998638913,1654270.0765449046,1661148.855007235,2455275.7544399337,2455275.7547389115,1.455956246300879,2009.0
-269.3804113201858,3.851532590542477,0.08075554837923878,4.016272992716544,1.2815907962099264,3.641890177489651,25.47,6.094,C/2009 U5,C/2009 U5 (Grauer),-403846367.63726264,-403846368.1819062,0.5446435930207372,False,0.9997038892742672,0.9994300425313913,0.9992278063218233,True,174,13,"[0.785722, -0.593745, -0.173518]",0.0393634039976102,0.15352776540077248,0.13064816017074377,69.49908864420367,0.7176440201511741,0.6615892406192141,0.8455515912719831,169.69674003727252,98.53739002254274,2455369.844483753,-401390997.64404446,2455370.5378617574,2455369.9932181644,1.3212285865834348,2009.0
-1596.611291804607,0.7348574678598985,0.267662315273015,16.57570177978949,21.517404093262375,6.301085809920575,130.1,3.931,C/2009 UG89,C/2009 UG89 (Lemmon),-0.13386472314596176,-0.18691052123904228,0.05304579809308052,True,1.0081101924472722,1.0080341935938426,1.0084809259318517,True,411,552,"[-0.03004, 0.748428, -0.662536]",0.34875961668267547,0.10512904018571734,0.26648473948658424,57.8213209238549,0.5889932221943548,0.45687444716376246,0.6862138557789349,355.7193099993481,454.8640900095863,2455546.7757953247,2455546.6283306484,2455546.8152411697,2455546.7621953716,2.045426753591273,2009.0
309.91548284388773,1.2842918533176413,0.12305765382151658,9.532693054670212,14.237013980447557,9.889571107458874,107.32,2.52,C/2009 Y1,C/2009 Y1 (Catalina),-2665803.2390027926,-2665803.2508482113,0.011845418717712164,False,0.9932472612862392,0.9933006994219309,0.9934587350952419,False,945,739,"[-0.649178, -0.016541, -0.760457]",0.18189411830825913,0.12678225018812728,0.12294939762351244,111.24436428065066,0.5312044816833597,0.39552854010080996,0.5261671520327788,407.28579001374334,327.8098399877624,-178405.2019253485,-210212.83726059413,2455590.413587617,2455590.4017421985,2.6576606575428423,2009.0
68.94884542254295,2.505439291399286,0.1712320763129125,12.735693745272847,9.008413920951803,4.580640121450382,96.73,2.738,C/2010 A4,C/2010 A4 (Siding Spring),-1817940.7132017822,-1817940.800363148,0.0871613658964634,False,0.9903720215136613,0.9906075772437095,0.9905755517846718,False,106,30,"[-0.057289, -0.105998, 0.992715]",0.11204482361015533,0.0719153714730782,0.17226544514203848,109.10762496456348,0.6071894304690055,0.7335326696202674,0.42509052604342445,265.998979977777,385.3562700015065,2455478.2751303026,637537.5273624668,2455478.327725615,2455478.240564249,2.702054569001414,2010.0
-334.54126850461597,3.849902977993382,0.09429170378024436,6.753597350468458,8.407674390609293,3.2352016259520893,101.98,2.941,C/2010 B1,C/2010 B1 (Cardinal),-62111420.89185964,-62111420.94955743,0.057697785552591085,False,0.9989995404590323,0.9990416450038234,0.9988432455386621,False,1775,334,"[-0.000473, -0.858293, 0.513159]",0.10532932217962093,0.0412057848893568,0.09549549466016712,125.69486339960717,0.4645748165762075,0.4367430114685962,0.4663096607214989,383.6695800055708,604.3814215441041,2455599.601353933,-59655821.332132176,2455599.617425256,2455599.5597274704,0.8437786807187713,2010.0
170.40190797649376,4.7948582331455505,0.06498143679763359,3.8705956856779085,1.8345535666961843,5.24582517791426,76.39,4.248,C/2010 D3,C/2010 D3 (WISE),-250571160.47045857,-250571160.36467823,-0.10578033281490207,False,0.9997238108209918,0.9994539426624337,0.999657701439953,True,28,20,"[0.332415, 0.499992, 0.799693]",0.03477806636397655,0.09236413228917585,0.0730486894761894,68.83495040387906,0.5478419564874121,0.44451357730738433,0.264906856287977,102.35869999009219,662.0805355993734,2455443.3899516873,-248115717.04959375,2455443.3150844956,2455443.4208648284,11.367699016710862,2010.0
129.65189420904426,2.6001525194495656,0.23761541069420494,17.3543530333545,11.882766046134122,11.64569258036693,107.63,2.843,C/2010 FB87,C/2010 FB87 (WISE-Garradd),-1917604.2944858617,-1917604.2901445387,-0.0043413229286670685,False,0.9905539337827471,0.9905892742479296,0.9904300994085855,False,59,542,"[0.303637, 0.084042, 0.949074]",0.16472973135371985,0.15919482480131988,0.24125744613210248,85.55106222733613,0.5238030252907708,0.4633707089761442,0.49069818517115704,198.0779999652484,528.0457800337858,2455507.8933320157,537903.5955865842,2455507.885731123,2455507.890072446,7.261164995153004,2010.0
308.79737966222547,3.0431467224433817,0.036969079243814214,2.0502509020728286,6.022562271692072,5.3310292318817725,108.27,4.908,C/2010 G3,C/2010 G3 (WISE),-32686054.99961258,-32686055.109892316,0.11027973284944892,False,0.9985492995806595,0.9975467901513116,0.9986945897911184,False,13,223,"[0.040833, 0.394955, -0.917792]",0.11648135487771669,0.10531463148285622,0.03727457668725962,62.958319659050304,0.5726256979828739,0.3158018051538035,0.5775666727433708,223.66951296245819,1031.1613515671468,2455297.667417957,-30230757.413658306,2455297.696234009,2455297.5859542764,2.3319098513978838,2010.0
-9.152831243941478,3.6188280063113587,0.2838232599812104,18.942533088878275,10.616745160799894,8.507945713633804,125.85,3.387,C/2010 J2,C/2010 J2 (McNaught),-130945180.99591038,-130945181.03433461,0.038424239959567785,False,0.9994093942042659,0.999328852368815,0.999423688984693,False,54,495,"[-0.627301, 0.77591, -0.066766]",0.12554284814280883,0.13657249942100824,0.25712788801519054,93.953401247746,0.633929375993088,0.4643989185261794,0.6493192533203066,23.998639994427148,381.22227999505895,2455351.400181211,-128489829.63090317,2455351.4034314416,2455351.3650072017,15.372510733893687,2010.0
-73.80471540056604,2.6897245839450075,0.05096634373175977,1.9911082554471318,1.6218269738235944,1.3250739156354834,102.63,9.883,C/2010 L3,C/2010 L3 (Catalina),-182515580.19006371,-182515580.01299566,-0.1770680472254753,False,1.0006580969338854,0.9984304028128685,1.0012355787805876,True,81,42,"[0.297862, 0.471615, -0.829974]",0.14089760473053847,0.039461973574243005,0.16117236241794955,46.82113704961972,0.49927782752561717,0.4857925382069428,0.6039834740203122,68.54191997958279,784.8794515807058,2455510.795702154,-180060069.22544426,2455510.7875514072,2455510.9646194545,27.20682941505273,2010.0
32.31061230063204,3.2613930273168554,0.062200680672006424,3.2209351338685743,1.9504261257616444,1.5205381001794056,156.93,5.621,C/2010 R1,C/2010 R1 (LINEAR),0.3248252896592021,0.6886181165464222,-0.36379282688722014,True,1.0036797011835876,1.00315888962141,1.0031971945764162,True,790,826,"[0.634033, 0.686204, -0.356548]",0.03954335380216353,0.02939751117151221,0.06388449057851212,14.926615074372664,0.7576904781898617,0.6820000695421071,0.804035351956089,622.5677600301926,680.1933915795255,2456066.3870208287,2456066.717677469,2456066.0290593524,2456066.3928521792,1.3991017244880697,2010.0
51.65024518599585,3.1984649418315554,0.11185099358632382,5.6533231282214205,1.7662648562754062,7.1975130242501315,125.34,5.9,C/2010 S1,C/2010 S1 (LINEAR),-0.04093156335875392,0.07010783953592181,-0.11103940289467573,True,1.0016301946666857,1.0004976049258052,1.002817282852108,True,5261,3345,"[-0.535541, 0.44716, -0.71641]",0.03247621785066804,0.14520539083391587,0.1166371414035834,91.59342501547879,0.5961057105858831,0.449009238375894,0.4636967580265057,971.6866316061598,789.2172615563691,2456432.813851528,2456432.7887485097,2456432.71864067,2456432.829680073,2.8814117444933136,2010.0
142.95348309194108,7.641015676301452,0.009537942302132814,0.4029469186858871,1.3514224052757142,1.0608859875596377,55.51,8.446,C/2010 U3,C/2010 U3 (Boattini),-1.6233293018303812,-1.1944986479356885,-0.42883065389469266,True,1.0034241960115684,1.0024095539471618,0.9963591704344436,True,1904,656,"[0.361993, -0.43688, -0.823466]",0.11135130116314798,0.11639398021527878,0.007181838898550969,76.1361578554996,0.7024353103758226,0.6600511582912413,0.6580898903694657,4859.241804452805,1507.989990003109,2458538.2670100676,2458538.9996552747,2458540.1941539226,2458540.6229845765,1.9243676859882977,2010.0
468.51871929383447,2.5687039477117337,0.1139375334203594,9.13854775336532,2.457540155351375,6.783904803126015,26.07,2.345,C/2011 A3,C/2011 A3 (Gibbs),-14870400.136902135,-14870400.071448864,-0.06545326998457313,False,0.9975785115167367,0.9980186532280569,0.9974214099024559,False,1538,224,"[0.015963, 0.961062, -0.275871]",0.0331829530775697,0.08840765090083247,0.12046412016846211,53.23047279860441,0.5648708909938365,0.45310597530459135,0.5775642471344505,281.543869977888,567.885201536508,2455911.587083308,-12414488.549056388,2455911.5223924764,2455911.5878457464,13.776211672847705,2011.0
-941.5462647036763,0.842826430450692,0.5183341618277009,67.76066301658048,4.976108986602573,71.60835911383089,16.83,0.883,C/2011 C1,C/2011 C1 (McNaught),-2535795.8191709244,-2535795.8241282743,0.004957349970936775,False,0.9975061334097857,0.9975725372294388,0.9975135954159692,False,451,168,"[-0.110962, 0.951326, -0.287518]",0.04005559533333189,0.5459141997295685,0.5179612832863618,60.43675401549197,0.6918124823276304,0.6205171741893243,0.6994438984548121,92.64752001514728,213.82021996758533,2455669.503706508,-80126.31696648523,2455669.507161789,2455669.502204439,4.5578754314371634,2011.0
319.9487920638003,3.9390548442452875,0.04989492480411607,4.979117762590097,3.7090416806972537,3.1269170157535977,49.38,1.517,C/2011 C3,C/2011 C3 (Gibbs),-2088730.3477410413,-2088730.3535033185,0.0057622771710157394,False,0.9952187969693745,0.9952565082902185,0.9944576615219493,False,70,12,"[0.729157, 0.592905, 0.341751]",0.036747496554494594,0.0316705678434592,0.050651415801543295,33.365531590193605,0.4976555435665859,0.5292510607248624,0.34798892164192136,53.05758000692008,20.873159996591923,391599.3911214578,366928.6803419078,2455659.0338452263,2455659.028082949,1.3761995376564222,2011.0
217.8024293259756,1.7737165051553059,0.07237569242508203,6.587971750232807,3.9410087074930624,4.334325664871809,56.61,1.819,C/2011 F1,C/2011 F1 (LINEAR),-24514133471.842823,-24514133471.784172,-0.05865125358104706,False,1.000190853045281,0.9999889878401093,0.9997219617363557,True,4499,168,"[-0.036534, 0.982816, 0.180938]",0.041759018484320794,0.04162878484684391,0.0746257011939211,62.27137840486515,0.6760035332402109,0.5050224128141478,0.469832853673521,590.4624015380815,505.5991899712556,2456300.5154815093,-24511677171.306816,2456300.477355507,2456300.536006761,26.504262013157,2011.0
-523.8912157054169,1.8176944770757562,0.2150306821548115,17.98537307898652,5.095909898420052,14.62865239143923,162.23,2.155,C/2011 G1,C/2011 G1 (McNaught),-0.012174734845757484,-0.008914653211832047,-0.003260081633925438,True,1.001086333839966,1.001371534655281,1.000953120202104,False,107,410,"[0.924956, -0.378967, 0.028996]",0.056349232077692823,0.17515309975840362,0.21420037422761132,57.712866590025676,0.8573921049067041,0.5122020051404103,0.9124677329545948,73.16083998645276,145.29996003656132,2455820.9140821444,2455820.900017099,2455820.908931752,2455820.912191834,10.835472572948156,2011.0
195.43061496663478,3.722916766365464,0.23776694843150234,20.940113458253737,13.466569892666351,13.780392418030347,104.26,1.943,C/2011 L2,C/2011 L2 (McNaught),0.004459724295884371,-0.22668352723121643,0.2311432515271008,True,1.0017931031315799,1.0016696914209058,1.0026334469500076,True,43,18,"[0.03452, 0.326786, 0.944468]",0.1550073273899648,0.10206312652444043,0.12019116924845295,90.37366688981483,0.46570282589641326,0.5123467426005002,0.9224888950162956,84.63199997513176,12.160920003861603,2455866.7732822895,2455866.7775854655,2455867.0042689927,2455866.773125741,2.531094942412977,2011.0
624.2342261987245,4.325720291890858,0.11024587180891082,9.758817178867316,5.503037404006702,10.179736885105102,87.11,1.924,C/2011 L3,C/2011 L3 (McNaught),0.00036866823211312294,0.0010832762345671654,-0.0007146080024540424,True,1.0000383289386756,1.0001486804980866,1.0001545722013632,False,505,336,"[-0.559602, 0.686036, -0.464974]",0.06233657225121051,0.11923551302364441,0.11542444119216898,88.49008751033493,0.8827721582986265,0.7251921711960065,1.0813732666179632,67.170209979357,104.73820999890634,2455784.0040706615,2455784.000803036,2455783.99971976,2455784.000434368,1.9041627825743175,2011.0
415.06764976165454,3.800419450282151,0.11093178370139337,24.781479018221695,15.963395339775165,12.511120324215158,84.21,0.302,C/2011 L4,C/2011 L4 (PANSTARRS),-0.013447439298033714,-0.0034181023947894573,-0.010029336903244257,True,1.000047548166846,1.0000823049011522,1.000028630608263,True,1422,4084,"[-0.411199, -0.797598, 0.441309]",0.07254749196715299,0.05287605428367514,0.11161246325596275,149.9987465670654,0.6794876656606443,0.37941315789479785,0.5829550434362427,641.9609015752878,529.4519499666499,2456361.670651869,2456361.656512563,2456361.6599306655,2456361.6699600024,7.733160989585005,2011.0
271.63523182775816,4.620167596664158,0.05149285708581801,3.207889309234263,0.827032510416545,2.5061281362151444,76.5,3.891,C/2011 O1,C/2011 O1 (LINEAR),-18445363.088329073,-18445363.04397887,-0.044350200798362494,False,0.9967096705383749,0.9971522880691404,0.9961781722962031,False,146,137,"[-0.182979, 0.610793, 0.770357]",0.014442083462632276,0.04116708794409637,0.053551684353326835,89.32986453236447,0.4723156578562735,0.40015723368584116,0.3810272705853942,452.6259615482114,558.9104870313716,2456157.9682798586,-15989205.117512211,2456157.9264666596,2456157.9708168604,1.6792700757209371,2011.0
98.82219572469619,2.584749369618869,0.10139450159906807,8.631078732155398,9.373129308659655,2.825962660292117,116.2,2.08,C/2011 R1,C/2011 R1 (McNaught),-0.038350886665284634,-0.01729723485186696,-0.021053651813417673,True,1.00065135963395,1.0007430216312878,1.0007580885699043,True,484,1024,"[0.242506, 0.671665, 0.700041]",0.10897986465910538,0.03511571643498752,0.09892185681974718,66.14755871239865,0.6967774869024036,0.450959904395682,0.6232679869498041,711.1032815744983,474.5966700226841,2456220.124029832,2456220.0825805934,2456220.0998778283,2456220.12093148,5.02838135278512,2011.0
-132.31811863344763,3.7315481006509303,0.28842996380948455,24.224293588217698,11.450021212806258,15.427587172679365,93.96,2.138,C/2011 UF305,C/2011 UF305 (LINEAR),-0.017046176362782717,-0.022729049436748028,0.005682873073965311,True,1.0006758534616902,1.0006677260846797,1.000653703040768,False,898,1402,"[0.29773, -0.444522, -0.844841]",0.14256817177211842,0.18064013920157046,0.2916444423627278,79.1435716868175,0.5406106553372463,0.3845539371861404,0.5252375053750025,362.77682157484054,273.5901900239799,2456130.6560538807,2456130.648359393,2456130.671088442,2456130.665405569,4.596554124808473,2011.0
76.04124467215428,3.108168106700658,0.05476625199957607,2.438547871077032,3.5571087284058005,5.8576298594774165,120.9,7.604,C/2012 A1,C/2012 A1 (PANSTARRS),-0.0247503318823874,-3.6193642718717456,3.594613939989358,True,1.002098518119346,1.0011782109040421,1.0009006187427474,True,274,56,"[0.031186, -0.98392, 0.175866]",0.020334748759221116,0.03997429532591511,0.05676381491868862,123.39918402418716,0.5829990609244856,0.608688068482203,0.5414403796317913,696.9188815635498,432.49170001814144,2456627.4797122157,2456626.1148763886,2456629.7342406604,2456626.1396267205,1.2102613596252134,2012.0
177.5527615016498,2.5590517259171803,0.2101109530308105,13.727129882841423,9.786539038166035,5.266474789969995,125.87,3.537,C/2012 A2,C/2012 A2 (LINEAR),-11449433.215419352,-11449433.284759026,0.06933967350050807,False,0.9964648198672384,0.9964414225737058,0.9961928218315784,False,1115,1563,"[-0.087217, -0.60149, -0.794106]",0.14791812507026872,0.08495654146206338,0.21260896248690672,102.68236293827334,0.5289684881164276,0.4756081266968343,0.45288243532619193,579.7613615379199,716.22598999803,2456236.6193472925,-8993196.614578038,2456236.6701809876,2456236.600841314,2.841110666730135,2012.0
-102.38430419950419,5.019573301880757,0.09147323490833137,5.1110164608831194,1.3878594650657454,3.7638402269323614,96.28,4.838,C/2012 C1,C/2012 C1 (McNaught),-15986513.206887892,-15986513.315664543,0.10877665085718036,False,0.9965512940977754,0.9961044625268873,0.9969003450114398,False,151,69,"[-0.180369, 0.093253, 0.979168]",0.01883748126732447,0.07615896886636195,0.09430983415020158,108.37022338272024,0.3846806265251662,0.32637354382061645,0.42297053818528274,362.9658915734188,536.0112709775657,2456328.0770640476,-13530185.184396563,2456328.1312679797,2456328.022491329,1.557321750937955,2012.0
-845.1704195270036,3.797738784736805,0.08920130021624383,5.8898465262243,10.897165650319511,5.435341954334595,11.35,3.457,C/2012 F3,C/2012 F3 (PANSTARRS),0.2587031750008464,0.2356893913820386,0.023013783618807793,True,1.001710847573303,1.0006717271475647,1.0024059364346967,True,1028,746,"[0.015875, 0.981479, -0.190912]",0.16972790394069762,0.0792605907070821,0.09685022143638934,53.80473690852508,0.9688296902156401,0.4144976191558151,0.447720838323563,1168.8640915881547,921.731103110332,2457119.1918685785,2457119.456124514,2457119.2204351225,2457119.197421339,8.872931278667838,2012.0
298.0773737365398,3.664487749767459,0.1376101050133904,19.76653957427281,9.838544627918838,12.61691724418112,82.61,0.731,C/2012 F6,C/2012 F6 (Lemmon),-3831406.4513007104,-3831406.444164953,-0.007135757245123386,False,0.9985365744522546,0.998473940911118,0.9984290445846319,False,405,2833,"[-0.462094, 0.357093, 0.811759]",0.06819966671056449,0.09061882546303075,0.1406576324219002,111.18096782451109,0.619586664392852,0.43301586783998647,0.34675700488457945,408.95268158496117,540.133429965877,2456376.014640566,-1375030.4373336495,2456376.0068313037,2456376.013967061,4.32368141575526,2012.0
-563.1712434442609,2.170138486032975,0.21526915484464276,14.871793071229172,5.566888072511414,11.778037002477735,34.19,3.159,C/2012 J1,C/2012 J1 (Catalina),-0.0158170023933053,-0.18491116119548678,0.16909415880218148,True,1.0021056158272166,1.0011819001545619,1.0029549345120705,True,3201,1211,"[-0.846911, -0.436939, -0.303027]",0.06936342912038426,0.17550389890296858,0.2164531978682962,148.65280981698965,0.34188254690759556,0.3081467113945996,0.350529999310213,207.57474155038182,469.08237002729817,2456268.7941081487,2456268.718468092,2456268.903379253,2456268.7342850943,1.6480310681843653,2012.0
87.36970027809201,1.6147822875087072,0.19585876102219402,23.40892245879515,13.452169284006276,9.979662310725413,142.43,1.055,C/2012 K1,C/2012 K1 (PANSTARRS),-0.007477317005395889,-0.015099359676241875,0.007622042670845985,True,1.0002697331590205,1.0002558559156496,1.0003202537598124,True,6165,1720,"[0.469858, -0.849571, 0.239715]",0.11424325235458077,0.08890610401968016,0.20291935795297636,97.89022508208713,1.2855953566174432,0.5204532137113952,0.9715278924450713,784.0828015586471,699.7083315807588,2456897.155799018,2456897.1528856894,2456897.167985049,2456897.1603630064,28.334193464885853,2012.0
-140.47673202641636,4.325632363774966,0.19483467569435156,22.394594025658904,10.29967281449789,12.816572196606623,92.85,1.142,C/2012 K5,C/2012 K5 (LINEAR),-7759873.409563512,-7759873.390030011,-0.01953350054100156,False,0.9985595254076066,0.9985114588176596,0.9976924390884224,False,2439,1955,"[0.15119, -0.74452, -0.650255]",0.09139282226970497,0.12715271050923715,0.2145866312879462,97.88902233541191,1.1816780266616296,0.5043168284721222,0.6144532306760309,203.20121854823634,136.23291002992195,-5695255.811884296,-5303613.221776082,2456260.1682539284,2456260.187787429,18.407046286942652,2012.0
-182.94387830034475,3.1077265969620167,0.09722232003809744,6.522741994632754,4.601928307573296,4.944696530356922,135.22,3.353,C/2012 K6,C/2012 K6 (McNaught),-202834228.59224558,-202834228.58093035,-0.011315219569951296,False,0.9993509342169944,0.9995037072284241,0.9989865176852575,False,118,986,"[0.71632, 0.650088, 0.253516]",0.06700868868674784,0.07315079262623947,0.09907244215193174,28.85845193554699,0.450069339136806,0.26877012470093486,0.4201503616621627,394.54634656911645,676.4091400090501,2456433.982612706,-200377794.63150233,2456433.949428014,2456433.9607432336,2.0729543400117194,2012.0
-15.791648543145648,6.346840539937422,0.06796741296764702,3.2823599106237897,4.365108561859193,1.1978560214880942,106.11,6.463,C/2012 K8,C/2012 K8 (Lemmon),-0.032389651983976364,-0.0731000299565494,0.04071037797257304,True,1.0020910388894777,1.0029316303195794,1.0008116000079728,True,665,319,"[0.032422, 0.361161, -0.93194]",0.08987657305639131,0.022589331017646357,0.06989021431041037,64.36648476331715,0.560463220006217,0.5456452317451609,0.5364667871009487,809.5946315503245,659.3604915955193,2456888.8495403356,2456888.7986433706,2456888.8717434006,2456888.8310330226,0.9387325826609026,2012.0
26.742848305140342,3.671296364763422,0.3383749519452574,27.650011078908882,8.98038702673766,18.716394918707987,87.22,2.262,C/2012 L1,C/2012 L1 (LINEAR),-7593045.167710017,-7593045.166816806,-0.0008932114578783512,False,0.9970393105575976,0.9970074868850035,0.9971391974199837,False,684,821,"[-0.00713, -0.771092, -0.636684]",0.11004991824150903,0.23006082957311927,0.3395403414373179,106.41990168406305,0.6143693270722884,0.5910701879709351,0.6355414398634084,206.3949715605668,108.41423002153911,-5259295.710493099,-5136758.254042286,2456286.91277452,2456286.9136677315,1.0611449775575794,2012.0
-140.7141340278417,4.822018576171911,0.07861319318198198,3.7751807794193275,2.003842850617402,1.8800631417443538,25.38,6.536,C/2012 LP26,C/2012 LP26 (Palomar),-98262067.86284576,-98262067.79776837,-0.06507739005610347,False,0.9992521290886811,0.9984318823963649,1.000454658316293,True,196,246,"[-0.510809, 0.82388, -0.245553]",0.0432304158554636,0.036061808144706844,0.07763692984760474,84.74946011651852,0.6292522503397593,0.5280614784776195,0.7056182494880415,1180.237383122992,1146.3351115674395,-295970955.9337302,-95804816.78964774,2457251.0081206285,2457251.0731980186,1.826599452181331,2012.0
35.61460215631632,4.36366375706462,0.025912073241994193,1.676968070056577,0.72479139851656,2.068398920054039,114.83,3.607,C/2012 OP,C/2012 OP (Siding Spring),-11879422.01834853,-11879422.007129194,-0.011219335719943047,False,0.9965861272003257,0.9964598089209682,0.9968401486359425,False,42,58,"[-0.017003, 0.990655, 0.135327]",0.013136838147385197,0.027728326736979822,0.019413876718066454,60.29118297532899,0.38004591683787303,0.23560849696703048,0.3965047221341513,63.706449985428954,134.15461997264512,2456266.2430014396,-9423155.775028823,2456266.232100371,2456266.2433197065,2.9434270842244508,2012.0
115.2676406435425,4.572765538083882,0.08470415592309453,4.987588507208788,3.4456104132125103,5.87142861863141,126.54,4.349,C/2012 S4,C/2012 S4 (PANSTARRS),-2629598398.3944244,-2629598398.4366584,0.04223398258909583,False,1.0000126338073239,0.9998833616550643,1.0003062013181412,True,476,462,"[-0.972439, -0.051034, -0.227504]",0.058958403878171604,0.10251461261852331,0.08646635252162824,139.65455166489681,0.6128644626314647,0.49598972695622384,0.707960090747199,257.010595026208,172.0665700017171,2456471.532407454,-2627141926.8710213,2456471.5656369855,2456471.523403003,1.4012442348807441,2012.0
-434.6484869090283,3.9156057676462224,0.08496292556496189,4.553736898794521,6.378103162678927,3.260577143508328,56.34,5.264,C/2012 U1,C/2012 U1 (PANSTARRS),-249969500.82961693,-249969501.27267662,0.4430596870370209,False,0.9995841277349831,0.9993221044583486,0.9994878785350219,False,127,45,"[-0.066208, -0.618016, -0.783373]",0.11178490698360373,0.06040778135310667,0.07781377777877108,102.35651883382731,0.47148372914309084,0.45204627930958374,0.46313335570505015,532.4292100379203,323.5191115860655,-517671060.6067374,-247512657.6069368,2456843.6657397943,2456843.222680107,0.6180985682517777,2012.0
-111.55631396831996,1.9518892900647664,0.14502798701983596,14.773078342604977,15.413300740176236,9.854937401983795,67.18,1.455,C/2012 V2,C/2012 V2 (LINEAR),-5461629.086142919,-5461629.062660798,-0.02348212106153369,False,0.9977280665085896,0.9976031691904064,0.9975254249654764,False,938,174,"[0.125115, -0.818358, 0.560924]",0.16763033803304517,0.09806827548936928,0.1583057958195005,118.09955998324189,0.888479181542039,0.4971272370608661,0.6652941640526456,287.8865800052274,270.86799002748535,-3462824.057548308,-3005108.085765397,2456520.976895401,2456521.000377522,15.845743724164413,2012.0
-559.7038891671655,2.872947172152847,0.04972054705606541,4.840426783011639,7.172832931538828,5.947847531283212,44.37,1.599,C/2012 X1,C/2012 X1 (LINEAR),-689776.2207265897,-689776.2075114464,-0.013215143233537674,False,0.9898550142357893,0.9895337461731165,0.9897055236769507,False,1539,1017,"[0.223005, 0.825599, -0.51832]",0.07672247416245032,0.05535228461365276,0.05532538131076567,41.70553359025873,1.6109088557770905,0.49202699605454875,0.45795246133477957,431.8282500208997,655.1197115511185,2456710.1273373323,1766933.9127517487,2456710.120263195,2456710.1334783384,14.947753395760484,2012.0
203.72315609896742,3.7583773613385847,0.2087784630560399,13.264483744809828,6.507364793601878,7.984771864035243,43.45,3.734,C/2013 B2,C/2013 B2 (Catalina),-0.03946508700028062,-0.10305420216172934,0.06358911516144872,True,1.002463980416801,1.0027296982440501,1.0022438421652935,True,107,30,"[0.673812, -0.685797, -0.275064]",0.09520507340677105,0.13646282040036678,0.20913750473967277,76.55511395283436,0.5907431905964492,0.426728709473087,0.9922843040175101,131.64759000726872,142.07582003504453,2456475.0620893645,2456474.979727655,2456475.0827818573,2456475.019192742,3.0454990044048547,2013.0
45.945384881377564,3.2506997540368756,0.048687684963274365,2.1427574197072237,6.1952176041562845,5.871864693936296,158.72,7.782,C/2013 E1,C/2013 E1 (McNaught),-0.10899855382740498,0.01816523913294077,-0.12716379296034575,True,1.00261136270892,1.003202942645142,1.0016712984178096,True,125,53,"[0.962212, 0.007421, 0.272199]",0.1426504159985406,0.11949111546834366,0.05177663457593829,43.93913791017484,0.5338736241630054,0.4493305234634131,0.6401238596631033,432.69444156297175,271.84065001793067,2456455.582992423,2456455.5082156607,2456455.4900504216,2456455.6172142145,0.9763978731962774,2013.0
537.9317371937012,3.4799338973228213,0.09599661643675292,4.731815097204004,1.7964645464873903,3.8257836073735576,61.75,6.218,C/2013 F2,C/2013 F2 (Catalina),-212985228.38826573,-212985228.55161002,0.16334428638219833,False,0.9992611438679492,0.9991091659259508,0.9992508863619094,False,104,67,"[0.417044, -0.529401, -0.738789]",0.02582738039661382,0.07876867453714852,0.0815523781207925,77.6064678415913,0.6044041156529777,0.4582508284013486,0.7396283412156325,110.6475350205276,359.0374400007621,2456401.554732945,-210528826.879335,2456401.672275044,2456401.5089307576,4.70641039661296,2013.0
41.8459640617873,3.9898732657435136,0.04646908486799472,3.8040159925039396,2.815911940386129,1.0748003815139722,85.44,2.253,C/2013 F3,C/2013 F3 (McNaught),-11459515.251867626,-11459515.254909392,0.0030417670495808125,False,0.9970053298528221,0.9977353499243721,0.9967790411495946,False,55,249,"[0.038179, 0.946465, -0.320539]",0.03731242718088876,0.013945422862816068,0.04812797172550795,51.78322867709572,0.609321342641924,0.5543227859303237,0.5896138842169886,51.376489994343785,87.56761997443658,2456437.757996303,-9003077.494541725,2456437.760367668,2456437.7573259007,5.3808136602143986,2013.0
-354.84375984780013,3.2601196147251037,0.1381491186537293,8.641291351682915,9.953640898201884,3.3399136150644164,64.67,3.852,C/2013 G3,C/2013 G3 (PANSTARRS),0.016041505616158247,-0.022024035453796387,0.038065541069954634,True,1.000560156998657,1.000359131951152,1.0008306592665765,True,846,62,"[0.007068, 0.476585, -0.8791]",0.15789800068529578,0.0517341740834225,0.14171083305306884,62.410311472148194,0.5164494211753595,0.4513873160302951,0.6277919666089612,577.4053099650379,759.2100625780217,2456976.705141055,2456976.707964726,2456976.7299887612,2456976.69192322,5.896872941136461,2013.0
-320.6677823730197,1.5416851349429594,0.08526712024208528,7.326126663629004,7.7340721246476525,0.8849159974826026,124.08,2.048,C/2013 G6,C/2013 G6 (Lemmon),-2564171.5974418507,-2564171.6024581715,0.00501632085070014,False,0.9946630552320044,0.9944129920573226,0.9947089681682476,False,200,37,"[0.807587, 0.336252, 0.484498]",0.09642203169866628,0.010187734497636389,0.0954314054107821,43.39934154014856,0.5642461162254103,0.4451017416693674,0.8013645339299517,86.49842997980683,186.2564990242205,2456498.732512804,-107672.86913360609,2456498.7333245655,2456498.7283082446,17.373952424699763,2013.0
-143.86807714991164,4.33720751572553,0.0805473998106832,4.5761930363477745,7.1553539513706585,3.197483924896223,105.11,4.677,C/2013 G7,C/2013 G7 (McNaught),-41356154.09745907,-41356154.134574056,0.037114986684173346,False,0.9977412780510759,0.9980015361958425,0.9972094892985615,False,269,36,"[0.640919, 0.479245, 0.599623]",0.12734527926898773,0.05665484088010625,0.08088028025665585,49.911991131439,0.5588101834513688,0.5864741921654133,0.3216083361453021,645.252721576234,333.9887999966879,-31964092.76085704,-38899418.92964632,2456735.204927737,2456735.16781275,0.5460943130073435,2013.0
323.9126171455862,4.716864379839734,0.0333048703912273,1.803372235801264,3.362072454314271,1.55991550831329,27.62,5.141,C/2013 G8,C/2013 G8 (PANSTARRS),-76785107.0288514,-76785106.73612723,-0.29272417491301894,False,0.9979088771317963,0.9985458093885752,0.9976132332650147,True,127,21,"[-0.680617, 0.573244, -0.456237]",0.056611727142475594,0.02179710204881524,0.035059856510917024,97.74858055985872,0.48863623682695817,0.379015383996586,0.5088281465830368,171.23034996199456,438.6817515519848,2456611.3546361267,-74328495.54965302,2456611.1864742097,2456611.4791983846,9.589375033469057,2013.0
15.921321154635947,3.4062467172518835,0.16626332875728247,8.83515951259826,9.188523417142209,3.23667855047183,146.23,5.338,C/2013 G9,C/2013 G9 (Tenagra),-0.0785450516268611,-0.5980515712872148,0.5195065196603537,True,1.0010618672649938,1.0015968009386058,1.0012257903210806,True,348,167,"[0.94121, 0.241865, 0.235851]",0.1657058011842415,0.058749313463558855,0.16610978405711194,32.96245559819905,0.6841660508187891,0.6361426539754924,0.792866750828527,643.4598999838931,445.01906158860356,2457037.1747318213,2457037.03249838,2457037.6305499515,2457037.111043432,1.629159066345365,2013.0
-676.1437558510142,3.7964912611718677,0.058611593859133684,4.440133922957738,7.439302490149271,4.548313558793142,27.09,2.647,C/2013 H1,C/2013 H1 (La Sagra),-880994.9559856281,-880994.9688785002,0.012892872095108032,False,0.9854378943409156,0.9852828716893841,0.9856068112495351,False,175,99,"[0.672157, 0.671146, -0.312679]",0.08943577624069377,0.06514822851834627,0.048881463615796705,11.768409464209341,0.6219579173036813,0.6360743012319603,0.5822052473102732,29.507747992972533,82.39513997543327,2456432.162910474,1575437.2121004467,2456432.180978947,2456432.1680860748,0.9499706312852917,2013.0
-2.3925093162798845,6.6183649041226,0.07336472026494327,3.289613254291335,5.073290646333123,2.2153048872812624,128.4,7.499,C/2013 H2,C/2013 H2 (Boattini),0.005834418814629316,0.20899948989972472,-0.2031650710850954,True,1.00127663037361,1.0026623799056755,1.0007248763402177,True,119,104,"[0.465056, 0.755198, -0.461951]",0.10632349158756844,0.053104549099065035,0.06310023984791399,26.993072723402783,0.6610631049105004,0.5144320462707901,0.7691438345090839,78.61257998020008,464.4631699908918,2456680.620976982,2456680.716373801,2456680.5073743113,2456680.7105393824,4.53038498194869,2013.0
-108.3609650590563,4.191387098263425,0.020184541002490303,1.391368440273326,0.9783337553439715,0.7658222099401768,102.84,3.18,C/2013 O3,C/2013 O3 (McNaught),-10732671.112451483,-10732671.100575477,-0.011876005213707685,False,0.996248609516647,0.9966601544069306,0.996232520975608,False,80,23,"[-0.192, 0.910734, 0.365649]",0.013685501521123838,0.002060579006701645,0.015724244377484976,74.99668183855341,0.4301306663510565,0.35439637101494437,0.5757611633914383,37.76032999039869,298.4824800138838,2456545.4645466846,-8276125.626203539,2456545.4743719385,2456545.4862479437,10.636763898704725,2013.0
88.48999206050394,3.0862644585147545,0.21866364099219543,15.957568819591575,6.929795118968143,13.769545144796004,125.53,2.835,C/2013 P2,C/2013 P2 (PANSTARRS),-54393410.99204343,-54393410.99483349,0.002790065947920084,False,0.9988313410600101,0.9989909357756501,0.9987212188221003,False,139,202,"[0.239667, 0.57078, -0.785347]",0.0922562816880843,0.1908584057373772,0.2180093183486191,47.057797179502955,0.47229513884516233,0.3480833283052669,0.39086130014606174,104.50438999081445,383.1679200015983,2456705.5582952737,-51936705.43772772,2456705.5571057713,2456705.5543157053,3.7442443651103536,2013.0
-2.172372260165993,7.850551910172956,0.027866313553885944,1.1634579372752296,1.70825593344282,2.8085659448365785,93.91,8.647,C/2013 P3,C/2013 P3 (Palomar),0.19130373327061534,1.5898383539170027,-1.3985346206463873,True,1.0011918600518326,1.0010541240500337,1.0009606599093723,True,357,135,"[-0.997786, 0.044319, -0.049596]",0.01850501554470751,0.02401276419007446,0.03142850174401123,140.41645629308553,0.450815800015367,0.3454666288676946,0.5882101110998282,466.87052999658715,1308.7137331640852,2456984.6170744393,2456985.65022073,2456984.060382376,2456985.4589169966,2.671700508441632,2013.0
-359.02997445816845,4.668715081630443,0.19783065478155654,26.96694454320432,18.577509525490445,8.53080558659504,64.04,0.812,C/2013 R1,C/2013 R1 (Lovejoy),-4180896.815428155,-4180896.815797292,0.00036913715302944183,False,0.9984764812642478,0.9984016173869116,0.9984031746130019,False,2765,1277,"[0.252933, -0.497469, -0.829789]",0.13609073811753108,0.06875622344333557,0.2037114971590759,83.11212209936338,1.4676418625625511,0.9571208031055984,0.6054816361751916,105.56163001294489,265.55721998601115,2456649.2332691345,-1724247.5823064093,2456649.233490883,2456649.2331217458,17.392175150744748,2013.0
1724.3221727870655,3.3214389868164487,0.09817034352885673,5.009050930106619,3.628532168987798,6.178061695690486,31.4,5.831,C/2013 TW5,C/2013 TW5 (Spacewatch),-4157027.2609046334,-4157027.842773848,0.5818692147731781,False,0.9829441173893976,0.9884745985018941,0.9816583069962234,False,299,127,"[0.849471, -0.519428, 0.092704]",0.1445955632598869,0.19481201737865764,0.09608241191560232,67.52230081476455,0.34991796847998413,0.3152057668342106,0.37049959573851515,240.68327002963534,807.2316331719076,2456887.78358637,-1700140.1008923892,2456887.741881459,2456887.1600122442,7.032514801529757,2013.0
-135.2544104769654,2.009961985889054,0.22599611307037434,12.301072540636705,4.447301349132173,16.61978783114721,43.09,5.117,C/2013 U2,C/2013 U2 (Holvorcem),-8866473.715464834,-8866475.0862053,1.3707404667511582,False,0.9950651166356482,0.9938965680323223,0.9958833789572695,False,254,217,"[0.382404, -0.654406, -0.652318]",0.03721844234543938,0.24857734001316947,0.22245592257404606,84.31374094259478,0.4233781071176432,0.4132163003618602,0.41799152976674214,366.37337000011706,848.8002031782456,2456956.850882834,-6409517.345003635,2456957.741201666,2456956.3704611994,3.444658477425352,2013.0
-307.1159593494418,3.2207229793712395,0.20704214835997736,28.01785612509836,15.55146772400494,12.624725658643467,148.88,0.823,C/2013 US10,C/2013 US10 (Catalina),-0.03173449169844389,-0.013609941117465496,-0.018124550580978394,True,1.0003745829197526,1.0004081385206816,1.0002733066035099,True,1892,3237,"[0.906451, 0.385125, 0.173279]",0.11934360097775937,0.09350897875462492,0.21154244453856144,25.433834979870372,1.4487307974771821,0.5597033500964945,0.7676222877998458,787.5096515671164,747.886691578775,2457342.22154472,2457342.189907337,2457342.203517278,2457342.221641829,17.523518865750813,2013.0
-461.8638120250728,1.4048862121331933,0.23153146416848197,22.05466346112025,14.696369764520787,12.374512554269469,65.31,1.661,C/2013 V1,C/2013 V1 (Boattini),0.0037999474443495274,0.0026244386099278927,0.0011755088344216347,True,1.00133520126121,1.0013695993123828,1.001403903357897,True,1802,339,"[0.099593, -0.728767, -0.67748]",0.15591084195401045,0.12982709738932202,0.23425325133626293,99.45232826214807,0.711173596341269,0.5151735175725299,0.7648225933523293,164.7271100352615,271.0808099870577,2456768.734986017,2456768.736714445,2456768.7340900064,2456768.7329144976,7.01307425637492,2013.0
-680.6129216575011,2.5140921405767522,0.529793473494015,34.74888157433655,21.37904269487389,14.461030177206935,37.85,3.508,C/2013 V2,C/2013 V2 (Borisov),0.0846216818317771,0.07552910689264536,0.009092574939131737,True,1.0044862617565404,1.0039288107839826,1.0037007958291182,False,907,898,"[0.642703, -0.459058, -0.61335]",0.32795864625721455,0.221385317705139,0.5328576913304989,65.98225141178955,0.4977276957715144,0.4699474107538479,0.40802414453684377,597.5807200132027,576.1367116078969,2456944.8428685847,2456944.934084216,2456944.8585551092,2456944.8494625343,1.7351872770671914,2013.0
77.72375300251568,5.621743597378186,0.11988974218614841,6.464324963418212,2.884476373528747,4.74475206342794,67.85,5.185,C/2013 V4,C/2013 V4 (Catalina),-0.15218986524268985,-0.18203063448891044,0.02984076924622059,True,1.0024323148966787,1.0026927211962782,1.001689275970435,True,1366,1087,"[-0.227864, -0.765601, -0.601608]",0.04773768460741774,0.09978194995847983,0.12501224864561272,117.76718889595602,0.6689734448287646,0.458535259391007,0.5414810194601267,713.7685815731443,1032.8403915831818,2457303.149427621,2457302.917264784,2457303.0992954187,2457303.0694546495,3.2238220684969736,2013.0
2936.8058695216937,2.644284838793155,0.5312628708095606,82.43070891218946,90.93245831702183,18.95990370240898,154.89,0.626,C/2013 V5,C/2013 V5 (Oukaimeden),-3997585.4364678008,-3997585.4352460005,-0.001221800222992897,False,0.9987021843715088,0.9987308260403771,0.9986729865093453,True,1369,190,"[-0.737724, 0.605297, 0.298964]",0.5790180840327626,0.118502661730424,0.5341773523390766,109.4737375159665,0.8593573858861409,0.6389697614328571,0.555219156967846,319.8535899961967,203.58018003751695,-1407796.0173116233,-1540656.7134350515,2456928.721810949,2456928.7230327493,6.3096398931550945,2013.0
-659.8210006007839,3.0390405548841883,0.20741525595350507,22.215146438935722,3.338695088169815,22.57611418760935,163.23,1.314,C/2013 X1,C/2013 X1 (PANSTARRS),0.06791893998160958,0.0657563447020948,0.0021625952795147896,True,1.0010542829072016,1.0007486229777813,1.001173561129504,True,2719,556,"[-0.825554, 0.558994, -0.077364]",0.02720512593966429,0.21165399055650172,0.2068555282285386,110.17548591528592,1.10807825844477,0.7282475802411601,0.875221922954643,915.2172116112557,639.9736215652484,2457499.22829551,2457499.2966223843,2457499.2308660396,2457499.2287034444,27.686399083205966,2013.0
457.0418751275238,1.0194901184617573,0.5189361219343522,46.081496981602136,44.96082450345575,1.3308207615616945,29.41,1.919,C/2013 Y2,C/2013 Y2 (PANSTARRS),-1187181.4703959085,-1187181.4745509897,0.004155081231147051,False,0.9912017730520347,0.9912539291052556,0.9903142582330617,False,401,17,"[0.886245, 0.251273, 0.389143]",0.5096972101407964,0.00940213097906064,0.5169814211657772,40.06898840143558,0.3980214466223895,0.38804570170884445,0.6763274616836857,159.91935000980135,81.86586997784123,1280204.7587117655,1269640.6751303223,2456822.149681312,2456822.145526231,0.9482789705737971,2013.0
150.38029681253454,4.303951206102734,0.03016728409345984,1.8116423211324442,3.338258410899858,3.8865314371834696,121.36,4.18,C/2014 A4,C/2014 A4 (SONEAR),0.009854038245975971,0.10101535823196173,-0.09116131998598576,True,1.0009120923135104,1.0004764043473662,1.0009119302835563,True,768,2057,"[-0.852671, -0.520167, 0.048769]",0.05640571809439287,0.0651272236920618,0.029496499562847337,169.4726944189162,0.5229261661938555,0.4440839737693663,0.5212171409349495,597.015831555395,742.0427405771965,2457271.365678937,2457271.374502498,2457271.27348714,2457271.36464846,2.692177749931415,2014.0
43.18774374729229,2.9941690816476063,0.07630295656898503,6.618779734105677,4.879018735480277,2.079843180991914,105.21,2.003,C/2014 AA52,C/2014 AA52 (Catalina),-0.015390548389405012,-0.028469623532146215,0.013079075142741203,True,1.0004586040816237,1.000513085195286,1.0006103173134153,True,289,114,"[-0.449968, -0.024211, 0.892716]",0.05589490202595465,0.025200518448166252,0.07712861822636265,125.27411195524516,0.7648967236576069,0.4208696786927837,0.7205431158160941,417.4587300150269,204.53420153982248,2457081.140369141,2457081.1250397447,2457081.153509368,2457081.140430293,5.5327489722013405,2014.0
-19.39513009688462,7.261970122179154,0.03687067224693585,1.4643835403191048,3.0480948023295,4.456830707996699,28.38,9.557,C/2014 B1,C/2014 B1 (Schwartz),-2.771333566401154,-2.070164220407605,-0.7011693459935486,True,1.0031779424830185,1.0050180980948384,1.0002188893832342,True,576,706,"[0.849751, -0.514121, 0.116629]",0.07719099091684385,0.11489155746773662,0.038950783727328235,67.66261659346569,0.48578827564241395,0.4196352816658141,0.501996870283905,1235.8671131459707,1620.588970032562,2458007.410086528,2458004.6008160957,2458006.670980316,2458007.372149662,1.52970129568359,2014.0
660.8545657845041,2.7968055068865976,0.162599670342742,24.502370787634348,17.630735737031365,6.884529103914751,156.39,0.664,C/2014 E2,C/2014 E2 (Jacques),-7650114.769697724,-7650114.770394877,0.0006971522234380245,False,0.9991546586797867,0.9991262238183748,0.9990563774334439,False,1919,3011,"[-0.324224, -0.939481, 0.110699]",0.1192134315243107,0.054666085128863874,0.17306951465414233,143.0054346516513,1.288982668424181,0.5012314714044867,0.9087273463887497,73.39444999440815,329.20745001140017,2456841.0168709755,-5193273.755549507,2456841.014845369,2456841.0141482167,32.967672335370345,2014.0
-17.897580167718843,3.8877923589167653,0.12659157052392264,7.5383477828306,6.6089972616903605,2.4204515738711967,119.06,4.314,C/2014 F2,C/2014 F2 (Tenagra),-669524.45107697,-669524.6430597263,0.1919827563688159,False,0.9708153259891393,0.9711930284346671,0.9706835718938946,False,249,57,"[0.4866, 0.045617, -0.872433]",0.10921784676981412,0.042383657666637486,0.12847913544377743,52.10767639854513,0.4858155581007278,0.44790187709513635,0.8967771687769942,470.3448799758336,303.93889155459834,1800497.410367805,1787500.3440900645,2457024.987149791,2457024.7951670345,1.37832597501616,2014.0
-0.2902235589024258,3.754378079769093,0.03780862470576137,1.98920506251033,3.6266040190828885,1.6994148984493662,165.64,5.469,C/2014 G1,C/2014 G1 (PANSTARRS),-12033806.500447435,-12033806.497307822,-0.003139612264931202,False,0.9948658623498451,0.9946789139120625,0.9945306664267547,False,13,76,"[0.148379, 0.958962, -0.241611]",0.06443891057238867,0.0305154877510969,0.03525691980084406,45.83632659898336,0.44932714519312056,0.13331204753658646,0.5359835253533435,135.66043996553316,135.5909669715028,2456603.27246901,-9577203.303523477,2456603.1937843454,2456603.1969239577,1.7434614828161505,2014.0
-93.8144206178182,4.0971957772816605,0.053028245793594726,2.6147938563128648,2.5621559311666195,3.1440973806613144,122.81,6.203,C/2014 L5,C/2014 L5 (Lemmon),0.02694755606353283,-0.10388209717348218,0.130829653237015,True,1.0026548941685898,1.0025717925748263,1.002851704461815,True,64,13,"[-0.794562, -0.093251, -0.59998]",0.05082445035021438,0.046367987915166914,0.041573535093112395,123.89557447999566,0.46261266209997465,0.4995086758517817,0.2926770158138316,398.69900000438855,288.0554415671451,2456987.872443507,2456987.905622758,2456988.009504855,2456987.878675202,1.644731115603845,2014.0
119.18275524785656,2.0596683606746176,0.07239658567570173,3.763804384064069,7.24267946960272,6.157836109762945,160.18,5.577,C/2014 M1,C/2014 M1 (PANSTARRS),0.008012429345399141,0.007305554114282131,0.0007068752311170101,True,1.0021333570695021,1.0027462606287372,1.0015574788543342,True,46,40,"[0.23044, 0.963933, 0.133158]",0.13923416214766013,0.11776458202890042,0.07292439095714161,47.04667930072276,0.414670959042101,0.250189092182177,0.3579530596815137,378.1102815699246,542.22263160883,2457261.0033193245,2457261.0241114357,2457261.0168058816,2457261.0160990064,0.9946506846882915,2014.0
3.88216877383627,4.870379752706187,0.07011704832499112,3.279271239599553,2.287520937235416,1.898510267108087,32.42,6.91,C/2014 M2,C/2014 M2 (Christensen),-10390318.162734658,-10390323.220116,5.057381342630833,False,0.9926203323606848,0.9925848839830927,0.9927842299221744,False,49,14,"[-0.181487, 0.919963, -0.347462]",0.28739044283598764,0.20076631440691622,0.4863032140778952,64.35395895092019,1.5793245712209856,0.5815149928058972,0.22800346951003692,422.7689239890887,411.52993156332934,-7996342.2076845355,-7933467.034114515,2456856.1860014847,2456851.128620142,94.16329613001996,2014.0
434.0843280779363,3.8484550292144677,0.03451639556707902,2.1507282049472036,3.8569383061365015,4.0817418767410185,61.64,3.882,C/2014 N3,C/2014 N3 (NEOWISE),-267363332.2679726,-267363332.17455888,-0.09341371851041913,False,0.9992815185666245,0.999522014517981,0.9990059313607432,True,397,1192,"[-0.952471, -0.287944, 0.099438]",0.058793896302876264,0.06651965774452377,0.03331974566620996,161.55968298154124,0.5656019647405778,0.3724910824203327,0.4782166414437477,218.05749801064323,561.936173145809,2457094.6917926683,-264906237.56820056,2457094.6063583195,2457094.699772038,1.9129865206711403,2014.0
55.86994298442854,1.2636273935795617,0.07262000082517685,3.5679952200709013,5.232409199708657,2.052369065491474,81.35,6.244,C/2014 OE4,C/2014 OE4 (PANSTARRS),-258252647.77042213,-258252648.24997142,0.4795492743141949,False,0.9996255775689904,0.9992131550230552,1.0007804182614608,True,803,1002,"[0.081808, 0.4244, -0.901772]",0.11058812243690373,0.04415265301684476,0.07429864921046839,59.98829881378836,0.499733373416174,0.3921683598449251,0.456982848603303,905.2837915406803,1120.7876815823652,2457733.3250199645,-255794914.3910213,2457733.858950097,2457733.379400823,1.4359844483820587,2014.0
411.8970132643981,3.336045148401671,0.06459212545635054,14.129631435165397,8.602833834371058,15.170713439544551,43.11,0.315,C/2014 Q1,C/2014 Q1 (PANSTARRS),-13891852.302295875,-13891852.301022667,-0.0012732064351439476,False,0.9997746882191032,0.9997218286439168,0.999754487204662,False,453,264,"[0.590843, -0.548896, -0.591285]",0.04006963258251673,0.07332091088986402,0.06846934669933204,71.86752349472751,0.7650904959025219,0.4187301466750414,0.7369940614729802,268.88973002781404,301.72883001850505,-16599666.053495105,-11434642.291225942,2457210.0097967265,2457210.011069933,16.015104345894674,2014.0
562.771902639113,3.990138230856904,0.10363683087525646,11.208996436570981,6.941862992409253,10.534992555417551,80.3,1.29,C/2014 Q2,C/2014 Q2 (Lovejoy),-4692488.846582733,-4692488.836901158,-0.009681575000286102,False,0.9977301903268041,0.9976476162950044,0.9977080736205726,False,3384,4539,"[0.119684, -0.969911, -0.212011]",0.06482968736531586,0.09897883486009244,0.10641905036766436,112.58754534061471,1.1305927231975694,0.5246562588711494,0.4502741893879457,212.26151000732625,588.3139015479152,2457052.565319813,-2235436.2773331264,2457052.559568031,2457052.569249606,6.068911546358249,2014.0
-669.1758575956837,2.383774087322431,0.36176514028307377,38.38306366821335,24.860290211454384,13.524407532922469,9.93,1.345,C/2014 R1,C/2014 R1 (Borisov),-986220.0845406638,-986220.0838759202,-0.0006647435948252678,False,0.9925380765536597,0.993060758531929,0.9924364861610366,False,168,356,"[0.927285, -0.346074, -0.142739]",0.23334945975187613,0.13194342945519286,0.365278559633852,53.65839208189498,0.9065515796353778,0.42597272960962673,0.5732754910853154,69.7494700016923,259.5055015778307,2456980.7407260425,1470760.655482891,2456980.739358811,2456980.740023555,17.225431498569648,2014.0
52.34776899435052,3.5007088514313884,0.04453746401878643,2.0273481752175417,1.3053666756162345,2.792963428740792,90.84,7.276,C/2014 R3,C/2014 R3 (PANSTARRS),-0.8616884513758123,-1.20471330313012,0.34302485175430775,True,0.999402550781616,1.0007649147076145,0.9989535725420795,True,267,569,"[0.36321, -0.161884, -0.917536]",0.03167792660550487,0.06749634156734807,0.04499840181697107,65.69502593948175,0.4922916152240474,0.30462271290553405,0.5419650130470364,699.513011580994,1295.4163916008706,2457608.817028782,2457607.8705876106,2457609.075300914,2457608.732276062,0.7796839848934772,2014.0
599.6093699984325,3.9541762161790652,0.2617475438444729,23.841304426499235,4.42198769955697,20.182624940359407,42.41,1.818,C/2014 R4,C/2014 R4 (Gibbs),-21998533.567956634,-21998533.564410493,-0.00354614295065403,False,0.9994205244615451,0.9988169215898712,0.9993705296455956,False,70,60,"[0.176592, -0.984226, 0.010645]",0.05297305800682163,0.22261075555472096,0.26621346126977935,113.32907540212544,0.7555751717416197,0.7557970063669931,0.6837976203612881,59.400589995004786,59.13083001362712,-61726406.50518606,-19541581.55333648,2456952.011074013,2456952.014620156,4.8825798797955,2014.0
-238.5817193515877,0.8901742254284551,0.6204620285036356,52.71979769523885,2.23587959878453,53.35439127380644,64.67,2.101,C/2014 S2,C/2014 S2 (PANSTARRS),-818238.7317206156,-818238.8054332873,0.07371267164126039,False,0.9876522334803173,0.9877299139362781,0.9882215300820845,False,1405,1542,"[0.02264, -0.42903, -0.903007]",0.02763078481777603,0.6297727297358218,0.6280755841869057,90.70711827905556,0.8321810467073698,0.6137425687665112,0.726976298566659,463.29055158200504,478.61114160144496,2457366.2972019995,1639127.5658478197,2457366.371281107,2457366.2975684353,6.065242179096555,2014.0
311.5493941582206,3.657186212644064,0.34729351391614627,26.119373897473164,10.235442789164837,18.71956844474292,82.0,2.67,C/2014 W2,C/2014 W2 (PANSTARRS),-21266910.44691606,-21266910.46324097,0.016324911266565323,False,0.9983825143519348,0.9982224284028081,0.9981742138452095,False,1605,1767,"[0.100103, -0.126923, -0.986849]",0.1364936590216999,0.25348384219132586,0.3528005444640697,76.4850208510765,0.7706641489884488,0.41425304759406156,0.46958410903343056,502.7112216097496,549.5020115389226,2457457.9886939675,-18809452.463678446,2457457.999562524,2457457.9832376125,5.470660881867351,2014.0
103.8417463845939,3.4328006791850814,0.2903207647960853,20.283025707892072,13.674993084544088,6.759180933024931,53.56,3.088,C/2014 W6,C/2014 W6 (Catalina),-0.007727218326181173,0.009012379217892885,-0.01673959754407406,True,1.001533287812753,1.0018360801301696,1.0014236557065046,True,116,28,"[0.914486, -0.045698, 0.402028]",0.19346064206649796,0.1070946669248634,0.29797140803083927,51.43686524714899,0.5310933126479318,0.637423845259201,0.39870636234670287,115.0667400315059,121.93337155077192,2457100.5109942006,2457100.4972707196,2457100.4882583404,2457100.504997938,0.9798334805442049,2014.0
-1129.257849493379,1.0544325807143333,0.6082914287286255,49.91348079367105,36.20020818907256,13.767145243209082,14.92,2.241,C/2014 Y1,C/2014 Y1 (PANSTARRS),-0.03181312419474125,0.04010004689916968,-0.07191317109391093,True,1.0021474498760092,1.0021918893523702,1.0014808592680513,False,267,35,"[0.926177, 0.376941, 0.010544]",0.47911691802508577,0.13567651347540952,0.6135825817319084,17.97994969210704,0.632114649032017,0.5659488061837978,0.9985756234290991,419.2606915904085,130.1799500059916,2457405.0974753057,2457405.121899879,2457405.081799832,2457405.1537130033,3.4978648167198436,2014.0
29.79510244257358,3.0873837332579894,0.046611898163130425,3.1177418513028266,0.7463741850557392,3.8317615347521814,105.09,3.37,C/2015 B2,C/2015 B2 (PANSTARRS),-0.0447651743888855,-0.0674715586937964,0.022706384304910898,True,1.0004482960067989,1.0002149108349103,1.000763574579857,True,159,83,"[-0.320381, -0.160239, 0.933638]",0.012047971625637527,0.06042294182570163,0.04870606916125413,123.78866385306986,0.3989235002003658,0.3234430814519592,0.4610326794588126,429.84501159085926,438.956051554942,2457515.0779815516,2457515.0285381763,2457515.096009735,2457515.0733033507,2.625134660665626,2015.0
889.7627560456551,3.1184514692209078,0.04725528573980978,6.882309884468952,15.262420604769682,14.354814532650892,94.5,0.711,C/2015 C2,C/2015 C2 (SWAN),-683587.4260242302,-683587.4258686383,-0.00015559187158942223,False,0.9985289085728286,0.9953184825798859,0.9985278354577206,False,28,135,"[-0.559077, -0.70546, 0.435614]",0.07302922635916229,0.0984451255021758,0.05256165535608496,159.06487987505034,0.9448385362005237,0.678120142061976,0.8314495917568067,7.02020000130835,132.24413155206997,2457086.06503445,1773498.63924981,2457086.0651184483,2457086.06527404,82.17562033947031,2015.0
-39.09465552357785,3.353453508996798,0.041938997735894185,1.8036845402498374,6.097628957302319,4.415271658579704,128.51,8.149,C/2015 D3,C/2015 D3 (PANSTARRS),-3.9103991934098303,-5.283714037854224,1.3733148444443941,True,1.0022332467871387,1.001379159095855,1.0028323196923388,True,163,151,"[0.907475, -0.418459, -0.037174]",0.14635895825069878,0.1056284599238894,0.04340939136342638,59.10882832531675,0.5341874712885614,0.5526033786450569,0.4857034087803031,1117.3409515722076,1381.045091573287,2457509.93348366,2457505.9752641027,2457511.2589781405,2457509.885663296,2.080511306389471,2015.0
932.9808836510229,0.9818781409535345,0.6122062131295589,73.65359294612666,65.24236669503308,12.185125784013827,6.35,1.042,C/2015 ER61,C/2015 ER61 (PANSTARRS),-47744308.99530712,-47744309.005266115,0.009959003888070583,False,0.9974161571140153,0.9995928606883654,0.9973301261165634,False,1140,1737,"[-0.540856, 0.83563, -0.095904]",0.5370748035877337,0.10304463080409355,0.6081803667055272,87.7088199325637,0.9345816253334716,0.6664496299181609,0.4601899405870474,838.8027031580449,579.111779977522,-500957.8095524581,-45286425.55144347,2457883.4538226454,2457883.4438636415,2.6953055535497357,2015.0
-426.7146765633257,3.2453761463483546,0.17234307126260442,23.956046543860108,11.837417293451054,12.379035156142855,147.56,0.78,C/2015 G2,C/2015 G2 (MASTER),-0.00626580324023962,-0.0034086378291249275,-0.0028571654111146927,True,1.0004125958334196,1.0008065124939949,1.0003771888513981,True,252,337,"[0.699912, 0.485216, 0.524107]",0.08332315584475104,0.08883740736569895,0.1700555530992147,44.613686062018765,0.9915687393634954,0.41087745321611435,0.6683084251640364,53.22839999394353,259.23259157211487,2457166.285620585,2457166.281186624,2457166.284595262,2457166.287452427,31.056886770271465,2015.0
-549.9997884246465,4.639179233761386,0.1983685808538187,10.927562683373969,9.506954914464917,1.4930775149739828,33.71,4.967,C/2015 H2,C/2015 H2 (PANSTARRS),0.06103489873930812,-0.21660771872848272,0.27764261746779084,True,1.0036367897404137,1.002263506976209,1.004422037019943,True,91,115,"[-0.178355, 0.830184, 0.528189]",0.17811535152934485,0.03043650646775511,0.20714483937595027,79.07962449705153,0.8791949117432424,0.3832255215813425,0.6111878082283714,842.8983715431909,1083.4787315724825,2457644.7857549395,2457644.835411461,2457645.05201918,2457644.7743765623,13.761452764570386,2015.0
-710.7941710130126,3.8897668632367495,0.1753736536931881,10.411217464815195,11.438441009996007,1.044657947786784,17.28,4.32,C/2015 J2,C/2015 J2 (PANSTARRS),-1403949.8318985498,-1403949.9140588224,0.0821602726355195,False,0.9826402730701925,0.9823924592143302,0.9828374889485156,False,85,14,"[0.177908, 0.976713, 0.119921]",0.1836161050914721,0.027597060313126164,0.156117755548507,49.540658969819034,0.370296053399925,0.3896744004513222,0.2737436543919883,156.7785515408756,94.73571997961858,2457274.4099547956,1053324.581961755,2457274.4960205774,2457274.4138603047,11.569595883186178,2015.0
-331.8503212697233,2.5164234549502855,0.13186048349542254,8.649714627733166,9.381373453143441,1.13704871475817,65.95,3.552,C/2015 M3,C/2015 M3 (PANSTARRS),-553647.1616939418,-553647.1707981448,0.009104202967137098,False,0.9735612679393001,0.9730799426349549,0.9735933163361264,False,120,33,"[-0.256867, 0.611343, -0.748518]",1.0718115617921704,0.016708321400924445,1.0555573927929638,72.90348166743823,0.3547279928342947,0.3650787917627402,0.3058548475401717,38.43880156211486,426.28799499794496,2457260.737932516,1903613.5703087193,2457260.741106864,2457260.732002661,12.0444121633769,2015.0
55.206269937099805,3.9900590459548555,0.17068804481410527,10.850435206100498,5.976935036573389,6.090496288413832,127.21,3.73,C/2015 O1,C/2015 O1 (PANSTARRS),,,,,1.0002135104299594,0.999990513447777,1.000057402040841,True,1873,2243,"[0.521287, 0.305652, -0.796767]",0.1080794548379425,0.09250957602564443,0.1825634601560476,39.92715040556613,1.3263854343153836,0.4550415933787182,0.6327469974602818,979.3369731555624,758.3680500042632,2458168.4836670337,,2458168.63928746,2458168.5294216713,16.10413339812452,2015.0
-8.188430990725237,6.861942668363417,0.028797916772813514,1.343428409756225,0.9247691827015305,0.499839513681394,124.54,6.935,C/2015 T2,C/2015 T2 (PANSTARRS),0.18004089081659913,0.9889429807662964,-0.8089020899496973,True,1.000176524789019,1.0003052611986758,0.9992329806367695,False,144,72,"[-0.765851, -0.485633, -0.421466]",0.039271068322429645,0.011242872133165192,0.029648009504610426,142.03988153168982,0.45120856308787066,0.3726602495279295,0.5471666418009002,473.2728916001982,769.8758799940416,2457893.8013135893,2457894.287606663,2457893.2986636823,2457894.1075657723,0.9305996225128076,2015.0
-131.24187919139126,4.247797768988196,0.047949491049203846,2.8511123608481705,2.068593121332349,3.562129116074291,139.23,4.267,C/2015 V1,C/2015 V1 (PANSTARRS),0.12377835204824805,0.2899333145469427,-0.16615496249869466,True,1.000590546642154,1.000323696505527,1.000143687786507,False,1869,312,"[-0.954009, -0.299757, -0.003466]",0.03782769991362252,0.06035896737200604,0.0484554820583197,158.93682922044414,0.48318664839648734,0.4245805671886187,0.5651875276969318,775.9554015854284,540.9843200130747,2458105.2842230406,2458105.4274334586,2458105.137500144,2458105.3036551066,1.456169209005073,2015.0
-587.7406552170905,2.7378875195885732,0.2539159231691752,24.363457026569193,18.1680928992656,7.476877669881746,49.87,1.637,C/2015 V2,C/2015 V2 (Johnson),0.05511581106111407,0.06948332255706191,-0.014367511495947838,True,1.001808287942504,1.0014375924299108,1.0017175974260875,True,5051,864,"[0.488076, 0.850209, -0.197299]",0.19076184041528496,0.0828547011243298,0.2598176951967903,25.592318927032444,0.6870107484331915,0.6079598988525622,0.4931546216115632,882.5994931529435,866.7941299751208,2457916.8442828506,2457916.902574427,2457916.8330911044,2457916.847458616,8.140425591380561,2015.0
98.8970910497062,3.9954333727966356,0.04366845342628028,2.6084541984444236,1.711677466735974,1.1620447314148286,86.23,4.236,C/2015 V3,C/2015 V3 (PANSTARRS),-11431936.060507925,-11431935.993099637,-0.06740828836336732,False,0.9947394165528677,0.995734440366606,0.9947278035842531,False,46,50,"[-0.999024, -0.041955, -0.01381]",0.06588267843381067,0.022423611720080103,0.0825673204084282,145.76675519197968,0.5211615094784862,0.3101206767477381,0.7597116437130499,16.532370003179683,391.7840140127039,2457351.3076687367,-8974584.693771029,2457351.2993286075,2457351.366736896,36.01662771186993,2015.0
-549.4431355667108,2.3578914143855982,0.397746928645339,29.607385074847734,6.840241498456027,25.39255318798448,165.61,2.72,C/2015 VL62,C/2015 VL62 (Lemmon-Yeung-PANSTARRS),0.015206485986709595,0.002318323589861393,0.012888162396848202,True,1.0020495728300778,1.0020366786455286,1.0017653359247733,True,1830,304,"[-0.805533, 0.559751, -0.194409]",0.09204801298578172,0.34320687234067543,0.4002997374344928,107.57668851293418,0.5466838844538795,0.5138101344626022,0.6024472568429606,664.4098215759255,321.5194900117911,2457994.0923842518,2457994.10753937,2457994.1052210466,2457994.092332884,2.1754831054705206,2015.0
840.1909880697958,1.7667270068080951,0.39727714367171324,41.646153758340276,4.748639189793918,45.52143133154489,134.13,1.377,C/2015 WZ,C/2015 WZ (PANSTARRS),-996090.009242896,-996090.0141501501,0.004907254129648209,False,0.992929235231306,0.9929470938702981,0.9929532866591654,False,56,311,"[-0.714491, 0.23579, -0.658715]",0.04612476413013689,0.43300705044216015,0.3942574593055555,107.4880160375702,0.7341004687260735,0.23686441483400317,0.7576837977737425,69.05985101290806,97.84558997524765,1465209.3456746985,1461404.290007127,2457494.304157277,2457494.299250023,7.610302152517591,2015.0
-24.93341001870486,5.685577589117142,0.03199257735820171,1.394978462883039,3.2891060499170637,2.742300147452637,148.85,7.928,C/2015 XY1,C/2015 XY1 (Lemmon),0.4276921493001282,1.3914714269340038,-0.9637792776338756,True,1.0041806809763918,1.0028049070452005,1.0042604748514903,True,423,335,"[-0.042049, -0.988593, 0.144624]",0.07172992913878232,0.05789421734198503,0.03221098512602918,127.23930477322732,0.5929458666778032,0.4648611771311466,0.7409540630862809,857.9569116029226,738.4429300005155,2458238.4042062084,2458238.892566363,2458237.501094936,2458238.4648742136,1.3587841477104836,2015.0
-22.37559765882841,4.849187475003125,0.044401969493814024,2.0902702000228497,3.6885562754725836,4.351377691141881,124.28,6.802,C/2015 X5,C/2015 X5 (PANSTARRS),-0.060648749116808176,0.1473518330603838,-0.20800058217719197,True,1.003380720116112,1.002649840773307,1.0035522381779134,True,153,74,"[0.251278, -0.888712, -0.383472]",0.07791944061065965,0.09316034662272085,0.045078035297139246,101.24369282927398,0.41541575487892546,0.41133751854280853,0.3852636321527844,747.9756615795526,769.64075001197,2458118.5277238707,2458118.4745380394,2458118.3271862064,2458118.5351867885,0.589904990221071,2015.0
178.32691476457256,4.057663246039112,0.18829157227759255,12.041760346877284,2.80416839754276,11.419416888603218,57.58,3.685,C/2015 X7,C/2015 X7 (ATLAS),-0.08284625085070729,-0.1431599110364914,0.0603136601857841,True,1.0015368787056662,1.0013190763080189,1.0020554008504607,True,225,403,"[0.680267, -0.713506, 0.167769]",0.04947424750030092,0.17248937428255753,0.19127184022607907,82.93409429933959,0.7031413804108516,0.5621303188881691,0.6747882433506024,459.68903158311076,231.7336115978479,2457599.7065884722,2457599.6668491433,2457599.8100090544,2457599.749695394,2.4778784650056296,2015.0
269.6193838257059,3.9389983815331147,0.2740092799319248,21.27125507854847,10.29735589109408,13.223114787232992,71.22,2.514,C/2015 Y1,C/2015 Y1 (LINEAR),-1826357.9093634922,-1826357.8839567972,-0.02540669497102499,False,0.9913053947726783,0.9914022191445648,0.9910401299721866,False,562,19,"[0.744013, -0.536787, -0.397876]",0.13390948312483797,0.17269426076365496,0.27839114607505844,66.54467561586749,0.5216351180035084,0.5208960670141524,1.0381247958905184,145.53909002173208,333.7392125748394,2457523.6748364414,631165.7743436906,2457523.658300488,2457523.6837071828,1.3368421573800857,2015.0
91.34516519718034,4.764771102495778,0.07721793679694136,4.10700754658276,4.315233312649983,6.095280240842218,121.19,5.328,C/2016 A1,C/2016 A1 (PANSTARRS),-0.19141328008845448,-0.18846501829102635,-0.002948261797428131,True,1.0021009424863454,1.0016230035190337,1.0023133320848046,True,974,1200,"[0.534617, -0.831301, -0.152062]",0.08206204049740473,0.11752932287526068,0.0784286362248069,89.2482033483687,0.500659018988808,0.44536824358810445,0.53741914952583,691.1147715621069,810.9485400247712,2458080.888670457,2458080.679483968,2458080.867948986,2458080.870897248,0.8285398289210544,2016.0
-189.64803169388688,2.8387232779430254,0.26443044508922436,18.175300463794684,12.127353480354122,6.726514759164349,50.48,3.206,C/2016 B1,C/2016 B1 (NEOWISE),-3503610.677116829,-3503610.684309387,0.007192558143287897,False,0.9925599267821409,0.9928979378779943,0.9923034900846662,False,96,380,"[0.532482, 0.838407, -0.116348]",0.18493959657050923,0.09641779240228103,0.27191168168157953,24.05974924694905,0.6996495487610505,0.3481913343076811,0.5487223593886558,214.66124998012214,262.58120997344867,-809775.5405468335,-1045883.4601922026,2457727.2241171845,2457727.2169246264,13.927612299999407,2016.0
-248.13670371954066,1.8282961611547632,0.2570136229586935,11.034711981591618,9.308562284945427,1.7857159387690926,131.89,8.177,C/2016 E1,C/2016 E1 (PANSTARRS),-0.8397030415944755,-2.80060859862715,1.9609055570326746,True,1.0031027145096287,1.003192669405012,1.003971008963013,True,120,46,"[0.80094, 0.243281, -0.547092]",0.16809604311275853,0.10298831886907978,0.2552588787117247,25.496213179648564,0.3639223826292681,0.30438103721653975,0.6059461496460686,442.3345515710971,702.935479991,2457906.6884687473,2457904.783963513,2457907.5845721117,2457905.6236665547,0.7773965986421317,2016.0
-179.3839801287722,4.009841656050207,0.24837540443327316,24.74018545426318,11.282097799610813,13.460226871201094,130.35,1.519,C/2016 J2,C/2016 J2 (Denneau),-0.00036641350015997887,0.02011866495013237,-0.02048507845029235,True,1.0007135608335078,1.0005868233179351,0.9994070604621946,False,16,72,"[0.699617, 0.506024, 0.504456]",0.12979879000901134,0.1458240049354492,0.27560384490130146,43.3329843653109,0.9704174495922695,0.1434770138387163,0.5947429787102486,96.3028965521252,48.428649990459284,2457490.4710855307,2457490.476410565,2457490.4562919,2457490.4767769785,56.3145061676842,2016.0
-348.4504469955993,4.13632480030404,0.03671785776937679,2.9779325500914937,6.951108514246983,4.130273130532593,90.85,2.292,C/2016 K1,C/2016 K1 (LINEAR),0.005738869775086641,0.009113779291510582,-0.0033749095164239407,True,1.0002150331368245,1.0002485819691416,1.000216347787192,True,119,196,"[-0.782318, 0.537862, -0.314137]",0.08727464877612778,0.050544042645635154,0.03794470005013822,105.55853691380345,0.6607033096558197,0.48299582270763647,0.7242804167023504,41.591379987122835,261.27000359863735,2457582.877644632,2457582.8844800293,2457582.87536625,2457582.8787411596,1.5344760702978946,2016.0
-409.22076803770983,2.8942591932521617,0.23524028452463577,19.436863778825174,15.4316998149239,5.954091903325397,90.99,2.21,C/2016 M1,C/2016 M1 (PANSTARRS),-32463242.166314103,-32463242.27231487,0.10600076476112008,False,0.9990661136130757,0.9988900029807191,0.9993982590146698,False,2797,732,"[-0.024653, 0.865626, 0.500084]",0.17716938272645685,0.08477239174967545,0.24059827279865884,70.16961604064784,0.734760257433223,0.47414052326551537,0.6379726838004722,778.0721015593313,1297.6381700272334,2458340.6891225735,-30004901.489695825,2458340.7826190447,2458340.67661828,10.192255194290958,2016.0
46.70224339651443,3.720208155264274,0.033693148834402706,2.3129453013327743,4.92063947163582,2.621236854039696,72.56,3.199,C/2016 N4,C/2016 N4 (MASTER),-274763353.80349636,-274763353.736582,-0.0669144275598228,False,0.9993203785756871,0.9996132557514974,0.9988511250158618,True,1033,1028,"[-0.582404, -0.190034, -0.790375]",0.07283355312826237,0.037877471211666146,0.03602712767678034,113.34122289929293,0.7795662112078879,0.44991336957128053,0.540350931072236,735.4011015734905,921.6026800371955,2458013.0914841243,-272305340.70771575,2458013.0288662123,2458013.09578064,3.787345853279801,2016.0
452.2135390097171,2.7336016956499005,0.027038927530724732,2.0325304074790544,5.088285333319631,7.030423266836551,105.83,2.669,C/2016 N6,C/2016 N6 (PANSTARRS),-26674296.864560828,-26674296.850854117,-0.013706710655242205,False,0.998747149948361,0.9984721562117157,0.9987531241433358,False,2342,724,"[0.532802, -0.796625, -0.285499]",0.06853195364323503,0.09695285635194031,0.029070125685151067,86.52772317082656,0.5334942088310958,0.3395168800900776,0.3652976530445606,723.4644215763229,550.0327400311662,-33458617.546441168,-24215979.160461523,2458317.6903925934,2458317.704099304,4.153281886954754,2016.0
26.980515357222743,6.557403517555297,0.06554470891685031,3.024298076048825,0.0768345641561315,3.0569478403157566,109.39,7.082,C/2016 Q2,C/2016 Q2 (PANSTARRS),-175649499.7651077,-175649500.44440255,0.6792948539368808,False,0.9997084304989503,0.9988456549280169,1.0026849177437538,True,405,212,"[0.126346, 0.319968, -0.938966]",0.007548449037692654,0.06083335700477081,0.06775357802887423,60.815699109582496,0.671887560322394,0.6695083425347399,0.533689344565355,1715.2124206096782,1065.5693224345368,-1380325439.2749918,-173190153.63478467,2459346.809617888,2459346.1303230342,0.9074573552333254,2016.0
596.3502225212951,3.7005976153925157,0.07231640692283296,5.508320148405832,6.324659108404876,4.415427315289316,58.22,2.602,C/2016 R2,C/2016 R2 (PANSTARRS),-7473648.788724306,-7473648.666683568,-0.12204073881730437,False,0.9960993771805363,0.9965214580328796,0.9956177084501929,False,2956,1435,"[0.146913, -0.873473, -0.464179]",0.0811709919570139,0.06022127049609505,0.07039018819048896,104.64496824042071,0.6882718732715317,0.4429172753721675,0.5234979147765143,616.3248216056762,1144.4379499868387,2458248.073059378,-5015400.705639513,2458247.961044054,2458248.083084793,9.552649542491583,2016.0
744.7389147872545,3.380407800318876,0.06182715969589994,4.68451268940474,7.7239032761396205,5.976573944528009,22.68,2.649,C/2016 T3,C/2016 T3 (PANSTARRS),-627710.4649476563,-627710.4781019702,0.013154313899576664,False,0.9813713642260639,0.9815331473889054,0.9811591173840509,False,222,223,"[0.261737, -0.960274, 0.096788]",0.1026935916650268,0.07867072202087572,0.06250308166443237,109.48495661371952,0.6184845521724106,0.5089003118475491,0.6394741788851876,330.8531415763318,213.33802003684005,1838458.9121849025,1830293.0142875724,2458003.4923895425,2458003.4792352286,1.1639849733492689,2016.0
1225.6118597343675,2.2988269810089488,0.07121597945054847,9.175579771075414,11.08750232695527,20.15316062528441,24.04,0.91,C/2016 VZ18,C/2016 VZ18 (PANSTARRS),-987111.0145330885,-987111.0168750416,0.002341953106224537,False,0.9954699353561114,0.9953082492907517,0.9954322927570854,False,199,148,"[0.659535, -0.711962, -0.241089]",0.08464432319549563,0.15702209679298318,0.07360082151721485,78.51690717071592,0.6471069047606681,0.5367202112316329,0.6244821303426231,146.91971160982425,138.4532199762872,1417422.151018615,1470708.8655549125,2457819.882429954,2457819.880088001,4.938592338142968,2016.0
193.72802521180017,6.64194102142918,0.06795376828761338,3.034997141405352,3.4432964244819533,0.46537886362996045,26.46,7.564,C/2016 X1,C/2016 X1 (Lemmon),-46618543.99149124,-46618543.494848944,-0.4966422994621098,False,0.9964360286249415,0.9970161508242344,0.9953021149886593,True,224,72,"[0.442641, -0.840695, 0.311932]",0.08067158552876581,0.02327088414899663,0.05920278921836415,99.82681563996084,0.5600689232600704,0.43937290008680235,0.6611887768697018,860.9667616050325,327.0710641683238,-33254988.17656178,-44159940.60907482,2458602.88577412,2458603.3824164197,0.9056349943539331,2016.0
108.97013579161805,8.61334393245785,0.00420235766848315,0.16996556033427615,2.0905201434761223,2.0725170937165744,32.43,9.216,C/2017 AB5,C/2017 AB5 (PANSTARRS),-0.19529028004035354,0.2574308691546321,-0.45272114919498563,True,0.9997983755342179,1.0007503852788364,0.9988622887540204,True,56,29,"[0.412067, -0.744648, -0.525072]",0.055392896125117635,0.06533882609098049,0.011354128428855047,87.4065379419329,0.372220542057232,0.3127031321605337,0.7201453392172528,406.45336001264,410.1169700002408,2458167.375796465,2458167.187666226,2458166.930235357,2458167.382956506,1.0171062886776137,2017.0
169.96126863093684,2.821013406882367,0.12702430603500525,7.877367926531401,8.650446711260065,12.374183949136988,54.18,3.921,C/2017 B3,C/2017 B3 (LINEAR),-0.4599130190908909,-0.48703006701543927,0.027117047924548388,True,1.0021712857760716,1.0023332317765075,1.0018193629741197,True,365,1222,"[-0.274978, 0.554382, 0.785524]",0.128788636422348,0.1829080938848059,0.1309587796754703,95.55303662207886,0.5568107842167734,0.5110724505024088,0.3972467359621935,1063.6924695641756,1011.0511099803462,2458517.002932001,2458516.639345848,2458517.126375915,2458517.099258867,4.318510810204099,2017.0
-809.2387938700903,3.901976801875296,0.051438225329863585,4.008457842094752,9.785896477027304,6.7481508192218245,31.27,2.486,C/2017 D2,C/2017 D2 (Barros),-16876462.499747515,-16876462.51782284,0.01807532412931323,False,0.9983038415140018,0.998069426480177,0.9983749762850764,False,138,305,"[-0.611166, 0.758909, 0.224794]",0.12479663973194172,0.0837676029175767,0.05205256783013275,97.5135963575236,0.5262300131117352,0.6009452811904836,0.48598245204061796,133.92555998441384,450.9324399844322,2457949.0431591044,-14418513.465671018,2457949.052151822,2457949.034076498,2.4837093711348293,2017.0
-458.9534403918343,4.215509057105773,0.26153463971216045,14.409022397246087,6.554106111579294,8.166068767265573,125.57,4.971,C/2017 D3,C/2017 D3 (ATLAS),0.2338102455250919,0.23289778223261237,0.0009124632924795151,True,1.001578516989463,1.0005727528516282,1.0014599553931074,False,157,377,"[0.916644, 0.297654, 0.26677]",0.1232297495644741,0.15362605677199564,0.27337341732881876,32.58165900774128,0.6671036941761378,0.6253650320223023,0.6764162284746774,88.14614501050914,697.1389100012362,2457870.233275726,2457870.4759128736,2457870.2430150914,2457870.242102628,7.813979666189733,2017.0
-783.9322179947334,3.284523401307451,0.5261499888719287,26.53319808215156,28.18126405443151,3.9608379205281596,70.71,5.927,C/2017 E3,C/2017 E3 (PANSTARRS),-7.431671650148928,-8.472509177867323,1.040837527718395,True,1.004412973737827,1.0034449604217057,1.0084939457443476,True,156,490,"[0.774886, 0.474641, 0.417454]",0.10513771056812451,0.6265863451691829,0.5228447411191296,37.75359153388713,0.7213423481039367,0.44076204216444625,0.77719060514056,1269.0034451663741,1108.0236599962716,2457904.8518201057,2457904.316029136,2457912.788538314,2457911.747700786,3.9305888998863034,2017.0
-299.18371668085774,1.9539459521554126,0.11563982270727384,6.6924333527111095,10.824995007212317,4.258211264374585,146.48,4.5,C/2017 F1,C/2017 F1 (Lemmon),-0.015192317310720682,-0.07731972634792328,0.0621274090372026,True,1.0042106594899374,1.0041310988116658,1.0038716152125493,True,77,12,"[0.125085, -0.858463, -0.497388]",0.18884833958884367,0.06710919813173115,0.12244499141854241,104.76250343190884,0.517128489452692,0.5377821853346373,0.15350339607295638,295.08127898259573,94.91915802306323,2458088.4896456883,2458088.476971418,2458088.5542911445,2458088.4921637354,0.9351048104392655,2017.0
-331.8856989828348,4.53311243595218,0.07696232186238117,3.589676619832303,1.9252329855598798,1.772887055899528,42.51,6.928,C/2017 F2,C/2017 F2 (PANSTARRS),-0.04379185428842902,-1.0303372242487967,0.9865453699603677,True,1.0055029408952636,1.005129516619096,1.005611164072896,True,49,25,"[0.87752, 0.034013, -0.478332]",0.006738487372866479,0.06763425537050245,0.0731539871807472,33.38570339890149,0.3134450756432496,0.3000541260084827,0.6755285295670566,237.23539996825434,447.65012601908984,2458084.201643158,2458083.644768415,2458084.6751056393,2458083.6885602693,1.0866095385742927,2017.0
23.351658234474144,3.1927456867121418,0.2735842712913966,20.91962102300047,11.052779203760638,9.891346680037007,159.05,2.59,C/2017 G3,C/2017 G3 (PANSTARRS),-1797402.6805178828,-1797402.6442695803,-0.036248302552849054,False,0.9908016023615305,0.991045984085289,0.9907903458526688,False,32,123,"[0.834576, 0.431598, -0.342354]",0.1424834757343154,0.12060454987215295,0.262899373226892,9.4827424231729,0.3987332713285726,0.2674376320169648,0.4051633047006202,7.441709999683555,334.9798920016556,2457858.496036532,660455.8507389606,2457858.495008541,2457858.5312568434,7.383356049884752,2017.0
23.01424147467305,3.662380262772026,0.04871135134639272,2.215618636493502,3.7205378969143617,1.79738904032239,154.01,7.286,C/2017 K1,C/2017 K1 (PANSTARRS),-3.308471175376326,-4.327182174194604,1.0187109988182783,True,1.0007923273021426,1.0012138806839155,1.000699167475091,True,37,101,"[0.743751, 0.667735, -0.031051]",0.1287296564384289,0.1579064388144719,0.046554233764391426,13.68722218332152,0.5211241956997091,0.39614266791039715,0.5614439949724064,683.2721845843188,425.89611999279924,2458189.5575129134,2458188.9627963034,2458193.2899784776,2458192.271267479,4.802395331486361,2017.0
1092.0318343044278,1.8772238730778081,0.17737554901717625,16.2440667709942,9.364445746397557,21.373766111804628,87.55,1.797,C/2017 K2,C/2017 K2 (PANSTARRS),1.357731546740979,1.6775230751372874,-0.3197915283963084,True,1.0004205372324435,1.000309316659509,1.0000932445916237,True,11851,3072,"[-0.016603, 0.557023, 0.830331]",0.15142569367721398,0.23165317072151206,0.18581571786170317,84.07052716786781,1.513537635769477,0.5357745435609148,0.5659964507535443,3501.4616343643083,1212.2050515953065,2459933.721001999,2459934.5851012184,2459932.9075781433,2459933.2273696717,33.7123661061723,2017.0
-73.96872862908424,3.873608696631572,0.035648467598715386,3.093715980277675,3.33060964252012,6.25054734492168,57.25,2.003,C/2017 K6,C/2017 K6 (Jacques),-12995238.147688897,-12995238.138976041,-0.008712855633348227,False,0.9982717328393838,0.9981485738567906,0.9982125505354853,False,197,280,"[-0.496186, -0.5161, 0.698169]",0.03887007154502257,0.071778784929682,0.034171595743536995,147.04207782968732,0.8676373242512764,0.5886658160367123,0.6254956701367128,214.8634799873153,403.783210011682,2458121.6379320687,-10537116.511224668,2458121.6277513728,2458121.6364642284,3.688359689561628,2017.0
75.37612446094097,2.7697090260436212,0.4063784790235231,27.665782980862275,9.265732302333442,18.816169094880063,105.66,3.252,C/2017 M4,C/2017 M4 (ATLAS),-0.00883350521326065,0.46446041483432055,-0.4732939200475812,True,1.001486941851992,1.001029012205719,1.0011294512459097,True,2854,430,"[0.348172, 0.914945, -0.204088]",0.22052140718828864,0.19693395017722506,0.4161833076954251,34.342829800233446,0.89290779736997,0.4601170034408631,0.46825523411878384,515.1675099791518,1032.6199604197302,2458501.4148767516,2458501.831276954,2458501.3668165393,2458501.8401104594,9.970709302855308,2017.0
-808.4850414673541,1.5113043141246392,0.5851636218947771,29.38094380727398,26.668437397165476,2.8392227218992567,15.88,5.99,C/2017 M5,C/2017 M5 (TOTAS),-0.09647973906248808,-0.37568871676921844,0.27920897770673037,True,1.0036223511022007,1.0031676097342201,1.0042765827070055,False,173,303,"[-0.612506, 0.741153, -0.274823]",0.5376088862340381,0.05161619427477904,0.5860216551647721,91.66921180206892,0.6313794879962451,0.5536085288263776,0.5942903733516572,806.810453572474,546.4379912764234,2458272.3930978836,2458272.347473511,2458272.723162228,2458272.44395325,2.578995945872971,2017.0
88.48957093969466,3.775556497988102,0.06562716803525526,6.586577701841651,5.891561341086219,0.7736922886309269,39.85,1.499,C/2017 O1,C/2017 O1 (ASASSN),-3162661.443558998,-3162661.42497428,-0.018584717996418476,False,0.9961781241069166,0.9964457959382305,0.9962104293969843,False,1825,1054,"[-0.721413, -0.653942, -0.227865]",0.059284681420954555,0.006710147039615438,0.06579559640366982,152.59796381577965,0.5229589927163981,0.42806148952102974,0.4922317472044666,87.27139399027797,513.7593710320208,2458041.274964754,-704620.1583834458,2458041.266590834,2458041.285175552,2.0820152593242534,2017.0
0.9560461368865134,6.32804187495406,0.02684970371326383,1.194783697818373,2.6962863613737156,3.1504158291918785,124.22,7.614,C/2017 S7,C/2017 S7 (Lemmon),-0.2609556606039405,-0.05081742722541094,-0.21013823337852955,True,1.002336141585276,1.0000403661080794,1.0026098306959104,True,14,144,"[-0.199641, -0.973629, 0.110412]",0.10278508462037222,0.07977975603196397,0.026570429124084135,135.77423079747925,0.44377079856374463,0.5009807045912404,0.4179183603420441,352.0078309909392,433.5889680067836,2457901.497698476,2457901.125730685,2457901.176548112,2457901.3866863456,24.96978812850911,2017.0
56.206488056854056,4.497899213930138,0.12564449518790874,20.236053991475398,3.843612389556751,24.04605666752962,96.83,0.581,C/2017 T1,C/2017 T1 (Heinze),0.006750909611582756,0.004237127490341663,0.0025137821212410927,True,1.0001303494058327,1.0000957339432262,1.0003444376237938,True,1052,21,"[-0.141331, 0.092425, -0.985638]",0.02484439268815739,0.16528973377828896,0.14068054886055897,80.91418756540358,0.9305366789477236,0.9104985846583509,1.2859863235123457,140.15927003215447,113.98292999098008,2458171.2142422204,2458171.2149240896,2458171.210686962,2458171.20817318,56.20730672562769,2017.0
611.9102368470902,2.7122793899450306,0.08127466884610646,7.851276724985181,9.108060016307315,12.385611667894409,57.23,1.615,C/2017 T2,C/2017 T2 (PANSTARRS),-334598688.385641,-334598688.38624793,0.0006069717928767204,False,0.9997749671391153,0.9998288168169348,0.999539590340932,True,5238,1746,"[0.510785, -0.18785, -0.838934]",0.09573786023578153,0.13334343942731905,0.08753339834976576,60.06789458699758,1.336922889399142,0.7380928053196019,0.5330881313140755,962.3532500345577,470.46007997038464,-219640534.8351855,-332139713.93564415,2458974.450603797,2458974.4499968253,6267.793847476119,2017.0
-99.23094155674971,2.2711289295173924,0.12978980317540556,17.545614148928514,10.562096085601448,20.76263534962819,88.11,0.825,C/2017 T3,C/2017 T3 (ATLAS),-19055727.967498116,-19055727.969217516,0.0017194012179970741,False,0.9994344134476698,0.9994088670228223,0.9996403566507102,False,527,18,"[-0.22764, -0.321542, 0.919125]",0.07737258166153349,0.16676519738631748,0.14542122654218942,124.46058315397201,0.5103049203317918,0.5267522645557808,0.5594135783570393,303.8862400152976,219.7258600215324,-17902469.794745978,-16597409.319107898,2458318.650109618,2458318.6483902168,30.13482600637739,2017.0
-123.97471289569008,4.184330404395709,0.012968974706884807,0.6285723721530923,4.360446577715492,4.946697637172218,142.64,6.418,C/2017 U7,C/2017 U7 (PANSTARRS),-0.9244485255330801,-3.2461519027128816,2.3217033771798015,True,1.002080688121135,1.0010483445100216,1.0007375059232193,True,395,536,"[-0.530008, 0.777635, 0.338194]",0.07393565753888741,0.08167540465018301,0.00881024170600009,94.61784628114016,0.5013207045784889,0.38094198968924137,0.43202459213752203,749.9328419984863,1053.564408874549,2458738.445705886,2458737.297610541,2458740.5437624436,2458738.2220590664,2.0996675596328633,2017.0
91.27649222800855,4.587319006856237,0.18754530471124345,10.698000144448969,4.999402956290789,7.807788821353203,128.42,4.632,C/2017 Y2,C/2017 Y2 (PANSTARRS),-0.2082590013742447,-0.48404651042073965,0.27578750904649496,True,1.0005306346205607,1.000096682395345,1.0007551926565323,False,605,361,"[0.044115, 0.907848, -0.416972]",0.09559991172177573,0.12329699583393985,0.19110700034111283,51.38496565461575,0.5178564506240885,0.4631805652612176,0.3676844429426952,1041.5620990602397,633.0056781794034,2459157.9712211224,2459157.8563756268,2459158.340422137,2459158.064634628,1.7482069041059327,2017.0
