craft,segment_end_et_s,utc,r_au,ecl_lon_deg,ecl_lat_deg,speed_km_s,vrad_au_day,cos_v_axis,cos_v_antiaxis,region,nearest_planet,nearest_planet_dist_au,jupiter_au,saturn_au,uranus_au,neptune_au,interval_days,phase_resid_s,drift_ppm
VG1,-704382588.2,1977-09-05,1.008,343.652,0.008,39.881,0.00024,0.8677,-0.8677,inner_heliosphere,jupiter,5.3398,5.3398,10.1258,19.1429,30.2704,0.333,-0.0004,-0.0135
VG1,-703725947.6,1977-09-13,1.017,353.511,0.186,39.590,0.00198,0.8265,-0.8265,inner_heliosphere,jupiter,5.1874,5.1874,10.0656,19.2827,30.4435,7.600,0.0004,0.0006
VG1,-703697147.5,1977-09-13,1.017,353.939,0.193,39.575,0.00205,0.8245,-0.8245,inner_heliosphere,jupiter,5.1807,5.1807,10.0627,19.2886,30.4510,0.333,0.0004,0.0139
VG1,-703337147.0,1977-09-18,1.028,359.229,0.286,39.348,0.00296,0.7990,-0.7990,inner_heliosphere,jupiter,5.0964,5.0964,10.0249,19.3607,30.5448,4.167,0.0000,0.0001
VG1,-703308347.1,1977-09-18,1.029,359.648,0.294,39.327,0.00303,0.7969,-0.7969,inner_heliosphere,jupiter,5.0896,5.0896,10.0218,19.3663,30.5523,0.333,-0.0002,-0.0069
VG1,-702861946.7,1977-09-23,1.047,6.016,0.402,38.938,0.00409,0.7631,-0.7631,inner_heliosphere,jupiter,4.9849,4.9849,9.9706,19.4506,30.6666,5.167,0.0000,0.0001
VG1,-702833146.6,1977-09-23,1.049,6.418,0.409,38.909,0.00416,0.7609,-0.7609,inner_heliosphere,jupiter,4.9782,4.9782,9.9671,19.4559,30.6739,0.333,0.0000,0.0000
VG1,-700379384.3,1977-10-22,1.231,36.100,0.826,35.531,0.00822,0.5642,-0.5642,inner_heliosphere,jupiter,4.4237,4.4237,9.6303,19.8215,31.2431,28.400,-0.0005,-0.0002
VG1,-700350584.3,1977-10-22,1.234,36.391,0.830,35.486,0.00825,0.5620,-0.5620,inner_heliosphere,jupiter,4.4176,4.4176,9.6261,19.8248,31.2490,0.333,0.0004,0.0139
VG1,-698950903.1,1977-11-07,1.378,49.060,0.945,33.309,0.00936,0.4601,-0.4601,inner_heliosphere,jupiter,4.1303,4.1303,9.4146,19.9684,31.5210,16.200,-0.0006,-0.0005
VG1,-698922103.2,1977-11-08,1.381,49.293,0.947,33.265,0.00938,0.4581,-0.4581,inner_heliosphere,jupiter,4.1247,4.1247,9.4102,19.9709,31.5262,0.333,0.0004,0.0139
VG1,-698164662.6,1977-11-16,1.465,55.045,0.984,32.140,0.00973,0.4085,-0.4085,inner_heliosphere,jupiter,3.9796,3.9796,9.2950,20.0331,31.6581,8.767,-0.0005,-0.0007
VG1,-698135862.6,1977-11-17,1.468,55.251,0.986,32.099,0.00974,0.4067,-0.4067,inner_heliosphere,jupiter,3.9742,3.9742,9.2906,20.0353,31.6629,0.333,0.0006,0.0205
VG1,-697844982.4,1977-11-20,1.501,57.279,0.996,31.683,0.00984,0.3887,-0.3887,inner_heliosphere,jupiter,3.9204,3.9204,9.2465,20.0567,31.7108,3.367,-0.0001,-0.0005
VG1,-697816182.4,1977-11-20,1.504,57.475,0.997,31.642,0.00985,0.3870,-0.3870,inner_heliosphere,jupiter,3.9151,3.9151,9.2422,20.0587,31.7155,0.333,-0.0006,-0.0212
VG1,-697484982.2,1977-11-24,1.542,59.667,1.007,31.180,0.00994,0.3673,-0.3673,inner_heliosphere,jupiter,3.8552,3.8552,9.1922,20.0815,31.7683,3.833,0.0000,0.0001
VG1,-697456182.3,1977-11-25,1.545,59.853,1.008,31.140,0.00995,0.3656,-0.3656,inner_heliosphere,jupiter,3.8500,3.8500,9.1878,20.0834,31.7728,0.333,0.0006,0.0205
VG1,-696822582.0,1977-12-02,1.619,63.742,1.022,30.292,0.01008,0.3299,-0.3299,inner_heliosphere,jupiter,3.7390,3.7390,9.0930,20.1228,31.8690,7.333,0.0000,0.0000
VG1,-696793781.9,1977-12-02,1.622,63.910,1.022,30.255,0.01008,0.3283,-0.3283,inner_heliosphere,jupiter,3.7340,3.7340,9.0888,20.1245,31.8733,0.333,0.0006,0.0205
VG1,-695215540.9,1977-12-21,1.808,72.176,1.036,28.340,0.01019,0.2494,-0.2494,inner_heliosphere,jupiter,3.4762,3.4762,8.8584,20.2033,32.0890,18.267,-0.0001,-0.0001
VG1,-695186740.9,1977-12-21,1.811,72.312,1.036,28.308,0.01019,0.2480,-0.2480,inner_heliosphere,jupiter,3.4717,3.4717,8.8543,20.2045,32.0927,0.333,-0.0008,-0.0281
VG1,-695074420.8,1977-12-22,1.824,72.834,1.036,28.182,0.01019,0.2429,-0.2429,inner_heliosphere,jupiter,3.4543,3.4543,8.8383,20.2092,32.1069,1.300,-0.0002,-0.0015
VG1,-695045620.9,1977-12-22,1.828,72.966,1.036,28.150,0.01019,0.2416,-0.2416,inner_heliosphere,jupiter,3.4499,3.4499,8.8342,20.2104,32.1105,0.333,-0.0000,-0.0003
VG1,-694547380.6,1977-12-28,1.887,75.185,1.035,27.608,0.01018,0.2197,-0.2197,inner_heliosphere,jupiter,3.3741,3.3741,8.7637,20.2300,32.1716,5.767,0.0002,0.0004
VG1,-694518580.7,1977-12-29,1.890,75.309,1.035,27.577,0.01018,0.2184,-0.2184,inner_heliosphere,jupiter,3.3698,3.3698,8.7597,20.2310,32.1751,0.333,0.0002,0.0066
VG1,-694267157.6,1977-12-31,1.920,76.373,1.034,27.314,0.01017,0.2078,-0.2078,inner_heliosphere,jupiter,3.3325,3.3325,8.7245,20.2402,32.2049,2.910,-0.0197,-0.0785
VG1,-694219156.6,1978-01-01,1.925,76.573,1.034,27.264,0.01016,0.2058,-0.2058,inner_heliosphere,jupiter,3.3254,3.3254,8.7178,20.2419,32.2105,0.556,-1.0000,-20.8333
VG1,-693481780.4,1978-01-10,2.012,79.497,1.030,26.527,0.01011,0.1761,-0.1761,inner_heliosphere,jupiter,3.2192,3.2192,8.6164,20.2660,32.2941,8.534,-0.0002,-0.0002
VG1,-693452980.3,1978-01-10,2.015,79.606,1.029,26.499,0.01011,0.1750,-0.1750,inner_heliosphere,jupiter,3.2151,3.2151,8.6125,20.2669,32.2973,0.333,-0.0002,-0.0073
VG1,-691425459.3,1978-02-02,2.250,86.471,1.008,24.706,0.00988,0.1033,-0.1033,inner_heliosphere,jupiter,2.9439,2.9439,8.3456,20.3176,32.5030,23.467,-0.0001,-0.0001
VG1,-691396659.4,1978-02-03,2.253,86.558,1.008,24.683,0.00988,0.1024,-0.1024,inner_heliosphere,jupiter,2.9402,2.9402,8.3419,20.3182,32.5057,0.333,0.0004,0.0135
VG1,-687569137.8,1978-03-19,2.679,96.281,0.953,22.006,0.00932,-0.0045,0.0045,inner_heliosphere,jupiter,2.4929,2.4929,7.8835,20.3719,32.8211,44.300,-0.0009,-0.0002
VG1,-687540337.8,1978-03-19,2.682,96.343,0.952,21.988,0.00931,-0.0052,0.0052,inner_heliosphere,jupiter,2.4898,2.4898,7.8802,20.3722,32.8232,0.333,0.0004,0.0139
VG1,-687079537.7,1978-03-25,2.731,97.309,0.945,21.714,0.00924,-0.0162,0.0162,inner_heliosphere,jupiter,2.4405,2.4405,7.8288,20.3761,32.8561,5.333,-0.0004,-0.0010
VG1,-687050737.6,1978-03-25,2.734,97.368,0.945,21.697,0.00924,-0.0169,0.0169,inner_heliosphere,jupiter,2.4375,2.4375,7.8256,20.3763,32.8582,0.333,0.0008,0.0278
VG1,-686273137.3,1978-04-03,2.817,98.919,0.933,21.255,0.00912,-0.0347,0.0347,inner_heliosphere,jupiter,2.3562,2.3562,7.7407,20.3820,32.9116,9.000,0.0004,0.0005
VG1,-686244337.3,1978-04-03,2.820,98.974,0.933,21.239,0.00911,-0.0353,0.0353,inner_heliosphere,jupiter,2.3532,2.3532,7.7376,20.3822,32.9135,0.333,-0.0000,-0.0000
VG1,-684945456.8,1978-04-18,2.955,101.367,0.913,20.550,0.00891,-0.0632,0.0632,inner_heliosphere,jupiter,2.2222,2.2222,7.6004,20.3893,32.9974,15.033,0.0001,0.0001
VG1,-684916656.9,1978-04-19,2.958,101.418,0.913,20.535,0.00891,-0.0638,0.0638,inner_heliosphere,jupiter,2.2193,2.2193,7.5974,20.3894,32.9992,0.333,-0.0004,-0.0139
VG1,-684429936.8,1978-04-24,3.008,102.258,0.905,20.291,0.00884,-0.0737,0.0737,inner_heliosphere,jupiter,2.1717,2.1717,7.5475,20.3915,33.0290,5.633,0.0004,0.0009
VG1,-684401136.7,1978-04-25,3.011,102.307,0.905,20.277,0.00883,-0.0743,0.0743,inner_heliosphere,jupiter,2.1689,2.1689,7.5446,20.3916,33.0308,0.333,-0.0000,-0.0000
VG1,-683053296.3,1978-05-10,3.148,104.490,0.885,19.639,0.00863,-0.1004,0.1004,inner_heliosphere,jupiter,2.0404,2.0404,7.4105,20.3956,33.1093,15.600,0.0005,0.0004
VG1,-683024496.2,1978-05-11,3.150,104.535,0.884,19.626,0.00863,-0.1009,0.1009,inner_heliosphere,jupiter,2.0377,2.0377,7.4077,20.3957,33.1109,0.333,-0.0004,-0.0139
VG1,-682748016.1,1978-05-14,3.178,104.959,0.880,19.502,0.00859,-0.1060,0.1060,inner_heliosphere,jupiter,2.0119,2.0119,7.3809,20.3963,33.1263,3.200,-0.0000,-0.0001
VG1,-682719216.2,1978-05-14,3.181,105.003,0.880,19.489,0.00858,-0.1066,0.1066,inner_heliosphere,jupiter,2.0093,2.0093,7.3781,20.3963,33.1279,0.333,0.0000,0.0000
VG1,-682123056.1,1978-05-21,3.240,105.891,0.871,19.227,0.00850,-0.1173,0.1173,inner_heliosphere,jupiter,1.9544,1.9544,7.3212,20.3973,33.1604,6.900,0.0002,0.0004
VG1,-682094256.0,1978-05-21,3.243,105.933,0.871,19.215,0.00849,-0.1179,0.1179,inner_heliosphere,jupiter,1.9518,1.9518,7.3185,20.3974,33.1619,0.333,-0.0004,-0.0135
VG1,-680588015.6,1978-06-08,3.389,108.038,0.850,18.592,0.00828,-0.1437,0.1437,inner_heliosphere,jupiter,1.8168,1.8168,7.1796,20.3985,33.2395,17.433,0.0001,0.0001
VG1,-680559215.6,1978-06-08,3.392,108.076,0.849,18.580,0.00828,-0.1442,0.1442,inner_heliosphere,jupiter,1.8142,1.8142,7.1770,20.3985,33.2410,0.333,0.0002,0.0073
VG1,-679617455.4,1978-06-19,3.481,109.301,0.836,18.216,0.00815,-0.1594,0.1594,inner_heliosphere,jupiter,1.7322,1.7322,7.0935,20.3983,33.2866,10.900,0.0001,0.0001
VG1,-679588655.5,1978-06-19,3.484,109.337,0.836,18.205,0.00815,-0.1599,0.1599,inner_heliosphere,jupiter,1.7297,1.7297,7.0910,20.3983,33.2880,0.333,0.0004,0.0142
VG1,-678546095.4,1978-07-01,3.581,110.620,0.822,17.821,0.00801,-0.1760,0.1760,inner_heliosphere,jupiter,1.6407,1.6407,7.0015,20.3975,33.3362,12.067,0.0002,0.0002
VG1,-678517295.3,1978-07-02,3.584,110.655,0.822,17.811,0.00800,-0.1765,0.1765,inner_heliosphere,jupiter,1.6383,1.6383,6.9991,20.3975,33.3375,0.333,-0.0002,-0.0066
VG1,-676725935.0,1978-07-23,3.748,112.702,0.799,17.196,0.00778,-0.2026,0.2026,inner_heliosphere,jupiter,1.4894,1.4894,6.8522,20.3949,33.4151,20.733,0.0008,0.0004
VG1,-676697135.0,1978-07-23,3.750,112.734,0.798,17.187,0.00777,-0.2030,0.2030,inner_heliosphere,jupiter,1.4871,1.4871,6.8499,20.3948,33.4163,0.333,0.0000,0.0003
VG1,-675329134.8,1978-08-08,3.872,114.180,0.781,16.750,0.00761,-0.2218,0.2218,inner_heliosphere,jupiter,1.3763,1.3763,6.7434,20.3920,33.4715,15.833,0.0009,0.0007
VG1,-675300334.7,1978-08-08,3.874,114.210,0.781,16.742,0.00760,-0.2222,0.2222,inner_heliosphere,jupiter,1.3740,1.3740,6.7412,20.3919,33.4726,0.333,-0.0008,-0.0274
VG1,-674810734.5,1978-08-14,3.917,114.705,0.775,16.592,0.00754,-0.2287,0.2287,inner_heliosphere,jupiter,1.3349,1.3349,6.7042,20.3908,33.4916,5.667,0.0001,0.0002
VG1,-674781934.6,1978-08-14,3.920,114.734,0.775,16.583,0.00754,-0.2291,0.2291,inner_heliosphere,jupiter,1.3326,1.3326,6.7021,20.3907,33.4927,0.333,0.0002,0.0073
VG1,-673261294.4,1978-09-01,4.051,116.204,0.757,16.138,0.00736,-0.2485,0.2485,inner_heliosphere,jupiter,1.2127,1.2127,6.5910,20.3867,33.5491,17.600,0.0001,0.0001
VG1,-673232494.3,1978-09-01,4.053,116.230,0.756,16.130,0.00736,-0.2488,0.2488,inner_heliosphere,jupiter,1.2104,1.2104,6.5890,20.3867,33.5502,0.333,0.0006,0.0212
VG1,-672178414.0,1978-09-13,4.143,117.194,0.744,15.838,0.00724,-0.2617,0.2617,inner_heliosphere,jupiter,1.1286,1.1286,6.5152,20.3837,33.5873,12.200,0.0006,0.0006
VG1,-672149614.1,1978-09-13,4.145,117.220,0.744,15.831,0.00724,-0.2620,0.2620,inner_heliosphere,jupiter,1.1264,1.1264,6.5133,20.3836,33.5883,0.333,-0.0008,-0.0274
VG1,-671078253.9,1978-09-26,4.234,118.156,0.732,15.546,0.00712,-0.2746,0.2746,inner_heliosphere,jupiter,1.0441,1.0441,6.4410,20.3803,33.6244,12.400,-0.0004,-0.0003
VG1,-671049454.0,1978-09-26,4.236,118.181,0.732,15.539,0.00712,-0.2750,0.2750,inner_heliosphere,jupiter,1.0419,1.0419,6.4391,20.3803,33.6254,0.333,0.0006,0.0208
VG1,-669678574.0,1978-10-12,4.348,119.323,0.717,15.193,0.00698,-0.2904,0.2904,inner_heliosphere,jupiter,0.9377,0.9377,6.3504,20.3760,33.6695,15.867,0.0000,0.0000
VG1,-669649773.9,1978-10-12,4.351,119.346,0.716,15.186,0.00697,-0.2908,0.2908,inner_heliosphere,jupiter,0.9355,0.9355,6.3486,20.3759,33.6704,0.333,0.0002,0.0069
VG1,-668624493.6,1978-10-24,4.433,120.162,0.705,14.939,0.00687,-0.3019,0.3019,inner_heliosphere,jupiter,0.8582,0.8582,6.2849,20.3726,33.7019,11.867,0.0002,0.0002
VG1,-668595693.7,1978-10-25,4.435,120.184,0.705,14.932,0.00687,-0.3022,0.3022,inner_heliosphere,jupiter,0.8561,0.8561,6.2832,20.3725,33.7027,0.333,-0.0008,-0.0278
VG1,-665563835.6,1978-11-29,4.671,122.427,0.674,14.255,0.00658,-0.3326,0.3326,inner_heliosphere,jupiter,0.6303,0.6303,6.1081,20.3628,33.7894,35.091,14.5650,4.8040
VG1,-664917947.5,1978-12-06,4.720,122.875,0.668,14.121,0.00653,-0.3386,0.3386,inner_heliosphere,jupiter,0.5825,0.5825,6.0732,20.3607,33.8068,7.476,-0.0006,-0.0010
VG1,-664889147.4,1978-12-07,4.722,122.895,0.668,14.116,0.00652,-0.3389,0.3389,inner_heliosphere,jupiter,0.5804,0.5804,6.0717,20.3606,33.8076,0.333,0.0006,0.0205
VG1,-664678907.3,1978-12-09,4.738,123.039,0.666,14.073,0.00651,-0.3408,0.3408,inner_heliosphere,jupiter,0.5649,0.5649,6.0605,20.3600,33.8131,2.433,0.0004,0.0019
VG1,-664650107.4,1978-12-09,4.740,123.059,0.665,14.067,0.00650,-0.3411,0.3411,inner_heliosphere,jupiter,0.5627,0.5627,6.0590,20.3599,33.8139,0.333,-0.0004,-0.0139
VG1,-664238267.4,1978-12-14,4.771,123.337,0.661,13.984,0.00647,-0.3447,0.3447,inner_heliosphere,jupiter,0.5323,0.5323,6.0374,20.3587,33.8247,4.767,0.0000,0.0001
VG1,-664209467.3,1978-12-14,4.773,123.357,0.661,13.978,0.00647,-0.3450,0.3450,inner_heliosphere,jupiter,0.5302,0.5302,6.0359,20.3586,33.8254,0.333,-0.0002,-0.0073
VG1,-662731164.1,1978-12-31,4.883,124.326,0.647,13.695,0.00635,-0.3572,0.3572,inner_heliosphere,jupiter,0.4212,0.4212,5.9612,20.3543,33.8631,17.110,0.9999,0.6764
VG1,-662599547.0,1979-01-02,4.892,124.410,0.646,13.671,0.00634,-0.3582,0.3582,inner_heliosphere,jupiter,0.4115,0.4115,5.9547,20.3539,33.8664,1.523,-1.0001,-7.5986
VG1,-662570746.9,1979-01-02,4.895,124.429,0.646,13.665,0.00634,-0.3585,0.3585,inner_heliosphere,jupiter,0.4094,0.4094,5.9533,20.3538,33.8671,0.333,0.0002,0.0066
VG1,-661764346.7,1979-01-12,4.953,124.936,0.638,13.522,0.00628,-0.3642,0.3642,inner_heliosphere,jupiter,0.3500,0.3500,5.9146,20.3517,33.8869,9.333,-0.0005,-0.0006
VG1,-661735546.7,1979-01-12,4.956,124.954,0.638,13.517,0.00628,-0.3644,0.3644,inner_heliosphere,jupiter,0.3479,0.3479,5.9132,20.3516,33.8876,0.333,-0.0002,-0.0073
VG1,-658841146.0,1979-02-15,5.164,126.667,0.611,13.145,0.00621,-0.3696,0.3696,inner_heliosphere,jupiter,0.1325,0.1325,5.7845,20.3463,33.9571,33.500,-0.0003,-0.0001
VG1,-658812346.1,1979-02-15,5.166,126.683,0.610,13.144,0.00621,-0.3693,0.3693,inner_heliosphere,jupiter,0.1303,0.1303,5.7833,20.3463,33.9578,0.333,-0.0010,-0.0351
VG1,-658193146.0,1979-02-22,5.211,127.024,0.604,13.198,0.00633,-0.3556,0.3556,inner_heliosphere,jupiter,0.0829,0.0829,5.7578,20.3465,33.9734,7.167,-0.0005,-0.0009
VG1,-658164346.0,1979-02-22,5.213,127.039,0.604,13.206,0.00634,-0.3544,0.3544,inner_heliosphere,jupiter,0.0806,0.0806,5.7566,20.3465,33.9741,0.333,-0.0000,-0.0000
VG1,-657372345.8,1979-03-04,5.275,127.444,0.595,15.557,0.00822,-0.2013,0.2013,inner_heliosphere,jupiter,0.0149,0.0149,5.7247,20.3510,33.9989,9.167,0.0003,0.0004
VG1,-657343545.9,1979-03-04,5.278,127.457,0.594,16.344,0.00874,-0.1755,0.1755,inner_heliosphere,jupiter,0.0121,0.0121,5.7234,20.3515,34.0003,0.333,-0.0000,-0.0000
VG1,-657257769.8,1979-03-05,5.288,127.500,0.593,29.142,0.01536,-0.2135,0.2135,inner_heliosphere,jupiter,0.0030,0.0030,5.7183,20.3538,34.0060,0.993,-0.0539,-0.6281
VG1,-657239812.2,1979-03-05,5.292,127.525,0.594,37.035,0.01462,-0.5650,0.5650,inner_heliosphere,jupiter,0.0024,0.0024,5.7155,20.3534,34.0070,0.208,-3.5811,-199.4212
VG1,-657236164.7,1979-03-05,5.292,127.532,0.594,37.022,0.01319,-0.6321,0.6321,inner_heliosphere,jupiter,0.0026,0.0026,5.7147,20.3531,34.0070,0.042,0.5460,149.6909
VG1,-657232564.4,1979-03-05,5.293,127.540,0.595,36.590,0.01181,-0.6836,0.6836,inner_heliosphere,jupiter,0.0029,0.0029,5.7140,20.3527,34.0069,0.042,0.0000,0.0069
VG1,-657221811.0,1979-03-05,5.294,127.564,0.596,34.585,0.00874,-0.7732,0.7732,inner_heliosphere,jupiter,0.0039,0.0039,5.7118,20.3514,34.0064,0.124,0.0000,0.0045
VG1,-657216386.4,1979-03-05,5.295,127.576,0.596,33.650,0.00776,-0.7972,0.7972,inner_heliosphere,jupiter,0.0045,0.0045,5.7108,20.3507,34.0061,0.063,0.0000,0.0085
VG1,-656940337.3,1979-03-09,5.307,128.107,0.621,25.566,0.00315,-0.8912,0.8912,inner_heliosphere,jupiter,0.0308,0.0308,5.6712,20.3156,33.9835,3.154,-0.0000,-0.0002
VG1,-656911537.8,1979-03-09,5.308,128.159,0.623,25.415,0.00312,-0.8920,0.8920,inner_heliosphere,jupiter,0.0333,0.0333,5.6675,20.3121,33.9811,0.333,-0.0004,-0.0142
VG1,-656076337.6,1979-03-19,5.337,129.596,0.685,24.035,0.00299,-0.8998,0.8998,inner_heliosphere,jupiter,0.0999,0.0999,5.5658,20.2144,33.9143,9.667,-0.0005,-0.0006
VG1,-656047537.6,1979-03-19,5.338,129.645,0.687,24.018,0.00299,-0.9000,0.9000,inner_heliosphere,jupiter,0.1021,0.1021,5.5623,20.2111,33.9120,0.333,0.0006,0.0208
VG1,-654780337.3,1979-04-03,5.384,131.740,0.774,23.613,0.00324,-0.9048,0.9048,inner_heliosphere,jupiter,0.1977,0.1977,5.4141,20.0670,33.8122,14.667,0.0003,0.0003
VG1,-654751537.4,1979-04-03,5.385,131.787,0.776,23.608,0.00325,-0.9048,0.9048,inner_heliosphere,jupiter,0.1999,0.1999,5.4108,20.0637,33.8099,0.333,-0.0002,-0.0069
VG1,-653311537.1,1979-04-20,5.442,134.106,0.871,23.467,0.00359,-0.9090,0.9090,inner_heliosphere,jupiter,0.3068,0.3068,5.2447,19.9017,33.6967,16.667,0.0001,0.0000
VG1,-653282737.0,1979-04-20,5.443,134.152,0.873,23.464,0.00360,-0.9090,0.9090,inner_heliosphere,jupiter,0.3089,0.3089,5.2414,19.8985,33.6945,0.333,0.0002,0.0069
VG1,-649720176.3,1979-05-31,5.608,139.643,1.091,23.146,0.00440,-0.9183,0.9183,inner_heliosphere,jupiter,0.5708,0.5708,4.8361,19.5026,33.4146,41.233,0.0009,0.0002
VG1,-649691376.4,1979-05-31,5.610,139.686,1.092,23.144,0.00441,-0.9184,0.9184,inner_heliosphere,jupiter,0.5730,0.5730,4.8328,19.4995,33.4123,0.333,0.0002,0.0073
VG1,-647548656.0,1979-06-25,5.724,142.816,1.212,22.978,0.00485,-0.9233,0.9233,inner_heliosphere,jupiter,0.7294,0.7294,4.5922,19.2648,33.2442,24.800,0.0004,0.0002
VG1,-647519855.9,1979-06-26,5.726,142.857,1.213,22.976,0.00486,-0.9233,0.9233,inner_heliosphere,jupiter,0.7315,0.7315,4.5890,19.2616,33.2419,0.333,0.0006,0.0212
VG1,-646246895.5,1979-07-10,5.799,144.653,1.280,22.879,0.00510,-0.9259,0.9259,inner_heliosphere,jupiter,0.8242,0.8242,4.4471,19.1234,33.1423,14.733,0.0007,0.0006
VG1,-646218095.5,1979-07-11,5.801,144.694,1.282,22.877,0.00511,-0.9260,0.9260,inner_heliosphere,jupiter,0.8263,0.8263,4.4439,19.1203,33.1400,0.333,0.0000,0.0003
VG1,-641517934.5,1979-09-03,6.102,150.919,1.503,22.518,0.00594,-0.9344,0.9344,inner_heliosphere,jupiter,1.1682,1.1682,3.9261,18.6187,32.7740,54.400,0.0014,0.0003
VG1,-641489134.5,1979-09-03,6.104,150.956,1.504,22.516,0.00594,-0.9344,0.9344,inner_heliosphere,jupiter,1.1703,1.1703,3.9229,18.6157,32.7718,0.333,-0.0004,-0.0139
VG1,-639732334.2,1979-09-24,6.228,153.119,1.577,22.381,0.00621,-0.9371,0.9371,inner_heliosphere,jupiter,1.2981,1.2981,3.7318,18.4319,32.6362,20.333,0.0002,0.0001
VG1,-639703534.1,1979-09-24,6.230,153.154,1.578,22.379,0.00622,-0.9371,0.9371,inner_heliosphere,jupiter,1.3002,1.3002,3.7286,18.4289,32.6340,0.333,0.0000,0.0000
VG1,-637615533.4,1979-10-18,6.384,155.612,1.658,22.219,0.00651,-0.9400,0.9400,inner_heliosphere,jupiter,1.4525,1.4525,3.5031,18.2135,32.4740,24.167,-0.0000,-0.0000
VG1,-637586733.3,1979-10-19,6.386,155.645,1.659,22.217,0.00652,-0.9400,0.9400,inner_heliosphere,jupiter,1.4546,1.4546,3.5000,18.2105,32.4718,0.333,0.0006,0.0208
VG1,-636092012.8,1979-11-05,6.500,157.330,1.712,22.103,0.00672,-0.9419,0.9419,inner_heliosphere,jupiter,1.5640,1.5640,3.3396,18.0583,32.3581,17.300,0.0002,0.0001
VG1,-636063212.8,1979-11-05,6.503,157.362,1.713,22.101,0.00672,-0.9419,0.9419,inner_heliosphere,jupiter,1.5661,1.5661,3.3365,18.0554,32.3559,0.333,-0.0006,-0.0212
VG1,-632186731.7,1979-12-20,6.815,161.458,1.836,21.810,0.00717,-0.9461,0.9461,inner_heliosphere,jupiter,1.8516,1.8516,2.9241,17.6689,32.0648,44.867,-0.0014,-0.0004
VG1,-632157931.8,1979-12-20,6.817,161.487,1.837,21.808,0.00718,-0.9461,0.9461,inner_heliosphere,jupiter,1.8537,1.8537,2.9211,17.6660,32.0627,0.333,0.0006,0.0205
VG1,-631195147.6,1980-01-01,6.898,162.445,1.864,21.737,0.00728,-0.9470,0.9470,inner_heliosphere,jupiter,1.9252,1.9252,2.8194,17.5719,31.9913,11.143,0.0001,0.0001
VG1,-630306091.5,1980-01-11,6.973,163.310,1.888,21.672,0.00737,-0.9478,0.9478,inner_heliosphere,jupiter,1.9914,1.9914,2.7258,17.4857,31.9257,10.290,-0.0001,-0.0001
VG1,-630277291.4,1980-01-11,6.975,163.338,1.889,21.669,0.00737,-0.9478,0.9478,inner_heliosphere,jupiter,1.9936,1.9936,2.7228,17.4830,31.9236,0.333,0.0002,0.0066
VG1,-629122411.2,1980-01-24,7.075,164.433,1.919,21.586,0.00748,-0.9488,0.9488,inner_heliosphere,jupiter,2.0800,2.0800,2.6016,17.3720,31.8390,13.367,0.0001,0.0001
VG1,-629093611.2,1980-01-25,7.077,164.460,1.920,21.584,0.00748,-0.9488,0.9488,inner_heliosphere,jupiter,2.0822,2.0822,2.5985,17.3693,31.8369,0.333,-0.0010,-0.0351
VG1,-625637610.5,1980-03-05,7.383,167.556,2.001,21.339,0.00778,-0.9514,0.9514,inner_heliosphere,saturn,2.2379,2.3437,2.2379,17.0443,31.5874,40.000,-0.0008,-0.0002
VG1,-625608810.4,1980-03-05,7.385,167.581,2.001,21.337,0.00779,-0.9514,0.9514,inner_heliosphere,saturn,2.2349,2.3459,2.2349,17.0416,31.5854,0.333,0.0002,0.0069
VG1,-622725929.9,1980-04-08,7.649,169.970,2.060,21.140,0.00800,-0.9533,0.9533,inner_heliosphere,saturn,1.9363,2.5681,1.9363,16.7788,31.3818,33.367,-0.0006,-0.0002
VG1,-622697129.9,1980-04-08,7.651,169.993,2.060,21.138,0.00800,-0.9533,0.9533,inner_heliosphere,saturn,1.9334,2.5704,1.9334,16.7762,31.3797,0.333,-0.0002,-0.0069
VG1,-622020329.8,1980-04-16,7.714,170.529,2.073,21.093,0.00805,-0.9537,0.9537,inner_heliosphere,saturn,1.8635,2.6231,1.8635,16.7156,31.3326,7.833,-0.0004,-0.0005
VG1,-621991529.7,1980-04-16,7.717,170.552,2.073,21.091,0.00805,-0.9537,0.9537,inner_heliosphere,saturn,1.8606,2.6254,1.8606,16.7130,31.3306,0.333,0.0006,0.0212
VG1,-620292329.4,1980-05-06,7.876,171.860,2.103,20.980,0.00816,-0.9546,0.9546,inner_heliosphere,saturn,1.6856,2.7589,1.6856,16.5629,31.2132,19.667,0.0004,0.0002
VG1,-620263529.3,1980-05-06,7.879,171.882,2.104,20.978,0.00816,-0.9546,0.9546,inner_heliosphere,saturn,1.6826,2.7612,1.6826,16.5604,31.2113,0.333,-0.0006,-0.0205
VG1,-619802729.1,1980-05-11,7.923,172.227,2.111,20.949,0.00819,-0.9549,0.9549,inner_heliosphere,saturn,1.6353,2.7977,1.6353,16.5201,31.1797,5.333,0.0001,0.0002
VG1,-619773929.2,1980-05-12,7.925,172.249,2.112,20.947,0.00819,-0.9549,0.9549,inner_heliosphere,saturn,1.6323,2.8000,1.6323,16.5176,31.1778,0.333,0.0004,0.0142
VG1,-617901929.0,1980-06-02,8.104,173.613,2.142,20.828,0.00830,-0.9558,0.9558,inner_heliosphere,saturn,1.4403,2.9497,1.4403,16.3563,31.0508,21.667,0.0005,0.0002
VG1,-617873128.9,1980-06-03,8.107,173.634,2.142,20.827,0.00830,-0.9558,0.9558,inner_heliosphere,saturn,1.4373,2.9520,1.4373,16.3539,31.0489,0.333,-0.0000,-0.0000
VG1,-617297128.8,1980-06-09,8.162,174.041,2.151,20.791,0.00834,-0.9561,0.9561,inner_heliosphere,saturn,1.3783,2.9985,1.3783,16.3049,31.0102,6.667,0.0002,0.0003
VG1,-617268328.9,1980-06-10,8.165,174.061,2.151,20.789,0.00834,-0.9561,0.9561,inner_heliosphere,saturn,1.3754,3.0008,1.3754,16.3025,31.0083,0.333,0.0002,0.0073
VG1,-616749928.9,1980-06-16,8.215,174.423,2.159,20.757,0.00837,-0.9563,0.9563,inner_heliosphere,saturn,1.3223,3.0428,1.3223,16.2588,30.9737,6.000,0.0004,0.0007
VG1,-616721128.8,1980-06-16,8.218,174.443,2.159,20.755,0.00837,-0.9563,0.9563,inner_heliosphere,saturn,1.3194,3.0452,1.3194,16.2563,30.9718,0.333,0.0000,0.0003
VG1,-614690728.5,1980-07-10,8.416,175.817,2.187,20.634,0.00847,-0.9572,0.9572,inner_heliosphere,saturn,1.1119,3.2116,1.1119,16.0876,30.8377,23.500,0.0010,0.0005
VG1,-614661928.6,1980-07-10,8.419,175.836,2.188,20.632,0.00847,-0.9572,0.9572,inner_heliosphere,saturn,1.1090,3.2140,1.1090,16.0852,30.8358,0.333,-0.0004,-0.0135
VG1,-612989386.9,1980-07-29,8.583,176.919,2.209,20.535,0.00855,-0.9578,0.9578,inner_heliosphere,saturn,0.9384,3.3533,0.9384,15.9494,30.7272,19.358,18.4809,11.0496
VG1,-612372346.9,1980-08-05,8.645,177.309,2.216,20.500,0.00858,-0.9580,0.9580,inner_heliosphere,saturn,0.8756,3.4052,0.8756,15.9000,30.6875,7.142,0.0006,0.0010
VG1,-612343546.7,1980-08-06,8.647,177.327,2.216,20.499,0.00858,-0.9580,0.9580,inner_heliosphere,saturn,0.8726,3.4076,0.8726,15.8977,30.6856,0.333,0.0000,0.0003
VG1,-610586746.3,1980-08-26,8.823,178.405,2.236,20.402,0.00865,-0.9586,0.9586,inner_heliosphere,saturn,0.6938,3.5570,0.6938,15.7592,30.5740,20.333,0.0006,0.0004
VG1,-610557946.4,1980-08-26,8.826,178.422,2.237,20.401,0.00866,-0.9586,0.9586,inner_heliosphere,saturn,0.6908,3.5595,0.6908,15.7570,30.5722,0.333,-0.0006,-0.0208
VG1,-607677946.1,1980-09-29,9.116,180.098,2.266,20.258,0.00877,-0.9594,0.9594,inner_heliosphere,saturn,0.3978,3.8099,0.3978,15.5370,30.3931,33.333,0.0003,0.0001
VG1,-607649146.1,1980-09-29,9.119,180.115,2.266,20.257,0.00877,-0.9594,0.9594,inner_heliosphere,saturn,0.3949,3.8124,0.3949,15.5348,30.3914,0.333,0.0004,0.0139
VG1,-606468346.1,1980-10-13,9.239,180.771,2.278,20.210,0.00882,-0.9597,0.9597,inner_heliosphere,saturn,0.2747,3.9172,0.2747,15.4472,30.3194,13.667,0.0002,0.0002
VG1,-606439546.0,1980-10-13,9.242,180.787,2.278,20.209,0.00882,-0.9597,0.9597,inner_heliosphere,saturn,0.2718,3.9198,0.2718,15.4450,30.3177,0.333,-0.0004,-0.0139
VG1,-606180345.9,1980-10-16,9.269,180.929,2.280,20.201,0.00884,-0.9598,0.9598,inner_heliosphere,saturn,0.2454,3.9430,0.2454,15.4260,30.3020,3.000,-0.0000,-0.0001
VG1,-606151546.0,1980-10-16,9.272,180.944,2.280,20.200,0.00884,-0.9598,0.9598,inner_heliosphere,saturn,0.2425,3.9456,0.2425,15.4239,30.3003,0.333,-0.0002,-0.0069
VG1,-604970746.1,1980-10-30,9.393,181.580,2.291,20.199,0.00891,-0.9599,0.9599,inner_heliosphere,saturn,0.1220,4.0522,0.1220,15.3380,30.2294,13.667,-0.0003,-0.0003
VG1,-604941946.0,1980-10-30,9.396,181.595,2.291,20.200,0.00892,-0.9599,0.9599,inner_heliosphere,saturn,0.1191,4.0549,0.1191,15.3359,30.2277,0.333,-0.0002,-0.0073
VG1,-603933945.9,1980-11-11,9.501,182.127,2.300,21.012,0.00948,-0.9585,0.9585,inner_heliosphere,saturn,0.0148,4.1485,0.0148,15.2634,30.1678,11.667,-0.0002,-0.0002
VG1,-603905145.8,1980-11-11,9.504,182.142,2.300,21.271,0.00964,-0.9583,0.9583,inner_heliosphere,saturn,0.0116,4.1513,0.0116,15.2613,30.1661,0.333,0.0002,0.0066
VG1,-603329145.7,1980-11-18,9.543,182.523,2.546,21.808,0.00447,-0.9071,0.9071,inner_heliosphere,saturn,0.0515,4.1867,0.0515,15.2100,30.1148,6.667,-0.0001,-0.0002
VG1,-603300345.8,1980-11-18,9.544,182.542,2.560,21.791,0.00447,-0.9070,0.9070,inner_heliosphere,saturn,0.0544,4.1881,0.0544,15.2075,30.1122,0.333,-0.0002,-0.0069
VG1,-602119545.7,1980-12-02,9.606,183.317,3.117,21.571,0.00456,-0.9058,0.9058,inner_heliosphere,saturn,0.1749,4.2444,0.1749,15.1051,30.0044,13.667,-0.0003,-0.0003
VG1,-602090745.7,1980-12-02,9.608,183.335,3.131,21.569,0.00456,-0.9058,0.9058,inner_heliosphere,saturn,0.1779,4.2458,0.1779,15.1026,30.0018,0.333,-0.0002,-0.0073
VG1,-601341945.6,1980-12-11,9.647,183.821,3.478,21.525,0.00464,-0.9050,0.9050,inner_heliosphere,saturn,0.2539,4.2830,0.2539,15.0385,29.9339,8.667,0.0002,0.0002
VG1,-601313145.7,1980-12-11,9.649,183.839,3.492,21.524,0.00465,-0.9050,0.9050,inner_heliosphere,saturn,0.2568,4.2845,0.2568,15.0361,29.9313,0.333,0.0002,0.0066
VG1,-600650745.7,1980-12-19,9.685,184.265,3.796,21.495,0.00472,-0.9043,0.9043,inner_heliosphere,saturn,0.3239,4.3185,0.3239,14.9798,29.8714,7.667,-0.0002,-0.0003
VG1,-600621945.6,1980-12-19,9.686,184.284,3.809,21.494,0.00473,-0.9042,0.9042,inner_heliosphere,saturn,0.3269,4.3200,0.3269,14.9773,29.8688,0.333,-0.0006,-0.0212
VG1,-599844345.5,1980-12-28,9.729,184.780,4.163,21.466,0.00482,-0.9034,0.9034,inner_heliosphere,saturn,0.4056,4.3612,0.4056,14.9117,29.7989,9.000,-0.0003,-0.0003
VG1,-599815545.6,1980-12-29,9.731,184.798,4.176,21.465,0.00482,-0.9034,0.9034,inner_heliosphere,saturn,0.4086,4.3627,0.4086,14.9093,29.7963,0.333,0.0006,0.0205
VG1,-598029945.5,1981-01-18,9.833,185.921,4.975,21.409,0.00503,-0.9016,0.9016,inner_heliosphere,saturn,0.5893,4.4624,0.5893,14.7607,29.6368,20.667,-0.0002,-0.0001
VG1,-598001145.4,1981-01-19,9.834,185.939,4.987,21.408,0.00503,-0.9015,0.9015,inner_heliosphere,saturn,0.5922,4.4640,0.5922,14.7583,29.6343,0.333,-0.0002,-0.0073
VG1,-596480505.2,1981-02-05,9.924,186.879,5.652,21.364,0.00520,-0.9000,0.9000,inner_heliosphere,saturn,0.7460,4.5543,0.7460,14.6339,29.4996,17.600,-0.0007,-0.0005
VG1,-596451705.3,1981-02-06,9.926,186.896,5.664,21.363,0.00520,-0.9000,0.9000,inner_heliosphere,saturn,0.7489,4.5560,0.7489,14.6316,29.4971,0.333,0.0006,0.0205
VG1,-593479545.0,1981-03-12,10.111,188.688,6.923,21.280,0.00552,-0.8970,0.8970,inner_heliosphere,saturn,1.0493,4.7459,1.0493,14.3943,29.2371,34.400,-0.0009,-0.0003
VG1,-593450744.9,1981-03-12,10.112,188.705,6.935,21.280,0.00552,-0.8970,0.8970,inner_heliosphere,saturn,1.0523,4.7479,1.0523,14.3921,29.2346,0.333,0.0000,0.0000
VG1,-592471544.8,1981-03-24,10.176,189.283,7.338,21.252,0.00562,-0.8960,0.8960,inner_heliosphere,saturn,1.1512,4.8142,1.1512,14.3156,29.1499,11.333,0.0001,0.0001
VG1,-592442744.9,1981-03-24,10.178,189.300,7.350,21.252,0.00563,-0.8960,0.8960,inner_heliosphere,saturn,1.1541,4.8162,1.1541,14.3134,29.1474,0.333,0.0002,0.0069
VG1,-588583544.6,1981-05-08,10.437,191.516,8.881,21.145,0.00600,-0.8923,0.8923,inner_heliosphere,saturn,1.5439,5.0947,1.5439,14.0208,28.8182,44.667,-0.0001,-0.0000
VG1,-588554744.5,1981-05-08,10.439,191.532,8.892,21.144,0.00600,-0.8923,0.8923,inner_heliosphere,saturn,1.5469,5.0968,1.5469,14.0187,28.8158,0.333,0.0000,0.0000
VG1,-586262264.1,1981-06-04,10.601,192.804,9.759,21.081,0.00621,-0.8902,0.8902,inner_heliosphere,saturn,1.7784,5.2744,1.7784,13.8516,28.6238,26.533,0.0006,0.0003
VG1,-586233464.2,1981-06-04,10.604,192.820,9.769,21.080,0.00622,-0.8902,0.8902,inner_heliosphere,saturn,1.7813,5.2766,1.7813,13.8495,28.6214,0.333,-0.0002,-0.0066
VG1,-583934264.0,1981-07-01,10.772,194.061,10.607,21.017,0.00641,-0.8882,0.8882,inner_heliosphere,saturn,2.0134,5.4632,2.0134,13.6872,28.4316,26.611,0.0004,0.0002
VG1,-575397622.2,1981-10-07,11.439,198.395,13.452,20.783,0.00707,-0.8812,0.8812,inner_heliosphere,saturn,2.8757,6.2228,2.8757,13.1320,27.7514,98.804,-103185.3337,-12087.3448
VG1,-575228643.9,1981-10-09,11.453,198.477,13.505,20.778,0.00708,-0.8810,0.8810,inner_heliosphere,saturn,2.8927,6.2388,2.8927,13.1217,27.7383,1.956,103181.7546,610621.4905
VG1,-573414771.6,1981-10-30,11.602,199.341,14.056,20.729,0.00720,-0.8797,0.8797,inner_heliosphere,saturn,3.0761,6.4131,3.0761,13.0142,27.5991,20.994,-0.1698,-0.0936
VG1,-572052339.7,1981-11-15,11.717,199.979,14.459,20.693,0.00729,-0.8787,0.8787,inner_heliosphere,saturn,3.2138,6.5467,3.2138,12.9359,27.4958,15.769,-0.0000,-0.0000
VG1,-572023539.6,1981-11-15,11.719,199.992,14.467,20.692,0.00729,-0.8786,0.8786,inner_heliosphere,saturn,3.2167,6.5495,3.2167,12.9342,27.4936,0.333,-0.0004,-0.0142
VG1,-570122739.5,1981-12-07,11.881,200.865,15.013,20.642,0.00741,-0.8773,0.8773,inner_heliosphere,saturn,3.4090,6.7397,3.4090,12.8285,27.3512,22.000,-0.0007,-0.0004
VG1,-570093939.6,1981-12-08,11.883,200.878,15.021,20.641,0.00741,-0.8773,0.8773,inner_heliosphere,saturn,3.4119,6.7426,3.4119,12.8270,27.3490,0.333,-0.0000,-0.0003
VG1,-569348019.6,1981-12-16,11.947,201.215,15.231,20.621,0.00745,-0.8767,0.8767,inner_heliosphere,saturn,3.4874,6.8184,3.4874,12.7867,27.2937,8.633,0.0002,0.0003
VG1,-569319219.5,1981-12-17,11.950,201.227,15.239,20.621,0.00746,-0.8767,0.8767,inner_heliosphere,saturn,3.4903,6.8214,3.4903,12.7851,27.2916,0.333,-0.0012,-0.0420
VG1,-568916019.5,1981-12-21,11.985,201.408,15.351,20.610,0.00748,-0.8764,0.8764,inner_heliosphere,saturn,3.5311,6.8626,3.5311,12.7636,27.2619,4.667,-0.0003,-0.0008
VG1,-568887219.5,1981-12-22,11.987,201.421,15.358,20.609,0.00748,-0.8764,0.8764,inner_heliosphere,saturn,3.5341,6.8656,3.5341,12.7621,27.2597,0.333,0.0006,0.0205
VG1,-568036657.4,1982-01-01,12.061,201.800,15.592,20.587,0.00753,-0.8758,0.8758,inner_heliosphere,saturn,3.6202,6.9533,3.6202,12.7174,27.1973,9.844,-2.0301,-2.3868
VG1,-561750577.3,1982-03-14,12.621,204.482,17.211,20.426,0.00786,-0.8717,0.8717,inner_heliosphere,saturn,4.2575,7.6262,4.2575,12.4139,26.7490,72.756,-0.0017,-0.0003
VG1,-561721777.2,1982-03-15,12.624,204.494,17.218,20.425,0.00787,-0.8717,0.8717,inner_heliosphere,saturn,4.2604,7.6294,4.2604,12.4127,26.7470,0.333,-0.0004,-0.0139
VG1,-560762737.2,1982-03-26,12.712,204.886,17.449,20.401,0.00791,-0.8711,0.8711,inner_heliosphere,saturn,4.3578,7.7358,4.3578,12.3707,26.6806,11.100,-0.0001,-0.0001
VG1,-560733937.1,1982-03-26,12.714,204.897,17.456,20.401,0.00791,-0.8711,0.8711,inner_heliosphere,saturn,4.3608,7.7390,4.3608,12.3694,26.6787,0.333,0.0004,0.0139
VG1,-559293936.8,1982-04-12,12.847,205.477,17.796,20.365,0.00798,-0.8702,0.8702,inner_heliosphere,saturn,4.5071,7.9006,4.5071,12.3086,26.5801,16.667,0.0000,0.0000
VG1,-559265136.9,1982-04-12,12.849,205.489,17.803,20.364,0.00798,-0.8702,0.8702,inner_heliosphere,saturn,4.5101,7.9039,4.5101,12.3074,26.5782,0.333,0.0002,0.0069
VG1,-555876957.4,1982-05-21,13.165,206.815,18.568,20.282,0.00813,-0.8683,0.8683,inner_heliosphere,saturn,4.8549,8.2926,4.8549,12.1749,26.3515,39.215,92.6813,27.3543
VG1,-555274090.2,1982-05-28,13.222,207.045,18.700,20.267,0.00816,-0.8679,0.8679,inner_heliosphere,saturn,4.9164,8.3630,4.9164,12.1529,26.3119,6.978,-83.0686,-137.7892
VG1,-552398314.0,1982-07-01,13.496,208.123,19.307,20.199,0.00827,-0.8664,0.8664,inner_heliosphere,saturn,5.2099,8.7036,5.2099,12.0544,26.1261,33.284,0.0006,0.0002
VG1,-549556665.8,1982-08-02,13.770,209.152,19.878,20.134,0.00838,-0.8649,0.8649,inner_heliosphere,saturn,5.5005,9.0480,5.5005,11.9680,25.9476,32.889,0.0005,0.0002
VG1,-549527865.9,1982-08-03,13.772,209.162,19.884,20.133,0.00838,-0.8649,0.8649,inner_heliosphere,saturn,5.5035,9.0515,5.5035,11.9671,25.9458,0.333,0.0000,0.0003
VG1,-549069945.8,1982-08-08,13.817,209.325,19.973,20.123,0.00840,-0.8647,0.8647,inner_heliosphere,saturn,5.5504,9.1077,5.5504,11.9542,25.9176,5.300,0.0002,0.0005
VG1,-549041145.8,1982-08-08,13.820,209.335,19.979,20.122,0.00840,-0.8646,0.8646,inner_heliosphere,saturn,5.5534,9.1113,5.5534,11.9534,25.9158,0.333,0.0004,0.0139
VG1,-548796345.7,1982-08-11,13.844,209.422,20.026,20.116,0.00841,-0.8645,0.8645,inner_heliosphere,saturn,5.5784,9.1414,5.5784,11.9467,25.9007,2.833,0.0002,0.0007
VG1,-548767545.8,1982-08-12,13.846,209.432,20.032,20.116,0.00841,-0.8645,0.8645,inner_heliosphere,saturn,5.5814,9.1450,5.5814,11.9459,25.8990,0.333,-0.0002,-0.0066
VG1,-543906105.7,1982-10-07,14.324,211.101,20.932,20.008,0.00857,-0.8622,0.8622,inner_heliosphere,saturn,6.0807,9.7552,6.0807,11.8285,25.6081,56.267,0.0009,0.0002
VG1,-543877305.6,1982-10-07,14.327,211.111,20.937,20.008,0.00857,-0.8622,0.8622,inner_heliosphere,saturn,6.0836,9.7589,6.0836,11.8279,25.6064,0.333,-0.0006,-0.0208
VG1,-542834745.5,1982-10-19,14.431,211.457,21.120,19.985,0.00861,-0.8617,0.8617,inner_heliosphere,saturn,6.1910,9.8926,6.1910,11.8070,25.5461,12.067,0.0001,0.0001
VG1,-542805945.5,1982-10-20,14.434,211.466,21.125,19.984,0.00861,-0.8617,0.8617,inner_heliosphere,saturn,6.1940,9.8963,6.1940,11.8065,25.5444,0.333,0.0004,0.0135
VG1,-541466745.1,1982-11-04,14.567,211.904,21.355,19.956,0.00865,-0.8611,0.8611,inner_heliosphere,saturn,6.3321,10.0695,6.3321,11.7819,25.4679,15.500,-0.0006,-0.0004
VG1,-541437945.1,1982-11-04,14.570,211.913,21.360,19.955,0.00865,-0.8611,0.8611,inner_heliosphere,saturn,6.3351,10.0733,6.3351,11.7814,25.4663,0.333,0.0002,0.0066
VG1,-541026105.1,1982-11-09,14.612,212.047,21.430,19.947,0.00866,-0.8609,0.8609,inner_heliosphere,saturn,6.3776,10.1269,6.3776,11.7744,25.4430,4.767,-0.0004,-0.0010
VG1,-540997305.1,1982-11-09,14.614,212.056,21.435,19.946,0.00866,-0.8609,0.8609,inner_heliosphere,saturn,6.3806,10.1306,6.3806,11.7739,25.4414,0.333,0.0004,0.0135
VG1,-538546425.0,1982-12-08,14.861,212.836,21.839,19.895,0.00873,-0.8598,0.8598,inner_heliosphere,saturn,6.6340,10.4528,6.6340,11.7371,25.3053,28.367,-0.0004,-0.0002
VG1,-538517625.0,1982-12-08,14.864,212.845,21.844,19.894,0.00873,-0.8598,0.8598,inner_heliosphere,saturn,6.6369,10.4566,6.6369,11.7367,25.3038,0.333,0.0004,0.0139
VG1,-532011704.8,1983-02-21,15.528,214.814,22.838,19.764,0.00890,-0.8572,0.8572,inner_heliosphere,saturn,7.3131,11.3369,7.3131,11.6800,24.9622,75.300,-0.0019,-0.0003
VG1,-531982904.8,1983-02-22,15.531,214.823,22.842,19.763,0.00890,-0.8572,0.8572,inner_heliosphere,saturn,7.3161,11.3409,7.3161,11.6799,24.9607,0.333,0.0000,0.0000
VG1,-531110264.8,1983-03-04,15.621,215.076,22.967,19.747,0.00892,-0.8569,0.8569,inner_heliosphere,saturn,7.4072,11.4617,7.4072,11.6769,24.9171,10.100,0.0000,0.0000
VG1,-531081464.7,1983-03-04,15.624,215.084,22.971,19.746,0.00892,-0.8569,0.8569,inner_heliosphere,saturn,7.4102,11.4657,7.4102,11.6768,24.9157,0.333,0.0004,0.0135
VG1,-529537784.1,1983-03-22,15.784,215.526,23.188,19.717,0.00896,-0.8563,0.8563,inner_heliosphere,saturn,7.5717,11.6811,7.5717,11.6741,24.8399,17.867,-0.0003,-0.0002
VG1,-529508984.0,1983-03-22,15.787,215.534,23.192,19.716,0.00896,-0.8563,0.8563,inner_heliosphere,saturn,7.5747,11.6851,7.5747,11.6741,24.8385,0.333,0.0006,0.0208
VG1,-528826423.8,1983-03-30,15.858,215.727,23.286,19.703,0.00897,-0.8561,0.8561,inner_heliosphere,saturn,7.6462,11.7809,7.6462,11.6740,24.8055,7.900,0.0004,0.0005
VG1,-528797623.9,1983-03-31,15.861,215.735,23.290,19.703,0.00897,-0.8560,0.8560,inner_heliosphere,saturn,7.6492,11.7850,7.6492,11.6741,24.8041,0.333,-0.0004,-0.0139
VG1,-526695223.7,1983-04-24,16.080,216.320,23.572,19.664,0.00902,-0.8553,0.8553,inner_heliosphere,saturn,7.8698,12.0826,7.8698,11.6780,24.7046,24.333,0.0003,0.0001
VG1,-526666423.7,1983-04-24,16.083,216.328,23.576,19.663,0.00902,-0.8553,0.8553,inner_heliosphere,saturn,7.8728,12.0867,7.8728,11.6781,24.7032,0.333,0.0002,0.0073
VG1,-524800183.2,1983-05-16,16.278,216.836,23.819,19.629,0.00906,-0.8547,0.8547,inner_heliosphere,saturn,8.0692,12.3539,8.0692,11.6869,24.6175,21.600,0.0009,0.0005
VG1,-524771383.3,1983-05-16,16.281,216.844,23.822,19.628,0.00906,-0.8547,0.8547,inner_heliosphere,saturn,8.0722,12.3581,8.0722,11.6870,24.6162,0.333,-0.0008,-0.0274
VG1,-523515703.1,1983-05-31,16.413,217.180,23.981,19.606,0.00908,-0.8542,0.8542,inner_heliosphere,saturn,8.2046,12.5394,8.2046,11.6957,24.5599,14.533,0.0004,0.0003
VG1,-523486903.0,1983-05-31,16.416,217.188,23.985,19.605,0.00908,-0.8542,0.8542,inner_heliosphere,saturn,8.2077,12.5436,8.2077,11.6960,24.5586,0.333,-0.0004,-0.0139
VG1,-521761782.4,1983-06-20,16.597,217.641,24.198,19.575,0.00912,-0.8537,0.8537,inner_heliosphere,saturn,8.3900,12.7948,8.3900,11.7115,24.4832,19.967,0.0006,0.0003
VG1,-521732982.5,1983-06-20,16.600,217.649,24.202,19.574,0.00912,-0.8537,0.8537,inner_heliosphere,saturn,8.3931,12.7990,8.3931,11.7118,24.4819,0.333,0.0000,0.0003
VG1,-520862310.5,1983-07-01,16.692,217.875,24.307,19.559,0.00913,-0.8534,0.8534,inner_heliosphere,saturn,8.4852,12.9267,8.4852,11.7213,24.4447,10.077,0.0831,0.0955
VG1,-519316662.3,1983-07-18,16.856,218.270,24.490,19.532,0.00916,-0.8529,0.8529,inner_heliosphere,saturn,8.6492,13.1548,8.6492,11.7407,24.3798,17.889,0.0003,0.0002
VG1,-519287862.4,1983-07-19,16.859,218.278,24.493,19.532,0.00916,-0.8529,0.8529,inner_heliosphere,saturn,8.6523,13.1591,8.6523,11.7410,24.3786,0.333,0.0006,0.0212
VG1,-516105414.2,1983-08-25,17.198,219.072,24.856,19.478,0.00921,-0.8519,0.8519,inner_heliosphere,saturn,8.9911,13.6344,8.9911,11.7913,24.2506,36.834,-0.0795,-0.0250
VG1,-515702262.1,1983-08-29,17.241,219.171,24.901,19.471,0.00922,-0.8518,0.8518,inner_heliosphere,saturn,9.0341,13.6952,9.0341,11.7987,24.2349,4.666,0.0169,0.0419
VG1,-515103221.9,1983-09-05,17.305,219.316,24.967,19.461,0.00923,-0.8517,0.8517,inner_heliosphere,saturn,9.0981,13.7856,9.0981,11.8100,24.2118,6.933,-0.0002,-0.0003
VG1,-515074422.0,1983-09-05,17.308,219.323,24.970,19.461,0.00923,-0.8516,0.8516,inner_heliosphere,saturn,9.1012,13.7900,9.1012,11.8105,24.2107,0.333,0.0008,0.0281
VG1,-513795701.8,1983-09-20,17.444,219.632,25.108,19.440,0.00925,-0.8513,0.8513,inner_heliosphere,saturn,9.2380,13.9841,9.2380,11.8363,24.1623,14.800,0.0003,0.0002
VG1,-513766901.9,1983-09-21,17.447,219.639,25.112,19.439,0.00925,-0.8513,0.8513,inner_heliosphere,saturn,9.2411,13.9884,9.2411,11.8370,24.1612,0.333,0.0002,0.0073
VG1,-512113781.9,1983-10-10,17.625,220.031,25.286,19.413,0.00928,-0.8508,0.8508,inner_heliosphere,saturn,9.4184,14.2411,9.4184,11.8736,24.1004,19.133,0.0005,0.0003
VG1,-512084981.8,1983-10-10,17.628,220.037,25.289,19.412,0.00928,-0.8508,0.8508,inner_heliosphere,saturn,9.4215,14.2455,9.4215,11.8743,24.0994,0.333,-0.0010,-0.0347
VG1,-510071861.7,1983-11-02,17.844,220.506,25.496,19.380,0.00931,-0.8503,0.8503,inner_heliosphere,saturn,9.6381,14.5558,9.6381,11.9239,24.0281,23.300,-0.0004,-0.0002
VG1,-510043061.6,1983-11-03,17.847,220.513,25.499,19.380,0.00931,-0.8503,0.8503,inner_heliosphere,saturn,9.6412,14.5603,9.6412,11.9246,24.0271,0.333,0.0004,0.0139
VG1,-509397941.4,1983-11-10,17.917,220.661,25.564,19.370,0.00932,-0.8501,0.8501,inner_heliosphere,saturn,9.7108,14.6603,9.7108,11.9416,24.0049,7.467,-0.0003,-0.0004
VG1,-509369141.5,1983-11-11,17.920,220.667,25.567,19.369,0.00932,-0.8501,0.8501,inner_heliosphere,saturn,9.7139,14.6648,9.7139,11.9424,24.0039,0.333,0.0008,0.0278
VG1,-504758261.2,1984-01-03,18.419,221.696,26.011,19.299,0.00938,-0.8489,0.8489,inner_heliosphere,saturn,10.2133,15.3881,10.2133,12.0798,23.8544,53.367,-0.0012,-0.0002
VG1,-504729461.3,1984-01-03,18.422,221.703,26.014,19.299,0.00938,-0.8489,0.8489,inner_heliosphere,saturn,10.2164,15.3927,10.2164,12.0807,23.8535,0.333,-0.0004,-0.0142
VG1,-504297461.3,1984-01-08,18.469,221.797,26.054,19.292,0.00938,-0.8488,0.8488,inner_heliosphere,saturn,10.2634,15.4612,10.2634,12.0950,23.8403,5.000,-0.0001,-0.0003
VG1,-504268661.2,1984-01-09,18.472,221.803,26.057,19.292,0.00938,-0.8488,0.8488,inner_heliosphere,saturn,10.2665,15.4658,10.2665,12.0959,23.8394,0.333,-0.0002,-0.0073
VG1,-502978420.9,1984-01-23,18.612,222.081,26.175,19.273,0.00940,-0.8485,0.8485,inner_heliosphere,saturn,10.4071,15.6711,10.4071,12.1399,23.8009,14.933,-0.0009,-0.0007
VG1,-502949620.9,1984-01-24,18.615,222.087,26.177,19.272,0.00940,-0.8485,0.8485,inner_heliosphere,saturn,10.4102,15.6757,10.4102,12.1409,23.8000,0.333,0.0006,0.0205
VG1,-502549300.9,1984-01-28,18.659,222.172,26.213,19.267,0.00941,-0.8484,0.8484,inner_heliosphere,saturn,10.4539,15.7396,10.4539,12.1550,23.7883,4.633,-0.0004,-0.0010
VG1,-502520500.9,1984-01-29,18.662,222.179,26.216,19.266,0.00941,-0.8484,0.8484,inner_heliosphere,saturn,10.4570,15.7442,10.4570,12.1561,23.7875,0.333,0.0008,0.0274
VG1,-500628340.9,1984-02-20,18.868,222.578,26.384,19.239,0.00943,-0.8480,0.8480,inner_heliosphere,saturn,10.6639,16.0478,10.6639,12.2253,23.7338,21.900,-0.0007,-0.0004
VG1,-500599540.8,1984-02-20,18.872,222.584,26.386,19.238,0.00943,-0.8479,0.8479,inner_heliosphere,saturn,10.6670,16.0524,10.6670,12.2264,23.7330,0.333,0.0002,0.0066
VG1,-498779380.5,1984-03-12,19.070,222.961,26.543,19.212,0.00945,-0.8475,0.8475,inner_heliosphere,saturn,10.8667,16.3465,10.8667,12.2972,23.6840,21.067,0.0001,0.0000
VG1,-498750580.6,1984-03-12,19.074,222.967,26.546,19.212,0.00945,-0.8475,0.8475,inner_heliosphere,saturn,10.8699,16.3512,10.8699,12.2983,23.6833,0.333,-0.0008,-0.0281
VG1,-496259380.5,1984-04-10,19.346,223.472,26.754,19.177,0.00948,-0.8470,0.8470,inner_heliosphere,saturn,11.1442,16.7570,11.1442,12.4016,23.6203,28.833,-0.0003,-0.0001
VG1,-496230580.4,1984-04-11,19.350,223.477,26.756,19.177,0.00948,-0.8470,0.8470,inner_heliosphere,saturn,11.1473,16.7617,11.1473,12.4028,23.6196,0.333,0.0010,0.0347
VG1,-495041140.3,1984-04-24,19.480,223.714,26.853,19.161,0.00949,-0.8467,0.8467,inner_heliosphere,saturn,11.2788,16.9567,11.2788,12.4546,23.5913,13.767,0.0004,0.0004
VG1,-495012340.2,1984-04-25,19.483,223.720,26.855,19.160,0.00949,-0.8467,0.8467,inner_heliosphere,saturn,11.2819,16.9615,11.2819,12.4559,23.5906,0.333,-0.0002,-0.0069
VG1,-494476660.1,1984-05-01,19.542,223.825,26.898,19.153,0.00949,-0.8466,0.8466,inner_heliosphere,saturn,11.3412,17.0496,11.3412,12.4798,23.5782,6.200,-0.0004,-0.0007
VG1,-494447860.1,1984-05-01,19.545,223.831,26.900,19.153,0.00949,-0.8466,0.8466,inner_heliosphere,saturn,11.3444,17.0543,11.3444,12.4811,23.5775,0.333,0.0006,0.0212
VG1,-493782580.0,1984-05-09,19.618,223.961,26.953,19.144,0.00950,-0.8465,0.8465,inner_heliosphere,saturn,11.4181,17.1640,11.4181,12.5113,23.5624,7.700,0.0001,0.0002
VG1,-493753780.1,1984-05-09,19.622,223.967,26.955,19.143,0.00950,-0.8465,0.8465,inner_heliosphere,saturn,11.4213,17.1687,11.4213,12.5126,23.5618,0.333,0.0000,0.0003
VG1,-490290583.5,1984-06-18,20.003,224.632,27.222,19.097,0.00953,-0.8458,0.8458,inner_heliosphere,saturn,11.8064,17.7435,11.8064,12.6775,23.4887,40.083,3.5362,1.0211
VG1,-489024823.4,1984-07-03,20.143,224.869,27.316,19.081,0.00955,-0.8455,0.8455,inner_heliosphere,saturn,11.9478,17.9552,11.9478,12.7411,23.4643,14.650,0.0001,0.0001
VG1,-488996023.4,1984-07-03,20.146,224.874,27.318,19.081,0.00955,-0.8455,0.8455,inner_heliosphere,saturn,11.9510,17.9600,11.9510,12.7425,23.4638,0.333,-0.0002,-0.0066
VG1,-488299063.3,1984-07-11,20.223,225.004,27.369,19.072,0.00955,-0.8454,0.8454,inner_heliosphere,saturn,12.0290,18.0769,12.0290,12.7783,23.4509,8.067,0.0003,0.0004
VG1,-488270263.2,1984-07-12,20.226,225.009,27.371,19.071,0.00955,-0.8454,0.8454,inner_heliosphere,saturn,12.0323,18.0817,12.0323,12.7798,23.4504,0.333,-0.0002,-0.0066
VG1,-487668343.1,1984-07-19,20.293,225.120,27.415,19.064,0.00956,-0.8453,0.8453,inner_heliosphere,saturn,12.0997,18.1829,12.0997,12.8110,23.4395,6.967,0.0002,0.0003
VG1,-487639543.2,1984-07-19,20.296,225.126,27.417,19.063,0.00956,-0.8453,0.8453,inner_heliosphere,saturn,12.1029,18.1877,12.1029,12.8126,23.4390,0.333,-0.0002,-0.0066
VG1,-486781303.2,1984-07-29,20.391,225.283,27.479,19.052,0.00956,-0.8451,0.8451,inner_heliosphere,saturn,12.1992,18.3323,12.1992,12.8578,23.4241,9.933,0.0000,0.0000
VG1,-486752503.1,1984-07-29,20.394,225.288,27.481,19.052,0.00957,-0.8451,0.8451,inner_heliosphere,saturn,12.2025,18.3372,12.2025,12.8594,23.4236,0.333,0.0004,0.0142
VG1,-486614263.1,1984-07-31,20.409,225.313,27.491,19.050,0.00957,-0.8451,0.8451,inner_heliosphere,saturn,12.2180,18.3605,12.2180,12.8667,23.4213,1.600,0.0006,0.0041
VG1,-486585463.1,1984-07-31,20.413,225.318,27.493,19.050,0.00957,-0.8451,0.8451,inner_heliosphere,saturn,12.2212,18.3653,12.2212,12.8683,23.4208,0.333,-0.0012,-0.0413
VG1,-486092982.9,1984-08-06,20.467,225.408,27.528,19.044,0.00957,-0.8450,0.8450,inner_heliosphere,saturn,12.2766,18.4485,12.2766,12.8947,23.4125,5.700,0.0003,0.0005
VG1,-486064183.0,1984-08-06,20.470,225.413,27.530,19.043,0.00957,-0.8450,0.8450,inner_heliosphere,saturn,12.2798,18.4534,12.2798,12.8963,23.4121,0.333,-0.0004,-0.0139
VG1,-484802742.9,1984-08-21,20.610,225.640,27.618,19.028,0.00958,-0.8447,0.8447,inner_heliosphere,saturn,12.4218,18.6669,12.4218,12.9651,23.3918,14.600,0.0007,0.0006
VG1,-484773942.8,1984-08-21,20.613,225.646,27.620,19.027,0.00958,-0.8447,0.8447,inner_heliosphere,saturn,12.4251,18.6718,12.4251,12.9667,23.3914,0.333,-0.0006,-0.0205
VG1,-484301622.7,1984-08-27,20.666,225.730,27.653,19.022,0.00959,-0.8447,0.8447,inner_heliosphere,saturn,12.4783,18.7519,12.4783,12.9929,23.3841,5.467,0.0003,0.0007
VG1,-484272822.6,1984-08-27,20.669,225.735,27.655,19.021,0.00959,-0.8447,0.8447,inner_heliosphere,saturn,12.4816,18.7568,12.4816,12.9945,23.3837,0.333,-0.0006,-0.0208
VG1,-483699702.4,1984-09-03,20.733,225.837,27.694,19.014,0.00959,-0.8445,0.8445,inner_heliosphere,saturn,12.5463,18.8542,12.5463,13.0267,23.3752,6.633,0.0002,0.0003
VG1,-483670902.5,1984-09-03,20.736,225.842,27.696,19.014,0.00959,-0.8445,0.8445,inner_heliosphere,saturn,12.5495,18.8591,12.5495,13.0283,23.3747,0.333,-0.0004,-0.0139
VG1,-483408822.4,1984-09-06,20.765,225.888,27.714,19.011,0.00959,-0.8445,0.8445,inner_heliosphere,saturn,12.5791,18.9037,12.5791,13.0431,23.3709,3.033,0.0002,0.0007
VG1,-483380022.5,1984-09-06,20.768,225.893,27.716,19.010,0.00959,-0.8445,0.8445,inner_heliosphere,saturn,12.5824,18.9086,12.5824,13.0447,23.3705,0.333,-0.0006,-0.0208
VG1,-481784502.5,1984-09-25,20.945,226.173,27.824,18.991,0.00960,-0.8442,0.8442,inner_heliosphere,saturn,12.7630,19.1808,12.7630,13.1363,23.3484,18.467,0.0002,0.0001
VG1,-481755702.4,1984-09-25,20.948,226.178,27.825,18.991,0.00961,-0.8442,0.8442,inner_heliosphere,saturn,12.7662,19.1857,12.7662,13.1380,23.3481,0.333,0.0002,0.0069
VG1,-478054902.4,1984-11-07,21.360,226.811,28.066,18.947,0.00963,-0.8436,0.8436,inner_heliosphere,saturn,13.1872,19.8212,13.1872,13.3600,23.3046,42.833,-0.0002,-0.0000
VG1,-478026102.3,1984-11-07,21.364,226.816,28.068,18.946,0.00963,-0.8436,0.8436,inner_heliosphere,saturn,13.1905,19.8261,13.1905,13.3618,23.3043,0.333,-0.0008,-0.0278
VG1,-477668982.2,1984-11-11,21.403,226.876,28.090,18.942,0.00963,-0.8435,0.8435,inner_heliosphere,saturn,13.2313,19.8877,13.2313,13.3839,23.3006,4.133,-0.0001,-0.0003
VG1,-477640182.3,1984-11-12,21.407,226.880,28.092,18.942,0.00964,-0.8435,0.8435,inner_heliosphere,saturn,13.2346,19.8927,13.2346,13.3857,23.3003,0.333,-0.0004,-0.0142
VG1,-477274422.3,1984-11-16,21.447,226.941,28.115,18.938,0.00964,-0.8435,0.8435,inner_heliosphere,saturn,13.2764,19.9559,13.2764,13.4085,23.2967,4.233,-0.0001,-0.0002
VG1,-477245622.3,1984-11-16,21.451,226.946,28.117,18.937,0.00964,-0.8435,0.8435,inner_heliosphere,saturn,13.2797,19.9608,13.2797,13.4103,23.2965,0.333,-0.0004,-0.0139
VG1,-476061942.3,1984-11-30,21.583,227.143,28.190,18.924,0.00965,-0.8433,0.8433,inner_heliosphere,saturn,13.4152,20.1656,13.4152,13.4849,23.2855,13.700,-0.0003,-0.0003
VG1,-476033142.2,1984-11-30,21.586,227.147,28.192,18.924,0.00965,-0.8433,0.8433,inner_heliosphere,saturn,13.4185,20.1706,13.4185,13.4867,23.2853,0.333,0.0002,0.0066
VG1,-473236662.1,1985-01-02,21.899,227.603,28.361,18.892,0.00966,-0.8428,0.8428,inner_heliosphere,uranus,13.6679,20.6563,13.7398,13.6679,23.2638,32.367,-0.0014,-0.0005
VG1,-473207862.2,1985-01-02,21.902,227.607,28.362,18.892,0.00966,-0.8428,0.8428,inner_heliosphere,uranus,13.6698,20.6613,13.7432,13.6698,23.2636,0.333,0.0004,0.0135
VG1,-468548022.1,1985-02-25,22.424,228.341,28.630,18.841,0.00969,-0.8422,0.8422,inner_heliosphere,uranus,13.9867,21.4764,14.2826,13.9867,23.2415,53.933,-0.0013,-0.0003
VG1,-468519222.0,1985-02-25,22.427,228.345,28.632,18.841,0.00969,-0.8421,0.8421,inner_heliosphere,uranus,13.9887,21.4814,14.2859,13.9887,23.2414,0.333,0.0004,0.0135
VG1,-468418422.0,1985-02-26,22.438,228.361,28.637,18.840,0.00969,-0.8421,0.8421,inner_heliosphere,uranus,13.9957,21.4991,14.2976,13.9957,23.2411,1.167,0.0003,0.0029
VG1,-468389621.9,1985-02-27,22.442,228.365,28.639,18.839,0.00969,-0.8421,0.8421,inner_heliosphere,uranus,13.9977,21.5042,14.3010,13.9977,23.2410,0.333,-0.0004,-0.0142
VG1,-467972021.8,1985-03-04,22.488,228.429,28.662,18.835,0.00970,-0.8421,0.8421,inner_heliosphere,uranus,14.0271,21.5775,14.3496,14.0271,23.2399,4.833,0.0001,0.0003
VG1,-467943221.9,1985-03-04,22.492,228.434,28.664,18.835,0.00970,-0.8421,0.8421,inner_heliosphere,uranus,14.0291,21.5826,14.3529,14.0291,23.2399,0.333,-0.0004,-0.0139
VG1,-467335541.8,1985-03-11,22.560,228.526,28.697,18.828,0.00970,-0.8420,0.8420,inner_heliosphere,uranus,14.0720,21.6894,14.4237,14.0720,23.2385,7.033,-0.0001,-0.0002
VG1,-467306741.9,1985-03-11,22.563,228.531,28.699,18.828,0.00970,-0.8420,0.8420,inner_heliosphere,uranus,14.0741,21.6945,14.4271,14.0741,23.2384,0.333,0.0000,0.0000
VG1,-463891061.9,1985-04-20,22.947,229.043,28.882,18.792,0.00972,-0.8415,0.8415,inner_heliosphere,uranus,14.3208,22.2967,14.8265,14.3208,23.2362,39.533,-0.0001,-0.0000
VG1,-463862261.8,1985-04-20,22.950,229.048,28.883,18.792,0.00972,-0.8415,0.8415,inner_heliosphere,uranus,14.3229,22.3018,14.8299,14.3229,23.2362,0.333,-0.0002,-0.0066
VG1,-463654901.7,1985-04-23,22.973,229.078,28.894,18.790,0.00972,-0.8415,0.8415,inner_heliosphere,uranus,14.3382,22.3385,14.8542,14.3382,23.2364,2.400,-0.0004,-0.0018
VG1,-463626101.7,1985-04-23,22.977,229.083,28.896,18.790,0.00972,-0.8415,0.8415,inner_heliosphere,uranus,14.3403,22.3436,14.8576,14.3403,23.2364,0.333,-0.0000,-0.0000
VG1,-463286261.7,1985-04-27,23.015,229.133,28.913,18.786,0.00972,-0.8414,0.8414,inner_heliosphere,uranus,14.3655,22.4036,14.8975,14.3655,23.2367,3.933,0.0005,0.0015
VG1,-463257461.6,1985-04-27,23.018,229.137,28.915,18.786,0.00972,-0.8414,0.8414,inner_heliosphere,uranus,14.3676,22.4087,14.9009,14.3676,23.2368,0.333,-0.0004,-0.0139
VG1,-461595701.3,1985-05-16,23.205,229.379,29.000,18.769,0.00973,-0.8412,0.8412,inner_heliosphere,uranus,14.4916,22.7028,15.0965,14.4916,23.2397,19.233,-0.0001,-0.0001
VG1,-461566901.4,1985-05-17,23.208,229.383,29.002,18.769,0.00973,-0.8412,0.8412,inner_heliosphere,uranus,14.4938,22.7079,15.0999,14.4938,23.2398,0.333,0.0008,0.0281
VG1,-457703909.3,1985-07-01,23.644,229.934,29.194,18.731,0.00975,-0.8407,0.8407,inner_heliosphere,uranus,14.7899,23.3935,15.5569,14.7899,23.2551,44.711,0.0016,0.0004
VG1,-454793141.2,1985-08-03,23.973,230.336,29.332,18.703,0.00976,-0.8404,0.8404,inner_heliosphere,uranus,15.0198,23.9113,15.9036,15.0198,23.2741,33.689,0.0005,0.0002
VG1,-454764341.1,1985-08-04,23.976,230.340,29.334,18.702,0.00976,-0.8404,0.8404,inner_heliosphere,uranus,15.0221,23.9164,15.9071,15.0221,23.2744,0.333,0.0006,0.0212
VG1,-452379700.8,1985-08-31,24.245,230.663,29.444,18.680,0.00977,-0.8401,0.8401,inner_heliosphere,uranus,15.2147,24.3412,16.1926,15.2147,23.2949,27.600,0.0003,0.0001
VG1,-452350900.9,1985-08-31,24.249,230.666,29.445,18.680,0.00977,-0.8401,0.8401,inner_heliosphere,uranus,15.2170,24.3463,16.1961,15.2170,23.2951,0.333,0.0004,0.0139
VG1,-451184500.8,1985-09-14,24.381,230.822,29.497,18.669,0.00978,-0.8400,0.8400,inner_heliosphere,uranus,15.3126,24.5542,16.3362,15.3126,23.3068,13.500,0.0001,0.0001
VG1,-451155700.8,1985-09-14,24.384,230.826,29.499,18.669,0.00978,-0.8400,0.8400,inner_heliosphere,uranus,15.3149,24.5593,16.3397,15.3149,23.3071,0.333,0.0002,0.0073
VG1,-449738740.8,1985-10-01,24.544,231.012,29.561,18.656,0.00978,-0.8398,0.8398,inner_heliosphere,uranus,15.4322,24.8119,16.5104,15.4322,23.3226,16.400,0.0001,0.0001
VG1,-449709940.8,1985-10-01,24.548,231.016,29.563,18.656,0.00978,-0.8398,0.8398,inner_heliosphere,uranus,15.4346,24.8171,16.5138,15.4346,23.3230,0.333,0.0004,0.0139
VG1,-448932340.9,1985-10-10,24.636,231.117,29.597,18.649,0.00979,-0.8397,0.8397,inner_heliosphere,uranus,15.4994,24.9557,16.6077,15.4994,23.3322,9.000,-0.0002,-0.0003
VG1,-448903540.8,1985-10-10,24.639,231.121,29.598,18.648,0.00979,-0.8397,0.8397,inner_heliosphere,uranus,15.5018,24.9608,16.6112,15.5018,23.3325,0.333,-0.0002,-0.0069
VG1,-448411060.7,1985-10-16,24.695,231.185,29.619,18.644,0.00979,-0.8397,0.8397,inner_heliosphere,uranus,15.5431,25.0486,16.6707,15.5431,23.3386,5.700,-0.0002,-0.0004
VG1,-448382260.8,1985-10-16,24.698,231.189,29.621,18.644,0.00979,-0.8397,0.8397,inner_heliosphere,uranus,15.5455,25.0538,16.6742,15.5455,23.3389,0.333,-0.0004,-0.0139
VG1,-447423220.8,1985-10-27,24.807,231.312,29.662,18.635,0.00979,-0.8396,0.8396,inner_heliosphere,uranus,15.6263,25.2247,16.7903,15.6263,23.3513,11.100,-0.0001,-0.0001
VG1,-447394420.7,1985-10-28,24.810,231.316,29.663,18.635,0.00979,-0.8396,0.8396,inner_heliosphere,uranus,15.6288,25.2299,16.7938,15.6288,23.3517,0.333,-0.0004,-0.0142
VG1,-445888180.6,1985-11-14,24.981,231.508,29.727,18.622,0.00980,-0.8394,0.8394,inner_heliosphere,uranus,15.7568,25.4984,16.9766,15.7568,23.3726,17.433,-0.0007,-0.0005
VG1,-445859380.7,1985-11-15,24.984,231.512,29.728,18.621,0.00980,-0.8394,0.8394,inner_heliosphere,uranus,15.7593,25.5035,16.9801,15.7593,23.3730,0.333,0.0000,0.0000
VG1,-443981620.6,1985-12-06,25.197,231.748,29.806,18.605,0.00980,-0.8392,0.8392,inner_heliosphere,uranus,15.9208,25.8380,17.2088,15.9208,23.4014,21.733,-0.0004,-0.0002
VG1,-443952820.6,1985-12-07,25.200,231.751,29.807,18.605,0.00980,-0.8392,0.8392,inner_heliosphere,uranus,15.9233,25.8432,17.2123,15.9233,23.4019,0.333,0.0002,0.0066
VG1,-437464180.5,1986-02-20,25.931,232.513,30.085,18.543,0.00982,-0.8385,0.8385,inner_heliosphere,uranus,16.5030,26.9929,18.0071,16.5030,23.5327,75.100,-0.0018,-0.0003
VG1,-437435380.6,1986-02-20,25.935,232.516,30.086,18.543,0.00982,-0.8385,0.8385,inner_heliosphere,uranus,16.5056,26.9980,18.0107,16.5056,23.5332,0.333,-0.0002,-0.0073
VG1,-434572660.5,1986-03-25,26.260,232.851,30.193,18.520,0.00983,-0.8383,0.8383,inner_heliosphere,uranus,16.7652,27.5046,18.3653,16.7652,23.5956,33.133,-0.0008,-0.0003
VG1,-434543860.5,1986-03-26,26.264,232.854,30.194,18.520,0.00983,-0.8383,0.8383,inner_heliosphere,uranus,16.7678,27.5096,18.3689,16.7678,23.5962,0.333,0.0002,0.0069
VG1,-434169460.4,1986-03-30,26.306,232.897,30.208,18.517,0.00983,-0.8382,0.8382,inner_heliosphere,uranus,16.8021,27.5758,18.4154,16.8021,23.6048,4.333,0.0002,0.0005
VG1,-434140660.4,1986-03-30,26.309,232.901,30.209,18.517,0.00983,-0.8382,0.8382,inner_heliosphere,uranus,16.8047,27.5809,18.4190,16.8047,23.6055,0.333,0.0000,0.0000
VG1,-433466740.2,1986-04-07,26.386,232.978,30.233,18.511,0.00983,-0.8382,0.8382,inner_heliosphere,uranus,16.8666,27.6998,18.5028,16.8666,23.6213,7.800,0.0004,0.0005
VG1,-433437940.3,1986-04-07,26.389,232.981,30.234,18.511,0.00983,-0.8382,0.8382,inner_heliosphere,uranus,16.8692,27.7049,18.5064,16.8692,23.6219,0.333,-0.0004,-0.0139
VG1,-432692020.3,1986-04-16,26.474,233.067,30.261,18.505,0.00983,-0.8381,0.8381,inner_heliosphere,uranus,16.9379,27.8364,18.5993,16.9379,23.6398,8.633,0.0001,0.0001
VG1,-432663220.3,1986-04-16,26.478,233.070,30.262,18.505,0.00983,-0.8381,0.8381,inner_heliosphere,uranus,16.9406,27.8415,18.6029,16.9406,23.6405,0.333,-0.0002,-0.0069
VG1,-431404660.4,1986-05-01,26.621,233.213,30.307,18.495,0.00984,-0.8380,0.8380,inner_heliosphere,uranus,17.0571,28.0631,18.7600,17.0571,23.6715,14.567,-0.0003,-0.0002
VG1,-431375860.3,1986-05-01,26.624,233.216,30.308,18.495,0.00984,-0.8380,0.8380,inner_heliosphere,uranus,17.0598,28.0682,18.7636,17.0598,23.6722,0.333,0.0006,0.0208
VG1,-429878260.3,1986-05-19,26.795,233.384,30.361,18.483,0.00984,-0.8379,0.8379,inner_heliosphere,uranus,17.1995,28.3313,18.9511,17.1995,23.7107,17.333,0.0007,0.0005
VG1,-429849460.3,1986-05-19,26.798,233.387,30.362,18.483,0.00984,-0.8379,0.8379,inner_heliosphere,uranus,17.2022,28.3364,18.9547,17.2022,23.7114,0.333,-0.0006,-0.0208
VG1,-428582260.3,1986-06-03,26.942,233.527,30.406,18.473,0.00985,-0.8378,0.8378,inner_heliosphere,uranus,17.3212,28.5585,19.1137,17.3212,23.7452,14.667,-0.0001,-0.0001
VG1,-428553460.3,1986-06-03,26.946,233.531,30.407,18.473,0.00985,-0.8378,0.8378,inner_heliosphere,uranus,17.3239,28.5635,19.1173,17.3239,23.7460,0.333,0.0006,0.0208
VG1,-428098420.2,1986-06-08,26.998,233.581,30.423,18.470,0.00985,-0.8377,0.8377,inner_heliosphere,uranus,17.3668,28.6432,19.1745,17.3668,23.7584,5.267,0.0005,0.0010
VG1,-428069620.3,1986-06-08,27.001,233.584,30.424,18.470,0.00985,-0.8377,0.8377,inner_heliosphere,uranus,17.3695,28.6482,19.1782,17.3695,23.7592,0.333,0.0002,0.0069
VG1,-427381300.3,1986-06-16,27.079,233.659,30.447,18.464,0.00985,-0.8377,0.8377,inner_heliosphere,uranus,17.4346,28.7686,19.2648,17.4346,23.7783,7.967,0.0002,0.0003
VG1,-427352500.3,1986-06-17,27.083,233.663,30.448,18.464,0.00985,-0.8377,0.8377,inner_heliosphere,uranus,17.4373,28.7736,19.2684,17.4373,23.7791,0.333,-0.0004,-0.0135
VG1,-422902900.8,1986-08-07,27.590,234.140,30.595,18.431,0.00986,-0.8373,0.8373,inner_heliosphere,uranus,17.8630,29.5476,19.8312,17.8630,23.9107,51.500,0.0009,0.0002
VG1,-422874100.8,1986-08-08,27.593,234.144,30.596,18.431,0.00986,-0.8373,0.8373,inner_heliosphere,uranus,17.8658,29.5526,19.8348,17.8658,23.9116,0.333,0.0006,0.0208
VG1,-420863861.1,1986-08-31,27.823,234.354,30.660,18.416,0.00986,-0.8372,0.8372,inner_heliosphere,uranus,18.0609,29.8998,20.0906,18.0609,23.9756,23.267,0.0003,0.0002
VG1,-420835061.1,1986-08-31,27.826,234.357,30.661,18.416,0.00986,-0.8372,0.8372,inner_heliosphere,uranus,18.0637,29.9048,20.0943,18.0637,23.9765,0.333,0.0006,0.0212
VG1,-419166532.6,1986-09-20,28.017,234.529,30.714,18.404,0.00987,-0.8370,0.8370,inner_heliosphere,uranus,18.2268,30.1917,20.3074,18.2268,24.0318,19.312,-0.4095,-0.2454
VG1,-414441460.3,1986-11-13,28.556,235.006,30.857,18.372,0.00988,-0.8367,0.8367,inner_heliosphere,uranus,18.6946,30.9971,20.9144,18.6946,24.1987,54.688,0.0000,0.0000
VG1,-414412660.3,1986-11-14,28.560,235.009,30.857,18.372,0.00988,-0.8367,0.8367,inner_heliosphere,uranus,18.6975,31.0020,20.9181,18.6975,24.1998,0.333,-0.0000,-0.0003
VG1,-413053300.4,1986-11-29,28.715,235.143,30.897,18.363,0.00988,-0.8366,0.8366,inner_heliosphere,uranus,18.8336,31.2317,21.0937,18.8336,24.2506,15.733,0.0000,0.0000
VG1,-413024500.3,1986-11-30,28.718,235.146,30.898,18.362,0.00988,-0.8366,0.8366,inner_heliosphere,uranus,18.8365,31.2365,21.0974,18.8365,24.2517,0.333,-0.0004,-0.0142
VG1,-412892020.4,1986-12-01,28.734,235.159,30.902,18.362,0.00988,-0.8366,0.8366,inner_heliosphere,uranus,18.8498,31.2588,21.1146,18.8498,24.2567,1.533,0.0859,0.6486
VG1,-412863220.3,1986-12-01,28.737,235.161,30.903,18.361,0.00988,-0.8366,0.8366,inner_heliosphere,uranus,18.8527,31.2637,21.1183,18.8527,24.2578,0.333,0.0004,0.0135
VG1,-412143220.3,1986-12-10,28.819,235.232,30.923,18.357,0.00988,-0.8365,0.8365,inner_heliosphere,uranus,18.9251,31.3849,21.2115,18.9251,24.2853,8.333,-0.0002,-0.0003
VG1,-412114420.4,1986-12-10,28.823,235.235,30.924,18.356,0.00988,-0.8365,0.8365,inner_heliosphere,uranus,18.9280,31.3897,21.2153,18.9280,24.2864,0.333,0.0002,0.0066
VG1,-411503860.4,1986-12-17,28.892,235.294,30.942,18.352,0.00988,-0.8365,0.8365,inner_heliosphere,uranus,18.9896,31.4922,21.2944,18.9896,24.3100,7.067,-0.0001,-0.0001
VG1,-411475060.3,1986-12-18,28.896,235.297,30.943,18.352,0.00988,-0.8365,0.8365,inner_heliosphere,uranus,18.9925,31.4971,21.2981,18.9925,24.3111,0.333,-0.0002,-0.0073
VG1,-410734900.2,1986-12-26,28.980,235.368,30.964,18.347,0.00988,-0.8365,0.8365,inner_heliosphere,uranus,19.0673,31.6210,21.3942,19.0673,24.3401,8.567,0.0003,0.0004
VG1,-410706100.2,1986-12-26,28.984,235.371,30.965,18.347,0.00988,-0.8365,0.8365,inner_heliosphere,uranus,19.0702,31.6259,21.3980,19.0702,24.3412,0.333,-0.0004,-0.0142
VG1,-408307059.7,1987-01-23,29.258,235.600,31.032,18.332,0.00989,-0.8363,0.8363,inner_heliosphere,uranus,19.3140,32.0255,21.7103,19.3140,24.4376,27.767,-0.0010,-0.0004
VG1,-408278259.7,1987-01-24,29.261,235.603,31.033,18.331,0.00989,-0.8363,0.8363,inner_heliosphere,uranus,19.3170,32.0303,21.7141,19.3170,24.4388,0.333,0.0004,0.0135
VG1,-407961459.7,1987-01-27,29.298,235.633,31.041,18.329,0.00989,-0.8363,0.8363,inner_heliosphere,uranus,19.3493,32.0828,21.7554,19.3493,24.4518,3.667,-0.0003,-0.0009
VG1,-407932659.7,1987-01-28,29.301,235.636,31.042,18.329,0.00989,-0.8363,0.8363,inner_heliosphere,uranus,19.3522,32.0876,21.7592,19.3522,24.4530,0.333,0.0004,0.0135
VG1,-406694259.8,1987-02-11,29.443,235.752,31.076,18.321,0.00989,-0.8362,0.8362,inner_heliosphere,uranus,19.4790,32.2923,21.9211,19.4790,24.5045,14.333,-0.0001,-0.0001
VG1,-406665459.8,1987-02-11,29.446,235.755,31.077,18.321,0.00989,-0.8362,0.8362,inner_heliosphere,uranus,19.4820,32.2971,21.9248,19.4820,24.5058,0.333,0.0004,0.0135
VG1,-405369460.0,1987-02-26,29.594,235.876,31.112,18.313,0.00989,-0.8361,0.8361,inner_heliosphere,uranus,19.6152,32.5102,22.0946,19.6152,24.5608,15.000,-0.0003,-0.0002
VG1,-405340659.9,1987-02-27,29.598,235.878,31.113,18.313,0.00989,-0.8361,0.8361,inner_heliosphere,uranus,19.6181,32.5150,22.0984,19.6181,24.5620,0.333,0.0004,0.0135
VG1,-405110259.9,1987-03-01,29.624,235.900,31.119,18.311,0.00989,-0.8361,0.8361,inner_heliosphere,uranus,19.6419,32.5527,22.1286,19.6419,24.5719,2.667,-0.0002,-0.0010
VG1,-405081459.8,1987-03-02,29.627,235.902,31.120,18.311,0.00989,-0.8361,0.8361,inner_heliosphere,uranus,19.6448,32.5575,22.1324,19.6448,24.5731,0.333,0.0002,0.0066
VG1,-403808499.7,1987-03-16,29.773,236.019,31.153,18.303,0.00990,-0.8360,0.8360,inner_heliosphere,uranus,19.7763,32.7656,22.2997,19.7763,24.6284,14.733,-0.0001,-0.0000
VG1,-403779699.7,1987-03-17,29.777,236.022,31.154,18.303,0.00990,-0.8360,0.8360,inner_heliosphere,uranus,19.7793,32.7703,22.3035,19.7793,24.6297,0.333,-0.0006,-0.0208
VG1,-402431859.8,1987-04-01,29.931,236.145,31.189,18.294,0.00990,-0.8359,0.8359,inner_heliosphere,uranus,19.9191,32.9894,22.4810,19.9191,24.6894,15.600,-0.0002,-0.0001
VG1,-402403059.7,1987-04-02,29.934,236.148,31.190,18.294,0.00990,-0.8359,0.8359,inner_heliosphere,uranus,19.9221,32.9941,22.4848,19.9221,24.6907,0.333,-0.0002,-0.0069
VG1,-401913459.7,1987-04-07,29.990,236.192,31.203,18.291,0.00990,-0.8359,0.8359,inner_heliosphere,uranus,19.9730,33.0734,22.5494,19.9730,24.7127,5.667,-0.0004,-0.0008
VG1,-401884659.7,1987-04-08,29.994,236.195,31.204,18.291,0.00990,-0.8359,0.8359,inner_heliosphere,uranus,19.9760,33.0781,22.5532,19.9760,24.7140,0.333,0.0008,0.0278
VG1,-401323059.8,1987-04-14,30.058,236.245,31.218,18.288,0.00990,-0.8359,0.8359,inner_heliosphere,uranus,20.0345,33.1688,22.6273,20.0345,24.7394,6.500,0.0005,0.0009
VG1,-401294259.7,1987-04-14,30.061,236.248,31.219,18.287,0.00990,-0.8359,0.8359,inner_heliosphere,uranus,20.0375,33.1735,22.6311,20.0375,24.7407,0.333,-0.0012,-0.0417
VG1,-400179699.7,1987-04-27,30.189,236.348,31.247,18.281,0.00990,-0.8358,0.8358,inner_heliosphere,uranus,20.1539,33.3529,22.7785,20.1539,24.7917,12.900,-0.0002,-0.0002
VG1,-400150899.7,1987-04-28,30.192,236.350,31.248,18.280,0.00990,-0.8358,0.8358,inner_heliosphere,uranus,20.1569,33.3575,22.7824,20.1569,24.7931,0.333,0.0002,0.0069
VG1,-397262259.7,1987-05-31,30.523,236.606,31.321,18.263,0.00991,-0.8356,0.8356,inner_heliosphere,uranus,20.4604,33.8184,23.1658,20.4604,24.9290,33.433,0.0006,0.0002
VG1,-397233459.7,1987-05-31,30.527,236.608,31.321,18.263,0.00991,-0.8356,0.8356,inner_heliosphere,uranus,20.4634,33.8229,23.1696,20.4634,24.9303,0.333,0.0002,0.0073
VG1,-396067059.5,1987-06-14,30.660,236.710,31.350,18.256,0.00991,-0.8356,0.8356,inner_heliosphere,uranus,20.5867,34.0073,23.3250,20.5867,24.9867,13.500,0.0004,0.0004
VG1,-396038259.6,1987-06-14,30.664,236.713,31.351,18.256,0.00991,-0.8356,0.8356,inner_heliosphere,uranus,20.5897,34.0118,23.3288,20.5897,24.9881,0.333,0.0004,0.0142
VG1,-394454259.5,1987-07-03,30.845,236.849,31.389,18.247,0.00991,-0.8355,0.8355,inner_heliosphere,uranus,20.7577,34.2605,23.5404,20.7577,25.0660,18.333,0.0005,0.0003
VG1,-394425459.5,1987-07-03,30.849,236.852,31.390,18.247,0.00991,-0.8355,0.8355,inner_heliosphere,uranus,20.7608,34.2650,23.5442,20.7608,25.0674,0.333,-0.0006,-0.0205
VG1,-394051059.5,1987-07-07,30.892,236.884,31.399,18.244,0.00991,-0.8355,0.8355,inner_heliosphere,uranus,20.8006,34.3235,23.5943,20.8006,25.0860,4.333,0.0005,0.0014
VG1,-394022259.4,1987-07-08,30.895,236.886,31.400,18.244,0.00991,-0.8355,0.8355,inner_heliosphere,uranus,20.8036,34.3280,23.5982,20.8036,25.0875,0.333,-0.0008,-0.0274
VG1,-393388659.3,1987-07-15,30.968,236.940,31.415,18.241,0.00991,-0.8354,0.8354,inner_heliosphere,uranus,20.8711,34.4267,23.6830,20.8711,25.1192,7.333,0.0000,0.0000
VG1,-393359859.3,1987-07-15,30.971,236.943,31.415,18.240,0.00991,-0.8354,0.8354,inner_heliosphere,uranus,20.8742,34.4312,23.6868,20.8742,25.1206,0.333,0.0002,0.0073
VG1,-392380659.3,1987-07-27,31.083,237.026,31.439,18.235,0.00991,-0.8354,0.8354,inner_heliosphere,uranus,20.9787,34.5831,23.8181,20.9787,25.1702,11.333,0.0007,0.0007
VG1,-392351859.4,1987-07-27,31.086,237.028,31.439,18.235,0.00991,-0.8354,0.8354,inner_heliosphere,uranus,20.9818,34.5876,23.8220,20.9818,25.1716,0.333,-0.0002,-0.0066
VG1,-391459059.4,1987-08-06,31.189,237.104,31.460,18.230,0.00991,-0.8353,0.8353,inner_heliosphere,uranus,21.0773,34.7254,23.9419,21.0773,25.2173,10.333,0.0001,0.0001
VG1,-391430259.5,1987-08-07,31.192,237.106,31.461,18.229,0.00991,-0.8353,0.8353,inner_heliosphere,uranus,21.0804,34.7298,23.9458,21.0804,25.2188,0.333,-0.0002,-0.0069
VG1,-390082419.6,1987-08-22,31.347,237.219,31.492,18.222,0.00991,-0.8353,0.8353,inner_heliosphere,uranus,21.2250,34.9367,24.1272,21.2250,25.2887,15.600,-0.0001,-0.0000
VG1,-390053619.6,1987-08-22,31.350,237.221,31.493,18.222,0.00991,-0.8353,0.8353,inner_heliosphere,uranus,21.2281,34.9411,24.1311,21.2281,25.2902,0.333,-0.0002,-0.0066
VG1,-389903859.6,1987-08-24,31.367,237.234,31.496,18.221,0.00991,-0.8352,0.8352,inner_heliosphere,uranus,21.2442,34.9639,24.1512,21.2442,25.2980,1.733,-0.0003,-0.0022
VG1,-389875059.5,1987-08-25,31.371,237.236,31.497,18.221,0.00991,-0.8352,0.8352,inner_heliosphere,uranus,21.2473,34.9683,24.1551,21.2473,25.2995,0.333,0.0008,0.0281
VG1,-389587059.5,1987-08-28,31.404,237.260,31.503,18.219,0.00992,-0.8352,0.8352,inner_heliosphere,uranus,21.2782,35.0123,24.1940,21.2782,25.3146,3.333,0.0001,0.0002
VG1,-389558259.5,1987-08-28,31.407,237.262,31.504,18.219,0.00992,-0.8352,0.8352,inner_heliosphere,uranus,21.2813,35.0167,24.1978,21.2813,25.3161,0.333,-0.0004,-0.0139
VG1,-388518579.2,1987-09-09,31.526,237.348,31.528,18.213,0.00992,-0.8352,0.8352,inner_heliosphere,uranus,21.3934,35.1748,24.3382,21.3934,25.3711,12.033,0.0001,0.0001
VG1,-388489779.2,1987-09-10,31.530,237.351,31.529,18.213,0.00992,-0.8352,0.8352,inner_heliosphere,uranus,21.3965,35.1791,24.3421,21.3965,25.3726,0.333,-0.0004,-0.0139
VG1,-388089459.2,1987-09-14,31.576,237.384,31.538,18.211,0.00992,-0.8351,0.8351,inner_heliosphere,uranus,21.4397,35.2398,24.3962,21.4397,25.3939,4.633,0.0001,0.0003
VG1,-388060659.2,1987-09-15,31.579,237.386,31.538,18.211,0.00992,-0.8351,0.8351,inner_heliosphere,uranus,21.4428,35.2441,24.4001,21.4428,25.3955,0.333,0.0002,0.0073
VG1,-387484659.2,1987-09-21,31.645,237.433,31.551,18.207,0.00992,-0.8351,0.8351,inner_heliosphere,uranus,21.5050,35.3311,24.4780,21.5050,25.4263,6.667,0.0000,0.0001
VG1,-387455859.3,1987-09-22,31.648,237.436,31.552,18.207,0.00992,-0.8351,0.8351,inner_heliosphere,uranus,21.5082,35.3354,24.4819,21.5082,25.4279,0.333,0.0000,0.0000
VG1,-385595379.4,1987-10-13,31.862,237.587,31.593,18.197,0.00992,-0.8350,0.8350,inner_heliosphere,uranus,21.7098,35.6144,24.7340,21.7098,25.5289,21.533,-0.0000,-0.0000
VG1,-385566579.5,1987-10-13,31.865,237.589,31.594,18.197,0.00992,-0.8350,0.8350,inner_heliosphere,uranus,21.7130,35.6187,24.7379,21.7130,25.5305,0.333,-0.0002,-0.0069
VG1,-383461299.7,1987-11-07,32.107,237.758,31.640,18.186,0.00992,-0.8349,0.8349,inner_heliosphere,uranus,21.9422,35.9307,25.0243,21.9422,25.6472,24.367,-0.0005,-0.0003
VG1,-383432499.6,1987-11-07,32.110,237.760,31.641,18.185,0.00992,-0.8349,0.8349,inner_heliosphere,uranus,21.9454,35.9349,25.0282,21.9454,25.6488,0.333,0.0002,0.0066
VG1,-379976499.6,1987-12-17,32.507,238.032,31.714,18.167,0.00993,-0.8348,0.8348,inner_heliosphere,uranus,22.3241,36.4386,25.5004,22.3241,25.8458,40.000,-0.0009,-0.0003
VG1,-379947699.5,1987-12-17,32.511,238.035,31.715,18.167,0.00993,-0.8348,0.8348,inner_heliosphere,uranus,22.3273,36.4427,25.5044,22.3273,25.8475,0.333,0.0004,0.0135
VG1,-379628019.5,1987-12-21,32.547,238.059,31.721,18.165,0.00993,-0.8347,0.8347,inner_heliosphere,uranus,22.3625,36.4887,25.5482,22.3625,25.8660,3.700,0.0002,0.0006
VG1,-379599219.6,1987-12-21,32.551,238.062,31.722,18.165,0.00993,-0.8347,0.8347,inner_heliosphere,uranus,22.3656,36.4929,25.5521,22.3656,25.8677,0.333,-0.0004,-0.0142
VG1,-378734307.6,1988-01-01,32.650,238.129,31.740,18.161,0.00993,-0.8347,0.8347,inner_heliosphere,uranus,22.4609,36.6169,25.6708,22.4609,25.9182,10.011,0.0007,0.0008
VG1,-377207331.7,1988-01-18,32.825,238.246,31.771,18.153,0.00993,-0.8346,0.8346,inner_heliosphere,uranus,22.6296,36.8343,25.8807,22.6296,26.0084,17.673,0.0259,0.0169
VG1,-372131379.9,1988-03-17,33.409,238.627,31.872,18.128,0.00993,-0.8344,0.8344,inner_heliosphere,uranus,23.1941,37.5410,26.5823,23.1941,26.3171,58.749,-0.0017,-0.0003
VG1,-372102579.9,1988-03-17,33.412,238.629,31.873,18.128,0.00993,-0.8344,0.8344,inner_heliosphere,uranus,23.1973,37.5449,26.5863,23.1973,26.3189,0.333,-0.0000,-0.0000
VG1,-371754099.9,1988-03-21,33.452,238.655,31.880,18.126,0.00993,-0.8344,0.8344,inner_heliosphere,uranus,23.2363,37.5925,26.6347,23.2363,26.3406,4.033,-0.0003,-0.0008
VG1,-371725299.8,1988-03-22,33.455,238.657,31.880,18.126,0.00993,-0.8344,0.8344,inner_heliosphere,uranus,23.2395,37.5964,26.6387,23.2395,26.3424,0.333,-0.0004,-0.0139
VG1,-371284659.8,1988-03-27,33.506,238.690,31.889,18.124,0.00993,-0.8344,0.8344,inner_heliosphere,uranus,23.2888,37.6564,26.6999,23.2888,26.3700,5.100,0.0003,0.0008
VG1,-371255859.7,1988-03-27,33.509,238.692,31.889,18.123,0.00993,-0.8344,0.8344,inner_heliosphere,uranus,23.2921,37.6604,26.7039,23.2921,26.3718,0.333,-0.0004,-0.0142
VG1,-370181619.6,1988-04-08,33.633,238.770,31.910,18.118,0.00993,-0.8343,0.8343,inner_heliosphere,uranus,23.4125,37.8059,26.8533,23.4125,26.4393,12.433,0.0003,0.0003
VG1,-370152819.6,1988-04-09,33.636,238.772,31.911,18.118,0.00993,-0.8343,0.8343,inner_heliosphere,uranus,23.4157,37.8097,26.8573,23.4157,26.4411,0.333,-0.0006,-0.0208
VG1,-369317619.7,1988-04-18,33.732,238.833,31.926,18.114,0.00993,-0.8343,0.8343,inner_heliosphere,uranus,23.5095,37.9220,26.9736,23.5095,26.4941,9.667,0.0002,0.0003
VG1,-369288819.6,1988-04-19,33.736,238.835,31.927,18.114,0.00993,-0.8343,0.8343,inner_heliosphere,uranus,23.5127,37.9259,26.9776,23.5127,26.4959,0.333,0.0000,0.0003
VG1,-368603379.5,1988-04-27,33.814,238.885,31.940,18.111,0.00994,-0.8343,0.8343,inner_heliosphere,uranus,23.5898,38.0176,27.0732,23.5898,26.5396,7.933,0.0005,0.0007
VG1,-368574579.6,1988-04-27,33.818,238.887,31.941,18.110,0.00994,-0.8343,0.8343,inner_heliosphere,uranus,23.5930,38.0214,27.0772,23.5930,26.5415,0.333,-0.0006,-0.0205
VG1,-366846579.7,1988-05-17,34.016,239.011,31.973,18.102,0.00994,-0.8342,0.8342,inner_heliosphere,uranus,23.7878,38.2503,27.3187,23.7878,26.6528,20.000,0.0003,0.0002
VG1,-366817779.6,1988-05-17,34.020,239.013,31.973,18.102,0.00994,-0.8342,0.8342,inner_heliosphere,uranus,23.7910,38.2541,27.3227,23.7910,26.6547,0.333,0.0004,0.0139
VG1,-365953779.7,1988-05-27,34.119,239.075,31.989,18.098,0.00994,-0.8342,0.8342,inner_heliosphere,uranus,23.8886,38.3674,27.4437,23.8886,26.7109,10.000,0.0002,0.0002
VG1,-365924979.6,1988-05-28,34.122,239.077,31.990,18.098,0.00994,-0.8341,0.8341,inner_heliosphere,uranus,23.8919,38.3712,27.4478,23.8919,26.7128,0.333,-0.0006,-0.0205
VG1,-364266099.4,1988-06-16,34.313,239.194,32.020,18.090,0.00994,-0.8341,0.8341,inner_heliosphere,uranus,24.0797,38.5867,27.6805,24.0797,26.8218,19.200,0.0007,0.0004
VG1,-364237299.5,1988-06-16,34.317,239.196,32.021,18.090,0.00994,-0.8341,0.8341,inner_heliosphere,uranus,24.0830,38.5904,27.6845,24.0830,26.8237,0.333,-0.0008,-0.0274
VG1,-362031219.5,1988-07-12,34.570,239.350,32.060,18.079,0.00994,-0.8340,0.8340,inner_heliosphere,uranus,24.3337,38.8726,27.9950,24.3337,26.9708,25.533,0.0007,0.0003
VG1,-362002419.5,1988-07-12,34.574,239.352,32.061,18.079,0.00994,-0.8340,0.8340,inner_heliosphere,uranus,24.3369,38.8762,27.9990,24.3369,26.9728,0.333,-0.0006,-0.0205
VG1,-359756019.5,1988-08-07,34.832,239.506,32.100,18.069,0.00994,-0.8339,0.8339,inner_heliosphere,uranus,24.5932,39.1584,28.3162,24.5932,27.1250,26.000,0.0007,0.0003
VG1,-359727219.6,1988-08-07,34.835,239.508,32.101,18.069,0.00994,-0.8339,0.8339,inner_heliosphere,uranus,24.5965,39.1620,28.3203,24.5965,27.1270,0.333,-0.0002,-0.0069
VG1,-359416179.6,1988-08-11,34.871,239.530,32.106,18.068,0.00994,-0.8339,0.8339,inner_heliosphere,uranus,24.6320,39.2007,28.3643,24.6320,27.1483,3.600,-0.0004,-0.0011
VG1,-359387379.6,1988-08-11,34.875,239.531,32.107,18.067,0.00994,-0.8339,0.8339,inner_heliosphere,uranus,24.6353,39.2043,28.3684,24.6353,27.1502,0.333,-0.0002,-0.0069
VG1,-357308019.9,1988-09-04,35.114,239.672,32.143,18.058,0.00994,-0.8338,0.8338,inner_heliosphere,uranus,24.8735,39.4601,28.6631,24.8735,27.2937,24.067,0.0009,0.0004
VG1,-357279219.8,1988-09-05,35.117,239.674,32.143,18.058,0.00994,-0.8338,0.8338,inner_heliosphere,uranus,24.8768,39.4636,28.6672,24.8768,27.2957,0.333,-0.0002,-0.0069
VG1,-354946419.7,1988-10-02,35.386,239.830,32.182,18.048,0.00994,-0.8337,0.8337,inner_heliosphere,uranus,25.1449,39.7453,28.9989,25.1449,27.4590,27.000,-0.0002,-0.0001
VG1,-354917619.8,1988-10-02,35.389,239.832,32.183,18.048,0.00994,-0.8337,0.8337,inner_heliosphere,uranus,25.1483,39.7488,29.0030,25.1483,27.4610,0.333,0.0002,0.0069
VG1,-352751859.8,1988-10-27,35.638,239.975,32.219,18.038,0.00995,-0.8337,0.8337,inner_heliosphere,uranus,25.3981,40.0052,29.3121,25.3981,27.6149,25.067,-0.0001,-0.0001
VG1,-352723059.8,1988-10-28,35.642,239.976,32.219,18.038,0.00995,-0.8337,0.8337,inner_heliosphere,uranus,25.4014,40.0086,29.3162,25.4014,27.6170,0.333,-0.0004,-0.0139
VG1,-349912179.8,1988-11-29,35.965,240.159,32.265,18.026,0.00995,-0.8336,0.8336,inner_heliosphere,uranus,25.7270,40.3342,29.7187,25.7270,27.8199,32.533,-0.0006,-0.0002
VG1,-349883379.9,1988-11-29,35.968,240.161,32.265,18.026,0.00995,-0.8335,0.8335,inner_heliosphere,uranus,25.7303,40.3375,29.7228,25.7303,27.8220,0.333,-0.0004,-0.0142
VG1,-349560819.9,1988-12-03,36.006,240.181,32.270,18.025,0.00995,-0.8335,0.8335,inner_heliosphere,uranus,25.7678,40.3743,29.7691,25.7678,27.8456,3.733,0.0002,0.0006
VG1,-349532020.0,1988-12-03,36.009,240.183,32.271,18.025,0.00995,-0.8335,0.8335,inner_heliosphere,uranus,25.7711,40.3776,29.7732,25.7711,27.8477,0.333,0.0002,0.0066
VG1,-348881140.1,1988-12-11,36.084,240.225,32.281,18.022,0.00995,-0.8335,0.8335,inner_heliosphere,uranus,25.8467,40.4515,29.8667,25.8467,27.8953,7.533,0.0002,0.0003
VG1,-348852340.1,1988-12-11,36.087,240.227,32.282,18.022,0.00995,-0.8335,0.8335,inner_heliosphere,uranus,25.8501,40.4548,29.8709,25.8501,27.8974,0.333,-0.0002,-0.0073
VG1,-348610420.1,1988-12-14,36.115,240.242,32.285,18.021,0.00995,-0.8335,0.8335,inner_heliosphere,uranus,25.8782,40.4822,29.9056,25.8782,27.9151,2.800,-0.0003,-0.0012
VG1,-348581620.0,1988-12-14,36.118,240.244,32.286,18.021,0.00995,-0.8335,0.8335,inner_heliosphere,uranus,25.8815,40.4854,29.9098,25.8815,27.9172,0.333,0.0002,0.0066
VG1,-346847860.0,1989-01-04,36.318,240.354,32.313,18.013,0.00995,-0.8334,0.8334,inner_heliosphere,uranus,26.0834,40.6798,30.1593,26.0834,28.0451,20.067,-0.0006,-0.0003
VG1,-346819060.1,1989-01-04,36.321,240.356,32.314,18.013,0.00995,-0.8334,0.8334,inner_heliosphere,uranus,26.0868,40.6830,30.1635,26.0868,28.0473,0.333,0.0006,0.0205
VG1,-345528820.1,1989-01-19,36.470,240.437,32.334,18.008,0.00995,-0.8334,0.8334,inner_heliosphere,uranus,26.2373,40.8256,30.3496,26.2373,28.1433,14.933,-0.0002,-0.0001
VG1,-345500020.2,1989-01-19,36.473,240.439,32.334,18.008,0.00995,-0.8334,0.8334,inner_heliosphere,uranus,26.2407,40.8287,30.3537,26.2407,28.1455,0.333,-0.0000,-0.0003
VG1,-344422900.2,1989-02-01,36.597,240.506,32.351,18.004,0.00995,-0.8334,0.8334,inner_heliosphere,uranus,26.3666,40.9464,30.5093,26.3666,28.2262,12.467,-0.0007,-0.0006
VG1,-344394100.2,1989-02-01,36.600,240.508,32.351,18.003,0.00995,-0.8334,0.8334,inner_heliosphere,uranus,26.3700,40.9495,30.5135,26.3700,28.2284,0.333,-0.0002,-0.0073
VG1,-343570420.2,1989-02-10,36.695,240.559,32.363,18.000,0.00995,-0.8333,0.8333,inner_heliosphere,uranus,26.4664,41.0387,30.6327,26.4664,28.2905,9.533,-0.0002,-0.0003
VG1,-343541620.2,1989-02-11,36.699,240.561,32.364,18.000,0.00995,-0.8333,0.8333,inner_heliosphere,uranus,26.4697,41.0418,30.6369,26.4697,28.2927,0.333,-0.0002,-0.0073
VG1,-342936820.1,1989-02-18,36.768,240.598,32.373,17.997,0.00995,-0.8333,0.8333,inner_heliosphere,uranus,26.5406,41.1068,30.7244,26.5406,28.3385,7.000,-0.0003,-0.0006
VG1,-342908020.2,1989-02-18,36.772,240.600,32.374,17.997,0.00995,-0.8333,0.8333,inner_heliosphere,uranus,26.5440,41.1099,30.7286,26.5440,28.3406,0.333,0.0006,0.0208
VG1,-339552820.3,1989-03-29,37.158,240.805,32.423,17.984,0.00995,-0.8332,0.8332,inner_heliosphere,uranus,26.9382,41.4636,31.2159,26.9382,28.5974,38.833,-0.0002,-0.0001
VG1,-339524020.4,1989-03-29,37.161,240.806,32.424,17.984,0.00995,-0.8332,0.8332,inner_heliosphere,uranus,26.9416,41.4666,31.2201,26.9416,28.5996,0.333,-0.0004,-0.0139
VG1,-338890420.4,1989-04-06,37.234,240.845,32.433,17.981,0.00995,-0.8332,0.8332,inner_heliosphere,uranus,27.0162,41.5321,31.3123,27.0162,28.6486,7.333,0.0002,0.0003
VG1,-338861620.5,1989-04-06,37.238,240.846,32.434,17.981,0.00995,-0.8332,0.8332,inner_heliosphere,uranus,27.0196,41.5351,31.3165,27.0196,28.6509,0.333,-0.0002,-0.0066
VG1,-338360500.6,1989-04-12,37.295,240.876,32.441,17.979,0.00995,-0.8332,0.8332,inner_heliosphere,uranus,27.0787,41.5866,31.3895,27.0787,28.6898,5.800,0.0001,0.0001
VG1,-338331700.5,1989-04-12,37.299,240.878,32.441,17.979,0.00995,-0.8332,0.8332,inner_heliosphere,uranus,27.0821,41.5895,31.3937,27.0821,28.6920,0.333,-0.0000,-0.0000
VG1,-336707380.6,1989-05-01,37.486,240.975,32.465,17.973,0.00995,-0.8331,0.8331,inner_heliosphere,uranus,27.2739,41.7546,31.6308,27.2739,28.8188,18.800,0.0005,0.0003
VG1,-336678580.5,1989-05-01,37.489,240.977,32.465,17.973,0.00995,-0.8331,0.8331,inner_heliosphere,uranus,27.2773,41.7575,31.6350,27.2773,28.8210,0.333,-0.0004,-0.0139
VG1,-332257780.5,1989-06-21,37.998,241.236,32.527,17.956,0.00995,-0.8330,0.8330,inner_heliosphere,uranus,27.8013,42.1933,32.2828,27.8013,29.1713,51.167,0.0011,0.0003
VG1,-332228980.6,1989-06-22,38.002,241.238,32.528,17.956,0.00995,-0.8330,0.8330,inner_heliosphere,uranus,27.8048,42.1961,32.2870,27.8048,29.1736,0.333,-0.0002,-0.0066
VG1,-328076020.7,1989-08-09,38.480,241.476,32.584,17.940,0.00995,-0.8328,0.8328,inner_heliosphere,uranus,28.2997,42.5876,32.8989,28.2997,29.5096,48.067,0.0008,0.0002
VG1,-328047220.6,1989-08-09,38.483,241.477,32.585,17.940,0.00995,-0.8328,0.8328,inner_heliosphere,uranus,28.3031,42.5903,32.9032,28.3031,29.5120,0.333,0.0006,0.0212
VG1,-327525940.6,1989-08-15,38.544,241.507,32.592,17.938,0.00996,-0.8328,0.8328,inner_heliosphere,uranus,28.3654,42.6382,32.9802,28.3654,29.5546,6.033,0.0004,0.0008
VG1,-327497140.6,1989-08-16,38.547,241.508,32.592,17.938,0.00996,-0.8328,0.8328,inner_heliosphere,uranus,28.3689,42.6408,32.9845,28.3689,29.5570,0.333,0.0000,0.0003
VG1,-325979380.8,1989-09-02,38.722,241.594,32.612,17.932,0.00996,-0.8328,0.8328,inner_heliosphere,uranus,28.5505,42.7789,33.2091,28.5505,29.6817,17.567,0.0008,0.0006
VG1,-325950580.7,1989-09-02,38.725,241.595,32.612,17.932,0.00996,-0.8328,0.8328,inner_heliosphere,uranus,28.5539,42.7815,33.2133,28.5539,29.6841,0.333,0.0000,0.0000
VG1,-320870261.0,1989-10-31,39.310,241.875,32.678,17.914,0.00996,-0.8326,0.8326,inner_heliosphere,uranus,29.1642,43.2274,33.9681,29.1642,30.1077,58.800,0.0006,0.0001
VG1,-320841461.0,1989-11-01,39.314,241.877,32.678,17.914,0.00996,-0.8326,0.8326,inner_heliosphere,uranus,29.1677,43.2298,33.9724,29.1677,30.1101,0.333,-0.0002,-0.0069
VG1,-317719541.0,1989-12-07,39.674,242.045,32.717,17.903,0.00996,-0.8325,0.8325,inner_heliosphere,uranus,29.5444,43.4918,34.4386,29.5444,30.3750,36.133,-0.0007,-0.0002
VG1,-317690741.0,1989-12-07,39.677,242.047,32.718,17.903,0.00996,-0.8325,0.8325,inner_heliosphere,uranus,29.5479,43.4942,34.4429,29.5479,30.3775,0.333,-0.0000,-0.0003
VG1,-315596166.0,1989-12-31,39.918,242.158,32.743,17.896,0.00996,-0.8325,0.8325,inner_heliosphere,uranus,29.8014,43.6649,34.7566,29.8014,30.5571,24.243,0.9501,0.4536
VG1,-315058421.0,1990-01-06,39.980,242.186,32.750,17.894,0.00996,-0.8324,0.8324,inner_heliosphere,uranus,29.8666,43.7081,34.8372,29.8666,30.6034,6.224,-1.0002,-1.8600
VG1,-315029621.1,1990-01-07,39.984,242.188,32.750,17.894,0.00996,-0.8324,0.8324,inner_heliosphere,uranus,29.8701,43.7104,34.8416,29.8701,30.6059,0.333,-0.0004,-0.0142
VG1,-313871861.3,1990-01-20,40.117,242.248,32.764,17.890,0.00996,-0.8324,0.8324,inner_heliosphere,uranus,30.0105,43.8025,35.0154,30.0105,30.7060,13.400,-0.0003,-0.0003
VG1,-313843061.3,1990-01-21,40.120,242.250,32.764,17.890,0.00996,-0.8324,0.8324,inner_heliosphere,uranus,30.0140,43.8048,35.0197,30.0140,30.7085,0.333,0.0002,0.0066
VG1,-313094261.3,1990-01-29,40.207,242.289,32.773,17.887,0.00996,-0.8324,0.8324,inner_heliosphere,uranus,30.1050,43.8637,35.1323,30.1050,30.7735,8.667,-0.0006,-0.0009
VG1,-313065461.3,1990-01-30,40.210,242.290,32.774,17.887,0.00996,-0.8324,0.8324,inner_heliosphere,uranus,30.1085,43.8660,35.1366,30.1085,30.7760,0.333,0.0000,0.0000
VG1,-311789621.4,1990-02-13,40.357,242.357,32.789,17.883,0.00996,-0.8323,0.8323,inner_heliosphere,uranus,30.2636,43.9652,35.3286,30.2636,30.8872,14.767,-0.0003,-0.0002
VG1,-311760821.4,1990-02-14,40.360,242.358,32.789,17.883,0.00996,-0.8323,0.8323,inner_heliosphere,uranus,30.2671,43.9674,35.3330,30.2671,30.8897,0.333,0.0002,0.0069
VG1,-311184821.3,1990-02-20,40.427,242.388,32.796,17.881,0.00996,-0.8323,0.8323,inner_heliosphere,uranus,30.3372,44.0118,35.4197,30.3372,30.9401,6.667,-0.0001,-0.0002
VG1,-311156021.3,1990-02-21,40.430,242.389,32.796,17.881,0.00996,-0.8323,0.8323,inner_heliosphere,uranus,30.3407,44.0140,35.4241,30.3407,30.9426,0.333,0.0002,0.0066
VG1,-310355381.1,1990-03-02,40.522,242.430,32.805,17.878,0.00996,-0.8323,0.8323,inner_heliosphere,uranus,30.4382,44.0751,35.5448,30.4382,31.0129,9.267,0.0000,0.0000
VG1,-310326581.1,1990-03-02,40.526,242.432,32.806,17.878,0.00996,-0.8323,0.8323,inner_heliosphere,uranus,30.4417,44.0773,35.5491,30.4417,31.0154,0.333,-0.0004,-0.0142
VG1,-309975221.1,1990-03-06,40.566,242.450,32.810,17.877,0.00996,-0.8323,0.8323,inner_heliosphere,uranus,30.4845,44.1040,35.6022,30.4845,31.0463,4.067,-0.0004,-0.0012
VG1,-309946421.0,1990-03-07,40.569,242.451,32.810,17.877,0.00996,-0.8323,0.8323,inner_heliosphere,uranus,30.4880,44.1061,35.6065,30.4880,31.0488,0.333,0.0002,0.0069
VG1,-309687220.9,1990-03-10,40.599,242.465,32.813,17.876,0.00996,-0.8323,0.8323,inner_heliosphere,uranus,30.5196,44.1257,35.6456,30.5196,31.0716,3.000,0.0002,0.0006
VG1,-309658420.9,1990-03-10,40.603,242.466,32.814,17.876,0.00996,-0.8323,0.8323,inner_heliosphere,uranus,30.5231,44.1279,35.6500,30.5231,31.0741,0.333,0.0000,0.0000
VG1,-308679220.9,1990-03-21,40.715,242.516,32.825,17.872,0.00996,-0.8323,0.8323,inner_heliosphere,uranus,30.6425,44.2014,35.7979,30.6425,31.1605,11.333,-0.0003,-0.0003
VG1,-308650421.0,1990-03-22,40.719,242.517,32.825,17.872,0.00996,-0.8323,0.8323,inner_heliosphere,uranus,30.6461,44.2035,35.8022,30.6461,31.1631,0.333,0.0008,0.0278
VG1,-308264501.1,1990-03-26,40.763,242.537,32.830,17.871,0.00996,-0.8322,0.8322,inner_heliosphere,uranus,30.6932,44.2322,35.8605,30.6932,31.1972,4.467,0.0002,0.0006
VG1,-308235701.1,1990-03-26,40.767,242.538,32.830,17.871,0.00996,-0.8322,0.8322,inner_heliosphere,uranus,30.6967,44.2344,35.8649,30.6967,31.1997,0.333,-0.0004,-0.0139
VG1,-307167221.1,1990-04-08,40.890,242.593,32.842,17.867,0.00996,-0.8322,0.8322,inner_heliosphere,uranus,30.8272,44.3132,36.0265,30.8272,31.2945,12.367,-0.0003,-0.0003
VG1,-307138421.1,1990-04-08,40.893,242.594,32.842,17.867,0.00996,-0.8322,0.8322,inner_heliosphere,uranus,30.8307,44.3154,36.0309,30.8307,31.2970,0.333,0.0006,0.0208
VG1,-306072821.0,1990-04-20,41.016,242.648,32.855,17.864,0.00996,-0.8322,0.8322,inner_heliosphere,uranus,30.9610,44.3931,36.1923,30.9610,31.3919,12.333,-0.0003,-0.0003
VG1,-306044021.0,1990-04-21,41.019,242.649,32.855,17.864,0.00996,-0.8322,0.8322,inner_heliosphere,uranus,30.9646,44.3951,36.1967,30.9646,31.3945,0.333,-0.0002,-0.0069
VG1,-303345461.1,1990-05-22,41.330,242.783,32.885,17.855,0.00996,-0.8321,0.8321,inner_heliosphere,uranus,31.2952,44.5878,36.6062,31.2952,31.6363,31.233,0.0000,0.0000
VG1,-303316661.2,1990-05-22,41.334,242.785,32.885,17.855,0.00996,-0.8321,0.8321,inner_heliosphere,uranus,31.2987,44.5898,36.6106,31.2987,31.6389,0.333,0.0002,0.0069
VG1,-302829941.3,1990-05-28,41.390,242.809,32.891,17.853,0.00996,-0.8321,0.8321,inner_heliosphere,uranus,31.3584,44.6239,36.6846,31.3584,31.6827,5.633,0.0003,0.0006
VG1,-302801141.2,1990-05-28,41.393,242.810,32.891,17.853,0.00996,-0.8321,0.8321,inner_heliosphere,uranus,31.3620,44.6260,36.6890,31.3620,31.6853,0.333,0.0004,0.0139
VG1,-298498420.9,1990-07-17,41.889,243.020,32.938,17.839,0.00996,-0.8320,0.8320,inner_heliosphere,uranus,31.8912,44.9197,37.3447,31.8912,32.0762,49.800,0.0013,0.0003
VG1,-298469621.0,1990-07-17,41.892,243.021,32.938,17.839,0.00996,-0.8320,0.8320,inner_heliosphere,uranus,31.8947,44.9217,37.3491,31.8947,32.0788,0.333,0.0006,0.0212
VG1,-297893621.1,1990-07-24,41.959,243.049,32.944,17.838,0.00996,-0.8320,0.8320,inner_heliosphere,uranus,31.9657,44.9599,37.4371,31.9657,32.1315,6.667,0.0002,0.0003
VG1,-297864821.0,1990-07-24,41.962,243.050,32.944,17.838,0.00996,-0.8320,0.8320,inner_heliosphere,uranus,31.9693,44.9618,37.4415,31.9693,32.1342,0.333,-0.0002,-0.0066
VG1,-296166811.5,1990-08-13,42.158,243.131,32.962,17.832,0.00996,-0.8319,0.8319,inner_heliosphere,uranus,32.1788,45.0733,37.7013,32.1788,32.2902,19.653,-9.4758,-5.5805
VG1,-294877147.4,1990-08-28,42.306,243.192,32.976,17.828,0.00996,-0.8319,0.8319,inner_heliosphere,uranus,32.3382,45.1565,37.8988,32.3382,32.4093,14.927,0.0000,0.0000
VG1,-294308011.4,1990-09-04,42.372,243.219,32.982,17.827,0.00996,-0.8319,0.8319,inner_heliosphere,uranus,32.4086,45.1929,37.9861,32.4086,32.4620,6.587,0.0214,0.0376
VG1,-294279211.3,1990-09-04,42.375,243.221,32.982,17.826,0.00996,-0.8319,0.8319,inner_heliosphere,uranus,32.4122,45.1947,37.9905,32.4122,32.4647,0.333,0.0006,0.0208
VG1,-293602411.2,1990-09-12,42.453,243.253,32.989,17.824,0.00996,-0.8318,0.8318,inner_heliosphere,uranus,32.4959,45.2377,38.0943,32.4959,32.5275,7.833,0.0000,0.0000
VG1,-293573611.2,1990-09-12,42.457,243.254,32.989,17.824,0.00996,-0.8318,0.8318,inner_heliosphere,uranus,32.4995,45.2395,38.0988,32.4995,32.5302,0.333,-0.0002,-0.0069
VG1,-289524331.2,1990-10-29,42.923,243.442,33.030,17.812,0.00996,-0.8317,0.8317,inner_heliosphere,neptune,32.9086,45.4903,38.7214,33.0017,32.9086,46.867,-0.0000,-0.0000
VG1,-289495531.2,1990-10-29,42.927,243.443,33.031,17.812,0.00996,-0.8317,0.8317,inner_heliosphere,neptune,32.9113,45.4920,38.7259,33.0052,32.9113,0.333,-0.0002,-0.0069
VG1,-285907051.0,1990-12-10,43.340,243.607,33.066,17.801,0.00996,-0.8316,0.8316,inner_heliosphere,neptune,33.2504,45.7056,39.2797,33.4518,33.2504,41.533,-0.0013,-0.0004
VG1,-285878251.1,1990-12-10,43.344,243.608,33.066,17.801,0.00996,-0.8316,0.8316,inner_heliosphere,neptune,33.2531,45.7073,39.2841,33.4554,33.2531,0.333,0.0006,0.0205
VG1,-284061980.1,1990-12-31,43.553,243.690,33.084,17.796,0.00996,-0.8316,0.8316,inner_heliosphere,neptune,33.4261,45.8125,39.5651,33.6819,33.4261,21.022,0.9992,0.5502
VG1,-280708651.0,1991-02-08,43.940,243.838,33.116,17.786,0.00996,-0.8315,0.8315,inner_heliosphere,neptune,33.7477,46.0021,40.0851,34.1010,33.7477,38.812,-1.0012,-0.2986
VG1,-280679850.9,1991-02-08,43.943,243.840,33.116,17.786,0.00996,-0.8315,0.8315,inner_heliosphere,neptune,33.7504,46.0037,40.0896,34.1046,33.7504,0.333,-0.0002,-0.0073
VG1,-280368810.8,1991-02-12,43.979,243.853,33.119,17.785,0.00996,-0.8315,0.8315,inner_heliosphere,neptune,33.7804,46.0209,40.1379,34.1436,33.7804,3.600,0.0002,0.0008
VG1,-280340010.9,1991-02-12,43.982,243.855,33.119,17.785,0.00996,-0.8315,0.8315,inner_heliosphere,neptune,33.7832,46.0225,40.1424,34.1472,33.7832,0.333,-0.0006,-0.0212
VG1,-279864810.8,1991-02-18,44.037,243.875,33.124,17.784,0.00996,-0.8315,0.8315,inner_heliosphere,neptune,33.8290,46.0488,40.2162,34.2067,33.8290,5.500,0.0003,0.0006
VG1,-279836010.9,1991-02-18,44.040,243.877,33.124,17.784,0.00996,-0.8315,0.8315,inner_heliosphere,neptune,33.8318,46.0504,40.2207,34.2103,33.8318,0.333,-0.0002,-0.0069
VG1,-279375210.9,1991-02-23,44.093,243.897,33.128,17.782,0.00996,-0.8315,0.8315,inner_heliosphere,neptune,33.8763,46.0758,40.2923,34.2680,33.8763,5.333,0.0003,0.0007
VG1,-279346410.9,1991-02-24,44.097,243.898,33.129,17.782,0.00996,-0.8315,0.8315,inner_heliosphere,neptune,33.8791,46.0774,40.2968,34.2716,33.8791,0.333,-0.0002,-0.0073
VG1,-278470890.7,1991-03-06,44.197,243.936,33.137,17.780,0.00996,-0.8315,0.8315,inner_heliosphere,neptune,33.9638,46.1254,40.4329,34.3814,33.9638,10.133,-0.0005,-0.0005
VG1,-278442090.9,1991-03-06,44.201,243.938,33.137,17.780,0.00996,-0.8315,0.8315,inner_heliosphere,neptune,33.9666,46.1269,40.4374,34.3850,33.9666,0.333,0.0008,0.0278
VG1,-277756651.0,1991-03-14,44.280,243.967,33.143,17.778,0.00996,-0.8314,0.8314,inner_heliosphere,neptune,34.0331,46.1642,40.5441,34.4710,34.0331,7.933,0.0002,0.0003
VG1,-277727850.9,1991-03-15,44.283,243.969,33.144,17.778,0.00996,-0.8314,0.8314,inner_heliosphere,neptune,34.0359,46.1658,40.5486,34.4746,34.0359,0.333,0.0000,0.0000
VG1,-275369178.8,1991-04-11,44.555,244.070,33.165,17.771,0.00996,-0.8314,0.8314,inner_heliosphere,neptune,34.2656,46.2924,40.9161,34.7708,34.2656,27.299,-0.1874,-0.0794
VG1,-270836011.0,1991-06-02,45.077,244.262,33.206,17.758,0.00996,-0.8313,0.8313,inner_heliosphere,neptune,34.7107,46.5291,41.6244,35.3416,34.7107,52.467,0.0009,0.0002
VG1,-270807210.9,1991-06-03,45.081,244.263,33.206,17.758,0.00996,-0.8313,0.8313,inner_heliosphere,neptune,34.7136,46.5305,41.6290,35.3453,34.7136,0.333,-0.0002,-0.0066
VG1,-268791210.8,1991-06-26,45.313,244.347,33.224,17.753,0.00996,-0.8312,0.8312,inner_heliosphere,neptune,34.9131,46.6333,41.9448,35.5998,34.9131,23.333,0.0006,0.0003
VG1,-268762410.9,1991-06-26,45.316,244.349,33.224,17.752,0.00996,-0.8312,0.8312,inner_heliosphere,neptune,34.9160,46.6347,41.9493,35.6034,34.9160,0.333,0.0002,0.0073
VG1,-264788010.9,1991-08-11,45.774,244.512,33.258,17.742,0.00996,-0.8311,0.8311,inner_heliosphere,neptune,35.3121,46.8333,42.5733,36.1063,35.3121,46.000,0.0012,0.0003
VG1,-264759210.8,1991-08-12,45.778,244.513,33.258,17.741,0.00996,-0.8311,0.8311,inner_heliosphere,neptune,35.3150,46.8348,42.5778,36.1099,35.3150,0.333,0.0002,0.0073
VG1,-263535210.8,1991-08-26,45.919,244.563,33.268,17.738,0.00996,-0.8311,0.8311,inner_heliosphere,neptune,35.4377,46.8950,42.7704,36.2651,35.4377,14.167,0.0008,0.0006
VG1,-263506410.9,1991-08-26,45.922,244.564,33.269,17.738,0.00996,-0.8311,0.8311,inner_heliosphere,neptune,35.4406,46.8964,42.7749,36.2688,35.4406,0.333,-0.0004,-0.0139
VG1,-254696491.2,1991-12-06,46.937,244.913,33.340,17.715,0.00996,-0.8309,0.8309,inner_heliosphere,neptune,36.3336,47.3202,44.1656,37.3897,36.3336,101.967,-0.0016,-0.0002
VG1,-254667691.2,1991-12-06,46.941,244.914,33.341,17.715,0.00996,-0.8309,0.8309,inner_heliosphere,neptune,36.3366,47.3216,44.1702,37.3934,36.3366,0.333,0.0010,0.0344
VG1,-250010731.1,1992-01-29,47.477,245.092,33.377,17.703,0.00995,-0.8308,0.8308,inner_heliosphere,neptune,36.8152,47.5411,44.9085,37.9888,36.8152,53.900,-0.0015,-0.0003
VG1,-249981931.1,1992-01-30,47.481,245.093,33.377,17.703,0.00995,-0.8308,0.8308,inner_heliosphere,neptune,36.8182,47.5425,44.9130,37.9924,36.8182,0.333,-0.0004,-0.0139
VG1,-249423211.1,1992-02-05,47.545,245.115,33.381,17.702,0.00995,-0.8308,0.8308,inner_heliosphere,neptune,36.8759,47.5687,45.0018,38.0640,36.8759,6.467,-0.0002,-0.0003
VG1,-249394411.1,1992-02-05,47.548,245.116,33.382,17.702,0.00995,-0.8308,0.8308,inner_heliosphere,neptune,36.8789,47.5701,45.0063,38.0677,36.8789,0.333,-0.0006,-0.0208
VG1,-248202091.0,1992-02-19,47.686,245.161,33.391,17.699,0.00995,-0.8307,0.8307,inner_heliosphere,neptune,37.0023,47.6260,45.1958,38.2205,37.0023,13.800,-0.0006,-0.0005
VG1,-248173291.1,1992-02-20,47.689,245.162,33.391,17.698,0.00995,-0.8307,0.8307,inner_heliosphere,neptune,37.0053,47.6274,45.2003,38.2242,37.0053,0.333,0.0006,0.0205
VG1,-242393131.3,1992-04-27,48.355,245.376,33.434,17.684,0.00995,-0.8306,0.8306,inner_heliosphere,neptune,37.6074,47.8988,46.1204,38.9666,37.6074,66.900,-0.0011,-0.0002
VG1,-242364331.4,1992-04-27,48.358,245.377,33.434,17.684,0.00995,-0.8306,0.8306,inner_heliosphere,neptune,37.6104,47.9002,46.1250,38.9703,37.6104,0.333,0.0004,0.0139
VG1,-239999851.6,1992-05-24,48.630,245.464,33.451,17.678,0.00995,-0.8306,0.8306,inner_heliosphere,neptune,37.8586,48.0118,46.5022,39.2748,37.8586,27.367,0.0004,0.0002
VG1,-239971051.5,1992-05-25,48.634,245.465,33.451,17.678,0.00995,-0.8305,0.8305,inner_heliosphere,neptune,37.8616,48.0132,46.5068,39.2785,37.8616,0.333,0.0008,0.0281
VG1,-238738411.6,1992-06-08,48.776,245.509,33.460,17.675,0.00995,-0.8305,0.8305,inner_heliosphere,neptune,37.9914,48.0716,46.7036,39.4375,37.9914,14.267,-0.0000,-0.0000
VG1,-238709611.5,1992-06-08,48.779,245.510,33.461,17.675,0.00995,-0.8305,0.8305,inner_heliosphere,neptune,37.9944,48.0730,46.7082,39.4412,37.9944,0.333,0.0000,0.0003
VG1,-236779099.5,1992-07-01,49.001,245.579,33.474,17.670,0.00995,-0.8305,0.8305,inner_heliosphere,neptune,38.1983,48.1649,47.0167,39.6904,38.1983,22.344,0.0006,0.0003
VG1,-231273451.5,1992-09-02,49.636,245.774,33.512,17.657,0.00995,-0.8304,0.8304,inner_heliosphere,neptune,38.7832,48.4310,47.8979,40.4026,38.7832,63.723,0.0015,0.0003
VG1,-231244651.6,1992-09-03,49.639,245.775,33.513,17.657,0.00995,-0.8304,0.8304,inner_heliosphere,neptune,38.7863,48.4324,47.9026,40.4063,38.7863,0.333,0.0000,0.0003
VG1,-229781611.6,1992-09-19,49.807,245.826,33.523,17.653,0.00995,-0.8303,0.8303,inner_heliosphere,neptune,38.9427,48.5044,48.1371,40.5960,38.9427,16.933,0.0002,0.0002
VG1,-229752811.7,1992-09-20,49.811,245.827,33.523,17.653,0.00995,-0.8303,0.8303,inner_heliosphere,neptune,38.9457,48.5058,48.1417,40.5998,38.9457,0.333,-0.0004,-0.0135
VG1,-221700332.4,1992-12-22,50.738,246.100,33.576,17.635,0.00995,-0.8302,0.8302,inner_heliosphere,neptune,39.8128,48.9140,49.4349,41.6467,39.8128,93.200,-0.0013,-0.0002
VG1,-221671532.3,1992-12-22,50.741,246.101,33.576,17.635,0.00995,-0.8302,0.8302,inner_heliosphere,neptune,39.8159,48.9155,49.4395,41.6505,39.8159,0.333,0.0004,0.0135
VG1,-216196652.4,1993-02-24,51.371,246.282,33.611,17.622,0.00995,-0.8301,0.8301,inner_heliosphere,neptune,40.4114,49.2080,50.3208,42.3651,40.4114,63.367,-0.0017,-0.0003
VG1,-216167852.5,1993-02-24,51.375,246.283,33.611,17.622,0.00995,-0.8301,0.8301,inner_heliosphere,neptune,40.4146,49.2096,50.3254,42.3689,40.4146,0.333,0.0000,0.0000
VG1,-211237292.9,1993-04-22,51.942,246.442,33.642,17.611,0.00994,-0.8300,0.8300,inner_heliosphere,neptune,40.9549,49.4858,51.1202,43.0143,40.9549,57.067,-0.0001,-0.0000
VG1,-211208492.9,1993-04-22,51.946,246.443,33.642,17.611,0.00994,-0.8300,0.8300,inner_heliosphere,neptune,40.9581,49.4875,51.1248,43.0181,40.9581,0.333,0.0006,0.0208
VG1,-208979373.4,1993-05-18,52.202,246.514,33.655,17.606,0.00994,-0.8299,0.8299,inner_heliosphere,neptune,41.2036,49.6169,51.4845,43.3105,41.2036,25.800,0.0004,0.0002
VG1,-208950573.3,1993-05-19,52.205,246.515,33.655,17.606,0.00994,-0.8299,0.8299,inner_heliosphere,neptune,41.2068,49.6186,51.4891,43.3143,41.2068,0.333,-0.0004,-0.0135
VG1,-207821613.4,1993-06-01,52.335,246.551,33.662,17.604,0.00994,-0.8299,0.8299,inner_heliosphere,neptune,41.3314,49.6853,51.6713,43.4625,41.3314,13.067,0.0007,0.0006
VG1,-207792813.4,1993-06-01,52.339,246.552,33.662,17.604,0.00994,-0.8299,0.8299,inner_heliosphere,neptune,41.3346,49.6870,51.6760,43.4663,41.3346,0.333,0.0004,0.0139
VG1,-205243101.5,1993-07-01,52.632,246.631,33.677,17.598,0.00994,-0.8298,0.8298,inner_heliosphere,neptune,41.6167,49.8408,52.0876,43.8014,41.6167,29.511,0.0014,0.0006
VG1,-204250413.6,1993-07-12,52.746,246.662,33.683,17.596,0.00994,-0.8298,0.8298,inner_heliosphere,neptune,41.7268,49.9018,52.2479,43.9320,41.7268,11.489,0.0003,0.0003
VG1,-204221613.7,1993-07-12,52.750,246.663,33.683,17.596,0.00994,-0.8298,0.8298,inner_heliosphere,neptune,41.7300,49.9036,52.2526,43.9358,41.7300,0.333,0.0000,0.0003
VG1,-202372653.9,1993-08-03,52.962,246.720,33.694,17.592,0.00994,-0.8298,0.8298,inner_heliosphere,neptune,41.9355,50.0190,52.5513,44.1792,41.9355,21.400,0.0010,0.0005
VG1,-202343853.8,1993-08-03,52.966,246.721,33.694,17.592,0.00994,-0.8298,0.8298,inner_heliosphere,neptune,41.9387,50.0209,52.5559,44.1830,41.9387,0.333,-0.0006,-0.0205
VG1,-201816813.7,1993-08-09,53.026,246.737,33.697,17.590,0.00994,-0.8298,0.8298,inner_heliosphere,neptune,41.9974,50.0542,52.6411,44.2524,41.9974,6.100,-0.0000,-0.0001
VG1,-201788013.8,1993-08-09,53.030,246.738,33.698,17.590,0.00994,-0.8298,0.8298,inner_heliosphere,neptune,42.0006,50.0561,52.6457,44.2562,42.0006,0.333,-0.0004,-0.0135
VG1,-201070893.8,1993-08-18,53.112,246.760,33.702,17.589,0.00994,-0.8298,0.8298,inner_heliosphere,neptune,42.0804,50.1018,52.7616,44.3507,42.0804,8.300,0.0002,0.0003
VG1,-201042093.8,1993-08-18,53.116,246.761,33.702,17.589,0.00994,-0.8298,0.8298,inner_heliosphere,neptune,42.0837,50.1037,52.7662,44.3545,42.0837,0.333,0.0000,0.0003
VG1,-197367214.2,1993-09-30,53.538,246.873,33.723,17.581,0.00994,-0.8297,0.8297,inner_heliosphere,neptune,42.4941,50.3441,53.3602,44.8394,42.4941,42.533,0.0003,0.0001
VG1,-197338414.2,1993-09-30,53.542,246.874,33.723,17.581,0.00994,-0.8297,0.8297,inner_heliosphere,neptune,42.4973,50.3461,53.3648,44.8432,42.4973,0.333,0.0004,0.0139
VG1,-195267694.5,1993-10-24,53.780,246.936,33.734,17.577,0.00994,-0.8297,0.8297,inner_heliosphere,neptune,42.7294,50.4862,53.6996,45.1168,42.7294,23.967,-0.0001,-0.0000
VG1,-195238894.5,1993-10-24,53.783,246.937,33.735,17.577,0.00994,-0.8297,0.8297,inner_heliosphere,neptune,42.7327,50.4882,53.7043,45.1206,42.7327,0.333,-0.0002,-0.0073
VG1,-192232174.8,1993-11-28,54.129,247.026,33.751,17.570,0.00994,-0.8296,0.8296,inner_heliosphere,neptune,43.0707,50.6979,54.1904,45.5184,43.0707,34.800,-0.0004,-0.0001
VG1,-192203374.8,1993-11-28,54.132,247.027,33.751,17.570,0.00994,-0.8296,0.8296,inner_heliosphere,neptune,43.0740,50.7000,54.1951,45.5222,43.0740,0.333,-0.0006,-0.0212
VG1,-189611374.9,1993-12-28,54.430,247.103,33.765,17.565,0.00994,-0.8296,0.8296,inner_heliosphere,neptune,43.3664,50.8870,54.6143,45.8656,43.3664,30.000,-0.0008,-0.0003
VG1,-189582575.0,1993-12-29,54.434,247.104,33.766,17.565,0.00994,-0.8296,0.8296,inner_heliosphere,neptune,43.3696,50.8891,54.6189,45.8694,43.3696,0.333,0.0004,0.0135
VG1,-188465135.1,1994-01-11,54.562,247.136,33.772,17.562,0.00994,-0.8296,0.8296,inner_heliosphere,neptune,43.4959,50.9716,54.7996,46.0176,43.4959,12.933,-0.0001,-0.0000
VG1,-186803375.3,1994-01-30,54.753,247.184,33.780,17.559,0.00994,-0.8295,0.8295,inner_heliosphere,neptune,43.6841,51.0963,55.0684,46.2381,43.6841,19.233,-0.0002,-0.0001
VG1,-186774575.3,1994-01-30,54.757,247.185,33.781,17.559,0.00994,-0.8295,0.8295,inner_heliosphere,neptune,43.6874,51.0985,55.0730,46.2419,43.6874,0.333,-0.0006,-0.0212
VG1,-186331055.2,1994-02-04,54.808,247.198,33.783,17.558,0.00994,-0.8295,0.8295,inner_heliosphere,neptune,43.7376,51.1322,55.1448,46.3008,43.7376,5.133,0.0001,0.0002
VG1,-186302255.3,1994-02-05,54.811,247.199,33.783,17.558,0.00994,-0.8295,0.8295,inner_heliosphere,neptune,43.7409,51.1344,55.1494,46.3047,43.7409,0.333,0.0002,0.0066
VG1,-184559855.7,1994-02-25,55.011,247.249,33.792,17.554,0.00994,-0.8295,0.8295,inner_heliosphere,neptune,43.9387,51.2687,55.4312,46.5361,43.9387,20.167,-0.0007,-0.0004
VG1,-184531055.7,1994-02-25,55.015,247.250,33.792,17.554,0.00994,-0.8295,0.8295,inner_heliosphere,neptune,43.9419,51.2709,55.4359,46.5400,43.9419,0.333,-0.0000,-0.0003
VG1,-179093616.0,1994-04-29,55.640,247.404,33.820,17.543,0.00993,-0.8294,0.8294,inner_heliosphere,neptune,44.5616,51.7087,56.3151,47.2636,44.5616,62.933,-0.0000,-0.0000
VG1,-179064816.1,1994-04-29,55.643,247.404,33.821,17.543,0.00993,-0.8294,0.8294,inner_heliosphere,neptune,44.5648,51.7111,56.3197,47.2674,44.5648,0.333,0.0002,0.0073
VG1,-177938736.2,1994-05-13,55.773,247.436,33.826,17.541,0.00993,-0.8294,0.8294,inner_heliosphere,neptune,44.6936,51.8055,56.5018,47.4175,44.6936,13.033,-0.0001,-0.0001
VG1,-177909936.2,1994-05-13,55.776,247.437,33.826,17.541,0.00993,-0.8294,0.8294,inner_heliosphere,neptune,44.6969,51.8079,56.5064,47.4213,44.6969,0.333,0.0000,0.0003
VG1,-177564336.3,1994-05-17,55.816,247.446,33.828,17.540,0.00993,-0.8294,0.8294,inner_heliosphere,neptune,44.7365,51.8371,56.5623,47.4674,44.7365,4.000,-0.0003,-0.0010
VG1,-177535536.3,1994-05-17,55.819,247.447,33.828,17.540,0.00993,-0.8294,0.8294,inner_heliosphere,neptune,44.7398,51.8395,56.5670,47.4712,44.7398,0.333,0.0006,0.0212
VG1,-175142256.4,1994-06-14,56.094,247.513,33.840,17.536,0.00993,-0.8293,0.8293,inner_heliosphere,neptune,45.0141,52.0453,56.9538,47.7906,45.0141,27.700,0.0011,0.0004
VG1,-175113456.4,1994-06-14,56.097,247.514,33.841,17.536,0.00993,-0.8293,0.8293,inner_heliosphere,neptune,45.0174,52.0478,56.9584,47.7944,45.0174,0.333,0.0000,0.0003
VG1,-174557616.3,1994-06-21,56.161,247.529,33.843,17.534,0.00993,-0.8293,0.8293,inner_heliosphere,neptune,45.0812,52.0964,57.0482,47.8686,45.0812,6.433,-0.0001,-0.0002
VG1,-174528816.4,1994-06-21,56.165,247.530,33.843,17.534,0.00993,-0.8293,0.8293,inner_heliosphere,neptune,45.0845,52.0990,57.0529,47.8725,45.0845,0.333,0.0008,0.0281
VG1,-173707104.5,1994-07-01,56.259,247.553,33.848,17.533,0.00993,-0.8293,0.8293,inner_heliosphere,neptune,45.1789,52.1715,57.1857,47.9822,45.1789,9.511,0.0016,0.0019
VG1,-170828016.9,1994-08-03,56.590,247.631,33.862,17.527,0.00993,-0.8293,0.8293,inner_heliosphere,neptune,45.5102,52.4312,57.6507,48.3671,45.5102,33.323,0.0010,0.0004
VG1,-170799216.8,1994-08-03,56.593,247.632,33.862,17.527,0.00993,-0.8293,0.8293,inner_heliosphere,neptune,45.5135,52.4339,57.6554,48.3709,45.5135,0.333,-0.0002,-0.0066
VG1,-169966896.8,1994-08-13,56.689,247.654,33.866,17.525,0.00993,-0.8293,0.8293,inner_heliosphere,neptune,45.6095,52.5106,57.7898,48.4823,45.6095,9.633,0.0006,0.0007
VG1,-169938096.9,1994-08-13,56.692,247.655,33.866,17.525,0.00993,-0.8293,0.8293,inner_heliosphere,neptune,45.6128,52.5133,57.7944,48.4861,45.6128,0.333,-0.0004,-0.0135
VG1,-162470257.8,1994-11-08,57.550,247.854,33.902,17.511,0.00993,-0.8292,0.8292,inner_heliosphere,neptune,46.4773,53.2362,58.9993,49.4871,46.4773,86.433,-0.0001,-0.0000
VG1,-162441457.9,1994-11-08,57.554,247.855,33.902,17.511,0.00993,-0.8292,0.8292,inner_heliosphere,neptune,46.4807,53.2391,59.0040,49.4910,46.4807,0.333,-0.0002,-0.0069
VG1,-161900018.0,1994-11-14,57.616,247.869,33.904,17.510,0.00993,-0.8292,0.8292,inner_heliosphere,neptune,46.5436,53.2940,59.0912,49.5637,46.5436,6.267,0.0002,0.0005
VG1,-161871218.0,1994-11-14,57.619,247.870,33.904,17.510,0.00993,-0.8292,0.8292,inner_heliosphere,neptune,46.5470,53.2969,59.0959,49.5675,46.5470,0.333,-0.0002,-0.0073
VG1,-160269938.2,1994-12-03,57.803,247.911,33.912,17.507,0.00993,-0.8291,0.8291,inner_heliosphere,neptune,46.7332,53.4611,59.3539,49.7826,46.7332,18.533,-0.0006,-0.0003
VG1,-160241138.1,1994-12-03,57.807,247.912,33.912,17.507,0.00993,-0.8291,0.8291,inner_heliosphere,neptune,46.7366,53.4641,59.3586,49.7865,46.7366,0.333,-0.0004,-0.0142
VG1,-156402098.4,1995-01-17,58.248,248.011,33.930,17.500,0.00993,-0.8291,0.8291,inner_heliosphere,neptune,47.1843,53.8699,59.9767,50.3029,47.1843,44.433,-0.0012,-0.0003
VG1,-156373298.5,1995-01-17,58.251,248.012,33.930,17.500,0.00993,-0.8291,0.8291,inner_heliosphere,neptune,47.1877,53.8730,59.9814,50.3067,47.1877,0.333,-0.0000,-0.0003
VG1,-155264498.6,1995-01-30,58.378,248.040,33.935,17.497,0.00992,-0.8291,0.8291,inner_heliosphere,neptune,47.3173,53.9934,60.1598,50.4560,47.3173,12.833,0.0001,0.0000
VG1,-155235698.6,1995-01-30,58.382,248.041,33.935,17.497,0.00992,-0.8291,0.8291,inner_heliosphere,neptune,47.3206,53.9965,60.1644,50.4599,47.3206,0.333,-0.0008,-0.0281
VG1,-154599218.5,1995-02-07,58.455,248.057,33.938,17.496,0.00992,-0.8291,0.8291,inner_heliosphere,neptune,47.3951,54.0663,60.2668,50.5456,47.3951,7.367,-0.0001,-0.0002
VG1,-154570418.6,1995-02-07,58.458,248.058,33.938,17.496,0.00992,-0.8291,0.8291,inner_heliosphere,neptune,47.3984,54.0695,60.2714,50.5495,47.3984,0.333,-0.0002,-0.0073
VG1,-153213938.7,1995-02-23,58.614,248.092,33.944,17.494,0.00992,-0.8290,0.8290,inner_heliosphere,neptune,47.5573,54.2198,60.4895,50.7323,47.5573,15.700,-0.0001,-0.0001
VG1,-153185138.7,1995-02-23,58.617,248.093,33.944,17.494,0.00992,-0.8290,0.8290,inner_heliosphere,neptune,47.5606,54.2230,60.4941,50.7362,47.5606,0.333,0.0000,0.0000
VG1,-151563698.9,1995-03-14,58.803,248.134,33.951,17.491,0.00992,-0.8290,0.8290,inner_heliosphere,neptune,47.7507,54.4056,60.7547,50.9548,47.7507,18.767,-0.0002,-0.0001
VG1,-151534898.8,1995-03-14,58.807,248.135,33.951,17.491,0.00992,-0.8290,0.8290,inner_heliosphere,neptune,47.7541,54.4089,60.7593,50.9587,47.7541,0.333,0.0002,0.0066
VG1,-151146098.8,1995-03-19,58.851,248.144,33.953,17.490,0.00992,-0.8290,0.8290,inner_heliosphere,neptune,47.7997,54.4531,60.8218,51.0111,47.7997,4.500,0.0003,0.0007
VG1,-151117298.9,1995-03-19,58.855,248.145,33.953,17.490,0.00992,-0.8290,0.8290,inner_heliosphere,neptune,47.8031,54.4564,60.8264,51.0150,47.8031,0.333,-0.0002,-0.0073
VG1,-148493619.3,1995-04-18,59.156,248.211,33.965,17.485,0.00992,-0.8290,0.8290,inner_heliosphere,neptune,48.1114,54.7597,61.2476,51.3692,48.1114,30.367,-0.0003,-0.0001
VG1,-148464819.2,1995-04-19,59.159,248.211,33.965,17.485,0.00992,-0.8290,0.8290,inner_heliosphere,neptune,48.1148,54.7631,61.2522,51.3731,48.1148,0.333,0.0006,0.0208
VG1,-143951859.9,1995-06-10,59.677,248.323,33.984,17.477,0.00992,-0.8289,0.8289,inner_heliosphere,neptune,48.6466,55.3040,61.9757,51.9831,48.6466,52.233,0.0008,0.0002
VG1,-143923059.9,1995-06-10,59.681,248.323,33.985,17.477,0.00992,-0.8289,0.8289,inner_heliosphere,neptune,48.6500,55.3075,61.9803,51.9870,48.6500,0.333,0.0002,0.0073
VG1,-135274420.8,1995-09-18,60.674,248.531,34.021,17.461,0.00992,-0.8288,0.8288,inner_heliosphere,neptune,49.6747,56.4114,63.3624,53.1593,49.6747,100.100,0.0024,0.0003
VG1,-135245620.7,1995-09-19,60.677,248.532,34.021,17.461,0.00992,-0.8288,0.8288,inner_heliosphere,neptune,49.6781,56.4153,63.3670,53.1632,49.6781,0.333,0.0000,0.0000
VG1,-134712820.7,1995-09-25,60.738,248.544,34.023,17.460,0.00992,-0.8288,0.8288,inner_heliosphere,neptune,49.7415,56.4861,63.4519,53.2355,49.7415,6.167,0.0002,0.0005
VG1,-134684020.7,1995-09-25,60.741,248.545,34.023,17.460,0.00992,-0.8288,0.8288,inner_heliosphere,neptune,49.7449,56.4900,63.4565,53.2394,49.7449,0.333,-0.0004,-0.0139
VG1,-132423221.1,1995-10-21,61.001,248.598,34.032,17.456,0.00992,-0.8288,0.8288,inner_heliosphere,neptune,50.0140,56.7945,63.8166,53.5466,50.0140,26.167,0.0002,0.0001
VG1,-132394421.1,1995-10-22,61.004,248.599,34.032,17.456,0.00992,-0.8288,0.8288,inner_heliosphere,neptune,50.0175,56.7984,63.8212,53.5505,50.0175,0.333,0.0004,0.0139
VG1,-130928501.1,1995-11-08,61.172,248.633,34.038,17.454,0.00992,-0.8288,0.8288,inner_heliosphere,neptune,50.1922,56.9991,64.0545,53.7498,50.1922,16.967,-0.0003,-0.0002
VG1,-130899701.2,1995-11-08,61.176,248.634,34.039,17.454,0.00992,-0.8288,0.8288,inner_heliosphere,neptune,50.1957,57.0031,64.0591,53.7537,50.1957,0.333,0.0002,0.0066
VG1,-130401461.3,1995-11-14,61.233,248.645,34.041,17.453,0.00991,-0.8288,0.8288,inner_heliosphere,neptune,50.2551,57.0719,64.1383,53.8215,50.2551,5.767,-0.0001,-0.0003
VG1,-130372661.2,1995-11-14,61.236,248.646,34.041,17.453,0.00991,-0.8288,0.8288,inner_heliosphere,neptune,50.2585,57.0758,64.1429,53.8254,50.2585,0.333,0.0002,0.0069
VG1,-126273509.3,1996-01-01,61.707,248.741,34.057,17.446,0.00991,-0.8288,0.8288,inner_heliosphere,neptune,50.7484,57.6526,64.7938,54.3835,50.7484,47.444,-0.0006,-0.0001
VG1,-123806261.4,1996-01-29,61.990,248.797,34.067,17.442,0.00991,-0.8287,0.8287,inner_heliosphere,neptune,51.0440,58.0088,65.1847,54.7197,51.0440,28.556,-0.0012,-0.0005
VG1,-123777461.3,1996-01-29,61.993,248.797,34.067,17.441,0.00991,-0.8287,0.8287,inner_heliosphere,neptune,51.0474,58.0130,65.1893,54.7237,51.0474,0.333,0.0008,0.0274
VG1,-122996981.2,1996-02-07,62.082,248.815,34.070,17.440,0.00991,-0.8287,0.8287,inner_heliosphere,neptune,51.1410,58.1272,65.3128,54.8301,51.1410,9.033,0.0001,0.0001
VG1,-122968181.3,1996-02-08,62.086,248.816,34.070,17.440,0.00991,-0.8287,0.8287,inner_heliosphere,neptune,51.1445,58.1314,65.3174,54.8340,51.1445,0.333,-0.0000,-0.0003
VG1,-116657813.3,1996-04-21,62.810,248.957,34.094,17.430,0.00991,-0.8287,0.8287,inner_heliosphere,neptune,51.9032,59.0785,66.3137,55.6958,51.9032,73.037,-0.2116,-0.0335
VG1,-113372021.6,1996-05-29,63.186,249.029,34.106,17.424,0.00991,-0.8286,0.8286,inner_heliosphere,neptune,52.2996,59.5883,66.8305,56.1453,52.2996,38.030,0.0008,0.0002
VG1,-113343221.5,1996-05-29,63.190,249.030,34.106,17.424,0.00991,-0.8286,0.8286,inner_heliosphere,neptune,52.3031,59.5928,66.8351,56.1492,52.3031,0.333,-0.0004,-0.0135
VG1,-107695541.9,1996-08-03,63.837,249.152,34.127,17.415,0.00991,-0.8286,0.8286,inner_heliosphere,neptune,52.9864,60.4944,67.7202,56.9230,52.9864,65.367,0.0018,0.0003
VG1,-107666741.8,1996-08-03,63.841,249.152,34.127,17.415,0.00991,-0.8286,0.8286,inner_heliosphere,neptune,52.9899,60.4990,67.7247,56.9270,52.9899,0.333,0.0000,0.0003
VG1,-99571062.4,1996-11-05,64.769,249.323,34.156,17.402,0.00990,-0.8286,0.8286,inner_heliosphere,neptune,53.9738,61.8434,68.9859,58.0388,53.9738,93.700,0.0006,0.0001
VG1,-99542262.4,1996-11-05,64.772,249.324,34.156,17.402,0.00990,-0.8286,0.8286,inner_heliosphere,neptune,53.9773,61.8483,68.9904,58.0428,53.9773,0.333,-0.0000,-0.0002
VG1,-99081462.5,1996-11-10,64.825,249.333,34.157,17.402,0.00990,-0.8286,0.8286,inner_heliosphere,neptune,54.0335,61.9266,69.0619,58.1062,54.0335,5.333,0.0001,0.0002
VG1,-99052662.5,1996-11-11,64.828,249.334,34.158,17.402,0.00990,-0.8286,0.8286,inner_heliosphere,neptune,54.0370,61.9315,69.0664,58.1101,54.0370,0.333,-0.0006,-0.0210
VG1,-95723382.8,1996-12-19,65.210,249.402,34.169,17.397,0.00990,-0.8285,0.8285,inner_heliosphere,neptune,54.4432,62.5019,69.5820,58.5683,54.4432,38.533,-0.0003,-0.0001
VG1,-95694582.7,1996-12-19,65.213,249.403,34.169,17.397,0.00990,-0.8285,0.8285,inner_heliosphere,neptune,54.4467,62.5069,69.5864,58.5723,54.4467,0.333,-0.0006,-0.0212
VG1,-93364662.9,1997-01-15,65.480,249.451,34.177,17.393,0.00990,-0.8285,0.8285,inner_heliosphere,neptune,54.7314,62.9113,69.9462,58.8933,54.7314,26.967,-0.0004,-0.0002
VG1,-93335862.9,1997-01-16,65.483,249.451,34.177,17.393,0.00990,-0.8285,0.8285,inner_heliosphere,neptune,54.7350,62.9163,69.9507,58.8972,54.7350,0.333,-0.0002,-0.0073
VG1,-91066423.4,1997-02-11,65.743,249.497,34.185,17.390,0.00990,-0.8285,0.8285,inner_heliosphere,neptune,55.0127,63.3141,70.3002,59.2101,55.0127,26.267,-0.0005,-0.0002
VG1,-91037623.4,1997-02-11,65.747,249.498,34.185,17.390,0.00990,-0.8285,0.8285,inner_heliosphere,neptune,55.0162,63.3192,70.3047,59.2141,55.0162,0.333,-0.0006,-0.0211
VG1,-89545783.5,1997-03-01,65.918,249.528,34.190,17.387,0.00990,-0.8285,0.8285,inner_heliosphere,neptune,55.1990,63.5826,70.5340,59.4199,55.1990,17.267,-0.0007,-0.0005
VG1,-89516983.5,1997-03-01,65.921,249.528,34.190,17.387,0.00990,-0.8285,0.8285,inner_heliosphere,neptune,55.2025,63.5877,70.5384,59.4238,55.2025,0.333,0.0008,0.0276
VG1,-89056183.4,1997-03-06,65.974,249.538,34.192,17.387,0.00990,-0.8285,0.8285,inner_heliosphere,neptune,55.2590,63.6694,70.6092,59.4874,55.2590,5.333,0.0003,0.0007
VG1,-89027383.5,1997-03-07,65.977,249.538,34.192,17.387,0.00990,-0.8285,0.8285,inner_heliosphere,neptune,55.2626,63.6746,70.6136,59.4914,55.2626,0.333,-0.0006,-0.0210
VG1,-84194743.9,1997-05-02,66.531,249.634,34.208,17.380,0.00990,-0.8285,0.8285,inner_heliosphere,neptune,55.8559,64.5394,71.3535,60.1588,55.8559,55.933,0.0003,0.0001
VG1,-84165943.9,1997-05-02,66.534,249.635,34.208,17.380,0.00990,-0.8285,0.8285,inner_heliosphere,neptune,55.8594,64.5446,71.3579,60.1628,55.8594,0.333,0.0000,0.0002
VG1,-79012712.5,1997-07-01,67.124,249.736,34.224,17.372,0.00990,-0.8285,0.8285,inner_heliosphere,neptune,56.4940,65.4815,72.1423,60.8756,56.4940,59.644,0.0026,0.0005
VG1,-76024184.8,1997-08-04,67.467,249.793,34.234,17.368,0.00990,-0.8285,0.8285,inner_heliosphere,neptune,56.8627,66.0307,72.5950,61.2895,56.8627,34.589,0.0006,0.0002
VG1,-75995384.7,1997-08-04,67.470,249.794,34.234,17.368,0.00990,-0.8285,0.8285,inner_heliosphere,neptune,56.8663,66.0360,72.5994,61.2935,56.8663,0.333,-0.0004,-0.0136
VG1,-75177464.6,1997-08-14,67.564,249.809,34.236,17.367,0.00989,-0.8285,0.8285,inner_heliosphere,neptune,56.9673,66.1869,72.7230,61.4068,56.9673,9.467,0.0004,0.0005
VG1,-75148664.7,1997-08-14,67.567,249.810,34.236,17.367,0.00989,-0.8285,0.8285,inner_heliosphere,neptune,56.9709,66.1923,72.7273,61.4108,56.9709,0.333,-0.0004,-0.0136
VG1,-72833144.9,1997-09-10,67.832,249.854,34.244,17.364,0.00989,-0.8285,0.8285,inner_heliosphere,neptune,57.2572,66.6210,73.0765,61.7318,57.2572,26.800,0.0007,0.0003
VG1,-72804344.8,1997-09-10,67.835,249.855,34.244,17.364,0.00989,-0.8285,0.8285,inner_heliosphere,neptune,57.2607,66.6264,73.0808,61.7358,57.2607,0.333,0.0000,0.0001
VG1,-72133304.8,1997-09-18,67.912,249.867,34.246,17.363,0.00989,-0.8285,0.8285,inner_heliosphere,neptune,57.3438,66.7510,73.1818,61.8289,57.3438,7.767,0.0000,0.0001
VG1,-72104504.8,1997-09-18,67.916,249.868,34.246,17.363,0.00989,-0.8285,0.8285,inner_heliosphere,neptune,57.3473,66.7564,73.1861,61.8329,57.3473,0.333,0.0008,0.0279
VG1,-69034425.0,1997-10-24,68.267,249.926,34.255,17.358,0.00989,-0.8285,0.8285,inner_heliosphere,neptune,57.7276,67.3283,73.6470,62.2589,57.7276,35.533,0.0001,0.0000
VG1,-69005625.1,1997-10-24,68.270,249.926,34.255,17.358,0.00989,-0.8285,0.8285,inner_heliosphere,neptune,57.7312,67.3337,73.6513,62.2629,57.7312,0.333,-0.0000,-0.0001
VG1,-67525305.2,1997-11-10,68.440,249.954,34.260,17.356,0.00989,-0.8285,0.8285,inner_heliosphere,neptune,57.9147,67.6104,73.8729,62.4685,57.9147,17.133,-0.0006,-0.0004
VG1,-67496505.3,1997-11-11,68.443,249.954,34.260,17.356,0.00989,-0.8285,0.8285,inner_heliosphere,neptune,57.9183,67.6158,73.8772,62.4725,57.9183,0.333,0.0004,0.0137
VG1,-67286265.4,1997-11-13,68.467,249.958,34.261,17.356,0.00989,-0.8285,0.8285,inner_heliosphere,neptune,57.9444,67.6551,73.9086,62.5017,57.9444,2.433,-0.0005,-0.0024
VG1,-67257465.3,1997-11-14,68.471,249.959,34.261,17.356,0.00989,-0.8285,0.8285,inner_heliosphere,neptune,57.9480,67.6605,73.9129,62.5057,57.9480,0.333,0.0002,0.0067
VG1,-65483385.5,1997-12-04,68.674,249.992,34.266,17.354,0.00989,-0.8285,0.8285,inner_heliosphere,neptune,58.1682,67.9929,74.1777,62.7522,58.1682,20.533,-0.0003,-0.0001
VG1,-65454585.5,1997-12-04,68.677,249.992,34.266,17.354,0.00989,-0.8285,0.8285,inner_heliosphere,neptune,58.1718,67.9983,74.1820,62.7562,58.1718,0.333,-0.0006,-0.0211
VG1,-64308345.5,1997-12-18,68.808,250.013,34.270,17.352,0.00989,-0.8285,0.8285,inner_heliosphere,neptune,58.3141,68.2133,74.3528,62.9156,58.3141,13.267,-0.0004,-0.0003
VG1,-64279545.6,1997-12-18,68.812,250.014,34.270,17.352,0.00989,-0.8285,0.8285,inner_heliosphere,neptune,58.3177,68.2187,74.3570,62.9196,58.3177,0.333,-0.0000,-0.0003
VG1,-61984185.8,1998-01-14,69.074,250.056,34.277,17.349,0.00989,-0.8285,0.8285,inner_heliosphere,neptune,58.6031,68.6500,74.6981,63.2388,58.6031,26.567,-0.0007,-0.0003
VG1,-61955385.8,1998-01-14,69.078,250.057,34.277,17.349,0.00989,-0.8285,0.8285,inner_heliosphere,neptune,58.6067,68.6554,74.7024,63.2428,58.6067,0.333,0.0002,0.0066
VG1,-59973946.0,1998-02-06,69.304,250.093,34.283,17.347,0.00989,-0.8285,0.8285,inner_heliosphere,neptune,58.8533,69.0282,74.9959,63.5185,58.8533,22.933,-0.0007,-0.0004
VG1,-59945145.9,1998-02-06,69.308,250.093,34.283,17.347,0.00989,-0.8285,0.8285,inner_heliosphere,neptune,58.8569,69.0336,75.0001,63.5226,58.8569,0.333,-0.0000,-0.0003
VG1,-59400826.0,1998-02-12,69.370,250.103,34.284,17.346,0.00989,-0.8285,0.8285,inner_heliosphere,neptune,58.9247,69.1360,75.0806,63.5983,58.9247,6.300,0.0001,0.0002
VG1,-59372026.0,1998-02-13,69.373,250.104,34.284,17.346,0.00989,-0.8285,0.8285,inner_heliosphere,neptune,58.9283,69.1414,75.0849,63.6023,58.9283,0.333,-0.0004,-0.0141
VG1,-55466746.5,1998-03-30,69.820,250.174,34.296,17.341,0.00989,-0.8285,0.8285,inner_heliosphere,neptune,59.4152,69.8767,75.6603,64.1463,59.4152,45.200,-0.0001,-0.0000
VG1,-55437946.5,1998-03-30,69.824,250.174,34.296,17.341,0.00989,-0.8285,0.8285,inner_heliosphere,neptune,59.4188,69.8821,75.6645,64.1504,59.4188,0.333,-0.0000,-0.0000
VG1,-52794106.8,1998-04-30,70.126,250.222,34.303,17.338,0.00989,-0.8285,0.8285,inner_heliosphere,neptune,59.7489,70.3796,76.0522,64.5190,59.7489,30.600,-0.0002,-0.0001
VG1,-52765306.8,1998-04-30,70.130,250.222,34.303,17.338,0.00989,-0.8285,0.8285,inner_heliosphere,neptune,59.7525,70.3850,76.0564,64.5230,59.7525,0.333,0.0006,0.0210
VG1,-49882427.2,1998-06-03,70.459,250.273,34.312,17.334,0.00989,-0.8285,0.8285,inner_heliosphere,neptune,60.1130,70.9267,76.4772,64.9252,60.1130,33.367,0.0012,0.0004
VG1,-49853627.2,1998-06-03,70.463,250.273,34.312,17.334,0.00989,-0.8285,0.8285,inner_heliosphere,neptune,60.1166,70.9321,76.4814,64.9293,60.1166,0.333,-0.0006,-0.0206
VG1,-48033467.3,1998-06-24,70.671,250.305,34.317,17.332,0.00989,-0.8285,0.8285,inner_heliosphere,neptune,60.3445,71.2735,76.7461,65.1834,60.3445,21.067,0.0009,0.0005
VG1,-48004667.4,1998-06-24,70.674,250.306,34.317,17.332,0.00989,-0.8285,0.8285,inner_heliosphere,neptune,60.3481,71.2789,76.7502,65.1874,60.3481,0.333,-0.0004,-0.0136
VG1,-44401787.8,1998-08-05,71.087,250.368,34.327,17.328,0.00989,-0.8285,0.8285,inner_heliosphere,neptune,60.7997,71.9524,77.2718,65.6908,60.7997,41.700,0.0008,0.0002
VG1,-44372987.7,1998-08-05,71.090,250.369,34.327,17.328,0.00989,-0.8285,0.8285,inner_heliosphere,neptune,60.8033,71.9578,77.2760,65.6948,60.8033,0.333,0.0010,0.0350
VG1,-44053307.8,1998-08-09,71.126,250.374,34.328,17.328,0.00989,-0.8285,0.8285,inner_heliosphere,neptune,60.8434,72.0174,77.3221,65.7395,60.8434,3.700,0.0005,0.0015
VG1,-44024507.7,1998-08-09,71.130,250.375,34.328,17.327,0.00989,-0.8285,0.8285,inner_heliosphere,neptune,60.8470,72.0227,77.3263,65.7435,60.8470,0.333,-0.0004,-0.0136
VG1,-42843707.7,1998-08-23,71.265,250.395,34.331,17.326,0.00989,-0.8285,0.8285,inner_heliosphere,neptune,60.9952,72.2426,77.4964,65.9086,60.9952,13.667,-0.0001,-0.0001
VG1,-42814907.8,1998-08-23,71.268,250.396,34.331,17.326,0.00989,-0.8285,0.8285,inner_heliosphere,neptune,60.9988,72.2480,77.5006,65.9127,60.9988,0.333,0.0006,0.0210
VG1,-41253947.9,1998-09-11,71.447,250.422,34.336,17.324,0.00989,-0.8285,0.8285,inner_heliosphere,neptune,61.1949,72.5379,77.7249,66.1310,61.1949,18.067,0.0007,0.0005
VG1,-41225147.8,1998-09-11,71.450,250.423,34.336,17.324,0.00989,-0.8285,0.8285,inner_heliosphere,neptune,61.1985,72.5433,77.7291,66.1350,61.1985,0.333,-0.0002,-0.0068
VG1,-40516667.7,1998-09-19,71.531,250.435,34.338,17.324,0.00989,-0.8285,0.8285,inner_heliosphere,neptune,61.2875,72.6746,77.8307,66.2341,61.2875,8.200,-0.0004,-0.0005
VG1,-40487867.8,1998-09-19,71.534,250.435,34.338,17.324,0.00989,-0.8285,0.8285,inner_heliosphere,neptune,61.2911,72.6799,77.8349,66.2382,61.2911,0.333,0.0010,0.0348
VG1,-38880827.8,1998-10-08,71.718,250.463,34.342,17.322,0.00988,-0.8285,0.8285,inner_heliosphere,neptune,61.4931,72.9771,78.0649,66.4631,61.4931,18.600,0.0005,0.0003
VG1,-38852027.8,1998-10-08,71.722,250.463,34.342,17.322,0.00988,-0.8285,0.8285,inner_heliosphere,neptune,61.4968,72.9824,78.0691,66.4671,61.4968,0.333,-0.0000,-0.0000
VG1,-36069947.9,1998-11-10,72.040,250.510,34.349,17.319,0.00988,-0.8285,0.8285,inner_heliosphere,neptune,61.8468,73.4944,78.4658,66.8567,61.8468,32.200,-0.0002,-0.0001
VG1,-36041148.0,1998-11-10,72.043,250.511,34.350,17.319,0.00988,-0.8285,0.8285,inner_heliosphere,neptune,61.8505,73.4996,78.4699,66.8607,61.8505,0.333,-0.0002,-0.0071
VG1,-35525628.1,1998-11-16,72.102,250.519,34.351,17.318,0.00988,-0.8285,0.8285,inner_heliosphere,neptune,61.9154,73.5941,78.5432,66.9330,61.9154,5.967,-0.0005,-0.0010
VG1,-35496828.1,1998-11-16,72.105,250.520,34.351,17.318,0.00988,-0.8285,0.8285,inner_heliosphere,neptune,61.9190,73.5994,78.5473,66.9370,61.9190,0.333,0.0004,0.0136
VG1,-31579116.2,1999-01-01,72.554,250.585,34.361,17.314,0.00988,-0.8285,0.8285,inner_heliosphere,neptune,62.4128,74.3131,79.1021,67.4861,62.4128,45.344,-0.0004,-0.0001
VG1,-28437948.4,1999-02-06,72.913,250.637,34.369,17.310,0.00988,-0.8285,0.8285,inner_heliosphere,neptune,62.8094,74.8793,79.5440,67.9268,62.8094,36.356,-0.0009,-0.0003
VG1,-28409148.3,1999-02-06,72.916,250.637,34.370,17.310,0.00988,-0.8285,0.8285,inner_heliosphere,neptune,62.8130,74.8844,79.5481,67.9309,62.8130,0.333,0.0002,0.0067
VG1,-26629308.4,1999-02-27,73.120,250.666,34.374,17.309,0.00988,-0.8285,0.8285,inner_heliosphere,neptune,63.0379,75.2026,79.7973,68.1807,63.0379,20.600,-0.0007,-0.0004
VG1,-26600508.4,1999-02-27,73.123,250.667,34.374,17.309,0.00988,-0.8285,0.8285,inner_heliosphere,neptune,63.0416,75.2077,79.8013,68.1847,63.0416,0.333,-0.0004,-0.0141
VG1,-25900668.3,1999-03-07,73.203,250.678,34.376,17.308,0.00988,-0.8285,0.8285,inner_heliosphere,neptune,63.1301,75.3322,79.8991,68.2830,63.1301,8.100,-0.0002,-0.0003
VG1,-25871868.4,1999-03-08,73.206,250.679,34.376,17.308,0.00988,-0.8285,0.8285,inner_heliosphere,neptune,63.1337,75.3374,79.9031,68.2871,63.1337,0.333,0.0002,0.0068
VG1,-25010748.4,1999-03-18,73.305,250.693,34.378,17.307,0.00988,-0.8285,0.8285,inner_heliosphere,neptune,63.2426,75.4901,80.0232,68.4080,63.2426,9.967,-0.0000,-0.0001
VG1,-24981948.5,1999-03-18,73.308,250.693,34.378,17.307,0.00988,-0.8285,0.8285,inner_heliosphere,neptune,63.2463,75.4952,80.0272,68.4120,63.2463,0.333,0.0002,0.0069
VG1,-17983549.0,1999-06-07,74.108,250.806,34.396,17.300,0.00988,-0.8285,0.8285,inner_heliosphere,neptune,64.1329,76.7171,80.9957,69.3958,64.1329,81.000,0.0006,0.0001
VG1,-17954749.0,1999-06-07,74.112,250.806,34.396,17.300,0.00988,-0.8285,0.8285,inner_heliosphere,neptune,64.1365,76.7221,80.9996,69.3999,64.1365,0.333,0.0002,0.0073
VG1,-14838589.1,1999-07-13,74.468,250.855,34.404,17.297,0.00988,-0.8285,0.8285,inner_heliosphere,neptune,64.5321,77.2539,81.4264,69.8384,64.5321,36.067,0.0011,0.0004
VG1,-14809789.2,1999-07-14,74.471,250.856,34.404,17.297,0.00988,-0.8285,0.8285,inner_heliosphere,neptune,64.5358,77.2588,81.4303,69.8425,64.5358,0.333,-0.0004,-0.0136
VG1,-12926269.3,1999-08-04,74.687,250.885,34.408,17.295,0.00988,-0.8286,0.8286,inner_heliosphere,neptune,64.7751,77.5762,81.6870,70.1077,64.7751,21.800,0.0009,0.0005
VG1,-12897469.2,1999-08-05,74.690,250.886,34.408,17.295,0.00988,-0.8286,0.8286,inner_heliosphere,neptune,64.7788,77.5810,81.6909,70.1118,64.7788,0.333,0.0000,0.0003
VG1,-12373309.2,1999-08-11,74.750,250.894,34.410,17.294,0.00988,-0.8286,0.8286,inner_heliosphere,neptune,64.8454,77.6688,81.7621,70.1856,64.8454,6.067,-0.0003,-0.0006
VG1,-12344509.2,1999-08-11,74.753,250.894,34.410,17.294,0.00988,-0.8286,0.8286,inner_heliosphere,neptune,64.8491,77.6736,81.7660,70.1897,64.8491,0.333,0.0002,0.0072
VG1,-11494909.4,1999-08-21,74.850,250.907,34.412,17.294,0.00988,-0.8286,0.8286,inner_heliosphere,neptune,64.9571,77.8154,81.8813,70.3094,64.9571,9.833,0.0003,0.0004
VG1,-11466109.3,1999-08-21,74.854,250.908,34.412,17.294,0.00988,-0.8286,0.8286,inner_heliosphere,neptune,64.9608,77.8201,81.8852,70.3134,64.9608,0.333,-0.0006,-0.0206
VG1,-11114749.4,1999-08-25,74.894,250.913,34.413,17.293,0.00988,-0.8286,0.8286,inner_heliosphere,neptune,65.0054,77.8786,81.9328,70.3629,65.0054,4.067,0.0003,0.0009
VG1,-11085949.3,1999-08-26,74.897,250.914,34.413,17.293,0.00988,-0.8286,0.8286,inner_heliosphere,neptune,65.0091,77.8834,81.9367,70.3670,65.0091,0.333,-0.0002,-0.0067
VG1,-7053949.7,1999-10-11,75.358,250.976,34.422,17.290,0.00988,-0.8286,0.8286,inner_heliosphere,neptune,65.5224,78.5455,82.4804,70.9354,65.5224,46.667,-0.0806,-0.0200
VG1,-7025149.5,1999-10-12,75.361,250.977,34.422,17.290,0.00988,-0.8286,0.8286,inner_heliosphere,neptune,65.5261,78.5502,82.4843,70.9394,65.5261,0.333,-0.0004,-0.0139
VG1,278529.8,2000-01-04,76.196,251.087,34.439,17.283,0.00988,-0.8286,0.8286,inner_heliosphere,neptune,66.4579,79.7091,83.4569,71.9702,66.4579,84.533,-0.0035,-0.0005
VG1,2956929.6,2000-02-04,76.503,251.127,34.446,17.281,0.00988,-0.8286,0.8286,inner_heliosphere,neptune,66.8002,80.1204,83.8095,72.3486,66.8002,30.999,-0.0458,-0.0171
VG1,2985729.8,2000-02-05,76.506,251.128,34.446,17.281,0.00988,-0.8286,0.8286,inner_heliosphere,neptune,66.8039,80.1248,83.8133,72.3527,66.8039,0.333,0.0002,0.0067
VG1,5779329.8,2000-03-08,76.825,251.169,34.452,17.279,0.00988,-0.8286,0.8286,inner_heliosphere,neptune,67.1613,80.5455,84.1787,72.7476,67.1613,32.333,-0.0368,-0.0132
VG1,5808129.6,2000-03-08,76.828,251.170,34.452,17.279,0.00988,-0.8286,0.8286,inner_heliosphere,neptune,67.1650,80.5498,84.1825,72.7517,67.1650,0.333,-0.0000,-0.0001
VG1,6816129.4,2000-03-20,76.944,251.185,34.454,17.278,0.00988,-0.8286,0.8286,inner_heliosphere,neptune,67.2941,80.6994,84.3137,72.8943,67.2941,11.667,-0.0141,-0.0140
VG1,6844929.7,2000-03-20,76.947,251.185,34.454,17.278,0.00988,-0.8286,0.8286,inner_heliosphere,neptune,67.2977,80.7037,84.3174,72.8983,67.2977,0.333,-0.0004,-0.0140
VG1,8457729.9,2000-04-08,77.131,251.209,34.458,17.276,0.00988,-0.8286,0.8286,inner_heliosphere,neptune,67.5043,80.9408,84.5268,73.1265,67.5043,18.667,-0.0104,-0.0065
VG1,8486529.5,2000-04-08,77.135,251.209,34.458,17.276,0.00988,-0.8286,0.8286,inner_heliosphere,neptune,67.5080,80.9450,84.5305,73.1305,67.5080,0.333,-0.0002,-0.0069
VG1,15369728.7,2000-06-27,77.921,251.309,34.473,17.271,0.00987,-0.8286,0.8286,inner_heliosphere,neptune,68.3910,81.9235,85.4146,74.1050,68.3910,79.667,-0.0870,-0.0126
VG1,15398528.8,2000-06-27,77.925,251.309,34.473,17.271,0.00987,-0.8286,0.8286,inner_heliosphere,neptune,68.3947,81.9275,85.4183,74.1091,68.3947,0.333,-0.0006,-0.0205
VG1,18768128.6,2000-08-05,78.310,251.357,34.480,17.268,0.00987,-0.8286,0.8286,inner_heliosphere,neptune,68.8278,82.3865,85.8455,74.5866,68.8278,39.000,-0.0408,-0.0121
VG1,18796928.8,2000-08-06,78.313,251.358,34.480,17.268,0.00987,-0.8286,0.8286,inner_heliosphere,neptune,68.8315,82.3903,85.8491,74.5907,68.8315,0.333,-0.0012,-0.0414
VG1,19574528.9,2000-08-15,78.402,251.369,34.482,17.268,0.00987,-0.8286,0.8286,inner_heliosphere,neptune,68.9315,82.4943,85.9472,74.7009,68.9315,9.000,0.0000,0.0000
VG1,19603328.7,2000-08-15,78.405,251.369,34.482,17.268,0.00987,-0.8286,0.8286,inner_heliosphere,neptune,68.9352,82.4982,85.9508,74.7050,68.9352,0.333,-0.0006,-0.0206
VG1,23088128.3,2000-09-24,78.803,251.418,34.490,17.265,0.00987,-0.8286,0.8286,inner_heliosphere,neptune,69.3836,82.9554,86.3879,75.1993,69.3836,40.333,-0.0550,-0.0158
VG1,23116928.6,2000-09-25,78.807,251.419,34.490,17.265,0.00987,-0.8286,0.8286,inner_heliosphere,neptune,69.3873,82.9591,86.3915,75.2033,69.3873,0.333,0.0000,0.0000
VG1,28185728.4,2000-11-22,79.386,251.489,34.500,17.261,0.00987,-0.8286,0.8286,inner_heliosphere,neptune,70.0406,83.5981,87.0200,75.9228,70.0406,58.667,-0.0613,-0.0121
VG1,28214528.1,2000-11-23,79.389,251.490,34.500,17.261,0.00987,-0.8286,0.8286,inner_heliosphere,neptune,70.0443,83.6017,87.0236,75.9269,70.0443,0.333,-0.0000,-0.0003
VG1,38553727.5,2001-03-22,80.570,251.631,34.521,17.254,0.00987,-0.8286,0.8286,inner_heliosphere,neptune,71.3801,84.8099,88.2790,77.3964,71.3801,119.667,-0.2093,-0.0202
VG1,38582527.3,2001-03-23,80.574,251.631,34.521,17.254,0.00987,-0.8286,0.8286,inner_heliosphere,neptune,71.3839,84.8130,88.2825,77.4004,71.3839,0.333,-0.0004,-0.0140
VG1,42787327.1,2001-05-10,81.054,251.687,34.529,17.251,0.00987,-0.8286,0.8286,inner_heliosphere,neptune,71.9284,85.2681,88.7827,77.9988,71.9284,48.667,-0.0455,-0.0108
VG1,42816126.9,2001-05-11,81.057,251.688,34.529,17.251,0.00987,-0.8286,0.8286,inner_heliosphere,neptune,71.9321,85.2711,88.7861,78.0029,71.9321,0.333,-0.0006,-0.0206
VG1,44860926.5,2001-06-03,81.291,251.715,34.533,17.249,0.00987,-0.8286,0.8286,inner_heliosphere,neptune,72.1971,85.4849,89.0272,78.2940,72.1971,23.667,-0.0349,-0.0171
VG1,44889726.7,2001-06-04,81.294,251.715,34.533,17.249,0.00987,-0.8286,0.8286,inner_heliosphere,neptune,72.2009,85.4879,89.0306,78.2981,72.2009,0.333,-0.0008,-0.0275
VG1,45897726.4,2001-06-15,81.409,251.728,34.535,17.248,0.00987,-0.8286,0.8286,inner_heliosphere,neptune,72.3316,85.5914,89.1489,78.4417,72.3316,11.667,-0.0027,-0.0027
VG1,45926526.7,2001-06-16,81.413,251.729,34.535,17.248,0.00987,-0.8286,0.8286,inner_heliosphere,neptune,72.3353,85.5944,89.1522,78.4458,72.3353,0.333,-0.0004,-0.0136
VG1,50160126.1,2001-08-04,81.896,251.784,34.543,17.245,0.00987,-0.8286,0.8286,inner_heliosphere,neptune,72.8848,86.0166,89.6452,79.0489,72.8848,49.000,-0.0431,-0.0102
VG1,50188926.4,2001-08-04,81.899,251.785,34.543,17.245,0.00987,-0.8286,0.8286,inner_heliosphere,neptune,72.8885,86.0194,89.6485,79.0530,72.8885,0.333,0.0000,0.0003
VG1,50908926.7,2001-08-12,81.982,251.794,34.545,17.245,0.00987,-0.8286,0.8286,inner_heliosphere,neptune,72.9820,86.0891,89.7318,79.1556,72.9820,8.333,-0.0018,-0.0025
VG1,50937726.3,2001-08-13,81.985,251.794,34.545,17.245,0.00987,-0.8286,0.8286,inner_heliosphere,neptune,72.9858,86.0919,89.7351,79.1597,72.9858,0.333,-0.0002,-0.0067
VG1,52118526.0,2001-08-26,82.120,251.810,34.547,17.244,0.00987,-0.8286,0.8286,inner_heliosphere,neptune,73.1392,86.2050,89.8712,79.3280,73.1392,13.667,-0.0005,-0.0004
VG1,52147326.2,2001-08-27,82.123,251.810,34.547,17.244,0.00987,-0.8286,0.8286,inner_heliosphere,neptune,73.1429,86.2078,89.8745,79.3321,73.1429,0.333,-0.0004,-0.0137
VG1,54019325.7,2001-09-17,82.337,251.834,34.551,17.243,0.00987,-0.8286,0.8286,inner_heliosphere,neptune,73.3862,86.3839,90.0892,79.5990,73.3862,21.667,-0.0337,-0.0180
VG1,54048126.0,2001-09-18,82.340,251.835,34.551,17.243,0.00987,-0.8286,0.8286,inner_heliosphere,neptune,73.3900,86.3866,90.0925,79.6031,73.3900,0.333,-0.0004,-0.0138
VG1,54710525.7,2001-09-25,82.416,251.843,34.552,17.242,0.00987,-0.8286,0.8286,inner_heliosphere,neptune,73.4761,86.4480,90.1682,79.6976,73.4761,7.667,-0.0094,-0.0141
VG1,54739326.0,2001-09-26,82.419,251.844,34.552,17.242,0.00987,-0.8286,0.8286,inner_heliosphere,neptune,73.4798,86.4506,90.1715,79.7017,73.4798,0.333,-0.0002,-0.0069
VG1,56524925.5,2001-10-16,82.623,251.866,34.555,17.241,0.00987,-0.8286,0.8286,inner_heliosphere,neptune,73.7121,86.6137,90.3747,79.9564,73.7121,20.667,-0.0306,-0.0171
VG1,56553725.8,2001-10-17,82.626,251.867,34.555,17.241,0.00987,-0.8286,0.8286,inner_heliosphere,neptune,73.7158,86.6163,90.3780,79.9605,73.7158,0.333,-0.0004,-0.0139
VG1,58684925.2,2001-11-10,82.870,251.894,34.559,17.240,0.00987,-0.8286,0.8286,inner_heliosphere,neptune,73.9932,86.8063,90.6191,80.2645,73.9932,24.667,-0.0309,-0.0145
VG1,58713725.5,2001-11-11,82.873,251.894,34.559,17.240,0.00987,-0.8286,0.8286,inner_heliosphere,neptune,73.9970,86.8088,90.6223,80.2686,73.9970,0.333,-0.0004,-0.0141
VG1,59865725.1,2001-11-24,83.005,251.909,34.561,17.239,0.00987,-0.8286,0.8286,inner_heliosphere,neptune,74.1470,86.9095,90.7520,80.4330,74.1470,13.333,-0.0173,-0.0150
VG1,59894525.4,2001-11-24,83.008,251.909,34.561,17.239,0.00987,-0.8285,0.8285,inner_heliosphere,neptune,74.1507,86.9120,90.7552,80.4371,74.1507,0.333,-0.0012,-0.0419
VG1,60902525.1,2001-12-06,83.123,251.922,34.563,17.238,0.00987,-0.8285,0.8285,inner_heliosphere,neptune,74.2820,86.9990,90.8683,80.5810,74.2820,11.667,-0.0083,-0.0082
VG1,60931325.3,2001-12-06,83.126,251.922,34.563,17.238,0.00987,-0.8285,0.8285,inner_heliosphere,neptune,74.2857,87.0014,90.8715,80.5851,74.2857,0.333,-0.0006,-0.0211
VG1,73747324.1,2002-05-04,84.590,252.082,34.586,17.230,0.00987,-0.8285,0.8285,inner_heliosphere,neptune,75.9582,88.0182,92.2778,82.4160,75.9582,148.333,-0.1352,-0.0106
VG1,73776124.3,2002-05-04,84.593,252.082,34.586,17.230,0.00987,-0.8285,0.8285,inner_heliosphere,neptune,75.9620,88.0203,92.2809,82.4201,75.9620,0.333,0.0000,0.0001
VG1,75532924.0,2002-05-24,84.794,252.104,34.589,17.229,0.00987,-0.8285,0.8285,inner_heliosphere,neptune,76.1917,88.1476,92.4692,82.6713,76.1917,20.333,-0.0120,-0.0068
VG1,75561724.2,2002-05-25,84.797,252.104,34.589,17.229,0.00987,-0.8285,0.8285,inner_heliosphere,neptune,76.1955,88.1497,92.4723,82.6755,76.1955,0.333,-0.0006,-0.0206
VG1,78470524.6,2002-06-27,85.129,252.139,34.594,17.227,0.00986,-0.8285,0.8285,inner_heliosphere,neptune,76.5761,88.3545,92.7816,83.0915,76.5761,33.667,-0.0015,-0.0005
VG1,78499324.4,2002-06-28,85.132,252.139,34.594,17.227,0.00986,-0.8285,0.8285,inner_heliosphere,neptune,76.5798,88.3565,92.7846,83.0957,76.5798,0.333,-0.0002,-0.0066
VG1,89932925.0,2002-11-07,86.438,252.276,34.613,17.219,0.00986,-0.8284,0.8284,inner_heliosphere,neptune,78.0787,89.0954,93.9716,84.7325,78.0787,132.333,-0.1880,-0.0164
VG1,89961724.8,2002-11-07,86.441,252.276,34.613,17.219,0.00986,-0.8284,0.8284,inner_heliosphere,neptune,78.0824,89.0971,93.9745,84.7366,78.0824,0.333,-0.0008,-0.0280
VG1,91776124.7,2002-11-28,86.648,252.297,34.616,17.218,0.00986,-0.8284,0.8284,inner_heliosphere,neptune,78.3207,89.2056,94.1586,84.9966,78.3207,21.000,-0.0046,-0.0025
VG1,91804925.0,2002-11-29,86.651,252.297,34.616,17.218,0.00986,-0.8284,0.8284,inner_heliosphere,neptune,78.3245,89.2073,94.1616,85.0007,78.3245,0.333,-0.0002,-0.0072
VG1,94022525.2,2002-12-24,86.905,252.323,34.620,17.216,0.00986,-0.8284,0.8284,inner_heliosphere,neptune,78.6158,89.3369,94.3850,85.3185,78.6158,25.667,-0.0167,-0.0075
VG1,94051325.0,2002-12-25,86.908,252.324,34.620,17.216,0.00986,-0.8284,0.8284,inner_heliosphere,neptune,78.6196,89.3386,94.3879,85.3226,78.6196,0.333,-0.0002,-0.0073
VG1,95404925.0,2003-01-09,87.062,252.339,34.622,17.216,0.00986,-0.8284,0.8284,inner_heliosphere,neptune,78.7975,89.4161,94.5235,85.5166,78.7975,15.667,-0.0047,-0.0034
VG1,95433725.2,2003-01-10,87.066,252.340,34.622,17.216,0.00986,-0.8284,0.8284,inner_heliosphere,neptune,78.8013,89.4178,94.5264,85.5208,78.8013,0.333,-0.0008,-0.0281
VG1,97968125.2,2003-02-08,87.355,252.369,34.626,17.214,0.00986,-0.8284,0.8284,inner_heliosphere,neptune,79.1346,89.5600,94.7784,85.8841,79.1346,29.333,-0.0048,-0.0019
VG1,97996925.4,2003-02-08,87.358,252.369,34.626,17.214,0.00986,-0.8284,0.8284,inner_heliosphere,neptune,79.1384,89.5616,94.7813,85.8882,79.1384,0.333,-0.0010,-0.0350
VG1,98832126.4,2003-02-18,87.454,252.379,34.627,17.213,0.00986,-0.8283,0.8283,inner_heliosphere,neptune,79.2482,89.6076,94.8638,86.0080,79.2482,9.667,-0.0172,-0.0206
VG1,98860925.4,2003-02-18,87.457,252.379,34.627,17.213,0.00986,-0.8283,0.8283,inner_heliosphere,neptune,79.2520,89.6092,94.8667,86.0121,79.2520,0.333,-0.0002,-0.0072
VG1,103180926.0,2003-04-09,87.950,252.428,34.634,17.210,0.00986,-0.8283,0.8283,inner_heliosphere,neptune,79.8207,89.8414,95.2899,86.6317,79.8207,50.000,-0.0395,-0.0091
VG1,103209725.8,2003-04-10,87.953,252.429,34.634,17.210,0.00986,-0.8283,0.8283,inner_heliosphere,neptune,79.8245,89.8429,95.2927,86.6358,79.8245,0.333,-0.0006,-0.0208
VG1,104016126.0,2003-04-19,88.045,252.438,34.635,17.210,0.00986,-0.8283,0.8283,inner_heliosphere,neptune,79.9307,89.8852,95.3710,86.7515,79.9307,9.333,-0.0131,-0.0163
VG1,104044925.8,2003-04-19,88.048,252.438,34.635,17.210,0.00986,-0.8283,0.8283,inner_heliosphere,neptune,79.9345,89.8867,95.3737,86.7556,79.9345,0.333,0.0000,0.0000
VG1,104908926.0,2003-04-29,88.147,252.448,34.637,17.209,0.00986,-0.8283,0.8283,inner_heliosphere,neptune,80.0483,89.9316,95.4574,86.8796,80.0483,10.000,-0.0169,-0.0196
VG1,104937725.8,2003-04-30,88.150,252.448,34.637,17.209,0.00986,-0.8283,0.8283,inner_heliosphere,neptune,80.0521,89.9331,95.4601,86.8837,80.0521,0.333,0.0002,0.0069
VG1,106291326.1,2003-05-15,88.305,252.464,34.639,17.208,0.00986,-0.8283,0.8283,inner_heliosphere,neptune,80.2305,90.0028,95.5906,87.0779,80.2305,15.667,-0.0216,-0.0159
VG1,106320125.7,2003-05-16,88.308,252.464,34.639,17.208,0.00986,-0.8283,0.8283,inner_heliosphere,neptune,80.2343,90.0043,95.5934,87.0821,80.2343,0.333,-0.0006,-0.0208
VG1,107932925.4,2003-06-03,88.492,252.482,34.641,17.207,0.00986,-0.8283,0.8283,inner_heliosphere,neptune,80.4469,90.0863,95.7480,87.3135,80.4469,18.667,-0.0090,-0.0056
VG1,107961725.9,2003-06-04,88.495,252.482,34.642,17.207,0.00986,-0.8283,0.8283,inner_heliosphere,neptune,80.4507,90.0878,95.7507,87.3176,80.4507,0.333,-0.0006,-0.0205
VG1,109171326.2,2003-06-18,88.633,252.496,34.643,17.206,0.00986,-0.8283,0.8283,inner_heliosphere,neptune,80.6102,90.1486,95.8661,87.4913,80.6102,14.000,-0.0194,-0.0161
VG1,109200125.8,2003-06-18,88.637,252.496,34.643,17.206,0.00986,-0.8283,0.8283,inner_heliosphere,neptune,80.6140,90.1500,95.8688,87.4954,80.6140,0.333,-0.0004,-0.0135
VG1,110611325.7,2003-07-04,88.798,252.512,34.646,17.205,0.00986,-0.8283,0.8283,inner_heliosphere,neptune,80.8002,90.2202,96.0028,87.6980,80.8002,16.333,-0.0006,-0.0004
VG1,110640125.9,2003-07-05,88.801,252.512,34.646,17.205,0.00986,-0.8283,0.8283,inner_heliosphere,neptune,80.8040,90.2217,96.0055,87.7021,80.8040,0.333,-0.0010,-0.0344
VG1,112252926.0,2003-07-23,88.985,252.530,34.648,17.204,0.00986,-0.8282,0.8282,inner_heliosphere,neptune,81.0168,90.3010,96.1577,87.9336,81.0168,18.667,-0.0157,-0.0097
VG1,112281725.8,2003-07-24,88.988,252.530,34.648,17.204,0.00986,-0.8282,0.8282,inner_heliosphere,neptune,81.0206,90.3024,96.1604,87.9378,81.0206,0.333,0.0002,0.0073
VG1,115507325.8,2003-08-30,89.356,252.566,34.653,17.202,0.00986,-0.8282,0.8282,inner_heliosphere,neptune,81.4465,90.4584,96.4622,88.4009,81.4465,37.333,-0.0062,-0.0019
VG1,115536125.5,2003-08-30,89.360,252.566,34.653,17.202,0.00986,-0.8282,0.8282,inner_heliosphere,neptune,81.4503,90.4598,96.4649,88.4051,81.4503,0.333,-0.0002,-0.0069
VG1,118041725.1,2003-09-28,89.646,252.594,34.657,17.200,0.00986,-0.8282,0.8282,inner_heliosphere,neptune,81.7814,90.5788,96.6969,88.7649,81.7814,29.000,-0.0277,-0.0111
VG1,118070525.3,2003-09-29,89.649,252.594,34.657,17.200,0.00986,-0.8282,0.8282,inner_heliosphere,neptune,81.7852,90.5802,96.6996,88.7691,81.7852,0.333,-0.0006,-0.0208
VG1,120201725.6,2003-10-23,89.892,252.618,34.660,17.199,0.00986,-0.8282,0.8282,inner_heliosphere,neptune,82.0669,90.6802,96.8952,89.0752,82.0669,24.667,-0.0101,-0.0047
VG1,120230525.2,2003-10-24,89.895,252.618,34.660,17.199,0.00986,-0.8282,0.8282,inner_heliosphere,neptune,82.0708,90.6816,96.8978,89.0794,82.0708,0.333,-0.0002,-0.0073
VG1,123657724.8,2003-12-02,90.286,252.655,34.665,17.197,0.00986,-0.8282,0.8282,inner_heliosphere,neptune,82.5241,90.8405,97.2093,89.5718,82.5241,39.667,-0.0141,-0.0041
VG1,123686525.1,2003-12-03,90.290,252.655,34.665,17.197,0.00986,-0.8282,0.8282,inner_heliosphere,neptune,82.5279,90.8418,97.2119,89.5760,82.5279,0.333,-0.0000,-0.0003
VG1,132499325.8,2004-03-14,91.295,252.749,34.678,17.191,0.00985,-0.8281,0.8281,inner_heliosphere,neptune,83.6953,91.2439,97.9949,90.8428,83.6953,102.000,-0.0550,-0.0062
VG1,132528125.1,2004-03-14,91.298,252.750,34.678,17.191,0.00985,-0.8281,0.8281,inner_heliosphere,neptune,83.6991,91.2452,97.9974,90.8470,83.6991,0.333,0.0000,0.0000
VG1,135235325.5,2004-04-14,91.607,252.778,34.681,17.189,0.00985,-0.8281,0.8281,inner_heliosphere,neptune,84.0581,91.3681,98.2329,91.2363,84.0581,31.333,-0.0423,-0.0156
VG1,135264125.0,2004-04-15,91.610,252.779,34.681,17.189,0.00985,-0.8281,0.8281,inner_heliosphere,neptune,84.0619,91.3694,98.2354,91.2404,84.0619,0.333,-0.0002,-0.0066
VG1,136185725.2,2004-04-25,91.715,252.788,34.683,17.188,0.00985,-0.8281,0.8281,inner_heliosphere,neptune,84.1842,91.4113,98.3150,91.3730,84.1842,10.667,-0.0025,-0.0027
VG1,136214524.9,2004-04-26,91.718,252.789,34.683,17.188,0.00985,-0.8281,0.8281,inner_heliosphere,neptune,84.1880,91.4126,98.3175,91.3771,84.1880,0.333,-0.0002,-0.0066
VG1,138028925.2,2004-05-17,91.925,252.807,34.685,17.187,0.00985,-0.8280,0.8280,inner_heliosphere,neptune,84.4288,91.4953,98.4735,91.6381,84.4288,21.000,-0.0289,-0.0159
VG1,138057724.7,2004-05-17,91.929,252.808,34.685,17.187,0.00985,-0.8280,0.8280,inner_heliosphere,neptune,84.4327,91.4966,98.4759,91.6423,84.4327,0.333,-0.0012,-0.0413
VG1,139468924.9,2004-06-02,92.090,252.822,34.687,17.186,0.00985,-0.8280,0.8280,inner_heliosphere,neptune,84.6200,91.5610,98.5965,91.8453,84.6200,16.333,-0.0276,-0.0196
VG1,139497724.6,2004-06-03,92.093,252.823,34.687,17.186,0.00985,-0.8280,0.8280,inner_heliosphere,neptune,84.6238,91.5624,98.5990,91.8494,84.6238,0.333,0.0004,0.0139
VG1,141744124.6,2004-06-29,92.349,252.846,34.690,17.184,0.00985,-0.8280,0.8280,inner_heliosphere,neptune,84.9222,91.6655,98.7896,92.1726,84.9222,26.000,-0.0103,-0.0046
VG1,141772924.8,2004-06-29,92.352,252.846,34.690,17.184,0.00985,-0.8280,0.8280,inner_heliosphere,neptune,84.9260,91.6668,98.7920,92.1768,84.9260,0.333,-0.0008,-0.0274
VG1,145430524.6,2004-08-10,92.769,252.884,34.695,17.182,0.00985,-0.8280,0.8280,inner_heliosphere,neptune,85.4121,91.8365,99.0990,92.7031,85.4121,42.333,-0.0677,-0.0185
VG1,145459324.7,2004-08-11,92.773,252.884,34.695,17.182,0.00985,-0.8280,0.8280,inner_heliosphere,neptune,85.4159,91.8378,99.1014,92.7072,85.4159,0.333,-0.0004,-0.0135
VG1,155452924.0,2004-12-04,93.912,252.986,34.709,17.175,0.00985,-0.8279,0.8279,inner_heliosphere,neptune,86.7459,92.3182,99.9194,94.1458,86.7459,115.667,-0.1640,-0.0164
VG1,155481723.8,2004-12-05,93.915,252.986,34.709,17.175,0.00985,-0.8279,0.8279,inner_heliosphere,neptune,86.7497,92.3197,99.9217,94.1500,86.7497,0.333,-0.0002,-0.0073
VG1,157584123.7,2004-12-29,94.155,253.007,34.712,17.174,0.00985,-0.8279,0.8279,heliosheath,neptune,87.0298,92.4250,100.0900,94.4527,87.0298,24.333,-0.0129,-0.0061
VG1,157612923.5,2004-12-29,94.158,253.007,34.712,17.174,0.00985,-0.8279,0.8279,heliosheath,neptune,87.0337,92.4264,100.0923,94.4568,87.0337,0.333,-0.0006,-0.0212
VG1,161961723.1,2005-02-18,94.654,253.050,34.717,17.171,0.00985,-0.8278,0.8278,heliosheath,neptune,87.6135,92.6503,100.4364,95.0831,87.6135,50.333,-0.0117,-0.0027
VG1,161990523.3,2005-02-18,94.657,253.051,34.717,17.171,0.00985,-0.8278,0.8278,heliosheath,neptune,87.6173,92.6518,100.4387,95.0873,87.6173,0.333,-0.0004,-0.0139
VG1,171955322.9,2005-06-13,95.793,253.148,34.730,17.164,0.00984,-0.8278,0.8278,heliosheath,neptune,88.9477,93.2011,101.2071,96.5227,88.9477,115.333,-0.1822,-0.0183
VG1,171984123.0,2005-06-14,95.796,253.148,34.730,17.164,0.00984,-0.8278,0.8278,heliosheath,neptune,88.9516,93.2028,101.2093,96.5269,88.9516,0.333,-0.0008,-0.0274
VG1,178608122.6,2005-08-29,96.551,253.212,34.738,17.159,0.00984,-0.8277,0.8277,heliosheath,neptune,89.8373,93.6018,101.7054,97.4813,89.8373,76.667,-0.0181,-0.0027
VG1,178636922.3,2005-08-30,96.554,253.212,34.738,17.159,0.00984,-0.8277,0.8277,heliosheath,neptune,89.8412,93.6036,101.7075,97.4854,89.8412,0.333,0.0004,0.0142
VG1,181632122.2,2005-10-03,96.895,253.240,34.742,17.157,0.00984,-0.8277,0.8277,heliosheath,neptune,90.2421,93.7943,101.9281,97.9171,90.2421,34.667,-0.0165,-0.0055
VG1,181660922.4,2005-10-04,96.898,253.241,34.742,17.157,0.00984,-0.8277,0.8277,heliosheath,neptune,90.2459,93.7962,101.9302,97.9212,90.2459,0.333,-0.0008,-0.0278
VG1,184310522.4,2005-11-03,97.200,253.265,34.745,17.155,0.00984,-0.8277,0.8277,heliosheath,neptune,90.6007,93.9707,102.1235,98.3030,90.6007,30.667,-0.0356,-0.0134
VG1,184339322.3,2005-11-04,97.204,253.266,34.745,17.155,0.00984,-0.8277,0.8277,heliosheath,neptune,90.6046,93.9726,102.1256,98.3072,90.6046,0.333,-0.0000,-0.0003
VG1,189022202.0,2005-12-28,97.737,253.309,34.751,17.151,0.00984,-0.8276,0.8276,heliosheath,neptune,91.2320,94.2950,102.4630,98.9821,91.2320,54.200,-0.0069,-0.0015
VG1,189345675.0,2006-01-01,97.774,253.312,34.751,17.151,0.00984,-0.8276,0.8276,heliosheath,neptune,91.2754,94.3180,102.4861,99.0287,91.2754,3.743,-1.0043,-3.1053
VG1,189540603.0,2006-01-03,97.796,253.314,34.752,17.151,0.00984,-0.8276,0.8276,heliosheath,neptune,91.3015,94.3319,102.5001,99.0568,91.3015,2.256,-0.0032,-0.0166
VG1,189569402.0,2006-01-03,97.799,253.315,34.752,17.151,0.00984,-0.8276,0.8276,heliosheath,neptune,91.3054,94.3339,102.5021,99.0610,91.3054,0.333,0.0004,0.0135
VG1,196798201.8,2006-03-28,98.622,253.381,34.760,17.146,0.00984,-0.8276,0.8276,heliosheath,neptune,92.2751,94.8728,103.0121,100.1029,92.2751,83.667,-0.0799,-0.0110
VG1,196827001.6,2006-03-28,98.626,253.381,34.760,17.146,0.00984,-0.8276,0.8276,heliosheath,neptune,92.2790,94.8750,103.0141,100.1070,92.2790,0.333,-0.0004,-0.0139
VG1,199678201.0,2006-04-30,98.950,253.407,34.764,17.144,0.00984,-0.8275,0.8275,heliosheath,neptune,92.6618,95.1011,103.2120,100.5180,92.6618,33.000,-0.0148,-0.0052
VG1,199707001.3,2006-04-30,98.954,253.407,34.764,17.144,0.00984,-0.8275,0.8275,heliosheath,neptune,92.6656,95.1034,103.2140,100.5221,92.6656,0.333,-0.0004,-0.0135
VG1,202788601.0,2006-06-05,99.305,253.435,34.767,17.142,0.00984,-0.8275,0.8275,heliosheath,neptune,93.0796,95.3568,103.4260,100.9663,93.0796,35.667,-0.0153,-0.0050
VG1,202817401.1,2006-06-05,99.308,253.436,34.767,17.142,0.00984,-0.8275,0.8275,heliosheath,neptune,93.0834,95.3592,103.4280,100.9704,93.0834,0.333,-0.0004,-0.0135
VG1,208404600.8,2006-08-09,99.944,253.486,34.774,17.137,0.00983,-0.8275,0.8275,heliosheath,neptune,93.8345,95.8435,103.8074,101.7758,93.8345,64.667,-0.0625,-0.0112
VG1,208433401.1,2006-08-09,99.947,253.486,34.774,17.137,0.00983,-0.8275,0.8275,heliosheath,neptune,93.8384,95.8460,103.8093,101.7799,93.8384,0.333,-0.0006,-0.0205
VG1,210651001.1,2006-09-04,100.200,253.506,34.776,17.136,0.00983,-0.8275,0.8275,heliosheath,neptune,94.1367,96.0474,103.9582,102.0996,94.1367,25.667,-0.0107,-0.0048
VG1,210679800.9,2006-09-04,100.203,253.506,34.776,17.136,0.00983,-0.8275,0.8275,heliosheath,neptune,94.1406,96.0501,103.9601,102.1037,94.1406,0.333,-0.0004,-0.0139
VG1,212724600.7,2006-09-28,100.436,253.524,34.778,17.134,0.00983,-0.8274,0.8274,heliosheath,neptune,94.4157,96.2406,104.0966,102.3984,94.4157,23.667,-0.0288,-0.0141
VG1,212753400.8,2006-09-28,100.439,253.524,34.779,17.134,0.00983,-0.8274,0.8274,heliosheath,neptune,94.4196,96.2433,104.0985,102.4026,94.4196,0.333,-0.0002,-0.0069
VG1,216785400.6,2006-11-14,100.898,253.559,34.783,17.131,0.00983,-0.8274,0.8274,heliosheath,neptune,94.9624,96.6324,104.3653,102.9837,94.9624,46.667,-0.0354,-0.0088
VG1,216814200.5,2006-11-14,100.901,253.560,34.783,17.131,0.00983,-0.8274,0.8274,heliosheath,neptune,94.9663,96.6353,104.3672,102.9878,94.9663,0.333,-0.0008,-0.0278
VG1,223812599.9,2007-02-03,101.697,253.620,34.791,17.126,0.00983,-0.8274,0.8274,heliosheath,neptune,95.9093,97.3545,104.8236,103.9964,95.9093,81.000,-0.0113,-0.0016
VG1,223841400.2,2007-02-04,101.701,253.621,34.791,17.126,0.00983,-0.8274,0.8274,heliosheath,neptune,95.9131,97.3576,104.8255,104.0006,95.9131,0.333,0.0004,0.0135
VG1,225915000.3,2007-02-28,101.937,253.638,34.793,17.125,0.00983,-0.8274,0.8274,heliosheath,neptune,96.1927,97.5816,104.9592,104.2994,96.1927,24.000,-0.0109,-0.0053
VG1,225943800.0,2007-02-28,101.940,253.639,34.793,17.125,0.00983,-0.8274,0.8274,heliosheath,neptune,96.1966,97.5848,104.9610,104.3035,96.1966,0.333,-0.0010,-0.0351
VG1,234842999.6,2007-06-11,102.952,253.714,34.803,17.119,0.00983,-0.8273,0.8273,heliosheath,neptune,97.3976,98.6036,105.5276,105.5858,97.3976,103.000,-0.1135,-0.0128
VG1,234871799.7,2007-06-11,102.955,253.714,34.803,17.119,0.00983,-0.8273,0.8273,heliosheath,neptune,97.4015,98.6070,105.5294,105.5899,97.4015,0.333,-0.0008,-0.0274
VG1,237521399.5,2007-07-12,103.257,253.737,34.806,17.117,0.00983,-0.8273,0.8273,heliosheath,neptune,97.7594,98.9285,105.6959,105.9716,97.7594,30.667,-0.0048,-0.0018
VG1,237550199.7,2007-07-12,103.260,253.737,34.806,17.117,0.00983,-0.8273,0.8273,heliosheath,neptune,97.7632,98.9321,105.6978,105.9758,97.7632,0.333,0.0002,0.0073
VG1,239854199.6,2007-08-08,103.522,253.756,34.808,17.115,0.00983,-0.8273,0.8273,heliosheath,neptune,98.0746,99.2185,105.8419,106.3077,98.0746,26.667,-0.0133,-0.0058
VG1,239882999.8,2007-08-08,103.525,253.756,34.808,17.115,0.00983,-0.8273,0.8273,heliosheath,neptune,98.0785,99.2221,105.8437,106.3118,98.0785,0.333,0.0000,0.0000
VG1,241582199.8,2007-08-28,103.719,253.770,34.810,17.114,0.00983,-0.8273,0.8273,heliosheath,neptune,98.3081,99.4374,105.9496,106.5565,98.3081,19.667,-0.0028,-0.0016
VG1,241610999.7,2007-08-28,103.722,253.771,34.810,17.114,0.00983,-0.8273,0.8273,heliosheath,neptune,98.3120,99.4411,105.9513,106.5607,98.3120,0.333,-0.0002,-0.0069
VG1,247849079.5,2007-11-09,104.431,253.822,34.816,17.109,0.00982,-0.8273,0.8273,heliosheath,neptune,99.1556,100.2609,106.3373,107.4591,99.1556,72.200,-0.0689,-0.0110
VG1,264564599.2,2008-05-20,106.331,253.956,34.833,17.098,0.00982,-0.8272,0.8272,heliosheath,neptune,101.4198,102.6770,107.3539,109.8651,101.4198,193.466,-0.1870,-0.0112
VG1,264593399.0,2008-05-20,106.335,253.956,34.833,17.098,0.00982,-0.8272,0.8272,heliosheath,neptune,101.4237,102.6814,107.3556,109.8692,101.4237,0.333,-0.0004,-0.0135
VG1,268913398.8,2008-07-09,106.825,253.990,34.838,17.095,0.00982,-0.8272,0.8272,heliosheath,neptune,102.0097,103.3552,107.6153,110.4907,102.0097,50.000,-0.0197,-0.0046
VG1,268942198.6,2008-07-10,106.829,253.990,34.838,17.095,0.00982,-0.8272,0.8272,heliosheath,neptune,102.0136,103.3597,107.6170,110.4948,102.0136,0.333,-0.0004,-0.0139
VG1,274414198.0,2008-09-11,107.450,254.032,34.843,17.091,0.00982,-0.8272,0.8272,heliosheath,neptune,102.7563,104.2402,107.9447,111.2817,102.7563,63.333,-0.0296,-0.0054
VG1,274442998.1,2008-09-11,107.454,254.033,34.843,17.091,0.00982,-0.8272,0.8272,heliosheath,neptune,102.7602,104.2449,107.9464,111.2859,102.7602,0.333,-0.0002,-0.0069
VG1,275623797.9,2008-09-25,107.588,254.042,34.844,17.090,0.00982,-0.8272,0.8272,heliosheath,neptune,102.9206,104.4386,108.0170,111.4556,102.9206,13.667,-0.0073,-0.0062
VG1,275652598.0,2008-09-25,107.591,254.042,34.844,17.090,0.00982,-0.8272,0.8272,heliosheath,neptune,102.9245,104.4434,108.0187,111.4598,102.9245,0.333,-0.0004,-0.0139
VG1,278474997.9,2008-10-28,107.912,254.064,34.847,17.088,0.00982,-0.8272,0.8272,heliosheath,neptune,103.3079,104.9118,108.1872,111.8655,103.3079,32.667,-0.0085,-0.0030
VG1,278503797.7,2008-10-28,107.915,254.064,34.847,17.088,0.00982,-0.8272,0.8272,heliosheath,neptune,103.3118,104.9166,108.1889,111.8697,103.3118,0.333,0.0000,0.0000
VG1,280462197.6,2008-11-20,108.138,254.079,34.849,17.087,0.00981,-0.8272,0.8272,heliosheath,neptune,103.5779,105.2458,108.3057,112.1511,103.5779,22.667,-0.0296,-0.0151
VG1,280490997.5,2008-11-20,108.141,254.079,34.849,17.087,0.00981,-0.8272,0.8272,heliosheath,neptune,103.5818,105.2506,108.3074,112.1553,103.5818,0.333,-0.0002,-0.0073
VG1,283745397.1,2008-12-28,108.511,254.104,34.852,17.085,0.00981,-0.8272,0.8272,heliosheath,neptune,104.0241,105.8049,108.5014,112.6230,104.0241,37.667,-0.0576,-0.0177
VG1,283774197.2,2008-12-28,108.514,254.104,34.852,17.085,0.00981,-0.8272,0.8272,heliosheath,neptune,104.0280,105.8099,108.5031,112.6271,104.0280,0.333,-0.0010,-0.0351
VG1,284040069.2,2009-01-01,108.544,254.106,34.852,17.085,0.00981,-0.8272,0.8272,heliosheath,neptune,104.0642,105.8555,108.5190,112.6653,104.0642,3.077,-0.0053,-0.0200
VG1,288122996.7,2009-02-17,109.008,254.137,34.856,17.083,0.00981,-0.8272,0.8272,heliosheath,neptune,104.6194,106.5638,108.7622,113.2518,104.6194,47.256,-0.0756,-0.0185
VG1,288151796.9,2009-02-17,109.011,254.137,34.856,17.083,0.00981,-0.8272,0.8272,heliosheath,neptune,104.6233,106.5688,108.7639,113.2560,104.6233,0.333,-0.0002,-0.0073
VG1,290052596.7,2009-03-11,109.227,254.151,34.858,17.081,0.00981,-0.8272,0.8272,heliosheath,neptune,104.8818,106.9028,108.8771,113.5290,104.8818,22.000,-0.0199,-0.0105
VG1,290081396.9,2009-03-11,109.230,254.151,34.858,17.081,0.00981,-0.8272,0.8272,heliosheath,neptune,104.8858,106.9079,108.8789,113.5331,104.8858,0.333,0.0000,0.0000
VG1,290714997.0,2009-03-19,109.302,254.156,34.859,17.081,0.00981,-0.8272,0.8272,heliosheath,neptune,104.9720,107.0197,108.9166,113.6241,104.9720,7.333,-0.0099,-0.0156
VG1,290743796.7,2009-03-19,109.305,254.156,34.859,17.081,0.00981,-0.8272,0.8272,heliosheath,neptune,104.9759,107.0248,108.9183,113.6282,104.9759,0.333,0.0000,0.0000
VG1,292903796.1,2009-04-13,109.551,254.172,34.861,17.080,0.00981,-0.8272,0.8272,heliosheath,neptune,105.2698,107.4084,109.0471,113.9384,105.2698,25.000,-0.0090,-0.0042
VG1,292932596.4,2009-04-13,109.554,254.172,34.861,17.080,0.00981,-0.8272,0.8272,heliosheath,neptune,105.2737,107.4135,109.0488,113.9425,105.2737,0.333,0.0006,0.0208
VG1,294977396.4,2009-05-07,109.786,254.187,34.863,17.078,0.00981,-0.8272,0.8272,heliosheath,neptune,105.5520,107.7793,109.1707,114.2361,105.5520,23.667,-0.0038,-0.0018
VG1,295006196.2,2009-05-07,109.789,254.188,34.863,17.078,0.00981,-0.8272,0.8272,heliosheath,neptune,105.5560,107.7845,109.1724,114.2402,105.5560,0.333,-0.0002,-0.0066
VG1,296791796.2,2009-05-28,109.992,254.201,34.864,17.077,0.00981,-0.8272,0.8272,heliosheath,neptune,105.7991,108.1061,109.2790,114.4965,105.7991,20.667,-0.0332,-0.0186
VG1,296820596.0,2009-05-28,109.995,254.201,34.864,17.077,0.00981,-0.8272,0.8272,heliosheath,neptune,105.8030,108.1113,109.2807,114.5007,105.8030,0.333,0.0002,0.0073
VG1,302148595.7,2009-07-29,110.600,254.240,34.869,17.074,0.00981,-0.8273,0.8273,heliosheath,neptune,106.5286,109.0811,109.5991,115.2652,106.5286,61.667,-0.0074,-0.0014
VG1,302177395.5,2009-07-29,110.604,254.240,34.869,17.074,0.00981,-0.8273,0.8273,heliosheath,neptune,106.5326,109.0864,109.6008,115.2694,106.5326,0.333,-0.0010,-0.0344
VG1,309492595.1,2009-10-22,111.434,254.293,34.876,17.070,0.00981,-0.8273,0.8273,heliosheath,neptune,107.5296,110.4383,110.0399,116.3184,107.5296,84.667,-0.0243,-0.0033
VG1,309521395.0,2009-10-22,111.437,254.293,34.876,17.070,0.00981,-0.8273,0.8273,heliosheath,neptune,107.5335,110.4437,110.0416,116.3225,107.5335,0.333,-0.0008,-0.0278
VG1,311738994.9,2009-11-17,111.689,254.309,34.878,17.069,0.00981,-0.8273,0.8273,heliosheath,neptune,107.8360,110.8571,110.1752,116.6404,107.8360,25.667,-0.0440,-0.0198
VG1,311767794.6,2009-11-17,111.692,254.309,34.878,17.069,0.00981,-0.8273,0.8273,heliosheath,neptune,107.8399,110.8625,110.1770,116.6445,107.8399,0.333,0.0004,0.0139
VG1,321905393.6,2010-03-15,112.843,254.380,34.887,17.063,0.00981,-0.8273,0.8273,heliosheath,neptune,109.2233,112.7639,110.7922,118.0967,109.2233,117.333,-0.2100,-0.0207
VG1,321934193.7,2010-03-15,112.846,254.381,34.887,17.063,0.00981,-0.8273,0.8273,heliosheath,neptune,109.2272,112.7693,110.7940,118.1008,109.2272,0.333,-0.0006,-0.0212
VG1,327521393.0,2010-05-19,113.480,254.419,34.892,17.061,0.00980,-0.8273,0.8273,heliosheath,neptune,109.9904,113.8193,111.1367,118.9005,109.9904,64.667,-0.0660,-0.0118
VG1,327550192.9,2010-05-19,113.484,254.420,34.892,17.061,0.00980,-0.8273,0.8273,heliosheath,neptune,109.9943,113.8247,111.1384,118.9046,109.9943,0.333,-0.0002,-0.0069
VG1,329738992.7,2010-06-13,113.732,254.435,34.894,17.060,0.00980,-0.8274,0.8274,heliosheath,neptune,110.2934,114.2352,111.2735,119.2177,110.2934,25.333,-0.0334,-0.0153
VG1,329767792.5,2010-06-14,113.735,254.435,34.894,17.060,0.00980,-0.8274,0.8274,heliosheath,neptune,110.2973,114.2406,111.2753,119.2218,110.2973,0.333,0.0002,0.0069
VG1,331092592.1,2010-06-29,113.886,254.444,34.895,17.059,0.00980,-0.8274,0.8274,heliosheath,neptune,110.4783,114.4887,111.3573,119.4113,110.4783,15.333,0.0000,0.0000
VG1,331121392.3,2010-06-29,113.889,254.444,34.895,17.059,0.00980,-0.8274,0.8274,heliosheath,neptune,110.4823,114.4941,111.3591,119.4154,110.4823,0.333,-0.0008,-0.0274
VG1,335239791.8,2010-08-16,114.356,254.472,34.899,17.057,0.00980,-0.8274,0.8274,heliosheath,neptune,111.0453,115.2628,111.6153,120.0043,111.0453,47.667,-0.0106,-0.0026
VG1,335268591.9,2010-08-16,114.360,254.472,34.899,17.057,0.00980,-0.8274,0.8274,heliosheath,neptune,111.0492,115.2681,111.6171,120.0084,111.0492,0.333,0.0000,0.0003
VG1,339041391.3,2010-09-29,114.788,254.498,34.902,17.055,0.00980,-0.8274,0.8274,heliosheath,neptune,111.5652,115.9679,111.8536,120.5475,111.5652,43.667,-0.0189,-0.0050
VG1,339070191.5,2010-09-29,114.791,254.498,34.902,17.055,0.00980,-0.8274,0.8274,heliosheath,neptune,111.5691,115.9732,111.8554,120.5516,111.5691,0.333,-0.0008,-0.0278
VG1,343678190.7,2010-11-22,115.314,254.529,34.906,17.054,0.00980,-0.8274,0.8274,heliosheath,saturn,112.1466,116.8202,112.1466,121.2098,112.1995,53.333,-0.0845,-0.0183
VG1,343706990.6,2010-11-22,115.317,254.529,34.906,17.054,0.00980,-0.8274,0.8274,heliosheath,saturn,112.1485,116.8255,112.1485,121.2139,112.2035,0.333,-0.0008,-0.0278
VG1,353556589.3,2011-03-16,116.434,254.594,34.914,17.050,0.00980,-0.8275,0.8275,heliosheath,saturn,112.7811,118.5986,112.7811,122.6193,113.5520,114.000,-0.0871,-0.0088
VG1,353585389.4,2011-03-16,116.438,254.594,34.914,17.050,0.00980,-0.8275,0.8275,heliosheath,saturn,112.7830,118.6037,112.7830,122.6234,113.5559,0.333,-0.0004,-0.0142
VG1,357041388.9,2011-04-25,116.830,254.616,34.916,17.049,0.00980,-0.8275,0.8275,heliosheath,saturn,113.0085,119.2109,113.0085,123.1161,114.0294,40.000,-0.0340,-0.0098
VG1,357070188.8,2011-04-26,116.833,254.616,34.916,17.049,0.00980,-0.8275,0.8275,heliosheath,saturn,113.0104,119.2159,113.0104,123.1202,114.0333,0.333,-0.0010,-0.0347
VG1,371786986.2,2011-10-13,118.502,254.710,34.928,17.044,0.00980,-0.8276,0.8276,heliosheath,saturn,113.9941,121.6915,113.9941,125.2153,116.0511,170.333,-0.1592,-0.0108
VG1,371815786.1,2011-10-13,118.506,254.711,34.928,17.044,0.00980,-0.8276,0.8276,heliosheath,saturn,113.9961,121.6962,113.9961,125.2194,116.0551,0.333,-0.0008,-0.0278
VG1,374206185.6,2011-11-10,118.777,254.726,34.930,17.043,0.00980,-0.8276,0.8276,heliosheath,saturn,114.1597,122.0791,114.1597,125.5592,116.3831,27.667,-0.0111,-0.0046
VG1,374234985.4,2011-11-10,118.780,254.726,34.930,17.043,0.00980,-0.8276,0.8276,heliosheath,saturn,114.1617,122.0837,114.1617,125.5633,116.3870,0.333,-0.0006,-0.0212
VG1,375185384.9,2011-11-21,118.888,254.732,34.931,17.043,0.00980,-0.8276,0.8276,heliosheath,saturn,114.2271,122.2344,114.2271,125.6984,116.5174,11.000,-0.0076,-0.0080
VG1,375214185.2,2011-11-22,118.891,254.732,34.931,17.043,0.00980,-0.8276,0.8276,heliosheath,saturn,114.2291,122.2389,114.2291,125.7025,116.5214,0.333,0.0002,0.0069
VG1,377765865.2,2011-12-21,119.180,254.748,34.933,17.042,0.00980,-0.8276,0.8276,heliosheath,saturn,114.4055,122.6386,114.4055,126.0651,116.8716,29.533,0.0296,0.0116
VG1,378831464.9,2012-01-03,119.301,254.754,34.933,17.042,0.00980,-0.8276,0.8276,heliosheath,saturn,114.4796,122.8034,114.4796,126.2164,117.0179,12.333,-0.0113,-0.0106
VG1,378860264.6,2012-01-03,119.305,254.754,34.933,17.042,0.00980,-0.8276,0.8276,heliosheath,saturn,114.4816,122.8079,114.4816,126.2205,117.0218,0.333,-0.0000,-0.0003
VG1,387788263.5,2012-04-15,120.317,254.809,34.940,17.040,0.00980,-0.8276,0.8276,heliosheath,saturn,115.1120,124.1396,115.1120,127.4877,118.2479,103.333,-0.0516,-0.0058
VG1,387817063.4,2012-04-16,120.320,254.809,34.940,17.040,0.00980,-0.8276,0.8276,heliosheath,saturn,115.1141,124.1438,115.1141,127.4917,118.2519,0.333,0.0002,0.0069
VG1,391618662.7,2012-05-30,120.751,254.833,34.943,17.038,0.00980,-0.8276,0.8276,heliosheath,saturn,115.3879,124.6830,115.3879,128.0307,118.7742,44.000,-0.0071,-0.0019
VG1,391647462.8,2012-05-30,120.755,254.833,34.943,17.038,0.00980,-0.8276,0.8276,heliosheath,saturn,115.3900,124.6870,115.3900,128.0348,118.7782,0.333,0.0002,0.0073
VG1,394372902.4,2012-07-01,121.064,254.849,34.945,17.038,0.00980,-0.8276,0.8276,heliosheath,saturn,115.5884,125.0631,115.5884,128.4209,119.1528,31.544,-0.0046,-0.0017
VG1,398041061.9,2012-08-12,121.480,254.871,34.948,17.037,0.00980,-0.8277,0.8277,heliosheath,saturn,115.8581,125.5551,115.8581,128.9404,119.6570,42.456,-0.0058,-0.0016
VG1,398069862.1,2012-08-12,121.483,254.871,34.948,17.037,0.00980,-0.8277,0.8277,heliosheath,saturn,115.8603,125.5589,115.8603,128.9445,119.6610,0.333,-0.0010,-0.0344
VG1,398905062.2,2012-08-22,121.578,254.876,34.948,17.037,0.00980,-0.8277,0.8277,heliosheath,saturn,115.9222,125.6686,115.9222,129.0627,119.7758,9.667,-0.0126,-0.0151
VG1,398933862.0,2012-08-22,121.581,254.876,34.948,17.037,0.00980,-0.8277,0.8277,heliosheath,saturn,115.9243,125.6724,115.9243,129.0667,119.7798,0.333,-0.0006,-0.0208
VG1,401324261.6,2012-09-19,121.852,254.891,34.950,17.036,0.00980,-0.8277,0.8277,vlism,saturn,116.1024,125.9817,116.1024,129.4050,120.1085,27.667,-0.0306,-0.0128
VG1,401353061.7,2012-09-19,121.855,254.891,34.950,17.036,0.00980,-0.8277,0.8277,vlism,saturn,116.1045,125.9854,116.1045,129.4091,120.1125,0.333,-0.0002,-0.0069
VG1,402447461.8,2012-10-02,121.979,254.897,34.951,17.036,0.00980,-0.8277,0.8277,vlism,saturn,116.1866,126.1246,116.1866,129.5639,120.2630,12.667,-0.0033,-0.0031
VG1,402476261.5,2012-10-02,121.983,254.898,34.951,17.036,0.00980,-0.8277,0.8277,vlism,saturn,116.1887,126.1283,116.1887,129.5680,120.2669,0.333,-0.0008,-0.0278
VG1,404434661.2,2012-10-25,122.205,254.909,34.952,17.035,0.00980,-0.8277,0.8277,vlism,saturn,116.3363,126.3737,116.3363,129.8449,120.5363,22.667,-0.0275,-0.0140
VG1,404463461.0,2012-10-25,122.208,254.909,34.952,17.035,0.00980,-0.8277,0.8277,vlism,saturn,116.3384,126.3773,116.3384,129.8490,120.5403,0.333,-0.0002,-0.0073
VG1,405903460.5,2012-11-11,122.371,254.918,34.953,17.035,0.00980,-0.8277,0.8277,vlism,saturn,116.4475,126.5547,116.4475,130.0526,120.7384,16.667,-0.0212,-0.0147
VG1,405932260.7,2012-11-11,122.375,254.918,34.953,17.035,0.00980,-0.8277,0.8277,vlism,saturn,116.4497,126.5582,116.4497,130.0566,120.7423,0.333,0.0004,0.0139
VG1,407343460.6,2012-11-28,122.535,254.926,34.954,17.035,0.00980,-0.8277,0.8277,vlism,saturn,116.5572,126.7296,116.5572,130.2561,120.9365,16.333,-0.0217,-0.0154
VG1,407372260.8,2012-11-28,122.538,254.926,34.954,17.035,0.00980,-0.8277,0.8277,vlism,saturn,116.5594,126.7331,116.5594,130.2601,120.9404,0.333,0.0002,0.0066
VG1,409733860.7,2012-12-25,122.806,254.940,34.956,17.034,0.00980,-0.8277,0.8277,vlism,saturn,116.7404,127.0144,116.7404,130.5938,121.2654,27.333,-0.0053,-0.0023
VG1,409762660.3,2012-12-26,122.809,254.940,34.956,17.034,0.00980,-0.8277,0.8277,vlism,saturn,116.7426,127.0178,116.7426,130.5979,121.2693,0.333,0.0004,0.0135
VG1,413909859.6,2013-02-12,123.279,254.965,34.959,17.033,0.00980,-0.8277,0.8277,vlism,saturn,117.0640,127.4951,117.0640,131.1834,121.8401,48.000,-0.0029,-0.0007
VG1,413938659.8,2013-02-12,123.282,254.965,34.959,17.033,0.00980,-0.8277,0.8277,vlism,saturn,117.0662,127.4984,117.0662,131.1875,121.8441,0.333,-0.0002,-0.0073
VG1,416156259.4,2013-03-10,123.534,254.978,34.960,17.033,0.00980,-0.8277,0.8277,vlism,saturn,117.2400,127.7450,117.2400,131.5004,122.1494,25.667,-0.0284,-0.0128
VG1,416185059.7,2013-03-10,123.537,254.978,34.960,17.033,0.00980,-0.8277,0.8277,vlism,saturn,117.2422,127.7481,117.2422,131.5044,122.1533,0.333,-0.0008,-0.0278
VG1,417481059.8,2013-03-25,123.684,254.985,34.961,17.032,0.00980,-0.8277,0.8277,vlism,saturn,117.3444,127.8895,117.3444,131.6872,122.3318,15.000,-0.0131,-0.0101
VG1,417509859.5,2013-03-25,123.687,254.985,34.961,17.032,0.00980,-0.8277,0.8277,vlism,saturn,117.3467,127.8926,117.3467,131.6913,122.3357,0.333,0.0008,0.0278
VG1,425545057.7,2013-06-26,124.598,255.031,34.967,17.031,0.00980,-0.8277,0.8277,vlism,saturn,117.9905,128.7240,117.9905,132.8235,123.4424,93.000,-0.0950,-0.0118
VG1,425573857.9,2013-06-27,124.602,255.032,34.967,17.031,0.00980,-0.8277,0.8277,vlism,saturn,117.9928,128.7269,117.9928,132.8276,123.4463,0.333,-0.0002,-0.0066
VG1,428972257.2,2013-08-05,124.987,255.051,34.969,17.030,0.00980,-0.8277,0.8277,vlism,saturn,118.2706,129.0558,118.2706,133.3059,123.9145,39.333,-0.0159,-0.0047
VG1,429001057.4,2013-08-05,124.990,255.051,34.969,17.030,0.00980,-0.8277,0.8277,vlism,saturn,118.2730,129.0585,118.2730,133.3099,123.9185,0.333,-0.0008,-0.0274
VG1,433465056.3,2013-09-26,125.496,255.076,34.972,17.029,0.00980,-0.8277,0.8277,vlism,saturn,118.6430,129.4706,118.6430,133.9377,124.5337,51.667,-0.0342,-0.0077
VG1,433493856.5,2013-09-26,125.500,255.076,34.972,17.029,0.00980,-0.8277,0.8277,vlism,saturn,118.6454,129.4732,118.6454,133.9417,124.5377,0.333,-0.0008,-0.0278
VG1,439426655.2,2013-12-04,126.172,255.109,34.976,17.028,0.00980,-0.8277,0.8277,vlism,saturn,119.1462,129.9870,119.1462,134.7751,125.3555,68.667,-0.0028,-0.0005
VG1,439455455.1,2013-12-04,126.176,255.109,34.976,17.028,0.00980,-0.8277,0.8277,vlism,saturn,119.1486,129.9894,119.1486,134.7791,125.3595,0.333,-0.0006,-0.0208
VG1,447346653.4,2014-03-06,127.070,255.153,34.981,17.026,0.00980,-0.8276,0.8276,vlism,saturn,119.8311,130.6164,119.8311,135.8859,126.4478,91.333,-0.1577,-0.0200
VG1,447375453.8,2014-03-06,127.074,255.153,34.981,17.026,0.00980,-0.8276,0.8276,vlism,saturn,119.8337,130.6186,119.8337,135.8899,126.4518,0.333,-0.0002,-0.0069
VG1,448815454.0,2014-03-23,127.237,255.161,34.981,17.026,0.00979,-0.8276,0.8276,vlism,saturn,119.9603,130.7264,119.9603,136.0916,126.6504,16.667,-0.0102,-0.0071
VG1,448844253.7,2014-03-23,127.240,255.161,34.982,17.026,0.00979,-0.8276,0.8276,vlism,saturn,119.9628,130.7285,119.9628,136.0957,126.6544,0.333,-0.0002,-0.0069
VG1,455209052.5,2014-06-05,127.962,255.196,34.985,17.024,0.00979,-0.8276,0.8276,vlism,saturn,120.5302,131.1822,120.5302,136.9865,127.5326,73.667,-0.0306,-0.0048
VG1,455237852.7,2014-06-05,127.965,255.196,34.985,17.024,0.00979,-0.8276,0.8276,vlism,saturn,120.5328,131.1842,120.5328,136.9906,127.5366,0.333,-0.0002,-0.0066
VG1,472114649.6,2014-12-17,129.878,255.286,34.996,17.020,0.00979,-0.8275,0.8275,vlism,saturn,122.0995,132.2292,122.0995,139.3462,129.8668,195.333,-0.0691,-0.0041
VG1,472143449.2,2014-12-18,129.881,255.286,34.996,17.020,0.00979,-0.8275,0.8275,vlism,saturn,122.1023,132.2308,122.1023,139.3502,129.8708,0.333,-0.0002,-0.0073
VG1,488357845.4,2015-06-23,131.719,255.370,35.005,17.015,0.00979,-0.8274,0.8274,vlism,saturn,123.6951,133.0710,123.6951,141.6038,132.1114,187.667,-0.2594,-0.0160
VG1,488386645.5,2015-06-24,131.722,255.370,35.005,17.015,0.00979,-0.8274,0.8274,vlism,saturn,123.6980,133.0724,123.6980,141.6078,132.1154,0.333,-0.0010,-0.0344
VG1,488980885.4,2015-07-01,131.789,255.373,35.005,17.015,0.00979,-0.8274,0.8274,vlism,saturn,123.7580,133.1010,123.7580,141.6902,132.1975,6.878,-0.0037,-0.0063
VG1,493541844.1,2015-08-22,132.306,255.396,35.008,17.014,0.00979,-0.8274,0.8274,vlism,saturn,124.2227,133.3169,124.2227,142.3223,132.8281,52.789,-0.0289,-0.0063
VG1,493570644.3,2015-08-23,132.309,255.397,35.008,17.014,0.00979,-0.8274,0.8274,vlism,saturn,124.2257,133.3183,124.2257,142.3263,132.8321,0.333,-0.0008,-0.0274
VG1,499013843.0,2015-10-25,132.926,255.424,35.011,17.012,0.00979,-0.8274,0.8274,vlism,saturn,124.7895,133.5690,124.7895,143.0796,133.5848,63.000,-0.0855,-0.0157
VG1,499042643.2,2015-10-25,132.930,255.424,35.011,17.012,0.00979,-0.8274,0.8274,vlism,saturn,124.7925,133.5703,124.7925,143.0836,133.5887,0.333,-0.0008,-0.0281
VG1,501173842.8,2015-11-19,133.171,255.435,35.012,17.011,0.00979,-0.8274,0.8274,vlism,saturn,125.0160,133.6669,125.0160,143.3782,133.8835,24.667,-0.0290,-0.0136
VG1,501202642.5,2015-11-19,133.174,255.435,35.012,17.011,0.00979,-0.8274,0.8274,vlism,saturn,125.0191,133.6682,125.0191,143.3822,133.8875,0.333,0.0002,0.0069
VG1,510735440.4,2016-03-08,134.254,255.483,35.017,17.008,0.00979,-0.8273,0.8273,vlism,saturn,126.0376,134.0952,126.0376,144.6979,135.2062,110.333,-0.0753,-0.0079
VG1,510764240.3,2016-03-09,134.258,255.483,35.017,17.008,0.00979,-0.8273,0.8273,vlism,saturn,126.0407,134.0965,126.0407,144.7019,135.2102,0.333,-0.0006,-0.0208
VG1,515429839.1,2016-05-02,134.786,255.506,35.020,17.007,0.00979,-0.8273,0.8273,vlism,saturn,126.5505,134.3055,126.5505,145.3445,135.8558,54.000,-0.0536,-0.0115
VG1,515458639.1,2016-05-02,134.789,255.506,35.020,17.007,0.00979,-0.8273,0.8273,vlism,saturn,126.5537,134.3068,126.5537,145.3484,135.8598,0.333,-0.0010,-0.0347
VG1,516725838.8,2016-05-17,134.933,255.512,35.021,17.006,0.00979,-0.8273,0.8273,vlism,saturn,126.6934,134.3639,126.6934,145.5228,136.0352,14.667,-0.0178,-0.0140
VG1,516754638.7,2016-05-17,134.936,255.512,35.021,17.006,0.00979,-0.8273,0.8273,vlism,saturn,126.6966,134.3652,126.6966,145.5268,136.0391,0.333,0.0000,0.0003
VG1,517129038.5,2016-05-21,134.979,255.514,35.021,17.006,0.00979,-0.8272,0.8272,vlism,saturn,126.7380,134.3822,126.7380,145.5783,136.0910,4.333,-0.0001,-0.0003
VG1,517157838.7,2016-05-22,134.982,255.514,35.021,17.006,0.00979,-0.8272,0.8272,vlism,saturn,126.7412,134.3835,126.7412,145.5822,136.0949,0.333,-0.0008,-0.0278
VG1,517849039.0,2016-05-30,135.060,255.518,35.021,17.006,0.00979,-0.8272,0.8272,vlism,saturn,126.8177,134.4147,126.8177,145.6773,136.1906,8.000,-0.0062,-0.0090
VG1,517877838.5,2016-05-30,135.063,255.518,35.021,17.006,0.00979,-0.8272,0.8272,vlism,saturn,126.8209,134.4160,126.8209,145.6813,136.1946,0.333,-0.0004,-0.0135
VG1,519087438.2,2016-06-13,135.200,255.524,35.022,17.005,0.00979,-0.8272,0.8272,vlism,saturn,126.9553,134.4709,126.9553,145.8476,136.3620,14.000,-0.0091,-0.0075
VG1,519116238.4,2016-06-13,135.204,255.524,35.022,17.005,0.00979,-0.8272,0.8272,vlism,saturn,126.9585,134.4723,126.9585,145.8516,136.3660,0.333,-0.0006,-0.0205
VG1,519634638.3,2016-06-19,135.262,255.526,35.022,17.005,0.00979,-0.8272,0.8272,vlism,saturn,127.0162,134.4959,127.0162,145.9228,136.4377,6.000,-0.0032,-0.0063
VG1,519663438.2,2016-06-20,135.266,255.526,35.022,17.005,0.00979,-0.8272,0.8272,vlism,saturn,127.0194,134.4972,127.0194,145.9268,136.4417,0.333,0.0002,0.0073
VG1,522658637.5,2016-07-24,135.605,255.541,35.024,17.004,0.00979,-0.8272,0.8272,vlism,saturn,127.3548,134.6346,127.3548,146.3384,136.8563,34.667,-0.0038,-0.0013
VG1,522687437.6,2016-07-25,135.608,255.541,35.024,17.004,0.00979,-0.8272,0.8272,vlism,saturn,127.3581,134.6359,127.3581,146.3423,136.8603,0.333,-0.0010,-0.0344
VG1,523954637.5,2016-08-08,135.752,255.547,35.024,17.004,0.00979,-0.8272,0.8272,vlism,saturn,127.5009,134.6947,127.5009,146.5163,137.0357,14.667,-0.0098,-0.0078
VG1,523983437.1,2016-08-09,135.755,255.547,35.024,17.004,0.00979,-0.8272,0.8272,vlism,saturn,127.5042,134.6960,127.5042,146.5203,137.0397,0.333,0.0002,0.0069
VG1,525049036.7,2016-08-21,135.876,255.553,35.025,17.003,0.00979,-0.8272,0.8272,vlism,saturn,127.6247,134.7457,127.6247,146.6665,137.1872,12.333,-0.0081,-0.0076
VG1,525077836.8,2016-08-21,135.879,255.553,35.025,17.003,0.00979,-0.8272,0.8272,vlism,saturn,127.6280,134.7471,127.6280,146.6705,137.1912,0.333,0.0000,0.0000
VG1,531154634.9,2016-10-31,136.567,255.582,35.028,17.001,0.00978,-0.8272,0.8272,vlism,saturn,128.3228,135.0370,128.3228,147.5037,138.0325,70.333,-0.0147,-0.0024
VG1,531183435.2,2016-10-31,136.570,255.582,35.028,17.001,0.00978,-0.8272,0.8272,vlism,saturn,128.3261,135.0384,128.3261,147.5077,138.0365,0.333,-0.0006,-0.0208
VG1,532364234.9,2016-11-14,136.704,255.588,35.029,17.000,0.00978,-0.8271,0.8271,vlism,saturn,128.4626,135.0962,128.4626,147.6694,138.2000,13.667,-0.0056,-0.0048
VG1,532393034.7,2016-11-14,136.707,255.588,35.029,17.000,0.00978,-0.8271,0.8271,vlism,saturn,128.4659,135.0976,128.4659,147.6733,138.2039,0.333,-0.0006,-0.0212
VG1,534869834.0,2016-12-13,136.988,255.600,35.030,17.000,0.00978,-0.8271,0.8271,vlism,saturn,128.7537,135.2206,128.7537,148.0123,138.5469,28.667,-0.0107,-0.0043
VG1,534898634.1,2016-12-13,136.991,255.600,35.030,17.000,0.00978,-0.8271,0.8271,vlism,saturn,128.7570,135.2221,128.7570,148.0163,138.5509,0.333,-0.0002,-0.0073
VG1,536500873.6,2017-01-01,137.173,255.608,35.031,16.999,0.00978,-0.8271,0.8271,vlism,saturn,128.9443,135.3031,128.9443,148.2355,138.7728,18.544,-0.0772,-0.0482
VG1,536857033.5,2017-01-05,137.213,255.609,35.031,16.999,0.00978,-0.8271,0.8271,vlism,saturn,128.9861,135.3212,128.9861,148.2842,138.8221,4.122,-0.0004,-0.0012
VG1,536885833.5,2017-01-05,137.216,255.609,35.031,16.999,0.00978,-0.8271,0.8271,vlism,saturn,128.9894,135.3227,128.9894,148.2881,138.8261,0.333,0.0002,0.0066
VG1,537893833.0,2017-01-17,137.330,255.614,35.032,16.999,0.00978,-0.8271,0.8271,vlism,saturn,129.1078,135.3744,129.1078,148.4259,138.9657,11.667,-0.0063,-0.0063
VG1,537922633.2,2017-01-17,137.334,255.614,35.032,16.999,0.00978,-0.8271,0.8271,vlism,saturn,129.1112,135.3759,129.1112,148.4298,138.9696,0.333,-0.0010,-0.0351
VG1,546994630.7,2017-05-02,138.361,255.657,35.036,16.995,0.00978,-0.8270,0.8270,vlism,saturn,130.1921,135.8650,130.1921,149.6681,140.2261,105.000,-0.0531,-0.0058
VG1,547023430.6,2017-05-02,138.364,255.657,35.036,16.995,0.00978,-0.8270,0.8270,vlism,saturn,130.1956,135.8666,130.1956,149.6721,140.2301,0.333,-0.0004,-0.0139
VG1,552985028.8,2017-07-10,139.039,255.685,35.039,16.992,0.00978,-0.8270,0.8270,vlism,saturn,130.9208,136.2147,130.9208,150.4838,141.0560,69.000,-0.0874,-0.0147
VG1,553013828.7,2017-07-11,139.042,255.685,35.039,16.992,0.00978,-0.8270,0.8270,vlism,saturn,130.9243,136.2165,130.9243,150.4877,141.0600,0.333,0.0000,0.0003
VG1,558485826.9,2017-09-12,139.662,255.710,35.042,16.990,0.00978,-0.8270,0.8270,vlism,saturn,131.6003,136.5578,131.6003,151.2314,141.8181,63.333,-0.0236,-0.0043
VG1,558514626.8,2017-09-12,139.665,255.710,35.042,16.990,0.00978,-0.8270,0.8270,vlism,saturn,131.6039,136.5596,131.6039,151.2353,141.8221,0.333,0.0002,0.0069
VG1,562172225.5,2017-10-25,140.079,255.727,35.044,16.989,0.00978,-0.8269,0.8269,vlism,saturn,132.0612,136.8006,132.0612,151.7316,142.3289,42.333,-0.0064,-0.0017
VG1,562201025.5,2017-10-25,140.082,255.727,35.044,16.989,0.00978,-0.8269,0.8269,vlism,saturn,132.0648,136.8025,132.0648,151.7355,142.3329,0.333,0.0002,0.0069
VG1,566117823.9,2017-12-09,140.526,255.745,35.046,16.987,0.00978,-0.8269,0.8269,vlism,saturn,132.5593,137.0728,132.5593,152.2663,142.8756,45.333,-0.0083,-0.0021
VG1,566146624.1,2017-12-10,140.529,255.745,35.046,16.987,0.00978,-0.8269,0.8269,vlism,saturn,132.5630,137.0748,132.5630,152.2703,142.8796,0.333,-0.0010,-0.0351
VG1,566509503.9,2017-12-14,140.570,255.747,35.046,16.987,0.00978,-0.8269,0.8269,vlism,saturn,132.6091,137.1005,132.6091,152.3194,142.9299,4.200,-0.0077,-0.0214
VG1,571059902.2,2018-02-04,141.085,255.768,35.048,16.985,0.00978,-0.8269,0.8269,vlism,saturn,133.1904,137.4328,133.1904,152.9351,143.5605,52.666,-0.0011,-0.0002
VG1,571088702.3,2018-02-05,141.088,255.768,35.048,16.985,0.00978,-0.8269,0.8269,vlism,saturn,133.1941,137.4350,133.1941,152.9390,143.5645,0.333,-0.0008,-0.0265
VG1,574775101.3,2018-03-19,141.505,255.784,35.050,16.983,0.00978,-0.8269,0.8269,vlism,saturn,133.6698,137.7182,133.6698,153.4370,144.0754,42.667,-0.0011,-0.0003
VG1,574803901.1,2018-03-20,141.509,255.784,35.050,16.983,0.00978,-0.8269,0.8269,vlism,saturn,133.6736,137.7205,133.6736,153.4409,144.0794,0.333,-0.0001,-0.0037
VG1,582608698.6,2018-06-18,142.392,255.819,35.054,16.980,0.00978,-0.8268,0.8268,vlism,saturn,134.6950,138.3642,134.6950,154.4933,145.1612,90.333,0.0011,0.0001
VG1,582637498.5,2018-06-18,142.395,255.819,35.054,16.980,0.00978,-0.8268,0.8268,vlism,saturn,134.6988,138.3667,134.6988,154.4971,145.1652,0.333,-0.0002,-0.0057
VG1,593466294.7,2018-10-22,143.620,255.867,35.059,16.975,0.00977,-0.8268,0.8268,vlism,saturn,136.1470,139.3655,136.1470,155.9523,146.6663,125.333,0.0023,0.0002
VG1,593495094.5,2018-10-22,143.623,255.867,35.059,16.975,0.00977,-0.8268,0.8268,vlism,saturn,136.1509,139.3683,136.1509,155.9562,146.6703,0.333,-0.0006,-0.0225
VG1,596202293.4,2018-11-22,143.929,255.879,35.060,16.974,0.00977,-0.8268,0.8268,vlism,saturn,136.5185,139.6383,136.5185,156.3191,147.0456,31.333,-0.0008,-0.0003
VG1,596231093.5,2018-11-23,143.933,255.879,35.060,16.974,0.00977,-0.8268,0.8268,vlism,saturn,136.5225,139.6412,136.5225,156.3229,147.0496,0.333,0.0006,0.0197
VG1,598794292.5,2018-12-22,144.223,255.890,35.062,16.973,0.00977,-0.8268,0.8268,vlism,saturn,136.8725,139.9045,136.8725,156.6662,147.4050,29.667,-0.0013,-0.0005
VG1,598823092.5,2018-12-23,144.226,255.890,35.062,16.973,0.00977,-0.8268,0.8268,vlism,saturn,136.8765,139.9075,136.8765,156.6700,147.4090,0.333,0.0002,0.0070
VG1,601357491.5,2019-01-21,144.512,255.901,35.063,16.972,0.00977,-0.8268,0.8268,vlism,saturn,137.2245,140.1754,137.2245,157.0091,147.7603,29.333,-0.0010,-0.0004
VG1,601386291.5,2019-01-21,144.516,255.901,35.063,16.972,0.00977,-0.8268,0.8268,vlism,saturn,137.2285,140.1785,137.2285,157.0129,147.7643,0.333,-0.0001,-0.0018
VG1,602250291.2,2019-01-31,144.613,255.905,35.063,16.971,0.00977,-0.8267,0.8267,vlism,saturn,137.3476,140.2715,137.3476,157.1284,147.8841,10.000,-0.0001,-0.0001
VG1,602279091.1,2019-02-01,144.617,255.905,35.063,16.971,0.00977,-0.8267,0.8267,vlism,saturn,137.3515,140.2746,137.3515,157.1323,147.8881,0.333,-0.0001,-0.0035
VG1,605274290.0,2019-03-07,144.955,255.918,35.065,16.970,0.00977,-0.8267,0.8267,vlism,saturn,137.7661,140.6040,137.7661,157.5324,148.3034,34.667,-0.0004,-0.0001
VG1,605303089.9,2019-03-08,144.959,255.918,35.065,16.970,0.00977,-0.8267,0.8267,vlism,saturn,137.7701,140.6072,137.7701,157.5363,148.3074,0.333,-0.0001,-0.0051
VG1,608067888.8,2019-04-09,145.271,255.930,35.066,16.968,0.00977,-0.8267,0.8267,vlism,saturn,138.1550,140.9206,138.1550,157.9052,148.6907,32.000,-0.0002,-0.0001
VG1,608096688.7,2019-04-09,145.275,255.930,35.066,16.968,0.00977,-0.8267,0.8267,vlism,saturn,138.1590,140.9239,138.1590,157.9091,148.6947,0.333,0.0002,0.0060
VG1,611783087.2,2019-05-22,145.691,255.946,35.068,16.967,0.00977,-0.8267,0.8267,vlism,saturn,138.6757,141.3559,138.6757,158.4004,149.2058,42.667,0.0002,0.0001
VG1,611811887.2,2019-05-22,145.695,255.946,35.068,16.967,0.00977,-0.8267,0.8267,vlism,saturn,138.6797,141.3594,138.6797,158.4042,149.2098,0.333,0.0004,0.0141
VG1,624483881.7,2019-10-16,147.127,255.999,35.074,16.961,0.00977,-0.8267,0.8267,vlism,saturn,140.4843,142.9671,140.4843,160.0877,150.9669,146.667,0.0027,0.0002
VG1,624512681.6,2019-10-16,147.130,255.999,35.074,16.961,0.00977,-0.8267,0.8267,vlism,saturn,140.4884,142.9710,140.4884,160.0916,150.9709,0.333,0.0001,0.0042
VG1,632202278.3,2020-01-13,148.000,256.031,35.077,16.957,0.00976,-0.8267,0.8267,vlism,saturn,141.6043,144.0381,141.6043,161.1090,152.0371,89.000,-0.0019,-0.0002
VG1,632231078.2,2020-01-13,148.003,256.031,35.077,16.957,0.00976,-0.8267,0.8267,vlism,saturn,141.6085,144.0422,141.6085,161.1128,152.0411,0.333,-0.0004,-0.0124
VG1,638999075.1,2020-04-01,148.768,256.059,35.080,16.955,0.00976,-0.8267,0.8267,vlism,saturn,142.6031,145.0367,142.6031,162.0057,152.9795,78.333,-0.0015,-0.0002
VG1,639027875.0,2020-04-01,148.771,256.059,35.080,16.955,0.00976,-0.8267,0.8267,vlism,saturn,142.6074,145.0411,142.6074,162.0094,152.9835,0.333,0.0002,0.0081
VG1,639949474.6,2020-04-12,148.875,256.063,35.081,16.954,0.00976,-0.8267,0.8267,vlism,saturn,142.7437,145.1804,142.7437,162.1308,153.1113,10.667,0.0005,0.0005
VG1,639978274.5,2020-04-12,148.878,256.063,35.081,16.954,0.00976,-0.8267,0.8267,vlism,saturn,142.7480,145.1847,142.7480,162.1346,153.1153,0.333,-0.0000,-0.0010
VG1,643693472.8,2020-05-25,149.298,256.078,35.082,16.952,0.00976,-0.8267,0.8267,vlism,saturn,143.2996,145.7555,143.2996,162.6235,153.6304,43.000,0.0003,0.0001
VG1,643722272.7,2020-05-25,149.301,256.078,35.082,16.952,0.00976,-0.8267,0.8267,vlism,saturn,143.3039,145.7600,143.3039,162.6273,153.6344,0.333,0.0000,0.0009
VG1,647466271.0,2020-07-08,149.724,256.093,35.084,16.951,0.00976,-0.8267,0.8267,vlism,saturn,143.8631,146.3497,143.8631,163.1191,154.1535,43.333,0.0016,0.0004
VG1,647495070.8,2020-07-08,149.728,256.093,35.084,16.951,0.00976,-0.8267,0.8267,vlism,saturn,143.8674,146.3543,143.8674,163.1229,154.1575,0.333,-0.0004,-0.0147
VG1,654464667.2,2020-09-27,150.515,256.121,35.087,16.948,0.00976,-0.8267,0.8267,vlism,saturn,144.9171,147.4886,144.9171,164.0365,155.1238,80.667,0.0010,0.0001
VG1,654493467.2,2020-09-27,150.518,256.121,35.087,16.948,0.00976,-0.8267,0.8267,vlism,saturn,144.9215,147.4933,144.9215,164.0402,155.1278,0.333,0.0008,0.0285
VG1,662874262.9,2021-01-02,151.465,256.154,35.091,16.945,0.00976,-0.8267,0.8267,vlism,saturn,146.1979,148.9145,146.1979,165.1351,156.2897,97.000,-0.0017,-0.0002
VG1,662903062.8,2021-01-02,151.468,256.154,35.091,16.945,0.00976,-0.8267,0.8267,vlism,saturn,146.2023,148.9195,146.2023,165.1389,156.2937,0.333,-0.0002,-0.0059
VG1,667971860.1,2021-03-02,152.041,256.174,35.093,16.943,0.00976,-0.8267,0.8267,vlism,saturn,146.9816,149.8058,146.9816,165.7991,156.9964,58.667,-0.0011,-0.0002
VG1,668000660.1,2021-03-02,152.044,256.174,35.093,16.943,0.00976,-0.8267,0.8267,vlism,saturn,146.9860,149.8109,146.9860,165.8029,157.0004,0.333,-0.0001,-0.0039
VG1,670794258.6,2021-04-04,152.359,256.185,35.094,16.942,0.00976,-0.8267,0.8267,vlism,saturn,147.4177,150.3070,147.4177,166.1661,157.3876,32.333,0.0002,0.0001
VG1,670823058.5,2021-04-04,152.363,256.185,35.094,16.942,0.00976,-0.8267,0.8267,vlism,saturn,147.4221,150.3122,147.4221,166.1699,157.3916,0.333,-0.0004,-0.0130
VG1,675287056.1,2021-05-26,152.867,256.202,35.096,16.940,0.00976,-0.8268,0.8268,vlism,saturn,148.1151,151.1149,148.1151,166.7494,158.0104,51.667,0.0010,0.0002
VG1,675315856.1,2021-05-26,152.870,256.202,35.096,16.940,0.00976,-0.8268,0.8268,vlism,saturn,148.1196,151.1201,148.1196,166.7531,158.0144,0.333,-0.0006,-0.0200
VG1,679434254.0,2021-07-13,153.335,256.218,35.098,16.938,0.00976,-0.8268,0.8268,vlism,saturn,148.7622,151.8701,148.7622,167.2867,158.5853,47.667,0.0012,0.0003
VG1,679463054.0,2021-07-13,153.338,256.218,35.098,16.938,0.00976,-0.8268,0.8268,vlism,saturn,148.7667,151.8754,148.7667,167.2904,158.5892,0.333,-0.0003,-0.0093
VG1,683610251.9,2021-08-30,153.806,256.234,35.100,16.937,0.00976,-0.8268,0.8268,vlism,saturn,149.4170,152.6384,149.4170,167.8268,159.1640,48.000,0.0011,0.0003
VG1,683639051.8,2021-08-30,153.810,256.234,35.100,16.937,0.00976,-0.8268,0.8268,vlism,saturn,149.4215,152.6437,149.4215,167.8305,159.1680,0.333,0.0004,0.0123
VG1,690551048.3,2021-11-18,154.590,256.260,35.103,16.935,0.00975,-0.8268,0.8268,vlism,saturn,150.5119,153.9282,150.5119,168.7221,160.1259,80.000,0.0001,0.0000
VG1,690579848.2,2021-11-19,154.593,256.260,35.103,16.935,0.00975,-0.8268,0.8268,vlism,saturn,150.5164,153.9336,150.5164,168.7258,160.1299,0.333,-0.0005,-0.0168
VG1,698240644.3,2022-02-15,155.458,256.288,35.106,16.933,0.00975,-0.8269,0.8269,vlism,saturn,151.7339,155.3680,151.7339,169.7106,161.1915,88.667,-0.0027,-0.0003
VG1,698269444.1,2022-02-16,155.461,256.288,35.106,16.933,0.00975,-0.8269,0.8269,vlism,saturn,151.7385,155.3734,151.7385,169.7143,161.1955,0.333,0.0003,0.0111
VG1,704749440.5,2022-05-02,156.193,256.312,35.109,16.931,0.00975,-0.8269,0.8269,vlism,saturn,152.7751,156.5880,152.7751,170.5445,162.0933,75.000,0.0000,0.0000
VG1,704778240.4,2022-05-02,156.196,256.312,35.109,16.931,0.00975,-0.8269,0.8269,vlism,saturn,152.7798,156.5933,152.7798,170.5482,162.0972,0.333,-0.0008,-0.0284
VG1,711575036.7,2022-07-20,156.963,256.337,35.111,16.929,0.00975,-0.8270,0.8270,vlism,saturn,153.8732,157.8611,153.8732,171.4163,163.0388,78.667,0.0019,0.0003
VG1,711603837.1,2022-07-20,156.967,256.337,35.111,16.929,0.00975,-0.8270,0.8270,vlism,saturn,153.8778,157.8664,153.8778,171.4199,163.0428,0.333,-0.0004,-0.0146
VG1,717623034.3,2022-09-28,157.646,256.359,35.114,16.928,0.00975,-0.8270,0.8270,vlism,saturn,154.8508,158.9779,154.8508,172.1863,163.8765,69.667,0.0009,0.0002
VG1,717651834.2,2022-09-28,157.649,256.359,35.114,16.928,0.00975,-0.8270,0.8270,vlism,saturn,154.8555,158.9831,154.8555,172.1899,163.8804,0.333,0.0005,0.0163
VG1,722202232.1,2022-11-20,158.163,256.375,35.116,16.927,0.00975,-0.8271,0.8271,vlism,saturn,155.5938,159.8132,155.5938,172.7678,164.5106,52.667,-0.0000,-0.0000
VG1,722231032.2,2022-11-20,158.166,256.375,35.116,16.927,0.00975,-0.8271,0.8271,vlism,saturn,155.5984,159.8184,155.5984,172.7714,164.5146,0.333,-0.0009,-0.0326
VG1,729546228.6,2023-02-13,158.992,256.401,35.119,16.926,0.00975,-0.8271,0.8271,vlism,saturn,156.7896,161.1285,156.7896,173.6976,165.5275,84.667,-0.0025,-0.0003
VG1,729575028.5,2023-02-13,158.995,256.401,35.119,16.926,0.00975,-0.8271,0.8271,vlism,saturn,156.7943,161.1336,156.7943,173.7012,165.5315,0.333,-0.0003,-0.0088
VG1,733722226.5,2023-04-02,159.463,256.416,35.120,16.925,0.00975,-0.8271,0.8271,vlism,saturn,157.4717,161.8605,157.4717,174.2248,166.1056,48.000,-0.0008,-0.0002
VG1,733751026.5,2023-04-02,159.466,256.416,35.120,16.925,0.00975,-0.8271,0.8271,vlism,saturn,157.4764,161.8655,157.4764,174.2284,166.1096,0.333,0.0000,0.0010
VG1,742160622.1,2023-07-09,160.415,256.445,35.123,16.924,0.00975,-0.8272,0.8272,vlism,saturn,158.8539,163.2973,158.8539,175.2866,167.2736,97.333,0.0014,0.0002
VG1,742189421.9,2023-07-09,160.418,256.445,35.124,16.924,0.00975,-0.8272,0.8272,vlism,saturn,158.8587,163.3021,158.8587,175.2902,167.2775,0.333,0.0001,0.0031
VG1,750253417.4,2023-10-10,161.328,256.472,35.127,16.923,0.00975,-0.8272,0.8272,vlism,saturn,160.1836,164.6145,160.1836,176.3007,168.3934,93.333,0.0020,0.0003
VG1,750282217.4,2023-10-11,161.332,256.473,35.127,16.923,0.00975,-0.8272,0.8272,vlism,saturn,160.1884,164.6191,160.1884,176.3043,168.3974,0.333,-0.0000,-0.0017
VG1,755253190.9,2023-12-07,161.893,256.489,35.128,16.923,0.00975,-0.8273,0.8273,vlism,saturn,161.0066,165.3950,161.0066,176.9250,169.0851,57.534,-48.3792,-9.7323
VG1,785752342.9,2024-11-24,165.334,256.590,35.139,16.921,0.00975,-0.8274,0.8274,vlism,saturn,166.0342,169.5319,166.0342,180.6974,173.3014,352.999,-33.6222,-1.1024
VG1,785781143.0,2024-11-25,165.338,256.590,35.139,16.921,0.00975,-0.8274,0.8274,vlism,saturn,166.0390,169.5353,166.0390,180.7010,173.3054,0.333,0.0006,0.0221
VG1,787825950.3,2024-12-18,165.568,256.597,35.140,16.921,0.00975,-0.8274,0.8274,vlism,saturn,166.3756,169.7721,166.3756,180.9516,173.5879,23.667,-0.0006,-0.0003
VG1,787854753.3,2024-12-19,165.572,256.597,35.140,16.921,0.00975,-0.8274,0.8274,vlism,saturn,166.3803,169.7754,166.3803,180.9552,173.5918,0.333,0.0001,0.0042
VG1,799144340.2,2025-04-28,166.846,256.633,35.144,16.921,0.00975,-0.8274,0.8274,vlism,saturn,168.2354,170.9913,168.2354,182.3339,175.1510,130.667,-0.0023,-0.0002
VG1,799173140.3,2025-04-29,166.849,256.633,35.144,16.921,0.00975,-0.8274,0.8274,vlism,saturn,168.2402,170.9942,168.2402,182.3374,175.1549,0.333,0.0001,0.0050
VG2,-705773813.5,1977-08-20,1.011,328.033,0.020,39.076,-0.00191,0.8999,-0.8999,inner_heliosphere,jupiter,5.5610,5.5610,10.1852,18.9006,30.0000,0.167,0.0284,1.9729
VG2,-705647093.3,1977-08-22,1.009,329.892,0.177,38.933,-0.00158,0.8962,-0.8962,inner_heliosphere,jupiter,5.5342,5.5342,10.1790,18.9303,30.0321,1.467,0.0006,0.0043
VG2,-705632693.3,1977-08-22,1.009,330.104,0.195,38.937,-0.00154,0.8957,-0.8957,inner_heliosphere,jupiter,5.5311,5.5311,10.1783,18.9337,30.0358,0.167,-0.0001,-0.0069
VG2,-705315893.0,1977-08-26,1.004,334.781,0.589,39.016,-0.00077,0.8831,-0.8831,inner_heliosphere,jupiter,5.4631,5.4631,10.1606,19.0069,30.1166,3.667,-0.0001,-0.0004
VG2,-705229493.0,1977-08-27,1.004,336.062,0.696,39.030,-0.00056,0.8793,-0.8793,inner_heliosphere,jupiter,5.4443,5.4443,10.1553,19.0266,30.1387,1.000,0.0012,0.0140
VG2,-704984692.8,1977-08-29,1.003,339.698,0.999,39.044,0.00005,0.8677,-0.8677,inner_heliosphere,jupiter,5.3907,5.3907,10.1391,19.0817,30.2017,2.833,0.0001,0.0006
VG2,-704941492.8,1977-08-30,1.003,340.340,1.051,39.043,0.00015,0.8655,-0.8655,inner_heliosphere,jupiter,5.3812,5.3812,10.1361,19.0913,30.2128,0.500,0.0003,0.0072
VG2,-704610292.5,1977-09-03,1.005,345.255,1.452,38.993,0.00097,0.8476,-0.8476,inner_heliosphere,jupiter,5.3075,5.3075,10.1111,19.1638,30.2982,3.833,0.0003,0.0008
VG2,-704567092.6,1977-09-03,1.006,345.894,1.503,38.981,0.00107,0.8451,-0.8451,inner_heliosphere,jupiter,5.2979,5.2979,10.1076,19.1731,30.3093,0.500,-0.0004,-0.0090
VG2,-704423092.5,1977-09-05,1.008,348.019,1.673,38.934,0.00142,0.8366,-0.8366,inner_heliosphere,jupiter,5.2656,5.2656,10.0956,19.2038,30.3464,1.667,0.0000,0.0001
VG2,-704394292.5,1977-09-05,1.008,348.443,1.706,38.924,0.00149,0.8349,-0.8349,inner_heliosphere,jupiter,5.2591,5.2591,10.0932,19.2099,30.3538,0.333,0.0002,0.0069
VG2,-703731892.1,1977-09-13,1.026,358.047,2.437,38.537,0.00303,0.7912,-0.7912,inner_heliosphere,jupiter,5.1091,5.1091,10.0307,19.3443,30.5232,7.667,0.0003,0.0005
VG2,-703703092.0,1977-09-13,1.027,358.457,2.466,38.515,0.00309,0.7892,-0.7892,inner_heliosphere,jupiter,5.1025,5.1025,10.0277,19.3499,30.5305,0.333,0.0006,0.0208
VG2,-703429491.8,1977-09-16,1.037,2.305,2.740,38.281,0.00369,0.7694,-0.7694,inner_heliosphere,jupiter,5.0403,5.0403,9.9987,19.4019,30.5993,3.167,0.0001,0.0005
VG2,-703400691.8,1977-09-17,1.039,2.705,2.767,38.255,0.00375,0.7673,-0.7673,inner_heliosphere,jupiter,5.0337,5.0337,9.9955,19.4073,30.6065,0.333,-0.0004,-0.0139
VG2,-703155891.7,1977-09-20,1.050,6.069,2.995,38.013,0.00425,0.7488,-0.7488,inner_heliosphere,jupiter,4.9781,4.9781,9.9681,19.4520,30.6673,2.833,-0.0004,-0.0016
VG2,-703127091.7,1977-09-20,1.051,6.460,3.020,37.982,0.00431,0.7466,-0.7466,inner_heliosphere,jupiter,4.9715,4.9715,9.9647,19.4571,30.6744,0.333,0.0004,0.0142
VG2,-702075891.3,1977-10-02,1.116,19.947,3.815,36.681,0.00616,0.6634,-0.6634,inner_heliosphere,jupiter,4.7356,4.7356,9.8340,19.6296,30.9249,12.167,0.0002,0.0001
VG2,-702047091.3,1977-10-02,1.118,20.294,3.833,36.641,0.00620,0.6610,-0.6610,inner_heliosphere,jupiter,4.7292,4.7292,9.8302,19.6339,30.9315,0.333,0.0002,0.0069
VG2,-701378208.0,1977-10-10,1.169,27.988,4.191,35.672,0.00710,0.6071,-0.6071,inner_heliosphere,jupiter,4.5835,4.5835,9.7390,19.7277,31.0804,7.742,-2.8867,-4.3157
VG2,-701349408.0,1977-10-11,1.172,28.303,4.204,35.629,0.00713,0.6048,-0.6048,inner_heliosphere,jupiter,4.5773,4.5773,9.7350,19.7315,31.0866,0.333,-0.0002,-0.0069
VG2,-701211888.0,1977-10-12,1.183,29.794,4.264,35.430,0.00730,0.5938,-0.5938,inner_heliosphere,jupiter,4.5479,4.5479,9.7156,19.7493,31.1161,1.592,0.0002,0.0017
VG2,-701183087.9,1977-10-12,1.186,30.103,4.276,35.387,0.00733,0.5915,-0.5915,inner_heliosphere,jupiter,4.5418,4.5418,9.7116,19.7529,31.1222,0.333,-0.0000,-0.0000
VG2,-700837487.7,1977-10-16,1.216,33.708,4.409,34.860,0.00769,0.5642,-0.5642,inner_heliosphere,jupiter,4.4689,4.4689,9.6623,19.7953,31.1945,4.000,-0.0000,-0.0001
VG2,-700808687.7,1977-10-17,1.218,34.001,4.418,34.816,0.00772,0.5620,-0.5620,inner_heliosphere,jupiter,4.4629,4.4629,9.6581,19.7987,31.2004,0.333,0.0000,0.0000
VG2,-700584047.6,1977-10-19,1.239,36.239,4.491,34.470,0.00793,0.5445,-0.5445,inner_heliosphere,jupiter,4.4163,4.4163,9.6256,19.8246,31.2460,2.600,0.0003,0.0013
VG2,-700555247.7,1977-10-20,1.241,36.521,4.500,34.426,0.00795,0.5422,-0.5422,inner_heliosphere,jupiter,4.4104,4.4104,9.6214,19.8278,31.2518,0.333,-0.0000,-0.0000
VG2,-699743087.4,1977-10-29,1.319,43.990,4.689,33.180,0.00855,0.4811,-0.4811,inner_heliosphere,jupiter,4.2473,4.2473,9.5020,19.9116,31.4080,9.400,-0.0003,-0.0004
VG2,-699714287.5,1977-10-29,1.322,44.238,4.694,33.136,0.00857,0.4790,-0.4790,inner_heliosphere,jupiter,4.2417,4.2417,9.4977,19.9143,31.4133,0.333,-0.0000,-0.0000
VG2,-699028847.3,1977-11-06,1.391,49.849,4.782,32.109,0.00892,0.4305,-0.4305,inner_heliosphere,jupiter,4.1105,4.1105,9.3957,19.9745,31.5351,7.933,0.0003,0.0004
VG2,-699000047.3,1977-11-07,1.394,50.073,4.784,32.066,0.00893,0.4285,-0.4285,inner_heliosphere,jupiter,4.1051,4.1051,9.3914,19.9769,31.5401,0.333,-0.0004,-0.0142
VG2,-698861807.3,1977-11-08,1.409,51.132,4.795,31.864,0.00899,0.4190,-0.4190,inner_heliosphere,jupiter,4.0794,4.0794,9.3708,19.9879,31.5635,1.600,-0.0002,-0.0017
VG2,-698833007.4,1977-11-09,1.412,51.350,4.798,31.822,0.00900,0.4171,-0.4171,inner_heliosphere,jupiter,4.0741,4.0741,9.3665,19.9902,31.5684,0.333,0.0006,0.0208
VG2,-698375087.4,1977-11-14,1.460,54.696,4.821,31.164,0.00916,0.3867,-0.3867,inner_heliosphere,jupiter,3.9908,3.9908,9.2982,20.0243,31.6436,5.300,0.0003,0.0006
VG2,-698346287.3,1977-11-14,1.463,54.899,4.822,31.123,0.00917,0.3849,-0.3849,inner_heliosphere,jupiter,3.9856,3.9856,9.2939,20.0263,31.6482,0.333,0.0002,0.0066
VG2,-697876847.2,1977-11-20,1.513,58.092,4.828,30.471,0.00928,0.3551,-0.3551,inner_heliosphere,jupiter,3.9029,3.9029,9.2242,20.0578,31.7215,5.433,-0.0001,-0.0002
VG2,-697848047.3,1977-11-20,1.516,58.281,4.828,30.431,0.00929,0.3533,-0.3533,inner_heliosphere,jupiter,3.8979,3.8979,9.2199,20.0596,31.7259,0.333,-0.0004,-0.0139
VG2,-697228847.2,1977-11-27,1.583,62.165,4.814,29.607,0.00939,0.3162,-0.3162,inner_heliosphere,jupiter,3.7929,3.7929,9.1285,20.0962,31.8171,7.167,-0.0005,-0.0007
VG2,-697200047.3,1977-11-28,1.586,62.338,4.813,29.569,0.00940,0.3145,-0.3145,inner_heliosphere,jupiter,3.7882,3.7882,9.1243,20.0978,31.8212,0.333,0.0006,0.0205
VG2,-696805487.3,1977-12-02,1.629,64.636,4.794,29.066,0.00944,0.2919,-0.2919,inner_heliosphere,jupiter,3.7236,3.7236,9.0666,20.1185,31.8763,4.567,-0.0003,-0.0008
VG2,-696776687.4,1977-12-02,1.632,64.799,4.793,29.029,0.00944,0.2903,-0.2903,inner_heliosphere,jupiter,3.7190,3.7190,9.0624,20.1199,31.8802,0.333,-0.0002,-0.0073
VG2,-696266927.5,1977-12-08,1.688,67.584,4.759,28.404,0.00946,0.2625,-0.2625,inner_heliosphere,jupiter,3.6382,3.6382,8.9886,20.1439,31.9480,5.900,-0.0002,-0.0004
VG2,-696238127.6,1977-12-09,1.691,67.736,4.756,28.370,0.00946,0.2610,-0.2610,inner_heliosphere,jupiter,3.6337,3.6337,8.9844,20.1452,31.9517,0.333,-0.0002,-0.0073
VG2,-695581487.8,1977-12-16,1.763,71.050,4.701,27.605,0.00947,0.2271,-0.2271,inner_heliosphere,jupiter,3.5337,3.5337,8.8906,20.1720,32.0339,7.600,-0.0001,-0.0001
VG2,-695552687.7,1977-12-17,1.766,71.189,4.698,27.572,0.00947,0.2256,-0.2256,inner_heliosphere,jupiter,3.5294,3.5294,8.8865,20.1731,32.0374,0.333,0.0004,0.0135
VG2,-695051567.8,1977-12-22,1.821,73.533,4.649,27.018,0.00945,0.2012,-0.2012,inner_heliosphere,jupiter,3.4560,3.4560,8.8160,20.1908,32.0966,5.800,-0.0004,-0.0007
VG2,-695022767.8,1977-12-23,1.824,73.664,4.646,26.987,0.00944,0.1998,-0.1998,inner_heliosphere,jupiter,3.4519,3.4519,8.8120,20.1917,32.0999,0.333,-0.0002,-0.0073
VG2,-694896047.9,1977-12-24,1.838,74.232,4.632,26.851,0.00944,0.1938,-0.1938,inner_heliosphere,jupiter,3.4337,3.4337,8.7943,20.1959,32.1144,1.467,-0.0002,-0.0013
VG2,-694867247.9,1977-12-25,1.841,74.360,4.629,26.820,0.00944,0.1924,-0.1924,inner_heliosphere,jupiter,3.4296,3.4296,8.7903,20.1968,32.1176,0.333,-0.0002,-0.0073
VG2,-694267153.1,1977-12-31,1.907,76.931,4.563,26.197,0.00939,0.1650,-0.1650,inner_heliosphere,jupiter,3.3457,3.3457,8.7075,20.2145,32.1837,6.946,-0.0197,-0.0329
VG2,-694219152.1,1978-01-01,1.912,77.129,4.558,26.149,0.00939,0.1628,-0.1628,inner_heliosphere,jupiter,3.3391,3.3391,8.7009,20.2158,32.1888,0.556,-1.0000,-20.8333
VG2,-693055728.6,1978-01-15,2.037,81.620,4.419,25.031,0.00926,0.1136,-0.1136,inner_heliosphere,jupiter,3.1854,3.1854,8.5447,20.2427,32.3064,13.466,0.0001,0.0001
VG2,-693026928.5,1978-01-15,2.041,81.725,4.416,25.005,0.00926,0.1124,-0.1124,inner_heliosphere,jupiter,3.1817,3.1817,8.5409,20.2433,32.3092,0.333,-0.0002,-0.0073
VG2,-692479728.7,1978-01-21,2.099,83.645,4.348,24.517,0.00918,0.0908,-0.0908,inner_heliosphere,jupiter,3.1131,3.1131,8.4693,20.2531,32.3602,6.333,0.0000,0.0001
VG2,-692450928.7,1978-01-22,2.102,83.743,4.344,24.492,0.00918,0.0897,-0.0897,inner_heliosphere,jupiter,3.1096,3.1096,8.4655,20.2536,32.3628,0.333,-0.0000,-0.0003
VG2,-692197488.8,1978-01-24,2.129,84.595,4.313,24.273,0.00915,0.0800,-0.0800,inner_heliosphere,jupiter,3.0786,3.0786,8.4328,20.2575,32.3856,2.933,-0.0003,-0.0011
VG2,-692050608.8,1978-01-26,2.144,85.078,4.294,24.149,0.00912,0.0745,-0.0745,inner_heliosphere,jupiter,3.0608,3.0608,8.4140,20.2597,32.3986,1.700,-0.0001,-0.0005
VG2,-692021808.9,1978-01-26,2.147,85.172,4.291,24.124,0.00912,0.0734,-0.0734,inner_heliosphere,jupiter,3.0574,3.0574,8.4103,20.2601,32.4011,0.333,-0.0006,-0.0212
VG2,-690008689.6,1978-02-19,2.356,91.147,4.037,22.556,0.00881,0.0035,-0.0035,inner_heliosphere,jupiter,2.8280,2.8280,8.1607,20.2800,32.5629,23.300,-0.0005,-0.0002
VG2,-689979889.6,1978-02-19,2.359,91.225,4.034,22.535,0.00880,0.0026,-0.0026,inner_heliosphere,jupiter,2.8249,2.8249,8.1572,20.2802,32.5650,0.333,0.0002,0.0066
VG2,-689605489.8,1978-02-23,2.397,92.219,3.987,22.269,0.00874,-0.0094,0.0094,inner_heliosphere,jupiter,2.7850,2.7850,8.1126,20.2822,32.5922,4.333,0.0001,0.0003
VG2,-689173490.1,1978-02-28,2.441,93.328,3.933,21.971,0.00867,-0.0228,0.0228,inner_heliosphere,jupiter,2.7397,2.7397,8.0617,20.2839,32.6225,5.000,-0.0001,-0.0002
VG2,-686927091.2,1978-03-26,2.661,98.516,3.664,20.556,0.00829,-0.0874,0.0874,inner_heliosphere,jupiter,2.5191,2.5191,7.8081,20.2846,32.7642,26.000,-0.0005,-0.0002
VG2,-686898291.3,1978-03-27,2.664,98.577,3.661,20.539,0.00828,-0.0881,0.0881,inner_heliosphere,jupiter,2.5164,2.5164,7.8049,20.2845,32.7659,0.333,-0.0002,-0.0069
VG2,-686256051.7,1978-04-03,2.725,99.905,3.587,20.172,0.00818,-0.1051,0.1051,inner_heliosphere,jupiter,2.4574,2.4574,7.7357,20.2824,32.8019,7.433,-0.0004,-0.0007
VG2,-686227251.8,1978-04-04,2.728,99.963,3.584,20.156,0.00817,-0.1059,0.1059,inner_heliosphere,jupiter,2.4548,2.4548,7.7327,20.2823,32.8035,0.333,0.0002,0.0069
VG2,-685587892.3,1978-04-11,2.788,101.224,3.512,19.806,0.00806,-0.1222,0.1222,inner_heliosphere,jupiter,2.3977,2.3977,7.6652,20.2795,32.8376,7.400,-0.0005,-0.0007
VG2,-685559092.4,1978-04-11,2.791,101.279,3.508,19.791,0.00806,-0.1229,0.1229,inner_heliosphere,jupiter,2.3951,2.3951,7.6622,20.2793,32.8391,0.333,0.0002,0.0069
VG2,-685196212.7,1978-04-15,2.824,101.970,3.468,19.598,0.00800,-0.1320,0.1320,inner_heliosphere,jupiter,2.3634,2.3634,7.6245,20.2773,32.8576,4.200,-0.0004,-0.0012
VG2,-685167412.7,1978-04-16,2.827,102.024,3.465,19.583,0.00799,-0.1327,0.1327,inner_heliosphere,jupiter,2.3609,2.3609,7.6215,20.2772,32.8591,0.333,0.0004,0.0139
VG2,-683813813.5,1978-05-01,2.951,104.458,3.319,18.901,0.00777,-0.1649,0.1649,inner_heliosphere,jupiter,2.2467,2.2467,7.4848,20.2678,32.9239,15.667,0.0003,0.0003
VG2,-683785013.5,1978-05-02,2.953,104.507,3.316,18.887,0.00777,-0.1656,0.1656,inner_heliosphere,jupiter,2.2443,2.2443,7.4820,20.2676,32.9252,0.333,0.0002,0.0073
VG2,-683479733.6,1978-05-05,2.981,105.027,3.284,18.741,0.00772,-0.1726,0.1726,inner_heliosphere,jupiter,2.2194,2.2194,7.4520,20.2651,32.9389,3.533,0.0000,0.0002
VG2,-683450933.7,1978-05-06,2.983,105.076,3.281,18.727,0.00771,-0.1732,0.1732,inner_heliosphere,jupiter,2.2171,2.2171,7.4492,20.2648,32.9402,0.333,-0.0002,-0.0069
VG2,-682823094.1,1978-05-13,3.039,106.115,3.216,18.434,0.00761,-0.1873,0.1873,inner_heliosphere,jupiter,2.1667,2.1667,7.3883,20.2593,32.9673,7.267,0.0005,0.0008
VG2,-682794294.2,1978-05-13,3.041,106.161,3.213,18.421,0.00761,-0.1879,0.1879,inner_heliosphere,jupiter,2.1644,2.1644,7.3856,20.2590,32.9685,0.333,-0.0008,-0.0274
VG2,-682422774.5,1978-05-18,3.074,106.757,3.175,18.253,0.00755,-0.1961,0.1961,inner_heliosphere,jupiter,2.1351,2.1351,7.3502,20.2554,32.9839,4.300,0.0002,0.0006
VG2,-682393974.5,1978-05-18,3.076,106.803,3.172,18.240,0.00754,-0.1967,0.1967,inner_heliosphere,jupiter,2.1329,2.1329,7.3475,20.2552,32.9851,0.333,-0.0004,-0.0135
VG2,-679634936.2,1978-06-19,3.311,110.860,2.906,17.087,0.00712,-0.2535,0.2535,inner_heliosphere,jupiter,1.9266,1.9266,7.0969,20.2242,33.0870,31.933,0.0009,0.0003
VG2,-679606136.2,1978-06-19,3.313,110.900,2.904,17.076,0.00712,-0.2540,0.2540,inner_heliosphere,jupiter,1.9245,1.9245,7.0944,20.2238,33.0879,0.333,0.0004,0.0142
VG2,-678609656.6,1978-07-01,3.394,112.227,2.813,16.697,0.00697,-0.2731,0.2731,inner_heliosphere,jupiter,1.8542,1.8542,7.0090,20.2109,33.1198,11.533,0.0004,0.0004
VG2,-678580856.7,1978-07-01,3.396,112.265,2.811,16.687,0.00697,-0.2737,0.2737,inner_heliosphere,jupiter,1.8522,1.8522,7.0066,20.2105,33.1207,0.333,0.0002,0.0073
VG2,-676636858.5,1978-07-24,3.550,114.679,2.643,15.996,0.00669,-0.3091,0.3091,inner_heliosphere,jupiter,1.7203,1.7203,6.8473,20.1833,33.1761,22.500,0.0011,0.0006
VG2,-676608058.6,1978-07-24,3.552,114.713,2.640,15.987,0.00669,-0.3096,0.3096,inner_heliosphere,jupiter,1.7184,1.7184,6.8450,20.1829,33.1768,0.333,-0.0008,-0.0274
VG2,-675303419.9,1978-08-08,3.652,116.219,2.533,15.556,0.00651,-0.3322,0.3322,inner_heliosphere,jupiter,1.6334,1.6334,6.7433,20.1633,33.2095,15.100,0.0007,0.0006
VG2,-675274619.9,1978-08-08,3.654,116.251,2.530,15.547,0.00651,-0.3327,0.3327,inner_heliosphere,jupiter,1.6316,1.6316,6.7411,20.1629,33.2102,0.333,-0.0002,-0.0069
VG2,-673275901.7,1978-08-31,3.802,118.405,2.373,14.931,0.00624,-0.3657,0.3657,inner_heliosphere,jupiter,1.5059,1.5059,6.5929,20.1313,33.2540,23.133,-0.0001,-0.0000
VG2,-673247101.6,1978-09-01,3.804,118.435,2.371,14.922,0.00624,-0.3661,0.3661,inner_heliosphere,jupiter,1.5041,1.5041,6.5908,20.1308,33.2546,0.333,0.0006,0.0212
VG2,-672267902.3,1978-09-12,3.874,119.429,2.297,14.638,0.00612,-0.3816,0.3816,inner_heliosphere,jupiter,1.4443,1.4443,6.5214,20.1147,33.2735,11.333,0.0005,0.0006
VG2,-672239102.5,1978-09-12,3.876,119.458,2.295,14.630,0.00611,-0.3821,0.3821,inner_heliosphere,jupiter,1.4425,1.4425,6.5194,20.1142,33.2740,0.333,-0.0006,-0.0205
VG2,-670986303.7,1978-09-27,3.963,120.678,2.204,14.281,0.00596,-0.4014,0.4014,inner_heliosphere,jupiter,1.3675,1.3675,6.4335,20.0932,33.2959,14.500,0.0003,0.0002
VG2,-670957503.7,1978-09-27,3.965,120.705,2.202,14.274,0.00595,-0.4018,0.4018,inner_heliosphere,jupiter,1.3658,1.3658,6.4316,20.0927,33.2964,0.333,-0.0000,-0.0000
VG2,-670770303.9,1978-09-29,3.978,120.883,2.188,14.223,0.00593,-0.4046,0.4046,inner_heliosphere,jupiter,1.3547,1.3547,6.4191,20.0895,33.2995,2.167,0.0005,0.0027
VG2,-670741503.8,1978-09-30,3.980,120.910,2.186,14.215,0.00593,-0.4051,0.4051,inner_heliosphere,jupiter,1.3530,1.3530,6.4171,20.0890,33.2999,0.333,0.0000,0.0000
VG2,-669675904.5,1978-10-12,4.052,121.898,2.111,13.934,0.00580,-0.4209,0.4209,inner_heliosphere,jupiter,1.2905,1.2905,6.3471,20.0706,33.3163,12.333,-0.0004,-0.0004
VG2,-669647104.7,1978-10-12,4.054,121.925,2.109,13.926,0.00580,-0.4213,0.4213,inner_heliosphere,jupiter,1.2888,1.2888,6.3453,20.0701,33.3168,0.333,0.0006,0.0208
VG2,-668630465.6,1978-10-24,4.122,122.834,2.039,13.668,0.00568,-0.4361,0.4361,inner_heliosphere,jupiter,1.2301,1.2301,6.2806,20.0523,33.3309,11.767,-0.0004,-0.0004
VG2,-668601665.6,1978-10-25,4.124,122.860,2.037,13.661,0.00568,-0.4365,0.4365,inner_heliosphere,jupiter,1.2284,1.2284,6.2788,20.0518,33.3313,0.333,0.0004,0.0139
VG2,-668005506.0,1978-10-31,4.163,123.379,1.997,13.513,0.00561,-0.4450,0.4450,inner_heliosphere,jupiter,1.1943,1.1943,6.2418,20.0412,33.3389,6.900,-0.0004,-0.0006
VG2,-667976706.1,1978-11-01,4.164,123.404,1.996,13.506,0.00560,-0.4454,0.4454,inner_heliosphere,jupiter,1.1927,1.1927,6.2400,20.0407,33.3392,0.333,0.0002,0.0069
VG2,-667394946.7,1978-11-08,4.202,123.901,1.957,13.365,0.00554,-0.4535,0.4535,inner_heliosphere,jupiter,1.1597,1.1597,6.2046,20.0303,33.3462,6.733,0.0001,0.0002
VG2,-667366146.7,1978-11-08,4.204,123.925,1.955,13.358,0.00553,-0.4539,0.4539,inner_heliosphere,jupiter,1.1581,1.1581,6.2029,20.0298,33.3465,0.333,0.0004,0.0139
VG2,-666695107.2,1978-11-16,4.247,124.487,1.911,13.199,0.00546,-0.4632,0.4632,inner_heliosphere,jupiter,1.1202,1.1202,6.1628,20.0178,33.3540,7.767,-0.0004,-0.0006
VG2,-666666307.3,1978-11-16,4.248,124.511,1.909,13.193,0.00546,-0.4636,0.4636,inner_heliosphere,jupiter,1.1186,1.1186,6.1611,20.0173,33.3543,0.333,0.0004,0.0135
VG2,-665313351.3,1978-12-02,4.333,125.609,1.823,12.883,0.00531,-0.4819,0.4819,inner_heliosphere,jupiter,1.0432,1.0432,6.0828,19.9927,33.3677,15.659,-29.4790,-21.7886
VG2,-662731146.1,1979-01-01,4.487,127.591,1.666,12.327,0.00504,-0.5153,0.5153,inner_heliosphere,jupiter,0.9015,0.9015,5.9422,19.9451,33.3877,29.887,-0.0012,-0.0005
VG2,-662029482.9,1979-01-09,4.528,128.106,1.624,12.183,0.00497,-0.5241,0.5241,inner_heliosphere,jupiter,0.8634,0.8634,5.9059,19.9321,33.3919,8.121,-0.0004,-0.0005
VG2,-662000682.8,1979-01-09,4.530,128.127,1.623,12.177,0.00497,-0.5245,0.5245,inner_heliosphere,jupiter,0.8619,0.8619,5.9044,19.9316,33.3921,0.333,-0.0000,-0.0003
VG2,-660675884.0,1979-01-24,4.605,129.074,1.546,11.914,0.00484,-0.5406,0.5406,inner_heliosphere,jupiter,0.7904,0.7904,5.8380,19.9068,33.3987,15.333,-0.0004,-0.0003
VG2,-660647084.0,1979-01-25,4.606,129.095,1.544,11.908,0.00483,-0.5410,0.5410,inner_heliosphere,jupiter,0.7889,0.7889,5.8366,19.9063,33.3988,0.333,-0.0002,-0.0073
VG2,-657378286.6,1979-03-03,4.783,131.302,1.363,11.300,0.00453,-0.5786,0.5786,inner_heliosphere,jupiter,0.6142,0.6142,5.6846,19.8448,33.4084,37.833,-0.0007,-0.0002
VG2,-657349486.6,1979-03-04,4.785,131.321,1.361,11.295,0.00453,-0.5789,0.5789,inner_heliosphere,jupiter,0.6127,0.6127,5.6833,19.8443,33.4084,0.333,-0.0006,-0.0208
VG2,-655995887.5,1979-03-19,4.855,132.186,1.289,11.059,0.00441,-0.5934,0.5934,inner_heliosphere,jupiter,0.5408,0.5408,5.6250,19.8188,33.4098,15.667,0.0002,0.0002
VG2,-655967087.7,1979-03-20,4.856,132.204,1.288,11.054,0.00440,-0.5937,0.5937,inner_heliosphere,jupiter,0.5392,0.5392,5.6238,19.8183,33.4099,0.333,-0.0002,-0.0069
VG2,-653584552.0,1979-04-16,4.975,133.664,1.164,10.659,0.00421,-0.6170,0.6170,inner_heliosphere,jupiter,0.4127,0.4127,5.5275,19.7736,33.4092,27.576,-9.7804,-4.1050
VG2,-653403880.2,1979-04-18,4.984,133.771,1.155,10.630,0.00420,-0.6186,0.6186,inner_heliosphere,jupiter,0.4031,0.4031,5.5205,19.7703,33.4090,2.091,0.0002,0.0009
VG2,-653375080.5,1979-04-19,4.985,133.789,1.153,10.625,0.00419,-0.6189,0.6189,inner_heliosphere,jupiter,0.4015,0.4015,5.5194,19.7697,33.4090,0.333,-0.0002,-0.0069
VG2,-651992681.6,1979-05-05,5.051,134.597,1.083,10.408,0.00410,-0.6303,0.6303,inner_heliosphere,jupiter,0.3278,0.3278,5.4676,19.7442,33.4070,16.000,-0.0000,-0.0000
VG2,-651963881.7,1979-05-05,5.053,134.613,1.082,10.404,0.00409,-0.6305,0.6305,inner_heliosphere,jupiter,0.3263,0.3263,5.4665,19.7436,33.4069,0.333,0.0000,0.0000
VG2,-649970923.6,1979-05-28,5.146,135.732,0.982,10.107,0.00399,-0.6412,0.6412,inner_heliosphere,jupiter,0.2190,0.2190,5.3963,19.7078,33.4028,23.067,-0.0000,-0.0000
VG2,-649942123.6,1979-05-29,5.147,135.748,0.981,10.103,0.00399,-0.6412,0.6412,inner_heliosphere,jupiter,0.2174,0.2174,5.3953,19.7072,33.4028,0.333,0.0004,0.0139
VG2,-649636843.9,1979-06-01,5.161,135.914,0.965,10.060,0.00398,-0.6417,0.6417,inner_heliosphere,jupiter,0.2008,0.2008,5.3850,19.7019,33.4021,3.533,-0.0004,-0.0013
VG2,-649608044.0,1979-06-01,5.163,135.930,0.964,10.056,0.00398,-0.6417,0.6417,inner_heliosphere,jupiter,0.1992,0.1992,5.3841,19.7014,33.4020,0.333,0.0010,0.0347
VG2,-649325804.3,1979-06-05,5.176,136.082,0.950,10.017,0.00397,-0.6416,0.6416,inner_heliosphere,jupiter,0.1838,0.1838,5.3747,19.6966,33.4014,3.267,0.0003,0.0011
VG2,-649297004.2,1979-06-05,5.177,136.098,0.948,10.013,0.00397,-0.6416,0.6416,inner_heliosphere,jupiter,0.1822,0.1822,5.3738,19.6961,33.4014,0.333,0.0002,0.0073
VG2,-648562604.9,1979-06-13,5.211,136.486,0.911,9.918,0.00398,-0.6378,0.6378,inner_heliosphere,jupiter,0.1415,0.1415,5.3499,19.6839,33.4000,8.500,0.0000,0.0000
VG2,-648533805.0,1979-06-14,5.212,136.502,0.910,9.914,0.00398,-0.6375,0.6375,inner_heliosphere,jupiter,0.1399,0.1399,5.3490,19.6834,33.4000,0.333,0.0010,0.0351
VG2,-647580525.9,1979-06-25,5.256,136.987,0.860,9.839,0.00410,-0.6147,0.6147,inner_heliosphere,jupiter,0.0855,0.0855,5.3192,19.6690,33.3995,11.033,0.0000,0.0000
VG2,-647551725.9,1979-06-25,5.258,137.001,0.859,9.839,0.00411,-0.6133,0.6133,inner_heliosphere,jupiter,0.0838,0.0838,5.3183,19.6686,33.3995,0.333,0.0008,0.0278
VG2,-646984366.4,1979-07-02,5.286,137.271,0.827,9.961,0.00443,-0.5623,0.5623,inner_heliosphere,jupiter,0.0494,0.0494,5.3012,19.6619,33.4011,6.567,0.0004,0.0007
VG2,-646955566.4,1979-07-02,5.287,137.284,0.826,9.981,0.00446,-0.5575,0.5575,inner_heliosphere,jupiter,0.0476,0.0476,5.3003,19.6616,33.4012,0.333,-0.0002,-0.0066
VG2,-646310446.9,1979-07-10,5.332,137.571,0.783,26.189,0.01163,-0.5963,0.5963,inner_heliosphere,jupiter,0.0049,0.0049,5.2750,19.6598,33.4130,7.467,-0.0002,-0.0003
VG2,-646281646.8,1979-07-10,5.336,137.611,0.783,26.801,0.00967,-0.7412,0.7412,inner_heliosphere,jupiter,0.0062,0.0062,5.2709,19.6578,33.4125,0.333,0.0008,0.0281
VG2,-645794927.1,1979-07-16,5.365,138.352,0.817,21.559,0.00398,-0.9157,0.9157,inner_heliosphere,jupiter,0.0405,0.0405,5.2140,19.6079,33.3797,5.633,-0.0001,-0.0001
VG2,-645766127.2,1979-07-16,5.366,138.394,0.819,21.478,0.00394,-0.9165,0.9165,inner_heliosphere,jupiter,0.0424,0.0424,5.2110,19.6050,33.3777,0.333,0.0002,0.0073
VG2,-644798448.1,1979-07-27,5.407,139.753,0.879,20.332,0.00354,-0.9281,0.9281,inner_heliosphere,jupiter,0.1003,0.1003,5.1157,19.5091,33.3080,11.200,0.0007,0.0008
VG2,-644769648.0,1979-07-27,5.408,139.792,0.881,20.316,0.00354,-0.9282,0.9282,inner_heliosphere,jupiter,0.1019,0.1019,5.1129,19.5063,33.3059,0.333,-0.0002,-0.0066
VG2,-644280048.4,1979-08-02,5.428,140.458,0.910,20.100,0.00353,-0.9307,0.9307,inner_heliosphere,jupiter,0.1296,0.1296,5.0668,19.4587,33.2707,5.667,-0.0003,-0.0005
VG2,-644251248.5,1979-08-02,5.429,140.497,0.911,20.090,0.00353,-0.9309,0.9309,inner_heliosphere,jupiter,0.1312,0.1312,5.0641,19.4560,33.2686,0.333,0.0002,0.0069
VG2,-642814129.7,1979-08-19,5.489,142.403,0.992,19.738,0.00361,-0.9359,0.9359,inner_heliosphere,jupiter,0.2100,0.2100,4.9318,19.3180,33.1654,16.633,0.0008,0.0006
VG2,-642785329.8,1979-08-19,5.490,142.440,0.994,19.733,0.00361,-0.9360,0.9360,inner_heliosphere,jupiter,0.2115,0.2115,4.9291,19.3152,33.1633,0.333,-0.0006,-0.0205
VG2,-640530291.9,1979-09-14,5.587,145.321,1.113,19.428,0.00382,-0.9419,0.9419,inner_heliosphere,jupiter,0.3319,0.3319,4.7269,19.1016,33.0011,26.100,0.0003,0.0001
VG2,-640501491.8,1979-09-15,5.588,145.357,1.114,19.425,0.00382,-0.9419,0.9419,inner_heliosphere,jupiter,0.3334,0.3334,4.7244,19.0989,32.9990,0.333,0.0008,0.0278
VG2,-639723892.4,1979-09-24,5.623,146.323,1.153,19.343,0.00390,-0.9437,0.9437,inner_heliosphere,jupiter,0.3745,0.3745,4.6557,19.0258,32.9429,9.000,0.0005,0.0006
VG2,-639695092.5,1979-09-24,5.624,146.359,1.155,19.340,0.00390,-0.9437,0.9437,inner_heliosphere,jupiter,0.3760,0.3760,4.6531,19.0231,32.9409,0.333,-0.0002,-0.0069
VG2,-638848373.3,1979-10-04,5.663,147.396,1.196,19.257,0.00399,-0.9455,0.9455,inner_heliosphere,jupiter,0.4206,0.4206,4.5788,18.9439,32.8798,9.800,0.0001,0.0002
VG2,-638819573.4,1979-10-04,5.664,147.431,1.197,19.254,0.00399,-0.9455,0.9455,inner_heliosphere,jupiter,0.4221,0.4221,4.5763,18.9412,32.8777,0.333,0.0002,0.0069
VG2,-638341493.8,1979-10-10,5.686,148.009,1.220,19.210,0.00404,-0.9465,0.9465,inner_heliosphere,jupiter,0.4472,0.4472,4.5346,18.8966,32.8432,5.533,-0.0002,-0.0004
VG2,-638312693.8,1979-10-10,5.687,148.044,1.222,19.207,0.00404,-0.9465,0.9465,inner_heliosphere,jupiter,0.4487,0.4487,4.5321,18.8939,32.8411,0.333,0.0000,0.0000
VG2,-634971896.5,1979-11-18,5.850,151.951,1.373,18.920,0.00436,-0.9522,0.9522,inner_heliosphere,jupiter,0.6237,0.6237,4.2445,18.5850,32.5995,38.667,-0.0009,-0.0003
VG2,-634943096.6,1979-11-18,5.851,151.983,1.374,18.918,0.00436,-0.9523,0.9523,inner_heliosphere,jupiter,0.6252,0.6252,4.2420,18.5823,32.5974,0.333,0.0002,0.0069
VG2,-631195116.2,1980-01-01,6.048,156.097,1.525,18.620,0.00469,-0.9572,0.9572,inner_heliosphere,jupiter,0.8217,0.8217,3.9267,18.2415,32.3261,43.379,-0.0009,-0.0003
VG2,-628866302.5,1980-01-27,6.177,158.516,1.611,18.441,0.00487,-0.9597,0.9597,inner_heliosphere,jupiter,0.9446,0.9446,3.7343,18.0329,32.1578,26.954,-0.0005,-0.0002
VG2,-628837502.4,1980-01-28,6.178,158.546,1.612,18.438,0.00487,-0.9597,0.9597,inner_heliosphere,jupiter,0.9461,0.9461,3.7319,18.0303,32.1558,0.333,-0.0002,-0.0073
VG2,-628042623.1,1980-02-06,6.223,159.348,1.639,18.378,0.00493,-0.9604,0.9604,inner_heliosphere,jupiter,0.9882,0.9882,3.6668,17.9597,32.0984,9.200,-0.0002,-0.0002
VG2,-628013823.2,1980-02-06,6.225,159.376,1.640,18.376,0.00493,-0.9604,0.9604,inner_heliosphere,jupiter,0.9898,0.9898,3.6645,17.9572,32.0963,0.333,-0.0000,-0.0003
VG2,-627066304.0,1980-02-17,6.279,160.317,1.672,18.304,0.00500,-0.9613,0.9613,inner_heliosphere,jupiter,1.0402,1.0402,3.5873,17.8734,32.0281,10.967,0.0002,0.0002
VG2,-627037504.2,1980-02-18,6.281,160.345,1.673,18.302,0.00500,-0.9613,0.9613,inner_heliosphere,jupiter,1.0417,1.0417,3.5850,17.8709,32.0260,0.333,-0.0002,-0.0073
VG2,-626136065.1,1980-02-28,6.334,161.224,1.703,18.234,0.00506,-0.9620,0.9620,inner_heliosphere,jupiter,1.0898,1.0898,3.5119,17.7916,31.9611,10.433,-0.0006,-0.0007
VG2,-626107265.0,1980-02-28,6.335,161.251,1.703,18.232,0.00507,-0.9620,0.9620,inner_heliosphere,jupiter,1.0914,1.0914,3.5096,17.7891,31.9591,0.333,0.0004,0.0139
VG2,-625620545.5,1980-03-05,6.364,161.720,1.719,18.195,0.00510,-0.9624,0.9624,inner_heliosphere,jupiter,1.1174,1.1174,3.4703,17.7465,31.9241,5.633,0.0005,0.0010
VG2,-625591745.4,1980-03-05,6.366,161.747,1.720,18.193,0.00510,-0.9624,0.9624,inner_heliosphere,jupiter,1.1190,1.1190,3.4680,17.7440,31.9220,0.333,-0.0002,-0.0069
VG2,-624819906.2,1980-03-14,6.411,162.480,1.744,18.136,0.00515,-0.9629,0.9629,inner_heliosphere,jupiter,1.1605,1.1605,3.4059,17.6766,31.8666,8.933,0.0002,0.0003
VG2,-624791106.1,1980-03-15,6.413,162.508,1.745,18.134,0.00515,-0.9630,0.9630,inner_heliosphere,jupiter,1.1620,1.1620,3.4036,17.6741,31.8646,0.333,-0.0002,-0.0069
VG2,-622184708.5,1980-04-14,6.571,164.906,1.821,17.941,0.00531,-0.9645,0.9645,inner_heliosphere,jupiter,1.3033,1.3033,3.1958,17.4491,31.6782,30.167,0.0000,0.0000
VG2,-622155908.4,1980-04-14,6.573,164.932,1.822,17.939,0.00531,-0.9645,0.9645,inner_heliosphere,jupiter,1.3049,1.3049,3.1935,17.4466,31.6761,0.333,-0.0002,-0.0066
VG2,-620211910.0,1980-05-07,6.694,166.645,1.875,17.798,0.00542,-0.9655,0.9655,inner_heliosphere,jupiter,1.4117,1.4117,3.0403,17.2810,31.5378,22.500,0.0002,0.0001
VG2,-620183110.1,1980-05-07,6.695,166.670,1.876,17.796,0.00543,-0.9655,0.9655,inner_heliosphere,jupiter,1.4133,1.4133,3.0381,17.2786,31.5358,0.333,0.0000,0.0000
VG2,-616099274.0,1980-06-23,6.957,170.069,1.975,17.506,0.00563,-0.9668,0.9668,inner_heliosphere,jupiter,1.6425,1.6425,2.7208,16.9375,31.2478,47.267,0.0015,0.0004
VG2,-616070474.1,1980-06-24,6.959,170.092,1.976,17.504,0.00563,-0.9668,0.9668,inner_heliosphere,jupiter,1.6442,1.6442,2.7185,16.9352,31.2458,0.333,-0.0006,-0.0205
VG2,-613401345.4,1980-07-24,7.134,172.176,2.033,17.320,0.00574,-0.9674,0.9674,inner_heliosphere,jupiter,1.7980,1.7980,2.5142,16.7173,31.0597,30.893,-43.4485,-16.2782
VG2,-613141473.7,1980-07-27,7.152,172.373,2.038,17.303,0.00575,-0.9674,0.9674,inner_heliosphere,jupiter,1.8132,1.8132,2.4944,16.6963,31.0417,3.008,0.0004,0.0015
VG2,-613112673.9,1980-07-28,7.153,172.395,2.039,17.301,0.00576,-0.9674,0.9674,inner_heliosphere,jupiter,1.8149,1.8149,2.4922,16.6939,31.0397,0.333,-0.0002,-0.0066
VG2,-609397478.3,1980-09-09,7.404,175.114,2.109,17.053,0.00589,-0.9677,0.9677,inner_heliosphere,jupiter,2.0358,2.0358,2.2116,16.3980,30.7840,43.000,0.0011,0.0003
VG2,-609368678.2,1980-09-09,7.406,175.135,2.110,17.051,0.00589,-0.9677,0.9677,inner_heliosphere,jupiter,2.0375,2.0375,2.2094,16.3957,30.7820,0.333,-0.0002,-0.0066
VG2,-608677478.8,1980-09-17,7.453,175.620,2.122,17.006,0.00592,-0.9677,0.9677,inner_heliosphere,jupiter,2.0795,2.0795,2.1576,16.3416,30.7349,8.000,0.0001,0.0001
VG2,-608648678.9,1980-09-17,7.455,175.640,2.122,17.004,0.00592,-0.9677,0.9677,inner_heliosphere,jupiter,2.0813,2.0813,2.1554,16.3393,30.7329,0.333,0.0004,0.0139
VG2,-604904683.0,1980-10-31,7.714,178.164,2.183,16.765,0.00603,-0.9676,0.9676,inner_heliosphere,saturn,1.8769,2.3138,1.8769,16.0508,30.4800,43.333,-0.0001,-0.0000
VG2,-604875883.1,1980-10-31,7.716,178.182,2.183,16.763,0.00603,-0.9676,0.9676,inner_heliosphere,saturn,1.8747,2.3156,1.8747,16.0487,30.4781,0.333,0.0002,0.0066
VG2,-602111086.4,1980-12-02,7.910,179.938,2.223,16.593,0.00611,-0.9673,0.9673,inner_heliosphere,saturn,1.6709,2.4932,1.6709,15.8410,30.2941,32.000,-0.0008,-0.0003
VG2,-602082286.3,1980-12-02,7.912,179.956,2.223,16.591,0.00611,-0.9673,0.9673,inner_heliosphere,saturn,1.6688,2.4951,1.6688,15.8389,30.2922,0.333,0.0002,0.0066
VG2,-601621486.7,1980-12-08,7.945,180.240,2.229,16.563,0.00612,-0.9673,0.9673,inner_heliosphere,saturn,1.6350,2.5252,1.6350,15.8047,30.2618,5.333,0.0003,0.0006
VG2,-601592686.9,1980-12-08,7.947,180.258,2.229,16.561,0.00612,-0.9673,0.9673,inner_heliosphere,saturn,1.6329,2.5271,1.6329,15.8026,30.2599,0.333,-0.0002,-0.0073
VG2,-600786287.9,1980-12-17,8.004,180.749,2.240,16.513,0.00614,-0.9672,0.9672,inner_heliosphere,saturn,1.5738,2.5802,1.5738,15.7431,30.2068,9.333,-0.0004,-0.0006
VG2,-600757487.8,1980-12-18,8.006,180.767,2.240,16.511,0.00614,-0.9672,0.9672,inner_heliosphere,saturn,1.5717,2.5821,1.5717,15.7410,30.2049,0.333,-0.0000,-0.0003
VG2,-598934449.8,1981-01-08,8.136,181.852,2.263,16.404,0.00618,-0.9669,0.9669,inner_heliosphere,saturn,1.4385,2.7039,1.4385,15.6081,30.0858,21.100,-0.0005,-0.0003
VG2,-598905650.0,1981-01-08,8.138,181.869,2.263,16.402,0.00618,-0.9669,0.9669,inner_heliosphere,saturn,1.4364,2.7058,1.4364,15.6060,30.0839,0.333,0.0004,0.0135
VG2,-598107890.9,1981-01-17,8.196,182.332,2.273,16.356,0.00620,-0.9667,0.9667,inner_heliosphere,saturn,1.3783,2.7599,1.3783,15.5485,30.0321,9.233,0.0000,0.0000
VG2,-598079090.8,1981-01-18,8.198,182.349,2.273,16.354,0.00620,-0.9667,0.9667,inner_heliosphere,saturn,1.3762,2.7619,1.3762,15.5465,30.0302,0.333,-0.0006,-0.0212
VG2,-596811892.0,1981-02-01,8.289,183.072,2.288,16.281,0.00622,-0.9665,0.9665,inner_heliosphere,saturn,1.2840,2.8488,1.2840,15.4559,29.9484,14.667,-0.0008,-0.0006
VG2,-596783092.2,1981-02-02,8.291,183.088,2.288,16.280,0.00622,-0.9665,0.9665,inner_heliosphere,saturn,1.2819,2.8508,1.2819,15.4539,29.9465,0.333,0.0002,0.0069
VG2,-595055094.3,1981-02-22,8.416,184.049,2.306,16.182,0.00626,-0.9661,0.9661,inner_heliosphere,saturn,1.1566,2.9713,1.1566,15.3320,29.8358,20.000,-0.0004,-0.0003
VG2,-595026294.2,1981-02-22,8.418,184.064,2.307,16.181,0.00626,-0.9661,0.9661,inner_heliosphere,saturn,1.1546,2.9734,1.1546,15.3300,29.8340,0.333,-0.0002,-0.0073
VG2,-593787895.4,1981-03-08,8.507,184.735,2.319,16.113,0.00628,-0.9658,0.9658,inner_heliosphere,saturn,1.0650,3.0612,1.0650,15.2438,29.7553,14.333,0.0002,0.0001
VG2,-593759095.6,1981-03-09,8.510,184.750,2.320,16.111,0.00628,-0.9658,0.9658,inner_heliosphere,saturn,1.0629,3.0633,1.0629,15.2418,29.7535,0.333,-0.0010,-0.0347
VG2,-593471095.9,1981-03-12,8.530,184.904,2.322,16.095,0.00628,-0.9658,0.9658,inner_heliosphere,saturn,1.0421,3.0839,1.0421,15.2220,29.7353,3.333,-0.0000,-0.0001
VG2,-593442295.8,1981-03-12,8.533,184.920,2.323,16.094,0.00628,-0.9658,0.9658,inner_heliosphere,saturn,1.0400,3.0860,1.0400,15.2200,29.7335,0.333,0.0002,0.0069
VG2,-591973497.2,1981-03-29,8.640,185.692,2.337,16.015,0.00631,-0.9654,0.9654,inner_heliosphere,saturn,0.9340,3.1922,0.9340,15.1193,29.6410,17.000,-0.0001,-0.0001
VG2,-591944697.5,1981-03-30,8.642,185.707,2.337,16.013,0.00631,-0.9654,0.9654,inner_heliosphere,saturn,0.9319,3.1943,0.9319,15.1173,29.6392,0.333,0.0000,0.0000
VG2,-591051898.6,1981-04-09,8.707,186.167,2.345,15.966,0.00632,-0.9652,0.9652,inner_heliosphere,saturn,0.8676,3.2597,0.8676,15.0568,29.5834,10.333,0.0000,0.0000
VG2,-591023098.6,1981-04-09,8.709,186.182,2.345,15.965,0.00632,-0.9652,0.9652,inner_heliosphere,saturn,0.8655,3.2618,0.8655,15.0549,29.5816,0.333,-0.0004,-0.0139
VG2,-590533499.2,1981-04-15,8.745,186.431,2.350,15.939,0.00633,-0.9651,0.9651,inner_heliosphere,saturn,0.8303,3.2980,0.8303,15.0219,29.5511,5.667,-0.0002,-0.0003
VG2,-590504699.1,1981-04-15,8.747,186.446,2.350,15.938,0.00633,-0.9651,0.9651,inner_heliosphere,saturn,0.8282,3.3001,0.8282,15.0200,29.5493,0.333,-0.0002,-0.0069
VG2,-589525500.0,1981-04-27,8.819,186.938,2.358,15.887,0.00635,-0.9648,0.9648,inner_heliosphere,saturn,0.7577,3.3731,0.7577,14.9545,29.4886,11.333,-0.0003,-0.0003
VG2,-589496700.2,1981-04-27,8.821,186.953,2.359,15.886,0.00635,-0.9648,0.9648,inner_heliosphere,saturn,0.7556,3.3753,0.7556,14.9526,29.4868,0.333,0.0000,0.0000
VG2,-588992700.8,1981-05-03,8.858,187.203,2.363,15.861,0.00635,-0.9647,0.9647,inner_heliosphere,saturn,0.7194,3.4132,0.7194,14.9192,29.4557,5.833,0.0001,0.0002
VG2,-588963900.7,1981-05-03,8.860,187.217,2.363,15.859,0.00635,-0.9647,0.9647,inner_heliosphere,saturn,0.7173,3.4153,0.7173,14.9173,29.4539,0.333,-0.0000,-0.0000
VG2,-587947261.7,1981-05-15,8.935,187.715,2.371,15.809,0.00637,-0.9644,0.9644,inner_heliosphere,saturn,0.6442,3.4924,0.6442,14.8503,29.3914,11.767,-0.0001,-0.0001
VG2,-587918461.8,1981-05-15,8.937,187.729,2.372,15.807,0.00637,-0.9644,0.9644,inner_heliosphere,saturn,0.6422,3.4946,0.6422,14.8484,29.3896,0.333,0.0006,0.0208
VG2,-587571347.8,1981-05-19,8.963,187.897,2.374,15.790,0.00637,-0.9643,0.9643,inner_heliosphere,saturn,0.6172,3.5212,0.6172,14.8257,29.3684,4.018,-26.4629,-76.2369
VG2,-584934758.9,1981-06-19,9.158,189.143,2.394,15.669,0.00641,-0.9636,0.9636,inner_heliosphere,saturn,0.4278,3.7262,0.4278,14.6556,29.2085,30.516,0.0007,0.0003
VG2,-584905959.0,1981-06-19,9.160,189.157,2.394,15.667,0.00641,-0.9636,0.9636,inner_heliosphere,saturn,0.4258,3.7284,0.4258,14.6538,29.2067,0.333,0.0000,0.0003
VG2,-583934296.3,1981-07-01,9.232,189.603,2.401,15.627,0.00643,-0.9634,0.9634,inner_heliosphere,saturn,0.3560,3.8056,0.3560,14.5922,29.1484,11.246,0.0002,0.0003
VG2,-582512682.1,1981-07-17,9.338,190.242,2.410,15.578,0.00646,-0.9631,0.9631,inner_heliosphere,saturn,0.2537,3.9201,0.2537,14.5032,29.0637,16.454,0.0002,0.0001
VG2,-582483882.1,1981-07-17,9.340,190.255,2.411,15.577,0.00646,-0.9631,0.9631,inner_heliosphere,saturn,0.2516,3.9224,0.2516,14.5014,29.0620,0.333,0.0002,0.0073
VG2,-581648683.0,1981-07-27,9.403,190.624,2.416,15.560,0.00648,-0.9629,0.9629,inner_heliosphere,saturn,0.1914,3.9907,0.1914,14.4497,29.0126,9.667,-0.0001,-0.0002
VG2,-581619883.0,1981-07-27,9.405,190.637,2.416,15.560,0.00648,-0.9629,0.9629,inner_heliosphere,saturn,0.1893,3.9930,0.1893,14.4479,29.0109,0.333,0.0010,0.0351
VG2,-581393753.8,1981-07-30,9.422,190.736,2.418,15.558,0.00649,-0.9629,0.9629,inner_heliosphere,saturn,0.1730,4.0117,0.1730,14.4340,28.9975,2.617,-1.4395,-6.3657
VG2,-580813482.4,1981-08-06,9.466,190.989,2.421,15.564,0.00652,-0.9629,0.9629,inner_heliosphere,saturn,0.1310,4.0598,0.1310,14.3983,28.9634,6.716,-0.0003,-0.0005
VG2,-580784682.5,1981-08-06,9.468,191.001,2.421,15.565,0.00652,-0.9629,0.9629,inner_heliosphere,saturn,0.1289,4.0622,0.1289,14.3966,28.9617,0.333,0.0008,0.0281
VG2,-579894763.7,1981-08-16,9.536,191.385,2.427,15.671,0.00664,-0.9633,0.9633,inner_heliosphere,saturn,0.0639,4.1370,0.0639,14.3422,28.9095,10.300,0.0007,0.0008
VG2,-579865963.6,1981-08-17,9.538,191.397,2.427,15.679,0.00664,-0.9634,0.9634,inner_heliosphere,saturn,0.0618,4.1395,0.0618,14.3404,28.9079,0.333,-0.0004,-0.0135
VG2,-578250285.2,1981-09-04,9.608,192.456,2.416,20.614,0.00042,-0.5913,0.5913,inner_heliosphere,saturn,0.0656,4.2163,0.0656,14.1929,28.7503,18.700,0.0007,0.0004
VG2,-578221485.4,1981-09-05,9.608,192.479,2.416,20.603,0.00042,-0.5912,0.5912,inner_heliosphere,saturn,0.0677,4.2165,0.0677,14.1897,28.7466,0.333,-0.0002,-0.0069
VG2,-577242286.4,1981-09-16,9.613,193.279,2.400,20.425,0.00055,-0.5889,0.5889,inner_heliosphere,saturn,0.1391,4.2233,0.1391,14.0823,28.6238,11.333,0.0003,0.0003
VG2,-577213486.5,1981-09-16,9.614,193.302,2.399,20.422,0.00055,-0.5889,0.5889,inner_heliosphere,saturn,0.1412,4.2235,0.1412,14.0791,28.6202,0.333,-0.0004,-0.0135
VG2,-574463089.8,1981-10-18,9.637,195.528,2.352,20.329,0.00090,-0.5820,0.5820,inner_heliosphere,saturn,0.3395,4.2512,0.3395,13.7798,28.2775,31.833,-0.0001,-0.0000
VG2,-574434289.9,1981-10-18,9.637,195.552,2.351,20.328,0.00090,-0.5820,0.5820,inner_heliosphere,saturn,0.3415,4.2515,0.3415,13.7767,28.2739,0.333,-0.0002,-0.0069
VG2,-573895730.7,1981-10-25,9.643,195.985,2.342,20.319,0.00097,-0.5807,0.5807,inner_heliosphere,saturn,0.3802,4.2583,0.3802,13.7182,28.2069,6.233,-0.0001,-0.0002
VG2,-573866930.6,1981-10-25,9.643,196.008,2.341,20.318,0.00097,-0.5806,0.5806,inner_heliosphere,saturn,0.3823,4.2587,0.3823,13.7151,28.2033,0.333,0.0002,0.0066
VG2,-572700532.1,1981-11-08,9.657,196.945,2.320,20.300,0.00112,-0.5778,0.5778,inner_heliosphere,saturn,0.4660,4.2751,0.4660,13.5886,28.0584,13.500,0.0001,0.0001
VG2,-572671732.0,1981-11-08,9.658,196.968,2.320,20.300,0.00113,-0.5777,0.5777,inner_heliosphere,saturn,0.4681,4.2756,0.4681,13.5854,28.0548,0.333,0.0002,0.0066
VG2,-571879733.0,1981-11-17,9.668,197.603,2.305,20.289,0.00122,-0.5758,0.5758,inner_heliosphere,saturn,0.5248,4.2880,0.5248,13.4996,27.9565,9.167,-0.0002,-0.0002
VG2,-571850933.1,1981-11-17,9.669,197.626,2.305,20.289,0.00123,-0.5757,0.5757,inner_heliosphere,saturn,0.5269,4.2884,0.5269,13.4965,27.9529,0.333,0.0002,0.0066
VG2,-571179893.9,1981-11-25,9.679,198.162,2.292,20.281,0.00131,-0.5741,0.5741,inner_heliosphere,saturn,0.5750,4.2998,0.5750,13.4238,27.8697,7.767,0.0001,0.0001
VG2,-571151093.9,1981-11-25,9.679,198.185,2.291,20.280,0.00132,-0.5740,0.5740,inner_heliosphere,saturn,0.5770,4.3003,0.5770,13.4207,27.8661,0.333,-0.0008,-0.0281
VG2,-570632694.5,1981-12-01,9.687,198.598,2.281,20.274,0.00138,-0.5728,0.5728,inner_heliosphere,saturn,0.6142,4.3095,0.6142,13.3646,27.8018,6.000,0.0001,0.0001
VG2,-570603894.6,1981-12-02,9.688,198.621,2.281,20.274,0.00138,-0.5727,0.5727,inner_heliosphere,saturn,0.6162,4.3100,0.6162,13.3614,27.7982,0.333,-0.0000,-0.0004
VG2,-566165734.8,1982-01-22,9.773,202.124,2.193,20.221,0.00193,-0.5621,0.5621,inner_heliosphere,saturn,0.9334,4.4067,0.9334,12.8818,27.2486,51.368,-37.4366,-8.4352
VG2,-563907865.7,1982-02-17,9.827,203.880,2.145,20.193,0.00220,-0.5567,0.5567,inner_heliosphere,saturn,1.0944,4.4677,1.0944,12.6383,26.9697,26.133,-0.0010,-0.0004
VG2,-563879065.7,1982-02-18,9.827,203.902,2.145,20.192,0.00220,-0.5566,0.5566,inner_heliosphere,saturn,1.0965,4.4685,1.0965,12.6352,26.9661,0.333,0.0004,0.0135
VG2,-560955869.5,1982-03-23,9.908,206.144,2.081,20.152,0.00254,-0.5498,0.5498,inner_heliosphere,saturn,1.3045,4.5593,1.3045,12.3207,26.6056,33.833,-0.0002,-0.0001
VG2,-560927069.6,1982-03-24,9.909,206.166,2.080,20.152,0.00255,-0.5497,0.5497,inner_heliosphere,saturn,1.3065,4.5603,1.3065,12.3176,26.6021,0.333,-0.0004,-0.0139
VG2,-559227871.9,1982-04-12,9.961,207.451,2.043,20.127,0.00274,-0.5458,0.5458,inner_heliosphere,saturn,1.4272,4.6192,1.4272,12.1352,26.3929,19.667,-0.0002,-0.0001
VG2,-559199071.8,1982-04-13,9.962,207.472,2.042,20.127,0.00275,-0.5457,0.5457,inner_heliosphere,saturn,1.4293,4.6202,1.4293,12.1321,26.3894,0.333,0.0004,0.0142
VG2,-558551072.5,1982-04-20,9.982,207.959,2.027,20.117,0.00282,-0.5442,0.5442,inner_heliosphere,saturn,1.4752,4.6439,1.4752,12.0626,26.3097,7.500,0.0005,0.0008
VG2,-558522272.7,1982-04-21,9.983,207.980,2.027,20.116,0.00282,-0.5441,0.5441,inner_heliosphere,saturn,1.4773,4.6450,1.4773,12.0595,26.3061,0.333,-0.0002,-0.0066
VG2,-557960673.4,1982-04-27,10.002,208.400,2.014,20.108,0.00288,-0.5428,0.5428,inner_heliosphere,saturn,1.5171,4.6660,1.5171,11.9993,26.2371,6.500,0.0003,0.0005
VG2,-557931873.4,1982-04-27,10.003,208.421,2.013,20.107,0.00289,-0.5428,0.5428,inner_heliosphere,saturn,1.5192,4.6671,1.5192,11.9962,26.2336,0.333,0.0002,0.0069
VG2,-554824357.3,1982-06-02,10.113,210.714,1.942,20.057,0.00323,-0.5357,0.5357,inner_heliosphere,saturn,1.7392,4.7923,1.7392,11.6636,25.8523,35.967,0.0003,0.0001
VG2,-554795557.4,1982-06-03,10.114,210.735,1.941,20.056,0.00323,-0.5357,0.5357,inner_heliosphere,saturn,1.7412,4.7935,1.7412,11.6605,25.8488,0.333,0.0006,0.0212
VG2,-552398344.5,1982-07-01,10.207,212.468,1.885,20.015,0.00349,-0.5304,0.5304,inner_heliosphere,saturn,1.9106,4.9001,1.9106,11.4047,25.5554,27.746,0.0004,0.0002
VG2,-551624681.5,1982-07-09,10.239,213.020,1.867,20.001,0.00357,-0.5287,0.5287,inner_heliosphere,saturn,1.9651,4.9364,1.9651,11.3222,25.4609,8.954,0.0008,0.0011
VG2,-551595881.5,1982-07-10,10.240,213.040,1.866,20.000,0.00357,-0.5286,0.5286,inner_heliosphere,saturn,1.9672,4.9377,1.9672,11.3192,25.4574,0.333,-0.0010,-0.0344
VG2,-545233969.0,1982-09-21,10.526,217.446,1.715,19.879,0.00420,-0.5151,0.5151,inner_heliosphere,saturn,2.4144,5.2691,2.4144,10.6439,24.6831,73.633,0.0007,0.0001
VG2,-545205168.9,1982-09-22,10.528,217.465,1.714,19.878,0.00420,-0.5151,0.5151,inner_heliosphere,saturn,2.4164,5.2708,2.4164,10.6408,24.6796,0.333,0.0002,0.0073
VG2,-544456369.7,1982-09-30,10.565,217.967,1.696,19.863,0.00427,-0.5135,0.5135,inner_heliosphere,saturn,2.4689,5.3136,2.4689,10.5616,24.5888,8.667,-0.0002,-0.0002
VG2,-544427569.8,1982-10-01,10.566,217.987,1.696,19.863,0.00427,-0.5135,0.5135,inner_heliosphere,saturn,2.4709,5.3153,2.4709,10.5586,24.5853,0.333,-0.0002,-0.0069
VG2,-543851570.4,1982-10-07,10.595,218.370,1.682,19.851,0.00433,-0.5123,0.5123,inner_heliosphere,saturn,2.5112,5.3489,2.5112,10.4977,24.5156,6.667,0.0000,0.0000
VG2,-543822770.5,1982-10-08,10.596,218.390,1.681,19.850,0.00433,-0.5123,0.5123,inner_heliosphere,saturn,2.5133,5.3506,2.5133,10.4947,24.5121,0.333,-0.0000,-0.0003
VG2,-543272691.1,1982-10-14,10.624,218.754,1.668,19.839,0.00438,-0.5111,0.5111,inner_heliosphere,saturn,2.5518,5.3831,2.5518,10.4366,24.4455,6.367,-0.0004,-0.0007
VG2,-543243891.2,1982-10-14,10.625,218.773,1.667,19.839,0.00438,-0.5111,0.5111,inner_heliosphere,saturn,2.5538,5.3848,2.5538,10.4336,24.4420,0.333,0.0006,0.0205
VG2,-542731251.8,1982-10-20,10.651,219.111,1.655,19.828,0.00443,-0.5101,0.5101,inner_heliosphere,saturn,2.5896,5.4155,2.5896,10.3795,24.3800,5.933,0.0005,0.0010
VG2,-542702451.8,1982-10-21,10.653,219.130,1.654,19.828,0.00443,-0.5100,0.5100,inner_heliosphere,saturn,2.5916,5.4172,2.5916,10.3765,24.3765,0.333,-0.0006,-0.0212
VG2,-540756932.4,1982-11-12,10.755,220.396,1.608,19.787,0.00461,-0.5061,0.5061,inner_heliosphere,saturn,2.7276,5.5372,2.7276,10.1715,24.1416,22.518,-33.5009,-17.2195
VG2,-537051864.6,1982-12-25,10.959,222.740,1.519,19.708,0.00492,-0.4990,0.4990,inner_heliosphere,saturn,2.9858,5.7804,2.9858,9.7824,23.6957,42.883,-0.0014,-0.0004
VG2,-537023064.7,1982-12-25,10.961,222.758,1.519,19.707,0.00492,-0.4990,0.4990,inner_heliosphere,saturn,2.9878,5.7824,2.9878,9.7794,23.6922,0.333,0.0004,0.0135
VG2,-526079078.4,1983-05-01,11.638,229.164,1.265,19.463,0.00574,-0.4798,0.4798,inner_heliosphere,saturn,3.7465,6.6103,3.7465,8.6400,22.3875,126.667,-0.0017,-0.0002
VG2,-526050278.5,1983-05-01,11.640,229.179,1.264,19.462,0.00574,-0.4798,0.4798,inner_heliosphere,saturn,3.7485,6.6127,3.7485,8.6370,22.3841,0.333,-0.0004,-0.0139
VG2,-525284199.5,1983-05-10,11.691,229.599,1.247,19.445,0.00580,-0.4786,0.4786,inner_heliosphere,saturn,3.8014,6.6767,3.8014,8.5578,22.2935,8.867,0.0006,0.0007
VG2,-525255399.4,1983-05-11,11.693,229.615,1.247,19.444,0.00580,-0.4785,0.4785,inner_heliosphere,saturn,3.8034,6.6791,3.8034,8.5548,22.2901,0.333,-0.0002,-0.0066
VG2,-524080360.7,1983-05-24,11.772,230.251,1.220,19.418,0.00587,-0.4766,0.4766,inner_heliosphere,saturn,3.8846,6.7787,3.8846,8.4334,22.1513,13.600,0.0003,0.0002
VG2,-524051560.8,1983-05-25,11.774,230.266,1.220,19.417,0.00588,-0.4766,0.4766,inner_heliosphere,saturn,3.8865,6.7812,3.8865,8.4304,22.1479,0.333,0.0002,0.0073
VG2,-522729642.4,1983-06-09,11.865,230.972,1.190,19.387,0.00596,-0.4745,0.4745,inner_heliosphere,saturn,3.9778,6.8955,3.9778,8.2941,21.9920,15.300,-0.0000,-0.0000
VG2,-522700842.4,1983-06-09,11.867,230.987,1.190,19.386,0.00596,-0.4745,0.4745,inner_heliosphere,saturn,3.9798,6.8980,3.9798,8.2911,21.9886,0.333,0.0006,0.0212
VG2,-521736043.4,1983-06-20,11.934,231.495,1.169,19.364,0.00602,-0.4730,0.4730,inner_heliosphere,saturn,4.0463,6.9828,4.0463,8.1917,21.8750,11.167,0.0003,0.0003
VG2,-521707243.5,1983-06-21,11.936,231.510,1.168,19.364,0.00602,-0.4729,0.4729,inner_heliosphere,saturn,4.0483,6.9854,4.0483,8.1888,21.8716,0.333,0.0000,0.0003
VG2,-520862300.6,1983-07-01,11.995,231.950,1.150,19.345,0.00608,-0.4717,0.4717,inner_heliosphere,saturn,4.1066,7.0607,4.1066,8.1018,21.7722,9.779,0.0943,0.1116
VG2,-517418928.9,1983-08-09,12.241,233.697,1.076,19.266,0.00628,-0.4666,0.4666,inner_heliosphere,saturn,4.3439,7.3772,4.3439,7.7483,21.3685,39.854,0.0008,0.0002
VG2,-517390129.0,1983-08-10,12.243,233.712,1.075,19.266,0.00628,-0.4665,0.4665,inner_heliosphere,saturn,4.3459,7.3799,4.3459,7.7454,21.3652,0.333,0.0006,0.0212
VG2,-517076209.4,1983-08-13,12.266,233.867,1.069,19.259,0.00630,-0.4661,0.4661,inner_heliosphere,saturn,4.3675,7.4095,4.3675,7.7132,21.3285,3.633,0.0136,0.0433
VG2,-516554930.1,1983-08-19,12.304,234.125,1.058,19.247,0.00633,-0.4653,0.4653,inner_heliosphere,saturn,4.4034,7.4589,4.4034,7.6598,21.2675,6.033,-0.0001,-0.0002
VG2,-516526130.1,1983-08-20,12.306,234.139,1.057,19.246,0.00633,-0.4653,0.4653,inner_heliosphere,saturn,4.4054,7.4617,4.4054,7.6569,21.2642,0.333,0.0008,0.0278
VG2,-516220250.0,1983-08-23,12.329,234.289,1.051,19.239,0.00635,-0.4649,0.4649,inner_heliosphere,saturn,4.4265,7.4908,4.4265,7.6256,21.2284,3.540,-24.4448,-79.9163
VG2,-515126427.2,1983-09-05,12.410,234.822,1.028,19.215,0.00641,-0.4633,0.4633,inner_heliosphere,saturn,4.5018,7.5961,4.5018,7.5137,21.1008,12.660,0.0001,0.0001
VG2,-515097627.4,1983-09-05,12.412,234.836,1.027,19.214,0.00641,-0.4633,0.4633,inner_heliosphere,saturn,4.5038,7.5989,4.5038,7.5108,21.0974,0.333,0.0006,0.0212
VG2,-514305628.4,1983-09-14,12.471,235.217,1.011,19.196,0.00645,-0.4622,0.4622,inner_heliosphere,saturn,4.5584,7.6761,4.5584,7.4298,21.0052,9.167,0.0001,0.0001
VG2,-514276828.3,1983-09-15,12.473,235.231,1.010,19.195,0.00645,-0.4622,0.4622,inner_heliosphere,saturn,4.5604,7.6790,4.5604,7.4269,21.0018,0.333,-0.0002,-0.0066
VG2,-512967933.1,1983-09-30,12.571,235.853,0.983,19.166,0.00652,-0.4604,0.4604,inner_heliosphere,saturn,4.6505,7.8083,4.6505,7.2933,20.8495,15.149,-72320.6424,-55253.1968
VG2,-512322749.9,1983-10-07,12.620,236.156,0.970,19.152,0.00655,-0.4595,0.4595,inner_heliosphere,saturn,4.6950,7.8729,4.6950,7.2275,20.7745,7.467,72320.1424,112092.4142
VG2,-510846751.8,1983-10-24,12.732,236.840,0.941,19.119,0.00663,-0.4576,0.4576,inner_heliosphere,saturn,4.7967,8.0224,4.7967,7.0772,20.6032,17.083,-0.0006,-0.0004
VG2,-510817951.8,1983-10-25,12.735,236.854,0.940,19.118,0.00663,-0.4575,0.4575,inner_heliosphere,saturn,4.7987,8.0254,4.7987,7.0742,20.5999,0.333,0.0006,0.0205
VG2,-509363553.4,1983-11-11,12.847,237.516,0.911,19.086,0.00670,-0.4557,0.4557,inner_heliosphere,saturn,4.8989,8.1754,4.8989,6.9263,20.4315,16.833,-0.0004,-0.0003
VG2,-509334753.4,1983-11-11,12.849,237.529,0.911,19.085,0.00670,-0.4556,0.4556,inner_heliosphere,saturn,4.9009,8.1784,4.9009,6.9234,20.4281,0.333,0.0006,0.0205
VG2,-508868193.8,1983-11-16,12.885,237.739,0.901,19.075,0.00672,-0.4550,0.4550,inner_heliosphere,saturn,4.9330,8.2271,4.9330,6.8760,20.3742,5.400,0.0001,0.0001
VG2,-508839393.9,1983-11-17,12.888,237.752,0.901,19.074,0.00673,-0.4550,0.4550,inner_heliosphere,saturn,4.9350,8.2301,4.9350,6.8730,20.3709,0.333,-0.0006,-0.0208
VG2,-508493794.3,1983-11-21,12.915,237.907,0.894,19.067,0.00674,-0.4546,0.4546,inner_heliosphere,saturn,4.9588,8.2664,4.9588,6.8379,20.3309,4.000,-0.0003,-0.0008
VG2,-508464994.5,1983-11-21,12.917,237.920,0.893,19.066,0.00674,-0.4545,0.4545,inner_heliosphere,saturn,4.9608,8.2694,4.9608,6.8350,20.3276,0.333,-0.0004,-0.0142
VG2,-504231400.0,1984-01-09,13.252,239.763,0.812,18.974,0.00693,-0.4494,0.4494,inner_heliosphere,saturn,5.2530,8.7253,5.2530,6.4059,19.8398,49.000,-0.0009,-0.0002
VG2,-504202600.1,1984-01-09,13.254,239.775,0.812,18.973,0.00694,-0.4493,0.4493,inner_heliosphere,saturn,5.2549,8.7285,5.2549,6.4030,19.8365,0.333,0.0002,0.0066
VG2,-503517161.1,1984-01-17,13.309,240.064,0.799,18.958,0.00696,-0.4485,0.4485,inner_heliosphere,saturn,5.3023,8.8043,5.3023,6.3337,19.7578,7.933,-0.0004,-0.0006
VG2,-503488361.0,1984-01-18,13.312,240.076,0.798,18.958,0.00697,-0.4485,0.4485,inner_heliosphere,saturn,5.3043,8.8075,5.3043,6.3308,19.7545,0.333,-0.0000,-0.0003
VG2,-502961321.7,1984-01-24,13.354,240.297,0.789,18.946,0.00699,-0.4479,0.4479,inner_heliosphere,saturn,5.3407,8.8662,5.3407,6.2775,19.6940,6.100,0.0000,0.0000
VG2,-502932521.6,1984-01-24,13.357,240.309,0.788,18.946,0.00699,-0.4478,0.4478,inner_heliosphere,saturn,5.3427,8.8694,5.3427,6.2746,19.6907,0.333,-0.0002,-0.0073
VG2,-502569642.0,1984-01-28,13.386,240.460,0.781,18.938,0.00700,-0.4474,0.4474,inner_heliosphere,saturn,5.3678,8.9100,5.3678,6.2379,19.6491,4.200,0.0002,0.0006
VG2,-502540842.1,1984-01-29,13.388,240.472,0.781,18.937,0.00701,-0.4474,0.4474,inner_heliosphere,saturn,5.3698,8.9133,5.3698,6.2350,19.6458,0.333,-0.0000,-0.0003
VG2,-500308845.0,1984-02-23,13.570,241.388,0.740,18.890,0.00710,-0.4449,0.4449,inner_heliosphere,saturn,5.5242,9.1666,5.5242,6.0098,19.3903,25.833,-0.0006,-0.0003
VG2,-500280045.1,1984-02-24,13.573,241.399,0.739,18.889,0.00710,-0.4448,0.4448,inner_heliosphere,saturn,5.5262,9.1699,5.5262,6.0069,19.3870,0.333,-0.0002,-0.0069
VG2,-494485492.8,1984-05-01,14.056,243.662,0.638,18.768,0.00731,-0.4387,0.4387,inner_heliosphere,uranus,5.4241,9.8543,5.9283,5.4241,18.7274,67.067,-0.0003,-0.0000
VG2,-494456692.8,1984-05-01,14.059,243.673,0.637,18.767,0.00732,-0.4386,0.4386,inner_heliosphere,uranus,5.4212,9.8578,5.9303,5.4212,18.7241,0.333,0.0004,0.0142
VG2,-492457975.0,1984-05-24,14.229,244.417,0.604,18.727,0.00738,-0.4366,0.4366,inner_heliosphere,uranus,5.2208,10.1027,6.0696,5.2208,18.4978,23.133,0.0001,0.0001
VG2,-492429175.0,1984-05-25,14.231,244.428,0.603,18.726,0.00739,-0.4366,0.4366,inner_heliosphere,uranus,5.2179,10.1063,6.0716,5.2179,18.4945,0.333,-0.0004,-0.0139
VG2,-491579576.0,1984-06-03,14.304,244.739,0.589,18.709,0.00741,-0.4358,0.4358,inner_heliosphere,uranus,5.1328,10.2118,6.1309,5.1328,18.3985,9.833,0.0004,0.0005
VG2,-491550776.1,1984-06-04,14.306,244.749,0.589,18.708,0.00742,-0.4357,0.4357,inner_heliosphere,uranus,5.1299,10.2154,6.1329,5.1299,18.3952,0.333,-0.0002,-0.0066
VG2,-490810617.0,1984-06-12,14.370,245.018,0.576,18.693,0.00744,-0.4350,0.4350,inner_heliosphere,uranus,5.0558,10.3079,6.1846,5.0558,18.3116,8.567,0.0004,0.0006
VG2,-490781817.1,1984-06-13,14.373,245.028,0.576,18.693,0.00744,-0.4350,0.4350,inner_heliosphere,uranus,5.0529,10.3115,6.1866,5.0529,18.3084,0.333,-0.0004,-0.0139
VG2,-489042299.4,1984-07-03,14.523,245.649,0.548,18.658,0.00750,-0.4333,0.4333,inner_heliosphere,uranus,4.8789,10.5314,6.3083,4.8789,18.1123,20.133,0.0009,0.0005
VG2,-489013499.4,1984-07-03,14.525,245.659,0.547,18.658,0.00750,-0.4333,0.4333,inner_heliosphere,uranus,4.8760,10.5351,6.3103,4.8760,18.1091,0.333,-0.0002,-0.0066
VG2,-488178300.5,1984-07-13,14.598,245.952,0.534,18.641,0.00752,-0.4325,0.4325,inner_heliosphere,uranus,4.7925,10.6418,6.3688,4.7925,18.0151,9.667,0.0005,0.0006
VG2,-488149500.5,1984-07-13,14.601,245.962,0.533,18.641,0.00752,-0.4325,0.4325,inner_heliosphere,uranus,4.7896,10.6455,6.3708,4.7896,18.0118,0.333,-0.0004,-0.0135
VG2,-485479743.5,1984-08-13,14.834,246.880,0.492,18.588,0.00760,-0.4301,0.4301,inner_heliosphere,uranus,4.5231,10.9918,6.5584,4.5231,17.7121,30.900,0.0013,0.0005
VG2,-485450943.6,1984-08-13,14.837,246.890,0.491,18.588,0.00760,-0.4301,0.4301,inner_heliosphere,uranus,4.5202,10.9956,6.5604,4.5202,17.7089,0.333,-0.0006,-0.0205
VG2,-485374528.1,1984-08-14,14.844,246.916,0.490,18.586,0.00761,-0.4300,0.4300,inner_heliosphere,uranus,4.5126,11.0056,6.5658,4.5126,17.7003,0.884,-47.5647,-622.4488
VG2,-484843216.7,1984-08-20,14.890,247.095,0.482,18.576,0.00762,-0.4295,0.4295,inner_heliosphere,uranus,4.4596,11.0754,6.6032,4.4596,17.6408,6.149,0.0002,0.0004
VG2,-484814416.8,1984-08-21,14.893,247.105,0.481,18.576,0.00762,-0.4295,0.4295,inner_heliosphere,uranus,4.4568,11.0792,6.6052,4.4568,17.6376,0.333,-0.0006,-0.0205
VG2,-484013777.9,1984-08-30,14.964,247.372,0.469,18.560,0.00765,-0.4288,0.4288,inner_heliosphere,uranus,4.3769,11.1851,6.6617,4.3769,17.5480,9.267,-0.0003,-0.0004
VG2,-483984978.0,1984-08-30,14.966,247.382,0.469,18.560,0.00765,-0.4288,0.4288,inner_heliosphere,uranus,4.3741,11.1889,6.6637,4.3741,17.5448,0.333,0.0002,0.0073
VG2,-482208020.3,1984-09-20,15.124,247.967,0.442,18.526,0.00770,-0.4273,0.4273,inner_heliosphere,uranus,4.1971,11.4262,6.7892,4.1971,17.3462,20.567,-0.0000,-0.0000
VG2,-482179220.3,1984-09-20,15.127,247.976,0.441,18.525,0.00770,-0.4272,0.4272,inner_heliosphere,uranus,4.1942,11.4301,6.7913,4.1942,17.3430,0.333,0.0006,0.0208
VG2,-480560662.2,1984-10-09,15.271,248.498,0.417,18.495,0.00774,-0.4259,0.4259,inner_heliosphere,uranus,4.0331,11.6491,6.9059,4.0331,17.1626,18.733,0.0004,0.0003
VG2,-480531862.3,1984-10-09,15.274,248.507,0.417,18.494,0.00774,-0.4259,0.4259,inner_heliosphere,uranus,4.0303,11.6530,6.9080,4.0303,17.1594,0.333,-0.0004,-0.0139
VG2,-479950103.0,1984-10-16,15.326,248.692,0.409,18.483,0.00776,-0.4254,0.4254,inner_heliosphere,uranus,3.9724,11.7324,6.9493,3.9724,17.0946,6.733,0.0000,0.0000
VG2,-479921303.0,1984-10-16,15.328,248.701,0.408,18.483,0.00776,-0.4254,0.4254,inner_heliosphere,uranus,3.9695,11.7363,6.9513,3.9695,17.0914,0.333,-0.0000,-0.0000
VG2,-479863703.1,1984-10-17,15.334,248.720,0.407,18.482,0.00776,-0.4253,0.4253,inner_heliosphere,uranus,3.9638,11.7442,6.9554,3.9638,17.0850,0.667,0.0000,0.0000
VG2,-479834903.2,1984-10-17,15.336,248.729,0.407,18.481,0.00776,-0.4253,0.4253,inner_heliosphere,uranus,3.9609,11.7481,6.9574,3.9609,17.0818,0.333,0.0002,0.0069
VG2,-479261783.9,1984-10-24,15.388,248.910,0.399,18.471,0.00777,-0.4248,0.4248,inner_heliosphere,uranus,3.9040,11.8267,6.9982,3.9040,17.0181,6.633,-0.0002,-0.0004
VG2,-479232984.0,1984-10-24,15.390,248.919,0.398,18.470,0.00777,-0.4248,0.4248,inner_heliosphere,uranus,3.9011,11.8307,7.0002,3.9011,17.0149,0.333,0.0006,0.0208
VG2,-478501465.1,1984-11-02,15.456,249.148,0.388,18.457,0.00779,-0.4242,0.4242,inner_heliosphere,uranus,3.8284,11.9315,7.0523,3.8284,16.9336,8.467,-0.0004,-0.0006
VG2,-478472665.0,1984-11-02,15.459,249.157,0.387,18.456,0.00779,-0.4242,0.4242,inner_heliosphere,uranus,3.8255,11.9354,7.0543,3.8255,16.9304,0.333,0.0004,0.0139
VG2,-477873625.8,1984-11-09,15.513,249.343,0.379,18.445,0.00781,-0.4237,0.4237,inner_heliosphere,uranus,3.7660,12.0184,7.0970,3.7660,16.8639,6.933,0.0001,0.0002
VG2,-477844825.8,1984-11-09,15.516,249.352,0.378,18.445,0.00781,-0.4237,0.4237,inner_heliosphere,uranus,3.7632,12.0224,7.0991,3.7632,16.8607,0.333,-0.0004,-0.0142
VG2,-477614426.1,1984-11-12,15.536,249.423,0.375,18.440,0.00781,-0.4235,0.4235,inner_heliosphere,uranus,3.7403,12.0544,7.1155,3.7403,16.8351,2.667,-0.0004,-0.0019
VG2,-477585626.1,1984-11-12,15.539,249.432,0.375,18.440,0.00782,-0.4235,0.4235,inner_heliosphere,uranus,3.7374,12.0584,7.1175,3.7374,16.8319,0.333,0.0006,0.0205
VG2,-477294746.4,1984-11-16,15.565,249.521,0.370,18.436,0.00782,-0.4233,0.4233,inner_heliosphere,uranus,3.7085,12.0989,7.1383,3.7085,16.7997,3.367,-0.0004,-0.0012
VG2,-477265946.4,1984-11-16,15.568,249.530,0.370,18.435,0.00782,-0.4233,0.4233,inner_heliosphere,uranus,3.7057,12.1029,7.1404,3.7057,16.7965,0.333,-0.0002,-0.0073
VG2,-476404827.2,1984-11-26,15.646,249.793,0.358,18.420,0.00784,-0.4226,0.4226,inner_heliosphere,uranus,3.6201,12.2232,7.2019,3.6201,16.7011,9.967,-0.0003,-0.0003
VG2,-476376027.3,1984-11-26,15.649,249.802,0.357,18.419,0.00785,-0.4226,0.4226,inner_heliosphere,uranus,3.6173,12.2273,7.2039,3.6173,16.6979,0.333,0.0002,0.0066
VG2,-476160027.6,1984-11-29,15.668,249.868,0.354,18.415,0.00785,-0.4224,0.4224,inner_heliosphere,uranus,3.5958,12.2576,7.2194,3.5958,16.6739,2.500,0.0004,0.0020
VG2,-476131227.7,1984-11-29,15.671,249.876,0.354,18.415,0.00785,-0.4224,0.4224,inner_heliosphere,uranus,3.5930,12.2616,7.2214,3.5930,16.6708,0.333,-0.0006,-0.0208
VG2,-476030427.8,1984-11-30,15.680,249.907,0.353,18.413,0.00785,-0.4223,0.4223,inner_heliosphere,uranus,3.5830,12.2758,7.2286,3.5830,16.6596,1.167,0.0005,0.0047
VG2,-476001627.8,1984-12-01,15.683,249.916,0.352,18.412,0.00785,-0.4223,0.4223,inner_heliosphere,uranus,3.5801,12.2798,7.2307,3.5801,16.6564,0.333,-0.0006,-0.0212
VG2,-475503388.5,1984-12-06,15.728,250.066,0.345,18.403,0.00787,-0.4219,0.4219,inner_heliosphere,uranus,3.5307,12.3500,7.2664,3.5307,16.6013,5.767,0.0001,0.0001
VG2,-475474588.6,1984-12-07,15.731,250.075,0.345,18.403,0.00787,-0.4219,0.4219,inner_heliosphere,uranus,3.5278,12.3540,7.2684,3.5278,16.5981,0.333,0.0002,0.0066
VG2,-475105949.1,1984-12-11,15.764,250.186,0.340,18.396,0.00788,-0.4216,0.4216,inner_heliosphere,uranus,3.4912,12.4061,7.2948,3.4912,16.5573,4.267,0.0004,0.0010
VG2,-475077149.0,1984-12-11,15.767,250.194,0.339,18.396,0.00788,-0.4216,0.4216,inner_heliosphere,uranus,3.4884,12.4101,7.2969,3.4884,16.5541,0.333,-0.0004,-0.0142
VG2,-474538589.6,1984-12-18,15.816,250.355,0.332,18.386,0.00789,-0.4212,0.4212,inner_heliosphere,uranus,3.4349,12.4864,7.3355,3.4349,16.4946,6.233,-0.0000,-0.0001
VG2,-474509789.7,1984-12-18,15.819,250.364,0.332,18.386,0.00789,-0.4212,0.4212,inner_heliosphere,uranus,3.4321,12.4905,7.3376,3.4321,16.4914,0.333,-0.0000,-0.0003
VG2,-473991390.4,1984-12-24,15.866,250.517,0.324,18.376,0.00790,-0.4208,0.4208,inner_heliosphere,uranus,3.3807,12.5642,7.3748,3.3807,16.4341,6.000,-0.0004,-0.0007
VG2,-473962590.5,1984-12-24,15.869,250.526,0.324,18.376,0.00790,-0.4208,0.4208,inner_heliosphere,uranus,3.3778,12.5684,7.3769,3.3778,16.4310,0.333,0.0006,0.0205
VG2,-473208031.5,1985-01-02,15.938,250.748,0.314,18.362,0.00792,-0.4202,0.4202,inner_heliosphere,uranus,3.3030,12.6761,7.4311,3.3030,16.3477,8.733,-0.0001,-0.0001
VG2,-473179231.5,1985-01-02,15.940,250.757,0.313,18.362,0.00792,-0.4202,0.4202,inner_heliosphere,uranus,3.3001,12.6802,7.4332,3.3001,16.3445,0.333,-0.0000,-0.0003
VG2,-470362595.2,1985-02-04,16.199,251.569,0.276,18.313,0.00798,-0.4182,0.4182,inner_heliosphere,uranus,3.0211,13.0871,7.6365,3.0211,16.0344,32.600,-0.0007,-0.0003
VG2,-470333795.2,1985-02-04,16.202,251.577,0.275,18.312,0.00798,-0.4182,0.4182,inner_heliosphere,uranus,3.0182,13.0913,7.6386,3.0182,16.0312,0.333,-0.0000,-0.0003
VG2,-470028515.5,1985-02-08,16.230,251.664,0.271,18.307,0.00799,-0.4179,0.4179,inner_heliosphere,uranus,2.9880,13.1359,7.6607,2.9880,15.9977,3.533,-0.0003,-0.0010
VG2,-469999715.5,1985-02-08,16.233,251.672,0.271,18.307,0.00799,-0.4179,0.4179,inner_heliosphere,uranus,2.9851,13.1401,7.6628,2.9851,15.9945,0.333,0.0004,0.0135
VG2,-468818916.9,1985-02-22,16.342,252.003,0.256,18.286,0.00801,-0.4171,0.4171,inner_heliosphere,uranus,2.8682,13.3132,7.7484,2.8682,15.8649,13.667,-0.0003,-0.0002
VG2,-468790117.0,1985-02-22,16.345,252.011,0.255,18.286,0.00801,-0.4171,0.4171,inner_heliosphere,uranus,2.8654,13.3174,7.7505,2.8654,15.8618,0.333,-0.0004,-0.0142
VG2,-466198120.5,1985-03-24,16.586,252.723,0.222,18.242,0.00807,-0.4153,0.4153,inner_heliosphere,uranus,2.6090,13.7016,7.9394,2.6090,15.5780,30.000,-0.0003,-0.0001
VG2,-466169320.6,1985-03-25,16.589,252.731,0.222,18.242,0.00807,-0.4153,0.4153,inner_heliosphere,uranus,2.6061,13.7059,7.9415,2.6061,15.5748,0.333,0.0004,0.0135
VG2,-465658649.2,1985-03-30,16.637,252.869,0.216,18.233,0.00808,-0.4150,0.4150,inner_heliosphere,uranus,2.5556,13.7823,7.9788,2.5556,15.5190,5.911,-0.0495,-0.0970
VG2,-465236201.8,1985-04-04,16.676,252.982,0.210,18.226,0.00809,-0.4147,0.4147,inner_heliosphere,uranus,2.5139,13.8456,8.0097,2.5139,15.4729,4.889,-0.0000,-0.0000
VG2,-465207401.7,1985-04-05,16.679,252.990,0.210,18.226,0.00809,-0.4147,0.4147,inner_heliosphere,uranus,2.5110,13.8500,8.0119,2.5110,15.4698,0.333,0.0000,0.0000
VG2,-463269164.0,1985-04-27,16.861,253.503,0.186,18.194,0.00812,-0.4134,0.4134,inner_heliosphere,uranus,2.3195,14.1426,8.1542,2.3195,15.2584,22.433,-0.0001,-0.0001
VG2,-463240364.0,1985-04-27,16.863,253.511,0.186,18.193,0.00812,-0.4134,0.4134,inner_heliosphere,uranus,2.3166,14.1469,8.1563,2.3166,15.2553,0.333,-0.0002,-0.0066
VG2,-461702445.7,1985-05-15,17.008,253.910,0.167,18.168,0.00815,-0.4125,0.4125,inner_heliosphere,uranus,2.1647,14.3813,8.2697,2.1647,15.0880,17.800,0.0001,0.0001
VG2,-461673645.8,1985-05-16,17.011,253.917,0.167,18.168,0.00815,-0.4124,0.4124,inner_heliosphere,uranus,2.1619,14.3857,8.2718,2.1619,15.0849,0.333,0.0000,0.0000
VG2,-460662767.1,1985-05-27,17.106,254.176,0.155,18.151,0.00817,-0.4118,0.4118,inner_heliosphere,uranus,2.0620,14.5407,8.3466,2.0620,14.9752,11.700,0.0005,0.0005
VG2,-460633967.1,1985-05-28,17.109,254.183,0.155,18.151,0.00817,-0.4118,0.4118,inner_heliosphere,uranus,2.0592,14.5452,8.3488,2.0592,14.9720,0.333,0.0002,0.0069
VG2,-459856367.9,1985-06-06,17.183,254.380,0.146,18.139,0.00818,-0.4113,0.4113,inner_heliosphere,uranus,1.9824,14.6650,8.4064,1.9824,14.8877,9.000,0.0004,0.0005
VG2,-459827568.0,1985-06-06,17.185,254.387,0.145,18.138,0.00818,-0.4113,0.4113,inner_heliosphere,uranus,1.9796,14.6695,8.4086,1.9796,14.8846,0.333,0.0002,0.0073
VG2,-459369648.6,1985-06-11,17.229,254.503,0.140,18.131,0.00819,-0.4110,0.4110,inner_heliosphere,uranus,1.9344,14.7403,8.4426,1.9344,14.8350,5.300,0.0003,0.0006
VG2,-459340848.7,1985-06-12,17.232,254.510,0.140,18.130,0.00819,-0.4110,0.4110,inner_heliosphere,uranus,1.9315,14.7447,8.4447,1.9315,14.8319,0.333,0.0000,0.0003
VG2,-458874289.2,1985-06-17,17.276,254.627,0.134,18.123,0.00820,-0.4107,0.4107,inner_heliosphere,uranus,1.8855,14.8170,8.4794,1.8855,14.7813,5.400,-0.0001,-0.0001
VG2,-458845489.3,1985-06-17,17.278,254.634,0.134,18.123,0.00820,-0.4107,0.4107,inner_heliosphere,uranus,1.8827,14.8215,8.4816,1.8827,14.7782,0.333,0.0000,0.0003
VG2,-458609329.7,1985-06-20,17.301,254.693,0.131,18.119,0.00820,-0.4106,0.4106,inner_heliosphere,uranus,1.8594,14.8582,8.4992,1.8594,14.7527,2.733,0.0002,0.0008
VG2,-458580529.6,1985-06-20,17.304,254.700,0.131,18.118,0.00820,-0.4106,0.4106,inner_heliosphere,uranus,1.8565,14.8626,8.5013,1.8565,14.7495,0.333,0.0000,0.0000
VG2,-457703906.6,1985-07-01,17.387,254.917,0.121,18.105,0.00822,-0.4101,0.4101,inner_heliosphere,uranus,1.7700,14.9991,8.5667,1.7700,14.6548,10.146,0.0014,0.0015
VG2,-457448690.9,1985-07-03,17.411,254.979,0.118,18.101,0.00822,-0.4099,0.4099,inner_heliosphere,uranus,1.7448,15.0390,8.5858,1.7448,14.6272,2.954,0.0003,0.0011
VG2,-457419891.0,1985-07-04,17.414,254.987,0.117,18.100,0.00822,-0.4099,0.4099,inner_heliosphere,uranus,1.7420,15.0434,8.5879,1.7420,14.6241,0.333,-0.0002,-0.0066
VG2,-456155572.7,1985-07-18,17.534,255.295,0.103,18.081,0.00824,-0.4092,0.4092,inner_heliosphere,uranus,1.6173,15.2415,8.6826,1.6173,14.4876,14.633,0.0010,0.0008
VG2,-456126772.6,1985-07-19,17.537,255.302,0.103,18.080,0.00824,-0.4092,0.4092,inner_heliosphere,uranus,1.6144,15.2461,8.6847,1.6144,14.4845,0.333,-0.0012,-0.0413
VG2,-455424053.4,1985-07-27,17.604,255.471,0.095,18.069,0.00826,-0.4088,0.4088,inner_heliosphere,uranus,1.5451,15.3567,8.7375,1.5451,14.4088,8.133,0.0004,0.0005
VG2,-455395253.5,1985-07-27,17.607,255.478,0.095,18.069,0.00826,-0.4087,0.4087,inner_heliosphere,uranus,1.5423,15.3612,8.7396,1.5423,14.4057,0.333,-0.0002,-0.0066
VG2,-451276858.8,1985-09-13,18.002,256.446,0.050,18.007,0.00832,-0.4065,0.4065,inner_heliosphere,uranus,1.1362,16.0163,9.0509,1.1362,13.9632,47.667,0.0011,0.0003
VG2,-451248058.8,1985-09-13,18.005,256.452,0.049,18.007,0.00832,-0.4065,0.4065,inner_heliosphere,uranus,1.1334,16.0210,9.0530,1.1334,13.9602,0.333,-0.0004,-0.0135
VG2,-450487739.6,1985-09-22,18.078,256.626,0.041,17.996,0.00833,-0.4061,0.4061,inner_heliosphere,uranus,1.0584,16.1431,9.1109,1.0584,13.8788,8.800,-0.0003,-0.0004
VG2,-450458939.7,1985-09-22,18.081,256.633,0.041,17.995,0.00833,-0.4061,0.4061,inner_heliosphere,uranus,1.0556,16.1478,9.1131,1.0556,13.8757,0.333,0.0004,0.0139
VG2,-450260220.0,1985-09-25,18.100,256.678,0.039,17.992,0.00833,-0.4060,0.4060,inner_heliosphere,uranus,1.0360,16.1798,9.1282,1.0360,13.8544,2.300,0.0005,0.0024
VG2,-450231420.0,1985-09-25,18.103,256.684,0.038,17.992,0.00833,-0.4060,0.4060,inner_heliosphere,uranus,1.0332,16.1844,9.1304,1.0332,13.8514,0.333,-0.0002,-0.0069
VG2,-449986620.4,1985-09-28,18.126,256.740,0.036,17.988,0.00834,-0.4058,0.4058,inner_heliosphere,uranus,1.0091,16.2239,9.1491,1.0091,13.8252,2.833,0.0003,0.0013
VG2,-449957820.4,1985-09-28,18.129,256.746,0.036,17.988,0.00834,-0.4058,0.4058,inner_heliosphere,uranus,1.0062,16.2285,9.1513,1.0062,13.8221,0.333,0.0000,0.0000
VG2,-449140588.9,1985-10-08,18.208,256.931,0.027,17.976,0.00835,-0.4054,0.4054,inner_heliosphere,uranus,0.9257,16.3605,9.2138,0.9257,13.7348,9.459,-32.5886,-39.8769
VG2,-448736669.4,1985-10-12,18.247,257.021,0.023,17.970,0.00835,-0.4052,0.4052,inner_heliosphere,uranus,0.8859,16.4259,9.2447,0.8859,13.6917,4.675,0.0004,0.0011
VG2,-448707869.4,1985-10-13,18.250,257.028,0.022,17.970,0.00835,-0.4052,0.4052,inner_heliosphere,uranus,0.8830,16.4306,9.2469,0.8830,13.6886,0.333,0.0002,0.0069
VG2,-448344989.9,1985-10-17,18.285,257.109,0.019,17.965,0.00836,-0.4050,0.4050,inner_heliosphere,uranus,0.8473,16.4894,9.2747,0.8473,13.6499,4.200,0.0005,0.0014
VG2,-448316189.8,1985-10-17,18.288,257.115,0.018,17.964,0.00836,-0.4050,0.4050,inner_heliosphere,uranus,0.8444,16.4941,9.2769,0.8444,13.6468,0.333,-0.0012,-0.0417
VG2,-447048991.3,1985-11-01,18.411,257.395,0.005,17.947,0.00838,-0.4044,0.4044,inner_heliosphere,uranus,0.7196,16.7002,9.3742,0.7196,13.5118,14.667,0.0003,0.0002
VG2,-447020191.3,1985-11-01,18.413,257.402,0.005,17.946,0.00838,-0.4044,0.4044,inner_heliosphere,uranus,0.7167,16.7049,9.3765,0.7167,13.5087,0.333,-0.0000,-0.0003
VG2,-446786911.6,1985-11-04,18.436,257.453,0.003,17.943,0.00838,-0.4042,0.4042,inner_heliosphere,uranus,0.6938,16.7430,9.3944,0.6938,13.4839,2.700,-0.0001,-0.0003
VG2,-446758111.7,1985-11-04,18.439,257.459,0.002,17.943,0.00838,-0.4042,0.4042,inner_heliosphere,uranus,0.6909,16.7477,9.3966,0.6909,13.4808,0.333,0.0006,0.0208
VG2,-446588191.9,1985-11-06,18.455,257.496,0.001,17.940,0.00838,-0.4041,0.4041,inner_heliosphere,uranus,0.6742,16.7754,9.4097,0.6742,13.4627,1.967,-0.0004,-0.0025
VG2,-446559392.0,1985-11-06,18.458,257.503,0.000,17.940,0.00838,-0.4041,0.4041,inner_heliosphere,uranus,0.6713,16.7801,9.4120,0.6713,13.4597,0.333,0.0010,0.0347
VG2,-445704033.2,1985-11-16,18.541,257.689,-0.008,17.928,0.00839,-0.4037,0.4037,inner_heliosphere,uranus,0.5871,16.9200,9.4780,0.5871,13.3687,9.900,0.0001,0.0001
VG2,-445675233.3,1985-11-17,18.544,257.695,-0.009,17.928,0.00840,-0.4037,0.4037,inner_heliosphere,uranus,0.5842,16.9247,9.4802,0.5842,13.3657,0.333,-0.0006,-0.0208
VG2,-445093474.2,1985-11-23,18.600,257.820,-0.014,17.920,0.00840,-0.4034,0.4034,inner_heliosphere,uranus,0.5269,17.0201,9.5252,0.5269,13.3039,6.733,0.0002,0.0004
VG2,-445064674.2,1985-11-24,18.603,257.827,-0.015,17.920,0.00840,-0.4034,0.4034,inner_heliosphere,uranus,0.5241,17.0248,9.5275,0.5241,13.3008,0.333,-0.0004,-0.0142
VG2,-444036515.6,1985-12-06,18.703,258.047,-0.025,17.906,0.00842,-0.4029,0.4029,inner_heliosphere,uranus,0.4228,17.1939,9.6072,0.4228,13.1917,11.900,-0.0006,-0.0006
VG2,-444007715.7,1985-12-06,18.706,258.053,-0.025,17.906,0.00842,-0.4029,0.4029,inner_heliosphere,uranus,0.4199,17.1986,9.6095,0.4199,13.1887,0.333,0.0004,0.0139
VG2,-442754917.6,1985-12-21,18.828,258.318,-0.038,17.891,0.00843,-0.4024,0.4024,inner_heliosphere,uranus,0.2965,17.4054,9.7070,0.2965,13.0560,14.500,-0.0007,-0.0006
VG2,-442726117.6,1985-12-21,18.831,258.324,-0.038,17.890,0.00843,-0.4024,0.4024,inner_heliosphere,uranus,0.2936,17.4102,9.7092,0.2936,13.0530,0.333,0.0008,0.0274
VG2,-442426598.0,1985-12-24,18.860,258.386,-0.041,17.887,0.00844,-0.4022,0.4022,inner_heliosphere,uranus,0.2641,17.4598,9.7326,0.2641,13.0213,3.467,-0.0004,-0.0014
VG2,-442397797.9,1985-12-25,18.863,258.392,-0.041,17.887,0.00844,-0.4022,0.4022,inner_heliosphere,uranus,0.2613,17.4645,9.7349,0.2613,13.0182,0.333,0.0006,0.0205
VG2,-440931879.6,1986-01-11,19.007,258.697,-0.055,17.878,0.00846,-0.4018,0.4018,inner_heliosphere,uranus,0.1168,17.7079,9.8497,0.1168,12.8633,16.967,-0.0002,-0.0001
VG2,-440903079.6,1986-01-11,19.009,258.703,-0.055,17.878,0.00846,-0.4018,0.4018,inner_heliosphere,uranus,0.1139,17.7127,9.8520,0.1139,12.8603,0.333,-0.0004,-0.0142
VG2,-437009323.9,1986-02-25,19.351,259.778,-0.030,19.700,0.00720,-0.1516,0.1516,inner_heliosphere,uranus,0.2714,18.2992,10.1455,0.2714,12.4240,45.067,-0.0005,-0.0001
VG2,-436980524.0,1986-02-25,19.353,259.786,-0.030,19.700,0.00721,-0.1516,0.1516,inner_heliosphere,uranus,0.2743,18.3033,10.1476,0.2743,12.4207,0.333,-0.0004,-0.0139
VG2,-435370606.4,1986-03-16,19.488,260.268,-0.009,19.680,0.00726,-0.1506,0.1506,inner_heliosphere,uranus,0.4331,18.5370,10.2669,0.4331,12.2369,18.633,-0.0007,-0.0004
VG2,-435341806.4,1986-03-16,19.490,260.277,-0.008,19.680,0.00726,-0.1506,0.1506,inner_heliosphere,uranus,0.4359,18.5412,10.2690,0.4359,12.2336,0.333,0.0002,0.0069
VG2,-435013486.8,1986-03-20,19.518,260.374,-0.004,19.676,0.00728,-0.1504,0.1504,inner_heliosphere,uranus,0.4683,18.5892,10.2935,0.4683,12.1962,3.800,0.0001,0.0002
VG2,-434984686.8,1986-03-20,19.520,260.383,-0.004,19.676,0.00728,-0.1504,0.1504,inner_heliosphere,uranus,0.4712,18.5934,10.2956,0.4712,12.1929,0.333,-0.0004,-0.0139
VG2,-434074607.9,1986-03-31,19.597,260.651,0.008,19.666,0.00731,-0.1498,0.1498,inner_heliosphere,uranus,0.5610,18.7266,10.3635,0.5610,12.0891,10.533,0.0003,0.0004
VG2,-434045808.0,1986-03-31,19.599,260.660,0.009,19.665,0.00731,-0.1498,0.1498,inner_heliosphere,uranus,0.5638,18.7308,10.3656,0.5638,12.0858,0.333,-0.0006,-0.0208
VG2,-433438128.8,1986-04-07,19.651,260.838,0.016,19.659,0.00733,-0.1495,0.1495,inner_heliosphere,uranus,0.6237,18.8201,10.4111,0.6237,12.0165,7.033,0.0004,0.0007
VG2,-433409328.9,1986-04-08,19.653,260.846,0.017,19.658,0.00733,-0.1495,0.1495,inner_heliosphere,uranus,0.6266,18.8243,10.4132,0.6266,12.0132,0.333,-0.0004,-0.0139
VG2,-432571250.1,1986-04-17,19.725,261.090,0.027,19.649,0.00736,-0.1490,0.1490,inner_heliosphere,uranus,0.7093,18.9479,10.4761,0.7093,11.9177,9.700,-0.0003,-0.0004
VG2,-432542450.1,1986-04-18,19.727,261.099,0.028,19.649,0.00736,-0.1490,0.1490,inner_heliosphere,uranus,0.7121,18.9521,10.4783,0.7121,11.9144,0.333,0.0006,0.0208
VG2,-431825330.8,1986-04-26,19.788,261.306,0.037,19.642,0.00739,-0.1486,0.1486,inner_heliosphere,uranus,0.7828,19.0583,10.5323,0.7828,11.8327,8.300,0.0001,0.0002
VG2,-431796530.9,1986-04-26,19.791,261.314,0.037,19.641,0.00739,-0.1486,0.1486,inner_heliosphere,uranus,0.7857,19.0626,10.5344,0.7857,11.8294,0.333,-0.0002,-0.0069
VG2,-431517171.2,1986-04-30,19.815,261.395,0.041,19.638,0.00740,-0.1484,0.1484,inner_heliosphere,uranus,0.8132,19.1040,10.5555,0.8132,11.7976,3.233,0.0001,0.0004
VG2,-431488371.3,1986-04-30,19.817,261.403,0.041,19.638,0.00740,-0.1484,0.1484,inner_heliosphere,uranus,0.8161,19.1083,10.5577,0.8161,11.7943,0.333,0.0000,0.0000
VG2,-430093890.8,1986-05-16,19.937,261.801,0.058,19.624,0.00745,-0.1476,0.1476,inner_heliosphere,uranus,0.9536,19.3160,10.6632,0.9536,11.6355,16.140,-34.4402,-24.6975
VG2,-429135380.1,1986-05-27,20.020,262.073,0.070,19.614,0.00748,-0.1471,0.1471,inner_heliosphere,uranus,1.0482,19.4594,10.7361,1.0482,11.5263,11.094,0.0003,0.0003
VG2,-429106580.1,1986-05-27,20.022,262.081,0.070,19.614,0.00748,-0.1471,0.1471,inner_heliosphere,uranus,1.0511,19.4638,10.7383,1.0511,11.5231,0.333,-0.0004,-0.0135
VG2,-427012822.9,1986-06-21,20.204,262.665,0.096,19.592,0.00755,-0.1460,0.1460,inner_heliosphere,uranus,1.2576,19.7792,10.8984,1.2576,11.2849,24.233,0.0009,0.0004
VG2,-426984023.0,1986-06-21,20.207,262.673,0.096,19.592,0.00755,-0.1460,0.1460,inner_heliosphere,uranus,1.2605,19.7836,10.9006,1.2605,11.2816,0.333,0.0002,0.0073
VG2,-425333785.3,1986-07-10,20.351,263.126,0.116,19.576,0.00760,-0.1452,0.1452,inner_heliosphere,uranus,1.4233,20.0341,11.0277,1.4233,11.0940,19.100,0.0004,0.0003
VG2,-425304985.2,1986-07-10,20.354,263.133,0.116,19.575,0.00760,-0.1451,0.1451,inner_heliosphere,uranus,1.4261,20.0385,11.0300,1.4261,11.0907,0.333,-0.0004,-0.0135
VG2,-424455386.2,1986-07-20,20.429,263.364,0.126,19.567,0.00763,-0.1447,0.1447,inner_heliosphere,uranus,1.5100,20.1681,11.0957,1.5100,10.9941,9.833,0.0002,0.0002
VG2,-424426586.3,1986-07-21,20.431,263.372,0.127,19.567,0.00763,-0.1447,0.1447,inner_heliosphere,uranus,1.5128,20.1725,11.0980,1.5128,10.9909,0.333,0.0004,0.0142
VG2,-423476187.5,1986-08-01,20.516,263.628,0.138,19.557,0.00766,-0.1442,0.1442,inner_heliosphere,uranus,1.6066,20.3179,11.1718,1.6066,10.8829,11.000,-0.0001,-0.0001
VG2,-423447387.6,1986-08-01,20.518,263.635,0.138,19.557,0.00766,-0.1442,0.1442,inner_heliosphere,uranus,1.6095,20.3223,11.1740,1.6095,10.8796,0.333,0.0000,0.0003
VG2,-421316190.6,1986-08-26,20.708,264.201,0.163,19.536,0.00772,-0.1432,0.1432,inner_heliosphere,uranus,1.8198,20.6503,11.3406,1.8198,10.6377,24.667,0.0001,0.0001
VG2,-421287390.6,1986-08-26,20.710,264.209,0.163,19.536,0.00772,-0.1432,0.1432,inner_heliosphere,uranus,1.8227,20.6547,11.3429,1.8227,10.6344,0.333,0.0006,0.0212
VG2,-418378594.5,1986-09-29,20.972,264.965,0.196,19.507,0.00781,-0.1418,0.1418,inner_heliosphere,uranus,2.1099,21.1060,11.5724,2.1099,10.3044,33.667,0.0004,0.0001
VG2,-418349794.5,1986-09-29,20.974,264.972,0.196,19.507,0.00781,-0.1418,0.1418,inner_heliosphere,uranus,2.1127,21.1105,11.5747,2.1127,10.3011,0.333,-0.0002,-0.0069
VG2,-417744995.2,1986-10-06,21.029,265.127,0.203,19.501,0.00783,-0.1415,0.1415,inner_heliosphere,uranus,2.1724,21.2048,11.6227,2.1724,10.2326,7.000,0.0000,0.0000
VG2,-417716195.3,1986-10-06,21.032,265.134,0.203,19.501,0.00783,-0.1415,0.1415,inner_heliosphere,uranus,2.1753,21.2093,11.6250,2.1753,10.2293,0.333,0.0000,0.0000
VG2,-412627242.3,1986-12-04,21.497,266.404,0.258,19.453,0.00797,-0.1392,0.1392,inner_heliosphere,uranus,2.6780,22.0091,12.0336,2.6780,9.6529,58.900,-0.0012,-0.0002
VG2,-412598442.3,1986-12-05,21.500,266.411,0.258,19.453,0.00797,-0.1392,0.1392,inner_heliosphere,uranus,2.6809,22.0137,12.0360,2.6809,9.6496,0.333,-0.0000,-0.0003
VG2,-412486122.4,1986-12-06,21.510,266.439,0.260,19.452,0.00797,-0.1392,0.1392,inner_heliosphere,uranus,2.6920,22.0315,12.0451,2.6920,9.6369,1.300,-0.0005,-0.0042
VG2,-412457322.4,1986-12-06,21.513,266.446,0.260,19.451,0.00797,-0.1392,0.1392,inner_heliosphere,uranus,2.6948,22.0360,12.0474,2.6948,9.6336,0.333,-0.0000,-0.0003
VG2,-411956202.9,1986-12-12,21.559,266.568,0.265,19.447,0.00798,-0.1389,0.1389,inner_heliosphere,uranus,2.7443,22.1153,12.0881,2.7443,9.5769,5.800,0.0001,0.0002
VG2,-411927403.1,1986-12-12,21.562,266.575,0.266,19.446,0.00799,-0.1389,0.1389,inner_heliosphere,uranus,2.7472,22.1199,12.0904,2.7472,9.5737,0.333,0.0004,0.0135
VG2,-411063404.2,1986-12-22,21.642,266.783,0.275,19.438,0.00801,-0.1386,0.1386,inner_heliosphere,uranus,2.8326,22.2569,12.1608,2.8326,9.4759,10.000,-0.0003,-0.0003
VG2,-411034604.3,1986-12-23,21.644,266.790,0.275,19.438,0.00801,-0.1385,0.1385,inner_heliosphere,uranus,2.8354,22.2614,12.1631,2.8354,9.4726,0.333,-0.0000,-0.0003
VG2,-409249006.9,1987-01-12,21.810,267.217,0.293,19.422,0.00805,-0.1378,0.1378,inner_heliosphere,uranus,3.0120,22.5453,12.3092,3.0120,9.2707,20.667,-0.0004,-0.0002
VG2,-409220206.9,1987-01-13,21.813,267.224,0.294,19.422,0.00805,-0.1378,0.1378,inner_heliosphere,uranus,3.0148,22.5498,12.3115,3.0148,9.2674,0.333,-0.0002,-0.0069
VG2,-407356849.5,1987-02-03,21.987,267.662,0.313,19.405,0.00810,-0.1370,0.1370,inner_heliosphere,uranus,3.1991,22.8470,12.4650,3.1991,9.0568,21.567,-0.0007,-0.0004
VG2,-407328049.4,1987-02-04,21.990,267.669,0.313,19.404,0.00810,-0.1370,0.1370,inner_heliosphere,uranus,3.2020,22.8516,12.4674,3.2020,9.0535,0.333,0.0006,0.0208
VG2,-407175409.6,1987-02-05,22.004,267.705,0.314,19.403,0.00811,-0.1370,0.1370,inner_heliosphere,uranus,3.2171,22.8760,12.4800,3.2171,9.0363,1.767,0.0002,0.0016
VG2,-407146609.7,1987-02-06,22.007,267.711,0.315,19.403,0.00811,-0.1369,0.1369,inner_heliosphere,uranus,3.2199,22.8806,12.4824,3.2199,9.0330,0.333,-0.0000,-0.0003
VG2,-407126449.7,1987-02-06,22.009,267.716,0.315,19.403,0.00811,-0.1369,0.1369,inner_heliosphere,uranus,3.2219,22.8838,12.4840,3.2219,9.0308,0.233,-0.0005,-0.0228
VG2,-407097649.7,1987-02-06,22.011,267.723,0.315,19.402,0.00811,-0.1369,0.1369,inner_heliosphere,uranus,3.2248,22.8884,12.4864,3.2248,9.0275,0.333,0.0002,0.0066
VG2,-406150130.7,1987-02-17,22.100,267.942,0.325,19.394,0.00813,-0.1365,0.1365,inner_heliosphere,uranus,3.3185,23.0400,12.5649,3.3185,8.9204,10.967,-0.0007,-0.0008
VG2,-406121330.8,1987-02-18,22.103,267.949,0.325,19.394,0.00813,-0.1365,0.1365,inner_heliosphere,uranus,3.3213,23.0446,12.5673,3.3213,8.9172,0.333,0.0002,0.0066
VG2,-405965811.0,1987-02-19,22.118,267.985,0.327,19.392,0.00813,-0.1365,0.1365,inner_heliosphere,uranus,3.3367,23.0695,12.5802,3.3367,8.8996,1.800,0.0003,0.0018
VG2,-405937011.0,1987-02-20,22.121,267.992,0.327,19.392,0.00814,-0.1365,0.1365,inner_heliosphere,uranus,3.3396,23.0741,12.5826,3.3396,8.8964,0.333,-0.0002,-0.0069
VG2,-405718131.3,1987-02-22,22.141,268.042,0.329,19.390,0.00814,-0.1364,0.1364,inner_heliosphere,uranus,3.3612,23.1091,12.6008,3.3612,8.8716,2.533,-0.0001,-0.0004
VG2,-405689331.4,1987-02-23,22.144,268.049,0.329,19.390,0.00814,-0.1364,0.1364,inner_heliosphere,uranus,3.3641,23.1138,12.6032,3.3641,8.8684,0.333,-0.0004,-0.0142
VG2,-405361011.8,1987-02-26,22.175,268.124,0.333,19.387,0.00815,-0.1362,0.1362,inner_heliosphere,uranus,3.3966,23.1664,12.6305,3.3966,8.8313,3.800,0.0002,0.0005
VG2,-405332211.9,1987-02-27,22.178,268.131,0.333,19.386,0.00815,-0.1362,0.1362,inner_heliosphere,uranus,3.3994,23.1710,12.6329,3.3994,8.8281,0.333,-0.0006,-0.0212
VG2,-404183093.5,1987-03-12,22.286,268.393,0.344,19.376,0.00818,-0.1358,0.1358,inner_heliosphere,uranus,3.5132,23.3552,12.7288,3.5132,8.6983,13.300,-0.0002,-0.0002
VG2,-404154293.4,1987-03-12,22.289,268.400,0.344,19.376,0.00818,-0.1358,0.1358,inner_heliosphere,uranus,3.5160,23.3599,12.7312,3.5160,8.6950,0.333,-0.0006,-0.0212
VG2,-403431414.2,1987-03-21,22.357,268.563,0.352,19.379,0.00820,-0.1356,0.1356,inner_heliosphere,uranus,3.5876,23.4760,12.7917,3.5876,8.6134,8.367,-0.0003,-0.0004
VG2,-403402614.3,1987-03-21,22.360,268.570,0.352,19.378,0.00820,-0.1356,0.1356,inner_heliosphere,uranus,3.5905,23.4806,12.7942,3.5905,8.6101,0.333,0.0000,0.0000
VG2,-403114614.7,1987-03-24,22.387,268.635,0.355,19.376,0.00821,-0.1355,0.1355,inner_heliosphere,uranus,3.6190,23.5269,12.8183,3.6190,8.5776,3.333,-0.0000,-0.0001
VG2,-403085814.8,1987-03-25,22.390,268.641,0.355,19.375,0.00821,-0.1355,0.1355,inner_heliosphere,uranus,3.6218,23.5315,12.8208,3.6218,8.5743,0.333,-0.0002,-0.0069
VG2,-401473017.2,1987-04-12,22.544,269.002,0.370,19.361,0.00824,-0.1348,0.1348,inner_heliosphere,uranus,3.7816,23.7910,12.9566,3.7816,8.3922,18.667,-0.0000,-0.0000
VG2,-401444217.1,1987-04-13,22.546,269.008,0.371,19.361,0.00824,-0.1348,0.1348,inner_heliosphere,uranus,3.7845,23.7956,12.9591,3.7845,8.3890,0.333,0.0002,0.0069
VG2,-401041017.7,1987-04-17,22.585,269.097,0.375,19.357,0.00825,-0.1347,0.1347,inner_heliosphere,uranus,3.8245,23.8605,12.9931,3.8245,8.3434,4.667,-0.0002,-0.0004
VG2,-401012217.7,1987-04-18,22.588,269.104,0.375,19.357,0.00825,-0.1347,0.1347,inner_heliosphere,uranus,3.8273,23.8652,12.9956,3.8273,8.3402,0.333,0.0008,0.0278
VG2,-400609018.2,1987-04-22,22.626,269.193,0.379,19.354,0.00826,-0.1345,0.1345,inner_heliosphere,uranus,3.8673,23.9301,13.0297,3.8673,8.2947,4.667,0.0002,0.0006
VG2,-400580218.3,1987-04-23,22.629,269.199,0.379,19.353,0.00826,-0.1345,0.1345,inner_heliosphere,uranus,3.8701,23.9348,13.0322,3.8701,8.2914,0.333,0.0006,0.0208
VG2,-399097020.5,1987-05-10,22.771,269.524,0.393,19.340,0.00830,-0.1340,0.1340,inner_heliosphere,uranus,4.0172,24.1739,13.1582,4.0172,8.1241,17.167,0.0002,0.0001
VG2,-399068220.4,1987-05-10,22.774,269.530,0.393,19.340,0.00830,-0.1340,0.1340,inner_heliosphere,uranus,4.0200,24.1786,13.1607,4.0200,8.1208,0.333,-0.0002,-0.0066
VG2,-397757821.9,1987-05-25,22.900,269.814,0.405,19.329,0.00833,-0.1335,0.1335,inner_heliosphere,uranus,4.1500,24.3901,13.2726,4.1500,7.9730,15.167,0.0001,0.0001
VG2,-397729022.0,1987-05-26,22.903,269.820,0.406,19.329,0.00833,-0.1335,0.1335,inner_heliosphere,uranus,4.1528,24.3948,13.2751,4.1528,7.9697,0.333,0.0004,0.0142
VG2,-397671422.1,1987-05-26,22.908,269.832,0.406,19.328,0.00833,-0.1335,0.1335,inner_heliosphere,uranus,4.1586,24.4041,13.2800,4.1586,7.9632,0.667,-0.0002,-0.0033
VG2,-397642622.1,1987-05-27,22.911,269.839,0.406,19.328,0.00833,-0.1334,0.1334,inner_heliosphere,uranus,4.1614,24.4087,13.2825,4.1614,7.9600,0.333,0.0004,0.0142
VG2,-396945663.1,1987-06-04,22.978,269.988,0.413,19.322,0.00834,-0.1332,0.1332,inner_heliosphere,uranus,4.2306,24.5213,13.3423,4.2306,7.8814,8.067,-0.0001,-0.0002
VG2,-396916863.2,1987-06-04,22.981,269.994,0.413,19.322,0.00834,-0.1332,0.1332,inner_heliosphere,uranus,4.2334,24.5259,13.3447,4.2334,7.8781,0.333,0.0002,0.0073
VG2,-396674943.5,1987-06-07,23.004,270.046,0.415,19.320,0.00835,-0.1331,0.1331,inner_heliosphere,uranus,4.2574,24.5650,13.3655,4.2574,7.8508,2.800,0.0003,0.0013
VG2,-396646143.6,1987-06-07,23.007,270.052,0.416,19.319,0.00835,-0.1331,0.1331,inner_heliosphere,uranus,4.2603,24.5697,13.3680,4.2603,7.8476,0.333,0.0000,0.0000
VG2,-396467583.9,1987-06-09,23.024,270.090,0.417,19.318,0.00835,-0.1330,0.1330,inner_heliosphere,uranus,4.2780,24.5985,13.3833,4.2780,7.8275,2.067,0.0002,0.0012
VG2,-396438784.0,1987-06-10,23.027,270.096,0.418,19.318,0.00835,-0.1330,0.1330,inner_heliosphere,uranus,4.2808,24.6032,13.3858,4.2808,7.8242,0.333,-0.0004,-0.0135
VG2,-396260224.2,1987-06-12,23.045,270.134,0.419,19.316,0.00836,-0.1330,0.1330,inner_heliosphere,uranus,4.2986,24.6320,13.4012,4.2986,7.8041,2.067,-0.0002,-0.0013
VG2,-396231424.3,1987-06-12,23.047,270.140,0.419,19.316,0.00836,-0.1329,0.1329,inner_heliosphere,uranus,4.3014,24.6367,13.4037,4.3014,7.8008,0.333,0.0004,0.0142
VG2,-395779265.1,1987-06-17,23.091,270.236,0.424,19.312,0.00837,-0.1328,0.1328,inner_heliosphere,uranus,4.3463,24.7098,13.4426,4.3463,7.7499,5.233,-0.0000,-0.0001
VG2,-395750465.0,1987-06-18,23.094,270.242,0.424,19.312,0.00837,-0.1328,0.1328,inner_heliosphere,uranus,4.3491,24.7144,13.4451,4.3491,7.7466,0.333,0.0000,0.0000
VG2,-394561026.8,1987-07-01,23.209,270.493,0.435,19.302,0.00839,-0.1324,0.1324,inner_heliosphere,uranus,4.4672,24.9067,13.5479,4.4672,7.6125,13.767,0.0006,0.0005
VG2,-394532226.7,1987-07-02,23.212,270.499,0.435,19.301,0.00839,-0.1324,0.1324,inner_heliosphere,uranus,4.4701,24.9113,13.5504,4.4701,7.6093,0.333,0.0004,0.0142
VG2,-392856069.1,1987-07-21,23.375,270.847,0.450,19.287,0.00843,-0.1318,0.1318,inner_heliosphere,uranus,4.6365,25.1824,13.6960,4.6365,7.4204,19.400,0.0009,0.0005
VG2,-392827269.0,1987-07-21,23.378,270.853,0.450,19.287,0.00843,-0.1318,0.1318,inner_heliosphere,uranus,4.6394,25.1870,13.6986,4.6394,7.4172,0.333,0.0000,0.0003
VG2,-392372229.6,1987-07-27,23.422,270.947,0.454,19.283,0.00844,-0.1316,0.1316,inner_heliosphere,uranus,4.6845,25.2606,13.7383,4.6845,7.3659,5.267,0.0002,0.0005
VG2,-392343429.6,1987-07-27,23.425,270.953,0.454,19.283,0.00844,-0.1316,0.1316,inner_heliosphere,uranus,4.6874,25.2653,13.7408,4.6874,7.3626,0.333,-0.0002,-0.0066
VG2,-392075590.0,1987-07-30,23.451,271.008,0.457,19.281,0.00844,-0.1315,0.1315,inner_heliosphere,uranus,4.7140,25.3086,13.7642,4.7140,7.3325,3.100,0.0003,0.0010
VG2,-392046790.1,1987-07-30,23.454,271.014,0.457,19.281,0.00844,-0.1315,0.1315,inner_heliosphere,uranus,4.7169,25.3132,13.7667,4.7169,7.3292,0.333,-0.0008,-0.0274
VG2,-391623430.6,1987-08-04,23.496,271.100,0.461,19.277,0.00845,-0.1314,0.1314,inner_heliosphere,uranus,4.7589,25.3817,13.8037,4.7589,7.2815,4.900,0.0005,0.0011
VG2,-391594630.7,1987-08-05,23.498,271.106,0.461,19.277,0.00845,-0.1314,0.1314,inner_heliosphere,uranus,4.7618,25.3864,13.8062,4.7618,7.2783,0.333,-0.0004,-0.0135
VG2,-390451272.3,1987-08-18,23.610,271.339,0.471,19.268,0.00847,-0.1310,0.1310,inner_heliosphere,uranus,4.8754,25.5712,13.9065,4.8754,7.1495,13.233,0.0002,0.0002
VG2,-390422472.4,1987-08-18,23.613,271.345,0.471,19.267,0.00847,-0.1310,0.1310,inner_heliosphere,uranus,4.8783,25.5759,13.9091,4.8783,7.1463,0.333,0.0004,0.0139
VG2,-389290634.0,1987-08-31,23.724,271.573,0.481,19.258,0.00850,-0.1306,0.1306,inner_heliosphere,uranus,4.9908,25.7589,14.0088,4.9908,7.0188,13.100,0.0008,0.0007
VG2,-389261834.0,1987-09-01,23.727,271.578,0.481,19.258,0.00850,-0.1306,0.1306,inner_heliosphere,uranus,4.9936,25.7635,14.0113,4.9936,7.0156,0.333,0.0000,0.0003
VG2,-387225632.1,1987-09-24,23.928,271.983,0.498,19.241,0.00854,-0.1299,0.1299,inner_heliosphere,uranus,5.1961,26.0925,14.1917,5.1961,6.7864,23.562,0.0001,0.0001
VG2,-387196832.2,1987-09-25,23.931,271.989,0.499,19.241,0.00854,-0.1299,0.1299,inner_heliosphere,uranus,5.1990,26.0971,14.1943,5.1990,6.7832,0.333,-0.0006,-0.0208
VG2,-386793632.7,1987-09-29,23.971,272.068,0.502,19.238,0.00854,-0.1298,0.1298,inner_heliosphere,uranus,5.2391,26.1622,14.2301,5.2391,6.7378,4.667,-0.0002,-0.0004
VG2,-386764832.7,1987-09-30,23.973,272.074,0.502,19.238,0.00854,-0.1298,0.1298,inner_heliosphere,uranus,5.2420,26.1669,14.2327,5.2420,6.7345,0.333,0.0002,0.0069
VG2,-385828833.8,1987-10-10,24.066,272.257,0.510,19.230,0.00856,-0.1295,0.1295,inner_heliosphere,uranus,5.3351,26.3179,14.3162,5.3351,6.6292,10.833,0.0000,0.0000
VG2,-385800033.9,1987-10-11,24.069,272.262,0.510,19.230,0.00856,-0.1295,0.1295,inner_heliosphere,uranus,5.3380,26.3226,14.3188,5.3380,6.6260,0.333,0.0002,0.0069
VG2,-385523554.2,1987-10-14,24.096,272.316,0.513,19.228,0.00857,-0.1294,0.1294,inner_heliosphere,uranus,5.3655,26.3672,14.3435,5.3655,6.5949,3.200,-0.0004,-0.0013
VG2,-385494754.3,1987-10-14,24.099,272.322,0.513,19.227,0.00857,-0.1294,0.1294,inner_heliosphere,uranus,5.3684,26.3718,14.3461,5.3684,6.5916,0.333,0.0002,0.0069
VG2,-384650915.6,1987-10-24,24.183,272.485,0.520,19.221,0.00858,-0.1292,0.1292,inner_heliosphere,uranus,5.4524,26.5079,14.4217,5.4524,6.4967,9.767,0.0003,0.0004
VG2,-384622115.7,1987-10-24,24.186,272.491,0.520,19.220,0.00858,-0.1291,0.1291,inner_heliosphere,uranus,5.4552,26.5125,14.4243,5.4552,6.4935,0.333,0.0000,0.0000
VG2,-383294437.9,1987-11-09,24.318,272.745,0.531,19.210,0.00861,-0.1287,0.1287,inner_heliosphere,uranus,5.5874,26.7264,14.5437,5.5874,6.3442,15.367,-0.0000,-0.0000
VG2,-383265638.0,1987-11-09,24.321,272.751,0.531,19.210,0.00861,-0.1287,0.1287,inner_heliosphere,uranus,5.5903,26.7310,14.5463,5.5903,6.3409,0.333,-0.0002,-0.0073
VG2,-381649960.8,1987-11-28,24.482,273.057,0.544,19.197,0.00863,-0.1283,0.1283,inner_heliosphere,uranus,5.7513,26.9909,14.6924,5.7513,6.1593,18.700,-0.0005,-0.0003
VG2,-381621160.8,1987-11-28,24.485,273.062,0.544,19.197,0.00864,-0.1282,0.1282,inner_heliosphere,uranus,5.7541,26.9955,14.6950,5.7541,6.1560,0.333,0.0006,0.0205
VG2,-381344681.2,1987-12-01,24.512,273.114,0.547,19.195,0.00864,-0.1282,0.1282,inner_heliosphere,uranus,5.7817,27.0399,14.7201,5.7817,6.1249,3.200,-0.0003,-0.0013
VG2,-381315881.2,1987-12-02,24.515,273.120,0.547,19.194,0.00864,-0.1282,0.1282,inner_heliosphere,uranus,5.7846,27.0446,14.7227,5.7846,6.1217,0.333,0.0006,0.0205
VG2,-381105641.5,1987-12-04,24.536,273.159,0.548,19.193,0.00864,-0.1281,0.1281,inner_heliosphere,uranus,5.8055,27.0783,14.7418,5.8055,6.0981,2.433,-0.0006,-0.0027
VG2,-381076841.5,1987-12-04,24.539,273.164,0.549,19.193,0.00864,-0.1281,0.1281,inner_heliosphere,uranus,5.8084,27.0830,14.7444,5.8084,6.0948,0.333,0.0004,0.0135
VG2,-378734300.8,1988-01-01,24.774,273.599,0.567,19.175,0.00868,-0.1274,0.1274,inner_heliosphere,neptune,5.8316,27.4586,14.9582,6.0420,5.8316,27.113,0.0594,0.0254
VG2,-377989485.9,1988-01-09,24.849,273.736,0.573,19.169,0.00870,-0.1272,0.1272,inner_heliosphere,neptune,5.7479,27.5778,15.0265,6.1163,5.7479,8.621,0.0001,0.0001
VG2,-377960685.9,1988-01-09,24.852,273.741,0.573,19.169,0.00870,-0.1272,0.1272,inner_heliosphere,neptune,5.7446,27.5824,15.0292,6.1192,5.7446,0.333,-0.0002,-0.0073
VG2,-376561007.6,1988-01-26,24.993,273.995,0.584,19.158,0.00872,-0.1268,0.1268,inner_heliosphere,neptune,5.5874,27.8060,15.1581,6.2589,5.5874,16.200,-0.0002,-0.0002
VG2,-376532207.7,1988-01-26,24.996,274.000,0.584,19.158,0.00872,-0.1268,0.1268,inner_heliosphere,neptune,5.5842,27.8106,15.1608,6.2617,5.5842,0.333,-0.0004,-0.0142
VG2,-375218929.6,1988-02-10,25.129,274.236,0.594,19.148,0.00874,-0.1264,0.1264,inner_heliosphere,neptune,5.4367,28.0199,15.2823,6.3929,5.4367,15.200,-0.0005,-0.0004
VG2,-375190129.7,1988-02-11,25.132,274.241,0.594,19.148,0.00874,-0.1264,0.1264,inner_heliosphere,neptune,5.4334,28.0245,15.2850,6.3957,5.4334,0.333,0.0006,0.0208
VG2,-372281333.9,1988-03-15,25.427,274.755,0.616,19.126,0.00879,-0.1257,0.1257,inner_heliosphere,neptune,5.1068,28.4862,15.5563,6.6864,5.1068,33.667,-0.0010,-0.0003
VG2,-372252534.0,1988-03-16,25.430,274.760,0.616,19.126,0.00879,-0.1256,0.1256,inner_heliosphere,neptune,5.1036,28.4908,15.5590,6.6893,5.1036,0.333,0.0004,0.0135
VG2,-371765814.7,1988-03-21,25.479,274.844,0.620,19.123,0.00879,-0.1255,0.1255,inner_heliosphere,neptune,5.0490,28.5678,15.6046,6.7380,5.0490,5.633,0.0002,0.0003
VG2,-371737014.6,1988-03-21,25.482,274.849,0.620,19.123,0.00879,-0.1255,0.1255,inner_heliosphere,neptune,5.0457,28.5723,15.6073,6.7409,5.0457,0.333,-0.0002,-0.0069
VG2,-370763575.8,1988-04-02,25.581,275.018,0.627,19.115,0.00881,-0.1253,0.1253,inner_heliosphere,neptune,4.9365,28.7260,15.6989,6.8382,4.9365,11.267,-0.0000,-0.0000
VG2,-370734775.9,1988-04-02,25.584,275.023,0.627,19.115,0.00881,-0.1252,0.1252,inner_heliosphere,neptune,4.9332,28.7306,15.7016,6.8411,4.9332,0.333,-0.0004,-0.0139
VG2,-368237819.6,1988-05-01,25.839,275.449,0.645,19.097,0.00885,-0.1246,0.1246,inner_heliosphere,neptune,4.6531,29.1233,15.9380,7.0911,4.6531,28.900,-0.0002,-0.0001
VG2,-368209019.6,1988-05-01,25.842,275.454,0.646,19.097,0.00885,-0.1246,0.1246,inner_heliosphere,neptune,4.6498,29.1278,15.9407,7.0940,4.6498,0.333,-0.0004,-0.0135
VG2,-368180219.6,1988-05-02,25.845,275.459,0.646,19.097,0.00885,-0.1246,0.1246,inner_heliosphere,neptune,4.6466,29.1324,15.9435,7.0968,4.6466,0.333,0.0002,0.0069
VG2,-368151419.6,1988-05-02,25.848,275.463,0.646,19.097,0.00885,-0.1246,0.1246,inner_heliosphere,neptune,4.6434,29.1369,15.9462,7.0997,4.6434,0.333,0.0000,0.0003
VG2,-366858301.2,1988-05-17,25.981,275.681,0.655,19.088,0.00887,-0.1243,0.1243,inner_heliosphere,neptune,4.4983,29.3393,16.0695,7.2293,4.4983,14.967,0.0008,0.0006
VG2,-366829501.3,1988-05-17,25.984,275.685,0.655,19.087,0.00887,-0.1243,0.1243,inner_heliosphere,neptune,4.4951,29.3438,16.0722,7.2322,4.4951,0.333,0.0000,0.0003
VG2,-365379279.8,1988-06-03,26.133,275.926,0.666,19.077,0.00889,-0.1239,0.1239,inner_heliosphere,neptune,4.3324,29.5699,16.2111,7.3775,4.3324,16.785,-47.5763,-32.8062
VG2,-364286417.3,1988-06-16,26.245,276.106,0.673,19.069,0.00890,-0.1236,0.1236,inner_heliosphere,neptune,4.2098,29.7398,16.3162,7.4871,4.2098,12.649,0.0003,0.0003
VG2,-364257617.3,1988-06-16,26.248,276.111,0.673,19.069,0.00890,-0.1236,0.1236,inner_heliosphere,neptune,4.2066,29.7442,16.3190,7.4900,4.2066,0.333,-0.0002,-0.0066
VG2,-362016980.5,1988-07-12,26.479,276.474,0.689,19.054,0.00893,-0.1231,0.1231,inner_heliosphere,neptune,3.9554,30.0907,16.5358,7.7149,3.9554,25.933,0.0012,0.0005
VG2,-361988180.4,1988-07-12,26.482,276.479,0.689,19.054,0.00893,-0.1231,0.1231,inner_heliosphere,neptune,3.9521,30.0951,16.5386,7.7178,3.9521,0.333,-0.0008,-0.0274
VG2,-361556180.9,1988-07-17,26.527,276.548,0.692,19.051,0.00894,-0.1230,0.1230,inner_heliosphere,neptune,3.9037,30.1616,16.5806,7.7612,3.9037,5.000,0.0001,0.0003
VG2,-361527381.0,1988-07-18,26.530,276.553,0.692,19.050,0.00894,-0.1230,0.1230,inner_heliosphere,neptune,3.9005,30.1661,16.5834,7.7640,3.9005,0.333,-0.0002,-0.0066
VG2,-361029141.6,1988-07-23,26.581,276.633,0.695,19.047,0.00894,-0.1229,0.1229,inner_heliosphere,neptune,3.8446,30.2427,16.6320,7.8141,3.8446,5.767,0.0006,0.0012
VG2,-361000341.7,1988-07-24,26.584,276.637,0.695,19.047,0.00895,-0.1229,0.1229,inner_heliosphere,neptune,3.8414,30.2471,16.6348,7.8170,3.8414,0.333,0.0002,0.0073
VG2,-360836182.0,1988-07-26,26.601,276.663,0.696,19.046,0.00895,-0.1228,0.1228,inner_heliosphere,neptune,3.8230,30.2723,16.6508,7.8335,3.8230,1.900,0.0003,0.0020
VG2,-360807382.1,1988-07-26,26.604,276.668,0.697,19.045,0.00895,-0.1228,0.1228,inner_heliosphere,neptune,3.8198,30.2767,16.6536,7.8364,3.8198,0.333,0.0000,0.0003
VG2,-360657622.3,1988-07-28,26.620,276.692,0.698,19.044,0.00895,-0.1228,0.1228,inner_heliosphere,neptune,3.8030,30.2997,16.6682,7.8514,3.8030,1.733,-0.0002,-0.0015
VG2,-360628822.4,1988-07-28,26.623,276.697,0.698,19.044,0.00895,-0.1228,0.1228,inner_heliosphere,neptune,3.7997,30.3041,16.6710,7.8543,3.7997,0.333,0.0004,0.0142
VG2,-359509894.5,1988-08-10,26.739,276.874,0.705,19.037,0.00896,-0.1225,0.1225,inner_heliosphere,neptune,3.6743,30.4755,16.7804,7.9668,3.6743,12.951,-0.0235,-0.0210
VG2,-359108184.9,1988-08-15,26.781,276.937,0.708,19.034,0.00897,-0.1224,0.1224,inner_heliosphere,neptune,3.6293,30.5368,16.8198,8.0071,3.6293,4.649,0.0006,0.0014
VG2,-359079384.8,1988-08-15,26.784,276.942,0.708,19.034,0.00897,-0.1224,0.1224,inner_heliosphere,neptune,3.6261,30.5412,16.8226,8.0100,3.6261,0.333,-0.0006,-0.0205
VG2,-358244186.0,1988-08-25,26.870,277.072,0.714,19.028,0.00898,-0.1222,0.1222,inner_heliosphere,neptune,3.5325,30.6685,16.9047,8.0940,3.5325,9.667,0.0004,0.0005
VG2,-358215386.1,1988-08-25,26.873,277.077,0.714,19.028,0.00898,-0.1222,0.1222,inner_heliosphere,neptune,3.5292,30.6729,16.9076,8.0969,3.5292,0.333,-0.0006,-0.0205
VG2,-357783386.7,1988-08-30,26.918,277.144,0.717,19.025,0.00899,-0.1221,0.1221,inner_heliosphere,neptune,3.4808,30.7386,16.9501,8.1404,3.4808,5.000,0.0001,0.0002
VG2,-357754586.7,1988-08-30,26.921,277.149,0.717,19.025,0.00899,-0.1221,0.1221,inner_heliosphere,neptune,3.4776,30.7430,16.9529,8.1433,3.4776,0.333,-0.0002,-0.0066
VG2,-356976987.7,1988-09-08,27.002,277.269,0.722,19.020,0.00900,-0.1220,0.1220,inner_heliosphere,neptune,3.3904,30.8610,17.0297,8.2215,3.3904,9.000,-0.0003,-0.0003
VG2,-356948187.8,1988-09-09,27.005,277.274,0.722,19.019,0.00900,-0.1219,0.1219,inner_heliosphere,neptune,3.3872,30.8653,17.0325,8.2244,3.3872,0.333,0.0004,0.0139
VG2,-356550748.4,1988-09-13,27.047,277.335,0.725,19.017,0.00900,-0.1219,0.1219,inner_heliosphere,neptune,3.3427,30.9255,17.0719,8.2644,3.3427,4.600,0.0003,0.0007
VG2,-356521948.5,1988-09-14,27.050,277.340,0.725,19.017,0.00900,-0.1219,0.1219,inner_heliosphere,neptune,3.3394,30.9298,17.0747,8.2673,3.3394,0.333,-0.0004,-0.0139
VG2,-354816991.0,1988-10-03,27.227,277.601,0.736,19.005,0.00902,-0.1215,0.1215,inner_heliosphere,neptune,3.1484,31.1869,17.2440,8.4390,3.1484,19.733,-0.0003,-0.0002
VG2,-354788191.1,1988-10-04,27.230,277.605,0.736,19.005,0.00902,-0.1215,0.1215,inner_heliosphere,neptune,3.1452,31.1912,17.2469,8.4419,3.1452,0.333,0.0000,0.0000
VG2,-353535392.9,1988-10-18,27.361,277.795,0.744,18.997,0.00904,-0.1212,0.1212,inner_heliosphere,neptune,3.0048,31.3791,17.3719,8.5681,3.0048,14.500,-0.0002,-0.0001
VG2,-353506592.9,1988-10-18,27.364,277.799,0.744,18.997,0.00904,-0.1212,0.1212,inner_heliosphere,neptune,3.0016,31.3834,17.3748,8.5710,3.0016,0.333,-0.0004,-0.0139
VG2,-350232036.9,1988-11-25,27.708,278.286,0.764,18.976,0.00908,-0.1205,0.1205,inner_heliosphere,neptune,2.6348,31.8698,17.7041,8.9013,2.6348,37.900,-0.0006,-0.0002
VG2,-350203237.0,1988-11-26,27.711,278.290,0.764,18.976,0.00908,-0.1205,0.1205,inner_heliosphere,neptune,2.6316,31.8741,17.7070,8.9042,2.6316,0.333,-0.0000,-0.0003
VG2,-350050597.2,1988-11-27,27.727,278.313,0.765,18.975,0.00908,-0.1205,0.1205,inner_heliosphere,neptune,2.6145,31.8966,17.7225,8.9196,2.6145,1.767,0.0002,0.0010
VG2,-350021797.3,1988-11-28,27.730,278.317,0.765,18.975,0.00908,-0.1205,0.1205,inner_heliosphere,neptune,2.6112,31.9008,17.7254,8.9225,2.6112,0.333,0.0002,0.0066
VG2,-348063400.2,1988-12-20,27.936,278.602,0.777,18.963,0.00910,-0.1201,0.1201,inner_heliosphere,neptune,2.3919,32.1883,17.9243,9.1203,2.3919,22.667,-0.0004,-0.0002
VG2,-348034600.3,1988-12-21,27.939,278.606,0.777,18.962,0.00910,-0.1201,0.1201,inner_heliosphere,neptune,2.3887,32.1925,17.9272,9.1233,2.3887,0.333,-0.0004,-0.0142
VG2,-344535405.6,1989-01-30,28.308,279.105,0.798,18.941,0.00914,-0.1194,0.1194,inner_heliosphere,neptune,1.9968,32.6998,18.2859,9.4772,1.9968,40.500,-0.0008,-0.0002
VG2,-344506605.5,1989-01-31,28.311,279.109,0.798,18.941,0.00914,-0.1194,0.1194,inner_heliosphere,neptune,1.9936,32.7039,18.2888,9.4801,1.9936,0.333,-0.0004,-0.0142
VG2,-344495085.5,1989-01-31,28.313,279.111,0.798,18.941,0.00914,-0.1194,0.1194,inner_heliosphere,neptune,1.9923,32.7056,18.2900,9.4813,1.9923,0.133,0.0000,0.0035
VG2,-344466285.6,1989-01-31,28.316,279.115,0.798,18.941,0.00914,-0.1194,0.1194,inner_heliosphere,neptune,1.9891,32.7097,18.2930,9.4842,1.9891,0.333,-0.0000,-0.0003
VG2,-344017006.2,1989-02-05,28.363,279.178,0.801,18.938,0.00915,-0.1193,0.1193,inner_heliosphere,neptune,1.9388,32.7743,18.3394,9.5297,1.9388,5.200,-0.0001,-0.0002
VG2,-343988206.3,1989-02-06,28.366,279.182,0.801,18.938,0.00915,-0.1193,0.1193,inner_heliosphere,neptune,1.9356,32.7784,18.3424,9.5326,1.9356,0.333,-0.0000,-0.0003
VG2,-343858606.4,1989-02-07,28.380,279.200,0.802,18.937,0.00915,-0.1193,0.1193,inner_heliosphere,neptune,1.9211,32.7970,18.3557,9.5457,1.9211,1.500,-0.0001,-0.0010
VG2,-343829806.5,1989-02-07,28.383,279.204,0.802,18.937,0.00915,-0.1193,0.1193,inner_heliosphere,neptune,1.9178,32.8011,18.3587,9.5486,1.9178,0.333,-0.0004,-0.0142
VG2,-342816048.0,1989-02-19,28.490,279.346,0.808,18.931,0.00916,-0.1191,0.1191,inner_heliosphere,neptune,1.8043,32.9460,18.4637,9.6513,1.8043,11.733,0.0001,0.0001
VG2,-342787248.1,1989-02-20,28.493,279.350,0.808,18.931,0.00916,-0.1191,0.1191,inner_heliosphere,neptune,1.8011,32.9501,18.4667,9.6542,1.8011,0.333,-0.0000,-0.0003
VG2,-341597809.5,1989-03-05,28.620,279.514,0.815,18.923,0.00917,-0.1188,0.1188,inner_heliosphere,neptune,1.6679,33.1192,18.5903,9.7748,1.6679,13.767,-0.0002,-0.0002
VG2,-341569009.6,1989-03-06,28.623,279.518,0.815,18.923,0.00917,-0.1188,0.1188,inner_heliosphere,neptune,1.6647,33.1233,18.5933,9.7777,1.6647,0.333,0.0002,0.0069
VG2,-340820210.7,1989-03-14,28.702,279.621,0.819,18.919,0.00918,-0.1187,0.1187,inner_heliosphere,neptune,1.5809,33.2292,18.6713,9.8536,1.5809,8.667,-0.0005,-0.0007
VG2,-340791410.8,1989-03-15,28.705,279.625,0.820,18.919,0.00918,-0.1187,0.1187,inner_heliosphere,neptune,1.5777,33.2332,18.6743,9.8566,1.5777,0.333,0.0010,0.0344
VG2,-340370931.5,1989-03-20,28.750,279.682,0.822,18.916,0.00918,-0.1186,0.1186,inner_heliosphere,neptune,1.5306,33.2925,18.7183,9.8992,1.5306,4.867,-0.0003,-0.0007
VG2,-340342131.4,1989-03-20,28.753,279.686,0.822,18.916,0.00918,-0.1186,0.1186,inner_heliosphere,neptune,1.5274,33.2966,18.7213,9.9021,1.5274,0.333,0.0002,0.0069
VG2,-339610612.4,1989-03-28,28.831,279.786,0.826,18.912,0.00919,-0.1185,0.1185,inner_heliosphere,neptune,1.4455,33.3994,18.7979,9.9764,1.4455,8.467,-0.0004,-0.0005
VG2,-339581812.5,1989-03-29,28.834,279.790,0.826,18.912,0.00919,-0.1185,0.1185,inner_heliosphere,neptune,1.4422,33.4034,18.8009,9.9793,1.4422,0.333,0.0008,0.0278
VG2,-337666615.8,1989-04-20,29.038,280.047,0.837,18.901,0.00921,-0.1181,0.1181,inner_heliosphere,neptune,1.2278,33.6707,19.0023,10.1738,1.2278,22.167,0.0003,0.0001
VG2,-337637815.8,1989-04-20,29.041,280.051,0.837,18.901,0.00921,-0.1181,0.1181,inner_heliosphere,neptune,1.2246,33.6747,19.0053,10.1767,1.2246,0.333,0.0002,0.0069
VG2,-337548535.9,1989-04-21,29.050,280.063,0.838,18.900,0.00921,-0.1181,0.1181,inner_heliosphere,neptune,1.2146,33.6871,19.0147,10.1857,1.2146,1.033,-0.0003,-0.0037
VG2,-337519735.9,1989-04-22,29.053,280.067,0.838,18.900,0.00921,-0.1181,0.1181,inner_heliosphere,neptune,1.2114,33.6911,19.0178,10.1887,1.2114,0.333,0.0004,0.0142
VG2,-336549177.0,1989-05-03,29.157,280.196,0.843,18.894,0.00922,-0.1179,0.1179,inner_heliosphere,neptune,1.1028,33.8254,19.1204,10.2873,1.1028,11.233,-0.0002,-0.0002
VG2,-336520377.1,1989-05-03,29.160,280.200,0.843,18.894,0.00922,-0.1179,0.1179,inner_heliosphere,neptune,1.0995,33.8293,19.1234,10.2902,1.0995,0.333,0.0000,0.0003
VG2,-336154617.6,1989-05-07,29.199,280.249,0.845,18.892,0.00922,-0.1179,0.1179,inner_heliosphere,neptune,1.0586,33.8798,19.1622,10.3274,1.0586,4.233,0.0001,0.0003
VG2,-336125817.7,1989-05-08,29.202,280.252,0.845,18.892,0.00922,-0.1179,0.1179,inner_heliosphere,neptune,1.0554,33.8837,19.1652,10.3304,1.0554,0.333,-0.0002,-0.0066
VG2,-334265340.2,1989-05-29,29.401,280.497,0.855,18.882,0.00924,-0.1175,0.1175,inner_heliosphere,neptune,0.8471,34.1385,19.3631,10.5196,0.8471,21.533,0.0008,0.0004
VG2,-334236540.2,1989-05-30,29.404,280.500,0.856,18.882,0.00924,-0.1175,0.1175,inner_heliosphere,neptune,0.8439,34.1424,19.3662,10.5226,0.8439,0.333,-0.0006,-0.0205
VG2,-334144380.4,1989-05-31,29.414,280.512,0.856,18.881,0.00924,-0.1175,0.1175,inner_heliosphere,neptune,0.8336,34.1550,19.3760,10.5319,0.8336,1.067,0.0004,0.0041
VG2,-334115580.5,1989-05-31,29.417,280.516,0.856,18.881,0.00924,-0.1175,0.1175,inner_heliosphere,neptune,0.8303,34.1589,19.3791,10.5349,0.8303,0.333,-0.0006,-0.0205
VG2,-333915294.3,1989-06-02,29.438,280.542,0.857,18.880,0.00925,-0.1175,0.1175,inner_heliosphere,neptune,0.8079,34.1861,19.4005,10.5553,0.8079,2.318,-30.4549,-152.0569
VG2,-333562590.9,1989-06-06,29.476,280.588,0.859,18.878,0.00925,-0.1174,0.1174,inner_heliosphere,neptune,0.7684,34.2340,19.4382,10.5912,0.7684,4.082,0.0000,0.0000
VG2,-333533791.0,1989-06-07,29.479,280.592,0.859,18.878,0.00925,-0.1174,0.1174,inner_heliosphere,neptune,0.7652,34.2380,19.4413,10.5941,0.7652,0.333,0.0004,0.0142
VG2,-333211231.6,1989-06-10,29.514,280.634,0.861,18.877,0.00925,-0.1174,0.1174,inner_heliosphere,neptune,0.7291,34.2817,19.4758,10.6269,0.7291,3.733,-0.0001,-0.0003
VG2,-333182431.6,1989-06-11,29.517,280.637,0.861,18.876,0.00925,-0.1174,0.1174,inner_heliosphere,neptune,0.7259,34.2856,19.4789,10.6299,0.7259,0.333,0.0000,0.0003
VG2,-332894432.0,1989-06-14,29.548,280.675,0.863,18.875,0.00926,-0.1173,0.1173,inner_heliosphere,neptune,0.6936,34.3245,19.5097,10.6592,0.6936,3.333,0.0001,0.0003
VG2,-332865632.0,1989-06-14,29.551,280.678,0.863,18.875,0.00926,-0.1173,0.1173,inner_heliosphere,neptune,0.6904,34.3284,19.5128,10.6621,0.6904,0.333,0.0002,0.0073
VG2,-330722915.1,1989-07-09,29.781,280.953,0.874,18.865,0.00928,-0.1170,0.1170,inner_heliosphere,neptune,0.4505,34.6161,19.7433,10.8806,0.4505,24.800,0.0009,0.0004
VG2,-330694115.1,1989-07-10,29.784,280.957,0.874,18.865,0.00928,-0.1170,0.1170,inner_heliosphere,neptune,0.4473,34.6200,19.7464,10.8835,0.4473,0.333,-0.0004,-0.0135
VG2,-330118116.0,1989-07-16,29.846,281.030,0.877,18.863,0.00928,-0.1169,0.1169,inner_heliosphere,neptune,0.3828,34.6967,19.8087,10.9423,0.3828,6.667,0.0002,0.0003
VG2,-330089315.9,1989-07-17,29.849,281.033,0.877,18.862,0.00928,-0.1169,0.1169,inner_heliosphere,neptune,0.3796,34.7005,19.8118,10.9452,0.3796,0.333,0.0002,0.0073
VG2,-328041638.8,1989-08-09,30.069,281.291,0.888,18.864,0.00931,-0.1167,0.1167,inner_heliosphere,neptune,0.1503,34.9710,20.0341,11.1543,0.1503,23.700,0.0007,0.0004
VG2,-328012838.8,1989-08-10,30.072,281.294,0.888,18.864,0.00931,-0.1167,0.1167,inner_heliosphere,neptune,0.1470,34.9748,20.0372,11.1573,0.1470,0.333,0.0000,0.0003
VG2,-325553322.0,1989-09-07,30.302,281.491,0.718,16.729,0.00659,-0.0874,0.0874,inner_heliosphere,neptune,0.1301,35.2623,20.2715,11.3594,0.1301,28.467,0.0006,0.0003
VG2,-325524522.1,1989-09-07,30.304,281.492,0.713,16.728,0.00659,-0.0874,0.0874,inner_heliosphere,neptune,0.1333,35.2651,20.2738,11.3611,0.1333,0.333,0.0004,0.0139
VG2,-324320683.8,1989-09-21,30.396,281.528,0.531,16.714,0.00660,-0.0870,0.0870,inner_heliosphere,neptune,0.2682,35.3839,20.3689,11.4323,0.2682,13.933,0.0005,0.0004
VG2,-324291883.8,1989-09-22,30.398,281.529,0.527,16.713,0.00660,-0.0870,0.0870,inner_heliosphere,neptune,0.2714,35.3867,20.3712,11.4340,0.2714,0.333,-0.0006,-0.0205
VG2,-322149166.9,1989-10-16,30.562,281.592,0.206,16.698,0.00663,-0.0865,0.0865,inner_heliosphere,neptune,0.5113,35.5942,20.5432,11.5634,0.5113,24.800,-0.0002,-0.0001
VG2,-322120367.0,1989-10-17,30.565,281.593,0.202,16.698,0.00663,-0.0864,0.0864,inner_heliosphere,neptune,0.5145,35.5970,20.5455,11.5652,0.5145,0.333,0.0000,0.0000
VG2,-321956207.2,1989-10-19,30.577,281.598,0.177,16.697,0.00663,-0.0864,0.0864,inner_heliosphere,neptune,0.5329,35.6127,20.5588,11.5752,0.5329,1.900,-0.0005,-0.0029
VG2,-321927407.3,1989-10-19,30.579,281.599,0.173,16.697,0.00663,-0.0864,0.0864,inner_heliosphere,neptune,0.5361,35.6154,20.5612,11.5770,0.5361,0.333,0.0006,0.0208
VG2,-321509808.0,1989-10-24,30.612,281.611,0.111,16.695,0.00664,-0.0863,0.0863,inner_heliosphere,neptune,0.5829,35.6552,20.5951,11.6027,0.5829,4.833,-0.0003,-0.0008
VG2,-321481008.0,1989-10-24,30.614,281.612,0.106,16.695,0.00664,-0.0863,0.0863,inner_heliosphere,neptune,0.5861,35.6579,20.5975,11.6045,0.5861,0.333,0.0004,0.0135
VG2,-320386609.6,1989-11-06,30.698,281.644,-0.056,16.689,0.00666,-0.0861,0.0861,inner_heliosphere,neptune,0.7086,35.7613,20.6871,11.6724,0.7086,12.667,0.0001,0.0000
VG2,-320357809.6,1989-11-06,30.700,281.645,-0.060,16.689,0.00666,-0.0861,0.0861,inner_heliosphere,neptune,0.7118,35.7640,20.6895,11.6743,0.7118,0.333,0.0002,0.0066
VG2,-319346931.1,1989-11-18,30.778,281.674,-0.209,16.684,0.00667,-0.0859,0.0859,inner_heliosphere,neptune,0.8250,35.8583,20.7730,11.7379,0.8250,11.700,-0.0003,-0.0003
VG2,-319318131.2,1989-11-18,30.780,281.675,-0.213,16.684,0.00667,-0.0859,0.0859,inner_heliosphere,neptune,0.8282,35.8610,20.7754,11.7397,0.8282,0.333,0.0002,0.0069
VG2,-318704692.2,1989-11-25,30.828,281.693,-0.303,16.681,0.00668,-0.0858,0.0858,inner_heliosphere,neptune,0.8969,35.9177,20.8265,11.7787,0.8969,7.100,-0.0001,-0.0002
VG2,-318675892.2,1989-11-26,30.830,281.694,-0.307,16.681,0.00668,-0.0858,0.0858,inner_heliosphere,neptune,0.9001,35.9204,20.8289,11.7805,0.9001,0.333,-0.0006,-0.0212
VG2,-317546933.9,1989-12-09,30.917,281.726,-0.472,16.676,0.00670,-0.0856,0.0856,inner_heliosphere,neptune,1.0265,36.0237,20.9237,11.8530,1.0265,13.067,-0.0007,-0.0006
VG2,-317518133.8,1989-12-09,30.920,281.727,-0.476,16.676,0.00670,-0.0856,0.0856,inner_heliosphere,neptune,1.0297,36.0263,20.9261,11.8548,1.0297,0.333,-0.0002,-0.0073
VG2,-317342454.1,1989-12-11,30.933,281.732,-0.502,16.675,0.00670,-0.0855,0.0855,inner_heliosphere,neptune,1.0494,36.0422,20.9409,11.8662,1.0494,2.033,-0.0003,-0.0016
VG2,-317313654.1,1989-12-11,30.936,281.733,-0.506,16.675,0.00670,-0.0855,0.0855,inner_heliosphere,neptune,1.0526,36.0449,20.9433,11.8680,1.0526,0.333,0.0000,0.0000
VG2,-316847094.6,1989-12-17,30.972,281.746,-0.574,16.673,0.00671,-0.0854,0.0854,inner_heliosphere,neptune,1.1048,36.0870,20.9828,11.8983,1.1048,5.400,-0.0002,-0.0004
VG2,-316818294.7,1989-12-17,30.974,281.747,-0.578,16.673,0.00671,-0.0854,0.0854,inner_heliosphere,neptune,1.1080,36.0896,20.9853,11.9002,1.1080,0.333,0.0004,0.0135
VG2,-315591849.6,1989-12-31,31.069,281.782,-0.756,16.667,0.00673,-0.0852,0.0852,inner_heliosphere,neptune,1.2453,36.1994,21.0898,11.9806,1.2453,14.195,1.0159,0.8284
VG2,-313800059.3,1990-01-21,31.209,281.833,-1.013,16.660,0.00675,-0.0849,0.0849,inner_heliosphere,neptune,1.4459,36.3569,21.2445,12.0999,1.4459,20.738,-1.0003,-0.5583
VG2,-313771259.4,1990-01-21,31.211,281.834,-1.017,16.660,0.00675,-0.0849,0.0849,inner_heliosphere,neptune,1.4491,36.3594,21.2470,12.1018,1.4491,0.333,0.0002,0.0066
VG2,-313192380.4,1990-01-28,31.257,281.850,-1.099,16.657,0.00676,-0.0848,0.0848,inner_heliosphere,neptune,1.5139,36.4095,21.2974,12.1408,1.5139,6.700,-0.0000,-0.0001
VG2,-313163580.4,1990-01-28,31.259,281.851,-1.104,16.657,0.00676,-0.0847,0.0847,inner_heliosphere,neptune,1.5171,36.4120,21.3000,12.1428,1.5171,0.333,-0.0002,-0.0069
VG2,-312927420.7,1990-01-31,31.277,281.858,-1.137,16.656,0.00676,-0.0847,0.0847,inner_heliosphere,neptune,1.5435,36.4324,21.3206,12.1588,1.5435,2.733,-0.0002,-0.0008
VG2,-312898620.8,1990-01-31,31.280,281.858,-1.141,16.656,0.00676,-0.0847,0.0847,inner_heliosphere,neptune,1.5468,36.4348,21.3231,12.1607,1.5468,0.333,0.0000,0.0000
VG2,-309652865.5,1990-03-10,31.535,281.949,-1.599,16.642,0.00681,-0.0841,0.0841,inner_heliosphere,neptune,1.9100,36.7084,21.6109,12.3842,1.9100,37.567,-0.0005,-0.0002
VG2,-309624065.5,1990-03-10,31.537,281.950,-1.603,16.642,0.00681,-0.0841,0.0841,inner_heliosphere,neptune,1.9133,36.7108,21.6135,12.3862,1.9133,0.333,-0.0002,-0.0073
VG2,-309068226.2,1990-03-17,31.581,281.965,-1.681,16.640,0.00682,-0.0840,0.0840,inner_heliosphere,neptune,1.9755,36.7565,21.6635,12.4252,1.9755,6.433,0.0001,0.0003
VG2,-309039426.2,1990-03-17,31.583,281.966,-1.685,16.640,0.00682,-0.0840,0.0840,inner_heliosphere,neptune,1.9787,36.7589,21.6661,12.4272,1.9787,0.333,-0.0000,-0.0003
VG2,-307383428.8,1990-04-05,31.714,282.012,-1.915,16.633,0.00684,-0.0837,0.0837,inner_heliosphere,neptune,2.1641,36.8930,21.8163,12.5444,2.1641,19.167,-0.0006,-0.0003
VG2,-307354628.8,1990-04-06,31.716,282.012,-1.919,16.633,0.00684,-0.0837,0.0837,inner_heliosphere,neptune,2.1673,36.8954,21.8190,12.5465,2.1673,0.333,0.0000,0.0000
VG2,-299852239.9,1990-07-01,32.314,282.214,-2.938,16.602,0.00694,-0.0824,0.0824,inner_heliosphere,neptune,3.0071,37.4667,22.5222,13.0983,3.0071,86.833,0.0013,0.0002
VG2,-299823440.0,1990-07-02,32.316,282.215,-2.942,16.602,0.00694,-0.0824,0.0824,inner_heliosphere,neptune,3.0103,37.4688,22.5249,13.1005,3.0103,0.333,-0.0004,-0.0135
VG2,-299279120.8,1990-07-08,32.360,282.229,-3.014,16.600,0.00694,-0.0823,0.0823,inner_heliosphere,neptune,3.0712,37.5079,22.5774,13.1418,3.0712,6.300,0.0004,0.0007
VG2,-299250320.9,1990-07-08,32.362,282.230,-3.018,16.600,0.00694,-0.0823,0.0823,inner_heliosphere,neptune,3.0745,37.5100,22.5801,13.1440,3.0745,0.333,0.0002,0.0073
VG2,-297284203.3,1990-07-31,32.521,282.282,-3.278,16.592,0.00697,-0.0820,0.0820,inner_heliosphere,neptune,3.2946,37.6487,22.7711,13.2945,3.2946,22.756,-472.6205,-240.3826
VG2,-295632573.9,1990-08-19,32.654,282.325,-3.495,16.585,0.00699,-0.0817,0.0817,inner_heliosphere,neptune,3.4794,37.7620,22.9333,13.4225,3.4794,19.116,0.0004,0.0002
VG2,-295603773.9,1990-08-20,32.656,282.325,-3.498,16.585,0.00699,-0.0817,0.0817,inner_heliosphere,neptune,3.4827,37.7640,22.9361,13.4247,3.4827,0.333,0.0004,0.0142
VG2,-294803134.9,1990-08-29,32.721,282.346,-3.603,16.582,0.00700,-0.0816,0.0816,inner_heliosphere,neptune,3.5723,37.8179,23.0154,13.4873,3.5723,9.267,0.0007,0.0008
VG2,-294774335.0,1990-08-29,32.724,282.347,-3.606,16.582,0.00700,-0.0816,0.0816,inner_heliosphere,neptune,3.5755,37.8198,23.0183,13.4896,3.5755,0.333,-0.0008,-0.0278
VG2,-291482500.2,1990-10-06,32.991,282.431,-4.031,16.569,0.00704,-0.0811,0.0811,inner_heliosphere,neptune,3.9441,38.0344,23.3482,13.7503,3.9441,38.100,-0.0002,-0.0001
VG2,-291453700.3,1990-10-07,32.993,282.432,-4.034,16.569,0.00704,-0.0811,0.0811,inner_heliosphere,neptune,3.9473,38.0363,23.3511,13.7526,3.9473,0.333,0.0000,0.0000
VG2,-287119307.2,1990-11-26,33.348,282.541,-4.583,16.552,0.00709,-0.0804,0.0804,inner_heliosphere,neptune,4.4326,38.3018,23.7953,14.1039,4.4326,50.167,-0.0004,-0.0001
VG2,-287090507.3,1990-11-26,33.350,282.542,-4.586,16.552,0.00709,-0.0804,0.0804,inner_heliosphere,neptune,4.4358,38.3035,23.7983,14.1062,4.4358,0.333,-0.0002,-0.0073
VG2,-285350990.1,1990-12-16,33.493,282.585,-4.803,16.545,0.00711,-0.0801,0.0801,inner_heliosphere,neptune,4.6306,38.4047,23.9796,14.2497,4.6306,20.133,0.0000,0.0000
VG2,-285322189.8,1990-12-17,33.495,282.586,-4.807,16.545,0.00711,-0.0801,0.0801,inner_heliosphere,neptune,4.6338,38.4063,23.9826,14.2521,4.6338,0.333,-0.0000,-0.0003
VG2,-284056672.9,1990-12-31,33.599,282.617,-4.963,16.540,0.00712,-0.0799,0.0799,inner_heliosphere,neptune,4.7755,38.4780,24.1157,14.3573,4.7755,14.647,1.0001,0.7903
VG2,-282776274.0,1991-01-15,33.705,282.648,-5.120,16.535,0.00714,-0.0797,0.0797,inner_heliosphere,neptune,4.9189,38.5489,24.2511,14.4644,4.9189,14.819,-1.0001,-0.7811
VG2,-282747473.7,1991-01-15,33.707,282.649,-5.124,16.535,0.00714,-0.0797,0.0797,inner_heliosphere,neptune,4.9221,38.5505,24.2542,14.4669,4.9221,0.333,-0.0008,-0.0281
VG2,-282730193.8,1991-01-16,33.709,282.649,-5.126,16.535,0.00714,-0.0797,0.0797,inner_heliosphere,neptune,4.9240,38.5515,24.2560,14.4683,4.9240,0.200,0.1409,8.1546
VG2,-282718673.7,1991-01-16,33.710,282.650,-5.128,16.535,0.00714,-0.0797,0.0797,inner_heliosphere,neptune,4.9253,38.5521,24.2572,14.4693,4.9253,0.133,-0.1518,-13.1735
VG2,-281750995.5,1991-01-27,33.790,282.673,-5.246,16.532,0.00715,-0.0796,0.0796,inner_heliosphere,neptune,5.0337,38.6046,24.3603,14.5508,5.0337,11.200,-0.0004,-0.0004
VG2,-281722195.4,1991-01-27,33.792,282.674,-5.249,16.531,0.00715,-0.0796,0.0796,inner_heliosphere,neptune,5.0369,38.6061,24.3633,14.5532,5.0369,0.333,0.0002,0.0066
VG2,-281290196.3,1991-02-01,33.828,282.684,-5.302,16.530,0.00715,-0.0795,0.0795,inner_heliosphere,neptune,5.0853,38.6292,24.4095,14.5897,5.0853,5.000,-0.0001,-0.0003
VG2,-281261396.2,1991-02-02,33.830,282.685,-5.305,16.530,0.00715,-0.0795,0.0795,inner_heliosphere,neptune,5.0885,38.6308,24.4126,14.5921,5.0885,0.333,0.0004,0.0135
VG2,-278323800.4,1991-03-08,34.074,282.756,-5.660,16.519,0.00718,-0.0791,0.0791,inner_heliosphere,neptune,5.4175,38.7831,24.7292,14.8425,5.4175,34.000,-0.0005,-0.0002
VG2,-278295000.6,1991-03-08,34.076,282.757,-5.663,16.519,0.00718,-0.0791,0.0791,inner_heliosphere,neptune,5.4207,38.7845,24.7323,14.8449,5.4207,0.333,-0.0004,-0.0142
VG2,-277575002.0,1991-03-16,34.136,282.774,-5.750,16.516,0.00719,-0.0790,0.0790,inner_heliosphere,neptune,5.5014,38.8206,24.8106,14.9068,5.5014,8.333,-0.0001,-0.0001
VG2,-277546202.0,1991-03-17,34.139,282.775,-5.753,16.516,0.00719,-0.0790,0.0790,inner_heliosphere,neptune,5.5046,38.8220,24.8138,14.9093,5.5046,0.333,-0.0002,-0.0069
VG2,-273954847.7,1991-04-27,34.438,282.860,-6.178,16.503,0.00723,-0.0784,0.0784,inner_heliosphere,neptune,5.9068,38.9945,25.2085,15.2211,5.9068,41.567,-0.0001,-0.0000
VG2,-273926047.7,1991-04-28,34.441,282.860,-6.181,16.502,0.00723,-0.0784,0.0784,inner_heliosphere,neptune,5.9101,38.9958,25.2117,15.2236,5.9101,0.333,0.0008,0.0278
VG2,-270187813.6,1991-06-10,34.754,282.947,-6.616,16.489,0.00727,-0.0779,0.0779,inner_heliosphere,neptune,6.3288,39.1625,25.6296,15.5533,6.3288,43.267,0.0008,0.0002
VG2,-270159013.7,1991-06-10,34.757,282.948,-6.619,16.489,0.00727,-0.0779,0.0779,inner_heliosphere,neptune,6.3320,39.1638,25.6329,15.5559,6.3320,0.333,0.0000,0.0003
VG2,-267855017.4,1991-07-07,34.951,283.001,-6.883,16.480,0.00729,-0.0776,0.0776,inner_heliosphere,neptune,6.5902,39.2603,25.8939,15.7616,6.5902,26.667,0.0007,0.0003
VG2,-267826217.3,1991-07-07,34.953,283.002,-6.887,16.480,0.00729,-0.0776,0.0776,inner_heliosphere,neptune,6.5934,39.2614,25.8972,15.7642,6.5934,0.333,0.0000,0.0003
VG2,-264263663.0,1991-08-17,35.254,283.083,-7.289,16.467,0.00732,-0.0771,0.0771,inner_heliosphere,neptune,6.9925,39.4014,26.3060,16.0859,6.9925,41.233,0.0013,0.0004
VG2,-264234863.1,1991-08-18,35.257,283.083,-7.292,16.467,0.00732,-0.0771,0.0771,inner_heliosphere,neptune,6.9958,39.4025,26.3094,16.0885,6.9958,0.333,0.0002,0.0069
VG2,-261015028.3,1991-09-24,35.530,283.155,-7.650,16.456,0.00735,-0.0766,0.0766,inner_heliosphere,neptune,7.3566,39.5198,26.6841,16.3829,7.3566,37.267,0.0003,0.0001
VG2,-260986228.4,1991-09-24,35.533,283.156,-7.653,16.456,0.00735,-0.0766,0.0766,inner_heliosphere,neptune,7.3598,39.5208,26.6874,16.3855,7.3598,0.333,0.0008,0.0278
VG2,-260583029.1,1991-09-29,35.567,283.165,-7.697,16.454,0.00736,-0.0766,0.0766,inner_heliosphere,neptune,7.4050,39.5349,26.7347,16.4226,7.4050,4.667,0.0000,0.0000
VG2,-260554229.2,1991-09-29,35.570,283.166,-7.700,16.454,0.00736,-0.0766,0.0766,inner_heliosphere,neptune,7.4082,39.5359,26.7381,16.4253,7.4082,0.333,0.0006,0.0208
VG2,-260237429.7,1991-10-03,35.597,283.173,-7.735,16.453,0.00736,-0.0765,0.0765,inner_heliosphere,neptune,7.4437,39.5468,26.7753,16.4545,7.4437,3.667,-0.0002,-0.0006
VG2,-260208629.7,1991-10-03,35.599,283.173,-7.738,16.453,0.00736,-0.0765,0.0765,inner_heliosphere,neptune,7.4469,39.5478,26.7787,16.4571,7.4469,0.333,0.0006,0.0208
VG2,-259719030.5,1991-10-09,35.641,283.184,-7.792,16.451,0.00736,-0.0765,0.0765,inner_heliosphere,neptune,7.5018,39.5646,26.8362,16.5023,7.5018,5.667,0.0004,0.0008
VG2,-259690230.5,1991-10-09,35.643,283.185,-7.795,16.451,0.00736,-0.0765,0.0765,inner_heliosphere,neptune,7.5050,39.5656,26.8396,16.5050,7.5050,0.333,-0.0002,-0.0069
VG2,-257703033.5,1991-11-01,35.813,283.229,-8.012,16.444,0.00738,-0.0762,0.0762,inner_heliosphere,neptune,7.7278,39.6316,27.0744,16.6891,7.7278,23.000,0.0002,0.0001
VG2,-257674233.7,1991-11-02,35.815,283.229,-8.015,16.444,0.00738,-0.0762,0.0762,inner_heliosphere,neptune,7.7310,39.6326,27.0779,16.6918,7.7310,0.333,-0.0010,-0.0351
VG2,-253872639.7,1991-12-16,36.141,283.312,-8.423,16.431,0.00742,-0.0757,0.0757,inner_heliosphere,neptune,8.1571,39.7504,27.5320,17.0473,8.1571,44.000,-0.0011,-0.0003
VG2,-253843839.6,1991-12-16,36.143,283.312,-8.426,16.431,0.00742,-0.0757,0.0757,inner_heliosphere,neptune,8.1603,39.7513,27.5355,17.0500,8.1603,0.333,0.0000,0.0000
VG2,-253123840.6,1991-12-24,36.205,283.328,-8.503,16.428,0.00742,-0.0756,0.0756,inner_heliosphere,neptune,8.2410,39.7724,27.6222,17.1178,8.2410,8.333,-0.0002,-0.0003
VG2,-253095040.8,1991-12-25,36.208,283.329,-8.506,16.428,0.00742,-0.0756,0.0756,inner_heliosphere,neptune,8.2443,39.7732,27.6257,17.1205,8.2443,0.333,-0.0004,-0.0142
VG2,-250128645.6,1992-01-28,36.463,283.392,-8.819,16.418,0.00745,-0.0752,0.0752,inner_heliosphere,neptune,8.5768,39.8561,27.9854,17.4015,8.5768,34.333,-0.0014,-0.0005
VG2,-250099845.7,1992-01-28,36.465,283.393,-8.822,16.418,0.00745,-0.0752,0.0752,inner_heliosphere,neptune,8.5801,39.8569,27.9890,17.4042,8.5801,0.333,0.0006,0.0205
VG2,-245296013.6,1992-03-24,36.881,283.494,-9.319,16.401,0.00749,-0.0746,0.0746,inner_heliosphere,neptune,9.1187,39.9783,28.5793,17.8643,9.1187,55.600,-0.0013,-0.0003
VG2,-245267213.7,1992-03-24,36.883,283.494,-9.321,16.401,0.00749,-0.0746,0.0746,inner_heliosphere,neptune,9.1220,39.9790,28.5829,17.8671,9.1220,0.333,-0.0002,-0.0069
VG2,-244864014.4,1992-03-29,36.918,283.503,-9.363,16.400,0.00749,-0.0746,0.0746,inner_heliosphere,neptune,9.1672,39.9885,28.6329,17.9060,9.1672,4.667,-0.0002,-0.0005
VG2,-244835214.4,1992-03-29,36.921,283.503,-9.366,16.400,0.00749,-0.0746,0.0746,inner_heliosphere,neptune,9.1704,39.9892,28.6364,17.9087,9.1704,0.333,-0.0002,-0.0069
VG2,-239628182.9,1992-05-29,37.373,283.611,-9.890,16.382,0.00753,-0.0739,0.0739,inner_heliosphere,neptune,9.7545,40.1029,29.2877,18.4147,9.7545,60.267,0.0002,0.0000
VG2,-239599382.9,1992-05-29,37.376,283.611,-9.893,16.382,0.00753,-0.0739,0.0739,inner_heliosphere,neptune,9.7577,40.1035,29.2914,18.4175,9.7577,0.333,0.0000,0.0003
VG2,-238271705.1,1992-06-13,37.492,283.638,-10.025,16.378,0.00754,-0.0738,0.0738,inner_heliosphere,neptune,9.9066,40.1300,29.4591,18.5475,9.9066,15.367,0.0006,0.0004
VG2,-238242905.1,1992-06-14,37.494,283.639,-10.028,16.378,0.00754,-0.0738,0.0738,inner_heliosphere,neptune,9.9099,40.1306,29.4628,18.5504,9.9099,0.333,0.0004,0.0142
VG2,-237911705.5,1992-06-17,37.523,283.645,-10.061,16.377,0.00755,-0.0737,0.0737,inner_heliosphere,neptune,9.9470,40.1370,29.5047,18.5829,9.9470,3.833,0.0006,0.0018
VG2,-237882905.6,1992-06-18,37.526,283.646,-10.064,16.377,0.00755,-0.0737,0.0737,inner_heliosphere,neptune,9.9503,40.1376,29.5084,18.5857,9.9503,0.333,-0.0010,-0.0344
VG2,-237456666.2,1992-06-23,37.563,283.655,-10.106,16.375,0.00755,-0.0737,0.0737,inner_heliosphere,neptune,9.9981,40.1458,29.5624,18.6276,9.9981,4.933,0.0002,0.0004
VG2,-237427866.3,1992-06-23,37.565,283.655,-10.108,16.375,0.00755,-0.0737,0.0737,inner_heliosphere,neptune,10.0013,40.1463,29.5661,18.6304,10.0013,0.333,0.0004,0.0142
VG2,-236779099.4,1992-07-01,37.622,283.668,-10.172,16.373,0.00755,-0.0736,0.0736,inner_heliosphere,neptune,10.0741,40.1586,29.6485,18.6942,10.0741,7.509,0.0004,0.0006
VG2,-234925150.5,1992-07-22,37.784,283.705,-10.354,16.367,0.00757,-0.0734,0.0734,inner_heliosphere,neptune,10.2821,40.1926,29.8849,18.8772,10.2821,21.458,0.0010,0.0006
VG2,-234896350.5,1992-07-22,37.787,283.706,-10.357,16.367,0.00757,-0.0734,0.0734,inner_heliosphere,neptune,10.2854,40.1931,29.8886,18.8800,10.2854,0.333,0.0000,0.0003
VG2,-230253798.2,1992-09-14,38.195,283.798,-10.804,16.352,0.00760,-0.0729,0.0729,inner_heliosphere,neptune,10.8064,40.2709,30.4860,19.3415,10.8064,53.733,0.0005,0.0001
VG2,-230224998.3,1992-09-14,38.197,283.799,-10.807,16.352,0.00760,-0.0728,0.0728,inner_heliosphere,neptune,10.8096,40.2714,30.4897,19.3444,10.8096,0.333,0.0006,0.0208
VG2,-229435879.7,1992-09-23,38.267,283.814,-10.882,16.349,0.00761,-0.0728,0.0728,inner_heliosphere,neptune,10.8982,40.2836,30.5920,19.4233,10.8982,9.133,0.0004,0.0005
VG2,-229407079.8,1992-09-24,38.269,283.815,-10.884,16.349,0.00761,-0.0728,0.0728,inner_heliosphere,neptune,10.9014,40.2841,30.5958,19.4262,10.9014,0.333,0.0002,0.0069
VG2,-226339884.7,1992-10-29,38.540,283.874,-11.174,16.339,0.00763,-0.0724,0.0724,inner_heliosphere,neptune,11.2457,40.3294,30.9955,19.7342,11.2457,35.500,-0.0004,-0.0001
VG2,-226311084.8,1992-10-30,38.542,283.875,-11.176,16.339,0.00763,-0.0724,0.0724,inner_heliosphere,neptune,11.2490,40.3298,30.9993,19.7371,11.2490,0.333,0.0006,0.0205
VG2,-222509491.0,1992-12-13,38.878,283.948,-11.529,16.327,0.00766,-0.0720,0.0720,inner_heliosphere,neptune,11.6758,40.3812,31.4992,20.1216,11.6758,44.000,-0.0007,-0.0002
VG2,-222480691.0,1992-12-13,38.881,283.948,-11.532,16.327,0.00766,-0.0720,0.0720,inner_heliosphere,neptune,11.6791,40.3815,31.5030,20.1245,11.6791,0.333,-0.0004,-0.0142
VG2,-221818292.0,1992-12-21,38.940,283.961,-11.593,16.325,0.00766,-0.0719,0.0719,inner_heliosphere,neptune,11.7534,40.3900,31.5906,20.1918,11.7534,7.667,0.0002,0.0003
VG2,-221789492.1,1992-12-21,38.942,283.962,-11.595,16.325,0.00766,-0.0719,0.0719,inner_heliosphere,neptune,11.7567,40.3904,31.5944,20.1947,11.7567,0.333,-0.0006,-0.0212
VG2,-219272376.3,1993-01-19,39.166,284.009,-11.825,16.317,0.00768,-0.0716,0.0716,inner_heliosphere,neptune,12.0394,40.4215,31.9286,20.4511,12.0394,29.133,-0.0010,-0.0004
VG2,-219243576.4,1993-01-19,39.168,284.010,-11.827,16.317,0.00768,-0.0716,0.0716,inner_heliosphere,neptune,12.0426,40.4218,31.9324,20.4541,12.0426,0.333,-0.0004,-0.0142
VG2,-218491897.6,1993-01-28,39.235,284.024,-11.895,16.314,0.00768,-0.0716,0.0716,inner_heliosphere,neptune,12.1270,40.4308,32.0326,20.5309,12.1270,8.700,-0.0004,-0.0005
VG2,-218463097.6,1993-01-28,39.238,284.024,-11.898,16.314,0.00768,-0.0716,0.0716,inner_heliosphere,neptune,12.1303,40.4311,32.0364,20.5339,12.1303,0.333,-0.0000,-0.0003
VG2,-216173501.5,1993-02-24,39.442,284.067,-12.104,16.307,0.00770,-0.0713,0.0713,inner_heliosphere,neptune,12.3875,40.4576,32.3427,20.7685,12.3875,26.500,-0.0006,-0.0003
VG2,-216144701.6,1993-02-24,39.444,284.068,-12.106,16.307,0.00770,-0.0713,0.0713,inner_heliosphere,neptune,12.3907,40.4579,32.3466,20.7715,12.3907,0.333,-0.0004,-0.0142
VG2,-211911108.8,1993-04-14,39.822,284.146,-12.481,16.294,0.00773,-0.0709,0.0709,inner_heliosphere,neptune,12.8664,40.5044,32.9171,21.2079,12.8664,49.000,0.0003,0.0001
VG2,-211882308.8,1993-04-15,39.825,284.146,-12.484,16.294,0.00773,-0.0709,0.0709,inner_heliosphere,neptune,12.8697,40.5047,32.9210,21.2109,12.8697,0.333,-0.0006,-0.0205
VG2,-206899917.1,1993-06-11,40.271,284.237,-12.915,16.279,0.00776,-0.0703,0.0703,inner_heliosphere,neptune,13.4297,40.5566,33.5992,21.7286,13.4297,57.667,0.0010,0.0002
VG2,-206871117.1,1993-06-12,40.274,284.237,-12.918,16.279,0.00776,-0.0703,0.0703,inner_heliosphere,neptune,13.4329,40.5569,33.6031,21.7316,13.4329,0.333,-0.0006,-0.0205
VG2,-205831438.5,1993-06-24,40.367,284.256,-13.007,16.276,0.00776,-0.0702,0.0702,inner_heliosphere,neptune,13.5498,40.5676,33.7456,21.8402,13.5498,12.033,0.0004,0.0004
VG2,-205802638.6,1993-06-24,40.370,284.256,-13.009,16.276,0.00776,-0.0702,0.0702,inner_heliosphere,neptune,13.5530,40.5679,33.7495,21.8432,13.5530,0.333,-0.0006,-0.0205
VG2,-205243103.5,1993-07-01,40.420,284.266,-13.057,16.274,0.00777,-0.0702,0.0702,inner_heliosphere,neptune,13.6159,40.5737,33.8263,21.9017,13.6159,6.476,0.0012,0.0022
VG2,-203821201.7,1993-07-17,40.548,284.292,-13.178,16.270,0.00777,-0.0700,0.0700,inner_heliosphere,neptune,13.7758,40.5883,34.0218,22.0506,13.7758,16.457,0.0011,0.0008
VG2,-203792401.7,1993-07-17,40.550,284.292,-13.180,16.270,0.00777,-0.0700,0.0700,inner_heliosphere,neptune,13.7791,40.5886,34.0257,22.0536,13.7791,0.333,-0.0012,-0.0413
VG2,-203236562.4,1993-07-24,40.600,284.302,-13.227,16.268,0.00778,-0.0700,0.0700,inner_heliosphere,neptune,13.8416,40.5943,34.1023,22.1119,13.8416,6.433,0.0006,0.0011
VG2,-203207762.6,1993-07-24,40.603,284.303,-13.229,16.268,0.00778,-0.0700,0.0700,inner_heliosphere,neptune,13.8448,40.5946,34.1063,22.1150,13.8448,0.333,0.0002,0.0073
VG2,-201661205.0,1993-08-11,40.742,284.330,-13.359,16.263,0.00779,-0.0698,0.0698,inner_heliosphere,neptune,14.0187,40.6106,34.3197,22.2774,14.0187,17.900,0.0007,0.0005
VG2,-201632405.0,1993-08-11,40.745,284.331,-13.362,16.263,0.00779,-0.0698,0.0698,inner_heliosphere,neptune,14.0220,40.6109,34.3237,22.2805,14.0220,0.333,0.0002,0.0069
VG2,-199469528.3,1993-09-05,40.940,284.369,-13.542,16.257,0.00780,-0.0696,0.0696,inner_heliosphere,neptune,14.2652,40.6335,34.6233,22.5084,14.2652,25.033,0.0001,0.0000
VG2,-199440728.4,1993-09-06,40.942,284.369,-13.544,16.257,0.00780,-0.0696,0.0696,inner_heliosphere,neptune,14.2685,40.6338,34.6273,22.5114,14.2685,0.333,0.0002,0.0073
VG2,-198248410.3,1993-09-19,41.050,284.390,-13.643,16.253,0.00781,-0.0695,0.0695,inner_heliosphere,neptune,14.4026,40.6466,34.7930,22.6373,14.4026,13.800,0.0001,0.0001
VG2,-198219610.4,1993-09-20,41.053,284.390,-13.645,16.253,0.00781,-0.0695,0.0695,inner_heliosphere,neptune,14.4058,40.6469,34.7970,22.6404,14.4058,0.333,0.0004,0.0139
VG2,-197614811.4,1993-09-27,41.107,284.401,-13.695,16.251,0.00781,-0.0694,0.0694,inner_heliosphere,neptune,14.4739,40.6534,34.8812,22.7044,14.4739,7.000,-0.0004,-0.0006
VG2,-197586011.4,1993-09-27,41.110,284.401,-13.698,16.251,0.00781,-0.0694,0.0694,inner_heliosphere,neptune,14.4771,40.6537,34.8853,22.7074,14.4771,0.333,0.0002,0.0069
VG2,-195552734.5,1993-10-21,41.294,284.437,-13.864,16.245,0.00782,-0.0692,0.0692,inner_heliosphere,neptune,14.7059,40.6761,35.1690,22.9229,14.7059,23.533,-0.0003,-0.0002
VG2,-195523934.6,1993-10-21,41.297,284.437,-13.866,16.245,0.00782,-0.0692,0.0692,inner_heliosphere,neptune,14.7091,40.6764,35.1730,22.9259,14.7091,0.333,0.0008,0.0278
VG2,-190890021.8,1993-12-14,41.717,284.516,-14.240,16.232,0.00785,-0.0688,0.0688,inner_heliosphere,neptune,15.2306,40.7306,35.8235,23.4193,15.2306,53.633,-0.0010,-0.0002
VG2,-190861221.7,1993-12-14,41.719,284.517,-14.243,16.232,0.00785,-0.0688,0.0688,inner_heliosphere,neptune,15.2339,40.7310,35.8275,23.4224,15.2339,0.333,-0.0004,-0.0142
VG2,-190339942.4,1993-12-20,41.767,284.526,-14.284,16.230,0.00785,-0.0687,0.0687,inner_heliosphere,neptune,15.2926,40.7374,35.9010,23.4781,15.2926,6.033,0.0001,0.0002
VG2,-190311142.5,1993-12-20,41.769,284.526,-14.286,16.230,0.00785,-0.0687,0.0687,inner_heliosphere,neptune,15.2958,40.7378,35.9051,23.4812,15.2958,0.333,-0.0006,-0.0212
VG2,-188767464.8,1994-01-07,41.910,284.552,-14.409,16.226,0.00786,-0.0686,0.0686,inner_heliosphere,neptune,15.4696,40.7573,36.1231,23.6464,15.4696,17.867,-0.0000,-0.0000
VG2,-188738664.9,1994-01-08,41.912,284.553,-14.411,16.226,0.00786,-0.0686,0.0686,inner_heliosphere,neptune,15.4728,40.7577,36.1271,23.6495,15.4728,0.333,-0.0008,-0.0281
VG2,-187356267.0,1994-01-24,42.038,284.576,-14.520,16.222,0.00787,-0.0685,0.0685,inner_heliosphere,neptune,15.6285,40.7759,36.3229,23.7977,15.6285,16.000,-0.0007,-0.0005
VG2,-187327467.0,1994-01-24,42.041,284.576,-14.523,16.222,0.00787,-0.0685,0.0685,inner_heliosphere,neptune,15.6317,40.7763,36.3269,23.8008,15.6317,0.333,0.0004,0.0135
VG2,-186788907.7,1994-01-30,42.090,284.586,-14.565,16.220,0.00787,-0.0684,0.0684,inner_heliosphere,neptune,15.6923,40.7836,36.4033,23.8586,15.6923,6.233,-0.0006,-0.0011
VG2,-186760107.8,1994-01-30,42.092,284.586,-14.567,16.220,0.00787,-0.0684,0.0684,inner_heliosphere,neptune,15.6956,40.7840,36.4074,23.8617,15.6956,0.333,0.0004,0.0135
VG2,-184957230.6,1994-02-20,42.257,284.616,-14.708,16.215,0.00788,-0.0682,0.0682,inner_heliosphere,neptune,15.8986,40.8091,36.6635,24.0556,15.8986,20.867,-0.0009,-0.0005
VG2,-184928430.6,1994-02-21,42.259,284.617,-14.710,16.215,0.00788,-0.0682,0.0682,inner_heliosphere,neptune,15.9019,40.8096,36.6676,24.0587,15.9019,0.333,0.0006,0.0208
VG2,-180988596.1,1994-04-07,42.619,284.682,-15.014,16.204,0.00790,-0.0679,0.0679,inner_heliosphere,neptune,16.3456,40.8693,37.2297,24.4839,16.3456,45.600,0.0002,0.0000
VG2,-180959796.1,1994-04-08,42.622,284.682,-15.017,16.204,0.00790,-0.0679,0.0679,inner_heliosphere,neptune,16.3489,40.8698,37.2339,24.4870,16.3489,0.333,-0.0002,-0.0069
VG2,-176533242.1,1994-05-29,43.027,284.754,-15.352,16.191,0.00792,-0.0675,0.0675,inner_heliosphere,neptune,16.8477,40.9461,37.8693,24.9672,16.8477,51.233,0.0004,0.0001
VG2,-176504442.2,1994-05-29,43.029,284.754,-15.354,16.191,0.00792,-0.0675,0.0675,inner_heliosphere,neptune,16.8509,40.9466,37.8735,24.9703,16.8509,0.333,0.0006,0.0212
VG2,-175294843.9,1994-06-12,43.140,284.774,-15.445,16.188,0.00792,-0.0674,0.0674,inner_heliosphere,neptune,16.9872,40.9694,38.0478,25.1020,16.9872,14.000,0.0009,0.0008
VG2,-175266043.9,1994-06-12,43.143,284.774,-15.447,16.188,0.00792,-0.0674,0.0674,inner_heliosphere,neptune,16.9905,40.9699,38.0519,25.1051,16.9905,0.333,-0.0008,-0.0278
VG2,-174548924.7,1994-06-21,43.209,284.786,-15.500,16.186,0.00793,-0.0673,0.0673,inner_heliosphere,neptune,17.0713,40.9839,38.1554,25.1833,17.0713,8.300,0.0005,0.0007
VG2,-174520124.8,1994-06-21,43.211,284.786,-15.502,16.186,0.00793,-0.0673,0.0673,inner_heliosphere,neptune,17.0746,40.9844,38.1596,25.1864,17.0746,0.333,0.0000,0.0000
VG2,-173707102.0,1994-07-01,43.286,284.799,-15.563,16.184,0.00793,-0.0673,0.0673,inner_heliosphere,neptune,17.1662,41.0006,38.2770,25.2751,17.1662,9.410,0.0015,0.0018
VG2,-171795648.7,1994-07-23,43.462,284.830,-15.704,16.178,0.00794,-0.0671,0.0671,inner_heliosphere,neptune,17.3817,41.0403,38.5537,25.4839,17.3817,22.123,0.0007,0.0004
VG2,-171766848.8,1994-07-23,43.464,284.830,-15.706,16.178,0.00794,-0.0671,0.0671,inner_heliosphere,neptune,17.3850,41.0409,38.5578,25.4870,17.3850,0.333,0.0002,0.0073
VG2,-171242689.6,1994-07-29,43.512,284.839,-15.745,16.177,0.00794,-0.0670,0.0670,inner_heliosphere,neptune,17.4441,41.0523,38.6338,25.5444,17.4441,6.067,0.0005,0.0009
VG2,-171213889.6,1994-07-29,43.515,284.839,-15.747,16.177,0.00794,-0.0670,0.0670,inner_heliosphere,neptune,17.4473,41.0529,38.6380,25.5475,17.4473,0.333,0.0002,0.0069
VG2,-170767490.2,1994-08-04,43.556,284.846,-15.780,16.176,0.00795,-0.0670,0.0670,inner_heliosphere,neptune,17.4977,41.0627,38.7027,25.5964,17.4977,5.167,0.0003,0.0007
VG2,-166626055.9,1994-09-20,43.937,284.911,-16.080,16.164,0.00796,-0.0666,0.0666,inner_heliosphere,neptune,17.9647,41.1605,39.3051,26.0509,17.9647,47.933,0.0004,0.0001
VG2,-166597256.0,1994-09-21,43.940,284.912,-16.082,16.164,0.00796,-0.0666,0.0666,inner_heliosphere,neptune,17.9680,41.1612,39.3093,26.0541,17.9680,0.333,0.0006,0.0208
VG2,-166335176.5,1994-09-24,43.964,284.916,-16.101,16.163,0.00797,-0.0666,0.0666,inner_heliosphere,neptune,17.9976,41.1679,39.3475,26.0829,17.9976,3.033,0.0002,0.0008
VG2,-166306376.5,1994-09-24,43.967,284.916,-16.103,16.163,0.00797,-0.0666,0.0666,inner_heliosphere,neptune,18.0008,41.1686,39.3517,26.0861,18.0008,0.333,-0.0008,-0.0278
VG2,-163579020.3,1994-10-26,44.218,284.958,-16.298,16.156,0.00798,-0.0664,0.0664,inner_heliosphere,neptune,18.3085,41.2409,39.7502,26.3866,18.3085,31.567,-0.0000,-0.0000
VG2,-163550220.2,1994-10-26,44.221,284.959,-16.300,16.156,0.00798,-0.0664,0.0664,inner_heliosphere,neptune,18.3118,41.2417,39.7544,26.3898,18.3118,0.333,0.0008,0.0278
VG2,-162752461.2,1994-11-04,44.295,284.971,-16.357,16.154,0.00798,-0.0663,0.0663,inner_heliosphere,neptune,18.4018,41.2641,39.8712,26.4778,18.4018,9.233,-0.0005,-0.0006
VG2,-162723661.3,1994-11-05,44.297,284.972,-16.359,16.154,0.00798,-0.0663,0.0663,inner_heliosphere,neptune,18.4050,41.2649,39.8754,26.4810,18.4050,0.333,0.0002,0.0069
VG2,-160163344.9,1994-12-04,44.534,285.011,-16.539,16.147,0.00799,-0.0661,0.0661,inner_heliosphere,neptune,18.6940,41.3404,40.2509,26.7642,18.6940,29.633,-0.0007,-0.0003
VG2,-160134545.0,1994-12-05,44.537,285.011,-16.541,16.147,0.00799,-0.0661,0.0661,inner_heliosphere,neptune,18.6973,41.3413,40.2552,26.7674,18.6973,0.333,0.0002,0.0066
VG2,-159446226.0,1994-12-13,44.600,285.022,-16.589,16.145,0.00799,-0.0661,0.0661,inner_heliosphere,neptune,18.7749,41.3626,40.3563,26.8436,18.7749,7.967,-0.0003,-0.0005
VG2,-159417426.0,1994-12-13,44.603,285.022,-16.591,16.145,0.00799,-0.0661,0.0661,inner_heliosphere,neptune,18.7782,41.3635,40.3605,26.8468,18.7782,0.333,0.0002,0.0066
VG2,-158956626.5,1994-12-18,44.646,285.029,-16.624,16.144,0.00800,-0.0660,0.0660,inner_heliosphere,neptune,18.8302,41.3780,40.4283,26.8979,18.8302,5.333,-0.0005,-0.0012
VG2,-158927826.6,1994-12-19,44.648,285.030,-16.626,16.144,0.00800,-0.0660,0.0660,inner_heliosphere,neptune,18.8335,41.3789,40.4325,26.9011,18.8335,0.333,0.0006,0.0205
VG2,-157654868.4,1995-01-02,44.766,285.049,-16.714,16.140,0.00800,-0.0659,0.0659,inner_heliosphere,neptune,18.9772,41.4202,40.6198,27.0423,18.9772,14.733,-0.0008,-0.0006
VG2,-157626066.9,1995-01-03,44.769,285.049,-16.716,16.140,0.00800,-0.0659,0.0659,inner_heliosphere,neptune,18.9804,41.4211,40.6241,27.0455,18.9804,0.333,0.0002,0.0066
VG2,-150944478.3,1995-03-21,45.389,285.149,-17.173,16.123,0.00803,-0.0654,0.0654,inner_heliosphere,neptune,19.7351,41.6640,41.6112,27.7898,19.7351,77.333,-0.0010,-0.0002
VG2,-150915678.3,1995-03-21,45.391,285.150,-17.175,16.123,0.00803,-0.0654,0.0654,inner_heliosphere,neptune,19.7383,41.6651,41.6154,27.7930,19.7383,0.333,-0.0002,-0.0069
VG2,-150765918.6,1995-03-23,45.405,285.152,-17.185,16.123,0.00803,-0.0654,0.0654,inner_heliosphere,neptune,19.7552,41.6711,41.6376,27.8097,19.7552,1.733,-0.0001,-0.0009
VG2,-150737118.6,1995-03-23,45.408,285.153,-17.187,16.123,0.00803,-0.0654,0.0654,inner_heliosphere,neptune,19.7585,41.6722,41.6419,27.8129,19.7585,0.333,-0.0002,-0.0073
VG2,-147580643.0,1995-04-29,45.702,285.199,-17.398,16.114,0.00804,-0.0652,0.0652,inner_heliosphere,neptune,20.1152,41.8042,42.1104,28.1663,20.1152,36.533,0.0002,0.0001
VG2,-147551843.1,1995-04-29,45.704,285.199,-17.400,16.114,0.00804,-0.0652,0.0652,inner_heliosphere,neptune,20.1184,41.8054,42.1147,28.1695,20.1184,0.333,0.0008,0.0278
VG2,-146866404.1,1995-05-07,45.768,285.209,-17.446,16.113,0.00804,-0.0651,0.0651,inner_heliosphere,neptune,20.1959,41.8356,42.2166,28.2464,20.1959,7.933,0.0001,0.0001
VG2,-146837604.1,1995-05-07,45.771,285.210,-17.448,16.112,0.00804,-0.0651,0.0651,inner_heliosphere,neptune,20.1992,41.8369,42.2209,28.2496,20.1992,0.333,0.0004,0.0142
VG2,-146379684.7,1995-05-13,45.813,285.217,-17.478,16.111,0.00805,-0.0651,0.0651,inner_heliosphere,neptune,20.2509,41.8573,42.2890,28.3010,20.2509,5.300,0.0002,0.0005
VG2,-146350884.8,1995-05-13,45.816,285.217,-17.480,16.111,0.00805,-0.0651,0.0651,inner_heliosphere,neptune,20.2542,41.8586,42.2933,28.3042,20.2542,0.333,0.0000,0.0003
VG2,-144300327.6,1995-06-06,46.007,285.247,-17.615,16.106,0.00805,-0.0649,0.0649,inner_heliosphere,neptune,20.4860,41.9533,42.5986,28.5346,20.4860,23.733,0.0003,0.0001
VG2,-144271527.7,1995-06-06,46.010,285.247,-17.617,16.106,0.00805,-0.0649,0.0649,inner_heliosphere,neptune,20.4892,41.9547,42.6029,28.5378,20.4892,0.333,0.0000,0.0003
VG2,-143851048.3,1995-06-11,46.049,285.253,-17.644,16.105,0.00806,-0.0649,0.0649,inner_heliosphere,neptune,20.5368,41.9747,42.6656,28.5851,20.5368,4.867,-0.0001,-0.0003
VG2,-143822248.3,1995-06-11,46.052,285.254,-17.646,16.105,0.00806,-0.0649,0.0649,inner_heliosphere,neptune,20.5400,41.9761,42.6699,28.5883,20.5400,0.333,-0.0002,-0.0066
VG2,-143197289.1,1995-06-19,46.110,285.263,-17.687,16.103,0.00806,-0.0648,0.0648,inner_heliosphere,neptune,20.6107,42.0063,42.7630,28.6587,20.6107,7.233,0.0000,0.0000
VG2,-143168489.2,1995-06-19,46.113,285.263,-17.689,16.103,0.00806,-0.0648,0.0648,inner_heliosphere,neptune,20.6139,42.0077,42.7673,28.6619,20.6139,0.333,-0.0002,-0.0066
VG2,-135896499.6,1995-09-11,46.792,285.367,-18.157,16.085,0.00808,-0.0643,0.0643,inner_heliosphere,neptune,21.4365,42.3953,43.8549,29.4831,21.4365,84.167,0.0015,0.0002
VG2,-135867699.7,1995-09-11,46.795,285.367,-18.159,16.085,0.00809,-0.0643,0.0643,inner_heliosphere,neptune,21.4398,42.3970,43.8592,29.4863,21.4398,0.333,0.0004,0.0139
VG2,-135285940.6,1995-09-18,46.849,285.375,-18.196,16.083,0.00809,-0.0643,0.0643,inner_heliosphere,neptune,21.5056,42.4310,43.9464,29.5523,21.5056,6.733,-0.0001,-0.0002
VG2,-135257140.7,1995-09-19,46.852,285.376,-18.198,16.083,0.00809,-0.0643,0.0643,inner_heliosphere,neptune,21.5088,42.4327,43.9507,29.5555,21.5088,0.333,0.0000,0.0000
VG2,-134879861.3,1995-09-23,46.887,285.381,-18.222,16.082,0.00809,-0.0642,0.0642,inner_heliosphere,neptune,21.5515,42.4550,44.0073,29.5983,21.5515,4.367,0.0005,0.0014
VG2,-134851061.3,1995-09-23,46.890,285.381,-18.223,16.082,0.00809,-0.0642,0.0642,inner_heliosphere,neptune,21.5548,42.4567,44.0116,29.6016,21.5548,0.333,-0.0008,-0.0278
VG2,-133068343.9,1995-10-14,47.057,285.406,-18.336,16.078,0.00809,-0.0641,0.0641,inner_heliosphere,neptune,21.7566,42.5646,44.2792,29.8038,21.7566,20.633,0.0002,0.0001
VG2,-133039543.9,1995-10-14,47.060,285.407,-18.338,16.078,0.00809,-0.0641,0.0641,inner_heliosphere,neptune,21.7598,42.5664,44.2836,29.8071,21.7598,0.333,-0.0006,-0.0208
VG2,-131006266.8,1995-11-07,47.250,285.435,-18.465,16.073,0.00810,-0.0640,0.0640,inner_heliosphere,neptune,21.9900,42.6949,44.5891,30.0382,21.9900,23.533,0.0003,0.0001
VG2,-130977466.8,1995-11-07,47.253,285.436,-18.466,16.073,0.00810,-0.0640,0.0640,inner_heliosphere,neptune,21.9933,42.6967,44.5935,30.0415,21.9933,0.333,-0.0006,-0.0208
VG2,-130608827.2,1995-11-11,47.288,285.441,-18.489,16.072,0.00810,-0.0640,0.0640,inner_heliosphere,neptune,22.0350,42.7207,44.6489,30.0834,22.0350,4.267,-0.0002,-0.0005
VG2,-130580027.3,1995-11-12,47.290,285.441,-18.491,16.072,0.00810,-0.0640,0.0640,inner_heliosphere,neptune,22.0383,42.7225,44.6532,30.0867,22.0383,0.333,0.0006,0.0205
VG2,-128244350.8,1995-12-09,47.509,285.473,-18.635,16.066,0.00811,-0.0638,0.0638,inner_heliosphere,neptune,22.3027,42.8785,45.0048,30.3527,22.3027,27.033,-0.0005,-0.0002
VG2,-128215550.8,1995-12-09,47.512,285.474,-18.637,16.066,0.00811,-0.0638,0.0638,inner_heliosphere,neptune,22.3060,42.8805,45.0091,30.3560,22.3060,0.333,-0.0004,-0.0142
VG2,-127337151.9,1995-12-19,47.595,285.486,-18.691,16.064,0.00811,-0.0637,0.0637,inner_heliosphere,neptune,22.4055,42.9412,45.1414,30.4561,22.4055,10.167,-0.0006,-0.0006
VG2,-127308352.0,1995-12-20,47.597,285.486,-18.693,16.064,0.00811,-0.0637,0.0637,inner_heliosphere,neptune,22.4087,42.9432,45.1458,30.4594,22.4087,0.333,-0.0000,-0.0003
VG2,-126273521.5,1996-01-01,47.694,285.500,-18.756,16.061,0.00812,-0.0637,0.0637,inner_heliosphere,neptune,22.5260,43.0162,45.3017,30.5775,22.5260,11.977,0.0004,0.0004
VG2,-124022276.9,1996-01-27,47.906,285.531,-18.893,16.056,0.00812,-0.0635,0.0635,inner_heliosphere,neptune,22.7810,43.1802,45.6413,30.8348,22.7810,26.056,-0.0006,-0.0003
VG2,-123993476.9,1996-01-27,47.909,285.531,-18.895,16.056,0.00812,-0.0635,0.0635,inner_heliosphere,neptune,22.7843,43.1823,45.6456,30.8381,22.7843,0.333,-0.0004,-0.0142
VG2,-120698761.3,1996-03-05,48.219,285.576,-19.093,16.048,0.00814,-0.0633,0.0633,inner_heliosphere,neptune,23.1576,43.4357,46.1432,31.2155,23.1576,38.133,-0.0008,-0.0002
VG2,-120669961.4,1996-03-05,48.222,285.576,-19.095,16.048,0.00814,-0.0633,0.0633,inner_heliosphere,neptune,23.1609,43.4380,46.1476,31.2188,23.1609,0.333,0.0004,0.0139
VG2,-117789965.5,1996-04-08,48.493,285.615,-19.266,16.041,0.00814,-0.0631,0.0631,inner_heliosphere,neptune,23.4874,43.6727,46.5831,31.5495,23.4874,33.333,-0.0002,-0.0001
VG2,-117761165.4,1996-04-08,48.496,285.615,-19.267,16.041,0.00814,-0.0631,0.0631,inner_heliosphere,neptune,23.4907,43.6751,46.5875,31.5528,23.4907,0.333,-0.0002,-0.0069
VG2,-114676689.5,1996-05-14,48.786,285.656,-19.449,16.034,0.00815,-0.0629,0.0629,inner_heliosphere,neptune,23.8404,43.9404,47.0544,31.9077,23.8404,35.700,0.0007,0.0002
VG2,-114647889.7,1996-05-14,48.789,285.656,-19.450,16.034,0.00815,-0.0629,0.0629,inner_heliosphere,neptune,23.8437,43.9429,47.0588,31.9111,23.8437,0.333,-0.0002,-0.0066
VG2,-114215890.4,1996-05-19,48.830,285.662,-19.475,16.033,0.00816,-0.0629,0.0629,inner_heliosphere,neptune,23.8927,43.9812,47.1242,31.9608,23.8927,5.000,0.0001,0.0002
VG2,-114187090.4,1996-05-19,48.833,285.662,-19.477,16.033,0.00816,-0.0629,0.0629,inner_heliosphere,neptune,23.8960,43.9838,47.1286,31.9642,23.8960,0.333,0.0006,0.0212
VG2,-113346131.6,1996-05-29,48.912,285.673,-19.526,16.031,0.00816,-0.0629,0.0629,inner_heliosphere,neptune,23.9914,44.0592,47.2560,32.0611,23.9914,9.733,-0.0002,-0.0002
VG2,-113317331.5,1996-05-29,48.915,285.674,-19.528,16.031,0.00816,-0.0629,0.0629,inner_heliosphere,neptune,23.9946,44.0618,47.2604,32.0644,23.9946,0.333,0.0002,0.0073
VG2,-112724052.4,1996-06-05,48.971,285.682,-19.562,16.029,0.00816,-0.0628,0.0628,inner_heliosphere,neptune,24.0619,44.1157,47.3503,32.1329,24.0619,6.867,0.0004,0.0007
VG2,-112695252.4,1996-06-06,48.974,285.682,-19.564,16.029,0.00816,-0.0628,0.0628,inner_heliosphere,neptune,24.0652,44.1183,47.3546,32.1362,24.0652,0.333,-0.0004,-0.0135
VG2,-111479893.9,1996-06-20,49.088,285.698,-19.634,16.026,0.00816,-0.0627,0.0627,inner_heliosphere,neptune,24.2031,44.2304,47.5389,32.2765,24.2031,14.067,0.0008,0.0007
VG2,-111451094.0,1996-06-20,49.091,285.698,-19.636,16.026,0.00816,-0.0627,0.0627,inner_heliosphere,neptune,24.2064,44.2331,47.5432,32.2798,24.2064,0.333,0.0000,0.0003
VG2,-109149977.1,1996-07-17,49.309,285.728,-19.768,16.021,0.00817,-0.0626,0.0626,inner_heliosphere,neptune,24.4675,44.4516,47.8922,32.5458,24.4675,26.633,0.0007,0.0003
VG2,-109121177.2,1996-07-17,49.311,285.728,-19.769,16.021,0.00817,-0.0626,0.0626,inner_heliosphere,neptune,24.4708,44.4544,47.8966,32.5491,24.4708,0.333,0.0002,0.0073
VG2,-105953181.6,1996-08-23,49.611,285.769,-19.949,16.014,0.00818,-0.0624,0.0624,inner_heliosphere,neptune,24.8304,44.7684,48.3773,32.9160,24.8304,36.667,0.0009,0.0003
VG2,-105924381.7,1996-08-23,49.614,285.770,-19.951,16.013,0.00818,-0.0624,0.0624,inner_heliosphere,neptune,24.8337,44.7713,48.3817,32.9194,24.8337,0.333,0.0006,0.0212
VG2,-103893984.6,1996-09-16,49.806,285.796,-20.065,16.009,0.00819,-0.0623,0.0623,inner_heliosphere,neptune,25.0642,44.9807,48.6900,33.1549,25.0642,23.500,-0.0001,-0.0000
VG2,-103865184.7,1996-09-16,49.809,285.796,-20.066,16.009,0.00819,-0.0623,0.0623,inner_heliosphere,neptune,25.0675,44.9837,48.6944,33.1583,25.0675,0.333,0.0004,0.0139
VG2,-103427425.4,1996-09-21,49.850,285.801,-20.091,16.008,0.00819,-0.0623,0.0623,inner_heliosphere,neptune,25.1172,45.0297,48.7608,33.2091,25.1172,5.067,-0.0003,-0.0007
VG2,-103398625.4,1996-09-21,49.853,285.802,-20.093,16.008,0.00819,-0.0623,0.0623,inner_heliosphere,neptune,25.1205,45.0328,48.7652,33.2125,25.1205,0.333,0.0010,0.0351
VG2,-99951270.2,1996-10-31,50.180,285.845,-20.284,16.000,0.00820,-0.0621,0.0621,inner_heliosphere,neptune,25.5121,45.4052,49.2889,33.6134,25.5121,39.900,-0.0003,-0.0001
VG2,-99922470.1,1996-10-31,50.183,285.846,-20.286,16.000,0.00820,-0.0621,0.0621,inner_heliosphere,neptune,25.5153,45.4084,49.2933,33.6167,25.5153,0.333,-0.0000,-0.0001
VG2,-99239911.0,1996-11-08,50.247,285.854,-20.323,15.998,0.00820,-0.0621,0.0621,inner_heliosphere,neptune,25.5929,45.4842,49.3970,33.6962,25.5929,7.900,0.0000,0.0000
VG2,-99211111.1,1996-11-09,50.250,285.855,-20.325,15.998,0.00820,-0.0621,0.0621,inner_heliosphere,neptune,25.5962,45.4875,49.4014,33.6996,25.5962,0.333,-0.0000,-0.0002
VG2,-95959595.7,1996-12-16,50.559,285.895,-20.502,15.991,0.00821,-0.0619,0.0619,inner_heliosphere,neptune,25.9657,45.8587,49.8955,34.0788,25.9657,37.633,-0.0004,-0.0001
VG2,-95930795.8,1996-12-17,50.561,285.896,-20.504,15.991,0.00821,-0.0619,0.0619,inner_heliosphere,neptune,25.9690,45.8620,49.8999,34.0821,25.9690,0.333,-0.0002,-0.0073
VG2,-92615920.5,1997-01-24,50.877,285.937,-20.683,15.984,0.00822,-0.0617,0.0617,inner_heliosphere,neptune,26.3459,46.2568,50.4037,34.4695,26.3459,38.367,-0.0012,-0.0004
VG2,-92587120.6,1997-01-24,50.879,285.937,-20.685,15.984,0.00822,-0.0617,0.0617,inner_heliosphere,neptune,26.3491,46.2603,50.4080,34.4729,26.3491,0.333,-0.0004,-0.0142
VG2,-91423602.2,1997-02-07,50.990,285.951,-20.747,15.981,0.00822,-0.0617,0.0617,inner_heliosphere,neptune,26.4815,46.4027,50.5849,34.6091,26.4815,13.467,0.0001,0.0001
VG2,-91394802.2,1997-02-07,50.993,285.952,-20.748,15.981,0.00822,-0.0617,0.0617,inner_heliosphere,neptune,26.4847,46.4062,50.5893,34.6125,26.4847,0.333,-0.0006,-0.0211
VG2,-88477366.3,1997-03-13,51.270,285.987,-20.903,15.975,0.00823,-0.0615,0.0615,inner_heliosphere,neptune,26.8166,46.7720,51.0326,34.9544,26.8166,33.767,-0.0008,-0.0003
VG2,-88448566.4,1997-03-13,51.273,285.988,-20.905,15.975,0.00823,-0.0615,0.0615,inner_heliosphere,neptune,26.8199,46.7757,51.0370,34.9578,26.8199,0.333,0.0004,0.0138
VG2,-87524087.7,1997-03-24,51.361,285.999,-20.954,15.973,0.00823,-0.0615,0.0615,inner_heliosphere,neptune,26.9251,46.8942,51.1775,35.0663,26.9251,10.700,0.0002,0.0003
VG2,-87495287.8,1997-03-24,51.364,285.999,-20.955,15.973,0.00823,-0.0615,0.0615,inner_heliosphere,neptune,26.9283,46.8979,51.1819,35.0697,26.9283,0.333,-0.0002,-0.0070
VG2,-87063288.5,1997-03-29,51.405,286.004,-20.978,15.972,0.00823,-0.0615,0.0615,inner_heliosphere,neptune,26.9775,46.9537,51.2475,35.1204,26.9775,5.000,-0.0000,-0.0000
VG2,-87034488.5,1997-03-30,51.408,286.005,-20.979,15.972,0.00823,-0.0615,0.0615,inner_heliosphere,neptune,26.9808,46.9575,51.2519,35.1238,26.9808,0.333,0.0004,0.0139
VG2,-85130811.2,1997-04-21,51.589,286.028,-21.079,15.968,0.00823,-0.0614,0.0614,inner_heliosphere,neptune,27.1974,47.2065,51.5411,35.3475,27.1974,22.033,-0.0002,-0.0001
VG2,-85102011.2,1997-04-21,51.592,286.028,-21.081,15.967,0.00823,-0.0614,0.0614,inner_heliosphere,neptune,27.2007,47.2103,51.5455,35.3509,27.2007,0.333,0.0000,0.0001
VG2,-84600891.7,1997-04-27,51.640,286.034,-21.107,15.966,0.00824,-0.0613,0.0613,inner_heliosphere,neptune,27.2577,47.2768,51.6216,35.4098,27.2577,5.800,0.0004,0.0008
VG2,-84572091.9,1997-04-27,51.642,286.034,-21.108,15.966,0.00824,-0.0613,0.0613,inner_heliosphere,neptune,27.2610,47.2806,51.6260,35.4132,27.2610,0.333,-0.0008,-0.0277
VG2,-81945535.7,1997-05-28,51.893,286.066,-21.244,15.961,0.00824,-0.0612,0.0612,inner_heliosphere,neptune,27.5601,47.6345,52.0249,35.7224,27.5601,30.400,0.0001,0.0000
VG2,-81916735.7,1997-05-28,51.896,286.066,-21.246,15.961,0.00824,-0.0612,0.0612,inner_heliosphere,neptune,27.5633,47.6384,52.0293,35.7257,27.5633,0.333,0.0004,0.0142
VG2,-80347138.0,1997-06-15,52.045,286.085,-21.326,15.957,0.00825,-0.0612,0.0612,inner_heliosphere,neptune,27.7421,47.8544,52.2676,35.9107,27.7421,18.167,0.0004,0.0003
VG2,-80318337.9,1997-06-15,52.048,286.085,-21.328,15.957,0.00825,-0.0611,0.0611,inner_heliosphere,neptune,27.7454,47.8584,52.2720,35.9141,27.7454,0.333,0.0002,0.0073
VG2,-80007298.4,1997-06-19,52.078,286.089,-21.344,15.957,0.00825,-0.0611,0.0611,inner_heliosphere,neptune,27.7808,47.9016,52.3192,35.9508,27.7808,3.600,-0.0001,-0.0003
VG2,-79978498.3,1997-06-19,52.081,286.089,-21.345,15.957,0.00825,-0.0611,0.0611,inner_heliosphere,neptune,27.7841,47.9056,52.3236,35.9542,27.7841,0.333,0.0000,0.0003
VG2,-79012691.6,1997-07-01,52.173,286.100,-21.395,15.955,0.00825,-0.0611,0.0611,inner_heliosphere,neptune,27.8941,48.0406,52.4702,36.0682,27.8941,11.178,0.0016,0.0016
VG2,-78886979.9,1997-07-02,52.185,286.102,-21.401,15.954,0.00825,-0.0611,0.0611,inner_heliosphere,neptune,27.9084,48.0582,52.4893,36.0830,27.9084,1.455,-0.0002,-0.0019
VG2,-78858179.9,1997-07-02,52.187,286.102,-21.403,15.954,0.00825,-0.0611,0.0611,inner_heliosphere,neptune,27.9117,48.0623,52.4936,36.0864,27.9117,0.333,0.0000,0.0003
VG2,-77262662.2,1997-07-21,52.340,286.121,-21.484,15.951,0.00825,-0.0610,0.0610,inner_heliosphere,neptune,28.0934,48.2882,52.7357,36.2748,28.0934,18.467,0.0002,0.0001
VG2,-77233862.3,1997-07-21,52.343,286.121,-21.485,15.951,0.00825,-0.0610,0.0610,inner_heliosphere,neptune,28.0967,48.2923,52.7401,36.2782,28.0967,0.333,0.0008,0.0281
VG2,-76467783.5,1997-07-30,52.416,286.130,-21.524,15.949,0.00826,-0.0610,0.0610,inner_heliosphere,neptune,28.1840,48.4020,52.8563,36.3688,28.1840,8.867,0.0002,0.0003
VG2,-76438983.4,1997-07-30,52.419,286.131,-21.525,15.949,0.00826,-0.0610,0.0610,inner_heliosphere,neptune,28.1873,48.4061,52.8607,36.3722,28.1873,0.333,-0.0002,-0.0067
VG2,-75191945.2,1997-08-14,52.538,286.145,-21.588,15.947,0.00826,-0.0609,0.0609,inner_heliosphere,neptune,28.3294,48.5863,53.0498,36.5196,28.3294,14.433,0.0007,0.0006
VG2,-75163145.3,1997-08-14,52.540,286.146,-21.590,15.947,0.00826,-0.0609,0.0609,inner_heliosphere,neptune,28.3327,48.5905,53.0542,36.5230,28.3327,0.333,0.0000,0.0002
VG2,-71822350.2,1997-09-22,52.860,286.184,-21.757,15.940,0.00827,-0.0608,0.0608,inner_heliosphere,neptune,28.7135,49.0826,53.5605,36.9186,28.7135,38.667,0.0006,0.0002
VG2,-71793550.3,1997-09-22,52.863,286.185,-21.758,15.940,0.00827,-0.0608,0.0608,inner_heliosphere,neptune,28.7167,49.0869,53.5649,36.9221,28.7167,0.333,0.0000,0.0001
VG2,-71465230.9,1997-09-26,52.894,286.189,-21.775,15.939,0.00827,-0.0608,0.0608,inner_heliosphere,neptune,28.7542,49.1360,53.6146,36.9610,28.7542,3.800,0.0005,0.0014
VG2,-71436430.9,1997-09-26,52.897,286.189,-21.776,15.939,0.00827,-0.0608,0.0608,inner_heliosphere,neptune,28.7575,49.1403,53.6190,36.9644,28.7575,0.333,-0.0010,-0.0347
VG2,-69656593.4,1997-10-17,53.067,286.209,-21.864,15.935,0.00827,-0.0607,0.0607,inner_heliosphere,neptune,28.9604,49.4087,53.8885,37.1755,28.9604,20.600,0.0005,0.0003
VG2,-69627793.4,1997-10-17,53.070,286.210,-21.865,15.935,0.00827,-0.0607,0.0607,inner_heliosphere,neptune,28.9637,49.4131,53.8928,37.1789,28.9637,0.333,-0.0000,-0.0001
VG2,-68974034.4,1997-10-25,53.133,286.217,-21.898,15.934,0.00827,-0.0607,0.0607,inner_heliosphere,neptune,29.0383,49.5126,53.9918,37.2565,29.0383,7.567,0.0004,0.0007
VG2,-68945234.4,1997-10-25,53.135,286.217,-21.899,15.934,0.00827,-0.0607,0.0607,inner_heliosphere,neptune,29.0415,49.5170,53.9962,37.2600,29.0415,0.333,-0.0008,-0.0279
VG2,-66350358.0,1997-11-24,53.384,286.247,-22.026,15.928,0.00828,-0.0606,0.0606,inner_heliosphere,neptune,29.3375,49.9168,54.3887,37.5683,29.3375,30.033,-0.0005,-0.0002
VG2,-66321558.1,1997-11-24,53.387,286.247,-22.027,15.928,0.00828,-0.0606,0.0606,inner_heliosphere,neptune,29.3408,49.9213,54.3930,37.5717,29.3408,0.333,0.0004,0.0136
VG2,-66001878.7,1997-11-28,53.417,286.251,-22.043,15.928,0.00828,-0.0606,0.0606,inner_heliosphere,neptune,29.3773,49.9710,54.4414,37.6097,29.3773,3.700,-0.0002,-0.0007
VG2,-65973078.6,1997-11-28,53.420,286.251,-22.044,15.928,0.00828,-0.0606,0.0606,inner_heliosphere,neptune,29.3806,49.9755,54.4457,37.6132,29.3806,0.333,0.0002,0.0067
VG2,-56083173.1,1998-03-23,54.369,286.362,-22.517,15.908,0.00830,-0.0602,0.0602,inner_heliosphere,neptune,30.5097,51.5660,55.9376,38.7928,30.5097,114.466,-0.0034,-0.0003
VG2,-56054373.2,1998-03-23,54.372,286.362,-22.519,15.908,0.00830,-0.0602,0.0602,inner_heliosphere,neptune,30.5130,51.5708,55.9419,38.7962,30.5130,0.333,0.0002,0.0069
VG2,-55579174.0,1998-03-29,54.417,286.367,-22.541,15.907,0.00830,-0.0602,0.0602,inner_heliosphere,neptune,30.5673,51.6495,56.0134,38.8531,30.5673,5.500,0.0002,0.0004
VG2,-55550374.0,1998-03-29,54.420,286.368,-22.542,15.907,0.00830,-0.0602,0.0602,inner_heliosphere,neptune,30.5706,51.6542,56.0177,38.8565,30.5706,0.333,-0.0004,-0.0139
VG2,-54070056.2,1998-04-15,54.562,286.384,-22.611,15.905,0.00830,-0.0601,0.0601,inner_heliosphere,neptune,30.7397,51.9006,56.2403,39.0337,30.7397,17.133,0.0004,0.0003
VG2,-54041256.2,1998-04-16,54.565,286.384,-22.613,15.904,0.00830,-0.0601,0.0601,inner_heliosphere,neptune,30.7430,51.9054,56.2447,39.0371,30.7430,0.333,0.0002,0.0070
VG2,-50735020.8,1998-05-24,54.883,286.420,-22.766,15.898,0.00831,-0.0600,0.0600,inner_heliosphere,neptune,31.1209,52.4620,56.7411,39.4334,31.1209,38.267,0.0007,0.0002
VG2,-50706220.9,1998-05-24,54.886,286.421,-22.767,15.898,0.00831,-0.0600,0.0600,inner_heliosphere,neptune,31.1242,52.4668,56.7455,39.4368,31.1242,0.333,-0.0006,-0.0206
VG2,-50487341.3,1998-05-27,54.907,286.423,-22.777,15.898,0.00831,-0.0600,0.0600,inner_heliosphere,neptune,31.1492,52.5040,56.7783,39.4631,31.1492,2.533,0.0001,0.0006
VG2,-50458541.3,1998-05-27,54.910,286.423,-22.779,15.898,0.00831,-0.0600,0.0600,inner_heliosphere,neptune,31.1525,52.5089,56.7826,39.4665,31.1525,0.333,-0.0004,-0.0136
VG2,-48684463.9,1998-06-17,55.080,286.442,-22.860,15.894,0.00832,-0.0600,0.0600,inner_heliosphere,neptune,31.3553,52.8111,57.0486,39.6795,31.3553,20.533,0.0003,0.0002
VG2,-48655663.9,1998-06-17,55.083,286.443,-22.862,15.894,0.00832,-0.0600,0.0600,inner_heliosphere,neptune,31.3586,52.8161,57.0529,39.6829,31.3586,0.333,0.0006,0.0211
VG2,-48160304.5,1998-06-23,55.131,286.448,-22.884,15.893,0.00832,-0.0599,0.0599,inner_heliosphere,neptune,31.4153,52.9009,57.1271,39.7424,31.4153,5.733,0.0003,0.0006
VG2,-48131504.6,1998-06-23,55.134,286.448,-22.886,15.893,0.00832,-0.0599,0.0599,inner_heliosphere,neptune,31.4186,52.9058,57.1314,39.7459,31.4186,0.333,-0.0002,-0.0066
VG2,-47601585.5,1998-06-29,55.185,286.454,-22.910,15.892,0.00832,-0.0599,0.0599,inner_heliosphere,neptune,31.4792,52.9967,57.2107,39.8096,31.4792,6.133,0.0001,0.0002
VG2,-47572785.4,1998-06-29,55.187,286.454,-22.911,15.892,0.00832,-0.0599,0.0599,inner_heliosphere,neptune,31.4825,53.0016,57.2151,39.8130,31.4825,0.333,0.0002,0.0073
VG2,-37726080.4,1998-10-21,56.136,286.558,-23.352,15.874,0.00834,-0.0597,0.0597,inner_heliosphere,neptune,32.6093,54.7192,58.6841,40.9992,32.6093,113.966,0.0015,0.0002
VG2,-37697280.4,1998-10-22,56.139,286.559,-23.354,15.874,0.00834,-0.0597,0.0597,inner_heliosphere,neptune,32.6126,54.7243,58.6883,41.0027,32.6126,0.333,0.0004,0.0138
VG2,-35540163.6,1998-11-16,56.347,286.581,-23.448,15.870,0.00834,-0.0596,0.0596,inner_heliosphere,neptune,32.8597,55.1064,59.0087,41.2633,32.8597,24.967,-0.0001,-0.0001
VG2,-35511363.5,1998-11-16,56.350,286.581,-23.449,15.870,0.00834,-0.0596,0.0596,inner_heliosphere,neptune,32.8630,55.1115,59.0129,41.2668,32.8630,0.333,0.0002,0.0067
VG2,-33216006.1,1998-12-13,56.572,286.605,-23.549,15.866,0.00834,-0.0596,0.0596,inner_heliosphere,neptune,33.1259,55.5198,59.3531,41.5445,33.1259,26.567,-0.0007,-0.0003
VG2,-33187206.1,1998-12-13,56.574,286.605,-23.551,15.866,0.00834,-0.0596,0.0596,inner_heliosphere,neptune,33.1293,55.5249,59.3574,41.5480,33.1293,0.333,-0.0002,-0.0073
VG2,-32400966.9,1998-12-22,56.650,286.614,-23.585,15.865,0.00835,-0.0595,0.0595,inner_heliosphere,neptune,33.2193,55.6651,59.4738,41.6432,33.2193,9.100,-0.0004,-0.0004
VG2,-32372167.0,1998-12-22,56.653,286.614,-23.586,15.865,0.00835,-0.0595,0.0595,inner_heliosphere,neptune,33.2226,55.6702,59.4780,41.6467,33.2226,0.333,-0.0004,-0.0142
VG2,-31579112.0,1999-01-01,56.730,286.622,-23.620,15.863,0.00835,-0.0595,0.0595,inner_heliosphere,neptune,33.3135,55.8118,59.5953,41.7427,33.3135,9.179,0.0009,0.0011
VG2,-31263368.2,1999-01-04,56.760,286.625,-23.634,15.863,0.00835,-0.0595,0.0595,inner_heliosphere,neptune,33.3497,55.8682,59.6420,41.7810,33.3497,3.654,-0.0003,-0.0011
VG2,-31234568.4,1999-01-04,56.763,286.625,-23.635,15.863,0.00835,-0.0595,0.0595,inner_heliosphere,neptune,33.3530,55.8733,59.6463,41.7845,33.3530,0.333,0.0004,0.0135
VG2,-28780811.4,1999-02-02,57.000,286.650,-23.740,15.858,0.00835,-0.0595,0.0595,inner_heliosphere,neptune,33.6343,56.3122,60.0085,42.0819,33.6343,28.400,-0.0009,-0.0004
VG2,-28752011.3,1999-02-02,57.003,286.651,-23.742,15.858,0.00835,-0.0594,0.0594,inner_heliosphere,neptune,33.6376,56.3174,60.0128,42.0854,33.6376,0.333,0.0004,0.0136
VG2,-22871058.5,1999-04-11,57.572,286.710,-23.990,15.849,0.00836,-0.0593,0.0593,inner_heliosphere,neptune,34.3121,57.3722,60.8776,42.7999,34.3121,68.067,0.0000,0.0000
VG2,-22842258.4,1999-04-12,57.575,286.710,-23.991,15.849,0.00836,-0.0593,0.0593,inner_heliosphere,neptune,34.3155,57.3774,60.8818,42.8034,34.3155,0.333,-0.0002,-0.0069
VG2,-18130583.9,1999-06-05,58.031,286.757,-24.187,15.841,0.00837,-0.0592,0.0592,inner_heliosphere,neptune,34.8563,58.2224,61.5708,43.3772,34.8563,54.533,0.0009,0.0002
VG2,-18101783.9,1999-06-05,58.034,286.757,-24.188,15.841,0.00837,-0.0592,0.0592,inner_heliosphere,neptune,34.8596,58.2276,61.5750,43.3808,34.8596,0.333,0.0004,0.0142
VG2,-17580504.6,1999-06-12,58.084,286.762,-24.210,15.840,0.00837,-0.0592,0.0592,inner_heliosphere,neptune,34.9194,58.3210,61.6511,43.4443,34.9194,6.033,0.0006,0.0011
VG2,-17551704.5,1999-06-12,58.087,286.763,-24.211,15.840,0.00837,-0.0592,0.0592,inner_heliosphere,neptune,34.9227,58.3261,61.6553,43.4478,34.9227,0.333,-0.0006,-0.0205
VG2,-16961305.0,1999-06-19,58.144,286.768,-24.235,15.839,0.00837,-0.0592,0.0592,inner_heliosphere,neptune,34.9905,58.4318,61.7413,43.5199,34.9905,6.833,-0.0001,-0.0002
VG2,-16932505.1,1999-06-19,58.147,286.769,-24.236,15.839,0.00837,-0.0592,0.0592,inner_heliosphere,neptune,34.9938,58.4370,61.7455,43.5234,34.9938,0.333,0.0006,0.0211
VG2,-16612825.5,1999-06-23,58.178,286.772,-24.250,15.838,0.00837,-0.0592,0.0592,inner_heliosphere,neptune,35.0305,58.4942,61.7921,43.5624,35.0305,3.700,-0.0002,-0.0008
VG2,-16584025.6,1999-06-23,58.181,286.772,-24.251,15.838,0.00837,-0.0592,0.0592,inner_heliosphere,neptune,35.0339,58.4993,61.7963,43.5659,35.0339,0.333,-0.0002,-0.0066
VG2,-16359385.8,1999-06-26,58.203,286.774,-24.260,15.838,0.00837,-0.0592,0.0592,inner_heliosphere,neptune,35.0597,58.5395,61.8290,43.5933,35.0597,2.600,0.0002,0.0007
VG2,-16330585.9,1999-06-26,58.205,286.775,-24.261,15.838,0.00837,-0.0592,0.0592,inner_heliosphere,neptune,35.0630,58.5447,61.8332,43.5968,35.0630,0.333,-0.0002,-0.0066
VG2,-15316827.0,1999-07-08,58.304,286.785,-24.303,15.836,0.00838,-0.0592,0.0592,inner_heliosphere,neptune,35.1794,58.7259,61.9807,43.7205,35.1794,11.733,0.0006,0.0006
VG2,-15288027.1,1999-07-08,58.306,286.785,-24.304,15.836,0.00838,-0.0592,0.0592,inner_heliosphere,neptune,35.1827,58.7310,61.9848,43.7241,35.1827,0.333,0.0002,0.0073
VG2,-9487714.3,1999-09-13,58.869,286.841,-24.538,15.827,0.00839,-0.0591,0.0591,inner_heliosphere,neptune,35.8492,59.7632,62.8254,44.4332,35.8492,67.133,0.0019,0.0003
VG2,-9458914.4,1999-09-14,58.872,286.841,-24.539,15.827,0.00839,-0.0591,0.0591,inner_heliosphere,neptune,35.8525,59.7683,62.8296,44.4367,35.8525,0.333,-0.0004,-0.0138
VG2,-7644516.7,1999-10-05,59.048,286.859,-24.612,15.824,0.00839,-0.0590,0.0590,inner_heliosphere,neptune,36.0611,60.0889,63.0913,44.6589,36.0611,21.000,-0.0343,-0.0189
VG2,-7615716.7,1999-10-05,59.051,286.859,-24.613,15.824,0.00839,-0.0590,0.0590,inner_heliosphere,neptune,36.0644,60.0940,63.0954,44.6624,36.0644,0.333,0.0002,0.0069
VG2,-5052519.8,1999-11-04,59.300,286.883,-24.715,15.820,0.00839,-0.0590,0.0590,inner_heliosphere,neptune,36.3592,60.5448,63.4641,44.9767,36.3592,29.667,-0.0318,-0.0124
VG2,-5023719.8,1999-11-04,59.303,286.884,-24.716,15.820,0.00839,-0.0590,0.0590,inner_heliosphere,neptune,36.3625,60.5499,63.4683,44.9802,36.3625,0.333,-0.0006,-0.0210
VG2,-3871721.2,1999-11-17,59.414,286.895,-24.761,15.818,0.00839,-0.0590,0.0590,inner_heliosphere,neptune,36.4950,60.7515,63.6336,45.1215,36.4950,13.333,-0.0132,-0.0115
VG2,-3842921.1,1999-11-18,59.417,286.895,-24.762,15.818,0.00839,-0.0590,0.0590,inner_heliosphere,neptune,36.4984,60.7566,63.6377,45.1251,36.4984,0.333,0.0006,0.0206
VG2,-1481324.1,1999-12-15,59.647,286.917,-24.855,15.815,0.00840,-0.0589,0.0589,inner_heliosphere,neptune,36.7701,61.1680,63.9758,45.4150,36.7701,27.333,-0.0099,-0.0042
VG2,-1452524.1,1999-12-15,59.650,286.917,-24.856,15.814,0.00840,-0.0589,0.0589,inner_heliosphere,neptune,36.7734,61.1730,63.9799,45.4186,36.7734,0.333,-0.0008,-0.0281
VG2,707473.3,2000-01-09,59.860,286.938,-24.940,15.811,0.00840,-0.0589,0.0589,inner_heliosphere,neptune,37.0220,61.5467,64.2881,45.6841,37.0220,25.000,-0.0277,-0.0128
VG2,736273.0,2000-01-10,59.862,286.938,-24.941,15.811,0.00840,-0.0589,0.0589,inner_heliosphere,neptune,37.0253,61.5516,64.2922,45.6876,37.0253,0.333,-0.0004,-0.0142
VG2,10816259.8,2000-05-05,60.843,287.031,-25.325,15.797,0.00842,-0.0588,0.0588,inner_heliosphere,neptune,38.1865,63.2570,65.7182,46.9299,38.1865,116.667,-0.0912,-0.0091
VG2,10845060.0,2000-05-06,60.846,287.031,-25.326,15.797,0.00842,-0.0588,0.0588,inner_heliosphere,neptune,38.1898,63.2617,65.7223,46.9334,38.1898,0.333,-0.0006,-0.0207
VG2,12285058.2,2000-05-22,60.987,287.044,-25.380,15.795,0.00842,-0.0587,0.0587,inner_heliosphere,neptune,38.3559,63.4994,65.9242,47.1113,38.3559,16.667,-0.0187,-0.0130
VG2,12313858.4,2000-05-23,60.989,287.044,-25.381,15.794,0.00842,-0.0587,0.0587,inner_heliosphere,neptune,38.3592,63.5042,65.9282,47.1149,38.3592,0.333,-0.0006,-0.0206
VG2,14848254.9,2000-06-21,61.236,287.067,-25.475,15.791,0.00842,-0.0587,0.0587,inner_heliosphere,neptune,38.6514,63.9185,66.2826,47.4282,38.6514,29.333,-0.0193,-0.0076
VG2,14877055.2,2000-06-21,61.239,287.067,-25.476,15.791,0.00842,-0.0587,0.0587,inner_heliosphere,neptune,38.6548,63.9231,66.2866,47.4318,38.6548,0.333,-0.0004,-0.0136
VG2,17975931.2,2000-07-27,61.541,287.095,-25.590,15.787,0.00843,-0.0587,0.0587,inner_heliosphere,neptune,39.0123,64.4223,66.7178,47.8154,39.0123,35.867,-0.0097,-0.0031
VG2,21259127.0,2000-09-03,61.862,287.124,-25.710,15.782,0.00843,-0.0586,0.0586,inner_heliosphere,neptune,39.3912,64.9420,67.1723,48.2224,39.3912,37.999,-0.0099,-0.0030
VG2,21287926.8,2000-09-03,61.865,287.124,-25.711,15.782,0.00843,-0.0586,0.0586,inner_heliosphere,neptune,39.3946,64.9465,67.1763,48.2259,39.3946,0.333,-0.0010,-0.0346
VG2,24945521.7,2000-10-16,62.222,287.156,-25.842,15.777,0.00844,-0.0586,0.0586,inner_heliosphere,neptune,39.8169,65.5136,67.6796,48.6799,39.8169,42.333,-0.0602,-0.0165
VG2,24974322.0,2000-10-16,62.224,287.157,-25.843,15.777,0.00844,-0.0586,0.0586,inner_heliosphere,neptune,39.8203,65.5180,67.6836,48.6835,39.8203,0.333,-0.0000,-0.0001
VG2,30100715.4,2000-12-14,62.725,287.201,-26.025,15.770,0.00844,-0.0585,0.0585,inner_heliosphere,neptune,40.4126,66.2906,68.3835,49.3209,40.4126,59.333,-0.0247,-0.0048
VG2,30129515.7,2000-12-15,62.728,287.201,-26.026,15.770,0.00844,-0.0585,0.0585,inner_heliosphere,neptune,40.4159,66.2949,68.3875,49.3245,40.4159,0.333,-0.0002,-0.0073
VG2,30964714.8,2000-12-24,62.810,287.209,-26.056,15.769,0.00845,-0.0585,0.0585,inner_heliosphere,neptune,40.5125,66.4182,68.5009,49.4285,40.5125,9.667,-0.0137,-0.0164
VG2,30993514.6,2000-12-25,62.813,287.209,-26.057,15.769,0.00845,-0.0585,0.0585,inner_heliosphere,neptune,40.5158,66.4224,68.5048,49.4321,40.5158,0.333,-0.0004,-0.0142
VG2,33153511.6,2001-01-19,63.024,287.227,-26.132,15.767,0.00845,-0.0585,0.0585,inner_heliosphere,neptune,40.7656,66.7379,68.7973,49.7011,40.7656,25.000,-0.0217,-0.0101
VG2,33182312.0,2001-01-19,63.027,287.228,-26.133,15.767,0.00845,-0.0585,0.0585,inner_heliosphere,neptune,40.7689,66.7420,68.8012,49.7047,40.7689,0.333,-0.0000,-0.0003
VG2,34276711.4,2001-02-01,63.134,287.237,-26.172,15.765,0.00845,-0.0585,0.0585,inner_heliosphere,neptune,40.8955,66.8999,68.9489,49.8411,40.8955,12.667,-0.0145,-0.0133
VG2,34305510.7,2001-02-01,63.136,287.237,-26.173,15.765,0.00845,-0.0585,0.0585,inner_heliosphere,neptune,40.8988,66.9041,68.9528,49.8447,40.8988,0.333,-0.0002,-0.0073
VG2,36580707.8,2001-02-27,63.359,287.256,-26.251,15.762,0.00845,-0.0585,0.0585,inner_heliosphere,neptune,41.1620,67.2281,69.2589,50.1285,41.1620,26.333,-0.0080,-0.0035
VG2,36609507.6,2001-02-28,63.362,287.257,-26.252,15.762,0.00845,-0.0585,0.0585,inner_heliosphere,neptune,41.1653,67.2322,69.2628,50.1321,41.1653,0.333,-0.0002,-0.0072
VG2,41159901.4,2001-04-21,63.807,287.295,-26.408,15.757,0.00846,-0.0584,0.0584,inner_heliosphere,neptune,41.6920,67.8631,69.8710,50.7003,41.6920,52.667,-0.0120,-0.0026
VG2,41188701.6,2001-04-22,63.810,287.295,-26.409,15.757,0.00846,-0.0584,0.0584,inner_heliosphere,neptune,41.6953,67.8670,69.8748,50.7039,41.6953,0.333,-0.0010,-0.0346
VG2,42772699.5,2001-05-10,63.965,287.308,-26.463,15.755,0.00846,-0.0584,0.0584,inner_heliosphere,neptune,41.8787,68.0811,70.0852,50.9020,41.8787,18.333,-0.0178,-0.0112
VG2,42801499.7,2001-05-10,63.968,287.309,-26.464,15.755,0.00846,-0.0584,0.0584,inner_heliosphere,neptune,41.8820,68.0850,70.0890,50.9056,41.8820,0.333,0.0004,0.0141
VG2,44846297.1,2001-06-03,64.168,287.326,-26.533,15.752,0.00846,-0.0583,0.0583,inner_heliosphere,neptune,42.1189,68.3571,70.3596,51.1614,42.1189,23.667,-0.0251,-0.0123
VG2,44875096.9,2001-06-03,64.171,287.326,-26.534,15.752,0.00846,-0.0583,0.0583,inner_heliosphere,neptune,42.1222,68.3609,70.3634,51.1650,42.1222,0.333,-0.0006,-0.0205
VG2,45883095.5,2001-06-15,64.270,287.334,-26.568,15.751,0.00847,-0.0583,0.0583,inner_heliosphere,neptune,42.2390,68.4932,70.4964,51.2912,42.2390,11.667,-0.0107,-0.0106
VG2,45911895.8,2001-06-15,64.273,287.335,-26.569,15.751,0.00847,-0.0583,0.0583,inner_heliosphere,neptune,42.2423,68.4970,70.5002,51.2948,42.2423,0.333,-0.0002,-0.0066
VG2,46545495.5,2001-06-23,64.335,287.340,-26.590,15.750,0.00847,-0.0583,0.0583,inner_heliosphere,neptune,42.3157,68.5796,70.5836,51.3742,42.3157,7.333,-0.0112,-0.0177
VG2,46574294.9,2001-06-23,64.338,287.340,-26.591,15.750,0.00847,-0.0583,0.0583,inner_heliosphere,neptune,42.3190,68.5833,70.5874,51.3778,42.3190,0.333,-0.0004,-0.0136
VG2,48475092.7,2001-07-15,64.524,287.356,-26.655,15.748,0.00847,-0.0583,0.0583,inner_heliosphere,neptune,42.5393,68.8281,70.8370,51.6159,42.5393,22.000,-0.0132,-0.0069
VG2,48503892.3,2001-07-15,64.527,287.356,-26.656,15.748,0.00847,-0.0583,0.0583,inner_heliosphere,neptune,42.5426,68.8318,70.8408,51.6195,42.5426,0.333,0.0000,0.0003
VG2,52103887.6,2001-08-26,64.880,287.385,-26.775,15.743,0.00847,-0.0582,0.0582,inner_heliosphere,neptune,42.9600,69.2838,71.3107,52.0710,42.9600,41.667,-0.0320,-0.0089
VG2,52132687.4,2001-08-26,64.882,287.386,-26.776,15.743,0.00847,-0.0582,0.0582,inner_heliosphere,neptune,42.9633,69.2873,71.3145,52.0746,42.9633,0.333,-0.0010,-0.0345
VG2,56510281.2,2001-10-16,65.312,287.421,-26.919,15.738,0.00848,-0.0582,0.0582,inner_heliosphere,neptune,43.4711,69.8161,71.8810,52.6244,43.4711,50.667,-0.0123,-0.0028
VG2,56539081.4,2001-10-16,65.315,287.421,-26.920,15.738,0.00848,-0.0582,0.0582,inner_heliosphere,neptune,43.4744,69.8195,71.8847,52.6280,43.4744,0.333,-0.0000,-0.0001
VG2,58785478.6,2001-11-11,65.535,287.439,-26.992,15.736,0.00848,-0.0582,0.0582,inner_heliosphere,neptune,43.7351,70.0820,72.1732,52.9105,43.7351,26.000,-0.0309,-0.0138
VG2,58814278.7,2001-11-12,65.538,287.439,-26.993,15.736,0.00848,-0.0582,0.0582,inner_heliosphere,neptune,43.7384,70.0853,72.1769,52.9141,43.7384,0.333,-0.0000,-0.0002
VG2,62155074.1,2001-12-20,65.866,287.466,-27.101,15.732,0.00849,-0.0581,0.0581,inner_heliosphere,neptune,44.1263,70.4643,72.6032,53.3346,44.1263,38.667,-0.0645,-0.0193
VG2,62183874.2,2001-12-21,65.869,287.466,-27.101,15.732,0.00849,-0.0581,0.0581,inner_heliosphere,neptune,44.1296,70.4676,72.6069,53.3382,44.1296,0.333,-0.0006,-0.0212
VG2,65495869.8,2002-01-28,66.194,287.493,-27.207,15.728,0.00849,-0.0581,0.0581,inner_heliosphere,neptune,44.5143,70.8301,73.0263,53.7556,44.5143,38.333,-0.0261,-0.0079
VG2,65524669.6,2002-01-28,66.197,287.493,-27.208,15.728,0.00849,-0.0581,0.0581,inner_heliosphere,neptune,44.5177,70.8332,73.0299,53.7592,44.5177,0.333,-0.0000,-0.0003
VG2,68807865.1,2002-03-07,66.520,287.519,-27.311,15.725,0.00849,-0.0580,0.0580,inner_heliosphere,neptune,44.8992,71.1795,73.4423,54.1734,44.8992,38.000,-0.0492,-0.0150
VG2,68836665.3,2002-03-08,66.523,287.519,-27.312,15.724,0.00849,-0.0580,0.0580,inner_heliosphere,neptune,44.9025,71.1825,73.4459,54.1770,44.9025,0.333,-0.0004,-0.0140
VG2,69931063.5,2002-03-20,66.630,287.527,-27.346,15.723,0.00849,-0.0580,0.0580,inner_heliosphere,neptune,45.0297,71.2950,73.5827,54.3152,45.0297,12.667,-0.0035,-0.0032
VG2,69959863.7,2002-03-21,66.633,287.528,-27.347,15.723,0.00849,-0.0580,0.0580,inner_heliosphere,neptune,45.0331,71.2980,73.5863,54.3188,45.0331,0.333,-0.0002,-0.0070
VG2,70679862.5,2002-03-29,66.704,287.533,-27.369,15.722,0.00850,-0.0580,0.0580,inner_heliosphere,neptune,45.1168,71.3712,73.6760,54.4098,45.1168,8.333,-0.0140,-0.0195
VG2,70708662.8,2002-03-29,66.707,287.533,-27.370,15.722,0.00850,-0.0580,0.0580,inner_heliosphere,neptune,45.1201,71.3741,73.6796,54.4134,45.1201,0.333,-0.0006,-0.0209
VG2,71889461.7,2002-04-12,66.823,287.543,-27.407,15.721,0.00850,-0.0580,0.0580,inner_heliosphere,neptune,45.2574,71.4929,73.8264,54.5626,45.2574,13.667,-0.0152,-0.0129
VG2,71918261.5,2002-04-12,66.826,287.543,-27.408,15.721,0.00850,-0.0580,0.0580,inner_heliosphere,neptune,45.2608,71.4958,73.8300,54.5662,45.2608,0.333,0.0002,0.0070
VG2,73819059.5,2002-05-04,67.013,287.557,-27.466,15.719,0.00850,-0.0580,0.0580,inner_heliosphere,neptune,45.4819,71.6834,74.0655,54.8065,45.4819,22.000,-0.0204,-0.0107
VG2,73847859.2,2002-05-05,67.015,287.558,-27.467,15.719,0.00850,-0.0580,0.0580,inner_heliosphere,neptune,45.4852,71.6863,74.0690,54.8101,45.4852,0.333,-0.0002,-0.0068
VG2,74251058.8,2002-05-09,67.055,287.561,-27.480,15.719,0.00850,-0.0579,0.0579,inner_heliosphere,neptune,45.5321,71.7255,74.1188,54.8611,45.5321,4.667,-0.0011,-0.0028
VG2,74279858.6,2002-05-10,67.058,287.561,-27.481,15.719,0.00850,-0.0579,0.0579,inner_heliosphere,neptune,45.5355,71.7283,74.1224,54.8647,45.5355,0.333,-0.0006,-0.0207
VG2,74855858.0,2002-05-16,67.115,287.565,-27.498,15.718,0.00850,-0.0579,0.0579,inner_heliosphere,neptune,45.6025,71.7840,74.1934,54.9376,45.6025,6.667,-0.0019,-0.0033
VG2,74884657.8,2002-05-17,67.117,287.566,-27.499,15.718,0.00850,-0.0579,0.0579,inner_heliosphere,neptune,45.6058,71.7868,74.1970,54.9412,45.6058,0.333,-0.0002,-0.0067
VG2,75547057.2,2002-05-24,67.183,287.571,-27.520,15.717,0.00850,-0.0579,0.0579,inner_heliosphere,neptune,45.6829,71.8504,74.2786,55.0250,45.6829,7.667,-0.0084,-0.0127
VG2,75575856.8,2002-05-25,67.185,287.571,-27.520,15.717,0.00850,-0.0579,0.0579,inner_heliosphere,neptune,45.6862,71.8531,74.2821,55.0286,45.6862,0.333,-0.0002,-0.0067
VG2,76353456.2,2002-06-03,67.262,287.577,-27.544,15.716,0.00850,-0.0579,0.0579,inner_heliosphere,neptune,45.7767,71.9271,74.3777,55.1270,45.7767,9.000,-0.0124,-0.0159
VG2,76382255.7,2002-06-03,67.265,287.577,-27.545,15.716,0.00850,-0.0579,0.0579,inner_heliosphere,neptune,45.7801,71.9298,74.3812,55.1307,45.7801,0.333,-0.0006,-0.0206
VG2,77159855.0,2002-06-12,67.341,287.583,-27.569,15.716,0.00850,-0.0579,0.0579,inner_heliosphere,neptune,45.8705,72.0030,74.4766,55.2291,45.8705,9.000,-0.0014,-0.0018
VG2,77188654.6,2002-06-12,67.344,287.583,-27.570,15.715,0.00850,-0.0579,0.0579,inner_heliosphere,neptune,45.8739,72.0057,74.4801,55.2327,45.8739,0.333,-0.0008,-0.0275
VG2,78484653.2,2002-06-27,67.472,287.593,-27.609,15.714,0.00850,-0.0579,0.0579,inner_heliosphere,neptune,46.0247,72.1261,74.6386,55.3968,46.0247,15.000,-0.0226,-0.0174
VG2,78513452.9,2002-06-28,67.475,287.593,-27.610,15.714,0.00850,-0.0579,0.0579,inner_heliosphere,neptune,46.0281,72.1288,74.6422,55.4004,46.0281,0.333,-0.0002,-0.0066
VG2,79204652.4,2002-07-06,67.543,287.599,-27.631,15.713,0.00851,-0.0579,0.0579,inner_heliosphere,neptune,46.1085,72.1922,74.7265,55.4880,46.1085,8.000,-0.0136,-0.0196
VG2,79233451.8,2002-07-06,67.545,287.599,-27.632,15.713,0.00851,-0.0579,0.0579,inner_heliosphere,neptune,46.1119,72.1948,74.7300,55.4916,46.1119,0.333,-0.0004,-0.0136
VG2,82862246.9,2002-08-17,67.903,287.627,-27.742,15.709,0.00851,-0.0578,0.0578,inner_heliosphere,neptune,46.5344,72.5186,75.1702,55.9515,46.5344,42.000,-0.0149,-0.0041
VG2,82891046.7,2002-08-17,67.906,287.627,-27.742,15.709,0.00851,-0.0578,0.0578,inner_heliosphere,neptune,46.5378,72.5211,75.1736,55.9552,46.5378,0.333,-0.0006,-0.0206
VG2,97147027.4,2003-01-29,69.311,287.733,-28.162,15.695,0.00852,-0.0576,0.0576,inner_heliosphere,neptune,48.1998,73.6508,76.8615,57.7670,48.1998,165.000,-0.2978,-0.0209
VG2,97175827.2,2003-01-30,69.314,287.733,-28.162,15.695,0.00852,-0.0576,0.0576,inner_heliosphere,neptune,48.2032,73.6528,76.8648,57.7706,48.2032,0.333,-0.0000,-0.0003
VG2,101467020.9,2003-03-20,69.737,287.764,-28.285,15.690,0.00853,-0.0575,0.0575,inner_heliosphere,neptune,48.7042,73.9505,77.3597,58.3176,48.7042,49.667,-0.0653,-0.0152
VG2,101495821.0,2003-03-21,69.740,287.764,-28.286,15.690,0.00853,-0.0575,0.0575,inner_heliosphere,neptune,48.7075,73.9524,77.3630,58.3212,48.7075,0.333,-0.0002,-0.0069
VG2,103195018.6,2003-04-09,69.908,287.777,-28.334,15.688,0.00853,-0.0575,0.0575,inner_heliosphere,neptune,48.9060,74.0651,77.5572,58.5380,48.9060,19.667,-0.0292,-0.0172
VG2,103223818.5,2003-04-10,69.910,287.777,-28.335,15.688,0.00853,-0.0575,0.0575,inner_heliosphere,neptune,48.9094,74.0670,77.5605,58.5417,48.9094,0.333,-0.0010,-0.0347
VG2,104923016.2,2003-04-29,70.078,287.789,-28.383,15.687,0.00853,-0.0574,0.0574,inner_heliosphere,neptune,49.1079,74.1768,77.7537,58.7586,49.1079,19.667,-0.0093,-0.0054
VG2,104951816.4,2003-04-30,70.081,287.789,-28.384,15.687,0.00853,-0.0574,0.0574,inner_heliosphere,neptune,49.1112,74.1787,77.7570,58.7622,49.1112,0.333,0.0004,0.0142
VG2,121079793.6,2003-11-02,71.675,287.903,-28.828,15.671,0.00855,-0.0571,0.0571,inner_heliosphere,neptune,50.9978,75.0888,79.5418,60.8260,50.9978,186.666,-0.0351,-0.0022
VG2,121108593.8,2003-11-03,71.678,287.903,-28.829,15.671,0.00855,-0.0571,0.0571,inner_heliosphere,neptune,51.0012,75.0902,79.5449,60.8297,51.0012,0.333,0.0000,0.0000
VG2,125342187.7,2003-12-22,72.096,287.933,-28.942,15.666,0.00855,-0.0570,0.0570,inner_heliosphere,neptune,51.4972,75.2930,79.9985,61.3730,51.4972,49.000,-0.0379,-0.0089
VG2,125370987.9,2003-12-22,72.099,287.933,-28.943,15.666,0.00855,-0.0570,0.0570,inner_heliosphere,neptune,51.5005,75.2944,80.0015,61.3767,51.5005,0.333,-0.0004,-0.0142
VG2,135249373.7,2004-04-14,73.077,288.000,-29.202,15.657,0.00856,-0.0568,0.0568,inner_heliosphere,neptune,52.6590,75.7178,81.0354,62.6468,52.6590,114.333,-0.1680,-0.0170
VG2,135278173.5,2004-04-15,73.080,288.000,-29.202,15.657,0.00856,-0.0568,0.0568,inner_heliosphere,neptune,52.6623,75.7190,81.0383,62.6506,52.6623,0.333,-0.0004,-0.0139
VG2,136199772.2,2004-04-25,73.171,288.007,-29.226,15.656,0.00856,-0.0568,0.0568,inner_heliosphere,neptune,52.7705,75.7552,81.1330,62.7692,52.7705,10.667,-0.0063,-0.0069
VG2,136228572.3,2004-04-26,73.174,288.007,-29.227,15.656,0.00856,-0.0568,0.0568,inner_heliosphere,neptune,52.7739,75.7564,81.1360,62.7729,52.7739,0.333,0.0004,0.0142
VG2,138359770.1,2004-05-20,73.385,288.021,-29.282,15.654,0.00856,-0.0567,0.0567,inner_heliosphere,neptune,53.0241,75.8383,81.3538,63.0474,53.0241,24.667,-0.0130,-0.0061
VG2,138388569.2,2004-05-21,73.388,288.021,-29.283,15.654,0.00856,-0.0567,0.0567,inner_heliosphere,neptune,53.0274,75.8394,81.3568,63.0512,53.0274,0.333,-0.0008,-0.0274
VG2,146769356.8,2004-08-26,74.219,288.077,-29.495,15.646,0.00857,-0.0566,0.0566,inner_heliosphere,neptune,54.0120,76.1382,82.1977,64.1322,54.0120,97.000,-0.0842,-0.0100
VG2,146798156.7,2004-08-26,74.222,288.077,-29.496,15.646,0.00857,-0.0566,0.0566,inner_heliosphere,neptune,54.0154,76.1391,82.2006,64.1359,54.0154,0.333,0.0006,0.0208
VG2,148094154.7,2004-09-10,74.350,288.086,-29.528,15.645,0.00857,-0.0565,0.0565,inner_heliosphere,neptune,54.1677,76.1824,82.3284,64.3032,54.1677,15.000,-0.0018,-0.0014
VG2,148122954.8,2004-09-10,74.353,288.086,-29.529,15.645,0.00857,-0.0565,0.0565,inner_heliosphere,neptune,54.1711,76.1833,82.3312,64.3070,54.1711,0.333,-0.0002,-0.0066
VG2,148958153.8,2004-09-20,74.436,288.091,-29.550,15.644,0.00857,-0.0565,0.0565,inner_heliosphere,neptune,54.2693,76.2108,82.4133,64.4148,54.2693,9.667,-0.0023,-0.0028
VG2,148986953.5,2004-09-20,74.439,288.091,-29.551,15.644,0.00857,-0.0565,0.0565,inner_heliosphere,neptune,54.2727,76.2117,82.4161,64.4186,54.2727,0.333,0.0000,0.0000
VG2,152414149.1,2004-10-30,74.778,288.114,-29.636,15.641,0.00857,-0.0564,0.0564,inner_heliosphere,neptune,54.6758,76.3216,82.7502,64.8615,54.6758,39.667,-0.0489,-0.0143
VG2,152442948.5,2004-10-30,74.781,288.114,-29.636,15.641,0.00857,-0.0564,0.0564,inner_heliosphere,neptune,54.6792,76.3225,82.7530,64.8652,54.6792,0.333,-0.0000,-0.0003
VG2,155409344.7,2004-12-04,75.076,288.133,-29.709,15.638,0.00857,-0.0564,0.0564,inner_heliosphere,neptune,55.0282,76.4142,83.0389,65.2489,55.0282,34.333,-0.0253,-0.0085
VG2,155438144.0,2004-12-04,75.078,288.133,-29.710,15.638,0.00857,-0.0564,0.0564,inner_heliosphere,neptune,55.0316,76.4151,83.0416,65.2527,55.0316,0.333,-0.0002,-0.0073
VG2,157310142.9,2004-12-26,75.264,288.146,-29.756,15.636,0.00857,-0.0563,0.0563,inner_heliosphere,neptune,55.2520,76.4716,83.2204,65.4949,55.2520,21.667,-0.0046,-0.0025
VG2,157338941.4,2004-12-26,75.267,288.146,-29.757,15.636,0.00857,-0.0563,0.0563,inner_heliosphere,neptune,55.2554,76.4724,83.2231,65.4987,55.2554,0.333,0.0002,0.0066
VG2,159383739.8,2005-01-19,75.470,288.159,-29.806,15.634,0.00857,-0.0563,0.0563,inner_heliosphere,neptune,55.4961,76.5330,83.4170,65.7634,55.4961,23.667,-0.0265,-0.0129
VG2,159412538.4,2005-01-19,75.473,288.159,-29.807,15.634,0.00857,-0.0563,0.0563,inner_heliosphere,neptune,55.4995,76.5339,83.4197,65.7672,55.4995,0.333,-0.0002,-0.0073
VG2,164366130.9,2005-03-17,75.964,288.191,-29.926,15.630,0.00858,-0.0562,0.0562,inner_heliosphere,neptune,56.0831,76.6768,83.8832,66.4091,56.0831,57.333,-0.0487,-0.0098
VG2,164394931.1,2005-03-18,75.967,288.191,-29.927,15.630,0.00858,-0.0562,0.0562,inner_heliosphere,neptune,56.0864,76.6776,83.8858,66.4128,56.0864,0.333,-0.0002,-0.0069
VG2,170385321.8,2005-05-26,76.562,288.229,-30.069,15.624,0.00858,-0.0560,0.0560,inner_heliosphere,neptune,56.7927,76.8455,84.4349,67.1901,56.7927,69.333,-0.0924,-0.0154
VG2,170414122.1,2005-05-26,76.565,288.229,-30.070,15.624,0.00858,-0.0560,0.0560,inner_heliosphere,neptune,56.7961,76.8463,84.4375,67.1939,56.7961,0.333,0.0002,0.0073
VG2,171940519.7,2005-06-13,76.717,288.239,-30.106,15.623,0.00858,-0.0560,0.0560,inner_heliosphere,neptune,56.9761,76.8887,84.5754,67.3921,56.9761,17.667,-0.0138,-0.0090
VG2,171969319.9,2005-06-13,76.719,288.239,-30.106,15.622,0.00858,-0.0560,0.0560,inner_heliosphere,neptune,56.9795,76.8895,84.5780,67.3958,56.9795,0.333,-0.0010,-0.0344
VG2,173639718.9,2005-07-03,76.885,288.249,-30.146,15.621,0.00858,-0.0559,0.0559,inner_heliosphere,neptune,57.1766,76.9357,84.7279,67.6128,57.1766,19.333,-0.0187,-0.0112
VG2,173668517.4,2005-07-03,76.888,288.249,-30.146,15.621,0.00858,-0.0559,0.0559,inner_heliosphere,neptune,57.1800,76.9365,84.7305,67.6166,57.1800,0.333,0.0004,0.0142
VG2,176778912.8,2005-08-08,77.197,288.269,-30.219,15.618,0.00858,-0.0558,0.0558,inner_heliosphere,neptune,57.5471,77.0227,85.0071,68.0209,57.5471,36.000,-0.0216,-0.0070
VG2,176807712.5,2005-08-08,77.200,288.269,-30.219,15.618,0.00858,-0.0558,0.0558,inner_heliosphere,neptune,57.5505,77.0235,85.0097,68.0246,57.5505,0.333,-0.0002,-0.0069
VG2,184295700.9,2005-11-03,77.944,288.315,-30.391,15.611,0.00859,-0.0557,0.0557,inner_heliosphere,neptune,58.4350,77.2344,85.6621,68.9990,58.4350,86.667,-0.1125,-0.0150
VG2,184324501.1,2005-11-03,77.947,288.315,-30.392,15.611,0.00859,-0.0557,0.0557,inner_heliosphere,neptune,58.4384,77.2352,85.6645,69.0028,58.4384,0.333,-0.0004,-0.0142
VG2,187751696.0,2005-12-13,78.288,288.336,-30.469,15.608,0.00859,-0.0556,0.0556,inner_heliosphere,neptune,58.8435,77.3349,85.9567,69.4493,58.8435,39.667,-0.0406,-0.0119
VG2,187780496.0,2005-12-13,78.291,288.336,-30.470,15.608,0.00859,-0.0556,0.0556,inner_heliosphere,neptune,58.8469,77.3357,85.9592,69.4530,58.8469,0.333,-0.0004,-0.0142
VG2,188788494.6,2005-12-25,78.391,288.342,-30.493,15.607,0.00859,-0.0556,0.0556,inner_heliosphere,neptune,58.9661,77.3655,86.0444,69.5844,58.9661,11.667,-0.0043,-0.0043
VG2,188817294.5,2005-12-25,78.394,288.343,-30.493,15.607,0.00859,-0.0556,0.0556,inner_heliosphere,neptune,58.9695,77.3664,86.0468,69.5882,58.9695,0.333,-0.0004,-0.0142
VG2,189345678.7,2006-01-01,78.446,288.346,-30.505,15.606,0.00859,-0.0556,0.0556,inner_heliosphere,neptune,59.0320,77.3822,86.0913,69.6571,59.0320,6.116,-1.0007,-1.8940
VG2,189566094.4,2006-01-03,78.468,288.347,-30.510,15.606,0.00859,-0.0555,0.0555,inner_heliosphere,neptune,59.0581,77.3888,86.1098,69.6858,59.0581,2.551,-0.0005,-0.0023
VG2,189594893.3,2006-01-03,78.471,288.347,-30.511,15.606,0.00859,-0.0555,0.0555,inner_heliosphere,neptune,59.0615,77.3896,86.1123,69.6896,59.0615,0.333,0.0002,0.0066
VG2,194922885.0,2006-03-06,79.001,288.379,-30.629,15.601,0.00859,-0.0554,0.0554,inner_heliosphere,neptune,59.6919,77.5537,86.5555,70.3846,59.6919,61.667,-0.1105,-0.0207
VG2,194951684.8,2006-03-06,79.004,288.380,-30.630,15.601,0.00859,-0.0554,0.0554,inner_heliosphere,neptune,59.6953,77.5546,86.5578,70.3883,59.6953,0.333,-0.0000,-0.0003
VG2,196823681.9,2006-03-28,79.190,288.391,-30.671,15.600,0.00860,-0.0554,0.0554,inner_heliosphere,neptune,59.9169,77.6147,86.7113,70.6327,59.9169,21.667,-0.0222,-0.0118
VG2,196852481.8,2006-03-28,79.193,288.391,-30.672,15.599,0.00860,-0.0554,0.0554,inner_heliosphere,neptune,59.9203,77.6156,86.7137,70.6365,59.9203,0.333,0.0004,0.0139
VG2,199674877.9,2006-04-30,79.474,288.408,-30.734,15.597,0.00860,-0.0553,0.0553,inner_heliosphere,neptune,60.2545,77.7090,86.9429,71.0051,60.2545,32.667,-0.0354,-0.0126
VG2,199703677.6,2006-04-30,79.477,288.408,-30.735,15.597,0.00860,-0.0553,0.0553,inner_heliosphere,neptune,60.2579,77.7100,86.9452,71.0089,60.2579,0.333,0.0000,0.0003
VG2,202785273.3,2006-06-05,79.783,288.426,-30.802,15.594,0.00860,-0.0552,0.0552,inner_heliosphere,neptune,60.6230,77.8162,87.1924,71.4116,60.6230,35.667,-0.0349,-0.0113
VG2,202814072.8,2006-06-05,79.786,288.426,-30.802,15.594,0.00860,-0.0552,0.0552,inner_heliosphere,neptune,60.6264,77.8172,87.1947,71.4153,60.6264,0.333,0.0006,0.0212
VG2,204254070.4,2006-06-22,79.929,288.435,-30.833,15.593,0.00860,-0.0552,0.0552,inner_heliosphere,neptune,60.7970,77.8685,87.3092,71.6036,60.7970,16.667,-0.0176,-0.0122
VG2,204282870.6,2006-06-22,79.932,288.435,-30.834,15.592,0.00860,-0.0552,0.0552,inner_heliosphere,neptune,60.8004,77.8696,87.3115,71.6074,60.8004,0.333,-0.0010,-0.0344
VG2,205463669.1,2006-07-06,80.050,288.442,-30.860,15.591,0.00860,-0.0551,0.0551,inner_heliosphere,neptune,60.9404,77.9125,87.4048,71.7618,60.9404,13.667,-0.0064,-0.0054
VG2,205492468.7,2006-07-06,80.053,288.442,-30.860,15.591,0.00860,-0.0551,0.0551,inner_heliosphere,neptune,60.9438,77.9135,87.4071,71.7655,60.9438,0.333,-0.0004,-0.0135
VG2,205982068.3,2006-07-12,80.101,288.445,-30.871,15.591,0.00860,-0.0551,0.0551,inner_heliosphere,neptune,61.0018,77.9316,87.4457,71.8296,61.0018,5.667,-0.0076,-0.0156
VG2,206010867.9,2006-07-12,80.104,288.445,-30.871,15.591,0.00860,-0.0551,0.0551,inner_heliosphere,neptune,61.0052,77.9326,87.4480,71.8333,61.0052,0.333,-0.0002,-0.0069
VG2,206719347.8,2006-07-21,80.175,288.449,-30.887,15.590,0.00860,-0.0551,0.0551,inner_heliosphere,neptune,61.0892,77.9590,87.5036,71.9260,61.0892,8.200,0.0027,0.0038
VG2,206748147.7,2006-07-21,80.178,288.449,-30.887,15.590,0.00860,-0.0551,0.0551,inner_heliosphere,neptune,61.0926,77.9601,87.5059,71.9298,61.0926,0.333,-0.0001,-0.0039
VG2,206776946.7,2006-07-21,80.181,288.450,-30.888,15.590,0.00860,-0.0551,0.0551,inner_heliosphere,neptune,61.0961,77.9612,87.5082,71.9336,61.0961,0.333,-0.0010,-0.0344
VG2,208389744.8,2006-08-09,80.341,288.459,-30.922,15.589,0.00860,-0.0551,0.0551,inner_heliosphere,neptune,61.2873,78.0223,87.6343,72.1446,61.2873,18.667,-0.0221,-0.0137
VG2,208418544.0,2006-08-09,80.344,288.459,-30.923,15.589,0.00860,-0.0551,0.0551,inner_heliosphere,neptune,61.2907,78.0234,87.6365,72.1483,61.2907,0.333,-0.0004,-0.0135
VG2,210607340.5,2006-09-04,80.562,288.472,-30.970,15.587,0.00860,-0.0550,0.0550,inner_heliosphere,neptune,61.5503,78.1090,87.8064,72.4348,61.5503,25.333,-0.0047,-0.0022
VG2,210636140.6,2006-09-04,80.565,288.472,-30.970,15.587,0.00860,-0.0550,0.0550,inner_heliosphere,neptune,61.5537,78.1102,87.8086,72.4386,61.5537,0.333,-0.0008,-0.0274
VG2,212680937.9,2006-09-28,80.768,288.484,-31.014,15.585,0.00860,-0.0550,0.0550,inner_heliosphere,neptune,61.7963,78.1930,87.9659,72.7063,61.7963,23.667,-0.0132,-0.0065
VG2,212709737.3,2006-09-28,80.771,288.484,-31.014,15.585,0.00860,-0.0550,0.0550,inner_heliosphere,neptune,61.7997,78.1942,87.9681,72.7101,61.7997,0.333,0.0004,0.0139
VG2,216741731.0,2006-11-14,81.173,288.508,-31.099,15.581,0.00860,-0.0549,0.0549,inner_heliosphere,neptune,62.2783,78.3662,88.2743,73.2383,62.2783,46.667,-0.0394,-0.0098
VG2,216770531.0,2006-11-14,81.176,288.508,-31.100,15.581,0.00860,-0.0549,0.0549,inner_heliosphere,neptune,62.2817,78.3675,88.2765,73.2421,62.2817,0.333,0.0002,0.0069
VG2,219391326.8,2006-12-14,81.437,288.523,-31.155,15.579,0.00861,-0.0548,0.0548,inner_heliosphere,neptune,62.5929,78.4858,88.4729,73.5857,62.5929,30.333,-0.0421,-0.0161
VG2,219420126.3,2006-12-15,81.439,288.523,-31.155,15.579,0.00861,-0.0548,0.0548,inner_heliosphere,neptune,62.5963,78.4871,88.4750,73.5895,62.5963,0.333,-0.0008,-0.0281
VG2,221148122.9,2007-01-04,81.612,288.533,-31.191,15.577,0.00861,-0.0548,0.0548,inner_heliosphere,neptune,62.8016,78.5682,88.6034,73.8161,62.8016,20.000,-0.0196,-0.0113
VG2,221176923.2,2007-01-04,81.614,288.533,-31.192,15.577,0.00861,-0.0548,0.0548,inner_heliosphere,neptune,62.8050,78.5696,88.6055,73.8198,62.8050,0.333,-0.0008,-0.0281
VG2,223855318.6,2007-02-04,81.881,288.548,-31.247,15.574,0.00861,-0.0547,0.0547,inner_heliosphere,neptune,63.1232,78.7002,88.8026,74.1712,63.1232,31.000,-0.0535,-0.0200
VG2,223884118.5,2007-02-04,81.884,288.548,-31.248,15.574,0.00861,-0.0547,0.0547,inner_heliosphere,neptune,63.1267,78.7016,88.8047,74.1750,63.1267,0.333,0.0004,0.0135
VG2,230853707.0,2007-04-26,82.579,288.588,-31.390,15.568,0.00861,-0.0545,0.0545,inner_heliosphere,neptune,63.9553,79.0716,89.3075,75.0901,63.9553,80.667,-0.1137,-0.0163
VG2,230882507.2,2007-04-26,82.581,288.588,-31.390,15.568,0.00861,-0.0545,0.0545,inner_heliosphere,neptune,63.9588,79.0732,89.3096,75.0939,63.9588,0.333,0.0002,0.0073
VG2,232639304.5,2007-05-17,82.756,288.598,-31.426,15.566,0.00861,-0.0545,0.0545,inner_heliosphere,neptune,64.1678,79.1738,89.4341,75.3247,64.1678,20.333,-0.0001,-0.0001
VG2,232668104.3,2007-05-17,82.759,288.598,-31.427,15.566,0.00861,-0.0545,0.0545,inner_heliosphere,neptune,64.1712,79.1755,89.4361,75.3285,64.1712,0.333,-0.0012,-0.0413
VG2,239810492.7,2007-08-08,83.471,288.637,-31.569,15.560,0.00861,-0.0543,0.0543,inner_heliosphere,neptune,65.0215,79.6170,89.9331,76.2677,65.0215,82.667,-0.0343,-0.0048
VG2,239839292.4,2007-08-08,83.474,288.638,-31.570,15.560,0.00861,-0.0543,0.0543,inner_heliosphere,neptune,65.0249,79.6189,89.9351,76.2715,65.0249,0.333,-0.0004,-0.0135
VG2,242517687.9,2007-09-08,83.741,288.652,-31.623,15.557,0.00861,-0.0543,0.0543,heliosheath,neptune,65.3440,79.7986,90.1178,76.6239,65.3440,31.000,-0.0280,-0.0105
VG2,242546488.0,2007-09-08,83.744,288.653,-31.623,15.557,0.00861,-0.0543,0.0543,heliosheath,neptune,65.3474,79.8006,90.1198,76.6277,65.3474,0.333,-0.0002,-0.0069
VG2,243784885.9,2007-09-23,83.868,288.659,-31.648,15.556,0.00861,-0.0542,0.0542,heliosheath,neptune,65.4950,79.8865,90.2036,76.7907,65.4950,14.333,-0.0009,-0.0007
VG2,243813685.7,2007-09-23,83.870,288.659,-31.648,15.556,0.00861,-0.0542,0.0542,heliosheath,neptune,65.4984,79.8885,90.2055,76.7945,65.4984,0.333,-0.0012,-0.0417
VG2,246549681.2,2007-10-25,84.143,288.674,-31.702,15.554,0.00862,-0.0542,0.0542,heliosheath,neptune,65.8245,80.0845,90.3892,77.1548,65.8245,31.667,-0.0481,-0.0176
VG2,246578481.3,2007-10-25,84.146,288.675,-31.702,15.554,0.00862,-0.0542,0.0542,heliosheath,neptune,65.8279,80.0866,90.3911,77.1586,65.8279,0.333,-0.0002,-0.0073
VG2,247154480.5,2007-11-01,84.203,288.678,-31.714,15.553,0.00862,-0.0542,0.0542,heliosheath,neptune,65.8966,80.1289,90.4295,77.2344,65.8966,6.667,-0.0111,-0.0192
VG2,247183280.2,2007-11-01,84.206,288.678,-31.714,15.553,0.00862,-0.0542,0.0542,heliosheath,neptune,65.9000,80.1311,90.4315,77.2382,65.9000,0.333,-0.0002,-0.0073
VG2,251100073.5,2007-12-16,84.597,288.699,-31.790,15.549,0.00862,-0.0541,0.0541,heliosheath,neptune,66.3671,80.4298,90.6903,77.7543,66.3671,45.333,-0.0498,-0.0127
VG2,261122456.5,2008-04-10,85.597,288.753,-31.981,15.540,0.00862,-0.0539,0.0539,heliosheath,neptune,67.5635,81.2798,91.3347,79.0761,67.5635,115.999,-0.1275,-0.0127
VG2,261151256.2,2008-04-11,85.600,288.753,-31.982,15.540,0.00862,-0.0539,0.0539,heliosheath,neptune,67.5670,81.2824,91.3366,79.0799,67.5670,0.333,-0.0002,-0.0069
VG2,266450446.8,2008-06-11,86.128,288.781,-32.081,15.536,0.00862,-0.0538,0.0538,heliosheath,neptune,68.2002,81.7836,91.6673,79.7795,68.2002,61.333,-0.0300,-0.0057
VG2,266479247.0,2008-06-11,86.131,288.781,-32.082,15.536,0.00862,-0.0538,0.0538,heliosheath,neptune,68.2036,81.7864,91.6691,79.7833,68.2036,0.333,0.0008,0.0281
VG2,268984842.8,2008-07-10,86.381,288.794,-32.128,15.533,0.00862,-0.0538,0.0538,heliosheath,neptune,68.5032,82.0361,91.8232,80.1143,68.5032,29.000,-0.0516,-0.0206
VG2,269013642.5,2008-07-11,86.384,288.794,-32.129,15.533,0.00862,-0.0538,0.0538,heliosheath,neptune,68.5067,82.0391,91.8250,80.1181,68.5067,0.333,0.0004,0.0142
VG2,272930435.6,2008-08-25,86.775,288.815,-32.201,15.530,0.00862,-0.0537,0.0537,heliosheath,neptune,68.9751,82.4461,92.0630,80.6357,68.9751,45.333,-0.0489,-0.0125
VG2,272959235.7,2008-08-25,86.778,288.815,-32.201,15.530,0.00862,-0.0537,0.0537,heliosheath,neptune,68.9786,82.4491,92.0647,80.6395,68.9786,0.333,0.0000,0.0003
VG2,273794434.1,2008-09-04,86.861,288.819,-32.217,15.529,0.00862,-0.0537,0.0537,heliosheath,neptune,69.0785,82.5386,92.1150,80.7499,69.0785,9.667,-0.0003,-0.0003
VG2,273823234.4,2008-09-04,86.864,288.819,-32.217,15.529,0.00862,-0.0537,0.0537,heliosheath,neptune,69.0820,82.5417,92.1167,80.7537,69.0820,0.333,-0.0008,-0.0274
VG2,274399233.7,2008-09-11,86.922,288.822,-32.228,15.528,0.00862,-0.0537,0.0537,heliosheath,neptune,69.1509,82.6039,92.1513,80.8299,69.1509,6.667,-0.0059,-0.0103
VG2,274428033.4,2008-09-11,86.924,288.822,-32.228,15.528,0.00862,-0.0537,0.0537,heliosheath,neptune,69.1543,82.6070,92.1530,80.8337,69.1543,0.333,-0.0014,-0.0483
VG2,275004032.7,2008-09-18,86.982,288.825,-32.239,15.528,0.00862,-0.0537,0.0537,heliosheath,neptune,69.2233,82.6697,92.1876,80.9098,69.2233,6.667,-0.0039,-0.0068
VG2,275032832.2,2008-09-18,86.985,288.825,-32.239,15.528,0.00862,-0.0537,0.0537,heliosheath,neptune,69.2267,82.6728,92.1893,80.9136,69.2267,0.333,0.0002,0.0069
VG2,275608831.4,2008-09-25,87.042,288.828,-32.250,15.527,0.00862,-0.0537,0.0537,heliosheath,neptune,69.2957,82.7360,92.2237,80.9898,69.2957,6.667,-0.0100,-0.0173
VG2,275637631.1,2008-09-25,87.045,288.829,-32.250,15.527,0.00862,-0.0537,0.0537,heliosheath,neptune,69.2991,82.7391,92.2255,80.9936,69.2991,0.333,-0.0004,-0.0135
VG2,276213630.4,2008-10-02,87.103,288.831,-32.261,15.527,0.00862,-0.0536,0.0536,heliosheath,neptune,69.3680,82.8027,92.2598,81.0698,69.3680,6.667,-0.0100,-0.0173
VG2,276242430.0,2008-10-02,87.105,288.832,-32.261,15.527,0.00862,-0.0536,0.0536,heliosheath,neptune,69.3715,82.8059,92.2615,81.0736,69.3715,0.333,-0.0008,-0.0278
VG2,277250428.9,2008-10-14,87.206,288.837,-32.280,15.526,0.00862,-0.0536,0.0536,heliosheath,neptune,69.4922,82.9183,92.3215,81.2069,69.4922,11.667,-0.0140,-0.0139
VG2,277279228.2,2008-10-14,87.209,288.837,-32.280,15.526,0.00862,-0.0536,0.0536,heliosheath,neptune,69.4956,82.9215,92.3232,81.2107,69.4956,0.333,-0.0006,-0.0212
VG2,277855227.5,2008-10-21,87.266,288.840,-32.291,15.525,0.00862,-0.0536,0.0536,heliosheath,neptune,69.5646,82.9864,92.3574,81.2869,69.5646,6.667,-0.0070,-0.0122
VG2,277884027.2,2008-10-21,87.269,288.840,-32.291,15.525,0.00862,-0.0536,0.0536,heliosheath,neptune,69.5680,82.9896,92.3591,81.2907,69.5680,0.333,-0.0006,-0.0208
VG2,278344826.8,2008-10-27,87.315,288.842,-32.300,15.525,0.00862,-0.0536,0.0536,heliosheath,neptune,69.6232,83.0418,92.3864,81.3516,69.6232,5.333,-0.0018,-0.0040
VG2,278373626.3,2008-10-27,87.318,288.843,-32.300,15.525,0.00862,-0.0536,0.0536,heliosheath,neptune,69.6266,83.0451,92.3881,81.3555,69.6266,0.333,-0.0004,-0.0142
VG2,280447222.5,2008-11-20,87.525,288.853,-32.338,15.523,0.00862,-0.0536,0.0536,heliosheath,neptune,69.8749,83.2835,92.5103,81.6298,69.8749,24.000,-0.0172,-0.0083
VG2,280476022.5,2008-11-20,87.528,288.853,-32.338,15.523,0.00862,-0.0536,0.0536,heliosheath,neptune,69.8784,83.2869,92.5120,81.6336,69.8784,0.333,0.0002,0.0066
VG2,283759216.7,2008-12-28,87.856,288.870,-32.397,15.520,0.00863,-0.0535,0.0535,heliosheath,neptune,70.2717,83.6759,92.7036,82.0680,70.2717,38.000,-0.0590,-0.0180
VG2,283788016.8,2008-12-29,87.859,288.870,-32.398,15.520,0.00863,-0.0535,0.0535,heliosheath,neptune,70.2751,83.6794,92.7053,82.0718,70.2751,0.333,-0.0006,-0.0212
VG2,284040112.4,2009-01-01,87.884,288.871,-32.402,15.520,0.00863,-0.0535,0.0535,heliosheath,neptune,70.3053,83.7098,92.7199,82.1052,70.3053,2.918,-0.0047,-0.0188
VG2,284479215.6,2009-01-06,87.928,288.874,-32.410,15.519,0.00863,-0.0535,0.0535,heliosheath,neptune,70.3580,83.7631,92.7453,82.1633,70.3580,5.082,-0.0083,-0.0189
VG2,284508015.5,2009-01-06,87.931,288.874,-32.410,15.519,0.00863,-0.0535,0.0535,heliosheath,neptune,70.3614,83.7666,92.7470,82.1671,70.3614,0.333,-0.0000,-0.0003
VG2,284652015.3,2009-01-08,87.945,288.875,-32.413,15.519,0.00863,-0.0535,0.0535,heliosheath,neptune,70.3787,83.7841,92.7553,82.1862,70.3787,1.667,-0.0010,-0.0073
VG2,284680815.2,2009-01-08,87.948,288.875,-32.414,15.519,0.00863,-0.0535,0.0535,heliosheath,neptune,70.3821,83.7876,92.7570,82.1900,70.3821,0.333,-0.0006,-0.0212
VG2,285141614.6,2009-01-13,87.994,288.877,-32.422,15.519,0.00863,-0.0535,0.0535,heliosheath,neptune,70.4373,83.8439,92.7836,82.2510,70.4373,5.333,-0.0051,-0.0112
VG2,285170414.3,2009-01-14,87.997,288.877,-32.422,15.519,0.00863,-0.0535,0.0535,heliosheath,neptune,70.4408,83.8474,92.7853,82.2548,70.4408,0.333,-0.0004,-0.0142
VG2,288136808.6,2009-02-17,88.293,288.892,-32.475,15.516,0.00863,-0.0535,0.0535,heliosheath,neptune,70.7963,84.2162,92.9558,82.6476,70.7963,34.333,-0.0087,-0.0029
VG2,288165608.8,2009-02-17,88.296,288.892,-32.476,15.516,0.00863,-0.0535,0.0535,heliosheath,neptune,70.7998,84.2198,92.9574,82.6514,70.7998,0.333,-0.0004,-0.0142
VG2,290037605.3,2009-03-11,88.483,288.902,-32.509,15.515,0.00863,-0.0535,0.0535,heliosheath,neptune,71.0243,84.4584,93.0641,82.8993,71.0243,21.667,-0.0284,-0.0151
VG2,290066405.5,2009-03-11,88.486,288.902,-32.509,15.515,0.00863,-0.0535,0.0535,heliosheath,neptune,71.0277,84.4621,93.0657,82.9031,71.0277,0.333,-0.0006,-0.0208
VG2,291247203.7,2009-03-25,88.603,288.908,-32.530,15.514,0.00863,-0.0535,0.0535,heliosheath,neptune,71.1693,84.6149,93.1327,83.0595,71.1693,13.667,-0.0115,-0.0097
VG2,291276003.4,2009-03-25,88.606,288.908,-32.530,15.514,0.00863,-0.0535,0.0535,heliosheath,neptune,71.1728,84.6186,93.1343,83.0634,71.1728,0.333,-0.0006,-0.0208
VG2,294962396.5,2009-05-07,88.974,288.926,-32.595,15.511,0.00863,-0.0534,0.0534,heliosheath,neptune,71.6150,85.1068,93.3417,83.5518,71.6150,42.667,-0.0756,-0.0205
VG2,294991196.8,2009-05-07,88.977,288.926,-32.596,15.511,0.00863,-0.0534,0.0534,heliosheath,neptune,71.6185,85.1107,93.3433,83.5556,71.6185,0.333,-0.0002,-0.0066
VG2,297986391.1,2009-06-11,89.276,288.941,-32.648,15.508,0.00863,-0.0534,0.0534,heliosheath,neptune,71.9780,85.5195,93.5099,83.9526,71.9780,34.667,-0.0207,-0.0069
VG2,298015191.3,2009-06-11,89.279,288.941,-32.648,15.508,0.00863,-0.0534,0.0534,heliosheath,neptune,71.9814,85.5235,93.5115,83.9564,71.9814,0.333,-0.0014,-0.0483
VG2,299195989.5,2009-06-25,89.397,288.947,-32.669,15.507,0.00863,-0.0534,0.0534,heliosheath,neptune,72.1232,85.6876,93.5768,84.1129,72.1232,13.667,-0.0146,-0.0124
VG2,299224789.3,2009-06-25,89.400,288.947,-32.669,15.507,0.00863,-0.0534,0.0534,heliosheath,neptune,72.1266,85.6917,93.5784,84.1168,72.1266,0.333,-0.0002,-0.0066
VG2,300059987.3,2009-07-05,89.484,288.952,-32.684,15.506,0.00863,-0.0533,0.0533,heliosheath,neptune,72.2269,85.8088,93.6244,84.2275,72.2269,9.667,-0.0073,-0.0088
VG2,300088787.7,2009-07-05,89.486,288.952,-32.684,15.506,0.00863,-0.0533,0.0533,heliosheath,neptune,72.2304,85.8128,93.6260,84.2313,72.2304,0.333,-0.0012,-0.0413
VG2,305243978.4,2009-09-03,90.001,288.977,-32.773,15.502,0.00863,-0.0533,0.0533,heliosheath,neptune,72.8496,86.5534,93.9074,84.9150,72.8496,59.667,-0.0574,-0.0111
VG2,305272778.2,2009-09-03,90.004,288.977,-32.773,15.502,0.00863,-0.0533,0.0533,heliosheath,neptune,72.8531,86.5576,93.9089,84.9188,72.8531,0.333,-0.0004,-0.0139
VG2,306367176.2,2009-09-16,90.114,288.982,-32.792,15.501,0.00863,-0.0533,0.0533,heliosheath,neptune,72.9846,86.7186,93.9681,85.0640,72.9846,12.667,-0.0010,-0.0010
VG2,306395976.4,2009-09-16,90.116,288.982,-32.792,15.501,0.00863,-0.0533,0.0533,heliosheath,neptune,72.9880,86.7228,93.9697,85.0678,72.9880,0.333,-0.0004,-0.0139
VG2,308267973.3,2009-10-08,90.303,288.992,-32.824,15.499,0.00863,-0.0533,0.0533,heliosheath,neptune,73.2130,87.0013,94.0705,85.3162,73.2130,21.667,-0.0369,-0.0197
VG2,308296772.9,2009-10-08,90.306,288.992,-32.824,15.499,0.00863,-0.0533,0.0533,heliosheath,neptune,73.2165,87.0056,94.0720,85.3200,73.2165,0.333,-0.0008,-0.0278
VG2,311695166.8,2009-11-17,90.646,289.008,-32.882,15.496,0.00863,-0.0533,0.0533,heliosheath,neptune,73.6251,87.5204,94.2537,85.7711,73.6251,39.333,-0.0332,-0.0098
VG2,311723966.7,2009-11-17,90.649,289.008,-32.882,15.496,0.00863,-0.0533,0.0533,heliosheath,neptune,73.6286,87.5248,94.2552,85.7749,73.6286,0.333,-0.0002,-0.0069
VG2,314891960.7,2009-12-24,90.965,289.023,-32.935,15.494,0.00863,-0.0532,0.0532,heliosheath,neptune,74.0096,88.0151,94.4230,86.1955,74.0096,36.667,-0.0309,-0.0098
VG2,314920760.8,2009-12-24,90.968,289.024,-32.936,15.494,0.00863,-0.0532,0.0532,heliosheath,neptune,74.0131,88.0196,94.4245,86.1993,74.0131,0.333,-0.0004,-0.0142
VG2,321919147.6,2010-03-15,91.667,289.057,-33.052,15.488,0.00863,-0.0532,0.0532,heliosheath,neptune,74.8555,89.1350,94.7904,87.1288,74.8555,81.000,-0.1227,-0.0175
VG2,321947947.9,2010-03-15,91.670,289.057,-33.052,15.488,0.00863,-0.0532,0.0532,heliosheath,neptune,74.8589,89.1397,94.7919,87.1326,74.8589,0.333,-0.0002,-0.0073
VG2,323243945.9,2010-03-30,91.800,289.063,-33.074,15.487,0.00863,-0.0532,0.0532,heliosheath,neptune,75.0150,89.3507,94.8589,87.3048,75.0150,15.000,-0.0041,-0.0031
VG2,323272745.4,2010-03-31,91.803,289.063,-33.074,15.487,0.00863,-0.0532,0.0532,heliosheath,neptune,75.0185,89.3554,94.8604,87.3086,75.0185,0.333,-0.0008,-0.0278
VG2,328783376.0,2010-06-02,92.353,289.089,-33.164,15.483,0.00864,-0.0532,0.0532,heliosheath,neptune,75.6824,90.2667,95.1433,88.0410,75.6824,63.780,-9840.8589,-1785.7954
VG2,331106859.4,2010-06-29,92.586,289.100,-33.202,15.481,0.00864,-0.0532,0.0532,heliosheath,neptune,75.9625,90.6571,95.2616,88.3498,75.9625,26.892,9312.3416,4007.9227
VG2,332719656.0,2010-07-18,92.747,289.107,-33.227,15.480,0.00864,-0.0532,0.0532,heliosheath,neptune,76.1570,90.9299,95.3434,88.5643,76.1570,18.667,-0.0171,-0.0106
VG2,332748456.3,2010-07-18,92.750,289.107,-33.228,15.480,0.00864,-0.0532,0.0532,heliosheath,neptune,76.1604,90.9348,95.3448,88.5681,76.1604,0.333,-0.0002,-0.0066
VG2,334302886.0,2010-08-05,92.905,289.114,-33.253,15.479,0.00864,-0.0532,0.0532,heliosheath,neptune,76.3479,91.1992,95.4234,88.7748,76.3479,17.991,767.4105,493.6927
VG2,335224484.5,2010-08-16,92.997,289.119,-33.268,15.478,0.00864,-0.0532,0.0532,heliosheath,neptune,76.4591,91.3565,95.4699,88.8973,76.4591,10.667,-0.0087,-0.0095
VG2,335253284.1,2010-08-16,93.000,289.119,-33.268,15.478,0.00864,-0.0532,0.0532,heliosheath,neptune,76.4625,91.3615,95.4713,88.9012,76.4625,0.333,0.0002,0.0069
VG2,337816479.3,2010-09-15,93.256,289.131,-33.309,15.476,0.00864,-0.0532,0.0532,heliosheath,neptune,76.7718,91.8013,95.6001,89.2421,76.7718,29.667,-0.0429,-0.0167
VG2,337845279.0,2010-09-15,93.259,289.131,-33.309,15.476,0.00864,-0.0532,0.0532,heliosheath,neptune,76.7752,91.8062,95.6016,89.2459,76.7752,0.333,0.0002,0.0069
VG2,339660443.5,2010-10-06,93.441,289.139,-33.338,15.475,0.00864,-0.0532,0.0532,heliosheath,neptune,76.9943,92.1195,95.6924,89.4873,76.9943,21.009,-767.9978,-423.1009
VG2,340063642.9,2010-10-11,93.481,289.141,-33.345,15.475,0.00864,-0.0532,0.0532,heliosheath,neptune,77.0430,92.1893,95.7126,89.5410,77.0430,4.667,-0.0020,-0.0050
VG2,340092442.6,2010-10-11,93.484,289.141,-33.345,15.474,0.00864,-0.0532,0.0532,heliosheath,neptune,77.0464,92.1942,95.7140,89.5448,77.0464,0.333,-0.0008,-0.0278
VG2,342108439.0,2010-11-04,93.685,289.150,-33.377,15.473,0.00864,-0.0532,0.0532,heliosheath,neptune,77.2898,92.5440,95.8145,89.8130,77.2898,23.333,-0.0252,-0.0125
VG2,342137238.7,2010-11-04,93.688,289.150,-33.377,15.473,0.00864,-0.0532,0.0532,heliosheath,neptune,77.2933,92.5490,95.8160,89.8168,77.2933,0.333,-0.0006,-0.0212
VG2,345132433.0,2010-12-09,93.988,289.164,-33.424,15.471,0.00864,-0.0532,0.0532,heliosheath,neptune,77.6550,93.0711,95.9647,90.2154,77.6550,34.667,-0.0265,-0.0089
VG2,345161233.2,2010-12-09,93.991,289.164,-33.425,15.471,0.00864,-0.0532,0.0532,heliosheath,neptune,77.6584,93.0761,95.9661,90.2192,77.6584,0.333,-0.0004,-0.0142
VG2,347378829.6,2011-01-04,94.212,289.174,-33.459,15.469,0.00864,-0.0532,0.0532,heliosheath,neptune,77.9263,93.4642,96.0758,90.5143,77.9263,25.667,-0.0081,-0.0037
VG2,347407629.0,2011-01-04,94.215,289.174,-33.460,15.469,0.00864,-0.0532,0.0532,heliosheath,neptune,77.9298,93.4693,96.0772,90.5182,77.9298,0.333,-0.0012,-0.0420
VG2,353542017.2,2011-03-16,94.829,289.201,-33.555,15.465,0.00864,-0.0532,0.0532,heliosheath,neptune,78.6712,94.5473,96.3790,91.3347,78.6712,71.000,-0.1180,-0.0192
VG2,353570817.4,2011-03-16,94.832,289.201,-33.555,15.465,0.00864,-0.0532,0.0532,heliosheath,neptune,78.6747,94.5524,96.3804,91.3386,78.6747,0.333,0.0000,0.0000
VG2,354233216.3,2011-03-24,94.898,289.204,-33.565,15.465,0.00864,-0.0532,0.0532,heliosheath,neptune,78.7548,94.6690,96.4129,91.4268,78.7548,7.667,-0.0029,-0.0043
VG2,354262015.9,2011-03-24,94.901,289.204,-33.566,15.465,0.00864,-0.0532,0.0532,heliosheath,neptune,78.7582,94.6741,96.4143,91.4306,78.7582,0.333,-0.0014,-0.0486
VG2,355356413.5,2011-04-06,95.010,289.209,-33.583,15.464,0.00864,-0.0532,0.0532,heliosheath,neptune,78.8906,94.8668,96.4678,91.5763,78.8906,12.667,-0.0042,-0.0039
VG2,355385213.8,2011-04-06,95.013,289.209,-33.583,15.464,0.00864,-0.0532,0.0532,heliosheath,neptune,78.8941,94.8719,96.4692,91.5801,78.8941,0.333,0.0002,0.0069
VG2,357084410.5,2011-04-26,95.183,289.217,-33.609,15.463,0.00864,-0.0532,0.0532,heliosheath,neptune,79.0996,95.1711,96.5523,91.8064,79.0996,19.667,-0.0207,-0.0122
VG2,357113210.6,2011-04-26,95.186,289.217,-33.609,15.463,0.00864,-0.0532,0.0532,heliosheath,neptune,79.1030,95.1762,96.5537,91.8102,79.1030,0.333,-0.0004,-0.0135
VG2,358438008.5,2011-05-12,95.318,289.223,-33.630,15.462,0.00864,-0.0532,0.0532,heliosheath,neptune,79.2633,95.4094,96.6183,91.9866,79.2633,15.333,-0.0124,-0.0094
VG2,358466808.0,2011-05-12,95.321,289.223,-33.630,15.462,0.00864,-0.0532,0.0532,heliosheath,neptune,79.2668,95.4145,96.6197,91.9905,79.2668,0.333,-0.0008,-0.0274
VG2,360194804.7,2011-06-01,95.494,289.230,-33.656,15.461,0.00864,-0.0532,0.0532,heliosheath,neptune,79.4759,95.7185,96.7039,92.2206,79.4759,20.000,-0.0096,-0.0055
VG2,360223604.5,2011-06-01,95.497,289.231,-33.657,15.461,0.00864,-0.0532,0.0532,heliosheath,neptune,79.4794,95.7236,96.7053,92.2244,79.4794,0.333,-0.0002,-0.0069
VG2,361289202.3,2011-06-14,95.604,289.235,-33.673,15.460,0.00864,-0.0532,0.0532,heliosheath,neptune,79.6083,95.9109,96.7572,92.3663,79.6083,12.333,-0.0213,-0.0200
VG2,361318002.6,2011-06-14,95.607,289.235,-33.673,15.460,0.00864,-0.0532,0.0532,heliosheath,neptune,79.6118,95.9160,96.7586,92.3702,79.6118,0.333,0.0000,0.0003
VG2,362527600.6,2011-06-28,95.728,289.241,-33.692,15.459,0.00864,-0.0532,0.0532,heliosheath,neptune,79.7582,96.1284,96.8174,92.5313,79.7582,14.000,-0.0096,-0.0080
VG2,362556400.1,2011-06-28,95.730,289.241,-33.692,15.459,0.00864,-0.0532,0.0532,heliosheath,neptune,79.7617,96.1335,96.8188,92.5351,79.7617,0.333,-0.0004,-0.0135
VG2,370821984.1,2011-10-02,96.557,289.276,-33.816,15.454,0.00865,-0.0533,0.0533,heliosheath,neptune,80.7626,97.5765,97.2196,93.6362,80.7626,95.666,-0.0438,-0.0053
VG2,370850784.2,2011-10-02,96.560,289.276,-33.816,15.454,0.00865,-0.0533,0.0533,heliosheath,neptune,80.7661,97.5815,97.2210,93.6401,80.7661,0.333,-0.0006,-0.0208
VG2,371743583.0,2011-10-13,96.650,289.280,-33.829,15.454,0.00865,-0.0533,0.0533,heliosheath,neptune,80.8743,97.7362,97.2642,93.7590,80.8743,10.333,-0.0140,-0.0157
VG2,371772382.4,2011-10-13,96.653,289.280,-33.830,15.454,0.00865,-0.0533,0.0533,heliosheath,neptune,80.8778,97.7411,97.2656,93.7629,80.8778,0.333,-0.0004,-0.0139
VG2,395463213.7,2012-07-13,99.024,289.379,-34.172,15.441,0.00865,-0.0534,0.0534,heliosheath,neptune,83.7527,101.6883,98.4125,96.9205,83.7527,274.199,-0.0110,-0.0005
VG2,398055208.2,2012-08-12,99.284,289.390,-34.208,15.439,0.00865,-0.0534,0.0534,heliosheath,neptune,84.0678,102.0962,98.5387,97.2661,84.0678,29.999,-0.0241,-0.0093
VG2,398084008.0,2012-08-12,99.286,289.390,-34.209,15.439,0.00865,-0.0534,0.0534,heliosheath,neptune,84.0713,102.1007,98.5401,97.2700,84.0713,0.333,0.0004,0.0142
VG2,401309601.0,2012-09-19,99.609,289.403,-34.254,15.438,0.00865,-0.0535,0.0535,heliosheath,neptune,84.4634,102.6001,98.6976,97.7000,84.4634,37.333,-0.0052,-0.0016
VG2,401338401.2,2012-09-19,99.612,289.403,-34.254,15.438,0.00865,-0.0535,0.0535,heliosheath,neptune,84.4669,102.6045,98.6990,97.7039,84.4669,0.333,0.0002,0.0069
VG2,402432799.2,2012-10-02,99.722,289.408,-34.269,15.437,0.00865,-0.0535,0.0535,heliosheath,neptune,84.6000,102.7717,98.7526,97.8498,84.6000,12.667,-0.0045,-0.0041
VG2,402461598.8,2012-10-02,99.725,289.408,-34.270,15.437,0.00865,-0.0535,0.0535,heliosheath,neptune,84.6035,102.7761,98.7540,97.8536,84.6035,0.333,0.0002,0.0069
VG2,405888791.6,2012-11-11,100.068,289.421,-34.317,15.436,0.00865,-0.0535,0.0535,heliosheath,neptune,85.0205,103.2927,98.9221,98.3106,85.0205,39.667,-0.0347,-0.0101
VG2,405917591.0,2012-11-11,100.071,289.422,-34.317,15.436,0.00865,-0.0535,0.0535,heliosheath,neptune,85.0240,103.2970,98.9235,98.3144,85.0240,0.333,0.0002,0.0069
VG2,407328787.6,2012-11-27,100.212,289.427,-34.337,15.435,0.00865,-0.0535,0.0535,heliosheath,neptune,85.1957,103.5063,98.9929,98.5026,85.1957,16.333,-0.0191,-0.0136
VG2,407357588.0,2012-11-28,100.215,289.427,-34.337,15.435,0.00865,-0.0535,0.0535,heliosheath,neptune,85.1992,103.5106,98.9944,98.5064,85.1992,0.333,-0.0008,-0.0278
VG2,409719183.0,2012-12-25,100.452,289.437,-34.370,15.434,0.00866,-0.0535,0.0535,heliosheath,neptune,85.4866,103.8566,99.1108,98.8213,85.4866,27.333,-0.0381,-0.0161
VG2,409747983.2,2012-12-25,100.455,289.437,-34.370,15.434,0.00866,-0.0535,0.0535,heliosheath,neptune,85.4901,103.8607,99.1122,98.8252,85.4901,0.333,-0.0012,-0.0420
VG2,417466366.2,2013-03-25,101.228,289.467,-34.475,15.430,0.00866,-0.0535,0.0535,heliosheath,neptune,86.4301,104.9515,99.4957,99.8543,86.4301,89.333,-0.0647,-0.0084
VG2,417495166.4,2013-03-25,101.231,289.467,-34.475,15.430,0.00866,-0.0535,0.0535,heliosheath,neptune,86.4336,104.9555,99.4971,99.8582,86.4336,0.333,-0.0010,-0.0347
VG2,423802352.4,2013-06-06,101.863,289.492,-34.560,15.428,0.00866,-0.0536,0.0536,heliosheath,neptune,87.2023,105.7995,99.8141,100.6991,87.2023,73.000,-0.0989,-0.0157
VG2,423831152.7,2013-06-06,101.866,289.492,-34.560,15.428,0.00866,-0.0536,0.0536,heliosheath,neptune,87.2059,105.8033,99.8156,100.7030,87.2059,0.333,0.0004,0.0142
VG2,425587949.4,2013-06-27,102.042,289.499,-34.583,15.427,0.00866,-0.0536,0.0536,heliosheath,neptune,87.4201,106.0305,99.9045,100.9372,87.4201,20.333,-0.0215,-0.0122
VG2,425616749.0,2013-06-27,102.045,289.499,-34.584,15.427,0.00866,-0.0536,0.0536,heliosheath,neptune,87.4236,106.0342,99.9060,100.9410,87.4236,0.333,-0.0004,-0.0135
VG2,432240734.2,2013-09-12,102.709,289.524,-34.671,15.424,0.00866,-0.0536,0.0536,heliosheath,neptune,88.2317,106.8596,100.2443,101.8241,88.2317,76.666,-0.0923,-0.0139
VG2,432269534.4,2013-09-12,102.712,289.525,-34.671,15.424,0.00866,-0.0536,0.0536,heliosheath,neptune,88.2352,106.8631,100.2458,101.8280,88.2352,0.333,-0.0006,-0.0208
VG2,433450332.0,2013-09-26,102.830,289.529,-34.687,15.424,0.00866,-0.0536,0.0536,heliosheath,neptune,88.3793,107.0050,100.3066,101.9854,88.3793,13.667,-0.0049,-0.0041
VG2,433479131.7,2013-09-26,102.833,289.529,-34.687,15.424,0.00866,-0.0536,0.0536,heliosheath,neptune,88.3828,107.0084,100.3081,101.9892,88.3828,0.333,0.0002,0.0069
VG2,439411918.6,2013-12-04,103.428,289.552,-34.764,15.421,0.00866,-0.0536,0.0536,heliosheath,neptune,89.1072,107.6969,100.6163,102.7801,89.1072,68.667,-0.0084,-0.0014
VG2,439440718.8,2013-12-04,103.431,289.552,-34.764,15.421,0.00866,-0.0536,0.0536,heliosheath,neptune,89.1108,107.7001,100.6178,102.7839,89.1108,0.333,0.0002,0.0066
VG2,441543114.7,2013-12-28,103.641,289.560,-34.791,15.420,0.00866,-0.0536,0.0536,heliosheath,neptune,89.3676,107.9343,100.7280,103.0641,89.3676,24.333,-0.0421,-0.0200
VG2,441571914.2,2013-12-29,103.644,289.560,-34.792,15.420,0.00866,-0.0536,0.0536,heliosheath,neptune,89.3711,107.9375,100.7296,103.0680,89.3711,0.333,-0.0004,-0.0139
VG2,444912706.9,2014-02-05,103.979,289.572,-34.834,15.419,0.00866,-0.0536,0.0536,heliosheath,neptune,89.7793,108.2991,100.9060,103.5132,89.7793,38.667,-0.0447,-0.0134
VG2,444941506.6,2014-02-06,103.982,289.572,-34.835,15.419,0.00866,-0.0536,0.0536,heliosheath,neptune,89.7828,108.3022,100.9075,103.5171,89.7828,0.333,-0.0002,-0.0073
VG2,448858297.7,2014-03-23,104.375,289.587,-34.885,15.418,0.00867,-0.0536,0.0536,heliosheath,neptune,90.2616,108.7098,101.1164,104.0390,90.2616,45.333,-0.0131,-0.0033
VG2,448887097.4,2014-03-23,104.378,289.587,-34.885,15.418,0.00867,-0.0536,0.0536,heliosheath,neptune,90.2652,108.7127,101.1179,104.0429,90.2652,0.333,-0.0004,-0.0139
VG2,451623091.1,2014-04-24,104.652,289.597,-34.919,15.416,0.00867,-0.0536,0.0536,heliosheath,neptune,90.5997,108.9870,101.2651,104.4074,90.5997,31.667,-0.0309,-0.0113
VG2,451651891.2,2014-04-24,104.655,289.597,-34.920,15.416,0.00867,-0.0536,0.0536,heliosheath,neptune,90.6033,108.9898,101.2667,104.4113,90.6033,0.333,0.0000,0.0000
VG2,453437487.1,2014-05-15,104.834,289.604,-34.942,15.416,0.00867,-0.0536,0.0536,heliosheath,neptune,90.8217,109.1642,101.3634,104.6492,90.8217,20.667,-0.0229,-0.0128
VG2,453466286.7,2014-05-15,104.837,289.604,-34.943,15.416,0.00867,-0.0536,0.0536,heliosheath,neptune,90.8252,109.1670,101.3650,104.6530,90.8252,0.333,-0.0010,-0.0347
VG2,455251882.3,2014-06-05,105.016,289.611,-34.965,15.415,0.00867,-0.0535,0.0535,heliosheath,neptune,91.0437,109.3378,101.4622,104.8909,91.0437,20.667,-0.0160,-0.0089
VG2,455280682.8,2014-06-05,105.019,289.611,-34.965,15.415,0.00867,-0.0535,0.0535,heliosheath,neptune,91.0472,109.3405,101.4637,104.8948,91.0472,0.333,-0.0012,-0.0413
VG2,456432680.5,2014-06-19,105.135,289.615,-34.980,15.414,0.00867,-0.0535,0.0535,heliosheath,neptune,91.1881,109.4487,101.5267,105.0482,91.1881,13.333,-0.0186,-0.0162
VG2,456461479.9,2014-06-19,105.138,289.615,-34.980,15.414,0.00867,-0.0535,0.0535,heliosheath,neptune,91.1917,109.4514,101.5283,105.0521,91.1917,0.333,-0.0012,-0.0413
VG2,458103075.6,2014-07-08,105.302,289.621,-35.000,15.414,0.00867,-0.0535,0.0535,heliosheath,neptune,91.3926,109.6031,101.6184,105.2707,91.3926,19.000,-0.0115,-0.0070
VG2,458131876.1,2014-07-08,105.305,289.621,-35.001,15.414,0.00867,-0.0535,0.0535,heliosheath,neptune,91.3961,109.6057,101.6200,105.2746,91.3961,0.333,-0.0002,-0.0066
VG2,463085464.9,2014-09-04,105.802,289.639,-35.062,15.412,0.00867,-0.0535,0.0535,heliosheath,neptune,92.0026,110.0453,101.8947,105.9344,92.0026,57.333,-0.0855,-0.0173
VG2,463114264.6,2014-09-04,105.805,289.639,-35.062,15.412,0.00867,-0.0535,0.0535,heliosheath,neptune,92.0061,110.0477,101.8963,105.9382,92.0061,0.333,0.0002,0.0073
VG2,468010251.7,2014-10-31,106.296,289.657,-35.122,15.410,0.00867,-0.0535,0.0535,heliosheath,neptune,92.6058,110.4561,102.1720,106.5902,92.6058,56.667,-0.0899,-0.0184
VG2,468039052.8,2014-10-31,106.299,289.657,-35.123,15.410,0.00867,-0.0535,0.0535,heliosheath,neptune,92.6093,110.4585,102.1736,106.5940,92.6093,0.333,0.0002,0.0066
VG2,470947846.5,2014-12-04,106.591,289.668,-35.158,15.409,0.00867,-0.0535,0.0535,heliosheath,neptune,92.9658,110.6891,102.3395,106.9813,92.9658,33.667,-0.0447,-0.0154
VG2,470976646.0,2014-12-04,106.594,289.668,-35.158,15.409,0.00867,-0.0535,0.0535,heliosheath,neptune,92.9693,110.6914,102.3411,106.9851,92.9693,0.333,-0.0010,-0.0347
VG2,472128643.3,2014-12-17,106.710,289.672,-35.172,15.408,0.00867,-0.0535,0.0535,heliosheath,neptune,93.1105,110.7803,102.4072,107.1385,93.1105,13.333,-0.0044,-0.0038
VG2,472157443.6,2014-12-18,106.712,289.672,-35.173,15.408,0.00867,-0.0535,0.0535,heliosheath,neptune,93.1140,110.7825,102.4089,107.1423,93.1140,0.333,-0.0006,-0.0212
VG2,473655040.5,2015-01-04,106.863,289.677,-35.191,15.408,0.00867,-0.0535,0.0535,heliosheath,neptune,93.2976,110.8961,102.4952,107.3417,93.2976,17.333,-0.0233,-0.0156
VG2,473683839.9,2015-01-04,106.866,289.678,-35.191,15.408,0.00867,-0.0535,0.0535,heliosheath,neptune,93.3012,110.8982,102.4969,107.3455,93.3012,0.333,-0.0006,-0.0212
VG2,484253415.0,2015-05-07,107.927,289.715,-35.317,15.404,0.00867,-0.0534,0.0534,heliosheath,neptune,94.5977,111.6374,103.1188,108.7519,94.5977,122.333,-0.1902,-0.0180
VG2,484282214.8,2015-05-07,107.929,289.715,-35.318,15.404,0.00867,-0.0534,0.0534,heliosheath,neptune,94.6012,111.6392,103.1205,108.7558,94.6012,0.333,-0.0002,-0.0066
VG2,488980875.7,2015-07-01,108.401,289.732,-35.373,15.402,0.00867,-0.0534,0.0534,heliosheath,neptune,95.1781,111.9347,103.4044,109.3807,95.1781,54.383,-0.0501,-0.0107
VG2,492720594.8,2015-08-13,108.777,289.745,-35.417,15.400,0.00867,-0.0533,0.0533,heliosheath,neptune,95.6374,112.1563,103.6337,109.8779,95.6374,43.284,-0.0397,-0.0106
VG2,492749394.6,2015-08-13,108.780,289.745,-35.417,15.400,0.00867,-0.0533,0.0533,heliosheath,neptune,95.6409,112.1579,103.6355,109.8817,95.6409,0.333,-0.0004,-0.0135
VG2,499027779.4,2015-10-25,109.410,289.767,-35.490,15.398,0.00868,-0.0533,0.0533,heliosheath,neptune,96.4124,112.5046,104.0276,110.7162,96.4124,72.666,-0.1171,-0.0186
VG2,499056579.5,2015-10-25,109.413,289.767,-35.490,15.398,0.00868,-0.0533,0.0533,heliosheath,neptune,96.4160,112.5061,104.0294,110.7200,96.4160,0.333,0.0004,0.0139
VG2,501101375.0,2015-11-18,109.618,289.774,-35.513,15.397,0.00868,-0.0532,0.0532,heliosheath,neptune,96.6673,112.6125,104.1591,110.9917,96.6673,23.667,-0.0119,-0.0058
VG2,501130174.4,2015-11-18,109.621,289.774,-35.514,15.397,0.00868,-0.0532,0.0532,heliosheath,neptune,96.6709,112.6140,104.1609,110.9955,96.6709,0.333,0.0002,0.0066
VG2,505190964.5,2016-01-04,110.029,289.788,-35.560,15.396,0.00868,-0.0532,0.0532,heliosheath,neptune,97.1702,112.8166,104.4214,111.5350,97.1702,47.000,-0.0330,-0.0081
VG2,505219764.1,2016-01-04,110.032,289.788,-35.560,15.396,0.00868,-0.0532,0.0532,heliosheath,neptune,97.1738,112.8180,104.4232,111.5388,97.1738,0.333,-0.0000,-0.0003
VG2,510806950.1,2016-03-09,110.593,289.807,-35.624,15.393,0.00868,-0.0531,0.0531,heliosheath,neptune,97.8612,113.0789,104.7881,112.2806,97.8612,64.667,-0.0125,-0.0022
VG2,510835750.2,2016-03-09,110.596,289.807,-35.624,15.393,0.00868,-0.0531,0.0531,heliosheath,neptune,97.8647,113.0802,104.7900,112.2845,97.8647,0.333,-0.0008,-0.0278
VG2,511411748.9,2016-03-16,110.654,289.809,-35.630,15.393,0.00868,-0.0531,0.0531,heliosheath,neptune,97.9356,113.1060,104.8281,112.3609,97.9356,6.667,-0.0081,-0.0140
VG2,511440548.5,2016-03-16,110.657,289.809,-35.631,15.393,0.00868,-0.0531,0.0531,heliosheath,neptune,97.9392,113.1073,104.8300,112.3647,97.9392,0.333,0.0002,0.0069
VG2,512448545.7,2016-03-28,110.758,289.813,-35.642,15.393,0.00868,-0.0531,0.0531,heliosheath,neptune,98.0632,113.1520,104.8968,112.4985,98.0632,11.667,-0.0191,-0.0189
VG2,512477345.9,2016-03-28,110.761,289.813,-35.642,15.393,0.00868,-0.0531,0.0531,heliosheath,neptune,98.0668,113.1532,104.8987,112.5024,98.0668,0.333,-0.0004,-0.0139
VG2,525552513.0,2016-08-27,112.074,289.857,-35.787,15.387,0.00868,-0.0529,0.0529,heliosheath,neptune,99.6772,113.6858,105.7889,114.2367,99.6772,151.333,-0.0635,-0.0049
VG2,525581312.4,2016-08-27,112.077,289.857,-35.787,15.387,0.00868,-0.0529,0.0529,heliosheath,neptune,99.6808,113.6869,105.7910,114.2405,99.6808,0.333,-0.0008,-0.0274
VG2,526416510.7,2016-09-06,112.161,289.860,-35.797,15.387,0.00868,-0.0529,0.0529,heliosheath,neptune,99.7837,113.7183,105.8494,114.3512,99.7837,9.667,-0.0071,-0.0084
VG2,526445310.2,2016-09-06,112.164,289.860,-35.797,15.387,0.00868,-0.0529,0.0529,heliosheath,neptune,99.7872,113.7194,105.8514,114.3550,99.7872,0.333,0.0000,0.0000
VG2,531168498.1,2016-10-31,112.638,289.875,-35.848,15.385,0.00868,-0.0529,0.0529,heliosheath,neptune,100.3695,113.8928,106.1852,114.9809,100.3695,54.667,-0.0302,-0.0064
VG2,531197297.8,2016-10-31,112.641,289.875,-35.849,15.385,0.00868,-0.0529,0.0529,heliosheath,neptune,100.3731,113.8938,106.1872,114.9847,100.3731,0.333,-0.0004,-0.0139
VG2,535805285.8,2016-12-23,113.104,289.891,-35.898,15.383,0.00868,-0.0528,0.0528,heliosheath,neptune,100.9414,114.0566,106.5189,115.5950,100.9414,53.333,-0.0382,-0.0083
VG2,535834085.6,2016-12-24,113.107,289.891,-35.899,15.383,0.00868,-0.0528,0.0528,heliosheath,neptune,100.9450,114.0576,106.5209,115.5988,100.9450,0.333,-0.0004,-0.0142
VG2,536500899.9,2017-01-01,113.174,289.893,-35.906,15.383,0.00868,-0.0528,0.0528,heliosheath,neptune,101.0273,114.0807,106.5694,115.6871,101.0273,7.718,0.0034,0.0051
VG2,536842083.0,2017-01-04,113.208,289.894,-35.909,15.382,0.00868,-0.0528,0.0528,heliosheath,neptune,101.0693,114.0925,106.5943,115.7323,101.0693,3.949,0.0003,0.0008
VG2,536870882.9,2017-01-05,113.211,289.894,-35.910,15.382,0.00868,-0.0528,0.0528,heliosheath,neptune,101.0729,114.0935,106.5964,115.7361,101.0729,0.333,-0.0008,-0.0281
VG2,537878880.2,2017-01-16,113.313,289.897,-35.921,15.382,0.00868,-0.0528,0.0528,heliosheath,neptune,101.1973,114.1282,106.6700,115.8695,101.1973,11.667,-0.0023,-0.0023
VG2,537907680.2,2017-01-17,113.316,289.898,-35.921,15.382,0.00868,-0.0528,0.0528,heliosheath,neptune,101.2008,114.1292,106.6721,115.8733,101.2008,0.333,-0.0002,-0.0073
VG2,546979656.2,2017-05-02,114.227,289.927,-36.017,15.378,0.00868,-0.0526,0.0526,heliosheath,neptune,102.3207,114.4349,107.3478,117.0736,102.3207,105.000,-0.0561,-0.0062
VG2,547008456.0,2017-05-02,114.230,289.927,-36.018,15.378,0.00868,-0.0526,0.0526,heliosheath,neptune,102.3243,114.4359,107.3500,117.0774,102.3243,0.333,0.0000,0.0000
VG2,555878832.0,2017-08-13,115.121,289.956,-36.110,15.374,0.00868,-0.0525,0.0525,heliosheath,neptune,103.4202,114.7312,108.0339,118.2497,103.4202,102.666,-0.0885,-0.0100
VG2,555907631.9,2017-08-13,115.124,289.956,-36.111,15.374,0.00868,-0.0525,0.0525,heliosheath,neptune,103.4237,114.7322,108.0361,118.2535,103.4237,0.333,0.0000,0.0003
VG2,562186014.7,2017-10-25,115.755,289.976,-36.175,15.371,0.00868,-0.0524,0.0524,heliosheath,neptune,104.1999,114.9455,108.5344,119.0824,104.1999,72.666,-0.0043,-0.0007
VG2,562214814.6,2017-10-25,115.758,289.976,-36.176,15.371,0.00868,-0.0524,0.0524,heliosheath,neptune,104.2035,114.9465,108.5367,119.0862,104.2035,0.333,-0.0006,-0.0208
VG2,566131603.8,2017-12-09,116.152,289.989,-36.216,15.369,0.00868,-0.0523,0.0523,heliosheath,neptune,104.6880,115.0835,108.8536,119.6030,104.6880,45.333,-0.0091,-0.0023
VG2,566160403.6,2017-12-10,116.155,289.989,-36.216,15.369,0.00868,-0.0523,0.0523,heliosheath,neptune,104.6915,115.0845,108.8560,119.6068,104.6915,0.333,-0.0010,-0.0347
VG2,574713979.8,2018-03-19,117.014,290.016,-36.303,15.365,0.00868,-0.0522,0.0522,heliosheath,neptune,105.7501,115.3997,109.5646,120.7343,105.7501,99.000,-0.1081,-0.0126
VG2,574742779.6,2018-03-19,117.017,290.016,-36.303,15.365,0.00868,-0.0522,0.0522,heliosheath,neptune,105.7537,115.4008,109.5670,120.7381,105.7537,0.333,-0.0004,-0.0139
VG2,577133172.9,2018-04-16,117.258,290.023,-36.327,15.364,0.00868,-0.0521,0.0521,heliosheath,neptune,106.0497,115.4939,109.7691,121.0529,106.0497,27.667,-0.0160,-0.0067
VG2,577161972.8,2018-04-16,117.261,290.023,-36.327,15.364,0.00868,-0.0521,0.0521,heliosheath,neptune,106.0532,115.4950,109.7716,121.0567,106.0532,0.333,0.0004,0.0139
VG2,584206432.7,2018-07-07,117.969,290.045,-36.397,15.361,0.00868,-0.0520,0.0520,heliosheath,neptune,106.9258,115.7854,110.3778,121.9838,106.9258,81.533,-0.0047,-0.0007
VG2,591969669.2,2018-10-05,118.749,290.069,-36.473,15.357,0.00868,-0.0519,0.0519,heliosheath,neptune,107.8881,116.1383,111.0641,123.0044,107.8881,89.852,0.0292,0.0038
VG2,598363269.2,2018-12-18,119.392,290.089,-36.535,15.354,0.00868,-0.0518,0.0518,vlism,neptune,108.6810,116.4599,111.6439,123.8439,108.6810,74.000,-0.0204,-0.0032
VG2,608126469.2,2019-04-10,120.373,290.118,-36.629,15.349,0.00868,-0.0516,0.0516,vlism,neptune,109.8927,117.0140,112.5549,125.1240,109.8927,113.000,0.0040,0.0004
VG2,611424741.8,2019-05-18,120.704,290.128,-36.660,15.347,0.00868,-0.0516,0.0516,vlism,neptune,110.3022,117.2204,112.8697,125.5560,110.3022,38.174,-624.5380,-189.3531
VG2,613656069.2,2019-06-13,120.929,290.135,-36.681,15.346,0.00868,-0.0515,0.0515,vlism,neptune,110.5793,117.3659,113.0847,125.8481,110.5793,25.826,0.0073,0.0033
VG2,615124869.2,2019-06-30,121.076,290.139,-36.695,15.345,0.00868,-0.0515,0.0515,vlism,neptune,110.7618,117.4643,113.2271,126.0403,110.7618,17.000,0.0223,0.0152
VG2,615988869.2,2019-07-10,121.163,290.142,-36.703,15.345,0.00868,-0.0515,0.0515,vlism,neptune,110.8691,117.5233,113.3112,126.1533,110.8691,10.000,0.0003,0.0003
VG2,616507269.2,2019-07-16,121.215,290.144,-36.708,15.344,0.00868,-0.0515,0.0515,vlism,neptune,110.9335,117.5590,113.3617,126.2211,110.9335,6.000,-0.0118,-0.0228
VG2,619617669.2,2019-08-21,121.528,290.153,-36.737,15.343,0.00868,-0.0515,0.0515,vlism,neptune,111.3200,117.7791,113.6670,126.6278,111.3200,36.000,-0.0231,-0.0074
VG2,627134469.2,2019-11-16,122.283,290.175,-36.807,15.339,0.00868,-0.0513,0.0513,vlism,neptune,112.2544,118.3538,114.4179,127.6097,112.2544,87.000,0.0030,0.0004
VG2,633216669.2,2020-01-25,122.895,290.193,-36.862,15.336,0.00868,-0.0513,0.0513,vlism,neptune,113.0108,118.8650,115.0391,128.4032,113.0108,70.396,-0.0168,-0.0028
VG2,633902469.2,2020-02-02,122.964,290.195,-36.869,15.335,0.00868,-0.0513,0.0513,vlism,neptune,113.0961,118.9254,115.1099,128.4926,113.0961,7.938,-0.0065,-0.0094
VG2,639750592.8,2020-04-10,123.551,290.212,-36.922,15.332,0.00868,-0.0512,0.0512,vlism,neptune,113.8238,119.4624,115.7199,129.2544,113.8238,67.687,0.0584,0.0100
VG2,648114089.5,2020-07-15,124.392,290.236,-36.997,15.328,0.00868,-0.0511,0.0511,vlism,neptune,114.8651,120.3022,116.6118,130.3423,114.8651,96.800,0.0053,0.0006
VG2,648177449.5,2020-07-16,124.398,290.236,-36.997,15.328,0.00868,-0.0511,0.0511,vlism,neptune,114.8730,120.3089,116.6186,130.3505,114.8730,0.733,-0.0120,-0.1891
VG2,655702868.2,2020-10-11,125.155,290.257,-37.064,15.324,0.00868,-0.0510,0.0510,vlism,neptune,115.8104,121.1382,117.4407,131.3277,115.8104,87.100,0.0054,0.0007
VG2,668014832.9,2021-03-03,126.392,290.292,-37.171,15.317,0.00868,-0.0510,0.0510,vlism,neptune,117.3452,122.6435,118.8248,132.9227,117.3452,142.500,-0.0028,-0.0002
VG2,668043632.8,2021-03-03,126.395,290.292,-37.171,15.317,0.00868,-0.0510,0.0510,vlism,neptune,117.3488,122.6472,118.8281,132.9265,117.3488,0.333,-0.0003,-0.0117
VG2,670779625.2,2021-04-04,126.670,290.299,-37.195,15.316,0.00868,-0.0510,0.0510,vlism,neptune,117.6901,123.0062,119.1423,133.2803,117.6901,31.667,0.0001,0.0000
VG2,670808425.2,2021-04-04,126.672,290.299,-37.195,15.316,0.00868,-0.0510,0.0510,vlism,neptune,117.6937,123.0100,119.1456,133.2840,117.6937,0.333,-0.0005,-0.0170
VG2,675272413.0,2021-05-26,127.121,290.312,-37.233,15.314,0.00868,-0.0509,0.0509,vlism,neptune,118.2506,123.6141,119.6632,133.8608,118.2506,51.667,0.0009,0.0002
VG2,675301212.8,2021-05-26,127.124,290.312,-37.234,15.314,0.00868,-0.0509,0.0509,vlism,neptune,118.2542,123.6181,119.6666,133.8645,118.2542,0.333,-0.0006,-0.0200
VG2,679448401.4,2021-07-13,127.541,290.323,-37.269,15.312,0.00868,-0.0509,0.0509,vlism,neptune,118.7717,124.1991,120.1531,134.3998,118.7717,48.000,0.0010,0.0002
VG2,679477201.3,2021-07-13,127.544,290.323,-37.269,15.312,0.00868,-0.0509,0.0509,vlism,neptune,118.7753,124.2032,120.1565,134.4035,118.7753,0.333,0.0007,0.0259
VG2,683653189.6,2021-08-31,127.963,290.335,-37.304,15.309,0.00868,-0.0509,0.0509,vlism,neptune,119.2966,124.8067,120.6518,134.9419,119.2966,48.333,0.0008,0.0002
VG2,683681989.4,2021-08-31,127.966,290.335,-37.305,15.309,0.00868,-0.0509,0.0509,vlism,neptune,119.3002,124.8109,120.6553,134.9456,119.3002,0.333,0.0006,0.0216
VG2,690593969.7,2021-11-19,128.661,290.353,-37.363,15.306,0.00868,-0.0509,0.0509,vlism,neptune,120.1633,125.8478,121.4868,135.8355,120.1633,80.000,0.0001,0.0000
VG2,690622769.5,2021-11-19,128.663,290.353,-37.363,15.306,0.00868,-0.0509,0.0509,vlism,neptune,120.1669,125.8522,121.4903,135.8392,120.1669,0.333,0.0001,0.0022
VG2,697851548.8,2022-02-11,129.390,290.373,-37.423,15.303,0.00868,-0.0510,0.0510,vlism,neptune,121.0700,126.9823,122.3754,136.7682,121.0700,83.666,-0.0024,-0.0003
VG2,697880349.3,2022-02-11,129.393,290.373,-37.423,15.303,0.00868,-0.0510,0.0510,vlism,neptune,121.0736,126.9869,122.3789,136.7719,121.0736,0.333,0.0003,0.0102
VG2,704734730.2,2022-05-02,130.081,290.391,-37.479,15.300,0.00868,-0.0510,0.0510,vlism,neptune,121.9302,128.0956,123.2324,137.6511,121.9302,79.333,-0.0007,-0.0001
VG2,704763530.2,2022-05-02,130.084,290.391,-37.480,15.299,0.00868,-0.0510,0.0510,vlism,neptune,121.9338,128.1003,123.2360,137.6548,121.9338,0.333,0.0005,0.0174
VG2,711560311.1,2022-07-20,130.767,290.408,-37.535,15.296,0.00868,-0.0510,0.0510,vlism,neptune,122.7837,129.2290,124.0956,138.5249,122.7837,78.666,0.0018,0.0003
VG2,711589111.1,2022-07-20,130.770,290.409,-37.535,15.296,0.00868,-0.0510,0.0510,vlism,neptune,122.7873,129.2339,124.0993,138.5286,122.7873,0.333,-0.0002,-0.0060
VG2,717521894.3,2022-09-27,131.366,290.424,-37.583,15.294,0.00868,-0.0511,0.0511,vlism,neptune,123.5294,130.2376,124.8603,139.2868,123.5294,68.666,0.0014,0.0002
VG2,717550694.2,2022-09-27,131.369,290.424,-37.583,15.294,0.00868,-0.0511,0.0511,vlism,neptune,123.5330,130.2425,124.8640,139.2904,123.5330,0.333,-0.0002,-0.0075
VG2,722158681.1,2022-11-19,131.832,290.436,-37.620,15.292,0.00868,-0.0511,0.0511,vlism,neptune,124.1096,131.0309,125.4617,139.8784,124.1096,53.333,-0.0007,-0.0002
VG2,722187480.9,2022-11-20,131.835,290.436,-37.620,15.292,0.00868,-0.0511,0.0511,vlism,neptune,124.1132,131.0358,125.4654,139.8821,124.1132,0.333,0.0007,0.0249
VG2,729646659.4,2023-02-14,132.584,290.455,-37.679,15.289,0.00868,-0.0512,0.0512,vlism,neptune,125.0468,132.3218,126.4450,140.8321,125.0468,86.333,-0.0022,-0.0003
VG2,729675459.1,2023-02-14,132.587,290.455,-37.679,15.289,0.00868,-0.0512,0.0512,vlism,neptune,125.0504,132.3267,126.4488,140.8358,125.0504,0.333,0.0002,0.0060
VG2,733765047.1,2023-04-03,132.998,290.465,-37.711,15.288,0.00868,-0.0512,0.0512,vlism,neptune,125.5625,133.0339,126.9920,141.3558,125.5625,47.333,-0.0007,-0.0002
VG2,733793847.0,2023-04-03,133.001,290.465,-37.711,15.288,0.00868,-0.0512,0.0512,vlism,neptune,125.5661,133.0389,126.9958,141.3594,125.5661,0.333,0.0001,0.0040
VG2,742174622.0,2023-07-09,133.843,290.486,-37.776,15.285,0.00868,-0.0513,0.0513,vlism,neptune,126.6158,134.4846,128.1222,142.4230,126.6158,97.000,0.0021,0.0003
VG2,742203422.3,2023-07-09,133.846,290.486,-37.777,15.285,0.00868,-0.0513,0.0513,vlism,neptune,126.6194,134.4896,128.1261,142.4266,126.6194,0.333,-0.0004,-0.0145
VG2,749662600.2,2023-10-04,134.595,290.504,-37.834,15.283,0.00868,-0.0514,0.0514,vlism,neptune,127.5540,135.7634,129.1428,143.3708,127.5540,86.333,0.0011,0.0002
VG2,749691400.0,2023-10-04,134.598,290.504,-37.834,15.282,0.00868,-0.0514,0.0514,vlism,neptune,127.5576,135.7683,129.1467,143.3745,127.5576,0.333,0.0006,0.0213
VG2,756833778.7,2023-12-26,135.316,290.521,-37.888,15.281,0.00868,-0.0515,0.0515,vlism,neptune,128.4529,136.9677,130.1323,144.2765,128.4529,82.666,-0.0013,-0.0002
VG2,756862578.5,2023-12-26,135.318,290.522,-37.888,15.281,0.00868,-0.0515,0.0515,vlism,neptune,128.4565,136.9725,130.1363,144.2801,128.4565,0.333,0.0001,0.0047
VG2,762968160.2,2024-03-06,135.932,290.536,-37.934,15.279,0.00868,-0.0515,0.0515,vlism,neptune,129.2221,137.9764,130.9877,145.0495,129.2221,70.666,-0.0017,-0.0003
VG2,762996959.9,2024-03-06,135.935,290.536,-37.934,15.279,0.00868,-0.0515,0.0515,vlism,neptune,129.2257,137.9811,130.9917,145.0531,129.2257,0.333,-0.0002,-0.0054
VG2,770819016.2,2024-06-05,136.721,290.555,-37.992,15.277,0.00868,-0.0516,0.0516,vlism,neptune,130.2069,139.2313,132.0937,146.0364,130.2069,90.533,0.0004,0.0001
VG2,772950209.6,2024-06-29,136.935,290.560,-38.008,15.276,0.00868,-0.0516,0.0516,vlism,neptune,130.4743,139.5640,132.3961,146.3039,130.4743,24.667,0.0010,0.0005
VG2,786082969.3,2024-11-28,138.255,290.590,-38.104,15.274,0.00868,-0.0518,0.0518,vlism,neptune,132.1226,141.5282,134.2778,147.9477,132.1226,152.000,0.0007,0.0001
VG2,786111769.7,2024-11-29,138.258,290.590,-38.104,15.274,0.00868,-0.0518,0.0518,vlism,neptune,132.1262,141.5323,134.2819,147.9513,132.1262,0.333,0.0001,0.0048
VG2,800223727.4,2025-05-11,139.676,290.622,-38.205,15.271,0.00869,-0.0519,0.0519,vlism,neptune,133.8984,143.4567,136.3360,149.7090,133.8984,163.333,-0.0028,-0.0002
VG2,800252527.8,2025-05-11,139.679,290.622,-38.205,15.271,0.00869,-0.0519,0.0519,vlism,neptune,133.9020,143.4604,136.3402,149.7125,133.9020,0.333,0.0007,0.0254
VG2,826201253.7,2026-03-08,142.288,290.680,-38.385,15.267,0.00869,-0.0521,0.0521,vlism,neptune,137.1633,146.4371,140.1856,152.9201,137.1633,300.332,-0.0004,-0.0000
VG2,826230051.4,2026-03-08,142.291,290.680,-38.385,15.267,0.00869,-0.0521,0.0521,vlism,neptune,137.1669,146.4399,140.1899,152.9236,137.1669,0.333,0.0003,0.0106
NH1,191021537.7,2006-01-20,0.984,120.351,0.009,42.855,0.00016,-0.9083,0.9083,inner_heliosphere,jupiter,5.6197,5.6197,8.1349,20.8403,31.0012,0.640,-2.2995,-41.5620
NH1,191070139.7,2006-01-20,0.984,121.161,0.022,42.827,0.00034,-0.9105,0.9105,inner_heliosphere,jupiter,5.6070,5.6070,8.1331,20.8489,31.0051,0.563,-0.0000,-0.0003
NH1,191158345.7,2006-01-21,0.985,122.629,0.044,42.803,0.00066,-0.9143,0.9143,inner_heliosphere,jupiter,5.5838,5.5838,8.1300,20.8643,31.0120,1.021,-0.0000,-0.0003
NH1,191244742.7,2006-01-22,0.986,124.066,0.065,42.782,0.00098,-0.9178,0.9178,inner_heliosphere,jupiter,5.5611,5.5611,8.1274,20.8792,31.0185,1.000,-0.0000,-0.0003
NH1,191331140.7,2006-01-23,0.987,125.500,0.087,42.755,0.00129,-0.9212,0.9212,inner_heliosphere,jupiter,5.5383,5.5383,8.1251,20.8938,31.0246,1.000,-0.0000,-0.0003
NH1,191417539.7,2006-01-24,0.988,126.929,0.108,42.723,0.00160,-0.9245,0.9245,inner_heliosphere,jupiter,5.5155,5.5155,8.1231,20.9082,31.0305,1.000,-0.0000,-0.0003
NH1,191503931.7,2006-01-25,0.990,128.354,0.129,42.685,0.00191,-0.9276,0.9276,inner_heliosphere,jupiter,5.4926,5.4926,8.1215,20.9224,31.0362,1.000,-0.0000,-0.0003
NH1,191590332.7,2006-01-26,0.992,129.774,0.150,42.640,0.00222,-0.9306,0.9306,inner_heliosphere,jupiter,5.4697,5.4697,8.1203,20.9363,31.0415,1.000,-0.0000,-0.0003
NH1,191849594.7,2006-01-29,1.000,133.992,0.212,42.469,0.00312,-0.9386,0.9386,inner_heliosphere,jupiter,5.4010,5.4010,8.1185,20.9767,31.0559,3.001,-0.0001,-0.0003
NH1,191936127.7,2006-01-30,1.003,135.384,0.232,42.398,0.00341,-0.9410,0.9410,inner_heliosphere,jupiter,5.3780,5.3780,8.1186,20.9898,31.0602,1.002,-0.0000,-0.0003
NH1,192022314.7,2006-01-31,1.007,136.760,0.252,42.324,0.00370,-0.9432,0.9432,inner_heliosphere,jupiter,5.3552,5.3552,8.1190,21.0025,31.0642,0.998,-0.0000,-0.0003
NH1,192108706.7,2006-02-01,1.011,138.130,0.272,42.244,0.00398,-0.9453,0.9453,inner_heliosphere,jupiter,5.3322,5.3322,8.1197,21.0150,31.0679,1.000,-0.0000,-0.0003
NH1,192800247.7,2006-02-09,1.051,148.660,0.419,41.434,0.00609,-0.9567,0.9567,inner_heliosphere,jupiter,5.1499,5.1499,8.1369,21.1064,31.0882,8.004,-0.0002,-0.0003
NH1,193059116.7,2006-02-12,1.070,152.372,0.467,41.065,0.00679,-0.9589,0.9589,inner_heliosphere,jupiter,5.0823,5.0823,8.1482,21.1367,31.0918,2.996,-0.0001,-0.0003
NH1,193145467.7,2006-02-13,1.077,153.580,0.482,40.936,0.00701,-0.9594,0.9594,inner_heliosphere,jupiter,5.0599,5.0599,8.1525,21.1464,31.0925,0.999,-0.0000,-0.0003
NH1,193318283.7,2006-02-15,1.092,155.950,0.512,40.669,0.00744,-0.9601,0.9601,inner_heliosphere,jupiter,5.0153,5.0153,8.1618,21.1650,31.0933,2.000,-0.0000,-0.0002
NH1,193663918.7,2006-02-19,1.123,160.499,0.566,40.107,0.00821,-0.9603,0.9603,inner_heliosphere,jupiter,4.9270,4.9270,8.1834,21.1998,31.0924,4.000,-0.0001,-0.0002
NH1,193750243.7,2006-02-20,1.131,161.595,0.579,39.962,0.00839,-0.9601,0.9601,inner_heliosphere,jupiter,4.9051,4.9051,8.1893,21.2079,31.0917,0.999,-0.0000,-0.0002
NH1,193836842.7,2006-02-21,1.140,162.678,0.591,39.816,0.00857,-0.9599,0.9599,inner_heliosphere,jupiter,4.8833,4.8833,8.1955,21.2159,31.0907,1.002,-0.0000,-0.0002
NH1,194005855.7,2006-02-23,1.157,164.745,0.614,39.526,0.00889,-0.9592,0.9592,inner_heliosphere,jupiter,4.8410,4.8410,8.2082,21.2309,31.0884,1.956,-0.0000,-0.0002
NH1,194268673.7,2006-02-26,1.185,167.838,0.646,39.069,0.00936,-0.9575,0.9575,inner_heliosphere,jupiter,4.7758,4.7758,8.2293,21.2528,31.0834,3.042,-0.0001,-0.0002
NH1,194355021.7,2006-02-27,1.194,168.823,0.656,38.917,0.00950,-0.9569,0.9569,inner_heliosphere,jupiter,4.7546,4.7546,8.2366,21.2596,31.0815,0.999,-0.0000,-0.0002
NH1,194441417.7,2006-02-28,1.204,169.792,0.665,38.765,0.00964,-0.9562,0.9562,inner_heliosphere,jupiter,4.7334,4.7334,8.2441,21.2663,31.0793,1.000,-0.0000,-0.0002
NH1,194614234.7,2006-03-02,1.223,171.686,0.684,38.460,0.00990,-0.9546,0.9546,inner_heliosphere,jupiter,4.6914,4.6914,8.2596,21.2791,31.0746,2.000,-0.0000,-0.0002
NH1,194866246.7,2006-03-05,1.253,174.339,0.708,38.015,0.01025,-0.9520,0.9520,inner_heliosphere,jupiter,4.6309,4.6309,8.2833,21.2966,31.0667,2.917,-0.0000,-0.0002
NH1,195031813.7,2006-03-07,1.273,176.014,0.722,37.724,0.01045,-0.9500,0.9500,inner_heliosphere,jupiter,4.5916,4.5916,8.2995,21.3073,31.0609,1.916,-0.0000,-0.0002
NH1,195219006.7,2006-03-09,1.295,177.846,0.737,37.395,0.01067,-0.9477,0.9477,inner_heliosphere,jupiter,4.5477,4.5477,8.3183,21.3188,31.0538,2.167,-0.0000,-0.0001
NH1,195553835.7,2006-03-13,1.337,180.964,0.762,36.815,0.01101,-0.9432,0.9432,inner_heliosphere,jupiter,4.4702,4.4702,8.3535,21.3378,31.0397,3.875,-0.0000,-0.0001
NH1,195901147.7,2006-03-17,1.382,183.995,0.783,36.225,0.01132,-0.9382,0.9382,inner_heliosphere,jupiter,4.3914,4.3914,8.3916,21.3554,31.0233,4.020,-0.0000,-0.0001
NH1,196502461.7,2006-03-24,1.463,188.794,0.812,35.240,0.01173,-0.9290,0.9290,inner_heliosphere,jupiter,4.2587,4.2587,8.4607,21.3815,30.9917,6.960,-0.0000,-0.0001
NH1,196846091.7,2006-03-28,1.510,191.305,0.825,34.699,0.01192,-0.9236,0.9236,inner_heliosphere,jupiter,4.1850,4.1850,8.5017,21.3942,30.9719,3.977,-0.0000,-0.0000
NH1,197018880.7,2006-03-30,1.534,192.509,0.831,34.434,0.01200,-0.9209,0.9209,inner_heliosphere,jupiter,4.1485,4.1485,8.5227,21.4001,30.9616,2.000,-0.0000,-0.0000
NH1,197105275.7,2006-03-31,1.546,193.097,0.833,34.303,0.01203,-0.9195,0.9195,inner_heliosphere,jupiter,4.1303,4.1303,8.5332,21.4029,30.9563,1.000,-0.0000,-0.0000
NH1,197364463.7,2006-04-03,1.582,194.808,0.840,33.918,0.01214,-0.9154,0.9154,inner_heliosphere,jupiter,4.0764,4.0764,8.5651,21.4108,30.9402,3.000,-0.0000,-0.0000
NH1,197447256.7,2006-04-04,1.594,195.337,0.842,33.797,0.01216,-0.9141,0.9141,inner_heliosphere,jupiter,4.0594,4.0594,8.5754,21.4131,30.9349,0.958,0.0000,0.0000
NH1,197580468.7,2006-04-06,1.612,196.174,0.846,33.604,0.01221,-0.9119,0.9119,inner_heliosphere,jupiter,4.0321,4.0321,8.5920,21.4168,30.9264,1.542,0.0000,0.0000
NH1,197638048.7,2006-04-06,1.620,196.529,0.847,33.522,0.01223,-0.9110,0.9110,inner_heliosphere,jupiter,4.0204,4.0204,8.5992,21.4184,30.9226,0.666,0.0000,0.0000
NH1,197731651.7,2006-04-08,1.634,197.100,0.849,33.389,0.01225,-0.9095,0.9095,inner_heliosphere,jupiter,4.0014,4.0014,8.6110,21.4208,30.9165,1.083,0.0000,0.0000
NH1,198052008.7,2006-04-11,1.679,198.984,0.855,32.945,0.01234,-0.9045,0.9045,inner_heliosphere,jupiter,3.9372,3.9372,8.6514,21.4285,30.8952,3.708,0.0000,0.0000
NH1,198224795.7,2006-04-13,1.704,199.958,0.857,32.711,0.01237,-0.9018,0.9018,inner_heliosphere,jupiter,3.9030,3.9030,8.6734,21.4324,30.8835,2.000,0.0000,0.0001
NH1,198743153.7,2006-04-19,1.779,202.717,0.864,32.038,0.01246,-0.8938,0.8938,inner_heliosphere,jupiter,3.8023,3.8023,8.7399,21.4424,30.8474,6.000,0.0000,0.0001
NH1,198825945.7,2006-04-20,1.790,203.137,0.864,31.933,0.01247,-0.8925,0.8925,inner_heliosphere,jupiter,3.7864,3.7864,8.7506,21.4439,30.8416,0.958,0.0000,0.0001
NH1,198948514.7,2006-04-22,1.808,203.748,0.865,31.781,0.01249,-0.8907,0.8907,inner_heliosphere,jupiter,3.7631,3.7631,8.7664,21.4459,30.8328,1.419,0.0000,0.0001
NH1,199149911.7,2006-04-24,1.837,204.726,0.867,31.536,0.01251,-0.8877,0.8877,inner_heliosphere,jupiter,3.7250,3.7250,8.7925,21.4490,30.8184,2.331,0.0000,0.0001
NH1,199322695.7,2006-04-26,1.862,205.540,0.868,31.329,0.01252,-0.8851,0.8851,inner_heliosphere,jupiter,3.6927,3.6927,8.8149,21.4515,30.8058,2.000,0.0000,0.0001
NH1,199430692.7,2006-04-27,1.878,206.038,0.869,31.202,0.01253,-0.8836,0.8836,inner_heliosphere,jupiter,3.6726,3.6726,8.8289,21.4530,30.7980,1.250,0.0000,0.0001
NH1,199895056.7,2006-05-03,1.945,208.089,0.870,30.673,0.01255,-0.8769,0.8769,inner_heliosphere,jupiter,3.5874,3.5874,8.8893,21.4586,30.7637,5.375,0.0001,0.0001
NH1,199981445.7,2006-05-04,1.958,208.455,0.870,30.578,0.01255,-0.8757,0.8757,inner_heliosphere,jupiter,3.5718,3.5718,8.9006,21.4595,30.7573,1.000,0.0000,0.0002
NH1,200100246.7,2006-05-05,1.975,208.951,0.870,30.448,0.01255,-0.8740,0.8740,inner_heliosphere,jupiter,3.5503,3.5503,8.9161,21.4607,30.7484,1.375,0.0000,0.0002
NH1,200119132.7,2006-05-05,1.978,209.029,0.870,30.428,0.01255,-0.8737,0.8737,inner_heliosphere,jupiter,3.5469,3.5469,8.9185,21.4609,30.7470,0.219,0.0000,0.0002
NH1,200413404.7,2006-05-09,2.021,210.216,0.871,30.114,0.01255,-0.8697,0.8697,inner_heliosphere,jupiter,3.4944,3.4944,8.9569,21.4636,30.7248,3.406,0.0001,0.0002
NH1,200575384.7,2006-05-10,2.044,210.849,0.870,29.946,0.01255,-0.8675,0.8675,inner_heliosphere,jupiter,3.4658,3.4658,8.9780,21.4649,30.7126,1.875,0.0000,0.0002
NH1,200586161.7,2006-05-11,2.046,210.891,0.870,29.935,0.01255,-0.8674,0.8674,inner_heliosphere,jupiter,3.4639,3.4639,8.9794,21.4650,30.7118,0.125,0.0000,0.0002
NH1,200731929.7,2006-05-12,2.067,211.447,0.870,29.786,0.01255,-0.8654,0.8654,inner_heliosphere,jupiter,3.4383,3.4383,8.9984,21.4661,30.7007,1.687,0.0000,0.0002
NH1,200757745.7,2006-05-13,2.071,211.544,0.870,29.760,0.01255,-0.8651,0.8651,inner_heliosphere,jupiter,3.4338,3.4338,9.0017,21.4663,30.6987,0.299,0.0000,0.0002
NH1,201007337.7,2006-05-15,2.107,212.467,0.870,29.512,0.01254,-0.8618,0.8618,inner_heliosphere,jupiter,3.3904,3.3904,9.0342,21.4679,30.6797,2.889,0.0001,0.0002
NH1,201093727.7,2006-05-16,2.120,212.779,0.869,29.427,0.01253,-0.8607,0.8607,inner_heliosphere,jupiter,3.3755,3.3755,9.0455,21.4684,30.6730,1.000,0.0000,0.0002
NH1,201241327.7,2006-05-18,2.141,213.304,0.869,29.285,0.01253,-0.8588,0.8588,inner_heliosphere,jupiter,3.3501,3.3501,9.0647,21.4693,30.6617,1.708,0.0000,0.0002
NH1,201475318.7,2006-05-21,2.175,214.115,0.868,29.063,0.01252,-0.8558,0.8558,inner_heliosphere,jupiter,3.3102,3.3102,9.0951,21.4704,30.6437,2.708,0.0001,0.0002
NH1,201612068.7,2006-05-22,2.195,214.577,0.868,28.936,0.01251,-0.8541,0.8541,inner_heliosphere,jupiter,3.2870,3.2870,9.1128,21.4711,30.6331,1.583,0.0000,0.0002
NH1,201964876.7,2006-05-27,2.246,215.732,0.866,28.617,0.01248,-0.8498,0.8498,inner_heliosphere,jupiter,3.2278,3.2278,9.1585,21.4724,30.6058,4.042,0.0001,0.0002
NH1,202303208.7,2006-05-30,2.294,216.791,0.864,28.322,0.01246,-0.8458,0.8458,inner_heliosphere,jupiter,3.1718,3.1718,9.2022,21.4733,30.5795,3.916,0.0001,0.0003
NH1,202562400.7,2006-06-02,2.332,217.573,0.863,28.103,0.01243,-0.8428,0.8428,inner_heliosphere,jupiter,3.1293,3.1293,9.2356,21.4739,30.5593,3.000,0.0001,0.0003
NH1,202995800.7,2006-06-07,2.394,218.825,0.860,27.748,0.01239,-0.8379,0.8379,inner_heliosphere,jupiter,3.0592,3.0592,9.2911,21.4745,30.5255,4.975,0.0001,0.0003
NH1,203080686.7,2006-06-08,2.406,219.063,0.860,27.681,0.01238,-0.8370,0.8370,inner_heliosphere,jupiter,3.0455,3.0455,9.3020,21.4745,30.5189,0.982,0.0000,0.0003
NH1,203282292.7,2006-06-11,2.435,219.618,0.858,27.523,0.01236,-0.8348,0.8348,inner_heliosphere,jupiter,3.0133,3.0133,9.3277,21.4746,30.5031,2.333,0.0001,0.0003
NH1,203368632.7,2006-06-12,2.447,219.852,0.858,27.456,0.01236,-0.8338,0.8338,inner_heliosphere,jupiter,2.9996,2.9996,9.3387,21.4747,30.4964,0.999,0.0000,0.0003
NH1,203512629.7,2006-06-13,2.468,220.236,0.857,27.345,0.01234,-0.8323,0.8323,inner_heliosphere,jupiter,2.9768,2.9768,9.3571,21.4747,30.4851,1.667,0.0000,0.0003
NH1,204405532.7,2006-06-24,2.595,222.486,0.850,26.695,0.01224,-0.8231,0.8231,inner_heliosphere,jupiter,2.8376,2.8376,9.4699,21.4741,30.4152,10.335,0.0003,0.0003
NH1,204635676.7,2006-06-26,2.628,223.030,0.848,26.536,0.01221,-0.8208,0.8208,inner_heliosphere,jupiter,2.8023,2.8023,9.4988,21.4737,30.3972,2.664,0.0001,0.0003
NH1,204722064.7,2006-06-27,2.640,223.231,0.847,26.477,0.01220,-0.8200,0.8200,inner_heliosphere,jupiter,2.7892,2.7892,9.5096,21.4736,30.3904,1.000,0.0000,0.0003
NH1,204894926.7,2006-06-29,2.664,223.628,0.846,26.360,0.01218,-0.8183,0.8183,inner_heliosphere,jupiter,2.7629,2.7629,9.5312,21.4733,30.3769,2.001,0.0001,0.0003
NH1,204916419.7,2006-06-30,2.667,223.676,0.846,26.346,0.01218,-0.8181,0.8181,inner_heliosphere,jupiter,2.7596,2.7596,9.5339,21.4732,30.3753,0.249,0.0000,0.0003
NH1,205265571.7,2006-07-04,2.716,224.454,0.843,26.117,0.01214,-0.8148,0.8148,inner_heliosphere,jupiter,2.7069,2.7069,9.5773,21.4725,30.3480,4.041,0.0001,0.0003
NH1,205414665.7,2006-07-05,2.737,224.777,0.842,26.021,0.01212,-0.8135,0.8135,inner_heliosphere,jupiter,2.6846,2.6846,9.5957,21.4722,30.3364,1.726,0.0000,0.0003
NH1,205582451.7,2006-07-07,2.761,225.135,0.840,25.915,0.01210,-0.8119,0.8119,inner_heliosphere,jupiter,2.6595,2.6595,9.6165,21.4718,30.3233,1.942,0.0001,0.0003
NH1,205927964.7,2006-07-11,2.809,225.854,0.837,25.701,0.01206,-0.8089,0.8089,inner_heliosphere,jupiter,2.6083,2.6083,9.6590,21.4709,30.2964,3.999,0.0001,0.0003
NH1,206019311.7,2006-07-12,2.822,226.040,0.836,25.646,0.01204,-0.8080,0.8080,inner_heliosphere,jupiter,2.5948,2.5948,9.6702,21.4706,30.2893,1.057,0.0000,0.0003
NH1,206043059.7,2006-07-13,2.825,226.088,0.836,25.631,0.01204,-0.8078,0.8078,inner_heliosphere,jupiter,2.5913,2.5913,9.6731,21.4706,30.2874,0.275,0.0000,0.0003
NH1,206187055.7,2006-07-14,2.845,226.377,0.835,25.545,0.01202,-0.8066,0.8066,inner_heliosphere,jupiter,2.5701,2.5701,9.6907,21.4702,30.2763,1.667,0.0000,0.0003
NH1,206471397.7,2006-07-18,2.885,226.936,0.833,25.377,0.01199,-0.8042,0.8042,inner_heliosphere,jupiter,2.5285,2.5285,9.7254,21.4693,30.2542,3.291,0.0001,0.0003
NH1,206618992.7,2006-07-19,2.905,227.220,0.831,25.292,0.01197,-0.8029,0.8029,inner_heliosphere,jupiter,2.5071,2.5071,9.7433,21.4688,30.2428,1.708,0.0000,0.0003
NH1,206708979.7,2006-07-20,2.918,227.391,0.831,25.240,0.01196,-0.8022,0.8022,inner_heliosphere,jupiter,2.4940,2.4940,9.7542,21.4686,30.2358,1.042,0.0000,0.0003
NH1,206960989.7,2006-07-23,2.953,227.863,0.828,25.098,0.01193,-0.8001,0.8001,inner_heliosphere,jupiter,2.4576,2.4576,9.7847,21.4677,30.2163,2.917,0.0001,0.0003
NH1,207130116.7,2006-07-25,2.976,228.174,0.827,25.004,0.01190,-0.7987,0.7987,inner_heliosphere,jupiter,2.4332,2.4332,9.8051,21.4672,30.2033,1.957,0.0001,0.0003
NH1,207619732.7,2006-07-31,3.043,229.046,0.823,24.739,0.01184,-0.7948,0.7948,inner_heliosphere,jupiter,2.3633,2.3633,9.8638,21.4655,30.1656,5.667,0.0001,0.0003
NH1,207745629.7,2006-08-01,3.060,229.264,0.822,24.673,0.01183,-0.7938,0.7938,inner_heliosphere,jupiter,2.3454,2.3454,9.8788,21.4651,30.1559,1.457,0.0000,0.0003
NH1,207767208.7,2006-08-02,3.063,229.301,0.821,24.662,0.01182,-0.7937,0.7937,inner_heliosphere,jupiter,2.3423,2.3423,9.8814,21.4650,30.1543,0.250,0.0000,0.0003
NH1,207853595.7,2006-08-03,3.075,229.449,0.821,24.617,0.01181,-0.7930,0.7930,inner_heliosphere,jupiter,2.3301,2.3301,9.8916,21.4647,30.1477,1.000,0.0000,0.0003
NH1,208138009.7,2006-08-06,3.114,229.929,0.818,24.470,0.01178,-0.7908,0.7908,inner_heliosphere,jupiter,2.2899,2.2899,9.9254,21.4637,30.1259,3.292,0.0001,0.0003
NH1,208371920.7,2006-08-09,3.146,230.314,0.816,24.352,0.01175,-0.7891,0.7891,inner_heliosphere,jupiter,2.2571,2.2571,9.9530,21.4628,30.1080,2.707,0.0001,0.0003
NH1,208524268.7,2006-08-10,3.167,230.561,0.815,24.277,0.01173,-0.7880,0.7880,inner_heliosphere,jupiter,2.2358,2.2358,9.9709,21.4622,30.0964,1.763,0.0000,0.0003
NH1,208857937.7,2006-08-14,3.212,231.090,0.812,24.114,0.01169,-0.7856,0.7856,inner_heliosphere,jupiter,2.1893,2.1893,10.0100,21.4610,30.0710,3.862,0.0001,0.0003
NH1,209042895.7,2006-08-16,3.237,231.377,0.810,24.025,0.01166,-0.7843,0.7843,inner_heliosphere,jupiter,2.1637,2.1637,10.0316,21.4603,30.0570,2.141,0.0000,0.0002
NH1,209129302.7,2006-08-17,3.248,231.510,0.810,23.985,0.01165,-0.7836,0.7836,inner_heliosphere,jupiter,2.1517,2.1517,10.0417,21.4600,30.0505,1.000,0.0000,0.0002
NH1,209318631.7,2006-08-20,3.274,231.797,0.808,23.896,0.01163,-0.7823,0.7823,inner_heliosphere,jupiter,2.1256,2.1256,10.0636,21.4593,30.0362,2.191,0.0000,0.0002
NH1,209561261.7,2006-08-22,3.307,232.158,0.806,23.784,0.01160,-0.7807,0.7807,inner_heliosphere,jupiter,2.0923,2.0923,10.0917,21.4584,30.0178,2.808,0.0001,0.0002
NH1,209746969.7,2006-08-25,3.331,232.430,0.804,23.700,0.01158,-0.7794,0.7794,inner_heliosphere,jupiter,2.0668,2.0668,10.1131,21.4577,30.0039,2.149,0.0000,0.0002
NH1,210166110.7,2006-08-29,3.387,233.030,0.801,23.513,0.01153,-0.7766,0.7766,inner_heliosphere,jupiter,2.0097,2.0097,10.1612,21.4562,29.9724,4.851,0.0001,0.0002
NH1,211287699.7,2006-09-11,3.536,234.540,0.792,23.041,0.01139,-0.7695,0.7695,inner_heliosphere,jupiter,1.8585,1.8585,10.2881,21.4522,29.8890,12.981,0.0002,0.0002
NH1,211499939.7,2006-09-14,3.564,234.812,0.790,22.956,0.01137,-0.7682,0.7682,inner_heliosphere,jupiter,1.8302,1.8302,10.3119,21.4515,29.8733,2.456,0.0000,0.0001
NH1,211805912.7,2006-09-17,3.604,235.196,0.787,22.835,0.01133,-0.7664,0.7664,inner_heliosphere,jupiter,1.7895,1.7895,10.3460,21.4505,29.8508,3.541,0.0000,0.0001
NH1,212018268.7,2006-09-20,3.632,235.458,0.786,22.753,0.01131,-0.7652,0.7652,inner_heliosphere,jupiter,1.7613,1.7613,10.3695,21.4498,29.8352,2.458,0.0000,0.0001
NH1,212360227.7,2006-09-24,3.677,235.871,0.783,22.623,0.01127,-0.7632,0.7632,inner_heliosphere,jupiter,1.7161,1.7161,10.4073,21.4488,29.8102,3.958,0.0000,0.0001
NH1,212478973.7,2006-09-25,3.692,236.012,0.782,22.578,0.01125,-0.7625,0.7625,inner_heliosphere,jupiter,1.7004,1.7004,10.4203,21.4484,29.8016,1.374,0.0000,0.0001
NH1,212842584.7,2006-09-29,3.740,236.437,0.779,22.444,0.01121,-0.7605,0.7605,inner_heliosphere,jupiter,1.6526,1.6526,10.4601,21.4473,29.7751,4.208,0.0000,0.0000
NH1,213080306.7,2006-10-02,3.770,236.709,0.777,22.358,0.01119,-0.7592,0.7592,inner_heliosphere,jupiter,1.6215,1.6215,10.4860,21.4466,29.7579,2.751,0.0000,0.0000
NH1,213188993.7,2006-10-03,3.784,236.832,0.777,22.319,0.01117,-0.7586,0.7586,inner_heliosphere,jupiter,1.6073,1.6073,10.4978,21.4463,29.7501,1.258,0.0000,0.0000
NH1,213648942.7,2006-10-09,3.844,237.342,0.773,22.157,0.01112,-0.7561,0.7561,inner_heliosphere,jupiter,1.5473,1.5473,10.5475,21.4451,29.7170,5.323,-0.0000,-0.0000
NH1,214203296.7,2006-10-15,3.915,237.936,0.769,21.968,0.01106,-0.7533,0.7533,inner_heliosphere,jupiter,1.4754,1.4754,10.6069,21.4438,29.6773,6.416,-0.0000,-0.0000
NH1,214948485.7,2006-10-24,4.010,238.702,0.763,21.723,0.01098,-0.7495,0.7495,inner_heliosphere,jupiter,1.3793,1.3793,10.6859,21.4422,29.6244,8.625,-0.0001,-0.0001
NH1,215063490.7,2006-10-25,4.025,238.817,0.762,21.686,0.01097,-0.7490,0.7490,inner_heliosphere,jupiter,1.3645,1.3645,10.6980,21.4420,29.6163,1.331,-0.0000,-0.0001
NH1,215347865.7,2006-10-28,4.061,239.098,0.760,21.597,0.01094,-0.7476,0.7476,inner_heliosphere,jupiter,1.3280,1.3280,10.7278,21.4415,29.5963,3.291,-0.0000,-0.0001
NH1,215409064.7,2006-10-29,4.068,239.157,0.760,21.578,0.01093,-0.7473,0.7473,inner_heliosphere,jupiter,1.3202,1.3202,10.7342,21.4414,29.5920,0.708,-0.0000,-0.0001
NH1,215520650.7,2006-10-30,4.083,239.266,0.759,21.543,0.01092,-0.7468,0.7468,inner_heliosphere,jupiter,1.3059,1.3059,10.7459,21.4412,29.5842,1.292,-0.0000,-0.0001
NH1,215610649.7,2006-10-31,4.094,239.353,0.758,21.515,0.01091,-0.7464,0.7464,inner_heliosphere,jupiter,1.2944,1.2944,10.7553,21.4410,29.5779,1.042,-0.0000,-0.0001
NH1,215951789.7,2006-11-04,4.137,239.677,0.756,21.411,0.01088,-0.7448,0.7448,inner_heliosphere,jupiter,1.2508,1.2508,10.7907,21.4405,29.5541,3.948,-0.0001,-0.0002
NH1,216013806.7,2006-11-05,4.145,239.736,0.756,21.392,0.01087,-0.7445,0.7445,inner_heliosphere,jupiter,1.2429,1.2429,10.7971,21.4404,29.5498,0.718,-0.0000,-0.0002
NH1,216125405.7,2006-11-06,4.159,239.840,0.755,21.359,0.01086,-0.7440,0.7440,inner_heliosphere,jupiter,1.2287,1.2287,10.8087,21.4403,29.5420,1.292,-0.0000,-0.0002
NH1,216211799.7,2006-11-07,4.170,239.921,0.754,21.333,0.01085,-0.7436,0.7436,inner_heliosphere,jupiter,1.2177,1.2177,10.8176,21.4402,29.5360,1.000,-0.0000,-0.0002
NH1,216471024.7,2006-11-10,4.202,240.159,0.752,21.257,0.01083,-0.7424,0.7424,inner_heliosphere,jupiter,1.1847,1.1847,10.8443,21.4399,29.5180,3.000,-0.0000,-0.0002
NH1,216488956.7,2006-11-11,4.204,240.176,0.752,21.251,0.01082,-0.7423,0.7423,inner_heliosphere,jupiter,1.1824,1.1824,10.8461,21.4398,29.5168,0.208,-0.0000,-0.0002
NH1,216643758.7,2006-11-12,4.224,240.316,0.751,21.206,0.01081,-0.7417,0.7417,inner_heliosphere,jupiter,1.1628,1.1628,10.8620,21.4397,29.5061,1.792,-0.0000,-0.0002
NH1,216730157.7,2006-11-13,4.235,240.394,0.751,21.181,0.01080,-0.7413,0.7413,inner_heliosphere,jupiter,1.1518,1.1518,10.8708,21.4396,29.5001,1.000,-0.0000,-0.0002
NH1,216816546.7,2006-11-14,4.245,240.472,0.750,21.156,0.01079,-0.7409,0.7409,inner_heliosphere,jupiter,1.1408,1.1408,10.8797,21.4395,29.4942,1.000,-0.0000,-0.0002
NH1,216902945.7,2006-11-15,4.256,240.549,0.749,21.132,0.01078,-0.7405,0.7405,inner_heliosphere,jupiter,1.1299,1.1299,10.8885,21.4394,29.4882,1.000,-0.0000,-0.0002
NH1,217162176.7,2006-11-18,4.289,240.778,0.748,21.058,0.01076,-0.7394,0.7394,inner_heliosphere,jupiter,1.0970,1.0970,10.9149,21.4392,29.4704,3.000,-0.0001,-0.0002
NH1,217219717.7,2006-11-19,4.296,240.828,0.747,21.042,0.01075,-0.7391,0.7391,inner_heliosphere,jupiter,1.0898,1.0898,10.9207,21.4392,29.4665,0.666,-0.0000,-0.0002
NH1,217363699.7,2006-11-21,4.314,240.954,0.746,21.002,0.01074,-0.7385,0.7385,inner_heliosphere,jupiter,1.0716,1.0716,10.9353,21.4391,29.4566,1.666,-0.0000,-0.0002
NH1,217763291.7,2006-11-25,4.363,241.296,0.744,20.892,0.01070,-0.7369,0.7369,inner_heliosphere,jupiter,1.0211,1.0211,10.9756,21.4389,29.4294,4.625,-0.0001,-0.0002
NH1,217849685.7,2006-11-26,4.374,241.369,0.743,20.868,0.01069,-0.7365,0.7365,inner_heliosphere,jupiter,1.0102,1.0102,10.9843,21.4389,29.4235,1.000,-0.0000,-0.0003
NH1,218022498.7,2006-11-28,4.395,241.514,0.742,20.822,0.01068,-0.7358,0.7358,inner_heliosphere,jupiter,0.9884,0.9884,11.0016,21.4389,29.4118,2.000,-0.0000,-0.0003
NH1,218195292.7,2006-11-30,4.417,241.658,0.741,20.776,0.01066,-0.7351,0.7351,inner_heliosphere,jupiter,0.9667,0.9667,11.0189,21.4389,29.4001,2.000,-0.0000,-0.0003
NH1,218267252.7,2006-12-01,4.425,241.717,0.740,20.756,0.01065,-0.7348,0.7348,inner_heliosphere,jupiter,0.9576,0.9576,11.0261,21.4389,29.3952,0.833,-0.0000,-0.0003
NH1,218368056.7,2006-12-02,4.438,241.800,0.740,20.730,0.01064,-0.7344,0.7344,inner_heliosphere,jupiter,0.9449,0.9449,11.0361,21.4389,29.3884,1.167,-0.0000,-0.0003
NH1,218440051.7,2006-12-03,4.447,241.859,0.739,20.711,0.01064,-0.7341,0.7341,inner_heliosphere,jupiter,0.9359,0.9359,11.0433,21.4389,29.3836,0.833,-0.0000,-0.0003
NH1,218540850.7,2006-12-04,4.459,241.941,0.738,20.685,0.01063,-0.7337,0.7337,inner_heliosphere,jupiter,0.9232,0.9232,11.0533,21.4389,29.3768,1.167,-0.0000,-0.0003
NH1,218641649.7,2006-12-06,4.472,242.022,0.738,20.659,0.01062,-0.7333,0.7333,inner_heliosphere,jupiter,0.9105,0.9105,11.0633,21.4389,29.3700,1.167,-0.0000,-0.0003
NH1,218785628.7,2006-12-07,4.489,242.138,0.737,20.621,0.01061,-0.7327,0.7327,inner_heliosphere,jupiter,0.8925,0.8925,11.0776,21.4389,29.3604,1.666,-0.0000,-0.0003
NH1,218857621.7,2006-12-08,4.498,242.195,0.736,20.603,0.01060,-0.7325,0.7325,inner_heliosphere,jupiter,0.8834,0.8834,11.0847,21.4390,29.3555,0.833,-0.0000,-0.0003
NH1,218972824.7,2006-12-09,4.512,242.287,0.736,20.574,0.01059,-0.7320,0.7320,inner_heliosphere,jupiter,0.8690,0.8690,11.0961,21.4390,29.3478,1.333,-0.0000,-0.0003
NH1,219066422.7,2006-12-10,4.524,242.361,0.735,20.550,0.01058,-0.7316,0.7316,inner_heliosphere,jupiter,0.8572,0.8572,11.1053,21.4391,29.3416,1.083,-0.0000,-0.0003
NH1,219228421.7,2006-12-12,4.543,242.488,0.734,20.509,0.01057,-0.7310,0.7310,inner_heliosphere,jupiter,0.8369,0.8369,11.1213,21.4392,29.3308,1.875,-0.0000,-0.0003
NH1,219332822.7,2006-12-14,4.556,242.569,0.733,20.483,0.01056,-0.7306,0.7306,inner_heliosphere,jupiter,0.8239,0.8239,11.1315,21.4392,29.3238,1.208,-0.0000,-0.0003
NH1,219520019.7,2006-12-16,4.579,242.714,0.732,20.437,0.01054,-0.7299,0.7299,inner_heliosphere,jupiter,0.8004,0.8004,11.1498,21.4394,29.3114,2.167,-0.0001,-0.0003
NH1,219574002.7,2006-12-16,4.586,242.756,0.732,20.424,0.01054,-0.7297,0.7297,inner_heliosphere,jupiter,0.7937,0.7937,11.1551,21.4394,29.3078,0.625,-0.0000,-0.0003
NH1,219678412.7,2006-12-18,4.598,242.835,0.731,20.398,0.01053,-0.7293,0.7293,inner_heliosphere,jupiter,0.7806,0.7806,11.1653,21.4395,29.3009,1.208,-0.0000,-0.0003
NH1,219919616.7,2006-12-20,4.628,243.018,0.730,20.340,0.01051,-0.7285,0.7285,inner_heliosphere,jupiter,0.7504,0.7504,11.1888,21.4397,29.2849,2.792,-0.0001,-0.0003
NH1,220092418.7,2006-12-22,4.649,243.148,0.729,20.299,0.01049,-0.7278,0.7278,inner_heliosphere,jupiter,0.7288,0.7288,11.2056,21.4400,29.2735,2.000,-0.0001,-0.0003
NH1,220182393.7,2006-12-23,4.660,243.215,0.728,20.278,0.01048,-0.7275,0.7275,inner_heliosphere,jupiter,0.7176,0.7176,11.2143,21.4401,29.2676,1.041,-0.0000,-0.0003
NH1,220524451.7,2006-12-27,4.701,243.466,0.726,20.198,0.01046,-0.7263,0.7263,inner_heliosphere,jupiter,0.6749,0.6749,11.2473,21.4405,29.2452,3.959,-0.0001,-0.0003
NH1,220589172.7,2006-12-28,4.709,243.514,0.726,20.183,0.01045,-0.7261,0.7261,inner_heliosphere,jupiter,0.6668,0.6668,11.2535,21.4406,29.2409,0.749,-0.0000,-0.0003
NH1,220697177.7,2006-12-29,4.722,243.592,0.725,20.158,0.01044,-0.7257,0.7257,inner_heliosphere,jupiter,0.6534,0.6534,11.2639,21.4408,29.2339,1.250,-0.0000,-0.0003
NH1,220779982.7,2006-12-30,4.732,243.652,0.724,20.139,0.01044,-0.7254,0.7254,inner_heliosphere,jupiter,0.6430,0.6430,11.2719,21.4410,29.2285,0.958,-0.0000,-0.0003
NH1,220869974.7,2006-12-31,4.743,243.716,0.724,20.119,0.01043,-0.7251,0.7251,inner_heliosphere,jupiter,0.6318,0.6318,11.2805,21.4411,29.2226,1.042,-0.0000,-0.0003
NH1,221039195.7,2007-01-02,4.763,243.837,0.723,20.081,0.01041,-0.7246,0.7246,inner_heliosphere,jupiter,0.6107,0.6107,11.2967,21.4414,29.2116,1.959,-0.0001,-0.0003
NH1,221107566.7,2007-01-03,4.772,243.886,0.722,20.066,0.01041,-0.7243,0.7243,inner_heliosphere,jupiter,0.6022,0.6022,11.3032,21.4416,29.2071,0.791,-0.0000,-0.0003
NH1,221299258.8,2007-01-05,4.795,244.021,0.721,20.024,0.01039,-0.7237,0.7237,inner_heliosphere,jupiter,0.5783,0.5783,11.3215,21.4419,29.1947,2.219,-0.0001,-0.0003
NH1,221384768.8,2007-01-06,4.805,244.080,0.721,20.005,0.01039,-0.7234,0.7234,inner_heliosphere,jupiter,0.5677,0.5677,11.3296,21.4421,29.1892,0.990,-0.0000,-0.0003
NH1,221471168.8,2007-01-07,4.815,244.141,0.720,19.987,0.01038,-0.7232,0.7232,inner_heliosphere,jupiter,0.5569,0.5569,11.3378,21.4423,29.1836,1.000,-0.0000,-0.0003
NH1,221521558.8,2007-01-08,4.821,244.176,0.720,19.976,0.01038,-0.7230,0.7230,inner_heliosphere,jupiter,0.5507,0.5507,11.3426,21.4424,29.1803,0.583,-0.0000,-0.0003
NH1,221615160.8,2007-01-09,4.833,244.240,0.719,19.956,0.01037,-0.7227,0.7227,inner_heliosphere,jupiter,0.5390,0.5390,11.3515,21.4426,29.1743,1.083,-0.0000,-0.0003
NH1,221730368.8,2007-01-10,4.846,244.320,0.719,19.931,0.01036,-0.7223,0.7223,inner_heliosphere,jupiter,0.5247,0.5247,11.3624,21.4429,29.1669,1.333,-0.0000,-0.0003
NH1,221960808.8,2007-01-13,4.874,244.477,0.717,19.883,0.01034,-0.7216,0.7216,inner_heliosphere,jupiter,0.4960,0.4960,11.3841,21.4435,29.1521,2.667,-0.0001,-0.0003
NH1,222047160.8,2007-01-14,4.884,244.535,0.717,19.865,0.01034,-0.7214,0.7214,inner_heliosphere,jupiter,0.4853,0.4853,11.3922,21.4437,29.1465,0.999,-0.0000,-0.0003
NH1,222219985.8,2007-01-16,4.905,244.652,0.716,19.830,0.01033,-0.7209,0.7209,inner_heliosphere,jupiter,0.4638,0.4638,11.4085,21.4442,29.1355,2.000,-0.0001,-0.0003
NH1,222500817.8,2007-01-19,4.939,244.838,0.714,19.775,0.01031,-0.7201,0.7201,inner_heliosphere,jupiter,0.4288,0.4288,11.4348,21.4450,29.1175,3.250,-0.0001,-0.0003
NH1,222590771.8,2007-01-20,4.949,244.898,0.714,19.757,0.01030,-0.7198,0.7198,inner_heliosphere,jupiter,0.4177,0.4177,11.4432,21.4453,29.1118,1.041,-0.0000,-0.0003
NH1,222738390.8,2007-01-22,4.967,244.994,0.713,19.729,0.01029,-0.7194,0.7194,inner_heliosphere,jupiter,0.3993,0.3993,11.4569,21.4458,29.1024,1.709,-0.0000,-0.0003
NH1,222839171.8,2007-01-23,4.979,245.060,0.712,19.710,0.01029,-0.7192,0.7192,inner_heliosphere,jupiter,0.3868,0.3868,11.4663,21.4461,29.0961,1.166,-0.0000,-0.0003
NH1,222918370.8,2007-01-24,4.988,245.111,0.712,19.696,0.01028,-0.7190,0.7190,inner_heliosphere,jupiter,0.3769,0.3769,11.4737,21.4463,29.0910,0.917,-0.0000,-0.0003
NH1,223080394.8,2007-01-26,5.008,245.216,0.711,19.666,0.01027,-0.7185,0.7185,inner_heliosphere,jupiter,0.3568,0.3568,11.4887,21.4469,29.0808,1.875,-0.0001,-0.0003
NH1,223303611.8,2007-01-29,5.034,245.358,0.710,19.628,0.01026,-0.7180,0.7180,inner_heliosphere,jupiter,0.3290,0.3290,11.5094,21.4477,29.0667,2.584,-0.0001,-0.0003
NH1,223552013.8,2007-01-31,5.064,245.515,0.708,19.587,0.01025,-0.7175,0.7175,inner_heliosphere,jupiter,0.2982,0.2982,11.5323,21.4487,29.0511,2.875,-0.0001,-0.0003
NH1,223638391.8,2007-02-01,5.074,245.569,0.708,19.574,0.01024,-0.7173,0.7173,inner_heliosphere,jupiter,0.2874,0.2874,11.5403,21.4490,29.0457,1.000,-0.0000,-0.0003
NH1,223710389.8,2007-02-02,5.082,245.614,0.708,19.563,0.01024,-0.7172,0.7172,inner_heliosphere,jupiter,0.2785,0.2785,11.5469,21.4493,29.0412,0.833,-0.0000,-0.0003
NH1,223789594.8,2007-02-03,5.092,245.664,0.707,19.551,0.01024,-0.7171,0.7171,inner_heliosphere,jupiter,0.2686,0.2686,11.5542,21.4496,29.0362,0.917,-0.0000,-0.0003
NH1,223890395.8,2007-02-04,5.104,245.726,0.707,19.537,0.01023,-0.7169,0.7169,inner_heliosphere,jupiter,0.2561,0.2561,11.5634,21.4500,29.0299,1.167,-0.0000,-0.0003
NH1,223933584.8,2007-02-05,5.109,245.753,0.706,19.531,0.01023,-0.7168,0.7168,inner_heliosphere,jupiter,0.2507,0.2507,11.5674,21.4502,29.0272,0.500,-0.0000,-0.0003
NH1,224030789.8,2007-02-06,5.120,245.812,0.706,19.519,0.01023,-0.7167,0.7167,inner_heliosphere,jupiter,0.2386,0.2386,11.5763,21.4507,29.0212,1.125,-0.0000,-0.0003
NH1,224135197.8,2007-02-07,5.133,245.876,0.705,19.506,0.01023,-0.7166,0.7166,inner_heliosphere,jupiter,0.2256,0.2256,11.5858,21.4511,29.0147,1.208,-0.0000,-0.0003
NH1,224311627.8,2007-02-09,5.154,245.984,0.704,19.489,0.01023,-0.7165,0.7165,inner_heliosphere,jupiter,0.2037,0.2037,11.6020,21.4519,29.0037,2.042,-0.0000,-0.0003
NH1,224455599.8,2007-02-11,5.171,246.070,0.704,19.477,0.01023,-0.7164,0.7164,inner_heliosphere,jupiter,0.1858,0.1858,11.6151,21.4526,28.9948,1.666,-0.0000,-0.0003
NH1,224563608.8,2007-02-12,5.183,246.135,0.703,19.472,0.01023,-0.7164,0.7164,inner_heliosphere,jupiter,0.1723,0.1723,11.6249,21.4532,28.9881,1.250,-0.0000,-0.0003
NH1,224650010.8,2007-02-13,5.194,246.187,0.703,19.469,0.01023,-0.7165,0.7165,inner_heliosphere,jupiter,0.1616,0.1616,11.6328,21.4536,28.9828,1.000,-0.0000,-0.0003
NH1,224711205.8,2007-02-14,5.201,246.223,0.702,19.469,0.01024,-0.7166,0.7166,inner_heliosphere,jupiter,0.1539,0.1539,11.6384,21.4539,28.9790,0.708,-0.0000,-0.0003
NH1,224938027.8,2007-02-16,5.228,246.357,0.701,19.480,0.01026,-0.7170,0.7170,inner_heliosphere,jupiter,0.1257,0.1257,11.6590,21.4552,28.9650,2.625,-0.0001,-0.0002
NH1,225024431.8,2007-02-17,5.238,246.407,0.701,19.492,0.01027,-0.7174,0.7174,inner_heliosphere,jupiter,0.1149,0.1149,11.6669,21.4557,28.9597,1.000,-0.0000,-0.0002
NH1,225089226.8,2007-02-18,5.246,246.445,0.701,19.505,0.01028,-0.7177,0.7177,inner_heliosphere,jupiter,0.1069,0.1069,11.6728,21.4560,28.9558,0.750,-0.0000,-0.0002
NH1,225172028.8,2007-02-19,5.256,246.493,0.700,19.529,0.01030,-0.7182,0.7182,inner_heliosphere,jupiter,0.0966,0.0966,11.6803,21.4565,28.9507,0.958,-0.0000,-0.0002
NH1,225254830.8,2007-02-20,5.265,246.541,0.700,19.562,0.01033,-0.7188,0.7188,inner_heliosphere,jupiter,0.0863,0.0863,11.6878,21.4571,28.9456,0.958,-0.0000,-0.0002
NH1,225352036.8,2007-02-21,5.277,246.597,0.699,19.621,0.01037,-0.7198,0.7198,inner_heliosphere,jupiter,0.0742,0.0742,11.6967,21.4577,28.9397,1.125,-0.0000,-0.0002
NH1,225427635.8,2007-02-22,5.286,246.640,0.699,19.687,0.01041,-0.7208,0.7208,inner_heliosphere,jupiter,0.0648,0.0648,11.7036,21.4582,28.9350,0.875,-0.0000,-0.0002
NH1,225524842.8,2007-02-23,5.298,246.696,0.699,19.818,0.01050,-0.7225,0.7225,inner_heliosphere,jupiter,0.0529,0.0529,11.7126,21.4589,28.9291,1.125,-0.0000,-0.0002
NH1,225622048.8,2007-02-24,5.310,246.751,0.698,20.042,0.01064,-0.7247,0.7247,inner_heliosphere,jupiter,0.0411,0.0411,11.7216,21.4597,28.9231,1.125,-0.0000,-0.0002
NH1,225780473.8,2007-02-26,5.330,246.843,0.698,20.951,0.01114,-0.7268,0.7268,inner_heliosphere,jupiter,0.0234,0.0234,11.7367,21.4610,28.9132,1.834,-0.0000,-0.0002
NH1,225892059.8,2007-02-27,5.345,246.913,0.699,22.542,0.01178,-0.7046,0.7046,inner_heliosphere,jupiter,0.0157,0.0157,11.7483,21.4617,28.9056,1.292,-0.0000,-0.0002
NH1,225974859.8,2007-02-28,5.356,246.975,0.701,23.285,0.01174,-0.6580,0.6580,inner_heliosphere,jupiter,0.0174,0.0174,11.7579,21.4614,28.8989,0.958,-0.0000,-0.0002
NH1,226039656.8,2007-03-01,5.365,247.029,0.703,23.226,0.01144,-0.6298,0.6298,inner_heliosphere,jupiter,0.0227,0.0227,11.7656,21.4606,28.8931,0.750,-0.0000,-0.0002
NH1,226147665.8,2007-03-02,5.379,247.125,0.707,22.938,0.01108,-0.6060,0.6060,inner_heliosphere,jupiter,0.0344,0.0344,11.7787,21.4588,28.8831,1.250,-0.0000,-0.0002
NH1,226237668.8,2007-03-03,5.390,247.206,0.711,22.753,0.01090,-0.5965,0.5965,inner_heliosphere,jupiter,0.0451,0.0451,11.7895,21.4570,28.8747,1.042,-0.0000,-0.0002
NH1,226356480.8,2007-03-05,5.405,247.313,0.715,22.582,0.01077,-0.5894,0.5894,inner_heliosphere,jupiter,0.0595,0.0595,11.8036,21.4544,28.8635,1.375,-0.0000,-0.0002
NH1,226486073.8,2007-03-06,5.421,247.430,0.720,22.454,0.01067,-0.5847,0.5847,inner_heliosphere,jupiter,0.0756,0.0756,11.8190,21.4516,28.8513,1.500,-0.0000,-0.0002
NH1,226579678.8,2007-03-07,5.433,247.514,0.723,22.383,0.01063,-0.5823,0.5823,inner_heliosphere,jupiter,0.0872,0.0872,11.8300,21.4495,28.8424,1.083,-0.0000,-0.0002
NH1,226637271.8,2007-03-08,5.440,247.566,0.725,22.346,0.01061,-0.5811,0.5811,inner_heliosphere,jupiter,0.0944,0.0944,11.8368,21.4482,28.8370,0.667,-0.0000,-0.0002
NH1,226698467.8,2007-03-09,5.447,247.620,0.727,22.310,0.01059,-0.5800,0.5800,inner_heliosphere,jupiter,0.1020,0.1020,11.8440,21.4468,28.8312,0.708,-0.0000,-0.0001
NH1,226903707.8,2007-03-11,5.472,247.803,0.735,22.212,0.01054,-0.5771,0.5771,inner_heliosphere,jupiter,0.1275,0.1275,11.8681,21.4422,28.8119,2.375,-0.0000,-0.0001
NH1,226986484.8,2007-03-12,5.482,247.876,0.737,22.179,0.01052,-0.5761,0.5761,inner_heliosphere,jupiter,0.1378,0.1378,11.8777,21.4403,28.8041,0.958,-0.0000,-0.0001
NH1,227087292.8,2007-03-13,5.495,247.965,0.741,22.142,0.01050,-0.5751,0.5751,inner_heliosphere,jupiter,0.1504,0.1504,11.8895,21.4380,28.7946,1.167,-0.0000,-0.0001
NH1,227170093.8,2007-03-14,5.505,248.038,0.744,22.114,0.01049,-0.5743,0.5743,inner_heliosphere,jupiter,0.1607,0.1607,11.8991,21.4361,28.7869,0.958,-0.0000,-0.0001
NH1,227342923.8,2007-03-16,5.526,248.189,0.750,22.061,0.01047,-0.5729,0.5729,inner_heliosphere,jupiter,0.1822,0.1822,11.9192,21.4322,28.7707,2.000,-0.0000,-0.0001
NH1,227429302.8,2007-03-17,5.536,248.264,0.753,22.037,0.01046,-0.5722,0.5722,inner_heliosphere,jupiter,0.1930,0.1930,11.9292,21.4303,28.7626,1.000,-0.0000,-0.0001
NH1,227515705.8,2007-03-18,5.547,248.339,0.756,22.014,0.01046,-0.5716,0.5716,inner_heliosphere,jupiter,0.2037,0.2037,11.9391,21.4283,28.7545,1.000,-0.0000,-0.0001
NH1,227602107.8,2007-03-19,5.557,248.413,0.759,21.991,0.01045,-0.5710,0.5710,inner_heliosphere,jupiter,0.2145,0.2145,11.9491,21.4264,28.7464,1.000,-0.0000,-0.0001
NH1,227702919.8,2007-03-20,5.569,248.500,0.762,21.966,0.01044,-0.5704,0.5704,inner_heliosphere,jupiter,0.2270,0.2270,11.9608,21.4241,28.7370,1.167,-0.0000,-0.0001
NH1,227789317.8,2007-03-21,5.580,248.574,0.765,21.946,0.01044,-0.5699,0.5699,inner_heliosphere,jupiter,0.2378,0.2378,11.9707,21.4222,28.7289,1.000,-0.0000,-0.0001
NH1,227850513.8,2007-03-22,5.587,248.626,0.767,21.932,0.01043,-0.5695,0.5695,inner_heliosphere,jupiter,0.2454,0.2454,11.9777,21.4209,28.7232,0.708,-0.0000,-0.0001
NH1,227947719.8,2007-03-23,5.599,248.709,0.770,21.910,0.01043,-0.5689,0.5689,inner_heliosphere,jupiter,0.2575,0.2575,11.9889,21.4187,28.7141,1.125,-0.0000,-0.0001
NH1,228109744.8,2007-03-25,5.618,248.845,0.776,21.875,0.01042,-0.5680,0.5680,inner_heliosphere,jupiter,0.2776,0.2776,12.0075,21.4151,28.6991,1.875,-0.0000,-0.0001
NH1,228196123.8,2007-03-26,5.629,248.918,0.778,21.856,0.01042,-0.5676,0.5676,inner_heliosphere,jupiter,0.2884,0.2884,12.0174,21.4132,28.6910,1.000,-0.0000,-0.0001
NH1,228336542.8,2007-03-28,5.646,249.036,0.783,21.828,0.01041,-0.5668,0.5668,inner_heliosphere,jupiter,0.3058,0.3058,12.0335,21.4102,28.6780,1.625,-0.0000,-0.0000
NH1,228451729.8,2007-03-29,5.660,249.131,0.787,21.805,0.01041,-0.5663,0.5663,inner_heliosphere,jupiter,0.3201,0.3201,12.0466,21.4076,28.6673,1.333,-0.0000,-0.0000
NH1,228559738.8,2007-03-30,5.673,249.221,0.790,21.784,0.01040,-0.5657,0.5657,inner_heliosphere,jupiter,0.3336,0.3336,12.0589,21.4053,28.6573,1.250,-0.0000,-0.0000
NH1,228732567.8,2007-04-01,5.693,249.363,0.796,21.751,0.01040,-0.5649,0.5649,inner_heliosphere,jupiter,0.3550,0.3550,12.0786,21.4016,28.6413,2.000,-0.0000,-0.0000
NH1,228793738.8,2007-04-02,5.701,249.413,0.798,21.740,0.01040,-0.5646,0.5646,inner_heliosphere,jupiter,0.3626,0.3626,12.0856,21.4003,28.6357,0.708,-0.0000,-0.0000
NH1,228890943.8,2007-04-03,5.712,249.493,0.801,21.722,0.01039,-0.5642,0.5642,inner_heliosphere,jupiter,0.3747,0.3747,12.0966,21.3982,28.6267,1.125,-0.0000,-0.0000
NH1,228977345.8,2007-04-04,5.723,249.563,0.803,21.706,0.01039,-0.5638,0.5638,inner_heliosphere,jupiter,0.3855,0.3855,12.1064,21.3964,28.6187,1.000,0.0000,0.0000
NH1,229150173.8,2007-04-06,5.744,249.703,0.809,21.675,0.01039,-0.5630,0.5630,inner_heliosphere,jupiter,0.4069,0.4069,12.1260,21.3927,28.6028,2.000,0.0000,0.0000
NH1,229243753.8,2007-04-07,5.755,249.778,0.812,21.659,0.01038,-0.5626,0.5626,inner_heliosphere,jupiter,0.4186,0.4186,12.1366,21.3907,28.5942,1.083,0.0000,0.0000
NH1,229499406.8,2007-04-10,5.786,249.982,0.820,21.615,0.01038,-0.5616,0.5616,inner_heliosphere,jupiter,0.4503,0.4503,12.1654,21.3854,28.5707,2.959,0.0000,0.0000
NH1,229661382.8,2007-04-12,5.805,250.111,0.825,21.588,0.01038,-0.5609,0.5609,inner_heliosphere,jupiter,0.4705,0.4705,12.1837,21.3820,28.5558,1.875,0.0000,0.0000
NH1,229762163.8,2007-04-13,5.817,250.190,0.828,21.571,0.01037,-0.5605,0.5605,inner_heliosphere,jupiter,0.4830,0.4830,12.1950,21.3800,28.5466,1.166,0.0000,0.0001
NH1,229848565.8,2007-04-14,5.827,250.258,0.830,21.557,0.01037,-0.5601,0.5601,inner_heliosphere,jupiter,0.4937,0.4937,12.2047,21.3782,28.5387,1.000,0.0000,0.0001
NH1,229992625.8,2007-04-16,5.845,250.370,0.835,21.534,0.01037,-0.5596,0.5596,inner_heliosphere,jupiter,0.5117,0.5117,12.2209,21.3753,28.5255,1.667,0.0000,0.0001
NH1,230367013.8,2007-04-20,5.890,250.660,0.846,21.474,0.01036,-0.5581,0.5581,inner_heliosphere,jupiter,0.5582,0.5582,12.2627,21.3678,28.4913,4.333,0.0000,0.0001
NH1,230543398.8,2007-04-22,5.911,250.795,0.851,21.446,0.01036,-0.5574,0.5574,inner_heliosphere,jupiter,0.5802,0.5802,12.2824,21.3643,28.4753,2.041,0.0000,0.0001
NH1,230608169.8,2007-04-23,5.919,250.844,0.853,21.436,0.01036,-0.5572,0.5572,inner_heliosphere,jupiter,0.5882,0.5882,12.2896,21.3630,28.4694,0.750,0.0000,0.0001
NH1,230665771.8,2007-04-24,5.925,250.888,0.854,21.427,0.01036,-0.5570,0.5570,inner_heliosphere,jupiter,0.5954,0.5954,12.2960,21.3619,28.4642,0.667,0.0000,0.0001
NH1,230746778.8,2007-04-25,5.935,250.949,0.857,21.415,0.01035,-0.5567,0.5567,inner_heliosphere,jupiter,0.6055,0.6055,12.3050,21.3603,28.4568,0.938,0.0000,0.0001
NH1,230834980.8,2007-04-26,5.946,251.015,0.859,21.401,0.01035,-0.5563,0.5563,inner_heliosphere,jupiter,0.6165,0.6165,12.3148,21.3586,28.4488,1.021,0.0000,0.0001
NH1,230960991.8,2007-04-27,5.961,251.110,0.863,21.382,0.01035,-0.5559,0.5559,inner_heliosphere,jupiter,0.6321,0.6321,12.3288,21.3561,28.4374,1.458,0.0000,0.0001
NH1,231050973.8,2007-04-28,5.972,251.177,0.865,21.369,0.01035,-0.5556,0.5556,inner_heliosphere,jupiter,0.6433,0.6433,12.3388,21.3544,28.4293,1.041,0.0000,0.0001
NH1,231202199.8,2007-04-30,5.990,251.290,0.870,21.346,0.01035,-0.5550,0.5550,inner_heliosphere,jupiter,0.6622,0.6622,12.3555,21.3515,28.4156,1.750,0.0000,0.0001
NH1,231396596.8,2007-05-02,6.013,251.433,0.875,21.317,0.01034,-0.5543,0.5543,inner_heliosphere,jupiter,0.6864,0.6864,12.3770,21.3478,28.3980,2.250,0.0000,0.0001
NH1,231482972.8,2007-05-03,6.023,251.497,0.878,21.305,0.01034,-0.5540,0.5540,inner_heliosphere,jupiter,0.6972,0.6972,12.3866,21.3462,28.3903,1.000,0.0000,0.0002
NH1,231562169.8,2007-05-04,6.033,251.555,0.880,21.293,0.01034,-0.5537,0.5537,inner_heliosphere,jupiter,0.7070,0.7070,12.3953,21.3447,28.3831,0.917,0.0000,0.0002
NH1,231738593.8,2007-05-06,6.054,251.683,0.885,21.267,0.01034,-0.5531,0.5531,inner_heliosphere,jupiter,0.7290,0.7290,12.4147,21.3414,28.3673,2.042,0.0000,0.0002
NH1,231821367.8,2007-05-07,6.064,251.743,0.887,21.255,0.01034,-0.5528,0.5528,inner_heliosphere,jupiter,0.7393,0.7393,12.4238,21.3399,28.3598,0.958,0.0000,0.0002
NH1,231958179.8,2007-05-09,6.080,251.842,0.891,21.236,0.01034,-0.5524,0.5524,inner_heliosphere,jupiter,0.7564,0.7564,12.4388,21.3374,28.3475,1.583,0.0000,0.0002
NH1,232044572.8,2007-05-10,6.091,251.904,0.893,21.223,0.01033,-0.5521,0.5521,inner_heliosphere,jupiter,0.7672,0.7672,12.4483,21.3358,28.3398,1.000,0.0000,0.0002
NH1,232174182.8,2007-05-11,6.106,251.997,0.897,21.205,0.01033,-0.5516,0.5516,inner_heliosphere,jupiter,0.7834,0.7834,12.4625,21.3335,28.3282,1.500,0.0000,0.0002
NH1,232473016.8,2007-05-15,6.142,252.209,0.905,21.163,0.01033,-0.5507,0.5507,inner_heliosphere,jupiter,0.8207,0.8207,12.4952,21.3281,28.3015,3.459,0.0001,0.0002
NH1,232559361.8,2007-05-16,6.152,252.270,0.907,21.151,0.01033,-0.5504,0.5504,inner_heliosphere,jupiter,0.8315,0.8315,12.5046,21.3266,28.2938,0.999,0.0000,0.0002
NH1,232645758.8,2007-05-17,6.162,252.330,0.909,21.139,0.01032,-0.5501,0.5501,inner_heliosphere,jupiter,0.8422,0.8422,12.5140,21.3251,28.2861,1.000,0.0000,0.0002
NH1,232768165.8,2007-05-18,6.177,252.416,0.912,21.122,0.01032,-0.5497,0.5497,inner_heliosphere,jupiter,0.8575,0.8575,12.5274,21.3229,28.2752,1.417,0.0000,0.0002
NH1,232847341.8,2007-05-19,6.187,252.471,0.914,21.111,0.01032,-0.5494,0.5494,inner_heliosphere,jupiter,0.8674,0.8674,12.5360,21.3215,28.2681,0.916,0.0000,0.0002
NH1,233030962.8,2007-05-21,6.208,252.598,0.919,21.086,0.01032,-0.5488,0.5488,inner_heliosphere,jupiter,0.8904,0.8904,12.5559,21.3184,28.2518,2.125,0.0000,0.0002
NH1,233110133.8,2007-05-22,6.218,252.653,0.921,21.075,0.01032,-0.5486,0.5486,inner_heliosphere,jupiter,0.9003,0.9003,12.5645,21.3170,28.2448,0.916,0.0000,0.0002
NH1,233210943.8,2007-05-23,6.230,252.722,0.924,21.062,0.01032,-0.5483,0.5483,inner_heliosphere,jupiter,0.9129,0.9129,12.5754,21.3153,28.2358,1.167,0.0000,0.0002
NH1,233290129.8,2007-05-24,6.239,252.776,0.926,21.051,0.01032,-0.5480,0.5480,inner_heliosphere,jupiter,0.9228,0.9228,12.5840,21.3140,28.2288,0.917,0.0000,0.0002
NH1,233380126.8,2007-05-25,6.250,252.838,0.928,21.039,0.01031,-0.5477,0.5477,inner_heliosphere,jupiter,0.9341,0.9341,12.5938,21.3124,28.2208,1.042,0.0000,0.0003
NH1,233635762.8,2007-05-28,6.281,253.011,0.935,21.005,0.01031,-0.5469,0.5469,inner_heliosphere,jupiter,0.9661,0.9661,12.6214,21.3082,28.1982,2.959,0.0001,0.0003
NH1,233783324.8,2007-05-30,6.298,253.110,0.939,20.985,0.01031,-0.5465,0.5465,inner_heliosphere,jupiter,0.9846,0.9846,12.6373,21.3058,28.1852,1.708,0.0000,0.0003
NH1,233894901.8,2007-05-31,6.312,253.185,0.941,20.970,0.01031,-0.5461,0.5461,inner_heliosphere,jupiter,0.9986,0.9986,12.6493,21.3039,28.1754,1.291,0.0000,0.0003
NH1,233977695.8,2007-06-01,6.321,253.240,0.943,20.960,0.01030,-0.5459,0.5459,inner_heliosphere,jupiter,1.0089,1.0089,12.6582,21.3026,28.1681,0.958,0.0000,0.0003
NH1,234240530.8,2007-06-04,6.353,253.414,0.950,20.925,0.01030,-0.5451,0.5451,inner_heliosphere,jupiter,1.0419,1.0419,12.6864,21.2984,28.1450,3.042,0.0001,0.0003
NH1,234370086.8,2007-06-06,6.368,253.500,0.953,20.909,0.01030,-0.5447,0.5447,inner_heliosphere,jupiter,1.0582,1.0582,12.7003,21.2963,28.1336,1.499,0.0000,0.0003
NH1,234456478.8,2007-06-07,6.379,253.556,0.955,20.898,0.01030,-0.5444,0.5444,inner_heliosphere,jupiter,1.0690,1.0690,12.7096,21.2950,28.1261,1.000,0.0000,0.0003
NH1,234622089.8,2007-06-09,6.398,253.664,0.959,20.876,0.01029,-0.5439,0.5439,inner_heliosphere,jupiter,1.0898,1.0898,12.7273,21.2924,28.1116,1.917,0.0000,0.0003
NH1,234827285.8,2007-06-11,6.423,253.797,0.964,20.850,0.01029,-0.5433,0.5433,inner_heliosphere,jupiter,1.1156,1.1156,12.7492,21.2892,28.0936,2.375,0.0001,0.0003
NH1,235018054.8,2007-06-13,6.445,253.920,0.969,20.826,0.01029,-0.5428,0.5428,inner_heliosphere,jupiter,1.1396,1.1396,12.7695,21.2863,28.0770,2.208,0.0001,0.0003
NH1,235104423.8,2007-06-14,6.456,253.975,0.971,20.815,0.01029,-0.5425,0.5425,inner_heliosphere,jupiter,1.1505,1.1505,12.7787,21.2850,28.0695,1.000,0.0000,0.0003
NH1,235284436.8,2007-06-16,6.477,254.090,0.975,20.793,0.01028,-0.5420,0.5420,inner_heliosphere,jupiter,1.1731,1.1731,12.7978,21.2824,28.0538,2.083,0.0001,0.0003
NH1,235432016.8,2007-06-18,6.495,254.183,0.979,20.775,0.01028,-0.5416,0.5416,inner_heliosphere,jupiter,1.1917,1.1917,12.8134,21.2802,28.0410,1.708,0.0000,0.0003
NH1,235518399.8,2007-06-19,6.505,254.237,0.981,20.764,0.01028,-0.5413,0.5413,inner_heliosphere,jupiter,1.2026,1.2026,12.8226,21.2789,28.0335,1.000,0.0000,0.0003
NH1,235709212.8,2007-06-21,6.528,254.357,0.985,20.740,0.01028,-0.5408,0.5408,inner_heliosphere,jupiter,1.2266,1.2266,12.8428,21.2762,28.0170,2.208,0.0001,0.0003
NH1,235770371.8,2007-06-22,6.535,254.395,0.986,20.733,0.01028,-0.5406,0.5406,inner_heliosphere,jupiter,1.2344,1.2344,12.8492,21.2753,28.0117,0.708,0.0000,0.0003
NH1,235793757.8,2007-06-22,6.538,254.410,0.987,20.730,0.01028,-0.5406,0.5406,inner_heliosphere,jupiter,1.2373,1.2373,12.8517,21.2750,28.0096,0.271,0.0000,0.0003
NH1,236029586.8,2007-06-25,6.566,254.556,0.992,20.701,0.01027,-0.5399,0.5399,inner_heliosphere,jupiter,1.2671,1.2671,12.8766,21.2716,27.9893,2.730,0.0001,0.0003
NH1,240604559.8,2007-08-17,7.108,257.165,1.088,20.188,0.01020,-0.5284,0.5284,inner_heliosphere,jupiter,1.8499,1.8499,13.3482,21.2187,27.6029,52.951,0.0014,0.0003
NH1,240935706.8,2007-08-21,7.147,257.339,1.094,20.153,0.01019,-0.5276,0.5276,inner_heliosphere,jupiter,1.8925,1.8925,13.3816,21.2158,27.5756,3.833,0.0001,0.0002
NH1,241043696.8,2007-08-22,7.160,257.395,1.096,20.142,0.01019,-0.5274,0.5274,inner_heliosphere,jupiter,1.9064,1.9064,13.3925,21.2148,27.5667,1.250,0.0000,0.0002
NH1,241216470.8,2007-08-24,7.180,257.484,1.100,20.125,0.01019,-0.5270,0.5270,inner_heliosphere,jupiter,1.9287,1.9287,13.4098,21.2133,27.5526,2.000,0.0000,0.0002
NH1,241821178.8,2007-08-31,7.251,257.794,1.111,20.063,0.01018,-0.5257,0.5257,inner_heliosphere,jupiter,2.0068,2.0068,13.4703,21.2084,27.5031,6.999,0.0001,0.0002
NH1,242131829.8,2007-09-03,7.288,257.950,1.116,20.032,0.01017,-0.5250,0.5250,inner_heliosphere,jupiter,2.0470,2.0470,13.5013,21.2060,27.4777,3.595,0.0001,0.0002
NH1,242148723.8,2007-09-04,7.290,257.959,1.117,20.031,0.01017,-0.5249,0.5249,inner_heliosphere,jupiter,2.0492,2.0492,13.5029,21.2059,27.4764,0.196,0.0000,0.0002
NH1,242249512.8,2007-09-05,7.302,258.009,1.118,20.021,0.01017,-0.5247,0.5247,inner_heliosphere,jupiter,2.0623,2.0623,13.5130,21.2052,27.4682,1.167,0.0000,0.0002
NH1,242391420.8,2007-09-06,7.318,258.080,1.121,20.007,0.01017,-0.5244,0.5244,inner_heliosphere,jupiter,2.0807,2.0807,13.5271,21.2041,27.4566,1.642,0.0000,0.0002
NH1,242407884.8,2007-09-07,7.320,258.088,1.121,20.005,0.01017,-0.5244,0.5244,inner_heliosphere,jupiter,2.0828,2.0828,13.5287,21.2040,27.4553,0.191,0.0000,0.0001
NH1,242685047.8,2007-09-10,7.353,258.225,1.126,19.978,0.01016,-0.5238,0.5238,inner_heliosphere,jupiter,2.1188,2.1188,13.5562,21.2021,27.4328,3.208,0.0000,0.0001
NH1,242937093.8,2007-09-13,7.383,258.349,1.131,19.953,0.01016,-0.5233,0.5233,inner_heliosphere,jupiter,2.1516,2.1516,13.5811,21.2003,27.4125,2.917,0.0000,0.0001
NH1,243019793.8,2007-09-14,7.392,258.389,1.132,19.945,0.01016,-0.5231,0.5231,inner_heliosphere,jupiter,2.1624,2.1624,13.5893,21.1998,27.4058,0.957,0.0000,0.0001
NH1,243318560.8,2007-09-17,7.427,258.534,1.137,19.916,0.01015,-0.5225,0.5225,inner_heliosphere,jupiter,2.2013,2.2013,13.6187,21.1979,27.3817,3.458,0.0000,0.0001
NH1,244031259.8,2007-09-25,7.511,258.874,1.149,19.847,0.01014,-0.5211,0.5211,inner_heliosphere,jupiter,2.2943,2.2943,13.6887,21.1937,27.3246,8.249,0.0001,0.0001
NH1,244070840.8,2007-09-26,7.516,258.893,1.150,19.844,0.01014,-0.5210,0.5210,inner_heliosphere,jupiter,2.2995,2.2995,13.6925,21.1935,27.3214,0.458,0.0000,0.0001
NH1,244150027.8,2007-09-27,7.525,258.930,1.151,19.836,0.01014,-0.5209,0.5209,inner_heliosphere,jupiter,2.3099,2.3099,13.7003,21.1931,27.3151,0.917,0.0000,0.0001
NH1,244236415.8,2007-09-28,7.535,258.970,1.153,19.828,0.01014,-0.5207,0.5207,inner_heliosphere,jupiter,2.3212,2.3212,13.7087,21.1926,27.3082,1.000,0.0000,0.0000
NH1,244362416.8,2007-09-29,7.550,259.029,1.155,19.816,0.01013,-0.5204,0.5204,inner_heliosphere,jupiter,2.3377,2.3377,13.7210,21.1920,27.2982,1.458,0.0000,0.0000
NH1,244448805.8,2007-09-30,7.560,259.070,1.156,19.808,0.01013,-0.5203,0.5203,inner_heliosphere,jupiter,2.3490,2.3490,13.7294,21.1916,27.2913,1.000,0.0000,0.0000
NH1,244535193.8,2007-10-01,7.570,259.110,1.158,19.800,0.01013,-0.5201,0.5201,inner_heliosphere,jupiter,2.3603,2.3603,13.7378,21.1911,27.2845,1.000,0.0000,0.0000
NH1,244621579.8,2007-10-02,7.580,259.150,1.159,19.792,0.01013,-0.5199,0.5199,inner_heliosphere,jupiter,2.3717,2.3717,13.7462,21.1907,27.2776,1.000,0.0000,0.0000
NH1,244794346.8,2007-10-04,7.601,259.230,1.162,19.777,0.01013,-0.5196,0.5196,inner_heliosphere,jupiter,2.3944,2.3944,13.7630,21.1899,27.2639,2.000,0.0000,0.0000
NH1,244844729.8,2007-10-05,7.607,259.253,1.163,19.772,0.01013,-0.5195,0.5195,inner_heliosphere,jupiter,2.4010,2.4010,13.7679,21.1897,27.2599,0.583,0.0000,0.0000
NH1,245136297.8,2007-10-08,7.641,259.387,1.168,19.745,0.01012,-0.5189,0.5189,inner_heliosphere,jupiter,2.4393,2.4393,13.7962,21.1884,27.2368,3.375,-0.0000,-0.0000
NH1,245327076.8,2007-10-10,7.663,259.473,1.171,19.728,0.01012,-0.5186,0.5186,inner_heliosphere,jupiter,2.4644,2.4644,13.8147,21.1876,27.2218,2.208,-0.0000,-0.0000
NH1,245337853.8,2007-10-11,7.664,259.478,1.171,19.727,0.01012,-0.5185,0.5185,inner_heliosphere,jupiter,2.4658,2.4658,13.8157,21.1875,27.2209,0.125,0.0000,0.0001
NH1,245499863.8,2007-10-12,7.683,259.551,1.173,19.712,0.01011,-0.5182,0.5182,inner_heliosphere,jupiter,2.4872,2.4872,13.8314,21.1869,27.2082,1.875,-0.0000,-0.0000
NH1,245586241.8,2007-10-13,7.693,259.590,1.175,19.705,0.01011,-0.5181,0.5181,inner_heliosphere,jupiter,2.4986,2.4986,13.8397,21.1866,27.2014,1.000,-0.0000,-0.0000
NH1,245597018.8,2007-10-14,7.695,259.595,1.175,19.704,0.01011,-0.5181,0.5181,inner_heliosphere,jupiter,2.5000,2.5000,13.8407,21.1865,27.2005,0.125,-0.0000,-0.0000
NH1,245733814.8,2007-10-15,7.711,259.657,1.177,19.691,0.01011,-0.5178,0.5178,inner_heliosphere,jupiter,2.5180,2.5180,13.8539,21.1860,27.1898,1.583,-0.0000,-0.0000
NH1,245841807.8,2007-10-16,7.723,259.705,1.179,19.682,0.01011,-0.5176,0.5176,inner_heliosphere,jupiter,2.5323,2.5323,13.8643,21.1856,27.1813,1.250,-0.0000,-0.0001
NH1,246000182.8,2007-10-18,7.742,259.775,1.181,19.668,0.01011,-0.5173,0.5173,inner_heliosphere,jupiter,2.5532,2.5532,13.8796,21.1851,27.1689,1.833,-0.0000,-0.0001
NH1,246172960.8,2007-10-20,7.762,259.852,1.184,19.652,0.01010,-0.5170,0.5170,inner_heliosphere,jupiter,2.5761,2.5761,13.8962,21.1845,27.1554,2.000,-0.0000,-0.0001
NH1,246259349.8,2007-10-21,7.772,259.890,1.185,19.645,0.01010,-0.5168,0.5168,inner_heliosphere,jupiter,2.5875,2.5875,13.9045,21.1842,27.1486,1.000,-0.0000,-0.0001
NH1,246345738.8,2007-10-22,7.782,259.928,1.187,19.637,0.01010,-0.5166,0.5166,inner_heliosphere,jupiter,2.5989,2.5989,13.9127,21.1840,27.1419,1.000,-0.0000,-0.0001
NH1,246432127.8,2007-10-23,7.792,259.966,1.188,19.629,0.01010,-0.5165,0.5165,inner_heliosphere,jupiter,2.6104,2.6104,13.9210,21.1837,27.1352,1.000,-0.0000,-0.0001
NH1,246536534.8,2007-10-24,7.805,260.012,1.190,19.620,0.01010,-0.5163,0.5163,inner_heliosphere,jupiter,2.6242,2.6242,13.9310,21.1834,27.1270,1.208,-0.0000,-0.0001
NH1,246601306.8,2007-10-25,7.812,260.040,1.191,19.615,0.01009,-0.5162,0.5162,inner_heliosphere,jupiter,2.6328,2.6328,13.9372,21.1833,27.1220,0.750,-0.0000,-0.0001
NH1,246705698.8,2007-10-26,7.824,260.085,1.192,19.605,0.01009,-0.5160,0.5160,inner_heliosphere,jupiter,2.6466,2.6466,13.9472,21.1830,27.1139,1.208,-0.0000,-0.0001
NH1,247033253.8,2007-10-30,7.863,260.227,1.197,19.577,0.01009,-0.5154,0.5154,inner_heliosphere,jupiter,2.6901,2.6901,13.9784,21.1822,27.0884,3.791,-0.0000,-0.0001
NH1,247245617.8,2007-11-02,7.887,260.318,1.200,19.559,0.01008,-0.5150,0.5150,inner_heliosphere,jupiter,2.7184,2.7184,13.9986,21.1817,27.0720,2.458,-0.0000,-0.0001
NH1,247551595.8,2007-11-05,7.923,260.449,1.205,19.533,0.01008,-0.5145,0.5145,inner_heliosphere,jupiter,2.7591,2.7591,14.0277,21.1812,27.0484,3.541,-0.0000,-0.0002
NH1,247745977.8,2007-11-07,7.946,260.531,1.208,19.516,0.01007,-0.5141,0.5141,inner_heliosphere,jupiter,2.7851,2.7851,14.0461,21.1808,27.0334,2.250,-0.0000,-0.0002
NH1,247897156.8,2007-11-09,7.963,260.594,1.210,19.503,0.01007,-0.5139,0.5139,inner_heliosphere,jupiter,2.8052,2.8052,14.0604,21.1806,27.0218,1.708,-0.0000,-0.0002
NH1,248066337.8,2007-11-11,7.983,260.665,1.213,19.489,0.01007,-0.5136,0.5136,inner_heliosphere,jupiter,2.8278,2.8278,14.0764,21.1804,27.0088,1.958,-0.0000,-0.0002
NH1,248523499.8,2007-11-16,8.036,260.855,1.219,19.451,0.01006,-0.5128,0.5128,inner_heliosphere,jupiter,2.8890,2.8890,14.1195,21.1800,26.9738,5.291,-0.0001,-0.0002
NH1,248696285.8,2007-11-18,8.056,260.926,1.222,19.437,0.01006,-0.5125,0.5125,inner_heliosphere,jupiter,2.9122,2.9122,14.1357,21.1799,26.9606,2.000,-0.0000,-0.0002
NH1,248775476.8,2007-11-19,8.066,260.958,1.223,19.430,0.01006,-0.5123,0.5123,inner_heliosphere,jupiter,2.9228,2.9228,14.1431,21.1799,26.9546,0.917,-0.0000,-0.0002
NH1,248930256.8,2007-11-21,8.084,261.022,1.225,19.417,0.01005,-0.5121,0.5121,inner_heliosphere,jupiter,2.9436,2.9436,14.1577,21.1798,26.9428,1.791,-0.0000,-0.0002
NH1,249103041.8,2007-11-23,8.104,261.092,1.228,19.403,0.01005,-0.5118,0.5118,inner_heliosphere,jupiter,2.9668,2.9668,14.1738,21.1798,26.9297,2.000,-0.0000,-0.0002
NH1,249268643.8,2007-11-25,8.123,261.159,1.230,19.390,0.01005,-0.5115,0.5115,inner_heliosphere,jupiter,2.9891,2.9891,14.1893,21.1798,26.9171,1.917,-0.0000,-0.0003
NH1,249470234.8,2007-11-27,8.146,261.240,1.233,19.373,0.01004,-0.5112,0.5112,inner_heliosphere,jupiter,3.0162,3.0162,14.2081,21.1798,26.9018,2.333,-0.0001,-0.0003
NH1,249542223.8,2007-11-28,8.155,261.269,1.234,19.368,0.01004,-0.5110,0.5110,inner_heliosphere,jupiter,3.0259,3.0259,14.2149,21.1799,26.8964,0.833,-0.0000,-0.0003
NH1,249873395.8,2007-12-02,8.193,261.401,1.238,19.341,0.01004,-0.5105,0.5105,inner_heliosphere,jupiter,3.0706,3.0706,14.2457,21.1800,26.8714,3.833,-0.0001,-0.0003
NH1,250074987.8,2007-12-04,8.217,261.481,1.241,19.325,0.01003,-0.5102,0.5102,inner_heliosphere,jupiter,3.0978,3.0978,14.2644,21.1802,26.8563,2.333,-0.0001,-0.0003
NH1,250136178.8,2007-12-05,8.224,261.505,1.242,19.320,0.01003,-0.5101,0.5101,inner_heliosphere,jupiter,3.1061,3.1061,14.2701,21.1803,26.8517,0.708,-0.0000,-0.0003
NH1,250308967.8,2007-12-07,8.244,261.572,1.244,19.306,0.01003,-0.5098,0.5098,inner_heliosphere,jupiter,3.1295,3.1295,14.2861,21.1805,26.8387,2.000,-0.0001,-0.0003
NH1,250510558.8,2007-12-09,8.267,261.651,1.247,19.290,0.01003,-0.5095,0.5095,inner_heliosphere,jupiter,3.1568,3.1568,14.3048,21.1807,26.8236,2.333,-0.0001,-0.0003
NH1,250679747.8,2007-12-11,8.287,261.717,1.249,19.277,0.01002,-0.5092,0.5092,inner_heliosphere,jupiter,3.1797,3.1797,14.3204,21.1810,26.8109,1.958,-0.0001,-0.0003
NH1,250767062.8,2007-12-12,8.297,261.751,1.251,19.270,0.01002,-0.5091,0.5091,inner_heliosphere,jupiter,3.1916,3.1916,14.3285,21.1811,26.8044,1.011,-0.0000,-0.0003
NH1,250842775.8,2007-12-13,8.306,261.780,1.252,19.264,0.01002,-0.5089,0.5089,inner_heliosphere,jupiter,3.2018,3.2018,14.3354,21.1813,26.7988,0.876,-0.0000,-0.0003
NH1,250932684.8,2007-12-14,8.316,261.815,1.253,19.257,0.01002,-0.5088,0.5088,inner_heliosphere,jupiter,3.2140,3.2140,14.3437,21.1814,26.7921,1.041,-0.0000,-0.0003
NH1,251165693.8,2007-12-17,8.343,261.904,1.256,19.239,0.01001,-0.5084,0.5084,inner_heliosphere,jupiter,3.2457,3.2457,14.3652,21.1819,26.7747,2.697,-0.0001,-0.0003
NH1,251288097.8,2007-12-18,8.357,261.951,1.257,19.230,0.01001,-0.5082,0.5082,inner_heliosphere,jupiter,3.2624,3.2624,14.3764,21.1822,26.7656,1.417,-0.0000,-0.0003
NH1,251370913.8,2007-12-19,8.367,261.982,1.259,19.224,0.01001,-0.5081,0.5081,inner_heliosphere,jupiter,3.2736,3.2736,14.3840,21.1823,26.7595,0.959,-0.0000,-0.0003
NH1,251460889.8,2007-12-20,8.377,262.017,1.260,19.217,0.01001,-0.5080,0.5080,inner_heliosphere,jupiter,3.2859,3.2859,14.3923,21.1826,26.7528,1.041,-0.0000,-0.0003
NH1,251547285.8,2007-12-21,8.387,262.049,1.261,19.210,0.01001,-0.5078,0.5078,inner_heliosphere,jupiter,3.2977,3.2977,14.4002,21.1828,26.7464,1.000,-0.0000,-0.0003
NH1,251630079.8,2007-12-22,8.397,262.081,1.262,19.204,0.01001,-0.5077,0.5077,inner_heliosphere,jupiter,3.3089,3.3089,14.4078,21.1830,26.7403,0.958,-0.0000,-0.0003
NH1,251698472.8,2007-12-23,8.405,262.106,1.263,19.198,0.01001,-0.5076,0.5076,inner_heliosphere,jupiter,3.3183,3.3183,14.4141,21.1832,26.7352,0.792,-0.0000,-0.0003
NH1,252062062.9,2007-12-27,8.447,262.243,1.267,19.171,0.01000,-0.5070,0.5070,inner_heliosphere,jupiter,3.3679,3.3679,14.4473,21.1842,26.7084,4.208,-0.0001,-0.0003
NH1,252126874.9,2007-12-28,8.455,262.267,1.268,19.166,0.01000,-0.5069,0.5069,inner_heliosphere,jupiter,3.3768,3.3768,14.4532,21.1844,26.7036,0.750,-0.0000,-0.0003
NH1,252375261.9,2007-12-31,8.483,262.359,1.271,19.147,0.00999,-0.5066,0.5066,inner_heliosphere,jupiter,3.4108,3.4108,14.4758,21.1852,26.6854,2.875,-0.0001,-0.0003
NH1,252666844.9,2008-01-03,8.517,262.467,1.275,19.125,0.00999,-0.5061,0.5061,inner_heliosphere,jupiter,3.4507,3.4507,14.5023,21.1862,26.6640,3.375,-0.0001,-0.0003
NH1,253005234.9,2008-01-07,8.556,262.590,1.279,19.100,0.00998,-0.5056,0.5056,inner_heliosphere,jupiter,3.4972,3.4972,14.5330,21.1875,26.6393,3.917,-0.0001,-0.0003
NH1,253246424.9,2008-01-10,8.584,262.678,1.282,19.083,0.00998,-0.5053,0.5053,inner_heliosphere,jupiter,3.5304,3.5304,14.5548,21.1885,26.6217,2.792,-0.0001,-0.0003
NH1,253617248.9,2008-01-14,8.627,262.811,1.287,19.056,0.00997,-0.5047,0.5047,inner_heliosphere,jupiter,3.5815,3.5815,14.5883,21.1902,26.5948,4.292,-0.0001,-0.0003
NH1,253869243.9,2008-01-17,8.656,262.901,1.290,19.037,0.00997,-0.5044,0.5044,inner_heliosphere,jupiter,3.6163,3.6163,14.6110,21.1914,26.5766,2.917,-0.0001,-0.0003
NH1,254225641.9,2008-01-21,8.697,263.027,1.294,19.012,0.00996,-0.5038,0.5038,inner_heliosphere,jupiter,3.6655,3.6655,14.6430,21.1932,26.5509,4.125,-0.0001,-0.0003
NH1,254474041.9,2008-01-24,8.726,263.114,1.297,18.994,0.00996,-0.5035,0.5035,inner_heliosphere,jupiter,3.7000,3.7000,14.6652,21.1946,26.5330,2.875,-0.0001,-0.0003
NH1,254819643.9,2008-01-28,8.765,263.234,1.301,18.969,0.00995,-0.5030,0.5030,inner_heliosphere,jupiter,3.7479,3.7479,14.6961,21.1965,26.5082,4.000,-0.0001,-0.0003
NH1,255078841.9,2008-01-31,8.795,263.324,1.304,18.951,0.00995,-0.5026,0.5026,inner_heliosphere,jupiter,3.7839,3.7839,14.7192,21.1981,26.4897,3.000,-0.0001,-0.0003
NH1,255172426.9,2008-02-01,8.806,263.356,1.306,18.945,0.00995,-0.5025,0.5025,inner_heliosphere,jupiter,3.7970,3.7970,14.7275,21.1987,26.4830,1.083,-0.0000,-0.0003
NH1,255435252.9,2008-02-04,8.836,263.446,1.309,18.926,0.00994,-0.5022,0.5022,inner_heliosphere,jupiter,3.8336,3.8336,14.7509,21.2004,26.4643,3.042,-0.0001,-0.0003
NH1,255680046.9,2008-02-07,8.864,263.529,1.311,18.909,0.00994,-0.5018,0.5018,inner_heliosphere,jupiter,3.8677,3.8677,14.7726,21.2020,26.4469,2.833,-0.0001,-0.0003
NH1,256025654.9,2008-02-11,8.904,263.646,1.315,18.885,0.00993,-0.5014,0.5014,inner_heliosphere,jupiter,3.9160,3.9160,14.8031,21.2044,26.4225,4.000,-0.0001,-0.0003
NH1,256284859.9,2008-02-14,8.934,263.733,1.318,18.868,0.00993,-0.5010,0.5010,inner_heliosphere,jupiter,3.9523,3.9523,14.8260,21.2063,26.4042,3.000,-0.0001,-0.0003
NH1,256644872.9,2008-02-18,8.975,263.852,1.322,18.843,0.00992,-0.5005,0.5005,inner_heliosphere,jupiter,4.0028,4.0028,14.8577,21.2090,26.3789,4.167,-0.0001,-0.0002
NH1,256713251.9,2008-02-19,8.983,263.875,1.323,18.839,0.00992,-0.5004,0.5004,inner_heliosphere,jupiter,4.0124,4.0124,14.8637,21.2096,26.3741,0.791,-0.0000,-0.0002
NH1,277192518.0,2008-10-13,11.295,269.243,1.498,17.725,0.00960,-0.4799,0.4799,inner_heliosphere,jupiter,7.0627,7.0627,16.5246,21.5784,25.0921,237.029,0.0027,0.0001
NH1,277422876.0,2008-10-16,11.321,269.291,1.500,17.715,0.00960,-0.4798,0.4798,inner_heliosphere,jupiter,7.0989,7.0989,16.5418,21.5848,25.0794,2.666,-0.0000,-0.0001
NH1,277502063.0,2008-10-17,11.330,269.307,1.500,17.712,0.00960,-0.4797,0.4797,inner_heliosphere,jupiter,7.1114,7.1114,16.5477,21.5871,25.0751,0.917,-0.0000,-0.0001
NH1,277566849.0,2008-10-18,11.337,269.321,1.501,17.709,0.00959,-0.4796,0.4796,inner_heliosphere,jupiter,7.1216,7.1216,16.5526,21.5889,25.0715,0.750,-0.0000,-0.0001
NH1,277797232.0,2008-10-20,11.362,269.368,1.502,17.699,0.00959,-0.4795,0.4795,inner_heliosphere,jupiter,7.1580,7.1580,16.5698,21.5954,25.0589,2.666,-0.0000,-0.0001
NH1,277883622.0,2008-10-21,11.372,269.386,1.503,17.695,0.00959,-0.4794,0.4794,inner_heliosphere,jupiter,7.1716,7.1716,16.5762,21.5978,25.0542,1.000,-0.0000,-0.0001
NH1,277970009.0,2008-10-22,11.382,269.404,1.504,17.692,0.00959,-0.4793,0.4793,inner_heliosphere,jupiter,7.1853,7.1853,16.5826,21.6003,25.0495,1.000,-0.0000,-0.0001
NH1,278056398.0,2008-10-23,11.391,269.422,1.504,17.688,0.00959,-0.4793,0.4793,inner_heliosphere,jupiter,7.1989,7.1989,16.5891,21.6027,25.0447,1.000,-0.0000,-0.0001
NH1,278243614.0,2008-10-25,11.412,269.460,1.505,17.680,0.00959,-0.4791,0.4791,inner_heliosphere,jupiter,7.2285,7.2285,16.6030,21.6081,25.0346,2.167,-0.0000,-0.0001
NH1,278250789.0,2008-10-25,11.413,269.462,1.505,17.679,0.00958,-0.4791,0.4791,inner_heliosphere,jupiter,7.2297,7.2297,16.6035,21.6083,25.0342,0.083,-0.0000,-0.0001
NH1,278398353.0,2008-10-27,11.429,269.492,1.506,17.673,0.00958,-0.4790,0.4790,inner_heliosphere,jupiter,7.2530,7.2530,16.6145,21.6126,25.0261,1.708,-0.0000,-0.0001
NH1,278466742.0,2008-10-28,11.437,269.506,1.507,17.670,0.00958,-0.4790,0.4790,inner_heliosphere,jupiter,7.2638,7.2638,16.6196,21.6145,25.0224,0.792,-0.0000,-0.0001
NH1,278743911.0,2008-10-31,11.467,269.562,1.508,17.658,0.00958,-0.4788,0.4788,inner_heliosphere,jupiter,7.3078,7.3078,16.6401,21.6226,25.0074,3.208,-0.0000,-0.0001
NH1,278848302.0,2008-11-01,11.479,269.583,1.509,17.654,0.00958,-0.4787,0.4787,inner_heliosphere,jupiter,7.3243,7.3243,16.6478,21.6257,25.0018,1.208,-0.0000,-0.0002
NH1,278859140.0,2008-11-02,11.480,269.585,1.509,17.653,0.00958,-0.4787,0.4787,inner_heliosphere,jupiter,7.3261,7.3261,16.6486,21.6260,25.0012,0.125,-0.0000,-0.0002
NH1,279003077.0,2008-11-03,11.496,269.614,1.510,17.647,0.00957,-0.4786,0.4786,inner_heliosphere,jupiter,7.3489,7.3489,16.6593,21.6302,24.9935,1.666,-0.0000,-0.0002
NH1,279108265.0,2008-11-04,11.508,269.635,1.511,17.643,0.00957,-0.4785,0.4785,inner_heliosphere,jupiter,7.3656,7.3656,16.6670,21.6333,24.9878,1.217,-0.0000,-0.0002
NH1,279139851.0,2008-11-05,11.511,269.642,1.511,17.641,0.00957,-0.4785,0.4785,inner_heliosphere,jupiter,7.3706,7.3706,16.6694,21.6342,24.9861,0.366,-0.0000,-0.0002
NH1,279280249.0,2008-11-06,11.527,269.670,1.512,17.636,0.00957,-0.4784,0.4784,inner_heliosphere,jupiter,7.3929,7.3929,16.6797,21.6384,24.9786,1.625,-0.0000,-0.0002
NH1,279309029.0,2008-11-07,11.530,269.676,1.512,17.634,0.00957,-0.4784,0.4784,inner_heliosphere,jupiter,7.3975,7.3975,16.6818,21.6392,24.9770,0.333,-0.0000,-0.0002
NH1,279607805.0,2008-11-10,11.563,269.735,1.514,17.622,0.00957,-0.4782,0.4782,inner_heliosphere,jupiter,7.4451,7.4451,16.7038,21.6482,24.9610,3.458,-0.0001,-0.0002
NH1,279694196.0,2008-11-11,11.573,269.753,1.514,17.618,0.00957,-0.4781,0.4781,inner_heliosphere,jupiter,7.4588,7.4588,16.7102,21.6508,24.9564,1.000,-0.0000,-0.0002
NH1,279830971.0,2008-11-13,11.588,269.780,1.515,17.612,0.00956,-0.4780,0.4780,inner_heliosphere,jupiter,7.4806,7.4806,16.7202,21.6549,24.9491,1.583,-0.0000,-0.0002
NH1,279971370.0,2008-11-14,11.603,269.808,1.516,17.606,0.00956,-0.4779,0.4779,inner_heliosphere,jupiter,7.5030,7.5030,16.7305,21.6591,24.9417,1.625,-0.0000,-0.0002
NH1,280198137.0,2008-11-17,11.628,269.852,1.518,17.597,0.00956,-0.4777,0.4777,inner_heliosphere,jupiter,7.5392,7.5392,16.7472,21.6660,24.9296,2.625,-0.0000,-0.0002
NH1,280338509.0,2008-11-19,11.644,269.880,1.518,17.591,0.00956,-0.4776,0.4776,inner_heliosphere,jupiter,7.5617,7.5617,16.7574,21.6703,24.9222,1.625,-0.0000,-0.0002
NH1,280601287.0,2008-11-22,11.673,269.931,1.520,17.580,0.00955,-0.4775,0.4775,inner_heliosphere,jupiter,7.6037,7.6037,16.7766,21.6784,24.9083,3.041,-0.0001,-0.0002
NH1,280770469.0,2008-11-24,11.692,269.964,1.521,17.573,0.00955,-0.4773,0.4773,inner_heliosphere,jupiter,7.6308,7.6308,16.7890,21.6836,24.8994,1.958,-0.0000,-0.0003
NH1,281008065.0,2008-11-26,11.718,270.011,1.522,17.564,0.00955,-0.4772,0.4772,inner_heliosphere,jupiter,7.6689,7.6689,16.8063,21.6910,24.8870,2.750,-0.0001,-0.0003
NH1,281033246.0,2008-11-27,11.721,270.016,1.523,17.563,0.00955,-0.4772,0.4772,inner_heliosphere,jupiter,7.6729,7.6729,16.8081,21.6918,24.8856,0.291,-0.0000,-0.0003
NH1,281353637.0,2008-11-30,11.756,270.077,1.525,17.550,0.00954,-0.4769,0.4769,inner_heliosphere,jupiter,7.7243,7.7243,16.8314,21.7019,24.8689,3.708,-0.0001,-0.0003
NH1,281501218.0,2008-12-02,11.772,270.106,1.525,17.544,0.00954,-0.4768,0.4768,inner_heliosphere,jupiter,7.7480,7.7480,16.8421,21.7065,24.8612,1.667,-0.0000,-0.0003
NH1,281760389.0,2008-12-05,11.801,270.156,1.527,17.533,0.00954,-0.4767,0.4767,inner_heliosphere,jupiter,7.7897,7.7897,16.8609,21.7148,24.8477,3.000,-0.0001,-0.0003
NH1,281873504.0,2008-12-06,11.814,270.177,1.528,17.529,0.00954,-0.4766,0.4766,inner_heliosphere,jupiter,7.8079,7.8079,16.8691,21.7184,24.8419,1.309,-0.0000,-0.0003
NH1,281893574.0,2008-12-07,11.816,270.181,1.528,17.528,0.00954,-0.4766,0.4766,inner_heliosphere,jupiter,7.8112,7.8112,16.8705,21.7190,24.8408,0.232,-0.0000,-0.0003
NH1,282019580.0,2008-12-08,11.830,270.205,1.529,17.523,0.00953,-0.4765,0.4765,inner_heliosphere,jupiter,7.8315,7.8315,16.8796,21.7230,24.8343,1.458,-0.0000,-0.0003
NH1,282106046.0,2008-12-09,11.839,270.221,1.529,17.519,0.00953,-0.4764,0.4764,inner_heliosphere,jupiter,7.8454,7.8454,16.8859,21.7258,24.8299,1.001,-0.0000,-0.0003
NH1,282390357.0,2008-12-12,11.871,270.275,1.531,17.508,0.00953,-0.4762,0.4762,inner_heliosphere,jupiter,7.8913,7.8913,16.9064,21.7350,24.8152,3.291,-0.0001,-0.0003
NH1,282447945.0,2008-12-13,11.877,270.286,1.531,17.505,0.00953,-0.4762,0.4762,inner_heliosphere,jupiter,7.9006,7.9006,16.9105,21.7369,24.8123,0.667,-0.0000,-0.0003
NH1,282609930.0,2008-12-15,11.895,270.317,1.532,17.499,0.00953,-0.4761,0.4761,inner_heliosphere,jupiter,7.9267,7.9267,16.9222,21.7422,24.8040,1.875,-0.0001,-0.0003
NH1,282722570.0,2008-12-16,11.907,270.338,1.533,17.495,0.00952,-0.4760,0.4760,inner_heliosphere,jupiter,7.9449,7.9449,16.9303,21.7458,24.7982,1.304,-0.0000,-0.0003
NH1,300258106.2,2009-07-07,13.818,273.174,1.619,16.891,0.00931,-0.4664,0.4664,inner_heliosphere,jupiter,10.8873,10.8873,18.1127,22.4496,24.0118,202.958,-1.0004,-0.0571
NH1,300336388.2,2009-07-08,13.827,273.185,1.619,16.889,0.00931,-0.4663,0.4663,inner_heliosphere,jupiter,10.9009,10.9009,18.1177,22.4533,24.0088,0.906,0.0000,0.0003
NH1,300429984.2,2009-07-09,13.837,273.198,1.619,16.886,0.00931,-0.4663,0.4663,inner_heliosphere,jupiter,10.9171,10.9171,18.1236,22.4577,24.0052,1.083,0.0000,0.0003
NH1,300516337.2,2009-07-10,13.846,273.210,1.620,16.883,0.00931,-0.4663,0.4663,inner_heliosphere,jupiter,10.9321,10.9321,18.1291,22.4618,24.0019,0.999,0.0000,0.0003
NH1,300768314.2,2009-07-13,13.873,273.245,1.621,16.876,0.00931,-0.4661,0.4661,inner_heliosphere,jupiter,10.9758,10.9758,18.1450,22.4738,23.9923,2.916,0.0001,0.0003
NH1,300854706.2,2009-07-14,13.882,273.257,1.621,16.873,0.00931,-0.4661,0.4661,inner_heliosphere,jupiter,10.9908,10.9908,18.1504,22.4779,23.9890,1.000,0.0000,0.0003
NH1,300941099.2,2009-07-15,13.892,273.269,1.621,16.871,0.00930,-0.4661,0.4661,inner_heliosphere,jupiter,11.0058,11.0058,18.1558,22.4820,23.9857,1.000,0.0000,0.0003
NH1,301113883.2,2009-07-17,13.910,273.293,1.622,16.865,0.00930,-0.4660,0.4660,inner_heliosphere,jupiter,11.0358,11.0358,18.1667,22.4903,23.9791,2.000,0.0001,0.0003
NH1,301369458.2,2009-07-20,13.938,273.328,1.623,16.858,0.00930,-0.4659,0.4659,inner_heliosphere,jupiter,11.0803,11.0803,18.1828,22.5025,23.9695,2.958,0.0001,0.0003
NH1,301545842.2,2009-07-22,13.957,273.352,1.624,16.853,0.00930,-0.4658,0.4658,inner_heliosphere,jupiter,11.1110,11.1110,18.1938,22.5110,23.9628,2.041,0.0001,0.0003
NH1,301635833.2,2009-07-23,13.966,273.364,1.624,16.850,0.00930,-0.4658,0.4658,inner_heliosphere,jupiter,11.1266,11.1266,18.1994,22.5153,23.9594,1.042,0.0000,0.0003
NH1,301722225.2,2009-07-24,13.976,273.376,1.625,16.848,0.00930,-0.4657,0.4657,inner_heliosphere,jupiter,11.1417,11.1417,18.2049,22.5195,23.9562,1.000,0.0000,0.0003
NH1,301862637.2,2009-07-26,13.991,273.395,1.625,16.843,0.00929,-0.4657,0.4657,inner_heliosphere,jupiter,11.1661,11.1661,18.2136,22.5263,23.9510,1.625,0.0000,0.0003
NH1,301981397.2,2009-07-27,14.004,273.411,1.626,16.840,0.00929,-0.4656,0.4656,inner_heliosphere,jupiter,11.1868,11.1868,18.2211,22.5321,23.9465,1.375,0.0000,0.0003
NH1,302060616.2,2009-07-28,14.012,273.422,1.626,16.838,0.00929,-0.4656,0.4656,inner_heliosphere,jupiter,11.2006,11.2006,18.2260,22.5359,23.9436,0.917,0.0000,0.0003
NH1,302229763.2,2009-07-30,14.030,273.445,1.627,16.833,0.00929,-0.4655,0.4655,inner_heliosphere,jupiter,11.2301,11.2301,18.2366,22.5441,23.9373,1.958,0.0001,0.0003
NH1,302323359.2,2009-07-31,14.040,273.458,1.627,16.830,0.00929,-0.4655,0.4655,inner_heliosphere,jupiter,11.2465,11.2465,18.2424,22.5487,23.9338,1.083,0.0000,0.0003
NH1,302434981.2,2009-08-01,14.052,273.473,1.627,16.827,0.00929,-0.4654,0.4654,inner_heliosphere,jupiter,11.2659,11.2659,18.2493,22.5541,23.9297,1.292,0.0000,0.0003
NH1,302521372.2,2009-08-02,14.062,273.485,1.628,16.824,0.00929,-0.4654,0.4654,inner_heliosphere,jupiter,11.2810,11.2810,18.2547,22.5584,23.9265,1.000,0.0000,0.0003
NH1,302553758.2,2009-08-03,14.065,273.489,1.628,16.823,0.00929,-0.4654,0.4654,inner_heliosphere,jupiter,11.2867,11.2867,18.2567,22.5599,23.9253,0.375,0.0000,0.0003
NH1,302755308.2,2009-08-05,14.087,273.516,1.629,16.818,0.00929,-0.4653,0.4653,inner_heliosphere,jupiter,11.3219,11.3219,18.2693,22.5698,23.9179,2.333,0.0001,0.0003
NH1,302812893.2,2009-08-06,14.093,273.524,1.629,16.816,0.00928,-0.4652,0.4652,inner_heliosphere,jupiter,11.3319,11.3319,18.2728,22.5727,23.9158,0.666,0.0000,0.0003
NH1,302928746.2,2009-08-07,14.106,273.539,1.629,16.813,0.00928,-0.4652,0.4652,inner_heliosphere,jupiter,11.3522,11.3522,18.2800,22.5783,23.9115,1.341,0.0000,0.0003
NH1,303126100.2,2009-08-09,14.127,273.566,1.630,16.807,0.00928,-0.4651,0.4651,inner_heliosphere,jupiter,11.3867,11.3867,18.2923,22.5881,23.9043,2.284,0.0001,0.0003
NH1,303187256.2,2009-08-10,14.133,273.574,1.630,16.805,0.00928,-0.4651,0.4651,inner_heliosphere,jupiter,11.3974,11.3974,18.2961,22.5911,23.9021,0.708,0.0000,0.0003
NH1,303298876.2,2009-08-11,14.145,273.589,1.631,16.802,0.00928,-0.4650,0.4650,inner_heliosphere,jupiter,11.4169,11.4169,18.3030,22.5966,23.8980,1.292,0.0000,0.0003
NH1,303360034.2,2009-08-12,14.152,273.597,1.631,16.800,0.00928,-0.4650,0.4650,inner_heliosphere,jupiter,11.4276,11.4276,18.3068,22.5996,23.8958,0.708,0.0000,0.0003
NH1,303414046.2,2009-08-13,14.158,273.604,1.631,16.799,0.00928,-0.4650,0.4650,inner_heliosphere,jupiter,11.4371,11.4371,18.3101,22.6023,23.8939,0.625,0.0000,0.0003
NH1,303558015.2,2009-08-14,14.173,273.623,1.632,16.795,0.00928,-0.4649,0.4649,inner_heliosphere,jupiter,11.4623,11.4623,18.3190,22.6095,23.8886,1.666,0.0000,0.0003
NH1,303874764.2,2009-08-18,14.207,273.665,1.633,16.786,0.00927,-0.4648,0.4648,inner_heliosphere,jupiter,11.5178,11.5178,18.3385,22.6252,23.8772,3.666,0.0001,0.0002
NH1,303953953.2,2009-08-19,14.216,273.675,1.633,16.783,0.00927,-0.4648,0.4648,inner_heliosphere,jupiter,11.5317,11.5317,18.3434,22.6292,23.8744,0.917,0.0000,0.0002
NH1,304133930.2,2009-08-21,14.235,273.699,1.634,16.778,0.00927,-0.4647,0.4647,inner_heliosphere,jupiter,11.5632,11.5632,18.3545,22.6382,23.8680,2.083,0.0000,0.0002
NH1,304249122.2,2009-08-22,14.247,273.714,1.635,16.775,0.00927,-0.4646,0.4646,inner_heliosphere,jupiter,11.5834,11.5834,18.3616,22.6440,23.8638,1.333,0.0000,0.0002
NH1,304407497.2,2009-08-24,14.264,273.735,1.635,16.771,0.00927,-0.4646,0.4646,inner_heliosphere,jupiter,11.6112,11.6112,18.3713,22.6519,23.8582,1.833,0.0000,0.0002
NH1,304469584.2,2009-08-25,14.271,273.743,1.635,16.769,0.00927,-0.4645,0.4645,inner_heliosphere,jupiter,11.6221,11.6221,18.3751,22.6551,23.8560,0.719,0.0000,0.0002
NH1,328173669.4,2010-05-26,16.782,276.375,1.711,16.200,0.00905,-0.4566,0.4566,inner_heliosphere,jupiter,15.8909,15.8909,19.7158,24.0425,23.2188,274.353,-0.0023,-0.0001
NH1,328260064.4,2010-05-27,16.791,276.384,1.711,16.199,0.00905,-0.4565,0.4565,inner_heliosphere,jupiter,15.9067,15.9067,19.7203,24.0482,23.2172,1.000,0.0000,0.0003
NH1,328346419.4,2010-05-28,16.800,276.392,1.711,16.197,0.00904,-0.4565,0.4565,inner_heliosphere,jupiter,15.9225,15.9225,19.7248,24.0540,23.2156,0.999,0.0000,0.0003
NH1,328688416.4,2010-06-01,16.836,276.424,1.712,16.190,0.00904,-0.4564,0.4564,inner_heliosphere,jupiter,15.9852,15.9852,19.7426,24.0766,23.2095,3.958,0.0001,0.0003
NH1,328861216.4,2010-06-03,16.854,276.440,1.713,16.186,0.00904,-0.4564,0.4564,inner_heliosphere,jupiter,16.0168,16.0168,19.7516,24.0881,23.2064,2.000,0.0000,0.0003
NH1,328947614.4,2010-06-04,16.863,276.448,1.713,16.185,0.00904,-0.4563,0.4563,inner_heliosphere,jupiter,16.0326,16.0326,19.7560,24.0939,23.2049,1.000,0.0000,0.0003
NH1,329217613.4,2010-06-07,16.891,276.473,1.714,16.179,0.00904,-0.4563,0.4563,inner_heliosphere,jupiter,16.0821,16.0821,19.7700,24.1119,23.2001,3.125,0.0001,0.0003
NH1,329304012.4,2010-06-08,16.900,276.481,1.714,16.177,0.00904,-0.4562,0.4562,inner_heliosphere,jupiter,16.0979,16.0979,19.7745,24.1176,23.1986,1.000,0.0000,0.0003
NH1,329390409.4,2010-06-09,16.909,276.489,1.714,16.176,0.00904,-0.4562,0.4562,inner_heliosphere,jupiter,16.1137,16.1137,19.7789,24.1234,23.1971,1.000,0.0000,0.0003
NH1,329469606.4,2010-06-10,16.917,276.497,1.714,16.174,0.00904,-0.4562,0.4562,inner_heliosphere,jupiter,16.1282,16.1282,19.7830,24.1287,23.1957,0.917,0.0000,0.0003
NH1,329530798.4,2010-06-11,16.924,276.502,1.715,16.173,0.00903,-0.4562,0.4562,inner_heliosphere,jupiter,16.1394,16.1394,19.7862,24.1328,23.1946,0.708,0.0000,0.0003
NH1,329811596.4,2010-06-14,16.953,276.528,1.715,16.167,0.00903,-0.4561,0.4561,inner_heliosphere,jupiter,16.1909,16.1909,19.8007,24.1516,23.1898,3.250,0.0001,0.0003
NH1,329866522.4,2010-06-15,16.959,276.534,1.715,16.166,0.00903,-0.4561,0.4561,inner_heliosphere,jupiter,16.2009,16.2009,19.8035,24.1553,23.1889,0.636,0.0000,0.0003
NH1,329980790.4,2010-06-16,16.971,276.544,1.716,16.164,0.00903,-0.4561,0.4561,inner_heliosphere,jupiter,16.2219,16.2219,19.8094,24.1630,23.1869,1.323,0.0000,0.0003
NH1,330070789.4,2010-06-17,16.980,276.552,1.716,16.162,0.00903,-0.4560,0.4560,inner_heliosphere,jupiter,16.2384,16.2384,19.8140,24.1690,23.1854,1.042,0.0000,0.0003
NH1,330149984.4,2010-06-18,16.989,276.560,1.716,16.160,0.00903,-0.4560,0.4560,inner_heliosphere,jupiter,16.2529,16.2529,19.8181,24.1743,23.1841,0.917,0.0000,0.0003
NH1,330416377.4,2010-06-21,17.016,276.584,1.717,16.155,0.00903,-0.4560,0.4560,inner_heliosphere,jupiter,16.3017,16.3017,19.8318,24.1923,23.1796,3.083,0.0001,0.0003
NH1,330502773.4,2010-06-22,17.025,276.592,1.717,16.153,0.00903,-0.4559,0.4559,inner_heliosphere,jupiter,16.3175,16.3175,19.8362,24.1981,23.1782,1.000,0.0000,0.0003
NH1,330585568.4,2010-06-23,17.034,276.600,1.717,16.152,0.00903,-0.4559,0.4559,inner_heliosphere,jupiter,16.3327,16.3327,19.8405,24.2037,23.1768,0.958,0.0000,0.0003
NH1,330664762.4,2010-06-24,17.042,276.607,1.717,16.150,0.00903,-0.4559,0.4559,inner_heliosphere,jupiter,16.3472,16.3472,19.8445,24.2090,23.1755,0.917,0.0000,0.0003
NH1,330751153.4,2010-06-25,17.051,276.615,1.718,16.148,0.00903,-0.4559,0.4559,inner_heliosphere,jupiter,16.3630,16.3630,19.8489,24.2149,23.1741,1.000,0.0000,0.0003
NH1,330844756.4,2010-06-26,17.061,276.624,1.718,16.147,0.00902,-0.4558,0.4558,inner_heliosphere,jupiter,16.3802,16.3802,19.8537,24.2212,23.1725,1.083,0.0000,0.0003
NH1,331010340.4,2010-06-28,17.079,276.639,1.718,16.143,0.00902,-0.4558,0.4558,inner_heliosphere,jupiter,16.4105,16.4105,19.8622,24.2324,23.1699,1.916,0.0001,0.0003
NH1,331103943.4,2010-06-29,17.088,276.647,1.719,16.141,0.00902,-0.4558,0.4558,inner_heliosphere,jupiter,16.4277,16.4277,19.8670,24.2388,23.1683,1.083,0.0000,0.0003
NH1,331204742.4,2010-06-30,17.099,276.656,1.719,16.140,0.00902,-0.4558,0.4558,inner_heliosphere,jupiter,16.4462,16.4462,19.8721,24.2456,23.1667,1.167,0.0000,0.0003
NH1,331273133.4,2010-07-01,17.106,276.663,1.719,16.138,0.00902,-0.4557,0.4557,inner_heliosphere,jupiter,16.4587,16.4587,19.8756,24.2503,23.1656,0.792,0.0000,0.0003
NH1,331345117.4,2010-07-02,17.113,276.669,1.719,16.137,0.00902,-0.4557,0.4557,inner_heliosphere,jupiter,16.4719,16.4719,19.8793,24.2552,23.1645,0.833,0.0000,0.0003
NH1,331445998.4,2010-07-03,17.124,276.678,1.719,16.135,0.00902,-0.4557,0.4557,inner_heliosphere,jupiter,16.4904,16.4904,19.8845,24.2620,23.1629,1.139,0.0005,0.0053
NH1,331611548.4,2010-07-05,17.141,276.693,1.720,16.132,0.00902,-0.4557,0.4557,inner_heliosphere,jupiter,16.5207,16.5207,19.8929,24.2733,23.1602,1.916,0.0001,0.0003
NH1,331705106.4,2010-07-06,17.151,276.702,1.720,16.130,0.00902,-0.4556,0.4556,inner_heliosphere,jupiter,16.5379,16.5379,19.8977,24.2797,23.1588,1.083,0.0000,0.0003
NH1,331759143.4,2010-07-07,17.157,276.707,1.720,16.129,0.00902,-0.4556,0.4556,inner_heliosphere,jupiter,16.5478,16.5478,19.9004,24.2833,23.1579,0.625,0.0000,0.0003
NH1,331870693.4,2010-07-08,17.168,276.717,1.721,16.127,0.00902,-0.4556,0.4556,inner_heliosphere,jupiter,16.5682,16.5682,19.9061,24.2910,23.1562,1.291,0.0000,0.0003
NH1,331967888.4,2010-07-09,17.178,276.725,1.721,16.125,0.00902,-0.4556,0.4556,inner_heliosphere,jupiter,16.5861,16.5861,19.9110,24.2976,23.1547,1.125,0.0000,0.0003
NH1,332191066.4,2010-07-12,17.202,276.746,1.721,16.120,0.00901,-0.4555,0.4555,inner_heliosphere,jupiter,16.6270,16.6270,19.9223,24.3129,23.1512,2.583,0.0001,0.0003
NH1,332414259.4,2010-07-14,17.225,276.766,1.722,16.116,0.00901,-0.4554,0.4554,inner_heliosphere,jupiter,16.6679,16.6679,19.9337,24.3281,23.1478,2.583,0.0001,0.0003
NH1,332500652.4,2010-07-15,17.234,276.773,1.722,16.114,0.00901,-0.4554,0.4554,inner_heliosphere,jupiter,16.6838,16.6838,19.9380,24.3341,23.1465,1.000,0.0000,0.0003
NH1,332587090.4,2010-07-16,17.243,276.781,1.722,16.113,0.00901,-0.4554,0.4554,inner_heliosphere,jupiter,16.6996,16.6996,19.9424,24.3400,23.1452,1.000,0.0000,0.0003
NH1,332619478.4,2010-07-17,17.246,276.784,1.722,16.112,0.00901,-0.4554,0.4554,inner_heliosphere,jupiter,16.7055,16.7055,19.9440,24.3422,23.1447,0.375,0.0000,0.0003
NH1,332846222.5,2010-07-19,17.270,276.804,1.723,16.108,0.00901,-0.4553,0.4553,inner_heliosphere,jupiter,16.7471,16.7471,19.9555,24.3578,23.1413,2.624,0.0001,0.0003
NH1,332900206.5,2010-07-20,17.276,276.809,1.723,16.107,0.00901,-0.4553,0.4553,inner_heliosphere,jupiter,16.7570,16.7570,19.9582,24.3615,23.1405,0.625,0.0000,0.0003
NH1,332997399.5,2010-07-21,17.286,276.818,1.723,16.105,0.00901,-0.4553,0.4553,inner_heliosphere,jupiter,16.7748,16.7748,19.9631,24.3682,23.1391,1.125,0.0000,0.0003
NH1,333191792.5,2010-07-23,17.306,276.835,1.724,16.101,0.00901,-0.4553,0.4553,inner_heliosphere,jupiter,16.8105,16.8105,19.9729,24.3816,23.1362,2.250,0.0001,0.0003
NH1,333198968.5,2010-07-23,17.307,276.836,1.724,16.101,0.00901,-0.4553,0.4553,inner_heliosphere,jupiter,16.8118,16.8118,19.9733,24.3821,23.1361,0.083,0.0000,0.0003
NH1,333450962.5,2010-07-26,17.333,276.858,1.724,16.096,0.00900,-0.4552,0.4552,inner_heliosphere,jupiter,16.8580,16.8580,19.9860,24.3995,23.1324,2.917,0.0001,0.0003
NH1,333506019.5,2010-07-27,17.339,276.863,1.725,16.095,0.00900,-0.4552,0.4552,inner_heliosphere,jupiter,16.8681,16.8681,19.9888,24.4033,23.1316,0.637,0.0000,0.0003
NH1,333617489.5,2010-07-28,17.350,276.873,1.725,16.093,0.00900,-0.4551,0.4551,inner_heliosphere,jupiter,16.8886,16.8886,19.9944,24.4111,23.1300,1.290,0.0000,0.0003
NH1,333678665.5,2010-07-29,17.357,276.878,1.725,16.092,0.00900,-0.4551,0.4551,inner_heliosphere,jupiter,16.8998,16.8998,19.9974,24.4153,23.1292,0.708,0.0000,0.0003
NH1,341833700.5,2010-10-31,18.204,277.564,1.744,15.942,0.00894,-0.4533,0.4533,inner_heliosphere,jupiter,18.3941,18.3941,20.3966,24.9985,23.0367,94.387,0.0008,0.0001
NH1,355471692.7,2011-04-07,19.607,278.580,1.772,15.721,0.00885,-0.4506,0.4506,inner_heliosphere,jupiter,20.8681,20.8681,21.0205,26.0488,22.9888,157.847,-0.0041,-0.0003
NH1,357869333.7,2011-05-05,19.853,278.743,1.776,15.685,0.00883,-0.4502,0.4502,inner_heliosphere,saturn,21.1251,21.2970,21.1251,26.2424,22.9941,27.750,0.0002,0.0001
NH1,358236603.7,2011-05-09,19.890,278.768,1.777,15.680,0.00883,-0.4501,0.4501,inner_heliosphere,saturn,21.1410,21.3625,21.1410,26.2722,22.9952,4.251,0.0001,0.0002
NH1,358300414.7,2011-05-10,19.897,278.772,1.777,15.679,0.00883,-0.4501,0.4501,inner_heliosphere,saturn,21.1438,21.3738,21.1438,26.2774,22.9954,0.739,0.0000,0.0002
NH1,358412026.7,2011-05-11,19.908,278.780,1.777,15.677,0.00883,-0.4501,0.4501,inner_heliosphere,saturn,21.1486,21.3937,21.1486,26.2865,22.9958,1.292,0.0000,0.0002
NH1,358498361.7,2011-05-12,19.917,278.785,1.777,15.676,0.00883,-0.4501,0.4501,inner_heliosphere,saturn,21.1523,21.4091,21.1523,26.2936,22.9961,0.999,0.0000,0.0002
NH1,358584760.7,2011-05-13,19.926,278.791,1.777,15.675,0.00883,-0.4501,0.4501,inner_heliosphere,saturn,21.1561,21.4245,21.1561,26.3006,22.9964,1.000,0.0000,0.0002
NH1,358818767.7,2011-05-16,19.950,278.807,1.778,15.671,0.00883,-0.4500,0.4500,inner_heliosphere,saturn,21.1662,21.4662,21.1662,26.3197,22.9973,2.708,0.0000,0.0002
NH1,359020377.7,2011-05-18,19.970,278.820,1.778,15.668,0.00882,-0.4500,0.4500,inner_heliosphere,saturn,21.1749,21.5020,21.1749,26.3362,22.9980,2.333,0.0000,0.0002
NH1,359077971.7,2011-05-19,19.976,278.824,1.778,15.668,0.00882,-0.4500,0.4500,inner_heliosphere,saturn,21.1773,21.5123,21.1773,26.3409,22.9983,0.667,0.0000,0.0002
NH1,359189578.7,2011-05-20,19.987,278.831,1.778,15.666,0.00882,-0.4500,0.4500,inner_heliosphere,saturn,21.1821,21.5321,21.1821,26.3500,22.9987,1.292,0.0000,0.0002
NH1,359448781.7,2011-05-23,20.014,278.849,1.779,15.662,0.00882,-0.4499,0.4499,inner_heliosphere,saturn,21.1933,21.5782,21.1933,26.3712,22.9997,3.000,0.0001,0.0002
NH1,359503994.7,2011-05-24,20.020,278.852,1.779,15.661,0.00882,-0.4499,0.4499,inner_heliosphere,saturn,21.1957,21.5880,21.1957,26.3758,23.0000,0.639,0.0000,0.0002
NH1,359617975.7,2011-05-25,20.031,278.860,1.779,15.660,0.00882,-0.4499,0.4499,inner_heliosphere,saturn,21.2005,21.6083,21.2005,26.3851,23.0005,1.319,0.0000,0.0002
NH1,359679789.7,2011-05-26,20.037,278.864,1.779,15.659,0.00882,-0.4499,0.4499,inner_heliosphere,saturn,21.2032,21.6192,21.2032,26.3902,23.0007,0.715,0.0000,0.0003
NH1,359794377.7,2011-05-27,20.049,278.872,1.780,15.657,0.00882,-0.4499,0.4499,inner_heliosphere,saturn,21.2081,21.6396,21.2081,26.3996,23.0012,1.326,0.0000,0.0003
NH1,359826769.7,2011-05-28,20.052,278.874,1.780,15.657,0.00882,-0.4499,0.4499,inner_heliosphere,saturn,21.2095,21.6453,21.2095,26.4023,23.0014,0.375,0.0000,0.0003
NH1,360148499.7,2011-05-31,20.085,278.895,1.780,15.652,0.00882,-0.4498,0.4498,inner_heliosphere,saturn,21.2233,21.7024,21.2233,26.4287,23.0028,3.724,0.0001,0.0003
NH1,360197579.7,2011-06-01,20.090,278.898,1.780,15.651,0.00882,-0.4498,0.4498,inner_heliosphere,saturn,21.2254,21.7111,21.2254,26.4327,23.0030,0.568,0.0000,0.0003
NH1,360320667.7,2011-06-02,20.103,278.906,1.780,15.650,0.00882,-0.4498,0.4498,inner_heliosphere,saturn,21.2307,21.7329,21.2307,26.4429,23.0036,1.425,0.0000,0.0003
NH1,360370376.7,2011-06-03,20.108,278.910,1.781,15.649,0.00882,-0.4498,0.4498,inner_heliosphere,saturn,21.2328,21.7418,21.2328,26.4469,23.0039,0.575,0.0000,0.0003
NH1,360651174.7,2011-06-06,20.137,278.928,1.781,15.645,0.00881,-0.4497,0.4497,inner_heliosphere,saturn,21.2448,21.7915,21.2448,26.4701,23.0052,3.250,0.0001,0.0003
NH1,360708778.7,2011-06-07,20.142,278.932,1.781,15.644,0.00881,-0.4497,0.4497,inner_heliosphere,saturn,21.2472,21.8017,21.2472,26.4748,23.0055,0.667,0.0000,0.0003
NH1,360838383.7,2011-06-08,20.156,278.940,1.781,15.642,0.00881,-0.4497,0.4497,inner_heliosphere,saturn,21.2528,21.8247,21.2528,26.4855,23.0062,1.500,0.0000,0.0003
NH1,360885171.7,2011-06-09,20.160,278.943,1.781,15.642,0.00881,-0.4497,0.4497,inner_heliosphere,saturn,21.2548,21.8330,21.2548,26.4894,23.0064,0.542,0.0000,0.0003
NH1,361011181.7,2011-06-10,20.173,278.951,1.782,15.640,0.00881,-0.4497,0.4497,inner_heliosphere,saturn,21.2601,21.8553,21.2601,26.4998,23.0071,1.458,0.0000,0.0003
NH1,361032763.7,2011-06-11,20.176,278.953,1.782,15.640,0.00881,-0.4497,0.4497,inner_heliosphere,saturn,21.2610,21.8591,21.2610,26.5016,23.0072,0.250,0.0000,0.0003
NH1,361230766.7,2011-06-13,20.196,278.966,1.782,15.637,0.00881,-0.4496,0.4496,inner_heliosphere,saturn,21.2695,21.8941,21.2695,26.5179,23.0082,2.292,0.0001,0.0003
NH1,361356833.7,2011-06-14,20.209,278.974,1.782,15.635,0.00881,-0.4496,0.4496,inner_heliosphere,saturn,21.2748,21.9164,21.2748,26.5284,23.0089,1.459,0.0000,0.0003
NH1,361403560.7,2011-06-15,20.213,278.977,1.782,15.634,0.00881,-0.4496,0.4496,inner_heliosphere,saturn,21.2768,21.9247,21.2768,26.5322,23.0092,0.541,0.0000,0.0003
NH1,361529635.7,2011-06-16,20.226,278.985,1.783,15.632,0.00881,-0.4496,0.4496,inner_heliosphere,saturn,21.2822,21.9469,21.2822,26.5427,23.0099,1.459,0.0000,0.0003
NH1,361576348.7,2011-06-17,20.231,278.988,1.783,15.632,0.00881,-0.4496,0.4496,inner_heliosphere,saturn,21.2842,21.9552,21.2842,26.5465,23.0101,0.541,0.0000,0.0003
NH1,361875160.8,2011-06-20,20.261,279.008,1.783,15.628,0.00881,-0.4495,0.4495,inner_heliosphere,saturn,21.2968,22.0080,21.2968,26.5713,23.0118,3.458,0.0001,0.0003
NH1,361950753.8,2011-06-21,20.269,279.012,1.783,15.627,0.00881,-0.4495,0.4495,inner_heliosphere,saturn,21.3000,22.0213,21.3000,26.5776,23.0123,0.875,0.0000,0.0003
NH1,362047953.8,2011-06-22,20.279,279.019,1.783,15.625,0.00881,-0.4495,0.4495,inner_heliosphere,saturn,21.3042,22.0385,21.3042,26.5857,23.0129,1.125,0.0000,0.0003
NH1,362134351.8,2011-06-23,20.288,279.024,1.784,15.624,0.00881,-0.4495,0.4495,inner_heliosphere,saturn,21.3078,22.0537,21.3078,26.5928,23.0134,1.000,0.0000,0.0003
NH1,362199138.8,2011-06-24,20.294,279.029,1.784,15.623,0.00880,-0.4495,0.4495,inner_heliosphere,saturn,21.3106,22.0651,21.3106,26.5982,23.0138,0.750,0.0000,0.0003
NH1,362433124.8,2011-06-27,20.318,279.044,1.784,15.620,0.00880,-0.4494,0.4494,inner_heliosphere,saturn,21.3205,22.1064,21.3205,26.6177,23.0152,2.708,0.0001,0.0003
NH1,389065230.1,2012-04-30,23.009,280.555,1.824,15.291,0.00866,-0.4459,0.4459,inner_heliosphere,saturn,22.3780,26.5724,22.3780,28.9666,23.4221,308.242,-0.0011,-0.0000
NH1,389168828.1,2012-05-01,23.019,280.560,1.824,15.290,0.00866,-0.4459,0.4459,inner_heliosphere,saturn,22.3819,26.5887,22.3819,28.9763,23.4246,1.199,0.0000,0.0002
NH1,389240841.1,2012-05-02,23.026,280.563,1.824,15.289,0.00866,-0.4459,0.4459,inner_heliosphere,saturn,22.3846,26.6000,22.3846,28.9829,23.4263,0.833,0.0000,0.0002
NH1,389334335.1,2012-05-03,23.036,280.568,1.824,15.288,0.00866,-0.4459,0.4459,inner_heliosphere,saturn,22.3881,26.6147,22.3881,28.9916,23.4286,1.082,0.0000,0.0002
NH1,389424339.1,2012-05-04,23.045,280.573,1.824,15.287,0.00866,-0.4459,0.4459,inner_heliosphere,saturn,22.3915,26.6289,22.3915,29.0000,23.4308,1.042,0.0000,0.0002
NH1,389690751.1,2012-05-07,23.071,280.586,1.825,15.284,0.00866,-0.4458,0.4458,inner_heliosphere,saturn,22.4015,26.6707,22.4015,29.0247,23.4373,3.083,0.0000,0.0002
NH1,389723145.1,2012-05-08,23.075,280.587,1.825,15.284,0.00866,-0.4458,0.4458,inner_heliosphere,saturn,22.4027,26.6758,22.4027,29.0277,23.4381,0.375,0.0000,0.0002
NH1,389834752.1,2012-05-09,23.086,280.593,1.825,15.283,0.00865,-0.4458,0.4458,inner_heliosphere,saturn,22.4069,26.6932,22.4069,29.0381,23.4408,1.292,0.0000,0.0002
NH1,390032758.1,2012-05-11,23.106,280.603,1.825,15.280,0.00865,-0.4458,0.4458,inner_heliosphere,saturn,22.4143,26.7243,22.4143,29.0565,23.4457,2.292,0.0000,0.0002
NH1,390299312.1,2012-05-14,23.132,280.616,1.826,15.278,0.00865,-0.4458,0.4458,inner_heliosphere,saturn,22.4243,26.7659,22.4243,29.0813,23.4523,3.085,0.0001,0.0002
NH1,390353175.1,2012-05-15,23.138,280.619,1.826,15.277,0.00865,-0.4458,0.4458,inner_heliosphere,saturn,22.4263,26.7744,22.4263,29.0863,23.4536,0.623,0.0000,0.0002
NH1,390468381.1,2012-05-16,23.149,280.624,1.826,15.276,0.00865,-0.4457,0.4457,inner_heliosphere,saturn,22.4306,26.7923,22.4306,29.0971,23.4565,1.333,0.0000,0.0002
NH1,390551173.1,2012-05-17,23.158,280.629,1.826,15.275,0.00865,-0.4457,0.4457,inner_heliosphere,saturn,22.4337,26.8053,22.4337,29.1048,23.4586,0.958,0.0000,0.0002
NH1,390633982.1,2012-05-18,23.166,280.633,1.826,15.274,0.00865,-0.4457,0.4457,inner_heliosphere,saturn,22.4368,26.8182,22.4368,29.1125,23.4606,0.958,0.0000,0.0002
NH1,390896773.1,2012-05-21,23.192,280.646,1.826,15.271,0.00865,-0.4457,0.4457,inner_heliosphere,saturn,22.4467,26.8591,22.4467,29.1370,23.4672,3.042,0.0001,0.0002
NH1,390954375.1,2012-05-22,23.198,280.648,1.826,15.271,0.00865,-0.4457,0.4457,inner_heliosphere,saturn,22.4488,26.8681,22.4488,29.1424,23.4687,0.667,0.0000,0.0002
NH1,391155983.1,2012-05-24,23.218,280.658,1.827,15.268,0.00865,-0.4457,0.4457,inner_heliosphere,saturn,22.4563,26.8995,22.4563,29.1612,23.4738,2.333,0.0000,0.0002
NH1,391217184.1,2012-05-25,23.224,280.661,1.827,15.268,0.00865,-0.4457,0.4457,inner_heliosphere,saturn,22.4586,26.9090,22.4586,29.1669,23.4754,0.708,0.0000,0.0002
NH1,391300003.1,2012-05-26,23.233,280.665,1.827,15.267,0.00865,-0.4457,0.4457,inner_heliosphere,saturn,22.4617,26.9219,22.4617,29.1747,23.4775,0.959,0.0000,0.0003
NH1,391422397.1,2012-05-27,23.245,280.671,1.827,15.266,0.00865,-0.4456,0.4456,inner_heliosphere,saturn,22.4663,26.9409,22.4663,29.1861,23.4806,1.417,0.0000,0.0003
NH1,391469183.1,2012-05-28,23.249,280.674,1.827,15.265,0.00865,-0.4456,0.4456,inner_heliosphere,saturn,22.4680,26.9481,22.4680,29.1905,23.4818,0.542,0.0000,0.0003
NH1,391573586.1,2012-05-29,23.260,280.679,1.827,15.264,0.00865,-0.4456,0.4456,inner_heliosphere,saturn,22.4719,26.9643,22.4719,29.2002,23.4845,1.208,0.0000,0.0003
NH1,391681594.1,2012-05-30,23.271,280.684,1.827,15.263,0.00865,-0.4456,0.4456,inner_heliosphere,saturn,22.4759,26.9811,22.4759,29.2103,23.4872,1.250,0.0000,0.0003
NH1,391757184.1,2012-05-31,23.278,280.688,1.827,15.262,0.00865,-0.4456,0.4456,inner_heliosphere,saturn,22.4788,26.9928,22.4788,29.2174,23.4892,0.875,0.0000,0.0003
NH1,391818385.1,2012-06-01,23.284,280.691,1.827,15.261,0.00865,-0.4456,0.4456,inner_heliosphere,saturn,22.4810,27.0023,22.4810,29.2231,23.4908,0.708,0.0000,0.0003
NH1,392199993.1,2012-06-05,23.323,280.709,1.828,15.257,0.00864,-0.4456,0.4456,inner_heliosphere,saturn,22.4953,27.0613,22.4953,29.2589,23.5007,4.417,0.0001,0.0003
NH1,392287085.1,2012-06-06,23.331,280.714,1.828,15.256,0.00864,-0.4455,0.4455,inner_heliosphere,saturn,22.4985,27.0748,22.4985,29.2670,23.5029,1.008,0.0000,0.0003
NH1,392333181.1,2012-06-07,23.336,280.716,1.828,15.256,0.00864,-0.4455,0.4455,inner_heliosphere,saturn,22.5002,27.0819,22.5002,29.2713,23.5042,0.534,0.0000,0.0003
NH1,392448384.1,2012-06-08,23.347,280.722,1.828,15.255,0.00864,-0.4455,0.4455,inner_heliosphere,saturn,22.5045,27.0997,22.5045,29.2821,23.5072,1.333,0.0000,0.0003
NH1,392678787.1,2012-06-11,23.370,280.733,1.829,15.252,0.00864,-0.4455,0.4455,inner_heliosphere,saturn,22.5131,27.1352,22.5131,29.3038,23.5132,2.667,0.0001,0.0003
NH1,392804781.1,2012-06-12,23.383,280.739,1.829,15.251,0.00864,-0.4455,0.4455,inner_heliosphere,saturn,22.5177,27.1546,22.5177,29.3156,23.5166,1.458,0.0000,0.0003
NH1,392891173.1,2012-06-13,23.392,280.743,1.829,15.250,0.00864,-0.4455,0.4455,inner_heliosphere,saturn,22.5209,27.1679,22.5209,29.3237,23.5188,1.000,0.0000,0.0003
NH1,392978885.1,2012-06-14,23.400,280.747,1.829,15.249,0.00864,-0.4455,0.4455,inner_heliosphere,saturn,22.5242,27.1814,22.5242,29.3319,23.5212,1.015,0.0000,0.0003
NH1,393024375.1,2012-06-15,23.405,280.749,1.829,15.248,0.00864,-0.4455,0.4455,inner_heliosphere,saturn,22.5259,27.1884,22.5259,29.3362,23.5224,0.527,0.0000,0.0003
NH1,393323271.1,2012-06-18,23.435,280.764,1.829,15.245,0.00864,-0.4454,0.4454,inner_heliosphere,saturn,22.5370,27.2343,22.5370,29.3643,23.5303,3.459,0.0001,0.0003
NH1,393369955.1,2012-06-19,23.440,280.766,1.829,15.245,0.00864,-0.4454,0.4454,inner_heliosphere,saturn,22.5387,27.2414,22.5387,29.3687,23.5316,0.540,0.0000,0.0003
NH1,393481555.1,2012-06-20,23.451,280.772,1.830,15.244,0.00864,-0.4454,0.4454,inner_heliosphere,saturn,22.5428,27.2586,22.5428,29.3792,23.5346,1.292,0.0000,0.0003
NH1,393567956.1,2012-06-21,23.459,280.776,1.830,15.243,0.00864,-0.4454,0.4454,inner_heliosphere,saturn,22.5460,27.2718,22.5460,29.3873,23.5369,1.000,0.0000,0.0003
NH1,393650751.1,2012-06-22,23.468,280.780,1.830,15.242,0.00864,-0.4454,0.4454,inner_heliosphere,saturn,22.5491,27.2845,22.5491,29.3951,23.5392,0.958,0.0000,0.0003
NH1,393913540.1,2012-06-25,23.494,280.792,1.830,15.239,0.00864,-0.4454,0.4454,inner_heliosphere,saturn,22.5588,27.3247,22.5588,29.4198,23.5463,3.042,0.0001,0.0003
NH1,394014443.1,2012-06-26,23.504,280.797,1.830,15.238,0.00863,-0.4454,0.4454,inner_heliosphere,saturn,22.5626,27.3401,22.5626,29.4294,23.5490,1.168,0.0000,0.0003
NH1,394057530.1,2012-06-27,23.508,280.799,1.830,15.238,0.00863,-0.4454,0.4454,inner_heliosphere,saturn,22.5642,27.3467,22.5642,29.4334,23.5502,0.499,0.0000,0.0003
NH1,394187138.1,2012-06-28,23.521,280.805,1.830,15.236,0.00863,-0.4453,0.4453,inner_heliosphere,saturn,22.5690,27.3665,22.5690,29.4456,23.5537,1.500,0.0000,0.0003
NH1,394259129.1,2012-06-29,23.528,280.809,1.831,15.235,0.00863,-0.4453,0.4453,inner_heliosphere,saturn,22.5716,27.3775,22.5716,29.4524,23.5557,0.833,0.0000,0.0003
NH1,394431932.1,2012-07-01,23.546,280.817,1.831,15.234,0.00863,-0.4453,0.4453,inner_heliosphere,saturn,22.5780,27.4038,22.5780,29.4687,23.5604,2.000,-0.9999,-5.7866
NH1,394511116.1,2012-07-02,23.554,280.821,1.831,15.233,0.00863,-0.4453,0.4453,inner_heliosphere,saturn,22.5809,27.4159,22.5809,29.4762,23.5626,0.916,0.0000,0.0003
NH1,410853335.3,2013-01-07,25.180,281.551,1.850,15.075,0.00856,-0.4437,0.4437,inner_heliosphere,saturn,23.1737,29.7707,23.1737,31.0550,24.0936,189.146,-0.0000,-0.0000
NH1,411026118.3,2013-01-09,25.197,281.558,1.850,15.073,0.00856,-0.4437,0.4437,inner_heliosphere,saturn,23.1799,29.7941,23.1799,31.0720,24.1000,2.000,-0.0001,-0.0003
NH1,411112505.3,2013-01-10,25.205,281.562,1.850,15.072,0.00856,-0.4437,0.4437,inner_heliosphere,saturn,23.1830,29.8058,23.1830,31.0806,24.1033,1.000,-0.0000,-0.0003
NH1,411206131.3,2013-01-11,25.214,281.566,1.850,15.071,0.00856,-0.4437,0.4437,inner_heliosphere,saturn,23.1863,29.8184,23.1863,31.0898,24.1068,1.084,-0.0000,-0.0003
NH1,411285330.3,2013-01-12,25.222,281.569,1.850,15.071,0.00856,-0.4437,0.4437,inner_heliosphere,saturn,23.1891,29.8291,23.1891,31.0976,24.1098,0.917,-0.0000,-0.0003
NH1,411458123.3,2013-01-14,25.239,281.576,1.850,15.069,0.00856,-0.4437,0.4437,inner_heliosphere,saturn,23.1953,29.8524,23.1953,31.1147,24.1163,2.000,-0.0001,-0.0003
NH1,411627302.3,2013-01-16,25.256,281.583,1.850,15.068,0.00856,-0.4437,0.4437,inner_heliosphere,saturn,23.2014,29.8752,23.2014,31.1314,24.1227,1.958,-0.0001,-0.0003
NH1,411800086.3,2013-01-18,25.273,281.590,1.851,15.066,0.00856,-0.4436,0.4436,inner_heliosphere,saturn,23.2075,29.8984,23.2075,31.1485,24.1292,2.000,-0.0001,-0.0003
NH1,412062899.3,2013-01-21,25.299,281.601,1.851,15.064,0.00856,-0.4436,0.4436,inner_heliosphere,saturn,23.2169,29.9337,23.2169,31.1745,24.1392,3.042,-0.0001,-0.0003
NH1,412149297.3,2013-01-22,25.308,281.605,1.851,15.063,0.00856,-0.4436,0.4436,inner_heliosphere,saturn,23.2200,29.9453,23.2200,31.1831,24.1425,1.000,-0.0000,-0.0003
NH1,412235689.3,2013-01-23,25.316,281.608,1.851,15.062,0.00855,-0.4436,0.4436,inner_heliosphere,saturn,23.2231,29.9569,23.2231,31.1917,24.1457,1.000,-0.0000,-0.0003
NH1,412300490.3,2013-01-24,25.323,281.611,1.851,15.062,0.00855,-0.4436,0.4436,inner_heliosphere,saturn,23.2254,29.9655,23.2254,31.1981,24.1482,0.750,-0.0000,-0.0003
NH1,412404886.3,2013-01-25,25.333,281.615,1.851,15.061,0.00855,-0.4436,0.4436,inner_heliosphere,saturn,23.2291,29.9795,23.2291,31.2084,24.1522,1.208,-0.0000,-0.0003
NH1,412487691.3,2013-01-26,25.341,281.619,1.851,15.060,0.00855,-0.4436,0.4436,inner_heliosphere,saturn,23.2321,29.9906,23.2321,31.2166,24.1554,0.958,-0.0000,-0.0003
NH1,422578953.4,2013-05-23,26.338,282.019,1.861,14.974,0.00851,-0.4427,0.4427,inner_heliosphere,saturn,23.5913,31.2816,23.5913,32.2284,24.5701,116.797,-0.0004,-0.0000
NH1,422748022.4,2013-05-25,26.355,282.026,1.862,14.972,0.00851,-0.4427,0.4427,inner_heliosphere,saturn,23.5973,31.3023,23.5973,32.2455,24.5775,1.957,0.0000,0.0002
NH1,422870561.4,2013-05-26,26.367,282.030,1.862,14.971,0.00851,-0.4427,0.4427,inner_heliosphere,saturn,23.6016,31.3172,23.6016,32.2579,24.5829,1.418,0.0000,0.0003
NH1,422957583.4,2013-05-27,26.375,282.034,1.862,14.970,0.00851,-0.4427,0.4427,inner_heliosphere,saturn,23.6047,31.3278,23.6047,32.2668,24.5868,1.007,0.0000,0.0003
NH1,422982428.4,2013-05-28,26.378,282.035,1.862,14.970,0.00851,-0.4427,0.4427,inner_heliosphere,saturn,23.6056,31.3308,23.6056,32.2693,24.5879,0.288,0.0000,0.0003
NH1,423129634.5,2013-05-29,26.392,282.040,1.862,14.969,0.00851,-0.4427,0.4427,inner_heliosphere,saturn,23.6108,31.3487,23.6108,32.2842,24.5944,1.704,0.0000,0.0003
NH1,423151220.5,2013-05-30,26.394,282.041,1.862,14.969,0.00851,-0.4427,0.4427,inner_heliosphere,saturn,23.6116,31.3513,23.6116,32.2864,24.5953,0.250,0.0000,0.0003
NH1,423266426.5,2013-05-31,26.406,282.045,1.862,14.968,0.00851,-0.4427,0.4427,inner_heliosphere,saturn,23.6157,31.3653,23.6157,32.2981,24.6004,1.333,0.0000,0.0003
NH1,423561637.5,2013-06-03,26.435,282.057,1.862,14.965,0.00851,-0.4427,0.4427,inner_heliosphere,saturn,23.6262,31.4011,23.6262,32.3281,24.6135,3.417,0.0001,0.0003
NH1,423648608.5,2013-06-04,26.443,282.060,1.862,14.965,0.00851,-0.4427,0.4427,inner_heliosphere,saturn,23.6293,31.4116,23.6293,32.3369,24.6174,1.007,0.0000,0.0003
NH1,423734437.5,2013-06-05,26.452,282.063,1.862,14.964,0.00851,-0.4426,0.4426,inner_heliosphere,saturn,23.6323,31.4220,23.6323,32.3456,24.6212,0.993,0.0000,0.0003
NH1,423756018.5,2013-06-06,26.454,282.064,1.862,14.964,0.00851,-0.4426,0.4426,inner_heliosphere,saturn,23.6331,31.4246,23.6331,32.3478,24.6221,0.250,0.0000,0.0003
NH1,423871225.5,2013-06-07,26.465,282.068,1.863,14.963,0.00851,-0.4426,0.4426,inner_heliosphere,saturn,23.6372,31.4385,23.6372,32.3596,24.6273,1.333,0.0000,0.0003
NH1,424080036.5,2013-06-09,26.486,282.076,1.863,14.961,0.00851,-0.4426,0.4426,inner_heliosphere,saturn,23.6446,31.4637,23.6446,32.3808,24.6366,2.417,0.0001,0.0003
NH1,424166436.5,2013-06-10,26.494,282.080,1.863,14.961,0.00851,-0.4426,0.4426,inner_heliosphere,saturn,23.6477,31.4741,23.6477,32.3896,24.6404,1.000,0.0000,0.0003
NH1,424252835.5,2013-06-11,26.503,282.083,1.863,14.960,0.00851,-0.4426,0.4426,inner_heliosphere,saturn,23.6508,31.4845,23.6508,32.3984,24.6443,1.000,0.0000,0.0003
NH1,424339354.5,2013-06-12,26.512,282.086,1.863,14.959,0.00851,-0.4426,0.4426,inner_heliosphere,saturn,23.6539,31.4949,23.6539,32.4072,24.6482,1.001,0.0000,0.0003
NH1,424386019.5,2013-06-13,26.516,282.088,1.863,14.959,0.00851,-0.4426,0.4426,inner_heliosphere,saturn,23.6555,31.5005,23.6555,32.4119,24.6503,0.540,0.0000,0.0003
NH1,424512020.5,2013-06-14,26.529,282.093,1.863,14.958,0.00851,-0.4426,0.4426,inner_heliosphere,saturn,23.6600,31.5156,23.6600,32.4247,24.6559,1.458,0.0000,0.0003
NH1,424760424.5,2013-06-17,26.553,282.102,1.863,14.956,0.00851,-0.4426,0.4426,inner_heliosphere,saturn,23.6688,31.5453,23.6688,32.4500,24.6671,2.875,0.0001,0.0003
NH1,424857758.5,2013-06-18,26.563,282.106,1.864,14.955,0.00851,-0.4426,0.4426,inner_heliosphere,saturn,23.6723,31.5569,23.6723,32.4599,24.6715,1.127,0.0000,0.0003
NH1,424929603.5,2013-06-19,26.570,282.108,1.864,14.954,0.00851,-0.4426,0.4426,inner_heliosphere,saturn,23.6748,31.5655,23.6748,32.4672,24.6747,0.832,0.0000,0.0003
NH1,425008797.5,2013-06-20,26.577,282.111,1.864,14.954,0.00850,-0.4425,0.4425,inner_heliosphere,saturn,23.6777,31.5750,23.6777,32.4753,24.6783,0.917,0.0000,0.0003
NH1,425116939.5,2013-06-21,26.588,282.115,1.864,14.953,0.00850,-0.4425,0.4425,inner_heliosphere,saturn,23.6815,31.5879,23.6815,32.4863,24.6832,1.252,0.0000,0.0003
NH1,425163601.5,2013-06-22,26.593,282.117,1.864,14.952,0.00850,-0.4425,0.4425,inner_heliosphere,saturn,23.6832,31.5934,23.6832,32.4911,24.6853,0.540,0.0000,0.0003
NH1,425361592.5,2013-06-24,26.612,282.124,1.864,14.951,0.00850,-0.4425,0.4425,inner_heliosphere,saturn,23.6902,31.6170,23.6902,32.5113,24.6943,2.292,0.0001,0.0003
NH1,425617171.5,2013-06-27,26.637,282.134,1.864,14.949,0.00850,-0.4425,0.4425,inner_heliosphere,saturn,23.6993,31.6473,23.6993,32.5373,24.7059,2.958,0.0001,0.0003
NH1,425721586.5,2013-06-28,26.648,282.138,1.864,14.948,0.00850,-0.4425,0.4425,inner_heliosphere,saturn,23.7030,31.6597,23.7030,32.5480,24.7106,1.209,0.0000,0.0003
NH1,425895940.5,2013-06-30,26.665,282.144,1.864,14.947,0.00850,-0.4425,0.4425,inner_heliosphere,saturn,23.7092,31.6804,23.7092,32.5658,24.7186,2.018,0.0001,0.0003
NH1,425951963.5,2013-07-01,26.670,282.146,1.865,14.946,0.00850,-0.4425,0.4425,inner_heliosphere,saturn,23.7112,31.6870,23.7112,32.5715,24.7212,0.648,0.0000,0.0003
NH1,426068749.5,2013-07-02,26.682,282.151,1.865,14.945,0.00850,-0.4425,0.4425,inner_heliosphere,saturn,23.7154,31.7008,23.7154,32.5834,24.7265,1.352,0.0000,0.0003
NH1,426139176.5,2013-07-03,26.689,282.153,1.865,14.945,0.00850,-0.4425,0.4425,inner_heliosphere,saturn,23.7179,31.7091,23.7179,32.5906,24.7297,0.815,0.0000,0.0003
NH1,426221956.5,2013-07-04,26.697,282.157,1.865,14.944,0.00850,-0.4424,0.4424,inner_heliosphere,saturn,23.7208,31.7189,23.7208,32.5991,24.7335,0.958,0.0000,0.0003
NH1,426326371.5,2013-07-05,26.707,282.160,1.865,14.943,0.00850,-0.4424,0.4424,inner_heliosphere,saturn,23.7246,31.7312,23.7246,32.6097,24.7383,1.209,0.0000,0.0003
NH1,426412762.5,2013-07-06,26.716,282.164,1.865,14.942,0.00850,-0.4424,0.4424,inner_heliosphere,saturn,23.7276,31.7413,23.7276,32.6186,24.7423,1.000,0.0000,0.0003
NH1,426499159.5,2013-07-07,26.724,282.167,1.865,14.942,0.00850,-0.4424,0.4424,inner_heliosphere,saturn,23.7307,31.7515,23.7307,32.6274,24.7462,1.000,0.0000,0.0003
NH1,426585554.5,2013-07-08,26.733,282.170,1.865,14.941,0.00850,-0.4424,0.4424,inner_heliosphere,saturn,23.7338,31.7616,23.7338,32.6362,24.7502,1.000,0.0000,0.0003
NH1,426671952.5,2013-07-09,26.741,282.173,1.865,14.940,0.00850,-0.4424,0.4424,inner_heliosphere,saturn,23.7369,31.7718,23.7369,32.6450,24.7542,1.000,0.0000,0.0003
NH1,426758342.5,2013-07-10,26.750,282.176,1.865,14.940,0.00850,-0.4424,0.4424,inner_heliosphere,saturn,23.7399,31.7819,23.7399,32.6539,24.7582,1.000,0.0000,0.0003
NH1,426819524.5,2013-07-11,26.756,282.179,1.865,14.939,0.00850,-0.4424,0.4424,inner_heliosphere,saturn,23.7421,31.7891,23.7421,32.6601,24.7610,0.708,0.0000,0.0003
NH1,426855531.5,2013-07-11,26.759,282.180,1.865,14.939,0.00850,-0.4424,0.4424,inner_heliosphere,saturn,23.7434,31.7933,23.7434,32.6638,24.7626,0.417,0.0000,0.0003
NH1,427003144.5,2013-07-13,26.774,282.185,1.866,14.938,0.00850,-0.4424,0.4424,inner_heliosphere,saturn,23.7487,31.8106,23.7487,32.6789,24.7695,1.708,0.0000,0.0003
NH1,427089533.5,2013-07-14,26.782,282.189,1.866,14.937,0.00850,-0.4424,0.4424,inner_heliosphere,saturn,23.7517,31.8207,23.7517,32.6878,24.7734,1.000,0.0000,0.0003
NH1,427157892.5,2013-07-15,26.789,282.191,1.866,14.936,0.00850,-0.4424,0.4424,inner_heliosphere,saturn,23.7542,31.8287,23.7542,32.6947,24.7766,0.791,0.0000,0.0003
NH1,427240680.5,2013-07-16,26.797,282.194,1.866,14.936,0.00850,-0.4424,0.4424,inner_heliosphere,saturn,23.7571,31.8383,23.7571,32.7032,24.7804,0.958,0.0000,0.0003
NH1,427337878.5,2013-07-17,26.807,282.198,1.866,14.935,0.00850,-0.4424,0.4424,inner_heliosphere,saturn,23.7606,31.8497,23.7606,32.7132,24.7850,1.125,0.0000,0.0003
NH1,427431479.5,2013-07-18,26.816,282.201,1.866,14.934,0.00850,-0.4424,0.4424,inner_heliosphere,saturn,23.7639,31.8606,23.7639,32.7227,24.7893,1.083,0.0000,0.0003
NH1,427489093.5,2013-07-19,26.821,282.203,1.866,14.934,0.00850,-0.4424,0.4424,inner_heliosphere,saturn,23.7660,31.8673,23.7660,32.7286,24.7920,0.667,0.0000,0.0003
NH1,427766242.5,2013-07-22,26.849,282.214,1.866,14.931,0.00849,-0.4423,0.4423,inner_heliosphere,saturn,23.7758,31.8995,23.7758,32.7570,24.8049,3.208,0.0001,0.0003
NH1,427831037.5,2013-07-23,26.855,282.216,1.866,14.931,0.00849,-0.4423,0.4423,inner_heliosphere,saturn,23.7781,31.9070,23.7781,32.7637,24.8079,0.750,0.0000,0.0003
NH1,427949838.5,2013-07-24,26.867,282.220,1.866,14.930,0.00849,-0.4423,0.4423,inner_heliosphere,saturn,23.7824,31.9208,23.7824,32.7758,24.8134,1.375,0.0000,0.0003
NH1,428036230.5,2013-07-25,26.875,282.223,1.866,14.929,0.00849,-0.4423,0.4423,inner_heliosphere,saturn,23.7855,31.9308,23.7855,32.7847,24.8175,1.000,0.0000,0.0003
NH1,428108212.5,2013-07-26,26.882,282.226,1.867,14.929,0.00849,-0.4423,0.4423,inner_heliosphere,saturn,23.7880,31.9391,23.7880,32.7921,24.8209,0.833,0.0000,0.0003
NH1,428378199.5,2013-07-29,26.909,282.236,1.867,14.927,0.00849,-0.4423,0.4423,inner_heliosphere,saturn,23.7976,31.9703,23.7976,32.8198,24.8335,3.125,0.0001,0.0003
NH1,428457382.5,2013-07-30,26.917,282.239,1.867,14.926,0.00849,-0.4423,0.4423,inner_heliosphere,saturn,23.8005,31.9794,23.8005,32.8279,24.8372,0.916,0.0000,0.0003
NH1,428550982.5,2013-07-31,26.926,282.242,1.867,14.925,0.00849,-0.4423,0.4423,inner_heliosphere,saturn,23.8038,31.9902,23.8038,32.8375,24.8416,1.083,0.0000,0.0003
NH1,428637373.5,2013-08-01,26.934,282.245,1.867,14.925,0.00849,-0.4423,0.4423,inner_heliosphere,saturn,23.8069,32.0001,23.8069,32.8464,24.8457,1.000,0.0000,0.0003
NH1,428723766.5,2013-08-02,26.943,282.249,1.867,14.924,0.00849,-0.4423,0.4423,inner_heliosphere,saturn,23.8100,32.0101,23.8100,32.8552,24.8498,1.000,0.0000,0.0003
NH1,428982940.5,2013-08-05,26.968,282.258,1.867,14.922,0.00849,-0.4422,0.4422,inner_heliosphere,saturn,23.8192,32.0398,23.8192,32.8818,24.8620,3.000,0.0001,0.0003
NH1,429062123.5,2013-08-06,26.976,282.261,1.867,14.921,0.00849,-0.4422,0.4422,inner_heliosphere,saturn,23.8220,32.0489,23.8220,32.8900,24.8657,0.916,0.0000,0.0003
NH1,429155724.5,2013-08-07,26.985,282.264,1.867,14.920,0.00849,-0.4422,0.4422,inner_heliosphere,saturn,23.8254,32.0596,23.8254,32.8996,24.8702,1.083,0.0000,0.0003
NH1,429242111.5,2013-08-08,26.994,282.267,1.868,14.920,0.00849,-0.4422,0.4422,inner_heliosphere,saturn,23.8285,32.0695,23.8285,32.9084,24.8743,1.000,0.0000,0.0003
NH1,429328504.5,2013-08-09,27.002,282.271,1.868,14.919,0.00849,-0.4422,0.4422,inner_heliosphere,saturn,23.8315,32.0793,23.8315,32.9173,24.8784,1.000,0.0000,0.0003
NH1,429584072.5,2013-08-12,27.027,282.280,1.868,14.917,0.00849,-0.4422,0.4422,inner_heliosphere,saturn,23.8407,32.1085,23.8407,32.9436,24.8905,2.958,0.0001,0.0003
NH1,429695687.5,2013-08-13,27.038,282.284,1.868,14.916,0.00849,-0.4422,0.4422,inner_heliosphere,saturn,23.8446,32.1212,23.8446,32.9551,24.8958,1.292,0.0000,0.0003
NH1,429782066.5,2013-08-14,27.047,282.287,1.868,14.916,0.00849,-0.4422,0.4422,inner_heliosphere,saturn,23.8477,32.1310,23.8477,32.9639,24.8999,1.000,0.0000,0.0003
NH1,429868455.5,2013-08-15,27.055,282.290,1.868,14.915,0.00849,-0.4422,0.4422,inner_heliosphere,saturn,23.8508,32.1408,23.8508,32.9728,24.9040,1.000,0.0000,0.0002
NH1,429929635.5,2013-08-16,27.061,282.292,1.868,14.914,0.00849,-0.4422,0.4422,inner_heliosphere,saturn,23.8530,32.1478,23.8530,32.9791,24.9070,0.708,0.0000,0.0003
NH1,430081306.5,2013-08-18,27.076,282.298,1.868,14.913,0.00849,-0.4421,0.4421,inner_heliosphere,saturn,23.8584,32.1650,23.8584,32.9947,24.9142,1.755,0.0000,0.0002
NH1,456079906.8,2014-06-15,29.616,283.156,1.889,14.729,0.00840,-0.4403,0.4403,inner_heliosphere,saturn,24.8103,34.7068,24.8103,35.7302,26.3218,300.910,-0.0016,-0.0001
NH1,456186885.8,2014-06-16,29.627,283.160,1.890,14.728,0.00840,-0.4403,0.4403,inner_heliosphere,saturn,24.8144,34.7156,24.8144,35.7417,26.3282,1.238,0.0000,0.0003
NH1,456294889.8,2014-06-17,29.637,283.163,1.890,14.727,0.00840,-0.4403,0.4403,inner_heliosphere,saturn,24.8185,34.7245,24.8185,35.7533,26.3347,1.250,0.0000,0.0003
NH1,456392088.8,2014-06-18,29.647,283.166,1.890,14.727,0.00840,-0.4403,0.4403,inner_heliosphere,saturn,24.8222,34.7325,24.8222,35.7637,26.3406,1.125,0.0000,0.0003
NH1,456464056.8,2014-06-19,29.654,283.168,1.890,14.726,0.00840,-0.4403,0.4403,inner_heliosphere,saturn,24.8249,34.7384,24.8249,35.7714,26.3449,0.833,0.0000,0.0003
NH1,456820466.8,2014-06-23,29.688,283.179,1.890,14.724,0.00840,-0.4403,0.4403,inner_heliosphere,saturn,24.8385,34.7675,24.8385,35.8097,26.3664,4.125,0.0001,0.0003
NH1,456910483.8,2014-06-24,29.697,283.181,1.890,14.723,0.00840,-0.4403,0.4403,inner_heliosphere,saturn,24.8419,34.7748,24.8419,35.8194,26.3718,1.042,0.0000,0.0003
NH1,456996878.9,2014-06-25,29.705,283.184,1.890,14.723,0.00840,-0.4403,0.4403,inner_heliosphere,saturn,24.8452,34.7818,24.8452,35.8287,26.3771,1.000,0.0000,0.0003
NH1,457083276.9,2014-06-26,29.714,283.187,1.890,14.722,0.00840,-0.4403,0.4403,inner_heliosphere,saturn,24.8485,34.7888,24.8485,35.8380,26.3823,1.000,0.0000,0.0003
NH1,457169671.9,2014-06-27,29.722,283.189,1.890,14.721,0.00840,-0.4403,0.4403,inner_heliosphere,saturn,24.8518,34.7958,24.8518,35.8472,26.3875,1.000,0.0000,0.0003
NH1,457187653.9,2014-06-28,29.724,283.190,1.890,14.721,0.00840,-0.4403,0.4403,inner_heliosphere,saturn,24.8525,34.7973,24.8525,35.8492,26.3886,0.208,0.0000,0.0003
NH1,457414430.9,2014-06-30,29.746,283.196,1.890,14.720,0.00839,-0.4403,0.4403,inner_heliosphere,saturn,24.8611,34.8156,24.8611,35.8736,26.4024,2.625,0.0001,0.0003
NH1,457515240.9,2014-07-01,29.756,283.199,1.891,14.719,0.00839,-0.4403,0.4403,inner_heliosphere,saturn,24.8650,34.8237,24.8650,35.8844,26.4085,1.167,0.0000,0.0003
NH1,457583634.9,2014-07-02,29.762,283.202,1.891,14.719,0.00839,-0.4402,0.4402,inner_heliosphere,saturn,24.8676,34.8293,24.8676,35.8918,26.4126,0.792,0.0000,0.0003
NH1,457666419.9,2014-07-03,29.770,283.204,1.891,14.718,0.00839,-0.4402,0.4402,inner_heliosphere,saturn,24.8708,34.8359,24.8708,35.9007,26.4177,0.958,0.0000,0.0003
NH1,458019225.9,2014-07-07,29.805,283.215,1.891,14.716,0.00839,-0.4402,0.4402,inner_heliosphere,saturn,24.8843,34.8642,24.8843,35.9386,26.4391,4.083,0.0001,0.0003
NH1,458102010.9,2014-07-08,29.813,283.217,1.891,14.715,0.00839,-0.4402,0.4402,inner_heliosphere,saturn,24.8874,34.8708,24.8874,35.9475,26.4442,0.958,0.0000,0.0003
NH1,458246006.9,2014-07-10,29.827,283.221,1.891,14.715,0.00839,-0.4402,0.4402,inner_heliosphere,saturn,24.8929,34.8823,24.8929,35.9630,26.4530,1.667,0.0000,0.0003
NH1,458364808.9,2014-07-11,29.838,283.225,1.891,14.714,0.00839,-0.4402,0.4402,inner_heliosphere,saturn,24.8975,34.8918,24.8975,35.9758,26.4602,1.375,0.0000,0.0003
NH1,458418793.9,2014-07-12,29.844,283.226,1.891,14.713,0.00839,-0.4402,0.4402,inner_heliosphere,saturn,24.8995,34.8961,24.8995,35.9816,26.4635,0.625,0.0000,0.0003
NH1,458537592.9,2014-07-13,29.855,283.230,1.891,14.713,0.00839,-0.4402,0.4402,inner_heliosphere,saturn,24.9041,34.9055,24.9041,35.9944,26.4708,1.375,0.0000,0.0003
NH1,458638392.9,2014-07-14,29.865,283.233,1.891,14.712,0.00839,-0.4402,0.4402,inner_heliosphere,saturn,24.9080,34.9135,24.9080,36.0053,26.4769,1.167,0.0000,0.0003
NH1,458726335.9,2014-07-15,29.873,283.236,1.891,14.712,0.00839,-0.4402,0.4402,inner_heliosphere,saturn,24.9113,34.9205,24.9113,36.0147,26.4823,1.018,0.0000,0.0003
NH1,458811170.9,2014-07-16,29.882,283.238,1.891,14.712,0.00839,-0.4402,0.4402,inner_heliosphere,saturn,24.9146,34.9272,24.9146,36.0239,26.4875,0.982,0.0000,0.0003
NH1,458897562.9,2014-07-17,29.890,283.241,1.892,14.711,0.00839,-0.4402,0.4402,inner_heliosphere,saturn,24.9179,34.9341,24.9179,36.0332,26.4928,1.000,0.0000,0.0003
NH1,458983958.9,2014-07-18,29.898,283.243,1.892,14.711,0.00839,-0.4402,0.4402,inner_heliosphere,saturn,24.9212,34.9409,24.9212,36.0425,26.4981,1.000,0.0000,0.0003
NH1,458994751.9,2014-07-18,29.899,283.244,1.892,14.711,0.00839,-0.4402,0.4402,inner_heliosphere,saturn,24.9216,34.9417,24.9216,36.0436,26.4988,0.125,0.0000,0.0003
NH1,459156743.9,2014-07-20,29.915,283.248,1.892,14.710,0.00839,-0.4402,0.4402,inner_heliosphere,saturn,24.9279,34.9545,24.9279,36.0611,26.5087,1.875,0.0001,0.0003
NH1,459225140.9,2014-07-21,29.922,283.250,1.892,14.709,0.00839,-0.4401,0.4401,inner_heliosphere,saturn,24.9305,34.9599,24.9305,36.0685,26.5129,0.792,0.0000,0.0003
NH1,459297117.9,2014-07-22,29.929,283.252,1.892,14.709,0.00839,-0.4401,0.4401,inner_heliosphere,saturn,24.9333,34.9655,24.9333,36.0762,26.5173,0.833,0.0000,0.0003
NH1,459397927.9,2014-07-23,29.939,283.255,1.892,14.708,0.00839,-0.4401,0.4401,inner_heliosphere,saturn,24.9371,34.9734,24.9371,36.0871,26.5235,1.167,0.0000,0.0003
NH1,459484327.9,2014-07-24,29.947,283.258,1.892,14.708,0.00839,-0.4401,0.4401,inner_heliosphere,saturn,24.9405,34.9802,24.9405,36.0964,26.5288,1.000,0.0000,0.0003
NH1,459567117.9,2014-07-25,29.955,283.260,1.892,14.707,0.00839,-0.4401,0.4401,inner_heliosphere,saturn,24.9436,34.9867,24.9436,36.1053,26.5339,0.958,0.0000,0.0003
NH1,459646292.9,2014-07-26,29.963,283.263,1.892,14.707,0.00839,-0.4401,0.4401,inner_heliosphere,saturn,24.9467,34.9929,24.9467,36.1139,26.5388,0.916,0.0000,0.0003
NH1,459739903.9,2014-07-27,29.972,283.266,1.892,14.706,0.00839,-0.4401,0.4401,inner_heliosphere,saturn,24.9503,35.0002,24.9503,36.1240,26.5446,1.083,0.0000,0.0003
NH1,459822670.9,2014-07-28,29.980,283.268,1.892,14.706,0.00839,-0.4401,0.4401,inner_heliosphere,saturn,24.9535,35.0066,24.9535,36.1329,26.5497,0.958,0.0000,0.0003
NH1,459912666.9,2014-07-29,29.989,283.271,1.892,14.705,0.00839,-0.4401,0.4401,inner_heliosphere,saturn,24.9569,35.0137,24.9569,36.1426,26.5552,1.042,0.0000,0.0003
NH1,459970258.9,2014-07-30,29.994,283.272,1.892,14.705,0.00839,-0.4401,0.4401,inner_heliosphere,saturn,24.9592,35.0181,24.9592,36.1488,26.5588,0.667,0.0000,0.0003
NH1,460085455.9,2014-07-31,30.005,283.276,1.892,14.704,0.00839,-0.4401,0.4401,inner_heliosphere,saturn,24.9636,35.0271,24.9636,36.1612,26.5659,1.333,0.0000,0.0003
NH1,460171841.9,2014-08-01,30.014,283.278,1.892,14.703,0.00839,-0.4401,0.4401,inner_heliosphere,saturn,24.9669,35.0338,24.9669,36.1706,26.5713,1.000,0.0000,0.0003
NH1,460431021.9,2014-08-04,30.039,283.286,1.893,14.702,0.00839,-0.4401,0.4401,inner_heliosphere,saturn,24.9769,35.0538,24.9769,36.1985,26.5873,3.000,0.0001,0.0003
NH1,460488608.9,2014-08-05,30.044,283.288,1.893,14.701,0.00839,-0.4401,0.4401,inner_heliosphere,saturn,24.9792,35.0583,24.9792,36.2047,26.5909,0.667,0.0000,0.0003
NH1,460603805.9,2014-08-06,30.056,283.291,1.893,14.701,0.00839,-0.4401,0.4401,inner_heliosphere,saturn,24.9836,35.0672,24.9836,36.2172,26.5980,1.333,0.0000,0.0003
NH1,460690196.9,2014-08-07,30.064,283.293,1.893,14.700,0.00839,-0.4401,0.4401,inner_heliosphere,saturn,24.9870,35.0738,24.9870,36.2265,26.6034,1.000,0.0000,0.0003
NH1,460776587.9,2014-08-08,30.072,283.296,1.893,14.699,0.00839,-0.4401,0.4401,inner_heliosphere,saturn,24.9903,35.0804,24.9903,36.2358,26.6087,1.000,0.0000,0.0003
NH1,461035761.9,2014-08-11,30.098,283.304,1.893,14.698,0.00838,-0.4400,0.4400,inner_heliosphere,saturn,25.0003,35.1003,25.0003,36.2638,26.6248,3.000,0.0001,0.0003
NH1,461143749.9,2014-08-12,30.108,283.307,1.893,14.697,0.00838,-0.4400,0.4400,inner_heliosphere,saturn,25.0045,35.1086,25.0045,36.2755,26.6315,1.250,0.0000,0.0003
NH1,461204935.9,2014-08-13,30.114,283.309,1.893,14.697,0.00838,-0.4400,0.4400,inner_heliosphere,saturn,25.0069,35.1132,25.0069,36.2821,26.6354,0.708,0.0000,0.0003
NH1,461316529.9,2014-08-14,30.125,283.312,1.893,14.696,0.00838,-0.4400,0.4400,inner_heliosphere,saturn,25.0112,35.1218,25.0112,36.2942,26.6423,1.292,0.0000,0.0003
NH1,461377722.9,2014-08-15,30.131,283.314,1.893,14.696,0.00838,-0.4400,0.4400,inner_heliosphere,saturn,25.0136,35.1264,25.0136,36.3008,26.6461,0.708,0.0000,0.0003
NH1,461435339.9,2014-08-16,30.136,283.315,1.893,14.695,0.00838,-0.4400,0.4400,inner_heliosphere,saturn,25.0158,35.1308,25.0158,36.3070,26.6497,0.667,0.0000,0.0002
NH1,461550503.9,2014-08-17,30.148,283.319,1.893,14.695,0.00838,-0.4400,0.4400,inner_heliosphere,saturn,25.0203,35.1396,25.0203,36.3195,26.6569,1.333,0.0000,0.0002
NH1,461636892.9,2014-08-18,30.156,283.321,1.893,14.694,0.00838,-0.4400,0.4400,inner_heliosphere,saturn,25.0236,35.1461,25.0236,36.3288,26.6623,1.000,0.0000,0.0002
NH1,461748480.9,2014-08-19,30.167,283.324,1.894,14.693,0.00838,-0.4400,0.4400,inner_heliosphere,saturn,25.0280,35.1546,25.0280,36.3409,26.6693,1.292,0.0000,0.0002
NH1,461809673.9,2014-08-20,30.173,283.326,1.894,14.693,0.00838,-0.4400,0.4400,inner_heliosphere,saturn,25.0303,35.1592,25.0303,36.3475,26.6731,0.708,0.0000,0.0002
NH1,461896083.9,2014-08-21,30.181,283.329,1.894,14.692,0.00838,-0.4400,0.4400,inner_heliosphere,saturn,25.0337,35.1657,25.0337,36.3568,26.6785,1.000,0.0000,0.0002
NH1,461982450.9,2014-08-22,30.189,283.331,1.894,14.692,0.00838,-0.4400,0.4400,inner_heliosphere,saturn,25.0370,35.1722,25.0370,36.3662,26.6839,1.000,0.0000,0.0002
NH1,462068841.9,2014-08-23,30.198,283.334,1.894,14.691,0.00838,-0.4400,0.4400,inner_heliosphere,saturn,25.0404,35.1788,25.0404,36.3755,26.6893,1.000,0.0000,0.0002
NH1,462155230.9,2014-08-24,30.206,283.336,1.894,14.691,0.00838,-0.4400,0.4400,inner_heliosphere,saturn,25.0438,35.1853,25.0438,36.3849,26.6947,1.000,0.0000,0.0002
NH1,462238020.9,2014-08-25,30.214,283.339,1.894,14.690,0.00838,-0.4400,0.4400,inner_heliosphere,saturn,25.0470,35.1915,25.0470,36.3938,26.6999,0.958,0.0000,0.0002
NH1,462310008.9,2014-08-26,30.221,283.341,1.894,14.690,0.00838,-0.4400,0.4400,inner_heliosphere,saturn,25.0498,35.1969,25.0498,36.4016,26.7044,0.833,0.0000,0.0002
NH1,471212550.0,2014-12-07,31.083,283.592,1.900,14.636,0.00835,-0.4394,0.4394,inner_heliosphere,saturn,25.4031,35.8200,25.4031,37.3701,27.2787,103.039,-0.0005,-0.0001
NH1,471316048.0,2014-12-08,31.093,283.595,1.900,14.635,0.00835,-0.4394,0.4394,inner_heliosphere,saturn,25.4073,35.8267,25.4073,37.3814,27.2855,1.198,-0.0000,-0.0003
NH1,471398840.0,2014-12-09,31.101,283.597,1.900,14.635,0.00835,-0.4394,0.4394,inner_heliosphere,saturn,25.4107,35.8321,25.4107,37.3905,27.2910,0.958,-0.0000,-0.0003
NH1,471485226.0,2014-12-10,31.110,283.599,1.900,14.634,0.00835,-0.4394,0.4394,inner_heliosphere,saturn,25.4142,35.8377,25.4142,37.3999,27.2968,1.000,-0.0000,-0.0003
NH1,471571597.0,2014-12-11,31.118,283.602,1.900,14.634,0.00835,-0.4394,0.4394,inner_heliosphere,saturn,25.4177,35.8433,25.4177,37.4094,27.3025,1.000,-0.0000,-0.0003
NH1,471668821.0,2014-12-12,31.127,283.604,1.900,14.633,0.00835,-0.4394,0.4394,inner_heliosphere,saturn,25.4216,35.8495,25.4216,37.4200,27.3089,1.125,-0.0000,-0.0003
NH1,471715570.0,2014-12-13,31.132,283.606,1.900,14.633,0.00835,-0.4394,0.4394,inner_heliosphere,saturn,25.4235,35.8526,25.4235,37.4251,27.3120,0.541,-0.0000,-0.0003
NH1,471967543.0,2014-12-16,31.156,283.613,1.901,14.632,0.00835,-0.4394,0.4394,inner_heliosphere,saturn,25.4338,35.8688,25.4338,37.4527,27.3288,2.916,-0.0001,-0.0003
NH1,472089955.0,2014-12-17,31.168,283.616,1.901,14.631,0.00835,-0.4394,0.4394,inner_heliosphere,saturn,25.4388,35.8766,25.4388,37.4661,27.3369,1.417,-0.0000,-0.0003
NH1,472316720.0,2014-12-20,31.190,283.622,1.901,14.629,0.00835,-0.4394,0.4394,inner_heliosphere,saturn,25.4480,35.8911,25.4480,37.4909,27.3521,2.625,-0.0001,-0.0003
NH1,472521922.0,2014-12-22,31.210,283.628,1.901,14.628,0.00835,-0.4393,0.4393,inner_heliosphere,saturn,25.4563,35.9042,25.4563,37.5134,27.3658,2.375,-0.0001,-0.0003
NH1,472622743.0,2014-12-23,31.220,283.630,1.901,14.628,0.00835,-0.4393,0.4393,inner_heliosphere,saturn,25.4605,35.9106,25.4605,37.5244,27.3725,1.167,-0.0000,-0.0003
NH1,472665905.0,2014-12-24,31.224,283.632,1.901,14.627,0.00835,-0.4393,0.4393,inner_heliosphere,saturn,25.4622,35.9133,25.4622,37.5292,27.3754,0.500,-0.0000,-0.0003
NH1,472950290.0,2014-12-27,31.251,283.639,1.901,14.626,0.00835,-0.4393,0.4393,inner_heliosphere,saturn,25.4738,35.9313,25.4738,37.5603,27.3944,3.291,-0.0001,-0.0003
NH1,473123109.0,2014-12-29,31.268,283.644,1.901,14.625,0.00835,-0.4393,0.4393,inner_heliosphere,saturn,25.4809,35.9422,25.4809,37.5793,27.4060,2.000,-0.0001,-0.0003
NH1,473166257.0,2014-12-29,31.272,283.645,1.901,14.624,0.00835,-0.4393,0.4393,inner_heliosphere,saturn,25.4827,35.9449,25.4827,37.5840,27.4088,0.499,-0.0000,-0.0003
NH1,473353459.0,2015-01-01,31.290,283.650,1.901,14.623,0.00835,-0.4393,0.4393,inner_heliosphere,saturn,25.4903,35.9567,25.4903,37.6045,27.4214,2.167,-0.0001,-0.0003
NH1,473497498.0,2015-01-02,31.304,283.654,1.902,14.623,0.00835,-0.4393,0.4393,inner_heliosphere,saturn,25.4962,35.9657,25.4962,37.6203,27.4311,1.667,-0.0000,-0.0003
NH1,473742281.0,2015-01-05,31.328,283.661,1.902,14.621,0.00835,-0.4393,0.4393,inner_heliosphere,saturn,25.5063,35.9809,25.5063,37.6471,27.4475,2.833,-0.0001,-0.0003
NH1,473843080.1,2015-01-06,31.338,283.663,1.902,14.621,0.00835,-0.4393,0.4393,inner_heliosphere,saturn,25.5104,35.9872,25.5104,37.6582,27.4543,1.167,-0.0000,-0.0003
NH1,473897050.1,2015-01-07,31.343,283.665,1.902,14.620,0.00835,-0.4393,0.4393,inner_heliosphere,saturn,25.5126,35.9906,25.5126,37.6641,27.4579,0.625,-0.0000,-0.0003
NH1,474102244.1,2015-01-09,31.363,283.670,1.902,14.619,0.00835,-0.4392,0.4392,inner_heliosphere,saturn,25.5210,36.0033,25.5210,37.6866,27.4717,2.375,-0.0001,-0.0003
NH1,474113023.1,2015-01-09,31.364,283.671,1.902,14.619,0.00835,-0.4392,0.4392,inner_heliosphere,saturn,25.5215,36.0039,25.5215,37.6878,27.4724,0.125,-0.0000,-0.0002
NH1,474275064.1,2015-01-11,31.379,283.675,1.902,14.618,0.00835,-0.4392,0.4392,inner_heliosphere,saturn,25.5281,36.0139,25.5281,37.7056,27.4834,1.875,-0.0001,-0.0003
NH1,474325433.1,2015-01-12,31.384,283.676,1.902,14.618,0.00835,-0.4392,0.4392,inner_heliosphere,saturn,25.5302,36.0170,25.5302,37.7111,27.4868,0.583,-0.0000,-0.0003
NH1,474444251.1,2015-01-13,31.396,283.680,1.902,14.617,0.00835,-0.4392,0.4392,inner_heliosphere,saturn,25.5351,36.0244,25.5351,37.7242,27.4948,1.375,-0.0000,-0.0003
NH1,474534229.1,2015-01-14,31.404,283.682,1.902,14.617,0.00835,-0.4392,0.4392,inner_heliosphere,saturn,25.5388,36.0299,25.5388,37.7340,27.5008,1.041,-0.0000,-0.0003
NH1,474545008.1,2015-01-14,31.405,283.682,1.902,14.616,0.00835,-0.4392,0.4392,inner_heliosphere,saturn,25.5393,36.0305,25.5393,37.7352,27.5016,0.125,-0.0000,-0.0003
NH1,474696230.1,2015-01-16,31.420,283.686,1.902,14.616,0.00834,-0.4392,0.4392,inner_heliosphere,saturn,25.5455,36.0398,25.5455,37.7518,27.5118,1.750,-0.0001,-0.0003
NH1,474962643.1,2015-01-19,31.446,283.694,1.902,14.614,0.00834,-0.4392,0.4392,inner_heliosphere,saturn,25.5565,36.0561,25.5565,37.7811,27.5298,3.083,-0.0001,-0.0003
NH1,475052615.1,2015-01-20,31.454,283.696,1.903,14.614,0.00834,-0.4392,0.4392,inner_heliosphere,saturn,25.5602,36.0616,25.5602,37.7909,27.5359,1.041,-0.0000,-0.0003
NH1,475063395.1,2015-01-20,31.456,283.696,1.903,14.613,0.00834,-0.4392,0.4392,inner_heliosphere,saturn,25.5606,36.0622,25.5606,37.7921,27.5366,0.125,-0.0000,-0.0003
NH1,475358603.1,2015-01-24,31.484,283.704,1.903,14.612,0.00834,-0.4392,0.4392,inner_heliosphere,saturn,25.5728,36.0801,25.5728,37.8246,27.5566,3.417,-0.0001,-0.0003
NH1,475571006.1,2015-01-26,31.505,283.710,1.903,14.611,0.00834,-0.4392,0.4392,inner_heliosphere,saturn,25.5816,36.0929,25.5816,37.8479,27.5710,2.458,-0.0001,-0.0003
NH1,475635804.1,2015-01-27,31.511,283.712,1.903,14.610,0.00834,-0.4392,0.4392,inner_heliosphere,saturn,25.5843,36.0968,25.5843,37.8550,27.5754,0.750,-0.0000,-0.0003
NH1,475909428.1,2015-01-30,31.537,283.719,1.903,14.609,0.00834,-0.4391,0.4391,inner_heliosphere,saturn,25.5956,36.1133,25.5956,37.8851,27.5940,3.167,-0.0001,-0.0003
NH1,476168623.1,2015-02-02,31.562,283.726,1.903,14.607,0.00834,-0.4391,0.4391,inner_heliosphere,saturn,25.6064,36.1288,25.6064,37.9136,27.6117,3.000,-0.0001,-0.0003
NH1,476309001.1,2015-02-04,31.576,283.730,1.903,14.606,0.00834,-0.4391,0.4391,inner_heliosphere,saturn,25.6122,36.1371,25.6122,37.9290,27.6213,1.625,-0.0000,-0.0003
NH1,476395404.1,2015-02-05,31.584,283.732,1.903,14.606,0.00834,-0.4391,0.4391,inner_heliosphere,saturn,25.6158,36.1422,25.6158,37.9385,27.6272,1.000,-0.0000,-0.0003
NH1,476521404.1,2015-02-06,31.596,283.735,1.903,14.605,0.00834,-0.4391,0.4391,inner_heliosphere,saturn,25.6211,36.1497,25.6211,37.9524,27.6358,1.458,-0.0000,-0.0003
NH1,476543007.1,2015-02-07,31.598,283.736,1.904,14.605,0.00834,-0.4391,0.4391,inner_heliosphere,saturn,25.6220,36.1510,25.6220,37.9548,27.6372,0.250,-0.0000,-0.0003
NH1,476676204.1,2015-02-08,31.611,283.739,1.904,14.604,0.00834,-0.4391,0.4391,inner_heliosphere,saturn,25.6275,36.1589,25.6275,37.9694,27.6463,1.542,-0.0000,-0.0003
NH1,476766209.1,2015-02-09,31.620,283.742,1.904,14.604,0.00834,-0.4391,0.4391,inner_heliosphere,saturn,25.6313,36.1642,25.6313,37.9793,27.6525,1.042,-0.0000,-0.0003
NH1,476820198.1,2015-02-10,31.625,283.743,1.904,14.603,0.00834,-0.4391,0.4391,inner_heliosphere,saturn,25.6335,36.1674,25.6335,37.9852,27.6562,0.625,-0.0000,-0.0003
NH1,476895806.1,2015-02-11,31.632,283.745,1.904,14.603,0.00834,-0.4391,0.4391,inner_heliosphere,saturn,25.6367,36.1718,25.6367,37.9936,27.6613,0.875,-0.0000,-0.0003
NH1,477212612.1,2015-02-14,31.663,283.753,1.904,14.601,0.00834,-0.4391,0.4391,inner_heliosphere,saturn,25.6499,36.1904,25.6499,38.0284,27.6830,3.667,-0.0001,-0.0003
NH1,477219792.1,2015-02-14,31.664,283.754,1.904,14.601,0.00834,-0.4391,0.4391,inner_heliosphere,saturn,25.6502,36.1908,25.6502,38.0292,27.6835,0.083,-0.0000,-0.0003
NH1,477374640.1,2015-02-16,31.679,283.758,1.904,14.600,0.00834,-0.4391,0.4391,inner_heliosphere,saturn,25.6566,36.1999,25.6566,38.0463,27.6941,1.792,-0.0000,-0.0002
NH1,477554619.1,2015-02-18,31.696,283.763,1.904,14.599,0.00834,-0.4391,0.4391,inner_heliosphere,saturn,25.6642,36.2104,25.6642,38.0661,27.7065,2.083,-0.0000,-0.0002
NH1,477615818.1,2015-02-19,31.702,283.764,1.904,14.599,0.00834,-0.4390,0.4390,inner_heliosphere,saturn,25.6667,36.2139,25.6667,38.0728,27.7107,0.708,-0.0000,-0.0002
NH1,477723822.1,2015-02-20,31.712,283.767,1.904,14.598,0.00834,-0.4390,0.4390,inner_heliosphere,saturn,25.6712,36.2202,25.6712,38.0847,27.7181,1.250,-0.0000,-0.0002
NH1,477803032.1,2015-02-21,31.720,283.769,1.904,14.598,0.00834,-0.4390,0.4390,inner_heliosphere,saturn,25.6746,36.2248,25.6746,38.0934,27.7235,0.917,-0.0000,-0.0002
NH1,477860625.1,2015-02-22,31.726,283.771,1.904,14.598,0.00834,-0.4390,0.4390,inner_heliosphere,saturn,25.6770,36.2281,25.6770,38.0998,27.7275,0.667,-0.0000,-0.0002
NH1,477950640.1,2015-02-23,31.734,283.773,1.904,14.597,0.00834,-0.4390,0.4390,inner_heliosphere,saturn,25.6808,36.2333,25.6808,38.1097,27.7337,1.042,-0.0000,-0.0002
NH1,478033428.1,2015-02-24,31.742,283.775,1.904,14.597,0.00834,-0.4390,0.4390,inner_heliosphere,saturn,25.6842,36.2381,25.6842,38.1188,27.7394,0.958,-0.0000,-0.0002
NH1,478141430.1,2015-02-25,31.753,283.778,1.905,14.596,0.00834,-0.4390,0.4390,inner_heliosphere,saturn,25.6888,36.2443,25.6888,38.1307,27.7468,1.250,-0.0000,-0.0002
NH1,478235056.1,2015-02-26,31.762,283.780,1.905,14.595,0.00834,-0.4390,0.4390,inner_heliosphere,saturn,25.6927,36.2497,25.6927,38.1410,27.7533,1.084,-0.0000,-0.0002
NH1,478332239.1,2015-02-27,31.771,283.783,1.905,14.595,0.00833,-0.4390,0.4390,inner_heliosphere,saturn,25.6968,36.2552,25.6968,38.1517,27.7599,1.125,-0.0000,-0.0002
NH1,478350230.1,2015-02-27,31.773,283.783,1.905,14.595,0.00833,-0.4390,0.4390,inner_heliosphere,saturn,25.6975,36.2563,25.6975,38.1537,27.7612,0.208,-0.0000,-0.0002
NH1,478595049.1,2015-03-02,31.796,283.790,1.905,14.593,0.00833,-0.4390,0.4390,inner_heliosphere,saturn,25.7078,36.2703,25.7078,38.1807,27.7781,2.834,-0.0000,-0.0002
NH1,478811066.1,2015-03-05,31.817,283.796,1.905,14.592,0.00833,-0.4390,0.4390,inner_heliosphere,saturn,25.7169,36.2826,25.7169,38.2045,27.7930,2.459,-0.0000,-0.0002
NH1,479012681.1,2015-03-07,31.837,283.801,1.905,14.591,0.00833,-0.4390,0.4390,inner_heliosphere,saturn,25.7254,36.2940,25.7254,38.2268,27.8069,2.334,-0.0000,-0.0002
NH1,479113494.1,2015-03-08,31.846,283.803,1.905,14.590,0.00833,-0.4390,0.4390,inner_heliosphere,saturn,25.7296,36.2997,25.7296,38.2379,27.8139,1.167,-0.0000,-0.0002
NH1,479199871.1,2015-03-09,31.855,283.806,1.905,14.590,0.00833,-0.4390,0.4390,inner_heliosphere,saturn,25.7333,36.3046,25.7333,38.2474,27.8199,1.000,-0.0000,-0.0001
NH1,479286278.1,2015-03-10,31.863,283.808,1.905,14.588,0.00833,-0.4389,0.4389,inner_heliosphere,saturn,25.7369,36.3094,25.7369,38.2569,27.8259,1.000,-0.0000,-0.0001
NH1,479329485.1,2015-03-11,31.867,283.809,1.905,14.588,0.00833,-0.4389,0.4389,inner_heliosphere,saturn,25.7388,36.3119,25.7388,38.2617,27.8289,0.500,-0.0000,-0.0001
NH1,479545473.1,2015-03-13,31.888,283.815,1.905,14.587,0.00833,-0.4389,0.4389,inner_heliosphere,saturn,25.7479,36.3240,25.7479,38.2855,27.8438,2.500,-0.0000,-0.0001
NH1,479552654.1,2015-03-13,31.889,283.815,1.905,14.587,0.00833,-0.4389,0.4389,inner_heliosphere,saturn,25.7482,36.3244,25.7482,38.2863,27.8443,0.083,-0.0000,-0.0001
NH1,479804687.1,2015-03-16,31.913,283.821,1.906,14.586,0.00833,-0.4389,0.4389,inner_heliosphere,saturn,25.7588,36.3385,25.7588,38.3141,27.8618,2.917,-0.0000,-0.0001
NH1,479837075.1,2015-03-17,31.916,283.822,1.906,14.585,0.00833,-0.4389,0.4389,inner_heliosphere,saturn,25.7602,36.3403,25.7602,38.3177,27.8641,0.375,-0.0000,-0.0001
NH1,479959499.1,2015-03-18,31.928,283.826,1.906,14.585,0.00833,-0.4389,0.4389,inner_heliosphere,saturn,25.7654,36.3471,25.7654,38.3312,27.8726,1.417,-0.0000,-0.0001
NH1,480189902.1,2015-03-21,31.950,283.832,1.906,14.583,0.00833,-0.4389,0.4389,inner_heliosphere,saturn,25.7752,36.3599,25.7752,38.3567,27.8886,2.667,-0.0000,-0.0001
NH1,480276305.1,2015-03-22,31.958,283.834,1.906,14.583,0.00833,-0.4389,0.4389,inner_heliosphere,saturn,25.7788,36.3647,25.7788,38.3662,27.8946,1.000,-0.0000,-0.0001
NH1,480467110.1,2015-03-24,31.977,283.839,1.906,14.582,0.00833,-0.4389,0.4389,inner_heliosphere,saturn,25.7869,36.3752,25.7869,38.3873,27.9079,2.208,-0.0000,-0.0001
NH1,480564329.1,2015-03-25,31.986,283.841,1.906,14.581,0.00833,-0.4389,0.4389,inner_heliosphere,saturn,25.7911,36.3806,25.7911,38.3980,27.9147,1.125,-0.0000,-0.0001
NH1,480733533.1,2015-03-27,32.003,283.846,1.906,14.580,0.00833,-0.4389,0.4389,inner_heliosphere,saturn,25.7983,36.3898,25.7983,38.4167,27.9265,1.958,-0.0000,-0.0001
NH1,481039543.1,2015-03-31,32.032,283.854,1.906,14.579,0.00833,-0.4388,0.4388,inner_heliosphere,saturn,25.8113,36.4066,25.8113,38.4505,27.9478,3.542,-0.0000,-0.0000
NH1,481165560.1,2015-04-01,32.044,283.857,1.906,14.578,0.00833,-0.4388,0.4388,inner_heliosphere,saturn,25.8167,36.4134,25.8167,38.4644,27.9567,1.459,-0.0000,-0.0000
NH1,481359960.1,2015-04-03,32.063,283.862,1.907,14.577,0.00833,-0.4388,0.4388,inner_heliosphere,saturn,25.8250,36.4240,25.8250,38.4859,27.9703,2.250,-0.0000,-0.0000
NH1,481410387.1,2015-04-04,32.068,283.863,1.907,14.577,0.00833,-0.4388,0.4388,inner_heliosphere,saturn,25.8271,36.4267,25.8271,38.4915,27.9738,0.584,-0.0000,-0.0000
NH1,481611983.1,2015-04-06,32.087,283.868,1.907,14.575,0.00833,-0.4388,0.4388,inner_heliosphere,saturn,25.8357,36.4376,25.8357,38.5138,27.9879,2.333,0.0000,0.0000
NH1,481781189.1,2015-04-08,32.104,283.873,1.907,14.575,0.00832,-0.4388,0.4388,inner_heliosphere,saturn,25.8430,36.4467,25.8430,38.5325,27.9998,1.958,0.0000,0.0000
NH1,481856799.1,2015-04-09,32.111,283.875,1.907,14.574,0.00832,-0.4388,0.4388,inner_heliosphere,saturn,25.8462,36.4507,25.8462,38.5408,28.0051,0.875,0.0000,0.0000
NH1,481939608.1,2015-04-10,32.119,283.877,1.907,14.574,0.00832,-0.4388,0.4388,inner_heliosphere,saturn,25.8497,36.4552,25.8497,38.5500,28.0109,0.958,0.0000,0.0000
NH1,482015196.1,2015-04-11,32.126,283.879,1.907,14.573,0.00832,-0.4388,0.4388,inner_heliosphere,saturn,25.8530,36.4592,25.8530,38.5584,28.0162,0.875,0.0000,0.0000
NH1,482198830.1,2015-04-13,32.144,283.883,1.907,14.572,0.00832,-0.4388,0.4388,inner_heliosphere,saturn,25.8608,36.4690,25.8608,38.5787,28.0291,2.125,0.0000,0.0000
NH1,482310425.2,2015-04-14,32.155,283.886,1.907,14.572,0.00832,-0.4388,0.4388,inner_heliosphere,saturn,25.8656,36.4750,25.8656,38.5910,28.0370,1.292,0.0000,0.0001
NH1,482396833.2,2015-04-15,32.163,283.888,1.907,14.571,0.00832,-0.4388,0.4388,inner_heliosphere,saturn,25.8693,36.4796,25.8693,38.6006,28.0430,1.000,0.0000,0.0001
NH1,482483233.2,2015-04-16,32.171,283.891,1.907,14.571,0.00832,-0.4388,0.4388,inner_heliosphere,saturn,25.8730,36.4841,25.8730,38.6101,28.0491,1.000,0.0000,0.0001
NH1,482544425.2,2015-04-17,32.177,283.892,1.907,14.570,0.00832,-0.4388,0.4388,inner_heliosphere,saturn,25.8757,36.4874,25.8757,38.6169,28.0534,0.708,0.0000,0.0001
NH1,482652437.2,2015-04-18,32.187,283.895,1.907,14.570,0.00832,-0.4388,0.4388,inner_heliosphere,saturn,25.8803,36.4931,25.8803,38.6289,28.0610,1.250,0.0000,0.0001
NH1,482742446.2,2015-04-19,32.196,283.897,1.907,14.569,0.00832,-0.4387,0.4387,inner_heliosphere,saturn,25.8842,36.4978,25.8842,38.6388,28.0674,1.042,0.0000,0.0001
NH1,482821645.2,2015-04-20,32.204,283.899,1.907,14.569,0.00832,-0.4387,0.4387,inner_heliosphere,saturn,25.8876,36.5020,25.8876,38.6476,28.0730,0.917,0.0000,0.0001
NH1,482882846.2,2015-04-21,32.210,283.901,1.907,14.568,0.00832,-0.4387,0.4387,inner_heliosphere,saturn,25.8902,36.5052,25.8902,38.6544,28.0773,0.708,0.0000,0.0001
NH1,482994452.2,2015-04-22,32.220,283.904,1.908,14.568,0.00832,-0.4387,0.4387,inner_heliosphere,saturn,25.8950,36.5111,25.8950,38.6667,28.0851,1.292,0.0000,0.0001
NH1,483170862.2,2015-04-24,32.237,283.908,1.908,14.567,0.00832,-0.4387,0.4387,inner_heliosphere,saturn,25.9026,36.5203,25.9026,38.6863,28.0976,2.042,0.0000,0.0001
NH1,483779314.2,2015-05-01,32.296,283.924,1.908,14.564,0.00832,-0.4387,0.4387,inner_heliosphere,saturn,25.9289,36.5520,25.9289,38.7536,28.1406,7.042,0.0001,0.0001
NH1,483808102.2,2015-05-02,32.299,283.924,1.908,14.563,0.00832,-0.4387,0.4387,inner_heliosphere,saturn,25.9302,36.5535,25.9302,38.7568,28.1427,0.333,0.0000,0.0002
NH1,484009704.2,2015-05-04,32.318,283.930,1.908,14.562,0.00832,-0.4387,0.4387,inner_heliosphere,saturn,25.9389,36.5638,25.9389,38.7792,28.1570,2.333,0.0000,0.0002
NH1,484189698.2,2015-05-06,32.335,283.934,1.908,14.561,0.00832,-0.4387,0.4387,inner_heliosphere,saturn,25.9467,36.5731,25.9467,38.7991,28.1698,2.083,0.0000,0.0002
NH1,484326521.2,2015-05-08,32.349,283.938,1.908,14.561,0.00832,-0.4387,0.4387,inner_heliosphere,saturn,25.9526,36.5801,25.9526,38.8143,28.1795,1.584,0.0000,0.0002
NH1,484610921.2,2015-05-11,32.376,283.945,1.909,14.559,0.00832,-0.4386,0.4386,inner_heliosphere,saturn,25.9650,36.5946,25.9650,38.8458,28.1997,3.292,0.0001,0.0002
NH1,484722522.2,2015-05-12,32.387,283.948,1.909,14.558,0.00832,-0.4386,0.4386,inner_heliosphere,saturn,25.9698,36.6003,25.9698,38.8582,28.2076,1.292,0.0000,0.0002
NH1,484812535.2,2015-05-13,32.395,283.950,1.909,14.558,0.00832,-0.4386,0.4386,inner_heliosphere,saturn,25.9737,36.6048,25.9737,38.8682,28.2140,1.042,0.0000,0.0002
NH1,484898933.2,2015-05-14,32.404,283.952,1.909,14.557,0.00832,-0.4386,0.4386,inner_heliosphere,saturn,25.9775,36.6092,25.9775,38.8778,28.2202,1.000,0.0000,0.0002
NH1,484985351.2,2015-05-15,32.412,283.954,1.909,14.557,0.00832,-0.4386,0.4386,inner_heliosphere,saturn,25.9813,36.6136,25.9813,38.8873,28.2264,1.000,0.0000,0.0002
NH1,485248138.2,2015-05-18,32.437,283.961,1.909,14.556,0.00832,-0.4386,0.4386,inner_heliosphere,saturn,25.9927,36.6268,25.9927,38.9165,28.2451,3.042,0.0001,0.0002
NH1,485327328.2,2015-05-19,32.445,283.963,1.909,14.555,0.00832,-0.4386,0.4386,inner_heliosphere,saturn,25.9962,36.6308,25.9962,38.9253,28.2507,0.917,0.0000,0.0002
NH1,485417334.2,2015-05-20,32.454,283.965,1.909,14.555,0.00832,-0.4386,0.4386,inner_heliosphere,saturn,26.0001,36.6353,26.0001,38.9353,28.2572,1.042,0.0000,0.0002
NH1,485503744.2,2015-05-21,32.462,283.967,1.909,14.554,0.00831,-0.4386,0.4386,inner_heliosphere,saturn,26.0039,36.6396,26.0039,38.9449,28.2633,1.000,0.0000,0.0002
NH1,485586535.2,2015-05-22,32.470,283.969,1.909,14.554,0.00831,-0.4386,0.4386,inner_heliosphere,saturn,26.0075,36.6437,26.0075,38.9541,28.2693,0.958,0.0000,0.0002
NH1,485658529.2,2015-05-23,32.477,283.971,1.909,14.553,0.00831,-0.4386,0.4386,inner_heliosphere,saturn,26.0106,36.6473,26.0106,38.9620,28.2744,0.833,0.0000,0.0002
NH1,485726929.2,2015-05-24,32.483,283.973,1.909,14.553,0.00831,-0.4386,0.4386,inner_heliosphere,saturn,26.0136,36.6507,26.0136,38.9696,28.2793,0.792,0.0000,0.0002
NH1,485852950.2,2015-05-25,32.496,283.976,1.909,14.552,0.00831,-0.4386,0.4386,inner_heliosphere,saturn,26.0191,36.6570,26.0191,38.9836,28.2883,1.459,0.0000,0.0002
NH1,485935749.2,2015-05-26,32.504,283.978,1.909,14.552,0.00831,-0.4386,0.4386,inner_heliosphere,saturn,26.0228,36.6611,26.0228,38.9928,28.2942,0.958,0.0000,0.0003
NH1,486025774.2,2015-05-27,32.512,283.981,1.909,14.551,0.00831,-0.4386,0.4386,inner_heliosphere,saturn,26.0267,36.6655,26.0267,39.0028,28.3007,1.042,0.0000,0.0003
NH1,486104962.2,2015-05-28,32.520,283.983,1.909,14.551,0.00831,-0.4385,0.4385,inner_heliosphere,saturn,26.0302,36.6694,26.0302,39.0116,28.3064,0.917,0.0000,0.0003
NH1,486191361.2,2015-05-29,32.528,283.985,1.909,14.550,0.00831,-0.4385,0.4385,inner_heliosphere,saturn,26.0340,36.6737,26.0340,39.0212,28.3126,1.000,0.0000,0.0003
NH1,486277764.2,2015-05-30,32.536,283.987,1.910,14.550,0.00831,-0.4385,0.4385,inner_heliosphere,saturn,26.0377,36.6779,26.0377,39.0308,28.3188,1.000,0.0000,0.0003
NH1,486335370.2,2015-05-31,32.542,283.988,1.910,14.550,0.00831,-0.4385,0.4385,inner_heliosphere,saturn,26.0403,36.6808,26.0403,39.0372,28.3229,0.667,0.0000,0.0003
NH1,486459004.2,2015-06-01,32.554,283.991,1.910,14.549,0.00831,-0.4385,0.4385,inner_heliosphere,saturn,26.0457,36.6868,26.0457,39.0509,28.3318,1.431,0.0000,0.0003
NH1,486533362.2,2015-06-02,32.561,283.993,1.910,14.549,0.00831,-0.4385,0.4385,inner_heliosphere,saturn,26.0490,36.6905,26.0490,39.0592,28.3371,0.861,0.0000,0.0003
NH1,486619762.2,2015-06-03,32.569,283.995,1.910,14.548,0.00831,-0.4385,0.4385,inner_heliosphere,saturn,26.0528,36.6947,26.0528,39.0688,28.3433,1.000,0.0000,0.0003
NH1,486716985.2,2015-06-04,32.579,283.998,1.910,14.548,0.00831,-0.4385,0.4385,inner_heliosphere,saturn,26.0570,36.6994,26.0570,39.0796,28.3503,1.125,0.0000,0.0003
NH1,486796180.2,2015-06-05,32.586,284.000,1.910,14.547,0.00831,-0.4385,0.4385,inner_heliosphere,saturn,26.0605,36.7033,26.0605,39.0884,28.3560,0.917,0.0000,0.0003
NH1,486889781.2,2015-06-06,32.595,284.002,1.910,14.547,0.00831,-0.4385,0.4385,inner_heliosphere,saturn,26.0646,36.7079,26.0646,39.0988,28.3627,1.083,0.0000,0.0003
NH1,486976184.2,2015-06-07,32.604,284.004,1.910,14.546,0.00831,-0.4385,0.4385,inner_heliosphere,saturn,26.0684,36.7120,26.0684,39.1084,28.3689,1.000,0.0000,0.0003
NH1,487062581.2,2015-06-08,32.612,284.006,1.910,14.546,0.00831,-0.4385,0.4385,inner_heliosphere,saturn,26.0723,36.7162,26.0723,39.1180,28.3751,1.000,0.0000,0.0003
NH1,487148982.2,2015-06-09,32.620,284.009,1.910,14.545,0.00831,-0.4385,0.4385,inner_heliosphere,saturn,26.0761,36.7204,26.0761,39.1276,28.3814,1.000,0.0000,0.0003
NH1,487235384.2,2015-06-10,32.629,284.011,1.910,14.545,0.00831,-0.4385,0.4385,inner_heliosphere,saturn,26.0799,36.7246,26.0799,39.1372,28.3876,1.000,0.0000,0.0003
NH1,487321781.2,2015-06-11,32.637,284.013,1.910,14.544,0.00831,-0.4385,0.4385,inner_heliosphere,saturn,26.0837,36.7287,26.0837,39.1468,28.3938,1.000,0.0000,0.0003
NH1,487408277.2,2015-06-12,32.645,284.015,1.910,14.544,0.00831,-0.4385,0.4385,inner_heliosphere,saturn,26.0875,36.7329,26.0875,39.1564,28.4000,1.001,0.0000,0.0003
NH1,487494565.2,2015-06-13,32.654,284.017,1.910,14.543,0.00831,-0.4385,0.4385,inner_heliosphere,saturn,26.0913,36.7371,26.0913,39.1660,28.4063,0.999,0.0000,0.0003
NH1,487580963.2,2015-06-14,32.662,284.019,1.910,14.542,0.00831,-0.4385,0.4385,inner_heliosphere,saturn,26.0951,36.7412,26.0951,39.1756,28.4125,1.000,0.0000,0.0003
NH1,487667366.2,2015-06-15,32.670,284.022,1.910,14.542,0.00831,-0.4385,0.4385,inner_heliosphere,saturn,26.0989,36.7453,26.0989,39.1852,28.4187,1.000,0.0000,0.0003
NH1,487742959.2,2015-06-16,32.677,284.023,1.910,14.542,0.00831,-0.4385,0.4385,inner_heliosphere,saturn,26.1023,36.7489,26.1023,39.1936,28.4242,0.875,0.0000,0.0003
NH1,487840159.2,2015-06-17,32.687,284.026,1.910,14.541,0.00831,-0.4384,0.4384,inner_heliosphere,saturn,26.1066,36.7536,26.1066,39.2044,28.4312,1.125,0.0000,0.0003
NH1,487915755.2,2015-06-18,32.694,284.028,1.910,14.541,0.00831,-0.4384,0.4384,inner_heliosphere,saturn,26.1099,36.7572,26.1099,39.2128,28.4367,0.875,0.0000,0.0003
NH1,488012955.2,2015-06-19,32.703,284.030,1.911,14.540,0.00831,-0.4384,0.4384,inner_heliosphere,saturn,26.1142,36.7618,26.1142,39.2237,28.4437,1.125,0.0000,0.0003
NH1,488084954.2,2015-06-20,32.710,284.032,1.911,14.540,0.00831,-0.4384,0.4384,inner_heliosphere,saturn,26.1174,36.7652,26.1174,39.2317,28.4489,0.833,0.0000,0.0003
NH1,488185753.2,2015-06-21,32.720,284.034,1.911,14.539,0.00831,-0.4384,0.4384,inner_heliosphere,saturn,26.1219,36.7700,26.1219,39.2429,28.4562,1.167,0.0000,0.0003
NH1,488272154.2,2015-06-22,32.728,284.037,1.911,14.539,0.00831,-0.4384,0.4384,inner_heliosphere,saturn,26.1257,36.7741,26.1257,39.2525,28.4625,1.000,0.0000,0.0003
NH1,488347750.2,2015-06-23,32.736,284.038,1.911,14.538,0.00831,-0.4384,0.4384,inner_heliosphere,saturn,26.1291,36.7776,26.1291,39.2609,28.4679,0.875,0.0000,0.0003
NH1,488444948.2,2015-06-24,32.745,284.041,1.911,14.538,0.00831,-0.4384,0.4384,inner_heliosphere,saturn,26.1334,36.7822,26.1334,39.2717,28.4750,1.125,0.0000,0.0003
NH1,488531345.2,2015-06-25,32.753,284.043,1.911,14.537,0.00831,-0.4384,0.4384,inner_heliosphere,saturn,26.1372,36.7863,26.1372,39.2813,28.4812,1.000,0.0000,0.0003
NH1,488617741.2,2015-06-26,32.762,284.045,1.911,14.537,0.00831,-0.4384,0.4384,inner_heliosphere,saturn,26.1411,36.7903,26.1411,39.2910,28.4875,1.000,0.0000,0.0003
NH1,488704138.2,2015-06-27,32.770,284.047,1.911,14.536,0.00831,-0.4384,0.4384,inner_heliosphere,saturn,26.1449,36.7944,26.1449,39.3006,28.4938,1.000,0.0000,0.0003
NH1,488790534.2,2015-06-28,32.778,284.049,1.911,14.536,0.00831,-0.4384,0.4384,inner_heliosphere,saturn,26.1488,36.7984,26.1488,39.3102,28.5000,1.000,0.0000,0.0003
NH1,488876930.2,2015-06-29,32.786,284.051,1.911,14.535,0.00831,-0.4384,0.4384,inner_heliosphere,saturn,26.1526,36.8024,26.1526,39.3198,28.5063,1.000,0.0000,0.0003
NH1,489136120.2,2015-07-02,32.811,284.058,1.911,14.534,0.00831,-0.4384,0.4384,inner_heliosphere,saturn,26.1642,36.8145,26.1642,39.3487,28.5251,3.000,-0.9999,-3.8579
NH1,489222519.2,2015-07-03,32.820,284.060,1.911,14.534,0.00830,-0.4384,0.4384,inner_heliosphere,saturn,26.1680,36.8185,26.1680,39.3583,28.5314,1.000,0.0000,0.0003
NH1,489421620.2,2015-07-06,32.839,284.065,1.911,14.533,0.00830,-0.4384,0.4384,inner_heliosphere,saturn,26.1769,36.8277,26.1769,39.3805,28.5459,2.304,0.0001,0.0003
NH1,489442112.2,2015-07-06,32.841,284.065,1.911,14.533,0.00830,-0.4384,0.4384,inner_heliosphere,saturn,26.1778,36.8286,26.1778,39.3827,28.5474,0.237,0.0000,0.0003
NH1,489568107.2,2015-07-07,32.853,284.069,1.911,14.532,0.00830,-0.4384,0.4384,inner_heliosphere,saturn,26.1835,36.8344,26.1835,39.3968,28.5566,1.458,0.0000,0.0003
NH1,489654498.2,2015-07-08,32.861,284.071,1.912,14.531,0.00830,-0.4384,0.4384,inner_heliosphere,saturn,26.1873,36.8384,26.1873,39.4064,28.5628,1.000,0.0000,0.0003
NH1,489740895.2,2015-07-09,32.869,284.073,1.912,14.531,0.00830,-0.4383,0.4383,inner_heliosphere,saturn,26.1912,36.8424,26.1912,39.4160,28.5691,1.000,0.0000,0.0003
NH1,489827292.2,2015-07-10,32.878,284.075,1.912,14.530,0.00830,-0.4383,0.4383,inner_heliosphere,saturn,26.1951,36.8463,26.1951,39.4256,28.5754,1.000,0.0000,0.0003
NH1,489913683.2,2015-07-11,32.886,284.077,1.912,14.530,0.00830,-0.4383,0.4383,inner_heliosphere,saturn,26.1989,36.8503,26.1989,39.4353,28.5817,1.000,0.0000,0.0003
NH1,490000082.2,2015-07-12,32.894,284.079,1.912,14.530,0.00830,-0.4383,0.4383,inner_heliosphere,saturn,26.2028,36.8542,26.2028,39.4449,28.5880,1.000,0.0000,0.0003
NH1,490057659.2,2015-07-13,32.900,284.081,1.912,14.529,0.00830,-0.4383,0.4383,inner_heliosphere,saturn,26.2054,36.8568,26.2054,39.4513,28.5922,0.666,0.0000,0.0003
NH1,490097274.2,2015-07-13,32.904,284.082,1.912,14.529,0.00830,-0.4383,0.4383,inner_heliosphere,saturn,26.2072,36.8586,26.2072,39.4557,28.5951,0.459,0.0000,0.0003
NH1,490241276.2,2015-07-15,32.918,284.085,1.912,14.525,0.00830,-0.4389,0.4389,inner_heliosphere,saturn,26.2136,36.8652,26.2136,39.4718,28.6057,1.667,0.0000,0.0003
NH1,490327672.2,2015-07-16,32.926,284.087,1.912,14.524,0.00830,-0.4389,0.4389,inner_heliosphere,saturn,26.2175,36.8691,26.2175,39.4814,28.6120,1.000,0.0000,0.0003
NH1,490406838.2,2015-07-17,32.933,284.089,1.912,14.524,0.00830,-0.4389,0.4389,inner_heliosphere,saturn,26.2210,36.8726,26.2210,39.4902,28.6178,0.916,0.0000,0.0003
NH1,490493235.2,2015-07-18,32.942,284.091,1.912,14.523,0.00830,-0.4389,0.4389,inner_heliosphere,saturn,26.2249,36.8765,26.2249,39.4999,28.6241,1.000,0.0000,0.0003
NH1,490579628.2,2015-07-19,32.950,284.093,1.912,14.523,0.00830,-0.4389,0.4389,inner_heliosphere,saturn,26.2288,36.8804,26.2288,39.5095,28.6304,1.000,0.0000,0.0003
NH1,490666023.2,2015-07-20,32.958,284.095,1.912,14.522,0.00830,-0.4388,0.4388,inner_heliosphere,saturn,26.2327,36.8843,26.2327,39.5191,28.6367,1.000,0.0000,0.0003
NH1,490748815.3,2015-07-21,32.966,284.097,1.912,14.522,0.00830,-0.4388,0.4388,inner_heliosphere,saturn,26.2364,36.8880,26.2364,39.5284,28.6428,0.958,0.0000,0.0003
NH1,490864025.3,2015-07-22,32.977,284.100,1.912,14.521,0.00830,-0.4388,0.4388,inner_heliosphere,saturn,26.2416,36.8932,26.2416,39.5412,28.6512,1.333,0.0000,0.0003
NH1,490932433.3,2015-07-23,32.984,284.102,1.912,14.521,0.00830,-0.4388,0.4388,inner_heliosphere,saturn,26.2447,36.8962,26.2447,39.5488,28.6562,0.792,0.0000,0.0003
NH1,491033211.3,2015-07-24,32.994,284.104,1.912,14.520,0.00830,-0.4388,0.4388,inner_heliosphere,saturn,26.2492,36.9007,26.2492,39.5601,28.6636,1.166,0.0000,0.0003
NH1,491105219.3,2015-07-25,33.001,284.106,1.912,14.520,0.00830,-0.4388,0.4388,inner_heliosphere,saturn,26.2525,36.9039,26.2525,39.5681,28.6689,0.833,0.0000,0.0003
NH1,491205998.3,2015-07-26,33.010,284.108,1.912,14.519,0.00830,-0.4388,0.4388,inner_heliosphere,saturn,26.2570,36.9084,26.2570,39.5794,28.6763,1.166,0.0000,0.0003
NH1,491267173.3,2015-07-27,33.016,284.110,1.913,14.519,0.00830,-0.4388,0.4388,inner_heliosphere,saturn,26.2598,36.9111,26.2598,39.5862,28.6808,0.708,0.0000,0.0003
NH1,491382383.3,2015-07-28,33.027,284.113,1.913,14.518,0.00830,-0.4388,0.4388,inner_heliosphere,saturn,26.2650,36.9162,26.2650,39.5990,28.6893,1.333,0.0000,0.0003
NH1,491439960.3,2015-07-29,33.033,284.114,1.913,14.518,0.00830,-0.4388,0.4388,inner_heliosphere,saturn,26.2676,36.9188,26.2676,39.6055,28.6935,0.666,0.0000,0.0003
NH1,491504764.3,2015-07-30,33.039,284.116,1.913,14.518,0.00830,-0.4388,0.4388,inner_heliosphere,saturn,26.2705,36.9216,26.2705,39.6127,28.6983,0.750,0.0000,0.0003
NH1,491641544.3,2015-07-31,33.052,284.119,1.913,14.517,0.00830,-0.4388,0.4388,inner_heliosphere,saturn,26.2767,36.9277,26.2767,39.6280,28.7083,1.583,0.0000,0.0003
NH1,491677533.3,2015-08-01,33.056,284.120,1.913,14.517,0.00830,-0.4388,0.4388,inner_heliosphere,saturn,26.2783,36.9292,26.2783,39.6320,28.7110,0.417,0.0000,0.0003
NH1,491792725.3,2015-08-02,33.067,284.123,1.913,14.516,0.00830,-0.4388,0.4388,inner_heliosphere,saturn,26.2835,36.9343,26.2835,39.6448,28.7194,1.333,0.0000,0.0003
NH1,491879117.3,2015-08-03,33.075,284.125,1.913,14.516,0.00830,-0.4388,0.4388,inner_heliosphere,saturn,26.2874,36.9381,26.2874,39.6545,28.7258,1.000,0.0000,0.0003
NH1,491987148.3,2015-08-04,33.085,284.127,1.913,14.515,0.00830,-0.4388,0.4388,inner_heliosphere,saturn,26.2923,36.9428,26.2923,39.6665,28.7338,1.250,0.0000,0.0003
NH1,492023105.3,2015-08-05,33.089,284.128,1.913,14.515,0.00830,-0.4388,0.4388,inner_heliosphere,saturn,26.2940,36.9444,26.2940,39.6706,28.7364,0.416,0.0000,0.0003
NH1,492109513.3,2015-08-06,33.097,284.130,1.913,14.515,0.00830,-0.4388,0.4388,inner_heliosphere,saturn,26.2979,36.9481,26.2979,39.6802,28.7428,1.000,0.0000,0.0003
NH1,492221087.3,2015-08-07,33.108,284.133,1.913,14.514,0.00830,-0.4388,0.4388,inner_heliosphere,saturn,26.3029,36.9530,26.3029,39.6927,28.7510,1.291,0.0000,0.0003
NH1,492311084.3,2015-08-08,33.116,284.135,1.913,14.514,0.00830,-0.4388,0.4388,inner_heliosphere,saturn,26.3070,36.9569,26.3070,39.7027,28.7576,1.042,0.0000,0.0003
NH1,492365069.3,2015-08-09,33.122,284.137,1.913,14.513,0.00830,-0.4388,0.4388,inner_heliosphere,saturn,26.3095,36.9592,26.3095,39.7087,28.7616,0.625,0.0000,0.0003
NH1,492505492.3,2015-08-10,33.135,284.140,1.913,14.513,0.00829,-0.4388,0.4388,inner_heliosphere,saturn,26.3159,36.9653,26.3159,39.7244,28.7720,1.625,0.0000,0.0003
NH1,492570257.3,2015-08-11,33.141,284.141,1.913,14.512,0.00829,-0.4387,0.4387,inner_heliosphere,saturn,26.3188,36.9681,26.3188,39.7317,28.7768,0.750,0.0000,0.0003
NH1,492656648.3,2015-08-12,33.150,284.144,1.913,14.512,0.00829,-0.4387,0.4387,inner_heliosphere,saturn,26.3227,36.9718,26.3227,39.7413,28.7831,1.000,0.0000,0.0003
NH1,492743035.3,2015-08-13,33.158,284.146,1.913,14.511,0.00829,-0.4387,0.4387,inner_heliosphere,saturn,26.3267,36.9755,26.3267,39.7510,28.7895,1.000,0.0000,0.0003
NH1,492851037.3,2015-08-14,33.168,284.148,1.914,14.511,0.00829,-0.4387,0.4387,inner_heliosphere,saturn,26.3316,36.9802,26.3316,39.7630,28.7975,1.250,0.0000,0.0003
NH1,493023804.3,2015-08-16,33.185,284.152,1.914,14.510,0.00829,-0.4387,0.4387,inner_heliosphere,saturn,26.3395,36.9875,26.3395,39.7823,28.8103,1.958,0.0000,0.0002
NH1,493110196.3,2015-08-17,33.193,284.154,1.914,14.509,0.00829,-0.4387,0.4387,inner_heliosphere,saturn,26.3434,36.9912,26.3434,39.7920,28.8167,1.000,0.0000,0.0002
NH1,493196585.3,2015-08-18,33.201,284.157,1.914,14.509,0.00829,-0.4387,0.4387,inner_heliosphere,saturn,26.3473,36.9949,26.3473,39.8016,28.8231,1.000,0.0000,0.0002
NH1,493279372.3,2015-08-19,33.209,284.158,1.914,14.508,0.00829,-0.4387,0.4387,inner_heliosphere,saturn,26.3511,36.9984,26.3511,39.8109,28.8292,0.958,0.0000,0.0002
NH1,493365763.3,2015-08-20,33.218,284.161,1.914,14.508,0.00829,-0.4387,0.4387,inner_heliosphere,saturn,26.3551,37.0021,26.3551,39.8206,28.8356,1.000,0.0000,0.0002
NH1,493455754.3,2015-08-21,33.226,284.163,1.914,14.508,0.00829,-0.4387,0.4387,inner_heliosphere,saturn,26.3592,37.0059,26.3592,39.8306,28.8423,1.042,0.0000,0.0002
NH1,493542145.3,2015-08-22,33.235,284.165,1.914,14.507,0.00829,-0.4387,0.4387,inner_heliosphere,saturn,26.3631,37.0095,26.3631,39.8403,28.8487,1.000,0.0000,0.0002
NH1,493714931.3,2015-08-24,33.251,284.169,1.914,14.506,0.00829,-0.4387,0.4387,inner_heliosphere,saturn,26.3710,37.0168,26.3710,39.8596,28.8615,1.958,0.0000,0.0002
NH1,493801320.3,2015-08-25,33.259,284.171,1.914,14.506,0.00829,-0.4387,0.4387,inner_heliosphere,saturn,26.3750,37.0205,26.3750,39.8692,28.8679,1.000,0.0000,0.0002
NH1,493887704.3,2015-08-26,33.268,284.173,1.914,14.505,0.00829,-0.4387,0.4387,inner_heliosphere,saturn,26.3789,37.0241,26.3789,39.8789,28.8743,1.000,0.0000,0.0002
NH1,493974099.3,2015-08-27,33.276,284.175,1.914,14.505,0.00829,-0.4387,0.4387,inner_heliosphere,saturn,26.3829,37.0277,26.3829,39.8886,28.8808,1.000,0.0000,0.0002
NH1,494060488.3,2015-08-28,33.284,284.177,1.914,14.504,0.00829,-0.4387,0.4387,inner_heliosphere,saturn,26.3869,37.0313,26.3869,39.8982,28.8872,1.000,0.0000,0.0002
NH1,494146878.3,2015-08-29,33.293,284.179,1.914,14.504,0.00829,-0.4387,0.4387,inner_heliosphere,saturn,26.3908,37.0349,26.3908,39.9079,28.8936,1.000,0.0000,0.0002
NH1,494233268.3,2015-08-30,33.301,284.181,1.914,14.503,0.00829,-0.4387,0.4387,inner_heliosphere,saturn,26.3948,37.0385,26.3948,39.9176,28.9000,1.000,0.0000,0.0002
NH1,494312444.3,2015-08-31,33.308,284.183,1.914,14.503,0.00829,-0.4387,0.4387,inner_heliosphere,saturn,26.3984,37.0418,26.3984,39.9264,28.9059,0.916,0.0000,0.0002
NH1,494406074.3,2015-09-01,33.317,284.185,1.914,14.503,0.00829,-0.4387,0.4387,inner_heliosphere,saturn,26.4027,37.0457,26.4027,39.9369,28.9129,1.084,0.0000,0.0002
NH1,494492433.3,2015-09-02,33.326,284.187,1.915,14.502,0.00829,-0.4386,0.4386,inner_heliosphere,saturn,26.4067,37.0492,26.4067,39.9466,28.9193,1.000,0.0000,0.0002
NH1,494578823.3,2015-09-03,33.334,284.190,1.915,14.502,0.00829,-0.4386,0.4386,inner_heliosphere,saturn,26.4107,37.0528,26.4107,39.9562,28.9258,1.000,0.0000,0.0002
NH1,494665212.3,2015-09-04,33.342,284.192,1.915,14.501,0.00829,-0.4386,0.4386,inner_heliosphere,saturn,26.4147,37.0564,26.4147,39.9659,28.9322,1.000,0.0000,0.0002
NH1,494751598.3,2015-09-05,33.351,284.194,1.915,14.501,0.00829,-0.4386,0.4386,inner_heliosphere,saturn,26.4187,37.0599,26.4187,39.9755,28.9386,1.000,0.0000,0.0002
NH1,494837987.3,2015-09-06,33.359,284.196,1.915,14.500,0.00829,-0.4386,0.4386,inner_heliosphere,saturn,26.4226,37.0635,26.4226,39.9852,28.9451,1.000,0.0000,0.0002
NH1,494917164.3,2015-09-07,33.366,284.198,1.915,14.500,0.00829,-0.4386,0.4386,inner_heliosphere,saturn,26.4263,37.0667,26.4263,39.9941,28.9510,0.916,0.0000,0.0002
NH1,495010766.3,2015-09-08,33.375,284.200,1.915,14.499,0.00829,-0.4386,0.4386,inner_heliosphere,saturn,26.4306,37.0705,26.4306,40.0046,28.9580,1.083,0.0000,0.0001
NH1,495097151.3,2015-09-09,33.384,284.202,1.915,14.499,0.00829,-0.4386,0.4386,inner_heliosphere,saturn,26.4346,37.0741,26.4346,40.0142,28.9644,1.000,0.0000,0.0001
NH1,495179941.3,2015-09-10,33.392,284.204,1.915,14.499,0.00829,-0.4386,0.4386,inner_heliosphere,saturn,26.4384,37.0774,26.4384,40.0235,28.9706,0.958,0.0000,0.0001
NH1,495269928.3,2015-09-11,33.400,284.206,1.915,14.498,0.00829,-0.4386,0.4386,inner_heliosphere,saturn,26.4426,37.0811,26.4426,40.0336,28.9773,1.042,0.0000,0.0001
NH1,495352717.3,2015-09-12,33.408,284.208,1.915,14.498,0.00829,-0.4386,0.4386,inner_heliosphere,saturn,26.4464,37.0845,26.4464,40.0428,28.9835,0.958,0.0000,0.0001
NH1,495410296.3,2015-09-13,33.414,284.209,1.915,14.497,0.00829,-0.4386,0.4386,inner_heliosphere,saturn,26.4491,37.0868,26.4491,40.0493,28.9878,0.666,0.0000,0.0001
NH1,495525489.3,2015-09-14,33.425,284.212,1.915,14.497,0.00829,-0.4386,0.4386,inner_heliosphere,saturn,26.4544,37.0915,26.4544,40.0622,28.9964,1.333,0.0000,0.0001
NH1,495615499.3,2015-09-15,33.433,284.214,1.915,14.496,0.00829,-0.4386,0.4386,inner_heliosphere,saturn,26.4586,37.0951,26.4586,40.0723,29.0032,1.042,0.0000,0.0001
NH1,495698263.3,2015-09-16,33.441,284.216,1.915,14.496,0.00829,-0.4386,0.4386,inner_heliosphere,saturn,26.4624,37.0984,26.4624,40.0815,29.0093,0.958,0.0000,0.0001
NH1,495788252.3,2015-09-17,33.450,284.218,1.915,14.495,0.00829,-0.4386,0.4386,inner_heliosphere,saturn,26.4666,37.1020,26.4666,40.0916,29.0161,1.042,0.0000,0.0001
NH1,495874956.3,2015-09-18,33.458,284.220,1.915,14.495,0.00829,-0.4386,0.4386,inner_heliosphere,saturn,26.4706,37.1055,26.4706,40.1013,29.0226,1.004,0.0000,0.0001
NH1,495961030.3,2015-09-19,33.467,284.222,1.915,14.495,0.00829,-0.4386,0.4386,inner_heliosphere,saturn,26.4746,37.1090,26.4746,40.1110,29.0290,0.996,0.0000,0.0001
NH1,496043814.3,2015-09-20,33.475,284.224,1.915,14.494,0.00829,-0.4386,0.4386,inner_heliosphere,saturn,26.4784,37.1123,26.4784,40.1202,29.0352,0.958,0.0000,0.0001
NH1,496130200.3,2015-09-21,33.483,284.226,1.916,14.494,0.00829,-0.4386,0.4386,inner_heliosphere,saturn,26.4824,37.1157,26.4824,40.1299,29.0417,1.000,0.0000,0.0001
NH1,496187784.3,2015-09-22,33.488,284.228,1.916,14.493,0.00829,-0.4386,0.4386,inner_heliosphere,saturn,26.4851,37.1180,26.4851,40.1364,29.0460,0.666,0.0000,0.0001
NH1,496302979.3,2015-09-23,33.499,284.230,1.916,14.493,0.00829,-0.4386,0.4386,inner_heliosphere,saturn,26.4905,37.1226,26.4905,40.1493,29.0547,1.333,0.0000,0.0001
NH1,496392966.3,2015-09-24,33.508,284.232,1.916,14.492,0.00829,-0.4386,0.4386,inner_heliosphere,saturn,26.4947,37.1262,26.4947,40.1594,29.0614,1.042,0.0000,0.0001
NH1,496479409.3,2015-09-25,33.516,284.234,1.916,14.492,0.00828,-0.4385,0.4385,inner_heliosphere,saturn,26.4987,37.1296,26.4987,40.1690,29.0679,1.000,0.0000,0.0001
NH1,496565732.3,2015-09-26,33.525,284.237,1.916,14.491,0.00828,-0.4385,0.4385,inner_heliosphere,saturn,26.5027,37.1330,26.5027,40.1787,29.0744,0.999,0.0000,0.0001
NH1,496616114.3,2015-09-27,33.529,284.238,1.916,14.491,0.00828,-0.4385,0.4385,inner_heliosphere,saturn,26.5050,37.1350,26.5050,40.1844,29.0782,0.583,0.0000,0.0000
NH1,496739429.3,2015-09-28,33.541,284.241,1.916,14.491,0.00828,-0.4385,0.4385,inner_heliosphere,saturn,26.5108,37.1398,26.5108,40.1982,29.0875,1.427,0.0000,0.0000
NH1,496817702.3,2015-09-29,33.549,284.242,1.916,14.490,0.00828,-0.4385,0.4385,inner_heliosphere,saturn,26.5144,37.1429,26.5144,40.2070,29.0933,0.906,0.0000,0.0000
NH1,496904090.3,2015-09-30,33.557,284.244,1.916,14.490,0.00828,-0.4385,0.4385,inner_heliosphere,saturn,26.5185,37.1463,26.5185,40.2166,29.0998,1.000,0.0000,0.0000
NH1,496997683.3,2015-10-01,33.566,284.247,1.916,14.489,0.00828,-0.4385,0.4385,inner_heliosphere,saturn,26.5229,37.1500,26.5229,40.2271,29.1069,1.083,0.0000,0.0000
NH1,497084057.3,2015-10-02,33.574,284.249,1.916,14.489,0.00828,-0.4385,0.4385,inner_heliosphere,saturn,26.5269,37.1533,26.5269,40.2368,29.1134,1.000,0.0000,0.0000
NH1,497170445.3,2015-10-03,33.583,284.251,1.916,14.488,0.00828,-0.4385,0.4385,inner_heliosphere,saturn,26.5309,37.1567,26.5309,40.2465,29.1199,1.000,0.0000,0.0000
NH1,497249640.3,2015-10-04,33.590,284.253,1.916,14.488,0.00828,-0.4385,0.4385,inner_heliosphere,saturn,26.5346,37.1598,26.5346,40.2554,29.1259,0.917,0.0000,0.0000
NH1,497336024.3,2015-10-05,33.598,284.255,1.916,14.488,0.00828,-0.4385,0.4385,inner_heliosphere,saturn,26.5387,37.1631,26.5387,40.2651,29.1324,1.000,0.0000,0.0000
NH1,497422414.3,2015-10-06,33.607,284.257,1.916,14.487,0.00828,-0.4385,0.4385,inner_heliosphere,saturn,26.5427,37.1665,26.5427,40.2748,29.1389,1.000,0.0000,0.0000
NH1,497517523.3,2015-10-07,33.616,284.259,1.916,14.487,0.00828,-0.4385,0.4385,inner_heliosphere,saturn,26.5472,37.1702,26.5472,40.2854,29.1460,1.101,-0.0000,-0.0000
NH1,497602397.3,2015-10-08,33.624,284.261,1.916,14.486,0.00828,-0.4385,0.4385,inner_heliosphere,saturn,26.5512,37.1734,26.5512,40.2950,29.1525,0.982,-0.0000,-0.0000
NH1,497688784.3,2015-10-09,33.632,284.263,1.916,14.486,0.00828,-0.4385,0.4385,inner_heliosphere,saturn,26.5552,37.1768,26.5552,40.3046,29.1590,1.000,-0.0000,-0.0000
NH1,497775166.3,2015-10-10,33.641,284.265,1.917,14.485,0.00828,-0.4385,0.4385,inner_heliosphere,saturn,26.5593,37.1801,26.5593,40.3143,29.1655,1.000,-0.0000,-0.0000
NH1,497850748.3,2015-10-11,33.648,284.267,1.917,14.485,0.00828,-0.4385,0.4385,inner_heliosphere,saturn,26.5628,37.1830,26.5628,40.3228,29.1712,0.875,-0.0000,-0.0000
NH1,497904722.3,2015-10-12,33.653,284.268,1.917,14.485,0.00828,-0.4385,0.4385,inner_heliosphere,saturn,26.5653,37.1850,26.5653,40.3289,29.1753,0.625,-0.0000,-0.0000
NH1,498034329.3,2015-10-13,33.665,284.271,1.917,14.484,0.00828,-0.4385,0.4385,inner_heliosphere,saturn,26.5714,37.1900,26.5714,40.3434,29.1851,1.500,-0.0000,-0.0000
NH1,498109911.3,2015-10-14,33.673,284.273,1.917,14.484,0.00828,-0.4385,0.4385,inner_heliosphere,saturn,26.5750,37.1929,26.5750,40.3519,29.1908,0.875,-0.0000,-0.0000
NH1,498208608.3,2015-10-15,33.682,284.275,1.917,14.483,0.00828,-0.4385,0.4385,inner_heliosphere,saturn,26.5796,37.1966,26.5796,40.3630,29.1982,1.142,-0.0000,-0.0001
NH1,498293496.3,2015-10-16,33.690,284.277,1.917,14.483,0.00828,-0.4385,0.4385,inner_heliosphere,saturn,26.5836,37.1999,26.5836,40.3725,29.2047,0.983,-0.0000,-0.0001
NH1,498379866.3,2015-10-17,33.698,284.279,1.917,14.482,0.00828,-0.4385,0.4385,inner_heliosphere,saturn,26.5877,37.2031,26.5877,40.3822,29.2112,1.000,-0.0000,-0.0001
NH1,498455461.3,2015-10-18,33.706,284.281,1.917,14.482,0.00828,-0.4385,0.4385,inner_heliosphere,saturn,26.5913,37.2060,26.5913,40.3907,29.2169,0.875,-0.0000,-0.0001
NH1,498541848.3,2015-10-19,33.714,284.283,1.917,14.481,0.00828,-0.4384,0.4384,inner_heliosphere,saturn,26.5953,37.2093,26.5953,40.4004,29.2235,1.000,-0.0000,-0.0001
NH1,498599455.3,2015-10-20,33.720,284.284,1.917,14.481,0.00828,-0.4384,0.4384,inner_heliosphere,saturn,26.5980,37.2114,26.5980,40.4068,29.2278,0.667,-0.0000,-0.0001
NH1,498725426.3,2015-10-21,33.732,284.287,1.917,14.481,0.00828,-0.4384,0.4384,inner_heliosphere,saturn,26.6040,37.2162,26.6040,40.4210,29.2374,1.458,-0.0000,-0.0001
NH1,498743427.3,2015-10-21,33.733,284.287,1.917,14.480,0.00828,-0.4384,0.4384,inner_heliosphere,saturn,26.6048,37.2168,26.6048,40.4230,29.2387,0.208,-0.0000,-0.0001
NH1,498886887.3,2015-10-23,33.747,284.291,1.917,14.483,0.00828,-0.4378,0.4378,inner_heliosphere,saturn,26.6116,37.2222,26.6116,40.4391,29.2496,1.660,-0.0000,-0.0001
NH1,498984588.3,2015-10-24,33.756,284.293,1.917,14.482,0.00828,-0.4378,0.4378,inner_heliosphere,saturn,26.6162,37.2259,26.6162,40.4501,29.2570,1.131,-0.0000,-0.0001
NH1,499002591.3,2015-10-24,33.758,284.293,1.917,14.482,0.00828,-0.4378,0.4378,inner_heliosphere,saturn,26.6171,37.2266,26.6171,40.4521,29.2584,0.208,-0.0000,-0.0001
NH1,499142975.3,2015-10-26,33.772,284.297,1.917,14.487,0.00828,-0.4369,0.4369,inner_heliosphere,saturn,26.6237,37.2318,26.6237,40.4679,29.2690,1.625,-0.0000,-0.0001
NH1,499232972.4,2015-10-27,33.780,284.299,1.917,14.486,0.00828,-0.4369,0.4369,inner_heliosphere,saturn,26.6280,37.2351,26.6280,40.4780,29.2759,1.042,-0.0000,-0.0001
NH1,499258149.4,2015-10-27,33.783,284.299,1.917,14.486,0.00828,-0.4369,0.4369,inner_heliosphere,saturn,26.6292,37.2361,26.6292,40.4808,29.2778,0.291,-0.0000,-0.0001
NH1,499402148.4,2015-10-29,33.796,284.303,1.917,14.491,0.00828,-0.4358,0.4358,inner_heliosphere,saturn,26.6360,37.2414,26.6360,40.4970,29.2887,1.667,-0.0000,-0.0001
NH1,499463332.4,2015-10-30,33.802,284.304,1.918,14.491,0.00828,-0.4358,0.4358,inner_heliosphere,saturn,26.6389,37.2437,26.6389,40.5038,29.2933,0.708,-0.0000,-0.0001
NH1,499542497.4,2015-10-31,33.810,284.306,1.918,14.490,0.00828,-0.4358,0.4358,inner_heliosphere,saturn,26.6427,37.2466,26.6427,40.5127,29.2993,0.916,-0.0000,-0.0001
NH1,499661307.4,2015-11-01,33.821,284.309,1.918,14.490,0.00828,-0.4358,0.4358,inner_heliosphere,saturn,26.6484,37.2510,26.6484,40.5260,29.3083,1.375,-0.0000,-0.0001
NH1,499762084.4,2015-11-02,33.831,284.311,1.918,14.489,0.00828,-0.4358,0.4358,inner_heliosphere,saturn,26.6532,37.2547,26.6532,40.5374,29.3160,1.166,-0.0000,-0.0002
NH1,499848470.4,2015-11-03,33.839,284.313,1.918,14.489,0.00828,-0.4357,0.4357,inner_heliosphere,saturn,26.6573,37.2579,26.6573,40.5471,29.3226,1.000,-0.0000,-0.0002
NH1,499936382.4,2015-11-04,33.848,284.315,1.918,14.492,0.00828,-0.4350,0.4350,inner_heliosphere,saturn,26.6615,37.2611,26.6615,40.5569,29.3292,1.018,-0.0000,-0.0002
NH1,500006860.4,2015-11-05,33.854,284.317,1.918,14.492,0.00828,-0.4350,0.4350,inner_heliosphere,saturn,26.6648,37.2637,26.6648,40.5648,29.3346,0.816,-0.0000,-0.0002
NH1,500060820.4,2015-11-06,33.860,284.318,1.918,14.492,0.00828,-0.4350,0.4350,inner_heliosphere,saturn,26.6674,37.2657,26.6674,40.5709,29.3387,0.625,-0.0000,-0.0002
NH1,500179621.4,2015-11-07,33.871,284.321,1.918,14.491,0.00828,-0.4350,0.4350,inner_heliosphere,saturn,26.6731,37.2700,26.6731,40.5842,29.3477,1.375,-0.0000,-0.0002
NH1,500266009.4,2015-11-08,33.879,284.323,1.918,14.491,0.00828,-0.4350,0.4350,inner_heliosphere,saturn,26.6772,37.2731,26.6772,40.5939,29.3543,1.000,-0.0000,-0.0002
NH1,500348797.4,2015-11-09,33.887,284.325,1.918,14.490,0.00828,-0.4350,0.4350,inner_heliosphere,saturn,26.6812,37.2762,26.6812,40.6032,29.3606,0.958,-0.0000,-0.0002
NH1,500454850.4,2015-11-10,33.897,284.328,1.918,14.490,0.00828,-0.4350,0.4350,inner_heliosphere,saturn,26.6862,37.2800,26.6862,40.6151,29.3686,1.227,-0.0000,-0.0002
NH1,500521576.4,2015-11-11,33.904,284.329,1.918,14.489,0.00828,-0.4350,0.4350,inner_heliosphere,saturn,26.6894,37.2824,26.6894,40.6226,29.3737,0.772,-0.0000,-0.0002
NH1,500607962.4,2015-11-12,33.912,284.331,1.918,14.489,0.00828,-0.4350,0.4350,inner_heliosphere,saturn,26.6936,37.2855,26.6936,40.6323,29.3803,1.000,-0.0000,-0.0002
NH1,500694354.4,2015-11-13,33.920,284.333,1.918,14.489,0.00828,-0.4350,0.4350,inner_heliosphere,saturn,26.6977,37.2886,26.6977,40.6420,29.3869,1.000,-0.0000,-0.0002
NH1,500780742.4,2015-11-14,33.929,284.335,1.918,14.488,0.00828,-0.4350,0.4350,inner_heliosphere,saturn,26.7019,37.2918,26.7019,40.6517,29.3934,1.000,-0.0000,-0.0002
NH1,500885135.4,2015-11-15,33.939,284.338,1.918,14.488,0.00828,-0.4350,0.4350,inner_heliosphere,saturn,26.7069,37.2955,26.7069,40.6635,29.4014,1.208,-0.0000,-0.0002
NH1,500953518.4,2015-11-16,33.945,284.340,1.918,14.487,0.00828,-0.4350,0.4350,inner_heliosphere,saturn,26.7102,37.2979,26.7102,40.6712,29.4066,0.791,-0.0000,-0.0002
NH1,501043508.4,2015-11-17,33.954,284.342,1.918,14.487,0.00828,-0.4350,0.4350,inner_heliosphere,saturn,26.7145,37.3012,26.7145,40.6813,29.4135,1.042,-0.0000,-0.0002
NH1,501145885.4,2015-11-18,33.964,284.344,1.918,14.486,0.00828,-0.4350,0.4350,inner_heliosphere,saturn,26.7194,37.3048,26.7194,40.6928,29.4213,1.185,-0.0000,-0.0002
NH1,501230683.4,2015-11-19,33.972,284.346,1.918,14.486,0.00828,-0.4350,0.4350,inner_heliosphere,saturn,26.7235,37.3078,26.7235,40.7023,29.4277,0.981,-0.0000,-0.0002
NH1,501317073.4,2015-11-20,33.980,284.348,1.918,14.485,0.00828,-0.4350,0.4350,inner_heliosphere,saturn,26.7276,37.3109,26.7276,40.7120,29.4343,1.000,-0.0000,-0.0002
NH1,501403473.4,2015-11-21,33.988,284.350,1.918,14.485,0.00828,-0.4350,0.4350,inner_heliosphere,saturn,26.7318,37.3140,26.7318,40.7217,29.4409,1.000,-0.0000,-0.0002
NH1,501464651.4,2015-11-22,33.994,284.352,1.918,14.485,0.00828,-0.4350,0.4350,inner_heliosphere,saturn,26.7347,37.3161,26.7347,40.7286,29.4456,0.708,-0.0000,-0.0002
NH1,501577792.4,2015-11-23,34.005,284.354,1.919,14.484,0.00828,-0.4349,0.4349,inner_heliosphere,saturn,26.7402,37.3201,26.7402,40.7413,29.4542,1.310,-0.0000,-0.0003
NH1,501662647.4,2015-11-24,34.013,284.356,1.919,14.484,0.00828,-0.4349,0.4349,inner_heliosphere,saturn,26.7443,37.3231,26.7443,40.7509,29.4607,0.982,-0.0000,-0.0003
NH1,501731029.4,2015-11-25,34.020,284.358,1.919,14.483,0.00828,-0.4349,0.4349,inner_heliosphere,saturn,26.7476,37.3255,26.7476,40.7585,29.4659,0.791,-0.0000,-0.0003
NH1,501831826.4,2015-11-26,34.029,284.360,1.919,14.483,0.00828,-0.4349,0.4349,inner_heliosphere,saturn,26.7524,37.3291,26.7524,40.7699,29.4737,1.167,-0.0000,-0.0003
NH1,501921802.4,2015-11-27,34.038,284.362,1.919,14.482,0.00828,-0.4349,0.4349,inner_heliosphere,saturn,26.7568,37.3322,26.7568,40.7800,29.4805,1.041,-0.0000,-0.0003
NH1,501975792.4,2015-11-28,34.043,284.364,1.919,14.482,0.00828,-0.4349,0.4349,inner_heliosphere,saturn,26.7594,37.3341,26.7594,40.7861,29.4847,0.625,-0.0000,-0.0003
NH1,502065783.4,2015-11-29,34.052,284.366,1.919,14.482,0.00828,-0.4349,0.4349,inner_heliosphere,saturn,26.7637,37.3372,26.7637,40.7962,29.4916,1.042,-0.0000,-0.0003
NH1,502180989.4,2015-11-30,34.063,284.368,1.919,14.481,0.00828,-0.4349,0.4349,inner_heliosphere,saturn,26.7693,37.3412,26.7693,40.8091,29.5004,1.333,-0.0000,-0.0003
NH1,502245774.4,2015-12-01,34.069,284.370,1.919,14.481,0.00828,-0.4349,0.4349,inner_heliosphere,saturn,26.7724,37.3435,26.7724,40.8164,29.5053,0.750,-0.0000,-0.0003
NH1,502303353.4,2015-12-02,34.074,284.371,1.919,14.481,0.00828,-0.4349,0.4349,inner_heliosphere,saturn,26.7752,37.3455,26.7752,40.8229,29.5098,0.666,-0.0000,-0.0003
NH1,502418587.4,2015-12-03,34.086,284.374,1.919,14.480,0.00828,-0.4349,0.4349,inner_heliosphere,saturn,26.7808,37.3495,26.7808,40.8359,29.5186,1.334,-0.0000,-0.0003
NH1,502526559.4,2015-12-04,34.096,284.376,1.919,14.480,0.00828,-0.4349,0.4349,inner_heliosphere,saturn,26.7861,37.3532,26.7861,40.8480,29.5269,1.250,-0.0000,-0.0003
NH1,502591338.4,2015-12-05,34.102,284.378,1.919,14.479,0.00828,-0.4349,0.4349,inner_heliosphere,saturn,26.7892,37.3554,26.7892,40.8553,29.5318,0.750,-0.0000,-0.0003
NH1,502699336.4,2015-12-06,34.112,284.380,1.919,14.479,0.00828,-0.4349,0.4349,inner_heliosphere,saturn,26.7944,37.3592,26.7944,40.8674,29.5401,1.250,-0.0000,-0.0003
NH1,502756957.4,2015-12-07,34.118,284.382,1.919,14.478,0.00828,-0.4349,0.4349,inner_heliosphere,saturn,26.7972,37.3611,26.7972,40.8739,29.5445,0.667,-0.0000,-0.0003
NH1,502872124.4,2015-12-08,34.129,284.385,1.919,14.478,0.00828,-0.4349,0.4349,inner_heliosphere,saturn,26.8028,37.3651,26.8028,40.8869,29.5534,1.333,-0.0000,-0.0003
NH1,502908101.4,2015-12-09,34.132,284.385,1.919,14.478,0.00828,-0.4349,0.4349,inner_heliosphere,saturn,26.8046,37.3663,26.8046,40.8909,29.5561,0.416,-0.0000,-0.0003
NH1,503023297.4,2015-12-10,34.143,284.388,1.919,14.477,0.00827,-0.4349,0.4349,inner_heliosphere,saturn,26.8102,37.3702,26.8102,40.9039,29.5650,1.333,-0.0000,-0.0003
NH1,503098888.4,2015-12-11,34.151,284.390,1.919,14.477,0.00827,-0.4349,0.4349,inner_heliosphere,saturn,26.8139,37.3728,26.8139,40.9124,29.5708,0.875,-0.0000,-0.0003
NH1,503192481.4,2015-12-12,34.160,284.392,1.919,14.476,0.00827,-0.4349,0.4349,inner_heliosphere,saturn,26.8184,37.3760,26.8184,40.9229,29.5780,1.083,-0.0000,-0.0003
NH1,503304068.4,2015-12-13,34.170,284.395,1.919,14.476,0.00827,-0.4349,0.4349,inner_heliosphere,saturn,26.8238,37.3798,26.8238,40.9355,29.5866,1.292,-0.0000,-0.0003
NH1,503379658.4,2015-12-14,34.178,284.396,1.919,14.475,0.00827,-0.4349,0.4349,inner_heliosphere,saturn,26.8275,37.3823,26.8275,40.9440,29.5924,0.875,-0.0000,-0.0003
NH1,503476883.4,2015-12-15,34.187,284.399,1.919,14.475,0.00827,-0.4348,0.4348,inner_heliosphere,saturn,26.8323,37.3856,26.8323,40.9549,29.5999,1.125,-0.0000,-0.0003
NH1,503563258.4,2015-12-16,34.195,284.401,1.919,14.474,0.00827,-0.4348,0.4348,inner_heliosphere,saturn,26.8365,37.3885,26.8365,40.9647,29.6065,1.000,-0.0000,-0.0003
NH1,503649952.4,2015-12-17,34.203,284.403,1.919,14.474,0.00827,-0.4348,0.4348,inner_heliosphere,saturn,26.8407,37.3914,26.8407,40.9744,29.6132,1.003,-0.0000,-0.0003
NH1,503664017.4,2015-12-17,34.205,284.403,1.920,14.474,0.00827,-0.4348,0.4348,inner_heliosphere,saturn,26.8414,37.3919,26.8414,40.9760,29.6143,0.163,-0.0000,-0.0003
NH1,503768417.4,2015-12-19,34.215,284.405,1.920,14.473,0.00827,-0.4348,0.4348,inner_heliosphere,saturn,26.8465,37.3954,26.8465,40.9878,29.6223,1.208,-0.0000,-0.0003
NH1,503908829.4,2015-12-20,34.228,284.409,1.920,14.473,0.00827,-0.4348,0.4348,inner_heliosphere,saturn,26.8534,37.4001,26.8534,41.0036,29.6332,1.625,-0.0000,-0.0003
NH1,503941215.4,2015-12-21,34.231,284.409,1.920,14.473,0.00827,-0.4348,0.4348,inner_heliosphere,saturn,26.8549,37.4012,26.8549,41.0072,29.6357,0.375,-0.0000,-0.0003
NH1,504168010.4,2015-12-23,34.253,284.415,1.920,14.471,0.00827,-0.4348,0.4348,inner_heliosphere,saturn,26.8660,37.4087,26.8660,41.0328,29.6532,2.625,-0.0001,-0.0003
NH1,504254428.4,2015-12-24,34.261,284.417,1.920,14.471,0.00827,-0.4348,0.4348,inner_heliosphere,saturn,26.8703,37.4116,26.8703,41.0425,29.6598,1.000,-0.0000,-0.0003
NH1,504297582.4,2015-12-25,34.265,284.418,1.920,14.471,0.00827,-0.4348,0.4348,inner_heliosphere,saturn,26.8724,37.4130,26.8724,41.0474,29.6632,0.499,-0.0000,-0.0003
NH1,504513588.4,2015-12-27,34.286,284.423,1.920,14.470,0.00827,-0.4348,0.4348,inner_heliosphere,saturn,26.8830,37.4201,26.8830,41.0717,29.6798,2.500,-0.0001,-0.0003
NH1,504596374.4,2015-12-28,34.294,284.425,1.920,14.469,0.00827,-0.4348,0.4348,inner_heliosphere,saturn,26.8871,37.4228,26.8871,41.0810,29.6862,0.958,-0.0000,-0.0003
NH1,504686419.4,2015-12-29,34.303,284.427,1.920,14.469,0.00827,-0.4348,0.4348,inner_heliosphere,saturn,26.8915,37.4258,26.8915,41.0912,29.6932,1.042,-0.0000,-0.0003
NH1,504718760.4,2015-12-30,34.306,284.427,1.920,14.469,0.00827,-0.4348,0.4348,inner_heliosphere,saturn,26.8931,37.4268,26.8931,41.0948,29.6957,0.374,-0.0000,-0.0003
NH1,504945562.4,2016-01-01,34.327,284.433,1.920,14.468,0.00827,-0.4348,0.4348,inner_heliosphere,saturn,26.9042,37.4342,26.9042,41.1204,29.7133,2.625,-0.0001,-0.0003
NH1,505017545.4,2016-01-02,34.334,284.434,1.920,14.467,0.00827,-0.4348,0.4348,inner_heliosphere,saturn,26.9078,37.4366,26.9078,41.1285,29.7188,0.833,-0.0000,-0.0003
NH1,505118366.4,2016-01-03,34.344,284.437,1.920,14.467,0.00827,-0.4348,0.4348,inner_heliosphere,saturn,26.9127,37.4399,26.9127,41.1398,29.7266,1.167,-0.0000,-0.0003
NH1,505427929.4,2016-01-07,34.374,284.444,1.920,14.465,0.00827,-0.4347,0.4347,inner_heliosphere,saturn,26.9280,37.4498,26.9280,41.1747,29.7506,3.583,-0.0001,-0.0003
NH1,505539576.4,2016-01-08,34.384,284.446,1.920,14.465,0.00827,-0.4347,0.4347,inner_heliosphere,saturn,26.9335,37.4534,26.9335,41.1873,29.7593,1.292,-0.0000,-0.0003
NH1,505625917.4,2016-01-09,34.393,284.448,1.920,14.464,0.00827,-0.4347,0.4347,inner_heliosphere,saturn,26.9378,37.4562,26.9378,41.1971,29.7660,0.999,-0.0000,-0.0003
NH1,505719524.4,2016-01-10,34.402,284.450,1.920,14.464,0.00827,-0.4347,0.4347,inner_heliosphere,saturn,26.9424,37.4592,26.9424,41.2076,29.7733,1.083,-0.0000,-0.0003
NH1,505798712.4,2016-01-11,34.409,284.452,1.920,14.464,0.00827,-0.4347,0.4347,inner_heliosphere,saturn,26.9463,37.4617,26.9463,41.2165,29.7794,0.917,-0.0000,-0.0003
NH1,505895910.4,2016-01-12,34.418,284.454,1.921,14.463,0.00827,-0.4347,0.4347,inner_heliosphere,saturn,26.9512,37.4648,26.9512,41.2275,29.7870,1.125,-0.0000,-0.0003
NH1,505983864.4,2016-01-13,34.427,284.456,1.921,14.463,0.00827,-0.4347,0.4347,inner_heliosphere,saturn,26.9555,37.4676,26.9555,41.2374,29.7938,1.018,-0.0000,-0.0003
NH1,506057902.4,2016-01-14,34.434,284.458,1.921,14.462,0.00827,-0.4347,0.4347,inner_heliosphere,saturn,26.9592,37.4699,26.9592,41.2458,29.7996,0.857,-0.0000,-0.0003
NH1,506151511.4,2016-01-15,34.443,284.460,1.921,14.462,0.00827,-0.4347,0.4347,inner_heliosphere,saturn,26.9638,37.4729,26.9638,41.2563,29.8068,1.083,-0.0000,-0.0003
NH1,506227107.4,2016-01-16,34.450,284.462,1.921,14.462,0.00827,-0.4347,0.4347,inner_heliosphere,saturn,26.9676,37.4753,26.9676,41.2649,29.8127,0.875,-0.0000,-0.0003
NH1,506327896.4,2016-01-17,34.460,284.464,1.921,14.461,0.00827,-0.4347,0.4347,inner_heliosphere,saturn,26.9726,37.4785,26.9726,41.2762,29.8206,1.167,-0.0000,-0.0003
NH1,506414293.4,2016-01-18,34.468,284.466,1.921,14.461,0.00827,-0.4347,0.4347,inner_heliosphere,saturn,26.9769,37.4812,26.9769,41.2860,29.8273,1.000,-0.0000,-0.0003
NH1,506421472.4,2016-01-18,34.469,284.466,1.921,14.461,0.00827,-0.4347,0.4347,inner_heliosphere,saturn,26.9772,37.4814,26.9772,41.2868,29.8278,0.083,-0.0000,-0.0003
NH1,506569088.4,2016-01-20,34.483,284.470,1.921,14.460,0.00827,-0.4347,0.4347,inner_heliosphere,saturn,26.9846,37.4860,26.9846,41.3034,29.8393,1.709,-0.0000,-0.0003
NH1,506651885.4,2016-01-21,34.491,284.472,1.921,14.459,0.00827,-0.4347,0.4347,inner_heliosphere,saturn,26.9887,37.4886,26.9887,41.3128,29.8458,0.958,-0.0000,-0.0003
NH1,506761542.4,2016-01-22,34.501,284.474,1.921,14.459,0.00827,-0.4347,0.4347,inner_heliosphere,saturn,26.9941,37.4920,26.9941,41.3252,29.8543,1.269,-0.0000,-0.0003
NH1,506846285.4,2016-01-23,34.509,284.476,1.921,14.459,0.00827,-0.4347,0.4347,inner_heliosphere,saturn,26.9984,37.4947,26.9984,41.3347,29.8609,0.981,-0.0000,-0.0003
NH1,506929095.4,2016-01-24,34.517,284.478,1.921,14.458,0.00827,-0.4347,0.4347,inner_heliosphere,saturn,27.0025,37.4972,27.0025,41.3441,29.8674,0.958,-0.0000,-0.0003
NH1,507019082.4,2016-01-25,34.526,284.480,1.921,14.458,0.00827,-0.4347,0.4347,inner_heliosphere,saturn,27.0070,37.5000,27.0070,41.3542,29.8744,1.042,-0.0000,-0.0003
NH1,507101879.4,2016-01-26,34.534,284.482,1.921,14.457,0.00827,-0.4347,0.4347,inner_heliosphere,saturn,27.0111,37.5026,27.0111,41.3636,29.8809,0.958,-0.0000,-0.0003
NH1,507159481.4,2016-01-27,34.539,284.483,1.921,14.457,0.00826,-0.4347,0.4347,inner_heliosphere,saturn,27.0140,37.5044,27.0140,41.3701,29.8854,0.667,-0.0000,-0.0003
NH1,507279008.4,2016-01-28,34.551,284.486,1.921,14.456,0.00826,-0.4346,0.4346,inner_heliosphere,saturn,27.0199,37.5080,27.0199,41.3836,29.8947,1.383,-0.0000,-0.0003
NH1,507357524.4,2016-01-29,34.558,284.488,1.921,14.456,0.00826,-0.4346,0.4346,inner_heliosphere,saturn,27.0239,37.5104,27.0239,41.3924,29.9008,0.909,-0.0000,-0.0003
NH1,507451079.4,2016-01-30,34.567,284.490,1.921,14.456,0.00826,-0.4346,0.4346,inner_heliosphere,saturn,27.0285,37.5133,27.0285,41.4030,29.9082,1.083,-0.0000,-0.0003
NH1,507537476.4,2016-01-31,34.575,284.492,1.921,14.455,0.00826,-0.4346,0.4346,inner_heliosphere,saturn,27.0329,37.5159,27.0329,41.4127,29.9149,1.000,-0.0000,-0.0003
NH1,507620327.4,2016-02-01,34.583,284.494,1.921,14.455,0.00826,-0.4346,0.4346,inner_heliosphere,saturn,27.0370,37.5185,27.0370,41.4221,29.9214,0.959,-0.0000,-0.0003
NH1,507710277.5,2016-02-02,34.592,284.496,1.921,14.454,0.00826,-0.4346,0.4346,inner_heliosphere,saturn,27.0415,37.5212,27.0415,41.4323,29.9284,1.041,-0.0000,-0.0003
NH1,507796676.5,2016-02-03,34.600,284.498,1.921,14.454,0.00826,-0.4346,0.4346,inner_heliosphere,saturn,27.0458,37.5238,27.0458,41.4420,29.9352,1.000,-0.0000,-0.0003
NH1,507879475.5,2016-02-04,34.608,284.500,1.921,14.454,0.00826,-0.4346,0.4346,inner_heliosphere,saturn,27.0500,37.5263,27.0500,41.4514,29.9417,0.958,-0.0000,-0.0003
NH1,507969477.5,2016-02-05,34.617,284.502,1.921,14.453,0.00826,-0.4346,0.4346,inner_heliosphere,saturn,27.0545,37.5291,27.0545,41.4615,29.9487,1.042,-0.0000,-0.0003
NH1,508005468.5,2016-02-06,34.620,284.503,1.921,14.453,0.00826,-0.4346,0.4346,inner_heliosphere,saturn,27.0563,37.5301,27.0563,41.4656,29.9515,0.417,-0.0000,-0.0003
NH1,508142277.5,2016-02-07,34.633,284.506,1.922,14.452,0.00826,-0.4346,0.4346,inner_heliosphere,saturn,27.0632,37.5343,27.0632,41.4810,29.9622,1.583,-0.0000,-0.0003
NH1,508228677.5,2016-02-08,34.642,284.508,1.922,14.452,0.00826,-0.4346,0.4346,inner_heliosphere,saturn,27.0675,37.5369,27.0675,41.4908,29.9690,1.000,-0.0000,-0.0003
NH1,508275482.5,2016-02-09,34.646,284.509,1.922,14.452,0.00826,-0.4346,0.4346,inner_heliosphere,saturn,27.0699,37.5383,27.0699,41.4961,29.9727,0.542,-0.0000,-0.0003
NH1,508394279.5,2016-02-10,34.657,284.511,1.922,14.451,0.00826,-0.4346,0.4346,inner_heliosphere,saturn,27.0759,37.5418,27.0759,41.5095,29.9820,1.375,-0.0000,-0.0003
NH1,508574283.5,2016-02-12,34.675,284.515,1.922,14.450,0.00826,-0.4346,0.4346,inner_heliosphere,saturn,27.0849,37.5472,27.0849,41.5299,29.9961,2.083,-0.0000,-0.0003
NH1,508621084.5,2016-02-13,34.679,284.517,1.922,14.450,0.00826,-0.4346,0.4346,inner_heliosphere,saturn,27.0873,37.5486,27.0873,41.5351,29.9998,0.542,-0.0000,-0.0003
NH1,508700603.5,2016-02-14,34.687,284.518,1.922,14.450,0.00826,-0.4346,0.4346,inner_heliosphere,saturn,27.0913,37.5509,27.0913,41.5441,30.0060,0.920,-0.0000,-0.0003
NH1,508822739.5,2016-02-15,34.698,284.521,1.922,14.449,0.00826,-0.4346,0.4346,inner_heliosphere,saturn,27.0974,37.5546,27.0974,41.5579,30.0156,1.414,-0.0000,-0.0002
NH1,508880290.5,2016-02-16,34.704,284.522,1.922,14.449,0.00826,-0.4346,0.4346,inner_heliosphere,saturn,27.1003,37.5563,27.1003,41.5644,30.0202,0.666,-0.0000,-0.0002
NH1,509042280.5,2016-02-18,34.719,284.526,1.922,14.448,0.00826,-0.4346,0.4346,inner_heliosphere,saturn,27.1085,37.5610,27.1085,41.5827,30.0329,1.875,-0.0000,-0.0002
NH1,509179092.5,2016-02-19,34.732,284.529,1.922,14.447,0.00826,-0.4345,0.4345,inner_heliosphere,saturn,27.1154,37.5650,27.1154,41.5982,30.0436,1.583,-0.0000,-0.0002
NH1,509265494.5,2016-02-20,34.741,284.531,1.922,14.447,0.00826,-0.4345,0.4345,inner_heliosphere,saturn,27.1198,37.5676,27.1198,41.6080,30.0504,1.000,-0.0000,-0.0002
NH1,509341093.5,2016-02-21,34.748,284.533,1.922,14.447,0.00826,-0.4345,0.4345,inner_heliosphere,saturn,27.1236,37.5698,27.1236,41.6165,30.0564,0.875,-0.0000,-0.0002
NH1,509427496.5,2016-02-22,34.756,284.535,1.922,14.446,0.00826,-0.4345,0.4345,inner_heliosphere,saturn,27.1280,37.5723,27.1280,41.6263,30.0632,1.000,-0.0000,-0.0002
NH1,509524702.5,2016-02-23,34.766,284.537,1.922,14.446,0.00826,-0.4345,0.4345,inner_heliosphere,saturn,27.1329,37.5751,27.1329,41.6373,30.0708,1.125,-0.0000,-0.0002
NH1,509550815.5,2016-02-24,34.768,284.537,1.922,14.446,0.00826,-0.4345,0.4345,inner_heliosphere,saturn,27.1343,37.5759,27.1343,41.6402,30.0729,0.302,-0.0000,-0.0002
NH1,509697506.5,2016-02-25,34.782,284.541,1.922,14.445,0.00826,-0.4345,0.4345,inner_heliosphere,saturn,27.1417,37.5801,27.1417,41.6568,30.0844,1.698,-0.0000,-0.0002
NH1,509783908.5,2016-02-26,34.790,284.543,1.922,14.444,0.00826,-0.4345,0.4345,inner_heliosphere,saturn,27.1461,37.5826,27.1461,41.6666,30.0913,1.000,-0.0000,-0.0002
NH1,509870311.5,2016-02-27,34.799,284.545,1.922,14.444,0.00826,-0.4345,0.4345,inner_heliosphere,saturn,27.1505,37.5851,27.1505,41.6764,30.0981,1.000,-0.0000,-0.0002
NH1,509953113.5,2016-02-28,34.806,284.547,1.922,14.444,0.00826,-0.4345,0.4345,inner_heliosphere,saturn,27.1547,37.5875,27.1547,41.6857,30.1046,0.958,-0.0000,-0.0002
NH1,510039515.5,2016-02-29,34.815,284.548,1.922,14.443,0.00826,-0.4345,0.4345,inner_heliosphere,saturn,27.1591,37.5900,27.1591,41.6955,30.1114,1.000,-0.0000,-0.0002
NH1,510129519.5,2016-03-01,34.823,284.550,1.922,14.443,0.00826,-0.4345,0.4345,inner_heliosphere,saturn,27.1636,37.5925,27.1636,41.7057,30.1185,1.042,-0.0000,-0.0002
NH1,510205118.5,2016-03-02,34.831,284.552,1.922,14.442,0.00826,-0.4345,0.4345,inner_heliosphere,saturn,27.1675,37.5947,27.1675,41.7142,30.1245,0.875,-0.0000,-0.0002
NH1,510298724.5,2016-03-03,34.839,284.554,1.923,14.442,0.00826,-0.4345,0.4345,inner_heliosphere,saturn,27.1722,37.5974,27.1722,41.7248,30.1319,1.083,-0.0000,-0.0002
NH1,510377925.5,2016-03-04,34.847,284.556,1.923,14.442,0.00826,-0.4345,0.4345,inner_heliosphere,saturn,27.1763,37.5996,27.1763,41.7338,30.1381,0.917,-0.0000,-0.0002
NH1,510475132.5,2016-03-05,34.856,284.558,1.923,14.441,0.00826,-0.4345,0.4345,inner_heliosphere,saturn,27.1812,37.6024,27.1812,41.7448,30.1458,1.125,-0.0000,-0.0002
NH1,510547132.5,2016-03-06,34.863,284.560,1.923,14.441,0.00826,-0.4345,0.4345,inner_heliosphere,saturn,27.1849,37.6044,27.1849,41.7529,30.1515,0.833,-0.0000,-0.0002
NH1,510604737.5,2016-03-07,34.869,284.561,1.923,14.441,0.00826,-0.4345,0.4345,inner_heliosphere,saturn,27.1878,37.6061,27.1878,41.7594,30.1560,0.667,-0.0000,-0.0002
NH1,510691142.5,2016-03-08,34.877,284.563,1.923,14.440,0.00826,-0.4345,0.4345,inner_heliosphere,saturn,27.1923,37.6085,27.1923,41.7692,30.1629,1.000,-0.0000,-0.0002
NH1,510853137.5,2016-03-10,34.892,284.567,1.923,14.439,0.00826,-0.4345,0.4345,inner_heliosphere,saturn,27.2005,37.6131,27.2005,41.7876,30.1757,1.875,-0.0000,-0.0001
NH1,510994775.5,2016-03-11,34.906,284.570,1.923,14.439,0.00826,-0.4344,0.4344,inner_heliosphere,saturn,27.2078,37.6170,27.2078,41.8036,30.1869,1.639,-0.0000,-0.0001
NH1,511079957.5,2016-03-12,34.914,284.572,1.923,14.438,0.00826,-0.4344,0.4344,inner_heliosphere,saturn,27.2121,37.6194,27.2121,41.8132,30.1936,0.986,-0.0000,-0.0001
NH1,511162759.5,2016-03-13,34.922,284.574,1.923,14.438,0.00826,-0.4344,0.4344,inner_heliosphere,saturn,27.2164,37.6217,27.2164,41.8226,30.2002,0.958,-0.0000,-0.0001
NH1,511231160.5,2016-03-14,34.929,284.575,1.923,14.438,0.00826,-0.4344,0.4344,inner_heliosphere,saturn,27.2199,37.6236,27.2199,41.8303,30.2056,0.792,-0.0000,-0.0001
NH1,511331966.5,2016-03-15,34.938,284.577,1.923,14.437,0.00826,-0.4344,0.4344,inner_heliosphere,saturn,27.2250,37.6264,27.2250,41.8418,30.2136,1.167,-0.0000,-0.0001
NH1,511425572.5,2016-03-16,34.947,284.579,1.923,14.437,0.00825,-0.4344,0.4344,inner_heliosphere,saturn,27.2298,37.6290,27.2298,41.8524,30.2210,1.083,-0.0000,-0.0001
NH1,511486773.5,2016-03-17,34.953,284.581,1.923,14.436,0.00825,-0.4344,0.4344,inner_heliosphere,saturn,27.2330,37.6307,27.2330,41.8593,30.2259,0.708,-0.0000,-0.0001
NH1,511594780.5,2016-03-18,34.963,284.583,1.923,14.436,0.00825,-0.4344,0.4344,inner_heliosphere,saturn,27.2385,37.6337,27.2385,41.8715,30.2345,1.250,-0.0000,-0.0001
NH1,511684785.5,2016-03-19,34.972,284.585,1.923,14.435,0.00825,-0.4344,0.4344,inner_heliosphere,saturn,27.2431,37.6362,27.2431,41.8817,30.2416,1.042,-0.0000,-0.0001
NH1,511771188.5,2016-03-20,34.980,284.587,1.923,14.435,0.00825,-0.4344,0.4344,inner_heliosphere,saturn,27.2476,37.6385,27.2476,41.8915,30.2485,1.000,-0.0000,-0.0001
NH1,511857592.5,2016-03-21,34.988,284.589,1.923,14.435,0.00825,-0.4344,0.4344,inner_heliosphere,saturn,27.2520,37.6409,27.2520,41.9013,30.2553,1.000,-0.0000,-0.0001
NH1,511936795.5,2016-03-22,34.996,284.591,1.923,14.434,0.00825,-0.4344,0.4344,inner_heliosphere,saturn,27.2561,37.6431,27.2561,41.9103,30.2616,0.917,-0.0000,-0.0001
NH1,512012394.5,2016-03-23,35.003,284.592,1.923,14.434,0.00825,-0.4344,0.4344,inner_heliosphere,saturn,27.2600,37.6451,27.2600,41.9188,30.2676,0.875,-0.0000,-0.0001
NH1,512116804.5,2016-03-24,35.013,284.595,1.923,14.433,0.00825,-0.4344,0.4344,inner_heliosphere,saturn,27.2654,37.6480,27.2654,41.9306,30.2759,1.208,-0.0000,-0.0001
NH1,512203209.5,2016-03-25,35.021,284.597,1.923,14.433,0.00825,-0.4344,0.4344,inner_heliosphere,saturn,27.2698,37.6503,27.2698,41.9404,30.2828,1.000,-0.0000,-0.0001
NH1,512268054.5,2016-03-26,35.028,284.598,1.923,14.433,0.00825,-0.4344,0.4344,inner_heliosphere,saturn,27.2732,37.6521,27.2732,41.9478,30.2879,0.751,-0.0000,-0.0000
NH1,512372416.5,2016-03-27,35.038,284.600,1.923,14.432,0.00825,-0.4344,0.4344,inner_heliosphere,saturn,27.2786,37.6549,27.2786,41.9596,30.2962,1.208,-0.0000,-0.0000
NH1,512451619.5,2016-03-28,35.045,284.602,1.923,14.432,0.00825,-0.4344,0.4344,inner_heliosphere,saturn,27.2826,37.6570,27.2826,41.9686,30.3025,0.917,-0.0000,-0.0000
NH1,512527219.5,2016-03-29,35.052,284.604,1.923,14.431,0.00825,-0.4344,0.4344,inner_heliosphere,saturn,27.2865,37.6591,27.2865,41.9771,30.3086,0.875,-0.0000,-0.0000
NH1,512635231.5,2016-03-30,35.063,284.606,1.924,14.431,0.00825,-0.4344,0.4344,inner_heliosphere,saturn,27.2921,37.6620,27.2921,41.9894,30.3171,1.250,-0.0000,-0.0000
NH1,512700030.5,2016-03-31,35.069,284.608,1.924,14.431,0.00825,-0.4344,0.4344,inner_heliosphere,saturn,27.2955,37.6637,27.2955,41.9967,30.3223,0.750,-0.0000,-0.0000
NH1,512804440.5,2016-04-01,35.079,284.610,1.924,14.430,0.00825,-0.4344,0.4344,inner_heliosphere,saturn,27.3009,37.6665,27.3009,42.0086,30.3306,1.208,-0.0000,-0.0000
NH1,512894751.5,2016-04-02,35.088,284.612,1.924,14.430,0.00825,-0.4344,0.4344,inner_heliosphere,saturn,27.3056,37.6689,27.3056,42.0188,30.3378,1.045,-0.0000,-0.0000
NH1,512980848.5,2016-04-03,35.096,284.614,1.924,14.429,0.00825,-0.4343,0.4343,inner_heliosphere,saturn,27.3100,37.6712,27.3100,42.0285,30.3447,0.996,-0.0000,-0.0000
NH1,513067253.5,2016-04-04,35.104,284.616,1.924,14.429,0.00825,-0.4343,0.4343,inner_heliosphere,saturn,27.3145,37.6735,27.3145,42.0383,30.3516,1.000,0.0000,0.0000
NH1,513132103.5,2016-04-05,35.110,284.617,1.924,14.429,0.00825,-0.4343,0.4343,inner_heliosphere,saturn,27.3179,37.6752,27.3179,42.0457,30.3567,0.751,0.0000,0.0000
NH1,513222056.5,2016-04-06,35.119,284.619,1.924,14.428,0.00825,-0.4343,0.4343,inner_heliosphere,saturn,27.3225,37.6776,27.3225,42.0559,30.3639,1.041,0.0000,0.0000
NH1,513319276.5,2016-04-07,35.128,284.621,1.924,14.428,0.00825,-0.4343,0.4343,inner_heliosphere,saturn,27.3276,37.6802,27.3276,42.0669,30.3717,1.125,0.0000,0.0000
NH1,513405682.5,2016-04-08,35.136,284.623,1.924,14.427,0.00825,-0.4343,0.4343,inner_heliosphere,saturn,27.3321,37.6824,27.3321,42.0767,30.3786,1.000,0.0000,0.0000
NH1,513499277.5,2016-04-09,35.145,284.625,1.924,14.427,0.00825,-0.4343,0.4343,inner_heliosphere,saturn,27.3369,37.6849,27.3369,42.0873,30.3861,1.083,0.0000,0.0000
NH1,513535274.5,2016-04-10,35.149,284.626,1.924,14.427,0.00825,-0.4343,0.4343,inner_heliosphere,saturn,27.3388,37.6858,27.3388,42.0914,30.3889,0.417,0.0000,0.0000
NH1,513664880.5,2016-04-11,35.161,284.629,1.924,14.426,0.00825,-0.4343,0.4343,inner_heliosphere,saturn,27.3455,37.6892,27.3455,42.1061,30.3993,1.500,0.0000,0.0000
NH1,513758492.5,2016-04-12,35.170,284.631,1.924,14.426,0.00825,-0.4343,0.4343,inner_heliosphere,saturn,27.3504,37.6917,27.3504,42.1167,30.4068,1.083,0.0000,0.0001
NH1,513837691.5,2016-04-13,35.178,284.633,1.924,14.425,0.00825,-0.4343,0.4343,inner_heliosphere,saturn,27.3545,37.6937,27.3545,42.1257,30.4131,0.917,0.0000,0.0001
NH1,513927697.5,2016-04-14,35.186,284.635,1.924,14.425,0.00825,-0.4343,0.4343,inner_heliosphere,saturn,27.3592,37.6961,27.3592,42.1359,30.4203,1.042,0.0000,0.0001
NH1,514017703.5,2016-04-15,35.195,284.637,1.924,14.424,0.00825,-0.4343,0.4343,inner_heliosphere,saturn,27.3639,37.6984,27.3639,42.1461,30.4275,1.042,0.0000,0.0001
NH1,514104107.5,2016-04-16,35.203,284.639,1.924,14.424,0.00825,-0.4343,0.4343,inner_heliosphere,saturn,27.3684,37.7006,27.3684,42.1559,30.4344,1.000,0.0000,0.0001
NH1,514179707.5,2016-04-17,35.210,284.640,1.924,14.424,0.00825,-0.4343,0.4343,inner_heliosphere,saturn,27.3724,37.7026,27.3724,42.1645,30.4405,0.875,0.0000,0.0001
NH1,514251748.5,2016-04-18,35.217,284.642,1.924,14.423,0.00825,-0.4343,0.4343,inner_heliosphere,saturn,27.3761,37.7044,27.3761,42.1727,30.4462,0.834,0.0000,0.0001
NH1,514356116.5,2016-04-19,35.227,284.644,1.924,14.423,0.00825,-0.4343,0.4343,inner_heliosphere,saturn,27.3816,37.7071,27.3816,42.1845,30.4546,1.208,0.0000,0.0001
NH1,514449726.5,2016-04-20,35.236,284.646,1.924,14.422,0.00825,-0.4343,0.4343,inner_heliosphere,saturn,27.3865,37.7095,27.3865,42.1951,30.4621,1.083,0.0000,0.0001
NH1,514536129.5,2016-04-21,35.244,284.648,1.924,14.422,0.00825,-0.4343,0.4343,inner_heliosphere,saturn,27.3910,37.7117,27.3910,42.2049,30.4690,1.000,0.0000,0.0001
NH1,514622532.5,2016-04-22,35.252,284.650,1.924,14.422,0.00825,-0.4343,0.4343,inner_heliosphere,saturn,27.3955,37.7139,27.3955,42.2147,30.4759,1.000,0.0000,0.0001
NH1,514701732.5,2016-04-23,35.260,284.652,1.924,14.421,0.00825,-0.4343,0.4343,inner_heliosphere,saturn,27.3997,37.7160,27.3997,42.2237,30.4823,0.917,0.0000,0.0001
NH1,514788136.5,2016-04-24,35.268,284.654,1.924,14.421,0.00825,-0.4343,0.4343,inner_heliosphere,saturn,27.4042,37.7182,27.4042,42.2335,30.4892,1.000,0.0000,0.0001
NH1,514878144.5,2016-04-25,35.277,284.656,1.925,14.420,0.00825,-0.4343,0.4343,inner_heliosphere,saturn,27.4089,37.7204,27.4089,42.2437,30.4964,1.042,0.0000,0.0001
NH1,514964545.5,2016-04-26,35.285,284.657,1.925,14.420,0.00825,-0.4342,0.4342,inner_heliosphere,saturn,27.4134,37.7226,27.4134,42.2535,30.5034,1.000,0.0000,0.0001
NH1,515054555.5,2016-04-27,35.294,284.659,1.925,14.420,0.00825,-0.4342,0.4342,inner_heliosphere,saturn,27.4182,37.7249,27.4182,42.2638,30.5106,1.042,0.0000,0.0001
NH1,515108546.5,2016-04-28,35.299,284.661,1.925,14.419,0.00825,-0.4342,0.4342,inner_heliosphere,saturn,27.4210,37.7262,27.4210,42.2699,30.5149,0.625,0.0000,0.0001
NH1,515227363.5,2016-04-29,35.310,284.663,1.925,14.419,0.00825,-0.4342,0.4342,inner_heliosphere,saturn,27.4272,37.7292,27.4272,42.2834,30.5245,1.375,0.0000,0.0001
NH1,515313767.5,2016-04-30,35.318,284.665,1.925,14.418,0.00825,-0.4342,0.4342,inner_heliosphere,saturn,27.4318,37.7314,27.4318,42.2932,30.5314,1.000,0.0000,0.0001
NH1,515400171.5,2016-05-01,35.327,284.667,1.925,14.418,0.00825,-0.4342,0.4342,inner_heliosphere,saturn,27.4363,37.7336,27.4363,42.3030,30.5384,1.000,0.0000,0.0002
NH1,515479367.5,2016-05-02,35.334,284.669,1.925,14.418,0.00825,-0.4342,0.4342,inner_heliosphere,saturn,27.4405,37.7355,27.4405,42.3120,30.5447,0.917,0.0000,0.0002
NH1,515544210.5,2016-05-03,35.340,284.670,1.925,14.417,0.00825,-0.4342,0.4342,inner_heliosphere,saturn,27.4439,37.7371,27.4439,42.3193,30.5499,0.750,0.0000,0.0002
NH1,515655776.5,2016-05-04,35.351,284.673,1.925,14.417,0.00825,-0.4342,0.4342,inner_heliosphere,saturn,27.4498,37.7399,27.4498,42.3320,30.5589,1.291,0.0000,0.0002
NH1,515717014.5,2016-05-05,35.357,284.674,1.925,14.417,0.00825,-0.4342,0.4342,inner_heliosphere,saturn,27.4530,37.7414,27.4530,42.3390,30.5638,0.709,0.0000,0.0002
NH1,515803408.5,2016-05-06,35.365,284.676,1.925,14.416,0.00824,-0.4342,0.4342,inner_heliosphere,saturn,27.4576,37.7436,27.4576,42.3488,30.5708,1.000,0.0000,0.0002
NH1,515918600.5,2016-05-07,35.376,284.678,1.925,14.416,0.00824,-0.4342,0.4342,inner_heliosphere,saturn,27.4637,37.7464,27.4637,42.3619,30.5801,1.333,0.0000,0.0002
NH1,515994186.5,2016-05-08,35.383,284.680,1.925,14.415,0.00824,-0.4342,0.4342,inner_heliosphere,saturn,27.4676,37.7483,27.4676,42.3704,30.5862,0.875,0.0000,0.0002
NH1,516033787.5,2016-05-09,35.387,284.681,1.925,14.415,0.00824,-0.4342,0.4342,inner_heliosphere,saturn,27.4697,37.7492,27.4697,42.3749,30.5893,0.458,0.0000,0.0002
NH1,516170593.5,2016-05-10,35.400,284.684,1.925,14.414,0.00824,-0.4342,0.4342,inner_heliosphere,saturn,27.4770,37.7526,27.4770,42.3905,30.6004,1.583,0.0000,0.0002
NH1,516264212.6,2016-05-11,35.409,284.686,1.925,14.414,0.00824,-0.4342,0.4342,inner_heliosphere,saturn,27.4819,37.7549,27.4819,42.4011,30.6079,1.084,0.0000,0.0002
NH1,516336197.6,2016-05-12,35.416,284.687,1.925,14.414,0.00824,-0.4342,0.4342,inner_heliosphere,saturn,27.4857,37.7566,27.4857,42.4093,30.6137,0.833,0.0000,0.0002
NH1,516437016.6,2016-05-13,35.426,284.690,1.925,14.413,0.00824,-0.4342,0.4342,inner_heliosphere,saturn,27.4911,37.7591,27.4911,42.4207,30.6219,1.167,0.0000,0.0002
NH1,516523420.6,2016-05-14,35.434,284.691,1.925,14.413,0.00824,-0.4342,0.4342,inner_heliosphere,saturn,27.4956,37.7612,27.4956,42.4306,30.6288,1.000,0.0000,0.0002
NH1,516609820.6,2016-05-15,35.442,284.693,1.925,14.412,0.00824,-0.4342,0.4342,inner_heliosphere,saturn,27.5002,37.7633,27.5002,42.4404,30.6358,1.000,0.0000,0.0002
NH1,516685408.6,2016-05-16,35.449,284.695,1.925,14.412,0.00824,-0.4342,0.4342,inner_heliosphere,saturn,27.5042,37.7651,27.5042,42.4490,30.6419,0.875,0.0000,0.0002
NH1,516768208.6,2016-05-17,35.457,284.697,1.925,14.412,0.00824,-0.4342,0.4342,inner_heliosphere,saturn,27.5086,37.7671,27.5086,42.4584,30.6486,0.958,0.0000,0.0002
NH1,516865418.6,2016-05-18,35.467,284.699,1.925,14.411,0.00824,-0.4342,0.4342,inner_heliosphere,saturn,27.5138,37.7695,27.5138,42.4694,30.6564,1.125,0.0000,0.0002
NH1,516951821.6,2016-05-19,35.475,284.701,1.925,14.411,0.00824,-0.4342,0.4342,inner_heliosphere,saturn,27.5184,37.7715,27.5184,42.4792,30.6634,1.000,0.0000,0.0002
NH1,517038224.6,2016-05-20,35.483,284.703,1.925,14.410,0.00824,-0.4341,0.4341,inner_heliosphere,saturn,27.5230,37.7736,27.5230,42.4891,30.6704,1.000,0.0000,0.0002
NH1,517113817.6,2016-05-21,35.490,284.704,1.925,14.410,0.00824,-0.4341,0.4341,inner_heliosphere,saturn,27.5270,37.7754,27.5270,42.4976,30.6765,0.875,0.0000,0.0002
NH1,517207423.6,2016-05-22,35.499,284.706,1.926,14.410,0.00824,-0.4341,0.4341,inner_heliosphere,saturn,27.5320,37.7776,27.5320,42.5083,30.6841,1.083,0.0000,0.0002
NH1,517286621.6,2016-05-23,35.507,284.708,1.926,14.409,0.00824,-0.4341,0.4341,inner_heliosphere,saturn,27.5362,37.7795,27.5362,42.5173,30.6905,0.917,0.0000,0.0002
NH1,517387766.6,2016-05-24,35.516,284.710,1.926,14.409,0.00824,-0.4341,0.4341,inner_heliosphere,saturn,27.5416,37.7819,27.5416,42.5288,30.6987,1.171,0.0000,0.0003
NH1,517470240.6,2016-05-25,35.524,284.712,1.926,14.408,0.00824,-0.4341,0.4341,inner_heliosphere,saturn,27.5460,37.7839,27.5460,42.5382,30.7053,0.955,0.0000,0.0003
NH1,517549427.6,2016-05-26,35.532,284.714,1.926,14.408,0.00824,-0.4341,0.4341,inner_heliosphere,saturn,27.5502,37.7857,27.5502,42.5472,30.7118,0.917,0.0000,0.0003
NH1,517643045.6,2016-05-27,35.541,284.716,1.926,14.408,0.00824,-0.4341,0.4341,inner_heliosphere,saturn,27.5552,37.7879,27.5552,42.5578,30.7193,1.084,0.0000,0.0003
NH1,517733045.6,2016-05-28,35.549,284.718,1.926,14.407,0.00824,-0.4341,0.4341,inner_heliosphere,saturn,27.5600,37.7901,27.5600,42.5680,30.7266,1.042,0.0000,0.0003
NH1,517820588.6,2016-05-29,35.558,284.719,1.926,14.407,0.00824,-0.4341,0.4341,inner_heliosphere,saturn,27.5647,37.7921,27.5647,42.5780,30.7337,1.013,0.0000,0.0003
NH1,517907386.6,2016-05-30,35.566,284.721,1.926,14.406,0.00824,-0.4341,0.4341,inner_heliosphere,saturn,27.5693,37.7942,27.5693,42.5879,30.7408,1.005,0.0000,0.0003
NH1,517977831.6,2016-05-31,35.573,284.723,1.926,14.406,0.00824,-0.4341,0.4341,inner_heliosphere,saturn,27.5731,37.7958,27.5731,42.5959,30.7465,0.815,0.0000,0.0003
NH1,518071439.6,2016-06-01,35.582,284.725,1.926,14.406,0.00824,-0.4341,0.4341,inner_heliosphere,saturn,27.5781,37.7980,27.5781,42.6065,30.7541,1.083,0.0000,0.0003
NH1,518165273.6,2016-06-02,35.591,284.727,1.926,14.405,0.00824,-0.4341,0.4341,inner_heliosphere,saturn,27.5831,37.8002,27.5831,42.6172,30.7617,1.086,0.0000,0.0003
NH1,518244244.6,2016-06-03,35.598,284.728,1.926,14.405,0.00824,-0.4341,0.4341,inner_heliosphere,saturn,27.5874,37.8020,27.5874,42.6262,30.7681,0.914,0.0000,0.0003
NH1,518323435.6,2016-06-04,35.606,284.730,1.926,14.405,0.00824,-0.4341,0.4341,inner_heliosphere,saturn,27.5916,37.8038,27.5916,42.6352,30.7745,0.917,0.0000,0.0003
NH1,518417048.6,2016-06-05,35.615,284.732,1.926,14.404,0.00824,-0.4341,0.4341,inner_heliosphere,saturn,27.5966,37.8060,27.5966,42.6458,30.7821,1.083,0.0000,0.0003
NH1,518503449.6,2016-06-06,35.623,284.734,1.926,14.404,0.00824,-0.4341,0.4341,inner_heliosphere,saturn,27.6013,37.8080,27.6013,42.6557,30.7891,1.000,0.0000,0.0003
NH1,518597840.6,2016-06-07,35.632,284.736,1.926,14.403,0.00824,-0.4341,0.4341,inner_heliosphere,saturn,27.6063,37.8101,27.6063,42.6664,30.7968,1.092,0.0000,0.0003
NH1,518683447.6,2016-06-08,35.640,284.738,1.926,14.403,0.00824,-0.4341,0.4341,inner_heliosphere,saturn,27.6109,37.8121,27.6109,42.6761,30.8037,0.991,0.0000,0.0003
NH1,518769844.6,2016-06-09,35.648,284.740,1.926,14.402,0.00824,-0.4341,0.4341,inner_heliosphere,saturn,27.6156,37.8141,27.6156,42.6860,30.8108,1.000,0.0000,0.0003
NH1,518856247.6,2016-06-10,35.656,284.742,1.926,14.402,0.00824,-0.4341,0.4341,inner_heliosphere,saturn,27.6202,37.8161,27.6202,42.6958,30.8178,1.000,0.0000,0.0003
NH1,518942643.6,2016-06-11,35.665,284.743,1.926,14.402,0.00824,-0.4341,0.4341,inner_heliosphere,saturn,27.6249,37.8180,27.6249,42.7056,30.8248,1.000,0.0000,0.0003
NH1,519029048.6,2016-06-12,35.673,284.745,1.926,14.401,0.00824,-0.4341,0.4341,inner_heliosphere,saturn,27.6295,37.8200,27.6295,42.7155,30.8318,1.000,0.0000,0.0003
NH1,519097430.6,2016-06-13,35.679,284.747,1.926,14.401,0.00824,-0.4340,0.4340,inner_heliosphere,saturn,27.6332,37.8215,27.6332,42.7232,30.8374,0.791,0.0000,0.0003
NH1,519201844.6,2016-06-14,35.689,284.749,1.926,14.401,0.00824,-0.4340,0.4340,inner_heliosphere,saturn,27.6388,37.8239,27.6388,42.7351,30.8459,1.208,0.0000,0.0003
NH1,519288238.6,2016-06-15,35.698,284.751,1.926,14.400,0.00824,-0.4340,0.4340,inner_heliosphere,saturn,27.6435,37.8259,27.6435,42.7450,30.8529,1.000,0.0000,0.0003
NH1,519363836.6,2016-06-16,35.705,284.752,1.926,14.400,0.00824,-0.4340,0.4340,inner_heliosphere,saturn,27.6476,37.8276,27.6476,42.7536,30.8591,0.875,0.0000,0.0003
NH1,519421435.6,2016-06-17,35.710,284.754,1.926,14.400,0.00824,-0.4340,0.4340,inner_heliosphere,saturn,27.6507,37.8289,27.6507,42.7601,30.8638,0.667,0.0000,0.0003
NH1,519533029.6,2016-06-18,35.721,284.756,1.927,14.399,0.00824,-0.4340,0.4340,inner_heliosphere,saturn,27.6567,37.8314,27.6567,42.7728,30.8729,1.292,0.0000,0.0003
NH1,519619425.6,2016-06-19,35.729,284.758,1.927,14.399,0.00824,-0.4340,0.4340,inner_heliosphere,saturn,27.6614,37.8333,27.6614,42.7827,30.8799,1.000,0.0000,0.0003
NH1,519702221.6,2016-06-20,35.737,284.760,1.927,14.398,0.00824,-0.4340,0.4340,inner_heliosphere,saturn,27.6659,37.8351,27.6659,42.7921,30.8867,0.958,0.0000,0.0003
NH1,519792223.6,2016-06-21,35.746,284.762,1.927,14.398,0.00824,-0.4340,0.4340,inner_heliosphere,saturn,27.6707,37.8371,27.6707,42.8023,30.8940,1.042,0.0000,0.0003
NH1,519882230.6,2016-06-22,35.754,284.764,1.927,14.397,0.00824,-0.4340,0.4340,inner_heliosphere,saturn,27.6756,37.8391,27.6756,42.8126,30.9014,1.042,0.0000,0.0003
NH1,519950613.6,2016-06-23,35.761,284.765,1.927,14.397,0.00824,-0.4340,0.4340,inner_heliosphere,saturn,27.6793,37.8407,27.6793,42.8204,30.9069,0.791,0.0000,0.0003
NH1,520067309.6,2016-06-24,35.772,284.767,1.927,14.397,0.00824,-0.4340,0.4340,inner_heliosphere,saturn,27.6856,37.8432,27.6856,42.8336,30.9165,1.351,0.0000,0.0003
NH1,520152218.6,2016-06-25,35.780,284.769,1.927,14.396,0.00824,-0.4340,0.4340,inner_heliosphere,saturn,27.6902,37.8451,27.6902,42.8433,30.9234,0.983,0.0000,0.0003
NH1,520238616.6,2016-06-26,35.788,284.771,1.927,14.396,0.00823,-0.4340,0.4340,inner_heliosphere,saturn,27.6949,37.8470,27.6949,42.8531,30.9304,1.000,0.0000,0.0003
NH1,520325904.6,2016-06-27,35.796,284.773,1.927,14.395,0.00823,-0.4340,0.4340,inner_heliosphere,saturn,27.6997,37.8489,27.6997,42.8631,30.9376,1.010,0.0000,0.0003
NH1,520411997.6,2016-06-28,35.805,284.775,1.927,14.395,0.00823,-0.4340,0.4340,inner_heliosphere,saturn,27.7044,37.8508,27.7044,42.8729,30.9446,0.996,0.0000,0.0003
NH1,520487013.6,2016-06-29,35.812,284.776,1.927,14.395,0.00823,-0.4340,0.4340,inner_heliosphere,saturn,27.7084,37.8525,27.7084,42.8814,30.9507,0.868,0.0000,0.0003
NH1,520573408.6,2016-06-30,35.820,284.778,1.927,14.394,0.00823,-0.4340,0.4340,inner_heliosphere,saturn,27.7131,37.8543,27.7131,42.8913,30.9578,1.000,0.0000,0.0003
NH1,520652596.6,2016-07-01,35.828,284.780,1.927,14.394,0.00823,-0.4340,0.4340,inner_heliosphere,saturn,27.7174,37.8561,27.7174,42.9003,30.9643,0.917,0.0000,0.0003
NH1,520758586.6,2016-07-02,35.838,284.782,1.927,14.394,0.00823,-0.4340,0.4340,inner_heliosphere,saturn,27.7232,37.8584,27.7232,42.9124,30.9729,1.227,0.0000,0.0003
NH1,520843393.6,2016-07-03,35.846,284.784,1.927,14.393,0.00823,-0.4340,0.4340,inner_heliosphere,saturn,27.7278,37.8602,27.7278,42.9220,30.9799,0.982,0.0000,0.0003
NH1,520915386.6,2016-07-04,35.853,284.785,1.927,14.393,0.00823,-0.4340,0.4340,inner_heliosphere,saturn,27.7318,37.8618,27.7318,42.9302,30.9858,0.833,0.0000,0.0003
NH1,521001793.6,2016-07-05,35.861,284.787,1.927,14.392,0.00823,-0.4340,0.4340,inner_heliosphere,saturn,27.7365,37.8636,27.7365,42.9401,30.9929,1.000,0.0000,0.0003
NH1,521077372.6,2016-07-06,35.868,284.789,1.927,14.392,0.00823,-0.4340,0.4340,inner_heliosphere,saturn,27.7406,37.8653,27.7406,42.9487,30.9990,0.875,0.0000,0.0003
NH1,521170972.6,2016-07-07,35.877,284.791,1.927,14.392,0.00823,-0.4339,0.4339,inner_heliosphere,saturn,27.7457,37.8673,27.7457,42.9594,31.0067,1.083,0.0000,0.0003
NH1,521260979.6,2016-07-08,35.886,284.793,1.927,14.391,0.00823,-0.4339,0.4339,inner_heliosphere,saturn,27.7506,37.8692,27.7506,42.9696,31.0141,1.042,0.0000,0.0003
NH1,521340161.6,2016-07-09,35.893,284.794,1.927,14.391,0.00823,-0.4339,0.4339,inner_heliosphere,saturn,27.7550,37.8709,27.7550,42.9786,31.0206,0.916,0.0000,0.0003
NH1,521433785.6,2016-07-10,35.902,284.796,1.927,14.390,0.00823,-0.4339,0.4339,inner_heliosphere,saturn,27.7601,37.8729,27.7601,42.9893,31.0282,1.084,0.0000,0.0003
NH1,521487779.6,2016-07-11,35.907,284.798,1.927,14.390,0.00823,-0.4339,0.4339,inner_heliosphere,saturn,27.7630,37.8740,27.7630,42.9955,31.0327,0.625,0.0000,0.0003
NH1,521606582.6,2016-07-12,35.919,284.800,1.927,14.390,0.00823,-0.4339,0.4339,inner_heliosphere,saturn,27.7695,37.8766,27.7695,43.0090,31.0424,1.375,0.0000,0.0003
NH1,521707364.6,2016-07-13,35.928,284.802,1.927,14.389,0.00823,-0.4339,0.4339,inner_heliosphere,saturn,27.7751,37.8787,27.7751,43.0205,31.0507,1.166,0.0000,0.0003
NH1,521721759.6,2016-07-13,35.930,284.802,1.927,14.389,0.00823,-0.4339,0.4339,inner_heliosphere,saturn,27.7758,37.8790,27.7758,43.0221,31.0519,0.167,0.0000,0.0003
NH1,521833355.6,2016-07-15,35.940,284.805,1.927,14.389,0.00823,-0.4339,0.4339,inner_heliosphere,saturn,27.7820,37.8813,27.7820,43.0348,31.0610,1.292,0.0000,0.0003
NH1,522002531.6,2016-07-17,35.956,284.808,1.928,14.388,0.00823,-0.4339,0.4339,inner_heliosphere,saturn,27.7913,37.8849,27.7913,43.0541,31.0749,1.958,0.0001,0.0003
NH1,522121318.6,2016-07-18,35.968,284.811,1.928,14.387,0.00823,-0.4339,0.4339,inner_heliosphere,saturn,27.7978,37.8874,27.7978,43.0677,31.0847,1.375,0.0000,0.0003
NH1,522294114.6,2016-07-20,35.984,284.815,1.928,14.387,0.00823,-0.4339,0.4339,inner_heliosphere,saturn,27.8073,37.8910,27.8073,43.0874,31.0989,2.000,0.0001,0.0003
NH1,522380508.6,2016-07-21,35.992,284.816,1.928,14.386,0.00823,-0.4339,0.4339,inner_heliosphere,saturn,27.8120,37.8928,27.8120,43.0972,31.1060,1.000,0.0000,0.0003
NH1,522466901.6,2016-07-22,36.000,284.818,1.928,14.386,0.00823,-0.4339,0.4339,inner_heliosphere,saturn,27.8168,37.8946,27.8168,43.1071,31.1131,1.000,0.0000,0.0003
NH1,522553295.6,2016-07-23,36.009,284.820,1.928,14.385,0.00823,-0.4339,0.4339,inner_heliosphere,saturn,27.8216,37.8964,27.8216,43.1169,31.1202,1.000,0.0000,0.0003
NH1,522639688.6,2016-07-24,36.017,284.822,1.928,14.385,0.00823,-0.4339,0.4339,inner_heliosphere,saturn,27.8263,37.8982,27.8263,43.1268,31.1273,1.000,0.0000,0.0003
NH1,522726081.6,2016-07-25,36.025,284.824,1.928,14.385,0.00823,-0.4339,0.4339,inner_heliosphere,saturn,27.8311,37.8999,27.8311,43.1366,31.1344,1.000,0.0000,0.0003
NH1,522812474.6,2016-07-26,36.033,284.825,1.928,14.384,0.00823,-0.4339,0.4339,inner_heliosphere,saturn,27.8358,37.9017,27.8358,43.1465,31.1415,1.000,0.0000,0.0003
NH1,522898866.6,2016-07-27,36.042,284.827,1.928,14.384,0.00823,-0.4339,0.4339,inner_heliosphere,saturn,27.8406,37.9035,27.8406,43.1563,31.1486,1.000,0.0000,0.0003
NH1,522985260.6,2016-07-28,36.050,284.829,1.928,14.384,0.00823,-0.4339,0.4339,inner_heliosphere,saturn,27.8454,37.9053,27.8454,43.1662,31.1558,1.000,0.0000,0.0003
NH1,523071652.6,2016-07-29,36.058,284.831,1.928,14.383,0.00823,-0.4339,0.4339,inner_heliosphere,saturn,27.8502,37.9070,27.8502,43.1761,31.1629,1.000,0.0000,0.0003
NH1,523158084.6,2016-07-30,36.066,284.833,1.928,14.383,0.00823,-0.4338,0.4338,inner_heliosphere,saturn,27.8549,37.9088,27.8549,43.1859,31.1700,1.000,0.0000,0.0003
NH1,523240828.6,2016-07-31,36.074,284.834,1.928,14.382,0.00823,-0.4338,0.4338,inner_heliosphere,saturn,27.8595,37.9105,27.8595,43.1954,31.1768,0.958,0.0000,0.0003
NH1,523327223.6,2016-08-01,36.082,284.836,1.928,14.382,0.00823,-0.4338,0.4338,inner_heliosphere,saturn,27.8643,37.9122,27.8643,43.2052,31.1839,1.000,0.0000,0.0003
NH1,523410010.6,2016-08-02,36.090,284.838,1.928,14.382,0.00823,-0.4338,0.4338,inner_heliosphere,saturn,27.8689,37.9139,27.8689,43.2147,31.1908,0.958,0.0000,0.0003
NH1,523492801.6,2016-08-03,36.098,284.840,1.928,14.381,0.00823,-0.4338,0.4338,inner_heliosphere,saturn,27.8735,37.9156,27.8735,43.2241,31.1976,0.958,0.0000,0.0003
NH1,523575591.6,2016-08-04,36.106,284.841,1.928,14.381,0.00823,-0.4338,0.4338,inner_heliosphere,saturn,27.8781,37.9172,27.8781,43.2335,31.2044,0.958,0.0000,0.0003
NH1,523672796.6,2016-08-05,36.115,284.843,1.928,14.380,0.00823,-0.4338,0.4338,inner_heliosphere,saturn,27.8835,37.9192,27.8835,43.2446,31.2125,1.125,0.0000,0.0003
NH1,523755582.6,2016-08-06,36.123,284.845,1.928,14.380,0.00823,-0.4338,0.4338,inner_heliosphere,saturn,27.8881,37.9209,27.8881,43.2541,31.2193,0.958,0.0000,0.0003
NH1,523845580.6,2016-08-07,36.132,284.847,1.928,14.380,0.00823,-0.4338,0.4338,inner_heliosphere,saturn,27.8931,37.9227,27.8931,43.2644,31.2267,1.042,0.0000,0.0003
NH1,523924807.6,2016-08-08,36.139,284.849,1.928,14.379,0.00823,-0.4338,0.4338,inner_heliosphere,saturn,27.8975,37.9242,27.8975,43.2734,31.2333,0.917,0.0000,0.0003
NH1,524014753.6,2016-08-09,36.148,284.851,1.928,14.379,0.00823,-0.4338,0.4338,inner_heliosphere,saturn,27.9025,37.9260,27.9025,43.2837,31.2407,1.041,0.0000,0.0003
NH1,524104756.6,2016-08-10,36.156,284.852,1.928,14.379,0.00823,-0.4338,0.4338,inner_heliosphere,saturn,27.9075,37.9278,27.9075,43.2939,31.2482,1.042,0.0000,0.0003
NH1,524187537.6,2016-08-11,36.164,284.854,1.928,14.378,0.00823,-0.4338,0.4338,inner_heliosphere,saturn,27.9121,37.9295,27.9121,43.3034,31.2550,0.958,0.0000,0.0003
NH1,524263122.6,2016-08-12,36.172,284.856,1.928,14.378,0.00823,-0.4338,0.4338,inner_heliosphere,saturn,27.9163,37.9310,27.9163,43.3120,31.2612,0.875,0.0000,0.0003
NH1,524385569.6,2016-08-13,36.183,284.858,1.929,14.377,0.00823,-0.4338,0.4338,inner_heliosphere,saturn,27.9231,37.9334,27.9231,43.3260,31.2714,1.417,0.0000,0.0003
NH1,524471933.6,2016-08-14,36.191,284.860,1.929,14.377,0.00823,-0.4338,0.4338,inner_heliosphere,saturn,27.9280,37.9351,27.9280,43.3359,31.2785,1.000,0.0000,0.0003
NH1,524533101.6,2016-08-15,36.197,284.861,1.929,14.377,0.00823,-0.4338,0.4338,inner_heliosphere,saturn,27.9314,37.9363,27.9314,43.3428,31.2836,0.708,0.0000,0.0002
NH1,524619491.6,2016-08-16,36.205,284.863,1.929,14.376,0.00823,-0.4338,0.4338,inner_heliosphere,saturn,27.9362,37.9380,27.9362,43.3527,31.2907,1.000,0.0000,0.0002
NH1,524677086.6,2016-08-17,36.211,284.864,1.929,14.376,0.00823,-0.4338,0.4338,inner_heliosphere,saturn,27.9394,37.9391,27.9394,43.3593,31.2955,0.667,0.0000,0.0002
NH1,524788667.7,2016-08-18,36.222,284.867,1.929,14.376,0.00822,-0.4338,0.4338,inner_heliosphere,saturn,27.9456,37.9413,27.9456,43.3720,31.3048,1.291,0.0000,0.0002
NH1,524878671.7,2016-08-19,36.230,284.868,1.929,14.375,0.00822,-0.4338,0.4338,inner_heliosphere,saturn,27.9507,37.9430,27.9507,43.3823,31.3122,1.042,0.0000,0.0002
NH1,524990256.7,2016-08-20,36.241,284.871,1.929,14.375,0.00822,-0.4338,0.4338,inner_heliosphere,saturn,27.9569,37.9452,27.9569,43.3950,31.3215,1.291,0.0000,0.0002
NH1,525069454.7,2016-08-21,36.248,284.872,1.929,14.374,0.00822,-0.4338,0.4338,inner_heliosphere,saturn,27.9614,37.9467,27.9614,43.4041,31.3280,0.917,0.0000,0.0002
NH1,525127025.7,2016-08-22,36.254,284.874,1.929,14.374,0.00822,-0.4338,0.4338,inner_heliosphere,saturn,27.9646,37.9478,27.9646,43.4107,31.3328,0.666,0.0000,0.0002
NH1,525224230.7,2016-08-23,36.263,284.876,1.929,14.374,0.00822,-0.4337,0.4337,inner_heliosphere,saturn,27.9700,37.9497,27.9700,43.4218,31.3409,1.125,0.0000,0.0002
NH1,525335823.7,2016-08-24,36.274,284.878,1.929,14.373,0.00822,-0.4337,0.4337,inner_heliosphere,saturn,27.9763,37.9519,27.9763,43.4345,31.3501,1.292,0.0000,0.0002
NH1,525422214.7,2016-08-25,36.282,284.880,1.929,14.373,0.00822,-0.4337,0.4337,inner_heliosphere,saturn,27.9811,37.9535,27.9811,43.4444,31.3573,1.000,0.0000,0.0002
NH1,525508604.7,2016-08-26,36.290,284.882,1.929,14.372,0.00822,-0.4337,0.4337,inner_heliosphere,saturn,27.9860,37.9552,27.9860,43.4543,31.3645,1.000,0.0000,0.0002
NH1,525537382.7,2016-08-27,36.293,284.882,1.929,14.372,0.00822,-0.4337,0.4337,inner_heliosphere,saturn,27.9876,37.9557,27.9876,43.4575,31.3669,0.333,0.0000,0.0002
NH1,525656177.7,2016-08-28,36.304,284.885,1.929,14.372,0.00822,-0.4337,0.4337,inner_heliosphere,saturn,27.9943,37.9580,27.9943,43.4711,31.3767,1.375,0.0000,0.0002
NH1,525742564.7,2016-08-29,36.312,284.886,1.929,14.371,0.00822,-0.4337,0.4337,inner_heliosphere,saturn,27.9992,37.9596,27.9992,43.4810,31.3839,1.000,0.0000,0.0002
NH1,525825345.7,2016-08-30,36.320,284.888,1.929,14.371,0.00822,-0.4337,0.4337,inner_heliosphere,saturn,28.0038,37.9612,28.0038,43.4904,31.3908,0.958,0.0000,0.0002
NH1,525911733.7,2016-08-31,36.328,284.890,1.929,14.371,0.00822,-0.4337,0.4337,inner_heliosphere,saturn,28.0087,37.9629,28.0087,43.5003,31.3980,1.000,0.0000,0.0002
NH1,525998125.7,2016-09-01,36.337,284.892,1.929,14.370,0.00822,-0.4337,0.4337,inner_heliosphere,saturn,28.0135,37.9645,28.0135,43.5102,31.4051,1.000,0.0000,0.0002
NH1,526080909.7,2016-09-02,36.345,284.893,1.929,14.370,0.00822,-0.4337,0.4337,inner_heliosphere,saturn,28.0182,37.9661,28.0182,43.5196,31.4120,0.958,0.0000,0.0002
NH1,526170911.7,2016-09-03,36.353,284.895,1.929,14.369,0.00822,-0.4337,0.4337,inner_heliosphere,saturn,28.0233,37.9678,28.0233,43.5299,31.4195,1.042,0.0000,0.0002
NH1,526257298.7,2016-09-04,36.361,284.897,1.929,14.369,0.00822,-0.4337,0.4337,inner_heliosphere,saturn,28.0282,37.9694,28.0282,43.5398,31.4267,1.000,0.0000,0.0002
NH1,526343686.7,2016-09-05,36.370,284.899,1.929,14.369,0.00822,-0.4337,0.4337,inner_heliosphere,saturn,28.0330,37.9710,28.0330,43.5497,31.4339,1.000,0.0000,0.0002
NH1,526430074.7,2016-09-06,36.378,284.901,1.929,14.368,0.00822,-0.4337,0.4337,inner_heliosphere,saturn,28.0379,37.9726,28.0379,43.5595,31.4411,1.000,0.0000,0.0002
NH1,526512854.7,2016-09-07,36.386,284.902,1.929,14.368,0.00822,-0.4337,0.4337,inner_heliosphere,saturn,28.0426,37.9742,28.0426,43.5690,31.4480,0.958,0.0000,0.0002
NH1,526602853.7,2016-09-08,36.394,284.904,1.929,14.367,0.00822,-0.4337,0.4337,inner_heliosphere,saturn,28.0477,37.9758,28.0477,43.5793,31.4555,1.042,0.0000,0.0001
NH1,526718045.7,2016-09-09,36.405,284.906,1.929,14.367,0.00822,-0.4337,0.4337,inner_heliosphere,saturn,28.0542,37.9780,28.0542,43.5925,31.4651,1.333,0.0000,0.0001
NH1,526764813.7,2016-09-10,36.410,284.907,1.929,14.367,0.00822,-0.4337,0.4337,inner_heliosphere,saturn,28.0569,37.9788,28.0569,43.5978,31.4690,0.541,0.0000,0.0001
NH1,526847603.7,2016-09-11,36.418,284.909,1.930,14.366,0.00822,-0.4337,0.4337,inner_heliosphere,saturn,28.0616,37.9804,28.0616,43.6073,31.4759,0.958,0.0000,0.0001
NH1,526948404.7,2016-09-12,36.427,284.911,1.930,14.366,0.00822,-0.4337,0.4337,inner_heliosphere,saturn,28.0673,37.9822,28.0673,43.6188,31.4843,1.167,0.0000,0.0001
NH1,527034792.7,2016-09-13,36.435,284.913,1.930,14.366,0.00822,-0.4337,0.4337,inner_heliosphere,saturn,28.0722,37.9838,28.0722,43.6287,31.4915,1.000,0.0000,0.0001
NH1,527121180.7,2016-09-14,36.444,284.915,1.930,14.365,0.00822,-0.4337,0.4337,inner_heliosphere,saturn,28.0771,37.9854,28.0771,43.6386,31.4987,1.000,0.0000,0.0001
NH1,527207568.7,2016-09-15,36.452,284.917,1.930,14.365,0.00822,-0.4337,0.4337,inner_heliosphere,saturn,28.0820,37.9870,28.0820,43.6484,31.5059,1.000,0.0000,0.0001
NH1,527290348.7,2016-09-16,36.460,284.918,1.930,14.364,0.00822,-0.4336,0.4336,inner_heliosphere,saturn,28.0867,37.9885,28.0867,43.6579,31.5128,0.958,0.0000,0.0001
NH1,527376733.7,2016-09-17,36.468,284.920,1.930,14.364,0.00822,-0.4336,0.4336,inner_heliosphere,saturn,28.0916,37.9901,28.0916,43.6678,31.5200,1.000,0.0000,0.0001
NH1,527491972.7,2016-09-18,36.479,284.922,1.930,14.364,0.00822,-0.4336,0.4336,inner_heliosphere,saturn,28.0981,37.9922,28.0981,43.6810,31.5296,1.334,0.0000,0.0001
NH1,527549519.7,2016-09-19,36.484,284.924,1.930,14.363,0.00822,-0.4336,0.4336,inner_heliosphere,saturn,28.1014,37.9932,28.1014,43.6875,31.5344,0.666,0.0000,0.0001
NH1,527632310.7,2016-09-20,36.492,284.925,1.930,14.363,0.00822,-0.4336,0.4336,inner_heliosphere,saturn,28.1061,37.9947,28.1061,43.6970,31.5413,0.958,0.0000,0.0001
NH1,527722292.7,2016-09-21,36.501,284.927,1.930,14.363,0.00822,-0.4336,0.4336,inner_heliosphere,saturn,28.1113,37.9964,28.1113,43.7073,31.5489,1.041,0.0000,0.0001
NH1,527805070.7,2016-09-22,36.509,284.929,1.930,14.362,0.00822,-0.4336,0.4336,inner_heliosphere,saturn,28.1160,37.9979,28.1160,43.7168,31.5558,0.958,0.0000,0.0001
NH1,527891459.7,2016-09-23,36.517,284.930,1.930,14.362,0.00822,-0.4336,0.4336,inner_heliosphere,saturn,28.1209,37.9994,28.1209,43.7267,31.5630,1.000,0.0000,0.0001
NH1,527974243.7,2016-09-24,36.525,284.932,1.930,14.361,0.00822,-0.4336,0.4336,inner_heliosphere,saturn,28.1256,38.0009,28.1256,43.7361,31.5699,0.958,0.0000,0.0001
NH1,528067846.7,2016-09-25,36.534,284.934,1.930,14.361,0.00822,-0.4336,0.4336,inner_heliosphere,saturn,28.1310,38.0026,28.1310,43.7468,31.5778,1.083,0.0000,0.0001
NH1,528154235.7,2016-09-26,36.542,284.936,1.930,14.361,0.00822,-0.4336,0.4336,inner_heliosphere,saturn,28.1359,38.0041,28.1359,43.7567,31.5850,1.000,0.0000,0.0001
NH1,528237011.7,2016-09-27,36.550,284.938,1.930,14.360,0.00822,-0.4336,0.4336,inner_heliosphere,saturn,28.1406,38.0056,28.1406,43.7662,31.5919,0.958,0.0000,0.0000
NH1,528323399.7,2016-09-28,36.558,284.939,1.930,14.360,0.00822,-0.4336,0.4336,inner_heliosphere,saturn,28.1456,38.0071,28.1456,43.7761,31.5991,1.000,0.0000,0.0000
NH1,528409786.7,2016-09-29,36.566,284.941,1.930,14.360,0.00822,-0.4336,0.4336,inner_heliosphere,saturn,28.1505,38.0087,28.1505,43.7860,31.6064,1.000,0.0000,0.0000
NH1,528496173.7,2016-09-30,36.574,284.943,1.930,14.359,0.00822,-0.4336,0.4336,inner_heliosphere,saturn,28.1555,38.0102,28.1555,43.7958,31.6136,1.000,0.0000,0.0000
NH1,528618564.7,2016-10-01,36.586,284.945,1.930,14.359,0.00822,-0.4336,0.4336,inner_heliosphere,saturn,28.1625,38.0124,28.1625,43.8098,31.6239,1.417,0.0000,0.0000
NH1,528704952.7,2016-10-02,36.594,284.947,1.930,14.358,0.00822,-0.4336,0.4336,inner_heliosphere,saturn,28.1674,38.0139,28.1674,43.8197,31.6311,1.000,0.0000,0.0000
NH1,528755344.7,2016-10-03,36.599,284.948,1.930,14.358,0.00822,-0.4336,0.4336,inner_heliosphere,saturn,28.1703,38.0148,28.1703,43.8255,31.6353,0.583,0.0000,0.0000
NH1,528870533.7,2016-10-04,36.610,284.950,1.930,14.358,0.00822,-0.4336,0.4336,inner_heliosphere,saturn,28.1769,38.0168,28.1769,43.8387,31.6450,1.333,0.0000,0.0000
NH1,528899315.7,2016-10-05,36.613,284.951,1.930,14.357,0.00822,-0.4336,0.4336,inner_heliosphere,saturn,28.1786,38.0173,28.1786,43.8420,31.6474,0.333,0.0000,0.0000
NH1,529014505.7,2016-10-06,36.624,284.953,1.930,14.357,0.00822,-0.4336,0.4336,inner_heliosphere,saturn,28.1852,38.0193,28.1852,43.8552,31.6571,1.333,-0.0000,-0.0000
NH1,529136890.7,2016-10-07,36.635,284.956,1.930,14.356,0.00822,-0.4336,0.4336,inner_heliosphere,saturn,28.1923,38.0215,28.1923,43.8692,31.6673,1.416,-0.0000,-0.0000
NH1,529216086.7,2016-10-08,36.643,284.957,1.930,14.356,0.00822,-0.4336,0.4336,inner_heliosphere,saturn,28.1968,38.0229,28.1968,43.8782,31.6740,0.917,-0.0000,-0.0000
NH1,529270059.7,2016-10-09,36.648,284.959,1.930,14.356,0.00822,-0.4336,0.4336,inner_heliosphere,saturn,28.1999,38.0238,28.1999,43.8844,31.6785,0.625,-0.0000,-0.0000
NH1,529385253.7,2016-10-10,36.659,284.961,1.931,14.355,0.00821,-0.4335,0.4335,inner_heliosphere,saturn,28.2066,38.0258,28.2066,43.8976,31.6882,1.333,-0.0000,-0.0000
NH1,529471641.7,2016-10-11,36.667,284.963,1.931,14.355,0.00821,-0.4335,0.4335,inner_heliosphere,saturn,28.2115,38.0273,28.2115,43.9075,31.6954,1.000,-0.0000,-0.0000
NH1,529558036.7,2016-10-12,36.675,284.964,1.931,14.355,0.00821,-0.4335,0.4335,inner_heliosphere,saturn,28.2165,38.0288,28.2165,43.9174,31.7027,1.000,-0.0000,-0.0000
NH1,529644422.7,2016-10-13,36.684,284.966,1.931,14.354,0.00821,-0.4335,0.4335,inner_heliosphere,saturn,28.2215,38.0303,28.2215,43.9273,31.7100,1.000,-0.0000,-0.0000
NH1,529743293.7,2016-10-14,36.693,284.968,1.931,14.354,0.00821,-0.4335,0.4335,inner_heliosphere,saturn,28.2272,38.0320,28.2272,43.9386,31.7183,1.144,-0.0000,-0.0001
NH1,529827985.7,2016-10-15,36.701,284.970,1.931,14.353,0.00821,-0.4335,0.4335,inner_heliosphere,saturn,28.2321,38.0334,28.2321,43.9483,31.7254,0.980,-0.0000,-0.0001
NH1,529845976.7,2016-10-15,36.703,284.970,1.931,14.353,0.00821,-0.4335,0.4335,inner_heliosphere,saturn,28.2331,38.0337,28.2331,43.9504,31.7269,0.208,-0.0000,-0.0000
NH1,529961159.7,2016-10-17,36.714,284.973,1.931,14.353,0.00821,-0.4335,0.4335,inner_heliosphere,saturn,28.2398,38.0357,28.2398,43.9635,31.7366,1.333,-0.0000,-0.0001
NH1,530087148.7,2016-10-18,36.726,284.975,1.931,14.352,0.00821,-0.4335,0.4335,inner_heliosphere,saturn,28.2471,38.0379,28.2471,43.9780,31.7472,1.458,-0.0000,-0.0001
NH1,530133981.7,2016-10-19,36.730,284.976,1.931,14.352,0.00821,-0.4335,0.4335,inner_heliosphere,saturn,28.2498,38.0386,28.2498,43.9833,31.7511,0.542,-0.0000,-0.0001
NH1,530249134.7,2016-10-20,36.741,284.978,1.931,14.352,0.00821,-0.4335,0.4335,inner_heliosphere,saturn,28.2565,38.0406,28.2565,43.9965,31.7608,1.333,-0.0000,-0.0001
NH1,530335559.7,2016-10-21,36.749,284.980,1.931,14.351,0.00821,-0.4335,0.4335,inner_heliosphere,saturn,28.2615,38.0421,28.2615,44.0064,31.7681,1.000,-0.0000,-0.0001
NH1,530432699.7,2016-10-22,36.758,284.982,1.931,14.351,0.00821,-0.4335,0.4335,inner_heliosphere,saturn,28.2671,38.0437,28.2671,44.0176,31.7763,1.124,-0.0000,-0.0001
NH1,530504692.7,2016-10-23,36.765,284.984,1.931,14.350,0.00821,-0.4335,0.4335,inner_heliosphere,saturn,28.2713,38.0449,28.2713,44.0258,31.7824,0.833,-0.0000,-0.0001
NH1,530594685.7,2016-10-24,36.774,284.985,1.931,14.350,0.00821,-0.4335,0.4335,inner_heliosphere,saturn,28.2765,38.0464,28.2765,44.0361,31.7899,1.042,-0.0000,-0.0001
NH1,530677465.7,2016-10-25,36.782,284.987,1.931,14.350,0.00821,-0.4335,0.4335,inner_heliosphere,saturn,28.2813,38.0478,28.2813,44.0456,31.7969,0.958,-0.0000,-0.0001
NH1,530763856.7,2016-10-26,36.790,284.989,1.931,14.349,0.00821,-0.4335,0.4335,inner_heliosphere,saturn,28.2863,38.0493,28.2863,44.0555,31.8042,1.000,-0.0000,-0.0001
NH1,530936677.7,2016-10-28,36.806,284.992,1.931,14.349,0.00821,-0.4335,0.4335,inner_heliosphere,saturn,28.2964,38.0522,28.2964,44.0753,31.8188,2.000,-0.0000,-0.0001
NH1,531037413.7,2016-10-29,36.816,284.994,1.931,14.348,0.00821,-0.4335,0.4335,inner_heliosphere,saturn,28.3023,38.0538,28.3023,44.0868,31.8273,1.166,-0.0000,-0.0001
NH1,531080597.7,2016-10-30,36.820,284.995,1.931,14.348,0.00821,-0.4335,0.4335,inner_heliosphere,saturn,28.3048,38.0546,28.3048,44.0918,31.8309,0.500,-0.0000,-0.0001
NH1,531210189.7,2016-10-31,36.832,284.998,1.931,14.347,0.00821,-0.4335,0.4335,inner_heliosphere,saturn,28.3123,38.0567,28.3123,44.1066,31.8419,1.500,-0.0000,-0.0001
NH1,531296577.7,2016-11-01,36.841,284.999,1.931,14.347,0.00821,-0.4335,0.4335,inner_heliosphere,saturn,28.3174,38.0581,28.3174,44.1165,31.8492,1.000,-0.0000,-0.0001
NH1,531382966.7,2016-11-02,36.849,285.001,1.931,14.347,0.00821,-0.4335,0.4335,inner_heliosphere,saturn,28.3224,38.0596,28.3224,44.1264,31.8564,1.000,-0.0000,-0.0002
NH1,531454963.7,2016-11-03,36.856,285.003,1.931,14.346,0.00821,-0.4335,0.4335,inner_heliosphere,saturn,28.3266,38.0608,28.3266,44.1347,31.8625,0.833,-0.0000,-0.0002
NH1,531541355.7,2016-11-04,36.864,285.004,1.931,14.346,0.00821,-0.4334,0.4334,inner_heliosphere,saturn,28.3316,38.0622,28.3316,44.1446,31.8698,1.000,-0.0000,-0.0002
NH1,531627742.7,2016-11-05,36.872,285.006,1.931,14.346,0.00821,-0.4334,0.4334,inner_heliosphere,saturn,28.3367,38.0636,28.3367,44.1545,31.8771,1.000,-0.0000,-0.0002
NH1,531714131.7,2016-11-06,36.880,285.008,1.931,14.345,0.00821,-0.4334,0.4334,inner_heliosphere,saturn,28.3417,38.0650,28.3417,44.1644,31.8844,1.000,-0.0000,-0.0002
NH1,531800518.7,2016-11-07,36.888,285.010,1.931,14.345,0.00821,-0.4334,0.4334,inner_heliosphere,saturn,28.3468,38.0664,28.3468,44.1743,31.8917,1.000,-0.0000,-0.0002
NH1,531858102.7,2016-11-08,36.894,285.011,1.931,14.345,0.00821,-0.4334,0.4334,inner_heliosphere,saturn,28.3502,38.0674,28.3502,44.1809,31.8966,0.666,-0.0000,-0.0002
NH1,531987741.7,2016-11-09,36.906,285.013,1.932,14.344,0.00821,-0.4334,0.4334,inner_heliosphere,saturn,28.3578,38.0695,28.3578,44.1958,31.9076,1.500,-0.0000,-0.0002
NH1,532059686.7,2016-11-10,36.913,285.015,1.932,14.344,0.00821,-0.4334,0.4334,inner_heliosphere,saturn,28.3620,38.0706,28.3620,44.2040,31.9137,0.833,-0.0000,-0.0002
NH1,532113661.7,2016-11-11,36.918,285.016,1.932,14.343,0.00821,-0.4334,0.4334,inner_heliosphere,saturn,28.3651,38.0715,28.3651,44.2102,31.9182,0.625,-0.0000,-0.0002
NH1,532282832.7,2016-11-13,36.934,285.019,1.932,14.343,0.00821,-0.4334,0.4334,inner_heliosphere,saturn,28.3751,38.0743,28.3751,44.2296,31.9326,1.958,-0.0000,-0.0002
NH1,532419631.7,2016-11-14,36.947,285.022,1.932,14.342,0.00821,-0.4334,0.4334,inner_heliosphere,saturn,28.3831,38.0765,28.3831,44.2453,31.9441,1.583,-0.0000,-0.0002
NH1,532506019.7,2016-11-15,36.955,285.024,1.932,14.342,0.00821,-0.4334,0.4334,inner_heliosphere,saturn,28.3882,38.0778,28.3882,44.2552,31.9515,1.000,-0.0000,-0.0002
NH1,532574419.7,2016-11-16,36.962,285.025,1.932,14.341,0.00821,-0.4334,0.4334,inner_heliosphere,saturn,28.3922,38.0789,28.3922,44.2630,31.9573,0.792,-0.0000,-0.0002
NH1,532851579.7,2016-11-19,36.988,285.031,1.932,14.340,0.00821,-0.4334,0.4334,inner_heliosphere,saturn,28.4085,38.0834,28.4085,44.2948,31.9808,3.208,-0.0001,-0.0002
NH1,532887577.7,2016-11-20,36.992,285.031,1.932,14.340,0.00821,-0.4334,0.4334,inner_heliosphere,saturn,28.4106,38.0839,28.4106,44.2990,31.9838,0.417,-0.0000,-0.0002
NH1,533024358.7,2016-11-21,37.005,285.034,1.932,14.340,0.00821,-0.4334,0.4334,inner_heliosphere,saturn,28.4187,38.0861,28.4187,44.3146,31.9954,1.583,-0.0000,-0.0002
NH1,533092758.7,2016-11-22,37.011,285.035,1.932,14.339,0.00821,-0.4334,0.4334,inner_heliosphere,saturn,28.4227,38.0872,28.4227,44.3225,32.0012,0.792,-0.0000,-0.0002
NH1,533146735.7,2016-11-23,37.016,285.036,1.932,14.339,0.00821,-0.4334,0.4334,inner_heliosphere,saturn,28.4259,38.0881,28.4259,44.3287,32.0058,0.625,-0.0000,-0.0003
NH1,533456309.8,2016-11-26,37.046,285.043,1.932,14.338,0.00821,-0.4334,0.4334,inner_heliosphere,saturn,28.4442,38.0929,28.4442,44.3642,32.0321,3.583,-0.0001,-0.0003
NH1,533463502.8,2016-11-26,37.046,285.043,1.932,14.338,0.00821,-0.4334,0.4334,inner_heliosphere,saturn,28.4446,38.0931,28.4446,44.3650,32.0327,0.083,-0.0000,-0.0003
NH1,533629091.8,2016-11-28,37.062,285.046,1.932,14.337,0.00821,-0.4334,0.4334,inner_heliosphere,saturn,28.4545,38.0956,28.4545,44.3840,32.0468,1.917,-0.0000,-0.0003
NH1,533708282.8,2016-11-29,37.070,285.048,1.932,14.337,0.00821,-0.4334,0.4334,inner_heliosphere,saturn,28.4591,38.0969,28.4591,44.3931,32.0535,0.917,-0.0000,-0.0003
NH1,533751468.8,2016-11-30,37.074,285.048,1.932,14.336,0.00821,-0.4334,0.4334,inner_heliosphere,saturn,28.4617,38.0976,28.4617,44.3981,32.0572,0.500,-0.0000,-0.0003
NH1,533974713.8,2016-12-02,37.095,285.053,1.932,14.335,0.00821,-0.4333,0.4333,inner_heliosphere,saturn,28.4749,38.1010,28.4749,44.4237,32.0762,2.584,-0.0001,-0.0003
NH1,533989090.8,2016-12-02,37.096,285.053,1.932,14.335,0.00821,-0.4333,0.4333,inner_heliosphere,saturn,28.4758,38.1013,28.4758,44.4253,32.0774,0.166,-0.0000,-0.0003
NH1,534082622.8,2016-12-04,37.105,285.055,1.932,14.335,0.00820,-0.4333,0.4333,inner_heliosphere,saturn,28.4813,38.1027,28.4813,44.4361,32.0853,1.083,-0.0000,-0.0003
NH1,534321113.8,2016-12-06,37.128,285.060,1.932,14.334,0.00820,-0.4333,0.4333,inner_heliosphere,saturn,28.4955,38.1064,28.4955,44.4634,32.1056,2.760,-0.0001,-0.0003
NH1,534406615.8,2016-12-07,37.136,285.061,1.932,14.334,0.00820,-0.4333,0.4333,inner_heliosphere,saturn,28.5006,38.1077,28.5006,44.4733,32.1129,0.990,-0.0000,-0.0003
NH1,534471414.8,2016-12-08,37.142,285.063,1.932,14.333,0.00820,-0.4333,0.4333,inner_heliosphere,saturn,28.5045,38.1087,28.5045,44.4807,32.1184,0.750,-0.0000,-0.0003
NH1,534579399.8,2016-12-09,37.152,285.065,1.933,14.333,0.00820,-0.4333,0.4333,inner_heliosphere,saturn,28.5109,38.1103,28.5109,44.4931,32.1276,1.250,-0.0000,-0.0003
NH1,534665790.8,2016-12-10,37.161,285.066,1.933,14.333,0.00820,-0.4333,0.4333,inner_heliosphere,saturn,28.5161,38.1117,28.5161,44.5030,32.1350,1.000,-0.0000,-0.0003
NH1,534752184.8,2016-12-11,37.169,285.068,1.933,14.332,0.00820,-0.4333,0.4333,inner_heliosphere,saturn,28.5212,38.1130,28.5212,44.5129,32.1424,1.000,-0.0000,-0.0003
NH1,534874572.8,2016-12-13,37.180,285.071,1.933,14.332,0.00820,-0.4333,0.4333,inner_heliosphere,saturn,28.5285,38.1149,28.5285,44.5270,32.1528,1.375,-0.0000,-0.0003
NH1,535184196.8,2016-12-16,37.210,285.077,1.933,14.330,0.00820,-0.4333,0.4333,inner_heliosphere,saturn,28.5470,38.1195,28.5470,44.5625,32.1792,3.584,-0.0001,-0.0003
NH1,535270542.8,2016-12-17,37.218,285.078,1.933,14.330,0.00820,-0.4333,0.4333,inner_heliosphere,saturn,28.5522,38.1208,28.5522,44.5725,32.1866,0.999,-0.0000,-0.0003
NH1,535526169.8,2016-12-20,37.242,285.083,1.933,14.329,0.00820,-0.4333,0.4333,inner_heliosphere,saturn,28.5675,38.1247,28.5675,44.6018,32.2084,2.917,-0.0001,-0.0003
NH1,535677311.8,2016-12-22,37.257,285.086,1.933,14.328,0.00820,-0.4333,0.4333,inner_heliosphere,saturn,28.5766,38.1269,28.5766,44.6192,32.2213,1.749,-0.0000,-0.0003
NH1,535788901.8,2016-12-23,37.267,285.089,1.933,14.328,0.00820,-0.4333,0.4333,inner_heliosphere,saturn,28.5833,38.1286,28.5833,44.6320,32.2309,1.292,-0.0000,-0.0003
NH1,535821297.8,2016-12-24,37.270,285.089,1.933,14.328,0.00820,-0.4333,0.4333,inner_heliosphere,saturn,28.5852,38.1291,28.5852,44.6357,32.2337,0.375,-0.0000,-0.0003
NH1,536105676.8,2016-12-27,37.297,285.095,1.933,14.327,0.00820,-0.4333,0.4333,inner_heliosphere,saturn,28.6023,38.1333,28.6023,44.6684,32.2580,3.291,-0.0001,-0.0003
NH1,536213671.8,2016-12-28,37.308,285.097,1.933,14.326,0.00820,-0.4332,0.4332,inner_heliosphere,saturn,28.6088,38.1349,28.6088,44.6808,32.2672,1.250,-0.0000,-0.0003
NH1,536249656.8,2016-12-29,37.311,285.098,1.933,14.326,0.00820,-0.4332,0.4332,inner_heliosphere,saturn,28.6110,38.1354,28.6110,44.6849,32.2703,0.416,-0.0000,-0.0003
NH1,536339730.8,2016-12-30,37.320,285.099,1.933,14.326,0.00820,-0.4332,0.4332,inner_heliosphere,saturn,28.6164,38.1368,28.6164,44.6953,32.2780,1.043,-0.0000,-0.0003
NH1,537084839.8,2017-01-07,37.390,285.114,1.933,14.322,0.00820,-0.4332,0.4332,inner_heliosphere,saturn,28.6614,38.1477,28.6614,44.7809,32.3419,8.624,-1.0002,-1.3424
NH1,537257635.8,2017-01-09,37.407,285.117,1.934,14.322,0.00820,-0.4332,0.4332,inner_heliosphere,saturn,28.6719,38.1502,28.6719,44.8008,32.3567,2.000,-0.0001,-0.0003
NH1,537394409.8,2017-01-11,37.420,285.120,1.934,14.321,0.00820,-0.4332,0.4332,inner_heliosphere,saturn,28.6802,38.1521,28.6802,44.8165,32.3685,1.583,-0.0000,-0.0003
NH1,537570813.8,2017-01-13,37.436,285.123,1.934,14.320,0.00820,-0.4332,0.4332,inner_heliosphere,saturn,28.6909,38.1547,28.6909,44.8368,32.3836,2.042,-0.0001,-0.0003
NH1,537826395.8,2017-01-16,37.461,285.128,1.934,14.319,0.00820,-0.4332,0.4332,inner_heliosphere,saturn,28.7064,38.1583,28.7064,44.8662,32.4056,2.958,-0.0001,-0.0003
NH1,537988387.8,2017-01-18,37.476,285.132,1.934,14.319,0.00820,-0.4332,0.4332,inner_heliosphere,saturn,28.7163,38.1606,28.7163,44.8848,32.4195,1.875,-0.0001,-0.0003
NH1,538118007.8,2017-01-19,37.488,285.134,1.934,14.318,0.00820,-0.4332,0.4332,inner_heliosphere,saturn,28.7242,38.1625,28.7242,44.8997,32.4306,1.500,-0.0000,-0.0003
NH1,538168385.8,2017-01-20,37.493,285.135,1.934,14.318,0.00820,-0.4332,0.4332,inner_heliosphere,saturn,28.7273,38.1632,28.7273,44.9055,32.4350,0.583,-0.0000,-0.0003
NH1,538431186.8,2017-01-23,37.518,285.140,1.934,14.317,0.00820,-0.4331,0.4331,inner_heliosphere,saturn,28.7433,38.1669,28.7433,44.9357,32.4576,3.042,-0.0001,-0.0003
NH1,538578816.8,2017-01-25,37.532,285.143,1.934,14.316,0.00820,-0.4331,0.4331,inner_heliosphere,saturn,28.7523,38.1690,28.7523,44.9527,32.4703,1.709,-0.0000,-0.0003
NH1,538665208.8,2017-01-26,37.540,285.145,1.934,14.316,0.00820,-0.4331,0.4331,inner_heliosphere,saturn,28.7576,38.1702,28.7576,44.9626,32.4778,1.000,-0.0000,-0.0003
NH1,538794793.8,2017-01-27,37.552,285.147,1.934,14.315,0.00820,-0.4331,0.4331,inner_heliosphere,saturn,28.7655,38.1720,28.7655,44.9776,32.4889,1.500,-0.0000,-0.0003
NH1,538985595.8,2017-01-29,37.571,285.151,1.934,14.315,0.00819,-0.4331,0.4331,inner_heliosphere,saturn,28.7772,38.1747,28.7772,44.9995,32.5054,2.208,-0.0001,-0.0003
NH1,539057635.8,2017-01-30,37.577,285.152,1.934,14.314,0.00819,-0.4331,0.4331,inner_heliosphere,saturn,28.7816,38.1757,28.7816,45.0078,32.5116,0.834,-0.0000,-0.0003
NH1,539158393.8,2017-01-31,37.587,285.154,1.934,14.314,0.00819,-0.4331,0.4331,inner_heliosphere,saturn,28.7878,38.1771,28.7878,45.0194,32.5203,1.166,-0.0000,-0.0003
NH1,539244794.8,2017-02-01,37.595,285.156,1.934,14.314,0.00819,-0.4331,0.4331,inner_heliosphere,saturn,28.7931,38.1783,28.7931,45.0293,32.5277,1.000,-0.0000,-0.0003
NH1,539295176.8,2017-02-02,37.600,285.157,1.934,14.313,0.00819,-0.4331,0.4331,inner_heliosphere,saturn,28.7962,38.1790,28.7962,45.0351,32.5321,0.583,-0.0000,-0.0003
NH1,539590440.8,2017-02-05,37.628,285.162,1.934,14.312,0.00819,-0.4331,0.4331,inner_heliosphere,saturn,28.8144,38.1831,28.8144,45.0691,32.5576,3.417,-0.0001,-0.0003
NH1,539669594.8,2017-02-06,37.635,285.164,1.934,14.312,0.00819,-0.4331,0.4331,inner_heliosphere,saturn,28.8192,38.1842,28.8192,45.0782,32.5644,0.916,-0.0000,-0.0003
NH1,539926102.8,2017-02-09,37.660,285.169,1.935,14.311,0.00819,-0.4331,0.4331,inner_heliosphere,saturn,28.8350,38.1877,28.8350,45.1077,32.5866,2.969,-0.0001,-0.0003
NH1,540022438.8,2017-02-10,37.669,285.171,1.935,14.310,0.00819,-0.4331,0.4331,inner_heliosphere,saturn,28.8410,38.1890,28.8410,45.1188,32.5949,1.115,-0.0000,-0.0003
NH1,540108843.8,2017-02-11,37.677,285.172,1.935,14.310,0.00819,-0.4331,0.4331,inner_heliosphere,saturn,28.8463,38.1902,28.8463,45.1288,32.6024,1.000,-0.0000,-0.0003
NH1,540195185.8,2017-02-12,37.685,285.174,1.935,14.310,0.00819,-0.4330,0.4330,inner_heliosphere,saturn,28.8517,38.1914,28.8517,45.1387,32.6098,0.999,-0.0000,-0.0003
NH1,540241982.8,2017-02-13,37.690,285.175,1.935,14.310,0.00819,-0.4330,0.4330,inner_heliosphere,saturn,28.8546,38.1920,28.8546,45.1441,32.6139,0.542,-0.0000,-0.0003
NH1,540454389.8,2017-02-15,37.710,285.179,1.935,14.309,0.00819,-0.4330,0.4330,inner_heliosphere,saturn,28.8677,38.1949,28.8677,45.1686,32.6323,2.458,-0.0001,-0.0002
NH1,540472376.8,2017-02-15,37.712,285.179,1.935,14.309,0.00819,-0.4330,0.4330,inner_heliosphere,saturn,28.8688,38.1952,28.8688,45.1706,32.6338,0.208,-0.0000,-0.0002
NH1,540576780.8,2017-02-17,37.721,285.181,1.935,14.308,0.00819,-0.4330,0.4330,inner_heliosphere,saturn,28.8753,38.1966,28.8753,45.1826,32.6429,1.208,-0.0000,-0.0002
NH1,540673990.8,2017-02-18,37.731,285.183,1.935,14.308,0.00819,-0.4330,0.4330,inner_heliosphere,saturn,28.8813,38.1979,28.8813,45.1938,32.6513,1.125,-0.0000,-0.0002
NH1,540875661.8,2017-02-20,37.750,285.187,1.935,14.307,0.00819,-0.4330,0.4330,inner_heliosphere,saturn,28.8938,38.2007,28.8938,45.2171,32.6688,2.334,-0.0000,-0.0002
NH1,540962010.8,2017-02-21,37.758,285.189,1.935,14.307,0.00819,-0.4330,0.4330,inner_heliosphere,saturn,28.8992,38.2018,28.8992,45.2270,32.6762,0.999,-0.0000,-0.0002
NH1,540987243.8,2017-02-21,37.760,285.189,1.935,14.307,0.00819,-0.4330,0.4330,inner_heliosphere,saturn,28.9007,38.2022,28.9007,45.2299,32.6784,0.292,-0.0000,-0.0002
NH1,541278814.8,2017-02-25,37.788,285.195,1.935,14.305,0.00819,-0.4330,0.4330,inner_heliosphere,saturn,28.9188,38.2061,28.9188,45.2635,32.7037,3.375,-0.0001,-0.0002
NH1,541350800.8,2017-02-26,37.795,285.196,1.935,14.305,0.00819,-0.4330,0.4330,inner_heliosphere,saturn,28.9233,38.2070,28.9233,45.2718,32.7099,0.833,-0.0000,-0.0002
NH1,541523606.8,2017-02-28,37.811,285.200,1.935,14.304,0.00819,-0.4330,0.4330,inner_heliosphere,saturn,28.9341,38.2094,28.9341,45.2917,32.7249,2.000,-0.0000,-0.0002
NH1,541649679.8,2017-03-01,37.823,285.202,1.935,14.304,0.00819,-0.4330,0.4330,inner_heliosphere,saturn,28.9419,38.2110,28.9419,45.3062,32.7359,1.459,-0.0000,-0.0002
NH1,541836827.8,2017-03-03,37.841,285.206,1.935,14.303,0.00819,-0.4330,0.4330,inner_heliosphere,saturn,28.9536,38.2135,28.9536,45.3278,32.7521,2.166,-0.0000,-0.0002
NH1,541908837.9,2017-03-04,37.848,285.207,1.935,14.303,0.00819,-0.4330,0.4330,inner_heliosphere,saturn,28.9581,38.2145,28.9581,45.3361,32.7584,0.833,-0.0000,-0.0002
NH1,541995242.9,2017-03-05,37.856,285.209,1.935,14.302,0.00819,-0.4330,0.4330,inner_heliosphere,saturn,28.9635,38.2156,28.9635,45.3460,32.7659,1.000,-0.0000,-0.0002
NH1,542081689.9,2017-03-06,37.864,285.210,1.935,14.302,0.00819,-0.4330,0.4330,inner_heliosphere,saturn,28.9689,38.2168,28.9689,45.3560,32.7734,1.001,-0.0000,-0.0002
NH1,542304835.9,2017-03-09,37.885,285.214,1.935,14.301,0.00819,-0.4329,0.4329,inner_heliosphere,saturn,28.9829,38.2197,28.9829,45.3817,32.7928,2.583,-0.0000,-0.0002
NH1,542441649.9,2017-03-10,37.898,285.217,1.935,14.301,0.00819,-0.4329,0.4329,inner_heliosphere,saturn,28.9915,38.2215,28.9915,45.3975,32.8047,1.583,-0.0000,-0.0001
NH1,542484855.9,2017-03-11,37.902,285.218,1.935,14.300,0.00819,-0.4329,0.4329,inner_heliosphere,saturn,28.9942,38.2221,28.9942,45.4024,32.8085,0.500,-0.0000,-0.0001
NH1,542567647.9,2017-03-12,37.910,285.219,1.936,14.300,0.00819,-0.4329,0.4329,inner_heliosphere,saturn,28.9994,38.2232,28.9994,45.4120,32.8157,0.958,-0.0000,-0.0001
NH1,542700918.9,2017-03-13,37.923,285.222,1.936,14.300,0.00819,-0.4329,0.4329,inner_heliosphere,saturn,29.0077,38.2249,29.0077,45.4273,32.8273,1.542,-0.0000,-0.0001
NH1,542744068.9,2017-03-14,37.927,285.223,1.936,14.299,0.00819,-0.4329,0.4329,inner_heliosphere,saturn,29.0104,38.2255,29.0104,45.4323,32.8310,0.499,-0.0000,-0.0001
NH1,542938491.9,2017-03-16,37.945,285.226,1.936,14.299,0.00819,-0.4329,0.4329,inner_heliosphere,saturn,29.0226,38.2280,29.0226,45.4547,32.8480,2.250,-0.0000,-0.0001
NH1,543114920.9,2017-03-18,37.962,285.230,1.936,14.298,0.00819,-0.4329,0.4329,inner_heliosphere,saturn,29.0337,38.2303,29.0337,45.4751,32.8633,2.042,-0.0000,-0.0001
NH1,543208480.9,2017-03-19,37.971,285.232,1.936,14.297,0.00819,-0.4329,0.4329,inner_heliosphere,saturn,29.0396,38.2316,29.0396,45.4858,32.8715,1.083,-0.0000,-0.0001
NH1,543305688.9,2017-03-20,37.980,285.233,1.936,14.297,0.00819,-0.4329,0.4329,inner_heliosphere,saturn,29.0458,38.2328,29.0458,45.4971,32.8800,1.125,-0.0000,-0.0001
NH1,543345292.9,2017-03-21,37.984,285.234,1.936,14.297,0.00819,-0.4329,0.4329,inner_heliosphere,saturn,29.0483,38.2333,29.0483,45.5016,32.8834,0.458,-0.0000,-0.0001
NH1,543532508.9,2017-03-23,38.002,285.238,1.936,14.296,0.00819,-0.4329,0.4329,inner_heliosphere,saturn,29.0601,38.2358,29.0601,45.5232,32.8997,2.167,-0.0000,-0.0001
NH1,543604505.9,2017-03-24,38.008,285.239,1.936,14.296,0.00819,-0.4329,0.4329,inner_heliosphere,saturn,29.0646,38.2367,29.0646,45.5315,32.9060,0.833,-0.0000,-0.0001
NH1,543820527.9,2017-03-26,38.029,285.243,1.936,14.295,0.00818,-0.4329,0.4329,inner_heliosphere,saturn,29.0783,38.2395,29.0783,45.5564,32.9249,2.500,-0.0000,-0.0001
NH1,543975328.9,2017-03-28,38.044,285.246,1.936,14.294,0.00818,-0.4329,0.4329,inner_heliosphere,saturn,29.0881,38.2415,29.0881,45.5743,32.9384,1.792,-0.0000,-0.0000
NH1,544140924.9,2017-03-30,38.059,285.249,1.936,14.294,0.00818,-0.4329,0.4329,inner_heliosphere,saturn,29.0985,38.2436,29.0985,45.5934,32.9529,1.917,-0.0000,-0.0000
NH1,544284942.9,2017-04-01,38.073,285.252,1.936,14.293,0.00818,-0.4329,0.4329,inner_heliosphere,saturn,29.1077,38.2455,29.1077,45.6100,32.9654,1.667,-0.0000,-0.0000
NH1,544407354.9,2017-04-02,38.084,285.254,1.936,14.293,0.00818,-0.4329,0.4329,inner_heliosphere,saturn,29.1154,38.2470,29.1154,45.6241,32.9761,1.417,-0.0000,-0.0000
NH1,544511748.9,2017-04-03,38.094,285.256,1.936,14.292,0.00818,-0.4328,0.4328,inner_heliosphere,saturn,29.1221,38.2484,29.1221,45.6361,32.9853,1.208,0.0000,0.0000
NH1,544558563.9,2017-04-04,38.099,285.257,1.936,14.292,0.00818,-0.4328,0.4328,inner_heliosphere,saturn,29.1250,38.2490,29.1250,45.6415,32.9894,0.542,0.0000,0.0000
NH1,558415540.0,2017-09-11,39.409,285.509,1.941,14.237,0.00816,-0.4323,0.4323,inner_heliosphere,saturn,30.0450,38.4201,30.0450,47.2446,34.2211,160.382,0.0032,0.0002
NH1,558451577.0,2017-09-12,39.412,285.510,1.941,14.237,0.00816,-0.4323,0.4323,inner_heliosphere,saturn,30.0475,38.4205,30.0475,47.2488,34.2244,0.417,0.0000,0.0001
NH1,558583756.0,2017-09-13,39.425,285.512,1.941,14.236,0.00816,-0.4323,0.4323,inner_heliosphere,saturn,30.0566,38.4222,30.0566,47.2641,34.2363,1.530,0.0000,0.0001
NH1,558652146.0,2017-09-14,39.431,285.513,1.941,14.236,0.00816,-0.4322,0.4322,inner_heliosphere,saturn,30.0614,38.4230,30.0614,47.2720,34.2425,0.792,0.0000,0.0001
NH1,558767321.0,2017-09-15,39.442,285.515,1.941,14.236,0.00816,-0.4322,0.4322,inner_heliosphere,saturn,30.0694,38.4245,30.0694,47.2854,34.2529,1.333,0.0000,0.0001
NH1,558853682.0,2017-09-16,39.450,285.517,1.941,14.235,0.00816,-0.4322,0.4322,inner_heliosphere,saturn,30.0754,38.4256,30.0754,47.2954,34.2607,1.000,0.0000,0.0001
NH1,558907652.0,2017-09-17,39.455,285.518,1.941,14.235,0.00816,-0.4322,0.4322,inner_heliosphere,saturn,30.0791,38.4263,30.0791,47.3017,34.2655,0.625,0.0000,0.0001
NH1,558997673.0,2017-09-18,39.464,285.519,1.941,14.235,0.00815,-0.4322,0.4322,inner_heliosphere,saturn,30.0854,38.4274,30.0854,47.3121,34.2737,1.042,0.0000,0.0001
NH1,559170449.1,2017-09-20,39.480,285.522,1.941,14.234,0.00815,-0.4322,0.4322,inner_heliosphere,saturn,30.0974,38.4296,30.0974,47.3322,34.2893,2.000,0.0000,0.0001
NH1,559364822.1,2017-09-22,39.499,285.526,1.941,14.234,0.00815,-0.4322,0.4322,inner_heliosphere,saturn,30.1109,38.4320,30.1109,47.3547,34.3069,2.250,0.0000,0.0001
NH1,559548377.1,2017-09-24,39.516,285.529,1.941,14.233,0.00815,-0.4322,0.4322,inner_heliosphere,saturn,30.1237,38.4344,30.1237,47.3760,34.3235,2.124,0.0000,0.0001
NH1,559624015.1,2017-09-25,39.523,285.530,1.941,14.233,0.00815,-0.4322,0.4322,inner_heliosphere,saturn,30.1290,38.4353,30.1290,47.3848,34.3303,0.875,0.0000,0.0001
NH1,559688759.1,2017-09-26,39.529,285.531,1.942,14.232,0.00815,-0.4322,0.4322,inner_heliosphere,saturn,30.1335,38.4362,30.1335,47.3923,34.3362,0.749,0.0000,0.0000
NH1,560066700.1,2017-09-30,39.565,285.538,1.942,14.231,0.00815,-0.4322,0.4322,inner_heliosphere,saturn,30.1600,38.4410,30.1600,47.4362,34.3704,4.374,0.0000,0.0000
NH1,560117083.1,2017-10-01,39.570,285.539,1.942,14.231,0.00815,-0.4322,0.4322,inner_heliosphere,saturn,30.1635,38.4416,30.1635,47.4420,34.3750,0.583,0.0000,0.0000
NH1,560232276.1,2017-10-02,39.580,285.541,1.942,14.230,0.00815,-0.4322,0.4322,inner_heliosphere,saturn,30.1716,38.4431,30.1716,47.4554,34.3854,1.333,0.0000,0.0000
NH1,560325882.1,2017-10-03,39.589,285.542,1.942,14.230,0.00815,-0.4322,0.4322,inner_heliosphere,saturn,30.1781,38.4443,30.1781,47.4663,34.3939,1.083,0.0000,0.0000
NH1,560397892.1,2017-10-04,39.596,285.544,1.942,14.230,0.00815,-0.4322,0.4322,inner_heliosphere,saturn,30.1832,38.4452,30.1832,47.4746,34.4004,0.833,0.0000,0.0000
NH1,560484254.1,2017-10-05,39.604,285.545,1.942,14.229,0.00815,-0.4322,0.4322,inner_heliosphere,saturn,30.1892,38.4464,30.1892,47.4846,34.4083,1.000,-0.0000,-0.0000
NH1,560577836.1,2017-10-06,39.613,285.547,1.942,14.229,0.00815,-0.4322,0.4322,inner_heliosphere,saturn,30.1958,38.4476,30.1958,47.4955,34.4167,1.083,-0.0000,-0.0000
NH1,560664220.1,2017-10-07,39.621,285.548,1.942,14.229,0.00815,-0.4322,0.4322,inner_heliosphere,saturn,30.2019,38.4487,30.2019,47.5055,34.4246,1.000,-0.0000,-0.0000
NH1,560750608.1,2017-10-08,39.629,285.550,1.942,14.228,0.00815,-0.4322,0.4322,inner_heliosphere,saturn,30.2079,38.4498,30.2079,47.5156,34.4324,1.000,-0.0000,-0.0000
NH1,560837000.1,2017-10-09,39.638,285.551,1.942,14.228,0.00815,-0.4322,0.4322,inner_heliosphere,saturn,30.2140,38.4509,30.2140,47.5256,34.4403,1.000,-0.0000,-0.0000
NH1,560923385.1,2017-10-10,39.646,285.553,1.942,14.228,0.00815,-0.4322,0.4322,inner_heliosphere,saturn,30.2201,38.4520,30.2201,47.5356,34.4481,1.000,-0.0000,-0.0000
NH1,561009770.1,2017-10-11,39.654,285.554,1.942,14.227,0.00815,-0.4322,0.4322,inner_heliosphere,saturn,30.2262,38.4531,30.2262,47.5456,34.4559,1.000,-0.0000,-0.0000
NH1,561096162.1,2017-10-12,39.662,285.556,1.942,14.227,0.00815,-0.4322,0.4322,inner_heliosphere,saturn,30.2323,38.4543,30.2323,47.5557,34.4638,1.000,-0.0000,-0.0000
NH1,561178939.1,2017-10-13,39.670,285.557,1.942,14.227,0.00815,-0.4321,0.4321,inner_heliosphere,saturn,30.2381,38.4553,30.2381,47.5653,34.4713,0.958,-0.0000,-0.0000
NH1,561277222.1,2017-10-14,39.679,285.559,1.942,14.226,0.00815,-0.4321,0.4321,inner_heliosphere,saturn,30.2450,38.4566,30.2450,47.5767,34.4802,1.138,-0.0000,-0.0001
NH1,561351714.1,2017-10-15,39.686,285.560,1.942,14.226,0.00815,-0.4321,0.4321,inner_heliosphere,saturn,30.2503,38.4576,30.2503,47.5854,34.4870,0.862,-0.0000,-0.0001
NH1,561438105.1,2017-10-16,39.694,285.562,1.942,14.226,0.00815,-0.4321,0.4321,inner_heliosphere,saturn,30.2564,38.4587,30.2564,47.5954,34.4948,1.000,-0.0000,-0.0001
NH1,561524491.1,2017-10-17,39.702,285.563,1.942,14.225,0.00815,-0.4321,0.4321,inner_heliosphere,saturn,30.2625,38.4599,30.2625,47.6054,34.5027,1.000,-0.0000,-0.0001
NH1,561623360.1,2017-10-18,39.712,285.565,1.942,14.225,0.00815,-0.4321,0.4321,inner_heliosphere,saturn,30.2695,38.4611,30.2695,47.6169,34.5117,1.144,-0.0000,-0.0001
NH1,561697313.1,2017-10-19,39.719,285.566,1.942,14.225,0.00815,-0.4321,0.4321,inner_heliosphere,saturn,30.2747,38.4621,30.2747,47.6255,34.5184,0.856,-0.0000,-0.0001
NH1,561795955.1,2017-10-20,39.728,285.568,1.942,14.224,0.00815,-0.4321,0.4321,inner_heliosphere,saturn,30.2817,38.4634,30.2817,47.6369,34.5274,1.142,-0.0000,-0.0001
NH1,561870047.1,2017-10-21,39.735,285.569,1.942,14.224,0.00815,-0.4321,0.4321,inner_heliosphere,saturn,30.2869,38.4644,30.2869,47.6455,34.5341,0.858,-0.0000,-0.0001
NH1,561967223.1,2017-10-22,39.744,285.571,1.942,14.224,0.00815,-0.4321,0.4321,inner_heliosphere,saturn,30.2938,38.4657,30.2938,47.6568,34.5429,1.125,-0.0000,-0.0001
NH1,562042821.1,2017-10-23,39.751,285.572,1.942,14.223,0.00815,-0.4321,0.4321,inner_heliosphere,saturn,30.2991,38.4667,30.2991,47.6656,34.5498,0.875,-0.0000,-0.0001
NH1,562129210.1,2017-10-24,39.759,285.574,1.942,14.223,0.00815,-0.4321,0.4321,inner_heliosphere,saturn,30.3053,38.4678,30.3053,47.6756,34.5577,1.000,-0.0000,-0.0001
NH1,562215596.1,2017-10-25,39.768,285.575,1.942,14.223,0.00815,-0.4321,0.4321,inner_heliosphere,saturn,30.3114,38.4689,30.3114,47.6857,34.5655,1.000,-0.0000,-0.0001
NH1,562301986.1,2017-10-26,39.776,285.577,1.942,14.222,0.00815,-0.4321,0.4321,inner_heliosphere,saturn,30.3175,38.4701,30.3175,47.6957,34.5734,1.000,-0.0000,-0.0001
NH1,562377560.1,2017-10-27,39.783,285.578,1.942,14.222,0.00815,-0.4321,0.4321,inner_heliosphere,saturn,30.3229,38.4711,30.3229,47.7045,34.5803,0.875,-0.0000,-0.0001
NH1,562471153.1,2017-10-28,39.792,285.580,1.942,14.222,0.00815,-0.4321,0.4321,inner_heliosphere,saturn,30.3295,38.4723,30.3295,47.7154,34.5888,1.083,-0.0000,-0.0001
NH1,562557546.1,2017-10-29,39.800,285.581,1.942,14.221,0.00815,-0.4321,0.4321,inner_heliosphere,saturn,30.3357,38.4735,30.3357,47.7254,34.5966,1.000,-0.0000,-0.0001
NH1,562636788.1,2017-10-30,39.807,285.583,1.942,14.221,0.00815,-0.4321,0.4321,inner_heliosphere,saturn,30.3413,38.4745,30.3413,47.7346,34.6039,0.917,-0.0000,-0.0001
NH1,562831115.1,2017-11-01,39.826,285.586,1.943,14.220,0.00815,-0.4321,0.4321,inner_heliosphere,saturn,30.3551,38.4771,30.3551,47.7572,34.6216,2.249,-0.0000,-0.0001
NH1,562845530.1,2017-11-01,39.827,285.586,1.943,14.220,0.00815,-0.4321,0.4321,inner_heliosphere,saturn,30.3561,38.4773,30.3561,47.7589,34.6229,0.167,-0.0000,-0.0001
NH1,563075880.1,2017-11-04,39.849,285.590,1.943,14.220,0.00815,-0.4321,0.4321,inner_heliosphere,saturn,30.3725,38.4804,30.3725,47.7856,34.6439,2.666,-0.0000,-0.0002
NH1,563104660.1,2017-11-04,39.851,285.591,1.943,14.219,0.00815,-0.4321,0.4321,inner_heliosphere,saturn,30.3746,38.4808,30.3746,47.7890,34.6465,0.333,-0.0000,-0.0002
NH1,563248653.1,2017-11-06,39.865,285.593,1.943,14.219,0.00815,-0.4321,0.4321,inner_heliosphere,saturn,30.3849,38.4827,30.3849,47.8057,34.6596,1.667,-0.0000,-0.0002
NH1,563335042.1,2017-11-07,39.873,285.595,1.943,14.219,0.00815,-0.4321,0.4321,inner_heliosphere,saturn,30.3910,38.4839,30.3910,47.8157,34.6675,1.000,-0.0000,-0.0002
NH1,563435818.1,2017-11-08,39.883,285.596,1.943,14.218,0.00815,-0.4321,0.4321,inner_heliosphere,saturn,30.3982,38.4852,30.3982,47.8274,34.6767,1.166,-0.0000,-0.0002
NH1,563507820.1,2017-11-09,39.889,285.598,1.943,14.218,0.00815,-0.4321,0.4321,inner_heliosphere,saturn,30.4034,38.4862,30.4034,47.8358,34.6833,0.833,-0.0000,-0.0002
NH1,563622990.1,2017-11-10,39.900,285.600,1.943,14.217,0.00815,-0.4320,0.4320,inner_heliosphere,saturn,30.4116,38.4878,30.4116,47.8492,34.6938,1.333,-0.0000,-0.0002
NH1,563763384.1,2017-11-12,39.914,285.602,1.943,14.217,0.00815,-0.4320,0.4320,inner_heliosphere,saturn,30.4217,38.4897,30.4217,47.8655,34.7066,1.625,-0.0000,-0.0002
NH1,563849768.1,2017-11-13,39.922,285.603,1.943,14.217,0.00815,-0.4320,0.4320,inner_heliosphere,saturn,30.4278,38.4908,30.4278,47.8755,34.7145,1.000,-0.0000,-0.0002
NH1,563954154.1,2017-11-14,39.932,285.605,1.943,14.216,0.00815,-0.4320,0.4320,inner_heliosphere,saturn,30.4353,38.4922,30.4353,47.8877,34.7240,1.208,-0.0000,-0.0002
NH1,564022545.1,2017-11-15,39.938,285.606,1.943,14.216,0.00815,-0.4320,0.4320,inner_heliosphere,saturn,30.4402,38.4932,30.4402,47.8956,34.7302,0.792,-0.0000,-0.0002
NH1,564051328.1,2017-11-15,39.941,285.607,1.943,14.216,0.00815,-0.4320,0.4320,inner_heliosphere,saturn,30.4423,38.4936,30.4423,47.8990,34.7329,0.333,-0.0000,-0.0002
NH1,564191721.1,2017-11-17,39.954,285.609,1.943,14.215,0.00814,-0.4320,0.4320,inner_heliosphere,saturn,30.4524,38.4955,30.4524,47.9153,34.7457,1.625,-0.0000,-0.0002
NH1,564299710.1,2017-11-18,39.964,285.611,1.943,14.215,0.00814,-0.4320,0.4320,inner_heliosphere,saturn,30.4601,38.4970,30.4601,47.9278,34.7556,1.250,-0.0000,-0.0002
NH1,564368109.1,2017-11-19,39.971,285.612,1.943,14.215,0.00814,-0.4320,0.4320,inner_heliosphere,saturn,30.4650,38.4979,30.4650,47.9358,34.7618,0.792,-0.0000,-0.0002
NH1,564454502.1,2017-11-20,39.979,285.614,1.943,14.214,0.00814,-0.4320,0.4320,inner_heliosphere,saturn,30.4712,38.4991,30.4712,47.9458,34.7697,1.000,-0.0000,-0.0002
NH1,564559859.1,2017-11-21,39.989,285.616,1.943,14.214,0.00814,-0.4320,0.4320,inner_heliosphere,saturn,30.4788,38.5005,30.4788,47.9581,34.7793,1.219,-0.0000,-0.0002
NH1,564627281.1,2017-11-22,39.995,285.617,1.943,14.214,0.00814,-0.4320,0.4320,inner_heliosphere,saturn,30.4837,38.5015,30.4837,47.9659,34.7855,0.780,-0.0000,-0.0002
NH1,564656061.1,2017-11-22,39.998,285.617,1.943,14.214,0.00814,-0.4320,0.4320,inner_heliosphere,saturn,30.4857,38.5019,30.4857,47.9693,34.7881,0.333,-0.0000,-0.0002
NH1,564904441.1,2017-11-25,40.021,285.621,1.943,14.213,0.00814,-0.4320,0.4320,inner_heliosphere,saturn,30.5036,38.5053,30.5036,47.9981,34.8109,2.875,-0.0001,-0.0003
NH1,564969243.1,2017-11-26,40.027,285.623,1.943,14.212,0.00814,-0.4320,0.4320,inner_heliosphere,saturn,30.5083,38.5062,30.5083,48.0057,34.8168,0.750,-0.0000,-0.0002
NH1,565134812.1,2017-11-28,40.043,285.625,1.943,14.212,0.00814,-0.4320,0.4320,inner_heliosphere,saturn,30.5202,38.5085,30.5202,48.0249,34.8319,1.916,-0.0000,-0.0003
NH1,565250925.1,2017-11-29,40.054,285.627,1.943,14.211,0.00814,-0.4320,0.4320,inner_heliosphere,saturn,30.5286,38.5101,30.5286,48.0384,34.8426,1.344,-0.0000,-0.0003
NH1,565336392.1,2017-11-30,40.062,285.629,1.943,14.211,0.00814,-0.4320,0.4320,inner_heliosphere,saturn,30.5348,38.5113,30.5348,48.0484,34.8504,0.989,-0.0000,-0.0003
NH1,565401198.1,2017-12-01,40.068,285.630,1.943,14.211,0.00814,-0.4320,0.4320,inner_heliosphere,saturn,30.5395,38.5122,30.5395,48.0559,34.8563,0.750,-0.0000,-0.0003
NH1,565509174.1,2017-12-02,40.078,285.632,1.943,14.210,0.00814,-0.4320,0.4320,inner_heliosphere,saturn,30.5473,38.5137,30.5473,48.0685,34.8662,1.250,-0.0000,-0.0003
NH1,565660369.1,2017-12-04,40.092,285.634,1.943,14.210,0.00814,-0.4320,0.4320,inner_heliosphere,saturn,30.5582,38.5159,30.5582,48.0860,34.8801,1.708,-0.0000,-0.0003
NH1,565746792.1,2017-12-05,40.100,285.636,1.944,14.210,0.00814,-0.4320,0.4320,inner_heliosphere,saturn,30.5645,38.5171,30.5645,48.0961,34.8880,1.000,-0.0000,-0.0003
NH1,565941151.1,2017-12-07,40.119,285.639,1.944,14.209,0.00814,-0.4320,0.4320,inner_heliosphere,saturn,30.5786,38.5198,30.5786,48.1187,34.9058,2.250,-0.0001,-0.0003
NH1,566016744.1,2017-12-08,40.126,285.640,1.944,14.209,0.00814,-0.4320,0.4320,inner_heliosphere,saturn,30.5841,38.5209,30.5841,48.1275,34.9127,0.875,-0.0000,-0.0003
NH1,566113964.1,2017-12-09,40.135,285.642,1.944,14.210,0.00814,-0.4320,0.4320,inner_heliosphere,saturn,30.5911,38.5223,30.5911,48.1388,34.9217,1.125,-0.0000,-0.0003
NH1,566200313.1,2017-12-10,40.143,285.644,1.944,14.209,0.00814,-0.4320,0.4320,inner_heliosphere,saturn,30.5974,38.5235,30.5974,48.1488,34.9296,0.999,-0.0000,-0.0003
NH1,566261512.1,2017-12-11,40.149,285.645,1.944,14.209,0.00814,-0.4320,0.4320,inner_heliosphere,saturn,30.6019,38.5244,30.6019,48.1559,34.9352,0.708,-0.0000,-0.0003
NH1,566347903.1,2017-12-12,40.157,285.646,1.944,14.209,0.00814,-0.4320,0.4320,inner_heliosphere,saturn,30.6081,38.5256,30.6081,48.1660,34.9431,1.000,-0.0000,-0.0003
NH1,566459662.1,2017-12-13,40.168,285.648,1.944,14.208,0.00814,-0.4320,0.4320,inner_heliosphere,saturn,30.6163,38.5272,30.6163,48.1790,34.9534,1.294,-0.0000,-0.0003
NH1,566509874.1,2017-12-14,40.172,285.649,1.944,14.208,0.00814,-0.4320,0.4320,inner_heliosphere,saturn,30.6199,38.5279,30.6199,48.1848,34.9580,0.581,-0.0000,-0.0003
NH1,566607080.1,2017-12-15,40.182,285.650,1.944,14.208,0.00814,-0.4320,0.4320,inner_heliosphere,saturn,30.6270,38.5293,30.6270,48.1961,34.9669,1.125,-0.0000,-0.0003
NH1,566718674.1,2017-12-16,40.192,285.652,1.944,14.207,0.00814,-0.4320,0.4320,inner_heliosphere,saturn,30.6351,38.5309,30.6351,48.2091,34.9772,1.292,-0.0000,-0.0003
NH1,566805061.1,2017-12-17,40.200,285.654,1.944,14.207,0.00814,-0.4320,0.4320,inner_heliosphere,saturn,30.6414,38.5322,30.6414,48.2192,34.9851,1.000,-0.0000,-0.0003
NH1,566891455.1,2017-12-18,40.208,285.655,1.944,14.207,0.00814,-0.4320,0.4320,inner_heliosphere,saturn,30.6477,38.5334,30.6477,48.2292,34.9930,1.000,-0.0000,-0.0003
NH1,566934678.1,2017-12-19,40.212,285.656,1.944,14.207,0.00814,-0.4319,0.4319,inner_heliosphere,saturn,30.6509,38.5341,30.6509,48.2343,34.9970,0.500,-0.0000,-0.0003
NH1,581487119.3,2018-06-05,41.581,285.894,1.948,14.154,0.00811,-0.4314,0.4314,inner_heliosphere,saturn,31.7594,38.7901,31.7594,49.9310,36.3523,168.431,-0.0013,-0.0001
NH1,581550907.3,2018-06-06,41.587,285.895,1.948,14.154,0.00811,-0.4314,0.4314,inner_heliosphere,saturn,31.7645,38.7915,31.7645,49.9384,36.3583,0.738,0.0000,0.0003
NH1,581622902.3,2018-06-07,41.594,285.896,1.948,14.154,0.00811,-0.4314,0.4314,inner_heliosphere,saturn,31.7702,38.7930,31.7702,49.9468,36.3651,0.833,0.0000,0.0003
NH1,581730880.3,2018-06-08,41.604,285.898,1.948,14.153,0.00811,-0.4314,0.4314,inner_heliosphere,saturn,31.7788,38.7953,31.7788,49.9595,36.3753,1.250,0.0000,0.0003
NH1,581831686.3,2018-06-09,41.614,285.900,1.949,14.153,0.00811,-0.4314,0.4314,inner_heliosphere,saturn,31.7868,38.7975,31.7868,49.9712,36.3848,1.167,0.0000,0.0003
NH1,581918085.3,2018-06-10,41.622,285.901,1.949,14.153,0.00811,-0.4314,0.4314,inner_heliosphere,saturn,31.7937,38.7994,31.7937,49.9813,36.3930,1.000,0.0000,0.0003
NH1,581994224.3,2018-06-11,41.629,285.902,1.949,14.152,0.00811,-0.4314,0.4314,inner_heliosphere,saturn,31.7997,38.8011,31.7997,49.9902,36.4001,0.881,0.0000,0.0003
NH1,582051255.3,2018-06-12,41.634,285.903,1.949,14.152,0.00811,-0.4314,0.4314,inner_heliosphere,saturn,31.8043,38.8023,31.8043,49.9969,36.4055,0.660,0.0000,0.0003
NH1,582177286.3,2018-06-13,41.646,285.905,1.949,14.152,0.00811,-0.4314,0.4314,inner_heliosphere,saturn,31.8143,38.8051,31.8143,50.0116,36.4174,1.459,0.0000,0.0003
NH1,582271000.3,2018-06-14,41.655,285.906,1.949,14.151,0.00811,-0.4314,0.4314,inner_heliosphere,saturn,31.8218,38.8072,31.8218,50.0226,36.4263,1.085,0.0000,0.0003
NH1,582346465.3,2018-06-15,41.662,285.908,1.949,14.151,0.00811,-0.4314,0.4314,inner_heliosphere,saturn,31.8278,38.8088,31.8278,50.0314,36.4334,0.873,0.0000,0.0003
NH1,582425655.3,2018-06-16,41.669,285.909,1.949,14.151,0.00811,-0.4314,0.4314,inner_heliosphere,saturn,31.8341,38.8106,31.8341,50.0406,36.4409,0.917,0.0000,0.0003
NH1,582519267.3,2018-06-17,41.678,285.910,1.949,14.150,0.00811,-0.4314,0.4314,inner_heliosphere,saturn,31.8416,38.8126,31.8416,50.0516,36.4497,1.083,0.0000,0.0003
NH1,582576868.3,2018-06-18,41.684,285.911,1.949,14.150,0.00811,-0.4314,0.4314,inner_heliosphere,saturn,31.8462,38.8139,31.8462,50.0583,36.4552,0.667,0.0000,0.0003
NH1,582681253.3,2018-06-19,41.693,285.913,1.949,14.150,0.00811,-0.4314,0.4314,inner_heliosphere,saturn,31.8545,38.8163,31.8545,50.0705,36.4651,1.208,0.0000,0.0003
NH1,582749668.3,2018-06-20,41.700,285.914,1.949,14.150,0.00811,-0.4314,0.4314,inner_heliosphere,saturn,31.8600,38.8178,31.8600,50.0785,36.4715,0.792,0.0000,0.0003
NH1,582876456.3,2018-06-21,41.712,285.916,1.949,14.149,0.00811,-0.4313,0.4313,inner_heliosphere,saturn,31.8701,38.8206,31.8701,50.0933,36.4835,1.467,0.0000,0.0003
NH1,582951262.3,2018-06-22,41.719,285.917,1.949,14.149,0.00811,-0.4313,0.4313,inner_heliosphere,saturn,31.8761,38.8223,31.8761,50.1020,36.4906,0.866,0.0000,0.0003
NH1,583048620.3,2018-06-23,41.728,285.919,1.949,14.149,0.00811,-0.4313,0.4313,inner_heliosphere,saturn,31.8839,38.8245,31.8839,50.1134,36.4998,1.127,0.0000,0.0003
NH1,583120456.3,2018-06-24,41.735,285.920,1.949,14.148,0.00811,-0.4313,0.4313,inner_heliosphere,saturn,31.8897,38.8261,31.8897,50.1218,36.5066,0.831,0.0000,0.0003
NH1,583174457.3,2018-06-25,41.740,285.921,1.949,14.148,0.00811,-0.4313,0.4313,inner_heliosphere,saturn,31.8940,38.8273,31.8940,50.1281,36.5117,0.625,0.0000,0.0003
NH1,583296901.3,2018-06-26,41.751,285.923,1.949,14.148,0.00811,-0.4313,0.4313,inner_heliosphere,saturn,31.9038,38.8301,31.9038,50.1424,36.5233,1.417,0.0000,0.0003
NH1,583383295.3,2018-06-27,41.759,285.924,1.949,14.147,0.00811,-0.4313,0.4313,inner_heliosphere,saturn,31.9108,38.8321,31.9108,50.1525,36.5315,1.000,0.0000,0.0003
NH1,583469691.3,2018-06-28,41.767,285.925,1.949,14.147,0.00811,-0.4313,0.4313,inner_heliosphere,saturn,31.9177,38.8341,31.9177,50.1626,36.5396,1.000,0.0000,0.0003
NH1,583556101.3,2018-06-29,41.776,285.927,1.949,14.147,0.00811,-0.4313,0.4313,inner_heliosphere,saturn,31.9246,38.8360,31.9246,50.1727,36.5478,1.000,0.0000,0.0003
NH1,583635234.3,2018-06-30,41.783,285.928,1.949,14.147,0.00811,-0.4313,0.4313,inner_heliosphere,saturn,31.9310,38.8379,31.9310,50.1820,36.5553,0.916,0.0000,0.0003
NH1,583725233.3,2018-07-01,41.791,285.929,1.949,14.146,0.00811,-0.4313,0.4313,inner_heliosphere,saturn,31.9382,38.8399,31.9382,50.1925,36.5638,1.042,0.0000,0.0003
NH1,583804424.3,2018-07-02,41.799,285.931,1.949,14.146,0.00811,-0.4313,0.4313,inner_heliosphere,saturn,31.9446,38.8418,31.9446,50.2018,36.5713,0.917,0.0000,0.0003
NH1,583883619.3,2018-07-03,41.806,285.932,1.949,14.146,0.00811,-0.4313,0.4313,inner_heliosphere,saturn,31.9510,38.8436,31.9510,50.2110,36.5788,0.917,0.0000,0.0003
NH1,583966414.3,2018-07-04,41.814,285.933,1.949,14.145,0.00811,-0.4313,0.4313,inner_heliosphere,saturn,31.9576,38.8455,31.9576,50.2207,36.5867,0.958,0.0000,0.0003
NH1,584085688.3,2018-07-05,41.825,285.935,1.949,14.145,0.00811,-0.4313,0.4313,inner_heliosphere,saturn,31.9672,38.8483,31.9672,50.2346,36.5980,1.380,0.0000,0.0003
NH1,584146406.3,2018-07-06,41.831,285.936,1.949,14.145,0.00811,-0.4313,0.4313,inner_heliosphere,saturn,31.9721,38.8497,31.9721,50.2417,36.6037,0.703,0.0000,0.0003
NH1,584240013.3,2018-07-07,41.840,285.937,1.949,14.144,0.00811,-0.4313,0.4313,inner_heliosphere,saturn,31.9797,38.8519,31.9797,50.2527,36.6126,1.083,0.0000,0.0003
NH1,584326405.3,2018-07-08,41.848,285.939,1.949,14.144,0.00811,-0.4313,0.4313,inner_heliosphere,saturn,31.9866,38.8539,31.9866,50.2628,36.6208,1.000,0.0000,0.0003
NH1,584430970.3,2018-07-09,41.858,285.940,1.949,14.144,0.00811,-0.4313,0.4313,inner_heliosphere,saturn,31.9951,38.8564,31.9951,50.2750,36.6307,1.210,0.0000,0.0003
NH1,584488389.3,2018-07-10,41.863,285.941,1.949,14.144,0.00811,-0.4313,0.4313,inner_heliosphere,saturn,31.9997,38.8577,31.9997,50.2817,36.6362,0.665,0.0000,0.0003
NH1,584603760.3,2018-07-11,41.874,285.943,1.949,14.143,0.00811,-0.4313,0.4313,inner_heliosphere,saturn,32.0090,38.8604,32.0090,50.2952,36.6471,1.335,0.0000,0.0003
NH1,584657580.3,2018-07-12,41.879,285.944,1.949,14.143,0.00811,-0.4313,0.4313,inner_heliosphere,saturn,32.0134,38.8617,32.0134,50.3015,36.6522,0.623,0.0000,0.0003
NH1,584758385.3,2018-07-13,41.888,285.946,1.949,14.143,0.00811,-0.4313,0.4313,inner_heliosphere,saturn,32.0215,38.8641,32.0215,50.3133,36.6618,1.167,0.0000,0.0003
NH1,584844781.3,2018-07-14,41.897,285.947,1.949,14.142,0.00811,-0.4313,0.4313,inner_heliosphere,saturn,32.0285,38.8662,32.0285,50.3234,36.6700,1.000,0.0000,0.0003
NH1,584923966.3,2018-07-15,41.904,285.948,1.949,14.142,0.00811,-0.4313,0.4313,inner_heliosphere,saturn,32.0349,38.8681,32.0349,50.3326,36.6775,0.916,0.0000,0.0003
NH1,585028555.3,2018-07-16,41.914,285.950,1.949,14.142,0.00811,-0.4313,0.4313,inner_heliosphere,saturn,32.0434,38.8706,32.0434,50.3449,36.6874,1.211,0.0000,0.0003
NH1,585075172.3,2018-07-17,41.918,285.950,1.949,14.142,0.00811,-0.4313,0.4313,inner_heliosphere,saturn,32.0472,38.8717,32.0472,50.3503,36.6918,0.540,0.0000,0.0003
NH1,585294912.4,2018-07-19,41.939,285.954,1.950,14.141,0.00811,-0.4313,0.4313,inner_heliosphere,saturn,32.0650,38.8770,32.0650,50.3760,36.7127,2.543,0.0001,0.0003
NH1,585348740.4,2018-07-20,41.944,285.955,1.950,14.141,0.00811,-0.4313,0.4313,inner_heliosphere,saturn,32.0693,38.8783,32.0693,50.3823,36.7178,0.623,0.0000,0.0003
NH1,585442338.4,2018-07-21,41.953,285.956,1.950,14.140,0.00811,-0.4313,0.4313,inner_heliosphere,saturn,32.0769,38.8805,32.0769,50.3932,36.7267,1.083,0.0000,0.0003
NH1,585507150.4,2018-07-22,41.959,285.957,1.950,14.140,0.00811,-0.4312,0.4312,inner_heliosphere,saturn,32.0822,38.8821,32.0822,50.4008,36.7328,0.750,0.0000,0.0003
NH1,585615123.4,2018-07-23,41.969,285.959,1.950,14.140,0.00811,-0.4312,0.4312,inner_heliosphere,saturn,32.0910,38.8848,32.0910,50.4135,36.7431,1.250,0.0000,0.0003
NH1,585766331.4,2018-07-25,41.983,285.961,1.950,14.139,0.00811,-0.4312,0.4312,inner_heliosphere,saturn,32.1033,38.8885,32.1033,50.4311,36.7575,1.750,0.0000,0.0003
NH1,585899677.4,2018-07-26,41.995,285.963,1.950,14.139,0.00811,-0.4312,0.4312,inner_heliosphere,saturn,32.1141,38.8917,32.1141,50.4467,36.7701,1.543,0.0000,0.0003
NH1,585953495.4,2018-07-27,42.001,285.964,1.950,14.138,0.00811,-0.4312,0.4312,inner_heliosphere,saturn,32.1185,38.8931,32.1185,50.4530,36.7752,0.623,0.0000,0.0003
NH1,586014685.4,2018-07-28,42.006,285.965,1.950,14.138,0.00811,-0.4312,0.4312,inner_heliosphere,saturn,32.1235,38.8946,32.1235,50.4602,36.7811,0.708,0.0000,0.0003
NH1,586155250.4,2018-07-29,42.019,285.967,1.950,14.138,0.00811,-0.4312,0.4312,inner_heliosphere,saturn,32.1349,38.8980,32.1349,50.4766,36.7944,1.627,0.0000,0.0003
NH1,586241642.4,2018-07-30,42.028,285.969,1.950,14.137,0.00811,-0.4312,0.4312,inner_heliosphere,saturn,32.1420,38.9002,32.1420,50.4867,36.8026,1.000,0.0000,0.0003
NH1,586302670.4,2018-07-31,42.033,285.970,1.950,14.137,0.00811,-0.4312,0.4312,inner_heliosphere,saturn,32.1469,38.9017,32.1469,50.4939,36.8084,0.706,0.0000,0.0003
NH1,586392661.4,2018-08-01,42.042,285.971,1.950,14.137,0.00811,-0.4312,0.4312,inner_heliosphere,saturn,32.1543,38.9040,32.1543,50.5044,36.8170,1.042,0.0000,0.0003
NH1,586479054.4,2018-08-02,42.050,285.972,1.950,14.137,0.00811,-0.4312,0.4312,inner_heliosphere,saturn,32.1613,38.9061,32.1613,50.5145,36.8252,1.000,0.0000,0.0003
NH1,586551041.4,2018-08-03,42.057,285.973,1.950,14.136,0.00811,-0.4312,0.4312,inner_heliosphere,saturn,32.1672,38.9079,32.1672,50.5229,36.8321,0.833,0.0000,0.0003
NH1,586648235.4,2018-08-04,42.066,285.975,1.950,14.136,0.00810,-0.4312,0.4312,inner_heliosphere,saturn,32.1751,38.9104,32.1751,50.5343,36.8413,1.125,0.0000,0.0003
NH1,586792221.4,2018-08-06,42.079,285.977,1.950,14.135,0.00810,-0.4312,0.4312,inner_heliosphere,saturn,32.1869,38.9140,32.1869,50.5511,36.8550,1.667,0.0000,0.0003
NH1,586885828.4,2018-08-07,42.088,285.979,1.950,14.135,0.00810,-0.4312,0.4312,inner_heliosphere,saturn,32.1946,38.9164,32.1946,50.5621,36.8639,1.083,0.0000,0.0003
NH1,586997414.4,2018-08-08,42.098,285.980,1.950,14.135,0.00810,-0.4312,0.4312,inner_heliosphere,saturn,32.2037,38.9192,32.2037,50.5751,36.8746,1.292,0.0000,0.0003
NH1,587065792.4,2018-08-09,42.105,285.981,1.950,14.135,0.00810,-0.4312,0.4312,inner_heliosphere,saturn,32.2093,38.9210,32.2093,50.5831,36.8811,0.791,0.0000,0.0003
NH1,587155788.4,2018-08-10,42.113,285.983,1.950,14.134,0.00810,-0.4312,0.4312,inner_heliosphere,saturn,32.2167,38.9233,32.2167,50.5936,36.8896,1.042,0.0000,0.0003
NH1,587278529.4,2018-08-11,42.125,285.985,1.950,14.134,0.00810,-0.4312,0.4312,inner_heliosphere,saturn,32.2267,38.9264,32.2267,50.6080,36.9013,1.421,0.0000,0.0003
NH1,587335770.4,2018-08-12,42.130,285.986,1.950,14.134,0.00810,-0.4312,0.4312,inner_heliosphere,saturn,32.2314,38.9279,32.2314,50.6147,36.9068,0.663,0.0000,0.0003
NH1,587418579.4,2018-08-13,42.138,285.987,1.950,14.133,0.00810,-0.4312,0.4312,inner_heliosphere,saturn,32.2382,38.9300,32.2382,50.6244,36.9147,0.958,0.0000,0.0003
NH1,587515797.4,2018-08-14,42.147,285.988,1.950,14.133,0.00810,-0.4312,0.4312,inner_heliosphere,saturn,32.2462,38.9325,32.2462,50.6358,36.9239,1.125,0.0000,0.0003
NH1,587684953.4,2018-08-16,42.163,285.991,1.950,14.132,0.00810,-0.4312,0.4312,inner_heliosphere,saturn,32.2601,38.9369,32.2601,50.6555,36.9401,1.958,0.0000,0.0002
NH1,587886700.4,2018-08-18,42.182,285.994,1.950,14.132,0.00810,-0.4312,0.4312,inner_heliosphere,saturn,32.2767,38.9422,32.2767,50.6792,36.9593,2.335,0.0000,0.0002
NH1,587908120.4,2018-08-18,42.184,285.994,1.950,14.132,0.00810,-0.4312,0.4312,inner_heliosphere,saturn,32.2784,38.9427,32.2784,50.6817,36.9613,0.248,0.0000,0.0003
NH1,588091745.4,2018-08-21,42.201,285.997,1.950,14.131,0.00810,-0.4312,0.4312,inner_heliosphere,saturn,32.2936,38.9476,32.2936,50.7031,36.9788,2.125,0.0000,0.0002
NH1,588289699.4,2018-08-23,42.220,286.000,1.950,14.130,0.00810,-0.4312,0.4312,inner_heliosphere,saturn,32.3099,38.9528,32.3099,50.7263,36.9977,2.291,0.0000,0.0002
NH1,588376090.4,2018-08-24,42.228,286.002,1.950,14.130,0.00810,-0.4312,0.4312,inner_heliosphere,saturn,32.3170,38.9551,32.3170,50.7364,37.0060,1.000,0.0000,0.0002
NH1,588491411.4,2018-08-25,42.239,286.003,1.950,14.130,0.00810,-0.4311,0.4311,inner_heliosphere,saturn,32.3265,38.9581,32.3265,50.7499,37.0170,1.335,0.0000,0.0002
NH1,588548861.4,2018-08-26,42.244,286.004,1.950,14.129,0.00810,-0.4311,0.4311,inner_heliosphere,saturn,32.3313,38.9597,32.3313,50.7566,37.0225,0.665,0.0000,0.0002
NH1,588613643.4,2018-08-27,42.250,286.005,1.951,14.129,0.00810,-0.4311,0.4311,inner_heliosphere,saturn,32.3366,38.9614,32.3366,50.7642,37.0286,0.750,0.0000,0.0002
NH1,589096154.4,2018-09-01,42.295,286.013,1.951,14.127,0.00810,-0.4311,0.4311,inner_heliosphere,saturn,32.3765,38.9744,32.3765,50.8207,37.0747,5.585,0.0001,0.0002
NH1,589153608.4,2018-09-02,42.301,286.013,1.951,14.127,0.00810,-0.4311,0.4311,inner_heliosphere,saturn,32.3813,38.9760,32.3813,50.8274,37.0802,0.665,0.0000,0.0002
NH1,589240000.4,2018-09-03,42.309,286.015,1.951,14.127,0.00810,-0.4311,0.4311,inner_heliosphere,saturn,32.3884,38.9783,32.3884,50.8375,37.0885,1.000,0.0000,0.0002
NH1,589326390.4,2018-09-04,42.317,286.016,1.951,14.127,0.00810,-0.4311,0.4311,inner_heliosphere,saturn,32.3956,38.9807,32.3956,50.8476,37.0967,1.000,0.0000,0.0002
NH1,589668324.4,2018-09-08,42.349,286.021,1.951,14.125,0.00810,-0.4311,0.4311,inner_heliosphere,saturn,32.4240,38.9901,32.4240,50.8876,37.1294,3.958,0.0001,0.0002
NH1,589729543.4,2018-09-09,42.355,286.022,1.951,14.125,0.00810,-0.4311,0.4311,inner_heliosphere,saturn,32.4291,38.9918,32.4291,50.8948,37.1353,0.709,0.0000,0.0001
NH1,589815931.4,2018-09-10,42.363,286.024,1.951,14.125,0.00810,-0.4311,0.4311,inner_heliosphere,saturn,32.4362,38.9942,32.4362,50.9049,37.1435,1.000,0.0000,0.0001
NH1,589898720.4,2018-09-11,42.371,286.025,1.951,14.125,0.00810,-0.4311,0.4311,inner_heliosphere,saturn,32.4431,38.9965,32.4431,50.9146,37.1514,0.958,0.0000,0.0001
NH1,590100273.4,2018-09-13,42.389,286.028,1.951,14.124,0.00810,-0.4311,0.4311,inner_heliosphere,saturn,32.4599,39.0021,32.4599,50.9382,37.1707,2.333,0.0000,0.0001
NH1,590190280.4,2018-09-14,42.398,286.029,1.951,14.124,0.00810,-0.4311,0.4311,inner_heliosphere,saturn,32.4674,39.0046,32.4674,50.9487,37.1793,1.042,0.0000,0.0001
NH1,590273042.4,2018-09-15,42.406,286.031,1.951,14.123,0.00810,-0.4311,0.4311,inner_heliosphere,saturn,32.4743,39.0069,32.4743,50.9584,37.1873,0.958,0.0000,0.0001
NH1,590445822.4,2018-09-17,42.422,286.033,1.951,14.123,0.00810,-0.4311,0.4311,inner_heliosphere,saturn,32.4887,39.0118,32.4887,50.9786,37.2038,2.000,0.0000,0.0001
NH1,590524997.4,2018-09-18,42.429,286.034,1.951,14.123,0.00810,-0.4311,0.4311,inner_heliosphere,saturn,32.4953,39.0141,32.4953,50.9879,37.2114,0.916,0.0000,0.0001
NH1,590618610.4,2018-09-19,42.438,286.036,1.951,14.122,0.00810,-0.4311,0.4311,inner_heliosphere,saturn,32.5031,39.0167,32.5031,50.9989,37.2203,1.083,0.0000,0.0001
NH1,590733825.4,2018-09-20,42.449,286.038,1.951,14.122,0.00810,-0.4311,0.4311,inner_heliosphere,saturn,32.5127,39.0200,32.5127,51.0124,37.2314,1.334,0.0000,0.0001
NH1,590784158.4,2018-09-21,42.454,286.038,1.951,14.122,0.00810,-0.4311,0.4311,inner_heliosphere,saturn,32.5169,39.0214,32.5169,51.0182,37.2362,0.583,0.0000,0.0001
NH1,590910193.4,2018-09-22,42.465,286.040,1.951,14.121,0.00810,-0.4311,0.4311,inner_heliosphere,saturn,32.5275,39.0250,32.5275,51.0330,37.2483,1.459,0.0000,0.0001
NH1,590956929.4,2018-09-23,42.470,286.041,1.951,14.121,0.00810,-0.4311,0.4311,inner_heliosphere,saturn,32.5314,39.0264,32.5314,51.0385,37.2527,0.541,0.0000,0.0001
NH1,591021761.4,2018-09-24,42.476,286.042,1.951,14.121,0.00810,-0.4311,0.4311,inner_heliosphere,saturn,32.5368,39.0282,32.5368,51.0461,37.2590,0.750,0.0000,0.0001
NH1,591115303.4,2018-09-25,42.485,286.043,1.951,14.121,0.00810,-0.4311,0.4311,inner_heliosphere,saturn,32.5446,39.0309,32.5446,51.0570,37.2679,1.083,0.0000,0.0001
NH1,591190939.4,2018-09-25,42.492,286.045,1.951,14.120,0.00810,-0.4311,0.4311,inner_heliosphere,saturn,32.5510,39.0331,32.5510,51.0659,37.2752,0.875,0.0000,0.0001
NH1,591302483.4,2018-09-27,42.502,286.046,1.951,14.120,0.00810,-0.4311,0.4311,inner_heliosphere,saturn,32.5603,39.0364,32.5603,51.0789,37.2859,1.291,0.0000,0.0001
NH1,591388874.4,2018-09-28,42.510,286.048,1.951,14.120,0.00810,-0.4311,0.4311,inner_heliosphere,saturn,32.5676,39.0389,32.5676,51.0890,37.2941,1.000,0.0000,0.0000
NH1,591507710.4,2018-09-29,42.521,286.049,1.951,14.119,0.00810,-0.4311,0.4311,inner_heliosphere,saturn,32.5775,39.0423,32.5775,51.1030,37.3055,1.375,0.0000,0.0000
NH1,591594100.4,2018-09-30,42.529,286.051,1.951,14.119,0.00810,-0.4311,0.4311,inner_heliosphere,saturn,32.5848,39.0449,32.5848,51.1131,37.3138,1.000,0.0000,0.0000
NH1,591687652.4,2018-10-01,42.538,286.052,1.951,14.119,0.00810,-0.4310,0.4310,inner_heliosphere,saturn,32.5926,39.0476,32.5926,51.1240,37.3228,1.083,0.0000,0.0000
NH1,591756035.4,2018-10-02,42.545,286.053,1.951,14.118,0.00810,-0.4310,0.4310,inner_heliosphere,saturn,32.5984,39.0496,32.5984,51.1320,37.3294,0.791,0.0000,0.0000
NH1,591802801.4,2018-10-03,42.549,286.054,1.951,14.118,0.00810,-0.4310,0.4310,inner_heliosphere,saturn,32.6023,39.0510,32.6023,51.1375,37.3338,0.541,0.0000,0.0000
NH1,591928812.4,2018-10-04,42.561,286.056,1.951,14.120,0.00810,-0.4311,0.4311,inner_heliosphere,saturn,32.6129,39.0547,32.6129,51.1523,37.3459,1.458,0.0000,0.0000
NH1,591979180.4,2018-10-05,42.566,286.056,1.951,14.120,0.00810,-0.4311,0.4311,inner_heliosphere,saturn,32.6171,39.0562,32.6171,51.1582,37.3508,0.583,-0.0000,-0.0000
NH1,592112425.4,2018-10-06,42.578,286.058,1.952,14.119,0.00810,-0.4311,0.4311,inner_heliosphere,saturn,32.6283,39.0602,32.6283,51.1738,37.3636,1.542,-0.0000,-0.0000
NH1,592205986.4,2018-10-07,42.587,286.060,1.952,14.119,0.00810,-0.4310,0.4310,inner_heliosphere,saturn,32.6362,39.0629,32.6362,51.1847,37.3725,1.083,-0.0000,-0.0000
NH1,592281567.4,2018-10-08,42.594,286.061,1.952,14.119,0.00810,-0.4310,0.4310,inner_heliosphere,saturn,32.6426,39.0652,32.6426,51.1936,37.3798,0.875,-0.0000,-0.0000
NH1,592400354.4,2018-10-09,42.605,286.063,1.952,14.118,0.00810,-0.4310,0.4310,inner_heliosphere,saturn,32.6526,39.0688,32.6526,51.2075,37.3912,1.375,-0.0000,-0.0000
NH1,592537119.4,2018-10-11,42.618,286.065,1.952,14.118,0.00810,-0.4310,0.4310,inner_heliosphere,saturn,32.6641,39.0729,32.6641,51.2235,37.4043,1.583,-0.0000,-0.0000
NH1,592634319.4,2018-10-12,42.627,286.066,1.952,14.117,0.00810,-0.4310,0.4310,inner_heliosphere,saturn,32.6723,39.0758,32.6723,51.2349,37.4137,1.125,-0.0000,-0.0000
NH1,592724295.4,2018-10-13,42.635,286.068,1.952,14.117,0.00810,-0.4310,0.4310,inner_heliosphere,saturn,32.6799,39.0785,32.6799,51.2454,37.4223,1.041,-0.0000,-0.0000
NH1,592810684.4,2018-10-14,42.643,286.069,1.952,14.117,0.00810,-0.4310,0.4310,inner_heliosphere,saturn,32.6872,39.0812,32.6872,51.2555,37.4306,1.000,-0.0000,-0.0001
NH1,592835852.4,2018-10-15,42.646,286.069,1.952,14.117,0.00810,-0.4310,0.4310,inner_heliosphere,saturn,32.6894,39.0819,32.6894,51.2585,37.4330,0.291,-0.0000,-0.0000
NH1,592965464.4,2018-10-16,42.658,286.071,1.952,14.116,0.00810,-0.4310,0.4310,inner_heliosphere,saturn,32.7003,39.0859,32.7003,51.2737,37.4455,1.500,-0.0000,-0.0000
NH1,593055470.4,2018-10-17,42.666,286.073,1.952,14.116,0.00809,-0.4310,0.4310,inner_heliosphere,saturn,32.7079,39.0886,32.7079,51.2842,37.4541,1.042,-0.0000,-0.0001
NH1,593113025.4,2018-10-18,42.672,286.074,1.952,14.116,0.00809,-0.4310,0.4310,inner_heliosphere,saturn,32.7128,39.0904,32.7128,51.2910,37.4597,0.666,-0.0000,-0.0001
NH1,593203021.4,2018-10-19,42.680,286.075,1.952,14.115,0.00809,-0.4310,0.4310,inner_heliosphere,saturn,32.7204,39.0931,32.7204,51.3015,37.4683,1.042,-0.0000,-0.0001
NH1,593329004.4,2018-10-20,42.692,286.077,1.952,14.115,0.00809,-0.4310,0.4310,inner_heliosphere,saturn,32.7311,39.0970,32.7311,51.3163,37.4804,1.458,-0.0000,-0.0001
NH1,593415394.4,2018-10-21,42.700,286.078,1.952,14.115,0.00809,-0.4310,0.4310,inner_heliosphere,saturn,32.7384,39.0997,32.7384,51.3264,37.4888,1.000,-0.0000,-0.0001
NH1,593480187.4,2018-10-22,42.706,286.079,1.952,14.115,0.00809,-0.4310,0.4310,inner_heliosphere,saturn,32.7439,39.1017,32.7439,51.3340,37.4950,0.750,-0.0000,-0.0001
NH1,593523353.4,2018-10-22,42.710,286.080,1.952,14.114,0.00809,-0.4310,0.4310,inner_heliosphere,saturn,32.7476,39.1030,32.7476,51.3390,37.4991,0.500,-0.0000,-0.0001
NH1,593635000.4,2018-10-24,42.721,286.081,1.952,14.114,0.00809,-0.4310,0.4310,inner_heliosphere,saturn,32.7570,39.1065,32.7570,51.3521,37.5099,1.292,-0.0000,-0.0001
NH1,593721374.4,2018-10-25,42.729,286.083,1.952,14.114,0.00809,-0.4310,0.4310,inner_heliosphere,saturn,32.7644,39.1092,32.7644,51.3622,37.5182,1.000,-0.0000,-0.0001
NH1,593847329.5,2018-10-26,42.741,286.085,1.952,14.113,0.00809,-0.4310,0.4310,inner_heliosphere,saturn,32.7751,39.1131,32.7751,51.3770,37.5303,1.458,-0.0000,-0.0001
NH1,593919337.5,2018-10-27,42.747,286.086,1.952,14.113,0.00809,-0.4310,0.4310,inner_heliosphere,saturn,32.7812,39.1154,32.7812,51.3854,37.5372,0.833,-0.0000,-0.0001
NH1,594081293.5,2018-10-29,42.762,286.088,1.952,14.112,0.00809,-0.4310,0.4310,inner_heliosphere,saturn,32.7950,39.1205,32.7950,51.4044,37.5528,1.874,-0.0000,-0.0001
NH1,594149689.5,2018-10-30,42.769,286.089,1.952,14.112,0.00809,-0.4310,0.4310,inner_heliosphere,saturn,32.8008,39.1227,32.8008,51.4124,37.5594,0.792,-0.0000,-0.0001
NH1,594236089.5,2018-10-31,42.777,286.090,1.952,14.112,0.00809,-0.4310,0.4310,inner_heliosphere,saturn,32.8081,39.1254,32.8081,51.4225,37.5677,1.000,-0.0000,-0.0001
NH1,594340460.5,2018-11-01,42.787,286.092,1.952,14.112,0.00809,-0.4310,0.4310,inner_heliosphere,saturn,32.8170,39.1287,32.8170,51.4348,37.5778,1.208,-0.0000,-0.0001
NH1,594408853.5,2018-11-02,42.793,286.093,1.952,14.111,0.00809,-0.4310,0.4310,inner_heliosphere,saturn,32.8228,39.1309,32.8228,51.4428,37.5844,0.792,-0.0000,-0.0001
NH1,594524058.5,2018-11-03,42.804,286.095,1.952,14.111,0.00809,-0.4310,0.4310,inner_heliosphere,saturn,32.8327,39.1346,32.8327,51.4563,37.5955,1.333,-0.0000,-0.0002
NH1,594610457.5,2018-11-04,42.812,286.096,1.952,14.111,0.00809,-0.4310,0.4310,inner_heliosphere,saturn,32.8400,39.1373,32.8400,51.4664,37.6038,1.000,-0.0000,-0.0002
NH1,594689617.5,2018-11-05,42.819,286.097,1.952,14.110,0.00809,-0.4310,0.4310,inner_heliosphere,saturn,32.8468,39.1399,32.8468,51.4757,37.6114,0.916,-0.0000,-0.0002
NH1,594783241.5,2018-11-06,42.828,286.099,1.952,14.110,0.00809,-0.4310,0.4310,inner_heliosphere,saturn,32.8548,39.1429,32.8548,51.4866,37.6205,1.084,-0.0000,-0.0002
NH1,594883995.5,2018-11-07,42.838,286.100,1.952,14.110,0.00809,-0.4310,0.4310,inner_heliosphere,saturn,32.8634,39.1461,32.8634,51.4984,37.6302,1.166,-0.0000,-0.0002
NH1,594956024.5,2018-11-08,42.844,286.101,1.952,14.110,0.00809,-0.4310,0.4310,inner_heliosphere,saturn,32.8695,39.1485,32.8695,51.5069,37.6371,0.834,-0.0000,-0.0002
NH1,595042403.5,2018-11-09,42.852,286.103,1.952,14.109,0.00809,-0.4310,0.4310,inner_heliosphere,saturn,32.8769,39.1513,32.8769,51.5170,37.6454,1.000,-0.0000,-0.0002
NH1,595128794.5,2018-11-10,42.861,286.104,1.952,14.109,0.00809,-0.4310,0.4310,inner_heliosphere,saturn,32.8843,39.1541,32.8843,51.5271,37.6538,1.000,-0.0000,-0.0002
NH1,595229542.5,2018-11-11,42.870,286.105,1.952,14.109,0.00809,-0.4310,0.4310,inner_heliosphere,saturn,32.8929,39.1574,32.8929,51.5389,37.6635,1.166,-0.0000,-0.0002
NH1,595290734.5,2018-11-12,42.876,286.106,1.952,14.108,0.00809,-0.4310,0.4310,inner_heliosphere,saturn,32.8982,39.1594,32.8982,51.5461,37.6694,0.708,-0.0000,-0.0002
NH1,595488710.5,2018-11-14,42.894,286.109,1.952,14.108,0.00809,-0.4309,0.4309,inner_heliosphere,saturn,32.9151,39.1659,32.9151,51.5693,37.6885,2.291,-0.0000,-0.0002
NH1,595499512.5,2018-11-14,42.895,286.109,1.952,14.108,0.00809,-0.4309,0.4309,inner_heliosphere,saturn,32.9160,39.1662,32.9160,51.5706,37.6895,0.125,-0.0000,-0.0002
NH1,595629324.5,2018-11-16,42.907,286.111,1.952,14.107,0.00809,-0.4309,0.4309,inner_heliosphere,saturn,32.9272,39.1705,32.9272,51.5858,37.7021,1.502,-0.0000,-0.0002
NH1,595747876.5,2018-11-17,42.919,286.113,1.953,14.107,0.00809,-0.4309,0.4309,inner_heliosphere,saturn,32.9374,39.1744,32.9374,51.5997,37.7135,1.372,-0.0000,-0.0002
NH1,595834308.5,2018-11-18,42.927,286.114,1.953,14.107,0.00809,-0.4309,0.4309,inner_heliosphere,saturn,32.9448,39.1773,32.9448,51.6098,37.7219,1.000,-0.0000,-0.0002
NH1,595891859.5,2018-11-19,42.932,286.115,1.953,14.106,0.00809,-0.4309,0.4309,inner_heliosphere,saturn,32.9497,39.1792,32.9497,51.6165,37.7274,0.666,-0.0000,-0.0002
NH1,596007095.5,2018-11-20,42.943,286.117,1.953,14.106,0.00809,-0.4309,0.4309,inner_heliosphere,saturn,32.9596,39.1830,32.9596,51.6300,37.7385,1.334,-0.0000,-0.0002
NH1,596075471.5,2018-11-21,42.949,286.118,1.953,14.106,0.00809,-0.4309,0.4309,inner_heliosphere,saturn,32.9655,39.1853,32.9655,51.6381,37.7451,0.791,-0.0000,-0.0002
NH1,596266238.5,2018-11-23,42.967,286.121,1.953,14.105,0.00809,-0.4309,0.4309,inner_heliosphere,saturn,32.9819,39.1917,32.9819,51.6604,37.7636,2.208,-0.0000,-0.0002
NH1,596352625.5,2018-11-24,42.975,286.122,1.953,14.105,0.00809,-0.4309,0.4309,inner_heliosphere,saturn,32.9893,39.1946,32.9893,51.6705,37.7719,1.000,-0.0000,-0.0003
NH1,596439025.5,2018-11-25,42.983,286.123,1.953,14.105,0.00809,-0.4309,0.4309,inner_heliosphere,saturn,32.9968,39.1976,32.9968,51.6807,37.7803,1.000,-0.0000,-0.0003
NH1,596525388.5,2018-11-26,42.991,286.125,1.953,14.104,0.00809,-0.4309,0.4309,inner_heliosphere,saturn,33.0042,39.2005,33.0042,51.6908,37.7886,1.000,-0.0000,-0.0003
NH1,596582986.5,2018-11-27,42.997,286.125,1.953,14.104,0.00809,-0.4309,0.4309,inner_heliosphere,saturn,33.0092,39.2024,33.0092,51.6975,37.7942,0.667,-0.0000,-0.0003
NH1,596698170.5,2018-11-28,43.008,286.127,1.953,14.104,0.00809,-0.4309,0.4309,inner_heliosphere,saturn,33.0191,39.2064,33.0191,51.7110,37.8053,1.333,-0.0000,-0.0003
NH1,596784565.5,2018-11-29,43.016,286.128,1.953,14.103,0.00809,-0.4309,0.4309,inner_heliosphere,saturn,33.0266,39.2093,33.0266,51.7212,37.8137,1.000,-0.0000,-0.0003
NH1,596870951.5,2018-11-30,43.024,286.130,1.953,14.103,0.00809,-0.4309,0.4309,inner_heliosphere,saturn,33.0340,39.2123,33.0340,51.7313,37.8220,1.000,-0.0000,-0.0003
NH1,596957358.5,2018-12-01,43.032,286.131,1.953,14.103,0.00809,-0.4309,0.4309,inner_heliosphere,saturn,33.0415,39.2152,33.0415,51.7414,37.8304,1.000,-0.0000,-0.0003
NH1,597043753.5,2018-12-02,43.040,286.132,1.953,14.104,0.00809,-0.4309,0.4309,inner_heliosphere,saturn,33.0489,39.2182,33.0489,51.7516,37.8387,1.000,-0.0000,-0.0003
NH1,597108566.5,2018-12-03,43.046,286.133,1.953,14.103,0.00809,-0.4309,0.4309,inner_heliosphere,saturn,33.0545,39.2204,33.0545,51.7592,37.8450,0.750,-0.0000,-0.0003
NH1,597216527.5,2018-12-04,43.056,286.135,1.953,14.103,0.00809,-0.4309,0.4309,inner_heliosphere,saturn,33.0639,39.2242,33.0639,51.7718,37.8554,1.250,-0.0000,-0.0003
NH1,597302916.5,2018-12-05,43.064,286.136,1.953,14.103,0.00809,-0.4309,0.4309,inner_heliosphere,saturn,33.0713,39.2272,33.0713,51.7819,37.8638,1.000,-0.0000,-0.0003
NH1,597389310.5,2018-12-06,43.072,286.137,1.953,14.102,0.00809,-0.4309,0.4309,inner_heliosphere,saturn,33.0788,39.2302,33.0788,51.7921,37.8721,1.000,-0.0000,-0.0003
NH1,597446893.5,2018-12-07,43.078,286.138,1.953,14.102,0.00809,-0.4309,0.4309,inner_heliosphere,saturn,33.0838,39.2322,33.0838,51.7988,37.8777,0.666,-0.0000,-0.0003
NH1,597558481.5,2018-12-08,43.088,286.140,1.953,14.102,0.00809,-0.4309,0.4309,inner_heliosphere,saturn,33.0935,39.2361,33.0935,51.8119,37.8885,1.292,-0.0000,-0.0003
NH1,597648480.5,2018-12-09,43.096,286.141,1.953,14.102,0.00809,-0.4309,0.4309,inner_heliosphere,saturn,33.1013,39.2392,33.1013,51.8224,37.8972,1.042,-0.0000,-0.0003
NH1,597727665.5,2018-12-10,43.104,286.142,1.953,14.101,0.00809,-0.4309,0.4309,inner_heliosphere,saturn,33.1081,39.2420,33.1081,51.8317,37.9049,0.916,-0.0000,-0.0003
NH1,597821262.5,2018-12-11,43.113,286.144,1.953,14.101,0.00809,-0.4309,0.4309,inner_heliosphere,saturn,33.1163,39.2453,33.1163,51.8427,37.9140,1.083,-0.0000,-0.0003
NH1,597907661.5,2018-12-12,43.121,286.145,1.953,14.101,0.00809,-0.4309,0.4309,inner_heliosphere,saturn,33.1238,39.2483,33.1238,51.8528,37.9223,1.000,-0.0000,-0.0003
NH1,597972481.5,2018-12-13,43.127,286.146,1.953,14.101,0.00809,-0.4309,0.4309,inner_heliosphere,saturn,33.1294,39.2506,33.1294,51.8604,37.9286,0.750,-0.0000,-0.0003
NH1,598080435.5,2018-12-14,43.137,286.148,1.953,14.100,0.00809,-0.4309,0.4309,inner_heliosphere,saturn,33.1388,39.2544,33.1388,51.8731,37.9391,1.249,-0.0000,-0.0003
NH1,598159624.5,2018-12-15,43.144,286.149,1.953,14.100,0.00809,-0.4309,0.4309,inner_heliosphere,saturn,33.1456,39.2572,33.1456,51.8824,37.9467,0.917,-0.0000,-0.0003
NH1,598246022.5,2018-12-16,43.152,286.150,1.953,14.100,0.00809,-0.4309,0.4309,inner_heliosphere,saturn,33.1532,39.2603,33.1532,51.8925,37.9551,1.000,-0.0000,-0.0003
NH1,598332410.5,2018-12-17,43.161,286.151,1.953,14.099,0.00809,-0.4309,0.4309,inner_heliosphere,saturn,33.1607,39.2634,33.1607,51.9026,37.9635,1.000,-0.0000,-0.0003
NH1,598426020.5,2018-12-18,43.169,286.153,1.953,14.099,0.00809,-0.4309,0.4309,inner_heliosphere,saturn,33.1688,39.2668,33.1688,51.9136,37.9725,1.083,-0.0000,-0.0003
NH1,598487248.5,2018-12-19,43.175,286.154,1.953,14.099,0.00809,-0.4309,0.4309,inner_heliosphere,saturn,33.1741,39.2690,33.1741,51.9208,37.9785,0.709,-0.0000,-0.0003
NH1,598598812.5,2018-12-20,43.185,286.155,1.953,14.099,0.00809,-0.4309,0.4309,inner_heliosphere,saturn,33.1839,39.2730,33.1839,51.9339,37.9893,1.291,-0.0000,-0.0003
NH1,598681598.5,2018-12-21,43.193,286.156,1.953,14.098,0.00809,-0.4309,0.4309,inner_heliosphere,saturn,33.1911,39.2760,33.1911,51.9436,37.9973,0.958,-0.0000,-0.0003
NH1,598771598.5,2018-12-22,43.202,286.158,1.953,14.098,0.00809,-0.4308,0.4308,inner_heliosphere,saturn,33.1989,39.2792,33.1989,51.9541,38.0060,1.042,-0.0000,-0.0003
NH1,598839975.5,2018-12-23,43.208,286.159,1.953,14.098,0.00809,-0.4308,0.4308,inner_heliosphere,saturn,33.2049,39.2817,33.2049,51.9622,38.0127,0.791,-0.0000,-0.0003
NH1,598933571.5,2018-12-24,43.217,286.160,1.953,14.097,0.00809,-0.4308,0.4308,inner_heliosphere,saturn,33.2130,39.2851,33.2130,51.9731,38.0217,1.083,-0.0000,-0.0003
NH1,599030772.5,2018-12-25,43.226,286.162,1.953,14.097,0.00809,-0.4308,0.4308,inner_heliosphere,saturn,33.2215,39.2886,33.2215,51.9845,38.0312,1.125,-0.0000,-0.0003
NH1,599117161.5,2018-12-26,43.234,286.163,1.953,14.097,0.00809,-0.4308,0.4308,inner_heliosphere,saturn,33.2291,39.2918,33.2291,51.9947,38.0395,1.000,-0.0000,-0.0003
NH1,599203559.5,2018-12-27,43.242,286.164,1.953,14.097,0.00809,-0.4308,0.4308,inner_heliosphere,saturn,33.2366,39.2949,33.2366,52.0048,38.0479,1.000,-0.0000,-0.0003
NH1,599289998.5,2018-12-28,43.250,286.165,1.954,14.096,0.00808,-0.4308,0.4308,inner_heliosphere,saturn,33.2442,39.2981,33.2442,52.0149,38.0563,1.000,-0.0000,-0.0003
NH1,599376380.5,2018-12-29,43.258,286.167,1.954,14.096,0.00808,-0.4308,0.4308,inner_heliosphere,saturn,33.2517,39.3013,33.2517,52.0251,38.0647,1.000,-0.0000,-0.0003
NH1,599437581.5,2018-12-30,43.264,286.168,1.954,14.096,0.00808,-0.4308,0.4308,inner_heliosphere,saturn,33.2571,39.3035,33.2571,52.0322,38.0706,0.708,-0.0000,-0.0003
NH1,599538334.5,2018-12-31,43.273,286.169,1.954,14.095,0.00808,-0.4308,0.4308,inner_heliosphere,saturn,33.2659,39.3073,33.2659,52.0440,38.0804,1.166,-0.0000,-0.0003
NH1,599631977.5,2019-01-01,43.282,286.170,1.954,14.095,0.00808,-0.4308,0.4308,inner_heliosphere,saturn,33.2741,39.3107,33.2741,52.0550,38.0895,1.084,-0.0000,-0.0003
NH1,599721915.5,2019-01-02,43.291,286.172,1.954,14.095,0.00808,-0.4308,0.4308,inner_heliosphere,saturn,33.2820,39.3141,33.2820,52.0656,38.0982,1.041,-0.0000,-0.0003
NH1,599808310.5,2019-01-03,43.299,286.173,1.954,14.095,0.00808,-0.4308,0.4308,inner_heliosphere,saturn,33.2895,39.3173,33.2895,52.0757,38.1066,1.000,-0.0000,-0.0003
NH1,599865926.5,2019-01-04,43.304,286.174,1.954,14.094,0.00808,-0.4308,0.4308,inner_heliosphere,saturn,33.2946,39.3194,33.2946,52.0825,38.1122,0.667,-0.0000,-0.0003
NH1,600233101.5,2019-01-08,43.338,286.179,1.954,14.093,0.00808,-0.4308,0.4308,inner_heliosphere,saturn,33.3268,39.3332,33.3268,52.1255,38.1479,4.250,-0.0001,-0.0003
NH1,600326665.5,2019-01-09,43.347,286.181,1.954,14.093,0.00808,-0.4308,0.4308,inner_heliosphere,saturn,33.3350,39.3368,33.3350,52.1365,38.1570,1.083,-0.0000,-0.0003
NH1,600413093.5,2019-01-10,43.355,286.182,1.954,14.093,0.00808,-0.4308,0.4308,inner_heliosphere,saturn,33.3426,39.3400,33.3426,52.1466,38.1654,1.000,-0.0000,-0.0003
NH1,600499456.5,2019-01-11,43.363,286.183,1.954,14.092,0.00808,-0.4308,0.4308,inner_heliosphere,saturn,33.3502,39.3433,33.3502,52.1568,38.1738,1.000,-0.0000,-0.0003
NH1,600585854.5,2019-01-12,43.371,286.184,1.954,14.092,0.00808,-0.4308,0.4308,inner_heliosphere,saturn,33.3578,39.3466,33.3578,52.1669,38.1822,1.000,-0.0000,-0.0003
NH1,600672250.5,2019-01-13,43.379,286.186,1.954,14.092,0.00808,-0.4308,0.4308,inner_heliosphere,saturn,33.3654,39.3499,33.3654,52.1770,38.1906,1.000,-0.0000,-0.0003
NH1,600751451.5,2019-01-14,43.387,286.187,1.954,14.091,0.00808,-0.4308,0.4308,inner_heliosphere,saturn,33.3724,39.3529,33.3724,52.1863,38.1983,0.917,-0.0000,-0.0003
NH1,600812658.5,2019-01-15,43.393,286.188,1.954,14.091,0.00808,-0.4308,0.4308,inner_heliosphere,saturn,33.3778,39.3553,33.3778,52.1935,38.2042,0.708,-0.0000,-0.0003
NH1,600909845.5,2019-01-16,43.402,286.189,1.954,14.091,0.00808,-0.4308,0.4308,inner_heliosphere,saturn,33.3864,39.3590,33.3864,52.2049,38.2137,1.125,-0.0000,-0.0003
NH1,601104238.5,2019-01-18,43.420,286.192,1.954,14.090,0.00808,-0.4308,0.4308,inner_heliosphere,saturn,33.4035,39.3665,33.4035,52.2277,38.2326,2.250,-0.0001,-0.0003
NH1,601190637.5,2019-01-19,43.428,286.193,1.954,14.090,0.00808,-0.4308,0.4308,inner_heliosphere,saturn,33.4111,39.3699,33.4111,52.2379,38.2410,1.000,-0.0000,-0.0003
NH1,601277034.5,2019-01-20,43.436,286.194,1.954,14.090,0.00808,-0.4308,0.4308,inner_heliosphere,saturn,33.4188,39.3732,33.4188,52.2480,38.2494,1.000,-0.0000,-0.0003
NH1,601352637.5,2019-01-21,43.443,286.195,1.954,14.089,0.00808,-0.4308,0.4308,inner_heliosphere,saturn,33.4254,39.3761,33.4254,52.2569,38.2568,0.875,-0.0000,-0.0003
NH1,601449829.5,2019-01-22,43.452,286.197,1.954,14.089,0.00808,-0.4308,0.4308,inner_heliosphere,saturn,33.4340,39.3799,33.4340,52.2683,38.2662,1.125,-0.0000,-0.0003
NH1,601536227.5,2019-01-23,43.460,286.198,1.954,14.089,0.00808,-0.4308,0.4308,inner_heliosphere,saturn,33.4417,39.3833,33.4417,52.2784,38.2746,1.000,-0.0000,-0.0003
NH1,601622627.5,2019-01-24,43.468,286.199,1.954,14.089,0.00808,-0.4308,0.4308,inner_heliosphere,saturn,33.4493,39.3867,33.4493,52.2885,38.2830,1.000,-0.0000,-0.0003
NH1,601709027.5,2019-01-25,43.476,286.201,1.954,14.088,0.00808,-0.4308,0.4308,inner_heliosphere,saturn,33.4570,39.3901,33.4570,52.2987,38.2915,1.000,-0.0000,-0.0003
NH1,601795426.5,2019-01-26,43.485,286.202,1.954,14.088,0.00808,-0.4308,0.4308,inner_heliosphere,saturn,33.4646,39.3935,33.4646,52.3088,38.2999,1.000,-0.0000,-0.0003
NH1,601881824.5,2019-01-27,43.493,286.203,1.954,14.088,0.00808,-0.4308,0.4308,inner_heliosphere,saturn,33.4723,39.3969,33.4723,52.3189,38.3083,1.000,-0.0000,-0.0003
NH1,601961038.5,2019-01-28,43.500,286.204,1.954,14.088,0.00808,-0.4307,0.4307,inner_heliosphere,saturn,33.4793,39.4000,33.4793,52.3282,38.3160,0.917,-0.0000,-0.0003
NH1,602043826.5,2019-01-29,43.508,286.205,1.954,14.087,0.00808,-0.4307,0.4307,inner_heliosphere,saturn,33.4866,39.4033,33.4866,52.3379,38.3241,0.958,-0.0000,-0.0003
NH1,602105037.5,2019-01-30,43.513,286.206,1.954,14.087,0.00808,-0.4307,0.4307,inner_heliosphere,saturn,33.4920,39.4058,33.4920,52.3451,38.3300,0.708,-0.0000,-0.0003
NH1,602313820.5,2019-02-01,43.533,286.209,1.954,14.086,0.00808,-0.4307,0.4307,inner_heliosphere,saturn,33.5106,39.4141,33.5106,52.3696,38.3504,2.416,-0.0001,-0.0003
NH1,602400222.5,2019-02-02,43.541,286.211,1.954,14.086,0.00808,-0.4307,0.4307,inner_heliosphere,saturn,33.5182,39.4175,33.5182,52.3798,38.3588,1.000,-0.0000,-0.0003
NH1,602486621.5,2019-02-03,43.549,286.212,1.954,14.086,0.00808,-0.4307,0.4307,inner_heliosphere,saturn,33.5259,39.4210,33.5259,52.3899,38.3672,1.000,-0.0000,-0.0003
NH1,602533425.5,2019-02-04,43.554,286.213,1.954,14.086,0.00808,-0.4307,0.4307,inner_heliosphere,saturn,33.5301,39.4229,33.5301,52.3954,38.3718,0.542,-0.0000,-0.0003
NH1,602652243.6,2019-02-05,43.565,286.214,1.954,14.085,0.00808,-0.4307,0.4307,inner_heliosphere,saturn,33.5406,39.4277,33.5406,52.4093,38.3834,1.375,-0.0000,-0.0003
NH1,602735026.6,2019-02-06,43.572,286.215,1.954,14.085,0.00808,-0.4307,0.4307,inner_heliosphere,saturn,33.5480,39.4310,33.5480,52.4190,38.3914,0.958,-0.0000,-0.0003
NH1,602832222.6,2019-02-07,43.581,286.217,1.954,14.085,0.00808,-0.4307,0.4307,inner_heliosphere,saturn,33.5567,39.4350,33.5567,52.4305,38.4009,1.125,-0.0000,-0.0003
NH1,602918622.6,2019-02-08,43.590,286.218,1.955,14.084,0.00808,-0.4307,0.4307,inner_heliosphere,saturn,33.5644,39.4385,33.5644,52.4406,38.4093,1.000,-0.0000,-0.0003
NH1,603005021.6,2019-02-09,43.598,286.219,1.955,14.084,0.00808,-0.4307,0.4307,inner_heliosphere,saturn,33.5721,39.4420,33.5721,52.4507,38.4178,1.000,-0.0000,-0.0003
NH1,603091423.6,2019-02-10,43.606,286.221,1.955,14.084,0.00808,-0.4307,0.4307,inner_heliosphere,saturn,33.5798,39.4455,33.5798,52.4609,38.4262,1.000,-0.0000,-0.0003
NH1,603174220.6,2019-02-11,43.613,286.222,1.955,14.084,0.00808,-0.4307,0.4307,inner_heliosphere,saturn,33.5871,39.4489,33.5871,52.4706,38.4343,0.958,-0.0000,-0.0003
NH1,603224632.6,2019-02-12,43.618,286.223,1.955,14.083,0.00808,-0.4307,0.4307,inner_heliosphere,saturn,33.5916,39.4510,33.5916,52.4765,38.4392,0.583,-0.0000,-0.0003
NH1,603325422.6,2019-02-13,43.628,286.224,1.955,14.083,0.00808,-0.4307,0.4307,inner_heliosphere,saturn,33.6006,39.4551,33.6006,52.4883,38.4490,1.167,-0.0000,-0.0003
NH1,603437028.6,2019-02-14,43.638,286.226,1.955,14.083,0.00808,-0.4307,0.4307,inner_heliosphere,saturn,33.6106,39.4597,33.6106,52.5014,38.4599,1.292,-0.0000,-0.0002
NH1,603519828.6,2019-02-15,43.646,286.227,1.955,14.082,0.00808,-0.4307,0.4307,inner_heliosphere,saturn,33.6180,39.4631,33.6180,52.5111,38.4680,0.958,-0.0000,-0.0003
NH1,603609832.6,2019-02-16,43.654,286.228,1.955,14.082,0.00808,-0.4307,0.4307,inner_heliosphere,saturn,33.6260,39.4669,33.6260,52.5217,38.4768,1.042,-0.0000,-0.0002
NH1,603697170.6,2019-02-17,43.662,286.229,1.955,14.082,0.00808,-0.4307,0.4307,inner_heliosphere,saturn,33.6338,39.4705,33.6338,52.5320,38.4853,1.011,-0.0000,-0.0002
NH1,603757432.6,2019-02-18,43.668,286.230,1.955,14.082,0.00808,-0.4307,0.4307,inner_heliosphere,saturn,33.6392,39.4730,33.6392,52.5390,38.4912,0.697,-0.0000,-0.0002
NH1,603843835.6,2019-02-19,43.676,286.231,1.955,14.081,0.00808,-0.4307,0.4307,inner_heliosphere,saturn,33.6469,39.4766,33.6469,52.5492,38.4996,1.000,-0.0000,-0.0002
NH1,603930233.6,2019-02-20,43.684,286.233,1.955,14.081,0.00808,-0.4307,0.4307,inner_heliosphere,saturn,33.6547,39.4802,33.6547,52.5593,38.5081,1.000,-0.0000,-0.0002
NH1,604041838.6,2019-02-21,43.695,286.234,1.955,14.081,0.00808,-0.4307,0.4307,inner_heliosphere,saturn,33.6647,39.4849,33.6647,52.5724,38.5190,1.292,-0.0000,-0.0002
NH1,604128240.6,2019-02-22,43.703,286.236,1.955,14.080,0.00808,-0.4307,0.4307,inner_heliosphere,saturn,33.6724,39.4885,33.6724,52.5825,38.5274,1.000,-0.0000,-0.0002
NH1,604214643.6,2019-02-23,43.711,286.237,1.955,14.080,0.00808,-0.4307,0.4307,inner_heliosphere,saturn,33.6802,39.4922,33.6802,52.5927,38.5358,1.000,-0.0000,-0.0002
NH1,604301048.6,2019-02-24,43.719,286.238,1.955,14.080,0.00808,-0.4307,0.4307,inner_heliosphere,saturn,33.6879,39.4958,33.6879,52.6028,38.5443,1.000,-0.0000,-0.0002
NH1,604387449.6,2019-02-25,43.727,286.239,1.955,14.080,0.00808,-0.4307,0.4307,inner_heliosphere,saturn,33.6956,39.4995,33.6956,52.6130,38.5527,1.000,-0.0000,-0.0002
NH1,604419839.6,2019-02-26,43.730,286.240,1.955,14.080,0.00808,-0.4307,0.4307,inner_heliosphere,saturn,33.6986,39.5008,33.6986,52.6168,38.5559,0.375,-0.0000,-0.0002
NH1,604560253.6,2019-02-27,43.743,286.242,1.955,14.079,0.00808,-0.4307,0.4307,inner_heliosphere,saturn,33.7112,39.5068,33.7112,52.6332,38.5696,1.625,-0.0000,-0.0002
NH1,604639454.6,2019-02-28,43.750,286.243,1.955,14.079,0.00808,-0.4307,0.4307,inner_heliosphere,saturn,33.7183,39.5102,33.7183,52.6425,38.5774,0.917,-0.0000,-0.0002
NH1,604733081.6,2019-03-01,43.759,286.244,1.955,14.079,0.00808,-0.4307,0.4307,inner_heliosphere,saturn,33.7267,39.5142,33.7267,52.6535,38.5865,1.084,-0.0000,-0.0002
NH1,604790685.6,2019-03-02,43.765,286.245,1.955,14.078,0.00808,-0.4307,0.4307,inner_heliosphere,saturn,33.7319,39.5166,33.7319,52.6603,38.5922,0.667,-0.0000,-0.0002
NH1,605079338.6,2019-03-05,43.792,286.249,1.955,14.077,0.00808,-0.4306,0.4306,inner_heliosphere,saturn,33.7578,39.5290,33.7578,52.6942,38.6204,3.341,-0.0000,-0.0002
NH1,605136297.6,2019-03-06,43.797,286.250,1.955,14.077,0.00808,-0.4306,0.4306,inner_heliosphere,saturn,33.7630,39.5315,33.7630,52.7009,38.6260,0.659,-0.0000,-0.0002
NH1,605413563.6,2019-03-09,43.823,286.254,1.955,14.076,0.00807,-0.4306,0.4306,inner_heliosphere,saturn,33.7879,39.5435,33.7879,52.7334,38.6531,3.209,-0.0000,-0.0001
NH1,605463913.6,2019-03-10,43.827,286.255,1.955,14.076,0.00807,-0.4306,0.4306,inner_heliosphere,saturn,33.7925,39.5457,33.7925,52.7393,38.6580,0.583,-0.0000,-0.0001
NH1,605597169.6,2019-03-11,43.840,286.257,1.955,14.076,0.00807,-0.4306,0.4306,inner_heliosphere,saturn,33.8045,39.5515,33.8045,52.7550,38.6711,1.542,-0.0000,-0.0001
NH1,605661926.6,2019-03-12,43.846,286.258,1.955,14.075,0.00807,-0.4306,0.4306,inner_heliosphere,saturn,33.8104,39.5544,33.8104,52.7626,38.6774,0.750,-0.0000,-0.0001
NH1,605942724.6,2019-03-15,43.872,286.262,1.955,14.075,0.00807,-0.4306,0.4306,inner_heliosphere,saturn,33.8357,39.5667,33.8357,52.7955,38.7049,3.250,-0.0000,-0.0001
NH1,606187586.6,2019-03-18,43.895,286.265,1.955,14.074,0.00807,-0.4306,0.4306,inner_heliosphere,saturn,33.8579,39.5776,33.8579,52.8243,38.7289,2.834,-0.0000,-0.0001
NH1,606230742.6,2019-03-19,43.899,286.266,1.955,14.074,0.00807,-0.4306,0.4306,inner_heliosphere,saturn,33.8618,39.5795,33.8618,52.8293,38.7331,0.499,-0.0000,-0.0001
NH1,606443126.6,2019-03-21,43.919,286.269,1.955,14.073,0.00807,-0.4306,0.4306,inner_heliosphere,saturn,33.8810,39.5890,33.8810,52.8543,38.7539,2.458,-0.0000,-0.0001
NH1,606547533.6,2019-03-22,43.929,286.270,1.955,14.073,0.00807,-0.4306,0.4306,inner_heliosphere,saturn,33.8905,39.5937,33.8905,52.8665,38.7642,1.208,-0.0000,-0.0001
NH1,606630337.6,2019-03-23,43.936,286.271,1.956,14.072,0.00807,-0.4306,0.4306,inner_heliosphere,saturn,33.8980,39.5974,33.8980,52.8763,38.7723,0.958,-0.0000,-0.0001
NH1,606720345.6,2019-03-24,43.945,286.273,1.956,14.072,0.00807,-0.4306,0.4306,inner_heliosphere,saturn,33.9062,39.6014,33.9062,52.8868,38.7811,1.042,-0.0000,-0.0001
NH1,606795946.6,2019-03-25,43.952,286.274,1.956,14.072,0.00807,-0.4306,0.4306,inner_heliosphere,saturn,33.9130,39.6049,33.9130,52.8957,38.7885,0.875,-0.0000,-0.0001
NH1,606860747.6,2019-03-26,43.958,286.275,1.956,14.072,0.00807,-0.4306,0.4306,inner_heliosphere,saturn,33.9189,39.6078,33.9189,52.9033,38.7949,0.750,-0.0000,-0.0001
NH1,606918345.6,2019-03-27,43.963,286.275,1.956,14.071,0.00807,-0.4306,0.4306,inner_heliosphere,saturn,33.9242,39.6104,33.9242,52.9101,38.8005,0.667,-0.0000,-0.0000
NH1,607004745.6,2019-03-28,43.971,286.277,1.956,14.071,0.00807,-0.4306,0.4306,inner_heliosphere,saturn,33.9320,39.6143,33.9320,52.9202,38.8090,1.000,-0.0000,-0.0000
NH1,607152364.6,2019-03-29,43.985,286.279,1.956,14.071,0.00807,-0.4306,0.4306,inner_heliosphere,saturn,33.9454,39.6210,33.9454,52.9375,38.8235,1.709,-0.0000,-0.0000
NH1,607238769.6,2019-03-30,43.993,286.280,1.956,14.070,0.00807,-0.4306,0.4306,inner_heliosphere,saturn,33.9533,39.6250,33.9533,52.9477,38.8320,1.000,-0.0000,-0.0000
NH1,607325173.6,2019-03-31,44.001,286.281,1.956,14.070,0.00807,-0.4306,0.4306,inner_heliosphere,saturn,33.9612,39.6289,33.9612,52.9578,38.8404,1.000,-0.0000,-0.0000
NH1,607382773.6,2019-04-01,44.007,286.282,1.956,14.070,0.00807,-0.4306,0.4306,inner_heliosphere,saturn,33.9664,39.6316,33.9664,52.9646,38.8461,0.667,-0.0000,-0.0000
NH1,607479975.6,2019-04-02,44.016,286.283,1.956,14.070,0.00807,-0.4306,0.4306,inner_heliosphere,saturn,33.9753,39.6360,33.9753,52.9760,38.8556,1.125,-0.0000,-0.0000
NH1,607566383.6,2019-04-03,44.024,286.285,1.956,14.069,0.00807,-0.4306,0.4306,inner_heliosphere,saturn,33.9831,39.6400,33.9831,52.9862,38.8641,1.000,-0.0000,-0.0000
NH1,607757196.6,2019-04-05,44.042,286.287,1.956,14.069,0.00807,-0.4306,0.4306,inner_heliosphere,saturn,34.0005,39.6488,34.0005,53.0086,38.8828,2.208,0.0000,0.0000
NH1,607764385.6,2019-04-05,44.042,286.287,1.956,14.069,0.00807,-0.4306,0.4306,inner_heliosphere,saturn,34.0012,39.6492,34.0012,53.0094,38.8835,0.083,0.0000,0.0000
NH1,607926403.6,2019-04-07,44.058,286.290,1.956,14.068,0.00807,-0.4306,0.4306,inner_heliosphere,saturn,34.0160,39.6567,34.0160,53.0284,38.8994,1.875,0.0000,0.0000
NH1,608009208.6,2019-04-08,44.065,286.291,1.956,14.068,0.00807,-0.4306,0.4306,inner_heliosphere,saturn,34.0235,39.6606,34.0235,53.0382,38.9076,0.958,0.0000,0.0000
NH1,608099212.6,2019-04-09,44.074,286.292,1.956,14.068,0.00807,-0.4306,0.4306,inner_heliosphere,saturn,34.0318,39.6648,34.0318,53.0487,38.9164,1.042,0.0000,0.0000
NH1,608174815.6,2019-04-10,44.081,286.293,1.956,14.067,0.00807,-0.4305,0.4305,inner_heliosphere,saturn,34.0387,39.6683,34.0387,53.0576,38.9238,0.875,0.0000,0.0000
NH1,608264821.6,2019-04-11,44.089,286.294,1.956,14.067,0.00807,-0.4305,0.4305,inner_heliosphere,saturn,34.0469,39.6725,34.0469,53.0682,38.9327,1.042,0.0000,0.0000
NH1,608362028.6,2019-04-12,44.098,286.296,1.956,14.067,0.00807,-0.4305,0.4305,inner_heliosphere,saturn,34.0558,39.6771,34.0558,53.0796,38.9422,1.125,0.0000,0.0000
NH1,608441232.6,2019-04-13,44.106,286.297,1.956,14.066,0.00807,-0.4305,0.4305,inner_heliosphere,saturn,34.0630,39.6808,34.0630,53.0889,38.9500,0.917,0.0000,0.0001
NH1,608520432.6,2019-04-14,44.113,286.298,1.956,14.066,0.00807,-0.4305,0.4305,inner_heliosphere,saturn,34.0703,39.6846,34.0703,53.0982,38.9578,0.917,0.0000,0.0001
NH1,608588832.6,2019-04-15,44.119,286.299,1.956,14.066,0.00807,-0.4305,0.4305,inner_heliosphere,saturn,34.0766,39.6878,34.0766,53.1062,38.9645,0.792,0.0000,0.0001
NH1,608700445.6,2019-04-16,44.130,286.301,1.956,14.066,0.00807,-0.4305,0.4305,inner_heliosphere,saturn,34.0868,39.6931,34.0868,53.1193,38.9755,1.292,0.0000,0.0001
NH1,608779648.6,2019-04-17,44.137,286.302,1.956,14.065,0.00807,-0.4305,0.4305,inner_heliosphere,saturn,34.0940,39.6969,34.0940,53.1286,38.9833,0.917,0.0000,0.0001
NH1,608876851.6,2019-04-18,44.146,286.303,1.956,14.065,0.00807,-0.4305,0.4305,inner_heliosphere,saturn,34.1030,39.7015,34.1030,53.1400,38.9928,1.125,0.0000,0.0001
NH1,608956054.6,2019-04-19,44.154,286.304,1.956,14.065,0.00807,-0.4305,0.4305,inner_heliosphere,saturn,34.1102,39.7053,34.1102,53.1493,39.0006,0.917,0.0000,0.0001
NH1,609049664.6,2019-04-20,44.162,286.306,1.956,14.064,0.00807,-0.4305,0.4305,inner_heliosphere,saturn,34.1188,39.7098,34.1188,53.1603,39.0098,1.083,0.0000,0.0001
NH1,609139671.6,2019-04-21,44.171,286.307,1.956,14.064,0.00807,-0.4305,0.4305,inner_heliosphere,saturn,34.1271,39.7141,34.1271,53.1709,39.0187,1.042,0.0000,0.0001
NH1,609218869.6,2019-04-22,44.178,286.308,1.956,14.064,0.00807,-0.4305,0.4305,inner_heliosphere,saturn,34.1344,39.7179,34.1344,53.1802,39.0265,0.917,0.0000,0.0001
NH1,609301674.6,2019-04-23,44.186,286.309,1.956,14.064,0.00807,-0.4305,0.4305,inner_heliosphere,saturn,34.1420,39.7219,34.1420,53.1899,39.0346,0.958,0.0000,0.0001
NH1,609395281.6,2019-04-24,44.195,286.310,1.956,14.063,0.00807,-0.4305,0.4305,inner_heliosphere,saturn,34.1506,39.7264,34.1506,53.2009,39.0438,1.083,0.0000,0.0001
NH1,609474482.6,2019-04-25,44.202,286.311,1.956,14.063,0.00807,-0.4305,0.4305,inner_heliosphere,saturn,34.1579,39.7302,34.1579,53.2102,39.0516,0.917,0.0000,0.0001
NH1,609568087.6,2019-04-26,44.211,286.313,1.956,14.063,0.00807,-0.4305,0.4305,inner_heliosphere,saturn,34.1665,39.7348,34.1665,53.2212,39.0608,1.083,0.0000,0.0001
NH1,609640088.6,2019-04-27,44.218,286.314,1.956,14.063,0.00807,-0.4305,0.4305,inner_heliosphere,saturn,34.1731,39.7383,34.1731,53.2297,39.0679,0.833,0.0000,0.0001
NH1,609737296.6,2019-04-28,44.227,286.315,1.956,14.062,0.00807,-0.4305,0.4305,inner_heliosphere,saturn,34.1821,39.7430,34.1821,53.2411,39.0775,1.125,0.0000,0.0001
NH1,609823699.6,2019-04-29,44.235,286.316,1.956,14.062,0.00807,-0.4305,0.4305,inner_heliosphere,saturn,34.1900,39.7472,34.1900,53.2513,39.0860,1.000,0.0000,0.0001
NH1,609884907.6,2019-04-30,44.240,286.317,1.956,14.062,0.00807,-0.4305,0.4305,inner_heliosphere,saturn,34.1957,39.7502,34.1957,53.2584,39.0920,0.708,0.0000,0.0001
NH1,609967702.6,2019-05-01,44.248,286.318,1.956,14.062,0.00807,-0.4305,0.4305,inner_heliosphere,saturn,34.2033,39.7543,34.2033,53.2682,39.1002,0.958,0.0000,0.0001
NH1,610082912.6,2019-05-02,44.259,286.320,1.956,14.061,0.00807,-0.4305,0.4305,inner_heliosphere,saturn,34.2139,39.7600,34.2139,53.2817,39.1115,1.333,0.0000,0.0001
NH1,610262929.6,2019-05-04,44.276,286.323,1.956,14.061,0.00807,-0.4305,0.4305,inner_heliosphere,saturn,34.2305,39.7688,34.2305,53.3028,39.1293,2.084,0.0000,0.0002
NH1,610327717.6,2019-05-05,44.282,286.323,1.956,14.060,0.00807,-0.4305,0.4305,inner_heliosphere,saturn,34.2365,39.7720,34.2365,53.3105,39.1356,0.750,0.0000,0.0002
NH1,610428525.6,2019-05-06,44.291,286.325,1.957,14.060,0.00807,-0.4305,0.4305,inner_heliosphere,saturn,34.2458,39.7770,34.2458,53.3223,39.1456,1.167,0.0000,0.0002
NH1,610504125.6,2019-05-07,44.298,286.326,1.957,14.060,0.00807,-0.4305,0.4305,inner_heliosphere,saturn,34.2528,39.7808,34.2528,53.3312,39.1530,0.875,0.0000,0.0002
NH1,610694959.6,2019-05-09,44.316,286.329,1.957,14.059,0.00807,-0.4305,0.4305,inner_heliosphere,saturn,34.2705,39.7903,34.2705,53.3536,39.1718,2.209,0.0000,0.0002
NH1,610781366.6,2019-05-10,44.324,286.330,1.957,14.059,0.00807,-0.4305,0.4305,inner_heliosphere,saturn,34.2785,39.7946,34.2785,53.3637,39.1804,1.000,0.0000,0.0002
NH1,610838956.6,2019-05-11,44.330,286.331,1.957,14.059,0.00807,-0.4305,0.4305,inner_heliosphere,saturn,34.2838,39.7975,34.2838,53.3705,39.1860,0.667,0.0000,0.0002
NH1,610954171.6,2019-05-12,44.340,286.332,1.957,14.058,0.00807,-0.4305,0.4305,inner_heliosphere,saturn,34.2945,39.8033,34.2945,53.3840,39.1974,1.334,0.0000,0.0002
NH1,611040577.6,2019-05-13,44.348,286.333,1.957,14.058,0.00807,-0.4305,0.4305,inner_heliosphere,saturn,34.3025,39.8077,34.3025,53.3942,39.2059,1.000,0.0000,0.0002
NH1,611112548.6,2019-05-14,44.355,286.334,1.957,14.058,0.00807,-0.4305,0.4305,inner_heliosphere,saturn,34.3092,39.8113,34.3092,53.4026,39.2130,0.833,0.0000,0.0002
NH1,611206153.6,2019-05-15,44.364,286.336,1.957,14.058,0.00807,-0.4305,0.4305,inner_heliosphere,saturn,34.3179,39.8161,34.3179,53.4136,39.2222,1.083,0.0000,0.0002
NH1,611299786.6,2019-05-16,44.373,286.337,1.957,14.057,0.00807,-0.4305,0.4305,inner_heliosphere,saturn,34.3265,39.8208,34.3265,53.4246,39.2315,1.084,0.0000,0.0002
NH1,611382572.7,2019-05-17,44.380,286.338,1.957,14.057,0.00806,-0.4305,0.4305,inner_heliosphere,saturn,34.3342,39.8250,34.3342,53.4344,39.2396,0.958,0.0000,0.0002
NH1,611454556.7,2019-05-18,44.387,286.339,1.957,14.057,0.00806,-0.4305,0.4305,inner_heliosphere,saturn,34.3409,39.8287,34.3409,53.4428,39.2467,0.833,0.0000,0.0002
NH1,611548162.7,2019-05-19,44.396,286.341,1.957,14.056,0.00806,-0.4305,0.4305,inner_heliosphere,saturn,34.3496,39.8334,34.3496,53.4538,39.2560,1.083,0.0000,0.0002
NH1,611638169.7,2019-05-20,44.404,286.342,1.957,14.056,0.00806,-0.4305,0.4305,inner_heliosphere,saturn,34.3580,39.8381,34.3580,53.4644,39.2649,1.042,0.0000,0.0002
NH1,611710165.7,2019-05-21,44.411,286.343,1.957,14.056,0.00806,-0.4304,0.4304,inner_heliosphere,saturn,34.3647,39.8417,34.3647,53.4729,39.2720,0.833,0.0000,0.0002
NH1,611800169.7,2019-05-22,44.419,286.344,1.957,14.056,0.00806,-0.4304,0.4304,inner_heliosphere,saturn,34.3730,39.8464,34.3730,53.4834,39.2808,1.042,0.0000,0.0002
NH1,611901002.7,2019-05-23,44.429,286.345,1.957,14.055,0.00806,-0.4304,0.4304,inner_heliosphere,saturn,34.3824,39.8516,34.3824,53.4953,39.2908,1.167,0.0000,0.0002
NH1,611987396.7,2019-05-24,44.437,286.347,1.957,14.055,0.00806,-0.4304,0.4304,inner_heliosphere,saturn,34.3905,39.8560,34.3905,53.5054,39.2993,1.000,0.0000,0.0002
NH1,612044991.7,2019-05-25,44.442,286.347,1.957,14.055,0.00806,-0.4304,0.4304,inner_heliosphere,saturn,34.3958,39.8590,34.3958,53.5122,39.3050,0.667,0.0000,0.0002
NH1,612160205.7,2019-05-26,44.453,286.349,1.957,14.054,0.00806,-0.4304,0.4304,inner_heliosphere,saturn,34.4066,39.8650,34.4066,53.5257,39.3164,1.333,0.0000,0.0003
NH1,612242988.7,2019-05-27,44.461,286.350,1.957,14.054,0.00806,-0.4304,0.4304,inner_heliosphere,saturn,34.4143,39.8693,34.4143,53.5355,39.3246,0.958,0.0000,0.0003
NH1,612333004.7,2019-05-28,44.469,286.351,1.957,14.054,0.00806,-0.4304,0.4304,inner_heliosphere,saturn,34.4227,39.8739,34.4227,53.5460,39.3335,1.042,0.0000,0.0003
NH1,612505807.7,2019-05-30,44.485,286.354,1.957,14.053,0.00806,-0.4304,0.4304,inner_heliosphere,saturn,34.4388,39.8830,34.4388,53.5663,39.3505,2.000,0.0000,0.0003
NH1,612592215.7,2019-05-31,44.493,286.355,1.957,14.053,0.00806,-0.4304,0.4304,inner_heliosphere,saturn,34.4469,39.8875,34.4469,53.5765,39.3591,1.000,0.0000,0.0003
NH1,612667785.7,2019-06-01,44.500,286.356,1.957,14.053,0.00806,-0.4304,0.4304,inner_heliosphere,saturn,34.4539,39.8915,34.4539,53.5854,39.3665,0.875,0.0000,0.0003
NH1,612765012.7,2019-06-02,44.509,286.357,1.957,14.053,0.00806,-0.4304,0.4304,inner_heliosphere,saturn,34.4630,39.8966,34.4630,53.5968,39.3761,1.125,0.0000,0.0003
NH1,612847796.7,2019-06-03,44.517,286.359,1.957,14.052,0.00806,-0.4304,0.4304,inner_heliosphere,saturn,34.4708,39.9009,34.4708,53.6065,39.3843,0.958,0.0000,0.0003
NH1,612934196.7,2019-06-04,44.525,286.360,1.957,14.052,0.00806,-0.4304,0.4304,inner_heliosphere,saturn,34.4789,39.9055,34.4789,53.6167,39.3929,1.000,0.0000,0.0003
NH1,612991808.7,2019-06-05,44.530,286.361,1.957,14.052,0.00806,-0.4304,0.4304,inner_heliosphere,saturn,34.4842,39.9086,34.4842,53.6234,39.3986,0.667,0.0000,0.0003
NH1,613107001.7,2019-06-06,44.541,286.362,1.957,14.051,0.00806,-0.4304,0.4304,inner_heliosphere,saturn,34.4950,39.9147,34.4950,53.6370,39.4099,1.333,0.0000,0.0003
NH1,613164611.7,2019-06-07,44.547,286.363,1.957,14.051,0.00806,-0.4304,0.4304,inner_heliosphere,saturn,34.5004,39.9177,34.5004,53.6437,39.4156,0.667,0.0000,0.0003
NH1,613287077.7,2019-06-08,44.558,286.365,1.957,14.051,0.00806,-0.4304,0.4304,inner_heliosphere,saturn,34.5119,39.9243,34.5119,53.6581,39.4278,1.417,0.0000,0.0003
NH1,613351786.7,2019-06-09,44.564,286.366,1.957,14.051,0.00806,-0.4304,0.4304,inner_heliosphere,saturn,34.5180,39.9277,34.5180,53.6657,39.4342,0.749,0.0000,0.0003
NH1,613434587.7,2019-06-10,44.572,286.367,1.957,14.050,0.00806,-0.4304,0.4304,inner_heliosphere,saturn,34.5257,39.9321,34.5257,53.6755,39.4423,0.958,0.0000,0.0003
NH1,613539012.7,2019-06-11,44.582,286.368,1.957,14.050,0.00806,-0.4304,0.4304,inner_heliosphere,saturn,34.5355,39.9377,34.5355,53.6877,39.4527,1.209,0.0000,0.0003
NH1,613607386.7,2019-06-12,44.588,286.369,1.957,14.050,0.00806,-0.4304,0.4304,inner_heliosphere,saturn,34.5419,39.9414,34.5419,53.6958,39.4594,0.791,0.0000,0.0003
NH1,613711814.7,2019-06-13,44.598,286.370,1.957,14.050,0.00806,-0.4304,0.4304,inner_heliosphere,saturn,34.5517,39.9470,34.5517,53.7080,39.4698,1.209,0.0000,0.0003
NH1,613758584.7,2019-06-14,44.602,286.371,1.957,14.049,0.00806,-0.4304,0.4304,inner_heliosphere,saturn,34.5561,39.9496,34.5561,53.7135,39.4744,0.541,0.0000,0.0003
NH1,613884617.7,2019-06-15,44.614,286.373,1.957,14.049,0.00806,-0.4304,0.4304,inner_heliosphere,saturn,34.5680,39.9564,34.5680,53.7284,39.4869,1.459,0.0000,0.0003
NH1,613938604.7,2019-06-16,44.619,286.374,1.957,14.049,0.00806,-0.4304,0.4304,inner_heliosphere,saturn,34.5730,39.9593,34.5730,53.7347,39.4922,0.625,0.0000,0.0003
NH1,614025003.7,2019-06-17,44.627,286.375,1.957,14.049,0.00806,-0.4304,0.4304,inner_heliosphere,saturn,34.5812,39.9640,34.5812,53.7449,39.5008,1.000,0.0000,0.0003
NH1,614143809.7,2019-06-18,44.638,286.376,1.957,14.048,0.00806,-0.4304,0.4304,inner_heliosphere,saturn,34.5923,39.9705,34.5923,53.7588,39.5125,1.375,0.0000,0.0003
NH1,614197802.7,2019-06-19,44.643,286.377,1.958,14.048,0.00806,-0.4304,0.4304,inner_heliosphere,saturn,34.5974,39.9734,34.5974,53.7652,39.5179,0.625,0.0000,0.0003
NH1,614284198.7,2019-06-20,44.651,286.378,1.958,14.048,0.00806,-0.4304,0.4304,inner_heliosphere,saturn,34.6056,39.9781,34.6056,53.7753,39.5264,1.000,0.0000,0.0003
NH1,614388578.7,2019-06-21,44.661,286.380,1.958,14.047,0.00806,-0.4304,0.4304,inner_heliosphere,saturn,34.6154,39.9838,34.6154,53.7876,39.5368,1.208,0.0000,0.0003
NH1,614474976.7,2019-06-22,44.669,286.381,1.958,14.047,0.00806,-0.4304,0.4304,inner_heliosphere,saturn,34.6235,39.9886,34.6235,53.7977,39.5453,1.000,0.0000,0.0003
NH1,614572247.7,2019-06-23,44.678,286.382,1.958,14.047,0.00806,-0.4304,0.4304,inner_heliosphere,saturn,34.6327,39.9939,34.6327,53.8092,39.5550,1.126,0.0000,0.0003
NH1,614658596.7,2019-06-24,44.686,286.384,1.958,14.047,0.00806,-0.4304,0.4304,inner_heliosphere,saturn,34.6408,39.9987,34.6408,53.8193,39.5635,0.999,0.0000,0.0003
NH1,614716194.7,2019-06-25,44.691,286.384,1.958,14.046,0.00806,-0.4304,0.4304,inner_heliosphere,saturn,34.6463,40.0019,34.6463,53.8261,39.5692,0.667,0.0000,0.0003
NH1,614831395.7,2019-06-26,44.702,286.386,1.958,14.046,0.00806,-0.4304,0.4304,inner_heliosphere,saturn,34.6571,40.0082,34.6571,53.8396,39.5806,1.333,0.0000,0.0003
NH1,615004193.7,2019-06-28,44.718,286.388,1.958,14.046,0.00806,-0.4304,0.4304,inner_heliosphere,saturn,34.6735,40.0178,34.6735,53.8599,39.5978,2.000,0.0001,0.0003
NH1,615058182.7,2019-06-29,44.723,286.389,1.958,14.045,0.00806,-0.4304,0.4304,inner_heliosphere,saturn,34.6786,40.0208,34.6786,53.8663,39.6031,0.625,0.0000,0.0003
NH1,615176989.7,2019-06-30,44.734,286.391,1.958,14.045,0.00806,-0.4304,0.4304,inner_heliosphere,saturn,34.6898,40.0275,34.6898,53.8802,39.6149,1.375,0.0000,0.0003
NH1,615256161.7,2019-07-01,44.742,286.392,1.958,14.045,0.00806,-0.4304,0.4304,inner_heliosphere,saturn,34.6973,40.0319,34.6973,53.8895,39.6227,0.916,0.0000,0.0003
NH1,615346163.7,2019-07-02,44.750,286.393,1.958,14.044,0.00806,-0.4304,0.4304,inner_heliosphere,saturn,34.7058,40.0369,34.7058,53.9001,39.6317,1.042,0.0000,0.0003
NH1,615425350.7,2019-07-03,44.758,286.394,1.958,14.044,0.00806,-0.4303,0.4303,inner_heliosphere,saturn,34.7133,40.0414,34.7133,53.9094,39.6395,0.917,0.0000,0.0003
NH1,615490167.7,2019-07-04,44.764,286.395,1.958,14.044,0.00806,-0.4303,0.4303,inner_heliosphere,saturn,34.7194,40.0450,34.7194,53.9170,39.6459,0.750,0.0000,0.0003
NH1,615619822.7,2019-07-05,44.776,286.397,1.958,14.044,0.00806,-0.4303,0.4303,inner_heliosphere,saturn,34.7317,40.0523,34.7317,53.9323,39.6588,1.501,0.0000,0.0003
NH1,615684538.7,2019-07-06,44.782,286.398,1.958,14.043,0.00806,-0.4303,0.4303,inner_heliosphere,saturn,34.7378,40.0560,34.7378,53.9399,39.6652,0.749,0.0000,0.0003
NH1,615778162.7,2019-07-07,44.790,286.399,1.958,14.043,0.00806,-0.4303,0.4303,inner_heliosphere,saturn,34.7467,40.0613,34.7467,53.9509,39.6745,1.084,0.0000,0.0003
NH1,615879004.7,2019-07-08,44.800,286.400,1.958,14.043,0.00806,-0.4303,0.4303,inner_heliosphere,saturn,34.7563,40.0670,34.7563,53.9628,39.6845,1.167,0.0000,0.0003
NH1,615922149.7,2019-07-09,44.804,286.401,1.958,14.043,0.00806,-0.4303,0.4303,inner_heliosphere,saturn,34.7604,40.0695,34.7604,53.9678,39.6888,0.499,0.0000,0.0003
NH1,616033734.7,2019-07-10,44.814,286.402,1.958,14.042,0.00806,-0.4303,0.4303,inner_heliosphere,saturn,34.7710,40.0758,34.7710,53.9809,39.6999,1.291,0.0000,0.0003
NH1,616138198.7,2019-07-11,44.824,286.404,1.958,14.042,0.00806,-0.4303,0.4303,inner_heliosphere,saturn,34.7809,40.0818,34.7809,53.9932,39.7102,1.209,0.0000,0.0003
NH1,616210130.7,2019-07-12,44.831,286.405,1.958,14.042,0.00806,-0.4303,0.4303,inner_heliosphere,saturn,34.7877,40.0859,34.7877,54.0017,39.7174,0.833,0.0000,0.0003
NH1,616282110.7,2019-07-13,44.837,286.406,1.958,14.042,0.00806,-0.4303,0.4303,inner_heliosphere,saturn,34.7946,40.0900,34.7946,54.0101,39.7245,0.833,0.0000,0.0003
NH1,616350515.7,2019-07-14,44.844,286.407,1.958,14.041,0.00806,-0.4303,0.4303,inner_heliosphere,saturn,34.8011,40.0940,34.8011,54.0182,39.7313,0.792,0.0000,0.0003
NH1,616483783.7,2019-07-15,44.856,286.409,1.958,14.041,0.00806,-0.4303,0.4303,inner_heliosphere,saturn,34.8137,40.1016,34.8137,54.0338,39.7445,1.542,0.0000,0.0003
NH1,616548497.7,2019-07-16,44.862,286.409,1.958,14.041,0.00806,-0.4303,0.4303,inner_heliosphere,saturn,34.8199,40.1054,34.8199,54.0414,39.7510,0.749,0.0000,0.0003
NH1,616627687.7,2019-07-17,44.870,286.411,1.958,14.040,0.00806,-0.4303,0.4303,inner_heliosphere,saturn,34.8274,40.1099,34.8274,54.0508,39.7588,0.917,0.0000,0.0003
NH1,616717685.7,2019-07-18,44.878,286.412,1.958,14.040,0.00806,-0.4303,0.4303,inner_heliosphere,saturn,34.8360,40.1152,34.8360,54.0613,39.7678,1.042,0.0000,0.0003
NH1,616811296.7,2019-07-19,44.887,286.413,1.958,14.040,0.00806,-0.4303,0.4303,inner_heliosphere,saturn,34.8449,40.1206,34.8449,54.0723,39.7771,1.083,0.0000,0.0003
NH1,616890475.7,2019-07-20,44.894,286.414,1.958,14.040,0.00806,-0.4303,0.4303,inner_heliosphere,saturn,34.8525,40.1252,34.8525,54.0816,39.7849,0.916,0.0000,0.0003
NH1,617070476.7,2019-07-22,44.911,286.417,1.958,14.039,0.00806,-0.4303,0.4303,inner_heliosphere,saturn,34.8696,40.1357,34.8696,54.1028,39.8028,2.083,0.0001,0.0003
NH1,617128076.7,2019-07-23,44.916,286.417,1.958,14.039,0.00806,-0.4303,0.4303,inner_heliosphere,saturn,34.8751,40.1391,34.8751,54.1096,39.8085,0.667,0.0000,0.0003
NH1,617261323.7,2019-07-24,44.929,286.419,1.958,14.038,0.00806,-0.4303,0.4303,inner_heliosphere,saturn,34.8879,40.1469,34.8879,54.1252,39.8218,1.542,0.0000,0.0003
NH1,617322446.7,2019-07-25,44.934,286.420,1.958,14.038,0.00806,-0.4303,0.4303,inner_heliosphere,saturn,34.8937,40.1505,34.8937,54.1324,39.8279,0.707,0.0000,0.0003
NH1,617412447.7,2019-07-26,44.943,286.421,1.958,14.038,0.00806,-0.4303,0.4303,inner_heliosphere,saturn,34.9023,40.1558,34.9023,54.1430,39.8368,1.042,0.0000,0.0003
NH1,617473648.7,2019-07-27,44.949,286.422,1.958,14.038,0.00806,-0.4303,0.4303,inner_heliosphere,saturn,34.9081,40.1594,34.9081,54.1502,39.8429,0.708,0.0000,0.0003
NH1,617578022.7,2019-07-28,44.958,286.423,1.958,14.037,0.00805,-0.4303,0.4303,inner_heliosphere,saturn,34.9181,40.1655,34.9181,54.1625,39.8533,1.208,0.0000,0.0003
NH1,617675238.7,2019-07-29,44.967,286.425,1.958,14.037,0.00805,-0.4303,0.4303,inner_heliosphere,saturn,34.9274,40.1713,34.9274,54.1739,39.8629,1.125,0.0000,0.0003
NH1,617747205.7,2019-07-30,44.974,286.426,1.958,14.037,0.00805,-0.4303,0.4303,inner_heliosphere,saturn,34.9343,40.1756,34.9343,54.1824,39.8701,0.833,0.0000,0.0003
NH1,617840803.7,2019-07-31,44.983,286.427,1.958,14.037,0.00805,-0.4303,0.4303,inner_heliosphere,saturn,34.9433,40.1811,34.9433,54.1934,39.8794,1.083,0.0000,0.0003
NH1,617902014.7,2019-08-01,44.988,286.428,1.958,14.036,0.00805,-0.4303,0.4303,inner_heliosphere,saturn,34.9491,40.1848,34.9491,54.2006,39.8855,0.708,0.0000,0.0003
NH1,618006384.7,2019-08-02,44.998,286.429,1.958,14.036,0.00805,-0.4303,0.4303,inner_heliosphere,saturn,34.9591,40.1910,34.9591,54.2128,39.8959,1.208,0.0000,0.0003
NH1,618125261.7,2019-08-03,45.009,286.431,1.959,14.036,0.00805,-0.4303,0.4303,inner_heliosphere,saturn,34.9705,40.1981,34.9705,54.2268,39.9077,1.376,0.0000,0.0003
NH1,618211656.7,2019-08-04,45.017,286.432,1.959,14.036,0.00805,-0.4303,0.4303,inner_heliosphere,saturn,34.9788,40.2033,34.9788,54.2370,39.9163,1.000,0.0000,0.0003
NH1,618276383.7,2019-08-05,45.023,286.433,1.959,14.035,0.00805,-0.4303,0.4303,inner_heliosphere,saturn,34.9850,40.2072,34.9850,54.2446,39.9227,0.749,0.0000,0.0003
NH1,618333980.7,2019-08-06,45.029,286.434,1.959,14.035,0.00805,-0.4303,0.4303,inner_heliosphere,saturn,34.9905,40.2106,34.9905,54.2513,39.9285,0.667,0.0000,0.0003
NH1,618470824.7,2019-08-07,45.041,286.436,1.959,14.035,0.00805,-0.4303,0.4303,inner_heliosphere,saturn,35.0037,40.2189,35.0037,54.2674,39.9421,1.584,0.0000,0.0003
NH1,618528340.7,2019-08-08,45.047,286.436,1.959,14.035,0.00805,-0.4303,0.4303,inner_heliosphere,saturn,35.0092,40.2224,35.0092,54.2742,39.9478,0.666,0.0000,0.0003
NH1,618618339.7,2019-08-09,45.055,286.438,1.959,14.034,0.00805,-0.4303,0.4303,inner_heliosphere,saturn,35.0178,40.2278,35.0178,54.2848,39.9568,1.042,0.0000,0.0003
NH1,618701126.7,2019-08-10,45.063,286.439,1.959,14.034,0.00805,-0.4303,0.4303,inner_heliosphere,saturn,35.0258,40.2328,35.0258,54.2945,39.9650,0.958,0.0000,0.0003
NH1,618816387.7,2019-08-11,45.074,286.440,1.959,14.034,0.00805,-0.4303,0.4303,inner_heliosphere,saturn,35.0369,40.2398,35.0369,54.3081,39.9765,1.334,0.0000,0.0003
NH1,618902778.7,2019-08-12,45.082,286.441,1.959,14.033,0.00805,-0.4303,0.4303,inner_heliosphere,saturn,35.0452,40.2451,35.0452,54.3182,39.9851,1.000,0.0000,0.0003
NH1,618963901.7,2019-08-13,45.087,286.442,1.959,14.033,0.00805,-0.4303,0.4303,inner_heliosphere,saturn,35.0511,40.2488,35.0511,54.3254,39.9912,0.707,0.0000,0.0003
NH1,619043088.7,2019-08-14,45.095,286.443,1.959,14.033,0.00805,-0.4303,0.4303,inner_heliosphere,saturn,35.0587,40.2537,35.0587,54.3347,39.9991,0.917,0.0000,0.0003
NH1,619136688.7,2019-08-15,45.104,286.445,1.959,14.033,0.00805,-0.4303,0.4303,inner_heliosphere,saturn,35.0677,40.2594,35.0677,54.3457,40.0084,1.083,0.0000,0.0003
NH1,619223080.7,2019-08-16,45.112,286.446,1.959,14.032,0.00805,-0.4302,0.4302,inner_heliosphere,saturn,35.0760,40.2647,35.0760,54.3559,40.0170,1.000,0.0000,0.0003
NH1,619309473.7,2019-08-17,45.120,286.447,1.959,14.032,0.00805,-0.4302,0.4302,inner_heliosphere,saturn,35.0844,40.2700,35.0844,54.3660,40.0256,1.000,0.0000,0.0002
NH1,619392254.7,2019-08-18,45.127,286.448,1.959,14.032,0.00805,-0.4302,0.4302,inner_heliosphere,saturn,35.0923,40.2751,35.0923,54.3758,40.0338,0.958,0.0000,0.0002
NH1,619453462.7,2019-08-19,45.133,286.449,1.959,14.032,0.00805,-0.4302,0.4302,inner_heliosphere,saturn,35.0982,40.2789,35.0982,54.3830,40.0399,0.708,0.0000,0.0002
NH1,619568647.7,2019-08-20,45.144,286.450,1.959,14.031,0.00805,-0.4302,0.4302,inner_heliosphere,saturn,35.1094,40.2860,35.1094,54.3965,40.0514,1.333,0.0000,0.0002
NH1,619680292.7,2019-08-21,45.154,286.452,1.959,14.031,0.00805,-0.4302,0.4302,inner_heliosphere,saturn,35.1201,40.2930,35.1201,54.4096,40.0626,1.292,0.0000,0.0002
NH1,619766624.7,2019-08-22,45.162,286.453,1.959,14.031,0.00805,-0.4302,0.4302,inner_heliosphere,saturn,35.1285,40.2983,35.1285,54.4198,40.0712,0.999,0.0000,0.0002
NH1,619827817.7,2019-08-23,45.168,286.454,1.959,14.031,0.00805,-0.4302,0.4302,inner_heliosphere,saturn,35.1344,40.3021,35.1344,54.4270,40.0773,0.708,0.0000,0.0002
NH1,619939469.7,2019-08-24,45.178,286.455,1.959,14.030,0.00805,-0.4302,0.4302,inner_heliosphere,saturn,35.1452,40.3091,35.1452,54.4401,40.0884,1.292,0.0000,0.0002
NH1,619996995.7,2019-08-25,45.184,286.456,1.959,14.030,0.00805,-0.4302,0.4302,inner_heliosphere,saturn,35.1507,40.3127,35.1507,54.4469,40.0941,0.666,0.0000,0.0002
NH1,620083384.7,2019-08-26,45.192,286.457,1.959,14.030,0.00805,-0.4302,0.4302,inner_heliosphere,saturn,35.1591,40.3181,35.1591,54.4570,40.1027,1.000,0.0000,0.0002
NH1,620158962.8,2019-08-27,45.199,286.458,1.959,14.030,0.00805,-0.4302,0.4302,inner_heliosphere,saturn,35.1664,40.3229,35.1664,54.4659,40.1103,0.875,0.0000,0.0002
NH1,620252553.8,2019-08-28,45.208,286.460,1.959,14.029,0.00805,-0.4302,0.4302,inner_heliosphere,saturn,35.1755,40.3287,35.1755,54.4769,40.1196,1.083,0.0000,0.0002
NH1,620328137.8,2019-08-29,45.215,286.461,1.959,14.029,0.00805,-0.4302,0.4302,inner_heliosphere,saturn,35.1828,40.3335,35.1828,54.4858,40.1272,0.875,0.0000,0.0002
NH1,620425357.8,2019-08-30,45.224,286.462,1.959,14.029,0.00805,-0.4302,0.4302,inner_heliosphere,saturn,35.1922,40.3396,35.1922,54.4973,40.1369,1.125,0.0000,0.0002
NH1,620716948.8,2019-09-02,45.251,286.466,1.959,14.028,0.00805,-0.4302,0.4302,inner_heliosphere,saturn,35.2205,40.3581,35.2205,54.5315,40.1660,3.375,0.0001,0.0002
NH1,620832143.8,2019-09-04,45.262,286.467,1.959,14.027,0.00805,-0.4302,0.4302,inner_heliosphere,saturn,35.2317,40.3654,35.2317,54.5451,40.1775,1.333,0.0000,0.0002
NH1,620976163.8,2019-09-05,45.275,286.469,1.959,14.027,0.00805,-0.4302,0.4302,inner_heliosphere,saturn,35.2456,40.3746,35.2456,54.5620,40.1918,1.667,0.0000,0.0002
NH1,621033682.8,2019-09-06,45.280,286.470,1.959,14.027,0.00805,-0.4302,0.4302,inner_heliosphere,saturn,35.2512,40.3783,35.2512,54.5688,40.1976,0.666,0.0000,0.0002
NH1,621148870.8,2019-09-07,45.291,286.472,1.959,14.026,0.00805,-0.4302,0.4302,inner_heliosphere,saturn,35.2624,40.3857,35.2624,54.5823,40.2091,1.333,0.0000,0.0002
NH1,621235256.8,2019-09-08,45.299,286.473,1.959,14.026,0.00805,-0.4302,0.4302,inner_heliosphere,saturn,35.2708,40.3912,35.2708,54.5925,40.2177,1.000,0.0000,0.0001
NH1,621285620.8,2019-09-09,45.304,286.473,1.959,14.026,0.00805,-0.4302,0.4302,inner_heliosphere,saturn,35.2757,40.3945,35.2757,54.5984,40.2227,0.583,0.0000,0.0002
NH1,621408036.8,2019-09-10,45.315,286.475,1.959,14.026,0.00805,-0.4302,0.4302,inner_heliosphere,saturn,35.2876,40.4024,35.2876,54.6128,40.2350,1.417,0.0000,0.0001
NH1,621462003.8,2019-09-11,45.320,286.476,1.959,14.025,0.00805,-0.4302,0.4302,inner_heliosphere,saturn,35.2929,40.4059,35.2929,54.6192,40.2404,0.625,0.0000,0.0002
NH1,621580810.8,2019-09-12,45.331,286.477,1.959,14.025,0.00805,-0.4302,0.4302,inner_heliosphere,saturn,35.3045,40.4136,35.3045,54.6331,40.2522,1.375,0.0000,0.0001
NH1,621667208.8,2019-09-13,45.339,286.479,1.959,14.025,0.00805,-0.4302,0.4302,inner_heliosphere,saturn,35.3129,40.4192,35.3129,54.6433,40.2609,1.000,0.0000,0.0001
NH1,621750034.8,2019-09-14,45.347,286.480,1.959,14.025,0.00805,-0.4302,0.4302,inner_heliosphere,saturn,35.3209,40.4245,35.3209,54.6530,40.2691,0.959,0.0000,0.0001
NH1,621796748.8,2019-09-15,45.351,286.480,1.959,14.024,0.00805,-0.4302,0.4302,inner_heliosphere,saturn,35.3255,40.4276,35.3255,54.6585,40.2738,0.541,0.0000,0.0001
NH1,621922771.8,2019-09-16,45.363,286.482,1.959,14.024,0.00805,-0.4302,0.4302,inner_heliosphere,saturn,35.3378,40.4358,35.3378,54.6734,40.2864,1.459,0.0000,0.0001
NH1,621969524.8,2019-09-17,45.367,286.483,1.959,14.024,0.00805,-0.4302,0.4302,inner_heliosphere,saturn,35.3424,40.4389,35.3424,54.6789,40.2911,0.541,0.0000,0.0001
NH1,622063117.8,2019-09-18,45.376,286.484,1.960,14.024,0.00805,-0.4302,0.4302,inner_heliosphere,saturn,35.3515,40.4450,35.3515,54.6899,40.3004,1.083,0.0000,0.0001
NH1,622153116.8,2019-09-19,45.385,286.485,1.960,14.023,0.00805,-0.4302,0.4302,inner_heliosphere,saturn,35.3603,40.4509,35.3603,54.7004,40.3094,1.042,0.0000,0.0001
NH1,622268326.8,2019-09-20,45.395,286.487,1.960,14.023,0.00805,-0.4302,0.4302,inner_heliosphere,saturn,35.3715,40.4584,35.3715,54.7140,40.3209,1.333,0.0000,0.0001
NH1,622297097.8,2019-09-21,45.398,286.487,1.960,14.023,0.00805,-0.4302,0.4302,inner_heliosphere,saturn,35.3743,40.4603,35.3743,54.7174,40.3238,0.333,0.0000,0.0001
NH1,622441098.8,2019-09-22,45.411,286.489,1.960,14.022,0.00805,-0.4302,0.4302,inner_heliosphere,saturn,35.3884,40.4698,35.3884,54.7343,40.3382,1.667,0.0000,0.0001
NH1,622527482.8,2019-09-23,45.419,286.490,1.960,14.022,0.00805,-0.4302,0.4302,inner_heliosphere,saturn,35.3969,40.4756,35.3969,54.7445,40.3469,1.000,0.0000,0.0001
NH1,622617456.8,2019-09-24,45.428,286.491,1.960,14.022,0.00805,-0.4302,0.4302,inner_heliosphere,saturn,35.4057,40.4815,35.4057,54.7551,40.3559,1.041,0.0000,0.0001
NH1,622631826.8,2019-09-24,45.429,286.491,1.960,14.022,0.00805,-0.4302,0.4302,inner_heliosphere,saturn,35.4071,40.4825,35.4071,54.7567,40.3573,0.166,0.0000,0.0001
NH1,622747014.8,2019-09-26,45.440,286.493,1.960,14.022,0.00805,-0.4302,0.4302,inner_heliosphere,saturn,35.4184,40.4901,35.4184,54.7703,40.3688,1.333,0.0000,0.0001
NH1,622930620.8,2019-09-28,45.457,286.495,1.960,14.021,0.00805,-0.4302,0.4302,inner_heliosphere,saturn,35.4363,40.5023,35.4363,54.7919,40.3872,2.125,0.0000,0.0001
NH1,623042212.8,2019-09-29,45.467,286.497,1.960,14.021,0.00805,-0.4301,0.4301,inner_heliosphere,saturn,35.4473,40.5098,35.4473,54.8050,40.3984,1.292,0.0000,0.0000
NH1,623099777.8,2019-09-30,45.473,286.498,1.960,14.020,0.00805,-0.4301,0.4301,inner_heliosphere,saturn,35.4529,40.5137,35.4529,54.8118,40.4041,0.666,0.0000,0.0000
NH1,623387750.8,2019-10-03,45.500,286.501,1.960,14.020,0.00805,-0.4301,0.4301,inner_heliosphere,saturn,35.4812,40.5330,35.4812,54.8457,40.4329,3.333,0.0000,0.0000
NH1,623481328.8,2019-10-04,45.508,286.503,1.960,14.019,0.00805,-0.4301,0.4301,inner_heliosphere,saturn,35.4904,40.5393,35.4904,54.8567,40.4423,1.083,0.0000,0.0000
NH1,623567714.8,2019-10-05,45.516,286.504,1.960,14.019,0.00805,-0.4301,0.4301,inner_heliosphere,saturn,35.4989,40.5452,35.4989,54.8668,40.4510,1.000,-0.0000,-0.0000
NH1,623618102.8,2019-10-06,45.521,286.504,1.960,14.019,0.00805,-0.4301,0.4301,inner_heliosphere,saturn,35.5038,40.5486,35.5038,54.8728,40.4560,0.583,0.0000,0.0000
NH1,623733312.8,2019-10-07,45.532,286.506,1.960,14.019,0.00805,-0.4301,0.4301,inner_heliosphere,saturn,35.5151,40.5564,35.5151,54.8863,40.4676,1.333,-0.0000,-0.0000
NH1,623960042.8,2019-10-10,45.553,286.509,1.960,14.018,0.00804,-0.4301,0.4301,inner_heliosphere,saturn,35.5375,40.5719,35.5375,54.9130,40.4903,2.624,-0.0000,-0.0000
NH1,624086042.8,2019-10-11,45.565,286.511,1.960,14.017,0.00804,-0.4301,0.4301,inner_heliosphere,saturn,35.5499,40.5805,35.5499,54.9278,40.5029,1.458,-0.0000,-0.0000
NH1,624104038.8,2019-10-11,45.566,286.511,1.960,14.017,0.00804,-0.4301,0.4301,inner_heliosphere,saturn,35.5516,40.5817,35.5516,54.9299,40.5047,0.208,-0.0000,-0.0000
NH1,624251632.8,2019-10-13,45.580,286.513,1.960,14.017,0.00804,-0.4301,0.4301,inner_heliosphere,saturn,35.5662,40.5918,35.5662,54.9473,40.5195,1.708,-0.0000,-0.0000
NH1,624334425.8,2019-10-14,45.588,286.514,1.960,14.017,0.00804,-0.4301,0.4301,inner_heliosphere,saturn,35.5744,40.5975,35.5744,54.9570,40.5278,0.958,-0.0000,-0.0000
NH1,624449592.8,2019-10-15,45.598,286.515,1.960,14.016,0.00804,-0.4301,0.4301,inner_heliosphere,saturn,35.5857,40.6055,35.5857,54.9706,40.5393,1.333,-0.0000,-0.0001
NH1,624595267.8,2019-10-17,45.612,286.517,1.960,14.016,0.00804,-0.4301,0.4301,inner_heliosphere,saturn,35.6001,40.6155,35.6001,54.9877,40.5539,1.686,-0.0000,-0.0001
NH1,624690749.8,2019-10-18,45.621,286.519,1.960,14.016,0.00804,-0.4301,0.4301,inner_heliosphere,saturn,35.6095,40.6221,35.6095,54.9989,40.5635,1.105,-0.0000,-0.0001
NH1,624737608.8,2019-10-19,45.625,286.519,1.960,14.015,0.00804,-0.4301,0.4301,inner_heliosphere,saturn,35.6142,40.6254,35.6142,55.0044,40.5682,0.542,-0.0000,-0.0001
NH1,624823927.8,2019-10-20,45.633,286.520,1.960,14.015,0.00804,-0.4301,0.4301,inner_heliosphere,saturn,35.6227,40.6314,35.6227,55.0146,40.5769,0.999,-0.0000,-0.0001
NH1,624939135.8,2019-10-21,45.644,286.522,1.960,14.015,0.00804,-0.4301,0.4301,inner_heliosphere,saturn,35.6341,40.6394,35.6341,55.0281,40.5884,1.333,-0.0000,-0.0001
NH1,624993094.8,2019-10-22,45.649,286.523,1.960,14.015,0.00804,-0.4301,0.4301,inner_heliosphere,saturn,35.6394,40.6432,35.6394,55.0345,40.5938,0.625,-0.0000,-0.0001
NH1,625266663.8,2019-10-25,45.674,286.526,1.960,14.014,0.00804,-0.4301,0.4301,inner_heliosphere,saturn,35.6665,40.6623,35.6665,55.0667,40.6213,3.166,-0.0000,-0.0001
NH1,625342264.8,2019-10-26,45.682,286.527,1.960,14.014,0.00804,-0.4301,0.4301,inner_heliosphere,saturn,35.6740,40.6676,35.6740,55.0756,40.6289,0.875,-0.0000,-0.0001
NH1,625414228.8,2019-10-27,45.688,286.528,1.960,14.013,0.00804,-0.4301,0.4301,inner_heliosphere,saturn,35.6811,40.6727,35.6811,55.0840,40.6361,0.833,-0.0000,-0.0001
NH1,625511427.8,2019-10-28,45.697,286.529,1.960,14.013,0.00804,-0.4301,0.4301,inner_heliosphere,saturn,35.6907,40.6796,35.6907,55.0955,40.6458,1.125,-0.0000,-0.0001
NH1,625612209.8,2019-10-29,45.707,286.531,1.960,14.013,0.00804,-0.4301,0.4301,inner_heliosphere,saturn,35.7007,40.6867,35.7007,55.1073,40.6560,1.166,-0.0000,-0.0001
NH1,625684199.8,2019-10-30,45.713,286.532,1.960,14.013,0.00804,-0.4301,0.4301,inner_heliosphere,saturn,35.7079,40.6918,35.7079,55.1158,40.6632,0.833,-0.0000,-0.0001
NH1,625813877.8,2019-10-31,45.725,286.533,1.960,14.012,0.00804,-0.4301,0.4301,inner_heliosphere,saturn,35.7207,40.7010,35.7207,55.1311,40.6762,1.501,-0.0000,-0.0001
NH1,625821055.8,2019-10-31,45.726,286.534,1.960,14.012,0.00804,-0.4301,0.4301,inner_heliosphere,saturn,35.7215,40.7015,35.7215,55.1319,40.6769,0.083,-0.0000,-0.0002
NH1,625939757.8,2019-11-02,45.737,286.535,1.960,14.012,0.00804,-0.4301,0.4301,inner_heliosphere,saturn,35.7332,40.7099,35.7332,55.1459,40.6888,1.374,-0.0000,-0.0001
NH1,626029749.8,2019-11-03,45.746,286.536,1.960,14.011,0.00804,-0.4301,0.4301,inner_heliosphere,saturn,35.7422,40.7163,35.7422,55.1564,40.6979,1.042,-0.0000,-0.0002
NH1,626144956.8,2019-11-04,45.756,286.538,1.961,14.011,0.00804,-0.4301,0.4301,inner_heliosphere,saturn,35.7536,40.7246,35.7536,55.1700,40.7094,1.333,-0.0000,-0.0002
NH1,626173740.8,2019-11-04,45.759,286.538,1.961,14.011,0.00804,-0.4301,0.4301,inner_heliosphere,saturn,35.7565,40.7266,35.7565,55.1734,40.7123,0.333,-0.0000,-0.0002
NH1,626328518.8,2019-11-06,45.773,286.540,1.961,14.011,0.00804,-0.4301,0.4301,inner_heliosphere,saturn,35.7719,40.7377,35.7719,55.1916,40.7279,1.791,-0.0000,-0.0002
NH1,626490513.8,2019-11-08,45.788,286.542,1.961,14.010,0.00804,-0.4301,0.4301,inner_heliosphere,saturn,35.7880,40.7494,35.7880,55.2107,40.7442,1.875,-0.0000,-0.0002
NH1,626569686.8,2019-11-09,45.796,286.543,1.961,14.010,0.00804,-0.4301,0.4301,inner_heliosphere,saturn,35.7959,40.7551,35.7959,55.2200,40.7521,0.916,-0.0000,-0.0002
NH1,626663299.8,2019-11-10,45.804,286.545,1.961,14.010,0.00804,-0.4301,0.4301,inner_heliosphere,saturn,35.8052,40.7618,35.8052,55.2310,40.7615,1.083,-0.0000,-0.0002
NH1,626717257.8,2019-11-11,45.809,286.545,1.961,14.009,0.00804,-0.4301,0.4301,inner_heliosphere,saturn,35.8106,40.7657,35.8106,55.2373,40.7670,0.625,-0.0000,-0.0002
NH1,626796441.8,2019-11-12,45.817,286.546,1.961,14.009,0.00804,-0.4301,0.4301,inner_heliosphere,saturn,35.8185,40.7715,35.8185,55.2466,40.7749,0.916,-0.0000,-0.0002
NH1,626936841.8,2019-11-13,45.830,286.548,1.961,14.009,0.00804,-0.4301,0.4301,inner_heliosphere,saturn,35.8325,40.7817,35.8325,55.2632,40.7890,1.625,-0.0000,-0.0002
NH1,626947630.8,2019-11-13,45.831,286.548,1.961,14.009,0.00804,-0.4301,0.4301,inner_heliosphere,saturn,35.8336,40.7825,35.8336,55.2644,40.7901,0.125,-0.0000,-0.0002
NH1,627102421.8,2019-11-15,45.845,286.550,1.961,14.008,0.00804,-0.4301,0.4301,inner_heliosphere,saturn,35.8490,40.7937,35.8490,55.2826,40.8057,1.792,-0.0000,-0.0002
NH1,627188812.8,2019-11-16,45.853,286.551,1.961,14.008,0.00804,-0.4300,0.4300,inner_heliosphere,saturn,35.8577,40.8000,35.8577,55.2928,40.8144,1.000,-0.0000,-0.0002
NH1,627228386.8,2019-11-17,45.857,286.552,1.961,14.008,0.00804,-0.4300,0.4300,inner_heliosphere,saturn,35.8616,40.8029,35.8616,55.2975,40.8183,0.458,-0.0000,-0.0002
NH1,627318377.8,2019-11-18,45.865,286.553,1.961,14.008,0.00804,-0.4300,0.4300,inner_heliosphere,saturn,35.8706,40.8095,35.8706,55.3081,40.8274,1.042,-0.0000,-0.0002
NH1,627437189.8,2019-11-19,45.876,286.555,1.961,14.007,0.00804,-0.4300,0.4300,inner_heliosphere,saturn,35.8825,40.8182,35.8825,55.3220,40.8393,1.375,-0.0000,-0.0002
NH1,627541567.8,2019-11-20,45.886,286.556,1.961,14.007,0.00804,-0.4300,0.4300,inner_heliosphere,saturn,35.8929,40.8259,35.8929,55.3343,40.8498,1.208,-0.0000,-0.0002
NH1,627552367.8,2019-11-20,45.887,286.556,1.961,14.007,0.00804,-0.4300,0.4300,inner_heliosphere,saturn,35.8940,40.8267,35.8940,55.3356,40.8509,0.125,-0.0000,-0.0002
NH1,627714343.8,2019-11-22,45.902,286.558,1.961,14.006,0.00804,-0.4300,0.4300,inner_heliosphere,saturn,35.9102,40.8387,35.9102,55.3546,40.8672,1.875,-0.0000,-0.0002
NH1,627782755.8,2019-11-23,45.909,286.559,1.961,14.006,0.00804,-0.4300,0.4300,inner_heliosphere,saturn,35.9171,40.8437,35.9171,55.3627,40.8741,0.792,-0.0000,-0.0002
NH1,627887126.8,2019-11-24,45.918,286.561,1.961,14.006,0.00804,-0.4300,0.4300,inner_heliosphere,saturn,35.9275,40.8514,35.9275,55.3750,40.8846,1.208,-0.0000,-0.0002
NH1,627955542.8,2019-11-25,45.925,286.561,1.961,14.006,0.00804,-0.4300,0.4300,inner_heliosphere,saturn,35.9344,40.8565,35.9344,55.3830,40.8915,0.792,-0.0000,-0.0003
NH1,628009502.8,2019-11-26,45.930,286.562,1.961,14.005,0.00804,-0.4300,0.4300,inner_heliosphere,saturn,35.9398,40.8605,35.9398,55.3894,40.8969,0.625,-0.0000,-0.0003
NH1,628355063.8,2019-11-30,45.962,286.567,1.961,14.004,0.00804,-0.4300,0.4300,inner_heliosphere,saturn,35.9744,40.8863,35.9744,55.4300,40.9317,4.000,-0.0001,-0.0003
NH1,628491855.8,2019-12-01,45.975,286.568,1.961,14.004,0.00804,-0.4300,0.4300,inner_heliosphere,saturn,35.9882,40.8966,35.9882,55.4461,40.9455,1.583,-0.0000,-0.0003
NH1,628556674.8,2019-12-02,45.981,286.569,1.961,14.004,0.00804,-0.4300,0.4300,inner_heliosphere,saturn,35.9947,40.9014,35.9947,55.4538,40.9520,0.750,-0.0000,-0.0003
NH1,628614237.8,2019-12-03,45.986,286.570,1.961,14.004,0.00804,-0.4300,0.4300,inner_heliosphere,saturn,36.0005,40.9057,36.0005,55.4605,40.9578,0.666,-0.0000,-0.0003
NH1,628743902.8,2019-12-04,45.998,286.572,1.961,14.003,0.00804,-0.4300,0.4300,inner_heliosphere,saturn,36.0135,40.9155,36.0135,55.4758,40.9709,1.501,-0.0000,-0.0003
NH1,628787020.8,2019-12-05,46.002,286.572,1.961,14.003,0.00804,-0.4300,0.4300,inner_heliosphere,saturn,36.0178,40.9188,36.0178,55.4809,40.9752,0.499,-0.0000,-0.0003
NH1,629157795.9,2019-12-09,46.037,286.577,1.961,14.002,0.00804,-0.4300,0.4300,inner_heliosphere,saturn,36.0552,40.9469,36.0552,55.5245,41.0126,4.291,-0.0001,-0.0003
NH1,629269391.9,2019-12-10,46.047,286.579,1.961,14.002,0.00804,-0.4300,0.4300,inner_heliosphere,saturn,36.0664,40.9554,36.0664,55.5376,41.0238,1.292,-0.0000,-0.0003
NH1,629301765.9,2019-12-11,46.050,286.579,1.961,14.002,0.00804,-0.4300,0.4300,inner_heliosphere,saturn,36.0697,40.9578,36.0697,55.5414,41.0271,0.375,-0.0000,-0.0003
NH1,629528563.9,2019-12-13,46.071,286.582,1.961,14.001,0.00804,-0.4300,0.4300,inner_heliosphere,saturn,36.0925,40.9752,36.0925,55.5681,41.0500,2.625,-0.0001,-0.0003
NH1,629589759.9,2019-12-14,46.077,286.583,1.961,14.001,0.00804,-0.4300,0.4300,inner_heliosphere,saturn,36.0987,40.9799,36.0987,55.5753,41.0561,0.708,-0.0000,-0.0003
NH1,629668936.9,2019-12-15,46.084,286.584,1.961,14.000,0.00804,-0.4300,0.4300,inner_heliosphere,saturn,36.1067,40.9860,36.1067,55.5846,41.0641,0.916,-0.0000,-0.0003
NH1,629762544.9,2019-12-16,46.093,286.585,1.961,14.000,0.00804,-0.4300,0.4300,inner_heliosphere,saturn,36.1162,40.9932,36.1162,55.5957,41.0736,1.083,-0.0000,-0.0003
NH1,629874134.9,2019-12-17,46.103,286.586,1.961,14.000,0.00804,-0.4300,0.4300,inner_heliosphere,saturn,36.1274,41.0018,36.1274,55.6088,41.0848,1.292,-0.0000,-0.0003
NH1,629960526.9,2019-12-18,46.111,286.587,1.961,14.000,0.00804,-0.4300,0.4300,inner_heliosphere,saturn,36.1362,41.0084,36.1362,55.6190,41.0935,1.000,-0.0000,-0.0003
NH1,630133305.9,2019-12-20,46.127,286.590,1.961,13.999,0.00804,-0.4300,0.4300,inner_heliosphere,saturn,36.1537,41.0218,36.1537,55.6393,41.1110,1.958,-0.0001,-0.0003
NH1,630144079.9,2019-12-20,46.128,286.590,1.961,13.999,0.00804,-0.4300,0.4300,inner_heliosphere,saturn,36.1547,41.0226,36.1547,55.6406,41.1120,0.125,-0.0000,-0.0002
NH1,630280949.9,2019-12-22,46.141,286.592,1.962,13.999,0.00803,-0.4300,0.4300,inner_heliosphere,saturn,36.1686,41.0333,36.1686,55.6567,41.1259,1.584,-0.0000,-0.0003
NH1,630442876.9,2019-12-24,46.156,286.594,1.962,13.998,0.00803,-0.4300,0.4300,inner_heliosphere,saturn,36.1850,41.0459,36.1850,55.6757,41.1422,1.874,-0.0001,-0.0003
NH1,630738101.9,2019-12-27,46.184,286.598,1.962,13.997,0.00803,-0.4300,0.4300,inner_heliosphere,saturn,36.2149,41.0690,36.2149,55.7105,41.1720,3.417,-0.0001,-0.0003
NH1,630824455.9,2019-12-28,46.192,286.599,1.962,13.997,0.00803,-0.4300,0.4300,inner_heliosphere,saturn,36.2237,41.0758,36.2237,55.7206,41.1807,0.999,-0.0000,-0.0003
NH1,630910849.9,2019-12-29,46.200,286.600,1.962,13.997,0.00803,-0.4300,0.4300,inner_heliosphere,saturn,36.2324,41.0826,36.2324,55.7308,41.1894,1.000,-0.0000,-0.0003
NH1,630990047.9,2019-12-30,46.207,286.601,1.962,13.997,0.00803,-0.4300,0.4300,inner_heliosphere,saturn,36.2405,41.0888,36.2405,55.7401,41.1974,0.917,-0.0000,-0.0003
NH1,631342827.9,2020-01-03,46.240,286.605,1.962,13.995,0.00803,-0.4300,0.4300,inner_heliosphere,saturn,36.2763,41.1168,36.2763,55.7816,41.2331,4.083,-0.0001,-0.0003
NH1,631400446.9,2020-01-04,46.245,286.606,1.962,13.995,0.00803,-0.4300,0.4300,inner_heliosphere,saturn,36.2822,41.1213,36.2822,55.7884,41.2389,0.667,-0.0000,-0.0003
NH1,631515615.9,2020-01-05,46.256,286.608,1.962,13.995,0.00803,-0.4300,0.4300,inner_heliosphere,saturn,36.2939,41.1305,36.2939,55.8020,41.2505,1.333,-0.0000,-0.0003
NH1,631573237.9,2020-01-06,46.261,286.608,1.962,13.995,0.00803,-0.4300,0.4300,inner_heliosphere,saturn,36.2998,41.1351,36.2998,55.8087,41.2564,0.667,-0.0000,-0.0003
NH1,631648806.9,2020-01-07,46.268,286.609,1.962,13.995,0.00803,-0.4300,0.4300,inner_heliosphere,saturn,36.3075,41.1411,36.3075,55.8176,41.2640,0.875,-0.0000,-0.0003
NH1,631774807.9,2020-01-08,46.280,286.611,1.962,13.994,0.00803,-0.4300,0.4300,inner_heliosphere,saturn,36.3203,41.1512,36.3203,55.8325,41.2767,1.458,-0.0000,-0.0003
NH1,631947599.9,2020-01-10,46.296,286.613,1.962,13.994,0.00803,-0.4299,0.4299,inner_heliosphere,saturn,36.3379,41.1651,36.3379,55.8528,41.2942,2.000,-0.0001,-0.0003
NH1,632030396.9,2020-01-11,46.304,286.614,1.962,13.993,0.00803,-0.4299,0.4299,inner_heliosphere,saturn,36.3464,41.1717,36.3464,55.8625,41.3026,0.958,-0.0000,-0.0003
NH1,632120392.9,2020-01-12,46.312,286.615,1.962,13.993,0.00803,-0.4299,0.4299,inner_heliosphere,saturn,36.3555,41.1790,36.3555,55.8731,41.3117,1.042,-0.0000,-0.0003
NH1,632127567.9,2020-01-12,46.313,286.615,1.962,13.993,0.00803,-0.4299,0.4299,inner_heliosphere,saturn,36.3563,41.1796,36.3563,55.8740,41.3124,0.083,-0.0000,-0.0003
NH1,632253580.9,2020-01-14,46.324,286.617,1.962,13.993,0.00803,-0.4299,0.4299,inner_heliosphere,saturn,36.3691,41.1897,36.3691,55.8888,41.3251,1.458,-0.0000,-0.0003
NH1,632336379.9,2020-01-15,46.332,286.618,1.962,13.993,0.00803,-0.4299,0.4299,inner_heliosphere,saturn,36.3776,41.1964,36.3776,55.8986,41.3335,0.958,-0.0000,-0.0003
NH1,632465981.9,2020-01-16,46.344,286.620,1.962,13.992,0.00803,-0.4299,0.4299,inner_heliosphere,saturn,36.3908,41.2070,36.3908,55.9138,41.3466,1.500,-0.0000,-0.0003
NH1,632519996.9,2020-01-17,46.349,286.620,1.962,13.992,0.00803,-0.4299,0.4299,inner_heliosphere,saturn,36.3964,41.2113,36.3964,55.9202,41.3521,0.625,-0.0000,-0.0003
NH1,632577567.9,2020-01-17,46.355,286.621,1.962,13.992,0.00803,-0.4299,0.4299,inner_heliosphere,saturn,36.4022,41.2160,36.4022,55.9269,41.3579,0.666,-0.0000,-0.0003
NH1,632692791.9,2020-01-19,46.365,286.623,1.962,13.991,0.00803,-0.4299,0.4299,inner_heliosphere,saturn,36.4140,41.2254,36.4140,55.9405,41.3696,1.334,-0.0000,-0.0003
NH1,632797171.9,2020-01-20,46.375,286.624,1.962,13.991,0.00803,-0.4299,0.4299,inner_heliosphere,saturn,36.4247,41.2339,36.4247,55.9528,41.3801,1.208,-0.0000,-0.0003
NH1,633157161.9,2020-01-24,46.408,286.629,1.962,13.990,0.00803,-0.4299,0.4299,inner_heliosphere,saturn,36.4616,41.2634,36.4616,55.9952,41.4166,4.167,-0.0001,-0.0003
NH1,633239990.9,2020-01-25,46.416,286.630,1.962,13.990,0.00803,-0.4299,0.4299,inner_heliosphere,saturn,36.4701,41.2702,36.4701,56.0049,41.4249,0.959,-0.0000,-0.0003
NH1,633283152.9,2020-01-26,46.420,286.630,1.962,13.990,0.00803,-0.4299,0.4299,inner_heliosphere,saturn,36.4745,41.2738,36.4745,56.0100,41.4293,0.500,-0.0000,-0.0003
NH1,633589155.9,2020-01-29,46.449,286.634,1.962,13.989,0.00803,-0.4299,0.4299,inner_heliosphere,saturn,36.5059,41.2991,36.5059,56.0460,41.4603,3.542,-0.0001,-0.0003
NH1,633657554.9,2020-01-30,46.455,286.635,1.962,13.989,0.00803,-0.4299,0.4299,inner_heliosphere,saturn,36.5129,41.3048,36.5129,56.0540,41.4672,0.792,-0.0000,-0.0003
NH1,633837562.9,2020-02-01,46.472,286.637,1.962,13.988,0.00803,-0.4299,0.4299,inner_heliosphere,saturn,36.5314,41.3198,36.5314,56.0752,41.4855,2.083,-0.0001,-0.0003
NH1,633869946.9,2020-02-01,46.475,286.638,1.962,13.988,0.00803,-0.4299,0.4299,inner_heliosphere,saturn,36.5347,41.3225,36.5347,56.0790,41.4887,0.375,-0.0000,-0.0003
NH1,633985161.9,2020-02-03,46.485,286.639,1.962,13.988,0.00803,-0.4299,0.4299,inner_heliosphere,saturn,36.5466,41.3321,36.5466,56.0926,41.5004,1.334,-0.0000,-0.0003
NH1,634186782.9,2020-02-05,46.504,286.642,1.962,13.987,0.00803,-0.4299,0.4299,inner_heliosphere,saturn,36.5673,41.3489,36.5673,56.1163,41.5208,2.334,-0.0001,-0.0003
NH1,634359580.9,2020-02-07,46.520,286.644,1.963,13.987,0.00803,-0.4299,0.4299,inner_heliosphere,saturn,36.5851,41.3635,36.5851,56.1367,41.5383,2.000,-0.0000,-0.0003
NH1,634453243.9,2020-02-08,46.529,286.645,1.963,13.986,0.00803,-0.4299,0.4299,inner_heliosphere,saturn,36.5948,41.3713,36.5948,56.1477,41.5478,1.084,-0.0000,-0.0003
NH1,634521557.9,2020-02-09,46.535,286.646,1.963,13.986,0.00803,-0.4299,0.4299,inner_heliosphere,saturn,36.6018,41.3771,36.6018,56.1557,41.5548,0.791,-0.0000,-0.0003
NH1,634589974.9,2020-02-10,46.542,286.647,1.963,13.986,0.00803,-0.4299,0.4299,inner_heliosphere,saturn,36.6089,41.3829,36.6089,56.1638,41.5617,0.792,-0.0000,-0.0003
NH1,634705188.9,2020-02-11,46.552,286.648,1.963,13.986,0.00803,-0.4299,0.4299,inner_heliosphere,saturn,36.6207,41.3926,36.6207,56.1774,41.5734,1.333,-0.0000,-0.0003
NH1,634769959.9,2020-02-12,46.558,286.649,1.963,13.985,0.00803,-0.4299,0.4299,inner_heliosphere,saturn,36.6274,41.3981,36.6274,56.1850,41.5800,0.750,-0.0000,-0.0003
NH1,634971648.9,2020-02-14,46.577,286.652,1.963,13.985,0.00803,-0.4299,0.4299,inner_heliosphere,saturn,36.6482,41.4152,36.6482,56.2087,41.6004,2.334,-0.0001,-0.0003
NH1,635058049.9,2020-02-15,46.585,286.653,1.963,13.985,0.00803,-0.4299,0.4299,inner_heliosphere,saturn,36.6572,41.4226,36.6572,56.2189,41.6092,1.000,-0.0000,-0.0002
NH1,635133593.9,2020-02-16,46.592,286.654,1.963,13.984,0.00803,-0.4299,0.4299,inner_heliosphere,saturn,36.6650,41.4290,36.6650,56.2278,41.6168,0.874,-0.0000,-0.0002
NH1,635191172.9,2020-02-17,46.597,286.654,1.963,13.984,0.00803,-0.4299,0.4299,inner_heliosphere,saturn,36.6709,41.4340,36.6709,56.2346,41.6227,0.666,-0.0000,-0.0002
NH1,635392798.9,2020-02-19,46.616,286.657,1.963,13.984,0.00803,-0.4299,0.4299,inner_heliosphere,saturn,36.6918,41.4512,36.6918,56.2583,41.6431,2.334,-0.0000,-0.0002
NH1,635565598.9,2020-02-21,46.632,286.659,1.963,13.983,0.00803,-0.4299,0.4299,inner_heliosphere,saturn,36.7097,41.4661,36.7097,56.2786,41.6607,2.000,-0.0000,-0.0002
NH1,635659262.9,2020-02-22,46.641,286.660,1.963,13.983,0.00803,-0.4299,0.4299,inner_heliosphere,saturn,36.7194,41.4741,36.7194,56.2897,41.6702,1.084,-0.0000,-0.0002
NH1,635709590.9,2020-02-23,46.646,286.661,1.963,13.983,0.00803,-0.4299,0.4299,inner_heliosphere,saturn,36.7246,41.4785,36.7246,56.2956,41.6753,0.583,-0.0000,-0.0002
NH1,635795995.9,2020-02-24,46.654,286.662,1.963,13.982,0.00803,-0.4299,0.4299,inner_heliosphere,saturn,36.7335,41.4859,36.7335,56.3058,41.6841,1.000,-0.0000,-0.0002
NH1,635882401.9,2020-02-25,46.662,286.663,1.963,13.982,0.00803,-0.4299,0.4299,inner_heliosphere,saturn,36.7425,41.4934,36.7425,56.3159,41.6928,1.000,-0.0000,-0.0002
NH1,635947185.9,2020-02-25,46.668,286.664,1.963,13.982,0.00803,-0.4299,0.4299,inner_heliosphere,saturn,36.7492,41.4990,36.7492,56.3235,41.6994,0.750,-0.0000,-0.0002
NH1,636033582.9,2020-02-26,46.676,286.665,1.963,13.982,0.00803,-0.4299,0.4299,inner_heliosphere,saturn,36.7581,41.5065,36.7581,56.3337,41.7082,1.000,-0.0000,-0.0002
NH1,636177681.9,2020-02-28,46.689,286.667,1.963,13.981,0.00803,-0.4299,0.4299,inner_heliosphere,saturn,36.7731,41.5190,36.7731,56.3507,41.7228,1.668,-0.0000,-0.0002
NH1,636245989.9,2020-02-29,46.695,286.668,1.963,13.981,0.00803,-0.4299,0.4299,inner_heliosphere,saturn,36.7802,41.5250,36.7802,56.3587,41.7297,0.791,-0.0000,-0.0002
NH1,636339616.9,2020-03-01,46.704,286.669,1.963,13.981,0.00803,-0.4299,0.4299,inner_heliosphere,saturn,36.7899,41.5331,36.7899,56.3697,41.7393,1.084,-0.0000,-0.0002
NH1,636512427.9,2020-03-03,46.720,286.671,1.963,13.980,0.00803,-0.4299,0.4299,inner_heliosphere,saturn,36.8079,41.5482,36.8079,56.3901,41.7568,2.000,-0.0000,-0.0002
NH1,636613294.9,2020-03-04,46.730,286.672,1.963,13.980,0.00803,-0.4299,0.4299,inner_heliosphere,saturn,36.8184,41.5571,36.8184,56.4020,41.7671,1.167,-0.0000,-0.0002
NH1,636685237.9,2020-03-05,46.736,286.673,1.963,13.980,0.00803,-0.4298,0.4298,inner_heliosphere,saturn,36.8258,41.5634,36.8258,56.4104,41.7744,0.833,-0.0000,-0.0002
NH1,636786101.9,2020-03-06,46.746,286.674,1.963,13.980,0.00803,-0.4298,0.4298,inner_heliosphere,saturn,36.8363,41.5722,36.8363,56.4223,41.7846,1.167,-0.0000,-0.0002
NH1,636858037.9,2020-03-07,46.752,286.675,1.963,13.979,0.00803,-0.4298,0.4298,inner_heliosphere,saturn,36.8438,41.5786,36.8438,56.4308,41.7919,0.833,-0.0000,-0.0002
NH1,636926412.9,2020-03-08,46.759,286.676,1.963,13.979,0.00802,-0.4298,0.4298,inner_heliosphere,saturn,36.8509,41.5846,36.8509,56.4388,41.7989,0.791,-0.0000,-0.0002
NH1,637027231.9,2020-03-09,46.768,286.678,1.963,13.979,0.00802,-0.4298,0.4298,inner_heliosphere,saturn,36.8614,41.5935,36.8614,56.4507,41.8091,1.167,-0.0000,-0.0001
NH1,637099217.9,2020-03-10,46.775,286.678,1.963,13.979,0.00802,-0.4298,0.4298,inner_heliosphere,saturn,36.8689,41.5999,36.8689,56.4592,41.8164,0.833,-0.0000,-0.0001
NH1,637246818.9,2020-03-12,46.788,286.680,1.963,13.978,0.00802,-0.4298,0.4298,inner_heliosphere,saturn,36.8843,41.6129,36.8843,56.4765,41.8314,1.708,-0.0000,-0.0001
NH1,637390912.9,2020-03-13,46.802,286.682,1.963,13.978,0.00802,-0.4298,0.4298,inner_heliosphere,saturn,36.8993,41.6257,36.8993,56.4935,41.8461,1.668,-0.0000,-0.0001
NH1,637455645.9,2020-03-14,46.808,286.683,1.963,13.978,0.00802,-0.4298,0.4298,inner_heliosphere,saturn,36.9061,41.6315,36.9061,56.5011,41.8527,0.749,-0.0000,-0.0001
NH1,637531236.0,2020-03-15,46.815,286.684,1.963,13.977,0.00802,-0.4298,0.4298,inner_heliosphere,saturn,36.9140,41.6382,36.9140,56.5100,41.8604,0.875,-0.0000,-0.0001
NH1,637632067.0,2020-03-16,46.824,286.685,1.963,13.977,0.00802,-0.4298,0.4298,inner_heliosphere,saturn,36.9245,41.6472,36.9245,56.5219,41.8706,1.167,-0.0000,-0.0001
NH1,637675242.0,2020-03-16,46.828,286.686,1.963,13.977,0.00802,-0.4298,0.4298,inner_heliosphere,saturn,36.9290,41.6511,36.9290,56.5270,41.8750,0.500,-0.0000,-0.0001
NH1,637768842.0,2020-03-18,46.837,286.687,1.963,13.977,0.00802,-0.4298,0.4298,inner_heliosphere,saturn,36.9388,41.6594,36.9388,56.5380,41.8845,1.083,-0.0000,-0.0001
NH1,637844451.0,2020-03-18,46.844,286.688,1.963,13.977,0.00802,-0.4298,0.4298,inner_heliosphere,saturn,36.9467,41.6662,36.9467,56.5469,41.8922,0.875,-0.0000,-0.0001
NH1,637984935.0,2020-03-20,46.857,286.690,1.963,13.976,0.00802,-0.4298,0.4298,inner_heliosphere,saturn,36.9614,41.6788,36.9614,56.5634,41.9065,1.626,-0.0000,-0.0001
NH1,638035274.0,2020-03-21,46.862,286.690,1.963,13.976,0.00802,-0.4298,0.4298,inner_heliosphere,saturn,36.9666,41.6833,36.9666,56.5693,41.9116,0.583,-0.0000,-0.0001
NH1,638208092.0,2020-03-23,46.878,286.692,1.963,13.975,0.00802,-0.4298,0.4298,inner_heliosphere,saturn,36.9847,41.6989,36.9847,56.5897,41.9292,2.000,-0.0000,-0.0001
NH1,638323305.0,2020-03-24,46.888,286.694,1.963,13.975,0.00802,-0.4298,0.4298,inner_heliosphere,saturn,36.9968,41.7093,36.9968,56.6033,41.9409,1.333,-0.0000,-0.0001
NH1,638377278.0,2020-03-25,46.893,286.694,1.963,13.975,0.00802,-0.4298,0.4298,inner_heliosphere,saturn,37.0024,41.7142,37.0024,56.6096,41.9464,0.625,-0.0000,-0.0001
NH1,638452873.0,2020-03-26,46.900,286.695,1.963,13.975,0.00802,-0.4298,0.4298,inner_heliosphere,saturn,37.0104,41.7210,37.0104,56.6185,41.9541,0.875,-0.0000,-0.0000
NH1,638553710.0,2020-03-27,46.910,286.697,1.963,13.974,0.00802,-0.4298,0.4298,inner_heliosphere,saturn,37.0209,41.7302,37.0209,56.6304,41.9644,1.167,-0.0000,-0.0001
NH1,638686975.0,2020-03-28,46.922,286.698,1.964,13.974,0.00802,-0.4298,0.4298,inner_heliosphere,saturn,37.0349,41.7423,37.0349,56.6461,41.9780,1.542,-0.0000,-0.0000
NH1,638755323.0,2020-03-29,46.928,286.699,1.964,13.974,0.00802,-0.4298,0.4298,inner_heliosphere,saturn,37.0421,41.7485,37.0421,56.6541,41.9849,0.791,-0.0000,-0.0000
NH1,638917307.0,2020-03-31,46.944,286.701,1.964,13.973,0.00802,-0.4298,0.4298,inner_heliosphere,saturn,37.0591,41.7633,37.0591,56.6732,42.0014,1.875,-0.0000,-0.0000
NH1,639086513.0,2020-04-02,46.959,286.703,1.964,13.973,0.00802,-0.4298,0.4298,inner_heliosphere,saturn,37.0768,41.7788,37.0768,56.6931,42.0187,1.958,-0.0000,-0.0000
NH1,639205410.0,2020-04-03,46.970,286.705,1.964,13.973,0.00802,-0.4298,0.4298,inner_heliosphere,saturn,37.0893,41.7897,37.0893,56.7071,42.0308,1.376,-0.0000,-0.0000
NH1,639270137.0,2020-04-04,46.976,286.706,1.964,13.972,0.00802,-0.4298,0.4298,inner_heliosphere,saturn,37.0961,41.7956,37.0961,56.7147,42.0374,0.749,0.0000,0.0000
NH1,639432131.0,2020-04-06,46.991,286.708,1.964,13.972,0.00802,-0.4298,0.4298,inner_heliosphere,saturn,37.1132,41.8105,37.1132,56.7338,42.0539,1.875,0.0000,0.0000
NH1,639529392.0,2020-04-07,47.000,286.709,1.964,13.972,0.00802,-0.4298,0.4298,inner_heliosphere,saturn,37.1234,41.8195,37.1234,56.7452,42.0638,1.126,0.0000,0.0000
NH1,639615767.0,2020-04-08,47.008,286.710,1.964,13.971,0.00802,-0.4298,0.4298,inner_heliosphere,saturn,37.1325,41.8275,37.1325,56.7554,42.0726,1.000,0.0000,0.0000
NH1,639709441.0,2020-04-09,47.017,286.711,1.964,13.971,0.00802,-0.4298,0.4298,inner_heliosphere,saturn,37.1424,41.8361,37.1424,56.7664,42.0821,1.084,0.0000,0.0000
NH1,639759770.0,2020-04-10,47.022,286.712,1.964,13.971,0.00802,-0.4298,0.4298,inner_heliosphere,saturn,37.1477,41.8408,37.1477,56.7724,42.0873,0.583,0.0000,0.0000
NH1,639874987.0,2020-04-11,47.032,286.713,1.964,13.971,0.00802,-0.4298,0.4298,inner_heliosphere,saturn,37.1598,41.8515,37.1598,56.7859,42.0990,1.334,0.0000,0.0000
NH1,640069448.0,2020-04-13,47.050,286.715,1.964,13.970,0.00802,-0.4298,0.4298,inner_heliosphere,saturn,37.1803,41.8696,37.1803,56.8088,42.1188,2.251,0.0000,0.0001
NH1,640130598.0,2020-04-14,47.056,286.716,1.964,13.970,0.00802,-0.4298,0.4298,inner_heliosphere,saturn,37.1867,41.8753,37.1867,56.8160,42.1251,0.708,0.0000,0.0001
NH1,640209772.0,2020-04-15,47.064,286.717,1.964,13.970,0.00802,-0.4298,0.4298,inner_heliosphere,saturn,37.1951,41.8827,37.1951,56.8253,42.1331,0.916,0.0000,0.0001
NH1,640357397.0,2020-04-17,47.077,286.719,1.964,13.969,0.00802,-0.4298,0.4298,inner_heliosphere,saturn,37.2107,41.8965,37.2107,56.8427,42.1482,1.709,0.0000,0.0001
NH1,640476218.0,2020-04-18,47.088,286.721,1.964,13.969,0.00802,-0.4298,0.4298,inner_heliosphere,saturn,37.2232,41.9076,37.2232,56.8567,42.1603,1.375,0.0000,0.0001
NH1,640558997.0,2020-04-19,47.096,286.722,1.964,13.969,0.00802,-0.4298,0.4298,inner_heliosphere,saturn,37.2320,41.9154,37.2320,56.8664,42.1688,0.958,0.0000,0.0001
NH1,640656288.0,2020-04-20,47.105,286.723,1.964,13.968,0.00802,-0.4298,0.4298,inner_heliosphere,saturn,37.2423,41.9245,37.2423,56.8779,42.1787,1.126,0.0000,0.0001
NH1,640706669.0,2020-04-21,47.110,286.723,1.964,13.968,0.00802,-0.4298,0.4298,inner_heliosphere,saturn,37.2476,41.9293,37.2476,56.8838,42.1838,0.583,0.0000,0.0001
NH1,640994688.0,2020-04-24,47.136,286.727,1.964,13.967,0.00802,-0.4298,0.4298,inner_heliosphere,saturn,37.2781,41.9565,37.2781,56.9177,42.2132,3.334,0.0000,0.0001
NH1,641394279.0,2020-04-29,47.173,286.732,1.964,13.966,0.00802,-0.4297,0.4297,inner_heliosphere,saturn,37.3204,41.9944,37.3204,56.9648,42.2540,4.625,0.0001,0.0001
NH1,641610335.0,2020-05-01,47.194,286.735,1.964,13.966,0.00802,-0.4297,0.4297,inner_heliosphere,saturn,37.3433,42.0150,37.3433,56.9902,42.2761,2.501,0.0000,0.0001
NH1,641873149.0,2020-05-04,47.218,286.738,1.964,13.965,0.00802,-0.4297,0.4297,inner_heliosphere,saturn,37.3712,42.0402,37.3712,57.0212,42.3029,3.042,0.0000,0.0002
NH1,642200752.0,2020-05-08,47.248,286.742,1.964,13.964,0.00802,-0.4297,0.4297,inner_heliosphere,saturn,37.4060,42.0718,37.4060,57.0597,42.3364,3.792,0.0001,0.0002
NH1,642517555.0,2020-05-12,47.278,286.746,1.964,13.963,0.00802,-0.4297,0.4297,inner_heliosphere,saturn,37.4398,42.1025,37.4398,57.0970,42.3688,3.667,0.0001,0.0002
NH1,642812761.0,2020-05-15,47.305,286.749,1.964,13.962,0.00802,-0.4297,0.4297,inner_heliosphere,saturn,37.4712,42.1312,37.4712,57.1318,42.3989,3.417,0.0001,0.0002
NH1,643147584.0,2020-05-19,47.336,286.753,1.965,13.961,0.00802,-0.4297,0.4297,inner_heliosphere,saturn,37.5069,42.1640,37.5069,57.1712,42.4332,3.875,0.0001,0.0002
NH1,643440102.0,2020-05-22,47.363,286.757,1.965,13.960,0.00802,-0.4297,0.4297,inner_heliosphere,saturn,37.5382,42.1927,37.5382,57.2056,42.4631,3.386,0.0001,0.0002
NH1,643464348.0,2020-05-23,47.366,286.757,1.965,13.960,0.00802,-0.4297,0.4297,inner_heliosphere,saturn,37.5408,42.1951,37.5408,57.2085,42.4656,0.281,0.0000,0.0002
NH1,643784802.0,2020-05-26,47.395,286.761,1.965,13.959,0.00801,-0.4297,0.4297,inner_heliosphere,saturn,37.5751,42.2268,37.5751,57.2462,42.4984,3.709,0.0001,0.0003
NH1,643806356.0,2020-05-26,47.397,286.762,1.965,13.959,0.00801,-0.4297,0.4297,inner_heliosphere,saturn,37.5774,42.2289,37.5774,57.2488,42.5006,0.249,0.0000,0.0003
NH1,644044003.0,2020-05-29,47.419,286.764,1.965,13.959,0.00801,-0.4297,0.4297,inner_heliosphere,saturn,37.6028,42.2525,37.6028,57.2767,42.5249,2.751,0.0001,0.0003
NH1,644105208.0,2020-05-30,47.425,286.765,1.965,13.958,0.00801,-0.4297,0.4297,inner_heliosphere,saturn,37.6094,42.2586,37.6094,57.2840,42.5312,0.708,0.0000,0.0003
NH1,644303217.0,2020-06-01,47.443,286.768,1.965,13.958,0.00801,-0.4297,0.4297,inner_heliosphere,saturn,37.6306,42.2784,37.6306,57.3073,42.5514,2.292,0.0001,0.0003
NH1,644324798.0,2020-06-01,47.445,286.768,1.965,13.958,0.00801,-0.4297,0.4297,inner_heliosphere,saturn,37.6329,42.2805,37.6329,57.3098,42.5537,0.250,0.0000,0.0003
NH1,644612798.0,2020-06-05,47.472,286.771,1.965,13.957,0.00801,-0.4297,0.4297,inner_heliosphere,saturn,37.6639,42.3094,37.6639,57.3437,42.5832,3.333,0.0001,0.0003
NH1,644958400.0,2020-06-09,47.504,286.776,1.965,13.956,0.00801,-0.4297,0.4297,inner_heliosphere,saturn,37.7010,42.3442,37.7010,57.3844,42.6186,4.000,0.0001,0.0003
NH1,645030348.0,2020-06-10,47.511,286.776,1.965,13.956,0.00801,-0.4297,0.4297,inner_heliosphere,saturn,37.7087,42.3515,37.7087,57.3929,42.6259,0.833,0.0000,0.0003
NH1,645253588.0,2020-06-12,47.531,286.779,1.965,13.955,0.00801,-0.4297,0.4297,inner_heliosphere,saturn,37.7328,42.3741,37.7328,57.4192,42.6488,2.584,0.0001,0.0003
NH1,645275188.0,2020-06-12,47.533,286.779,1.965,13.955,0.00801,-0.4297,0.4297,inner_heliosphere,saturn,37.7351,42.3763,37.7351,57.4217,42.6510,0.250,0.0000,0.0004
NH1,645559592.0,2020-06-16,47.560,286.783,1.965,13.954,0.00801,-0.4297,0.4297,inner_heliosphere,saturn,37.7657,42.4052,37.7657,57.4552,42.6802,3.292,0.0001,0.0003
NH1,645685581.0,2020-06-17,47.572,286.784,1.965,13.954,0.00801,-0.4297,0.4297,inner_heliosphere,saturn,37.7793,42.4181,37.7793,57.4700,42.6931,1.458,0.0000,0.0003
NH1,645692740.0,2020-06-17,47.572,286.785,1.965,13.954,0.00801,-0.4297,0.4297,inner_heliosphere,saturn,37.7801,42.4188,37.7801,57.4709,42.6938,0.083,0.0000,0.0003
NH1,645858377.0,2020-06-19,47.588,286.787,1.965,13.953,0.00801,-0.4297,0.4297,inner_heliosphere,saturn,37.7979,42.4358,37.7979,57.4904,42.7108,1.917,0.0001,0.0003
NH1,645876396.0,2020-06-19,47.589,286.787,1.965,13.953,0.00801,-0.4297,0.4297,inner_heliosphere,saturn,37.7999,42.4376,37.7999,57.4925,42.7127,0.209,0.0000,0.0003
NH1,646203982.0,2020-06-23,47.620,286.791,1.965,13.952,0.00801,-0.4296,0.4296,inner_heliosphere,saturn,37.8353,42.4713,37.8353,57.5311,42.7463,3.792,0.0001,0.0003
NH1,646221986.0,2020-06-23,47.621,286.791,1.965,13.952,0.00801,-0.4296,0.4296,inner_heliosphere,saturn,37.8372,42.4731,37.8372,57.5332,42.7481,0.208,0.0000,0.0003
NH1,646423582.1,2020-06-26,47.640,286.793,1.965,13.952,0.00801,-0.4296,0.4296,inner_heliosphere,saturn,37.8590,42.4939,37.8590,57.5569,42.7688,2.333,0.0001,0.0003
NH1,646589131.1,2020-06-28,47.655,286.795,1.965,13.951,0.00801,-0.4296,0.4296,inner_heliosphere,saturn,37.8769,42.5110,37.8769,57.5764,42.7858,1.916,0.0001,0.0003
NH1,646808741.1,2020-06-30,47.676,286.798,1.965,13.951,0.00801,-0.4296,0.4296,inner_heliosphere,saturn,37.9007,42.5338,37.9007,57.6023,42.8083,2.542,0.0001,0.0003
NH1,646826764.1,2020-06-30,47.677,286.798,1.965,13.951,0.00801,-0.4296,0.4296,inner_heliosphere,saturn,37.9027,42.5357,37.9027,57.6044,42.8102,0.209,0.0000,0.0003
NH1,646981534.1,2020-07-02,47.692,286.800,1.965,13.950,0.00801,-0.4296,0.4296,inner_heliosphere,saturn,37.9194,42.5518,37.9194,57.6226,42.8261,1.791,0.0001,0.0003
NH1,647031969.1,2020-07-03,47.696,286.801,1.965,13.950,0.00801,-0.4296,0.4296,inner_heliosphere,saturn,37.9249,42.5571,37.9249,57.6285,42.8312,0.584,0.0000,0.0003
NH1,647154327.1,2020-07-04,47.708,286.802,1.965,13.950,0.00801,-0.4296,0.4296,inner_heliosphere,saturn,37.9382,42.5699,37.9382,57.6429,42.8438,1.416,0.0000,0.0003
NH1,647183104.1,2020-07-05,47.710,286.803,1.965,13.950,0.00801,-0.4296,0.4296,inner_heliosphere,saturn,37.9413,42.5729,37.9413,57.6463,42.8468,0.333,0.0000,0.0003
NH1,647370349.1,2020-07-07,47.728,286.805,1.966,13.949,0.00801,-0.4296,0.4296,inner_heliosphere,saturn,37.9616,42.5925,37.9616,57.6684,42.8660,2.167,0.0001,0.0003
NH1,647672703.1,2020-07-10,47.756,286.808,1.966,13.948,0.00801,-0.4296,0.4296,inner_heliosphere,saturn,37.9944,42.6243,37.9944,57.7040,42.8970,3.499,0.0001,0.0003
NH1,647701477.1,2020-07-11,47.758,286.809,1.966,13.948,0.00801,-0.4296,0.4296,inner_heliosphere,saturn,37.9976,42.6273,37.9976,57.7074,42.9000,0.333,0.0000,0.0003
NH1,647874275.1,2020-07-13,47.774,286.811,1.966,13.948,0.00801,-0.4296,0.4296,inner_heliosphere,saturn,38.0164,42.6455,38.0164,57.7277,42.9177,2.000,0.0001,0.0003
NH1,647971522.1,2020-07-14,47.783,286.812,1.966,13.947,0.00801,-0.4296,0.4296,inner_heliosphere,saturn,38.0269,42.6558,38.0269,57.7392,42.9277,1.126,0.0000,0.0003
NH1,648277468.1,2020-07-17,47.812,286.816,1.966,13.946,0.00801,-0.4296,0.4296,inner_heliosphere,saturn,38.0602,42.6883,38.0602,57.7752,42.9592,3.541,0.0001,0.0003
NH1,648288289.1,2020-07-17,47.813,286.816,1.966,13.946,0.00801,-0.4296,0.4296,inner_heliosphere,saturn,38.0614,42.6894,38.0614,57.7765,42.9603,0.125,0.0000,0.0003
NH1,648533020.1,2020-07-20,47.836,286.819,1.966,13.946,0.00801,-0.4296,0.4296,inner_heliosphere,saturn,38.0881,42.7155,38.0881,57.8053,42.9855,2.833,0.0001,0.0003
NH1,648623013.1,2020-07-21,47.844,286.820,1.966,13.945,0.00801,-0.4296,0.4296,inner_heliosphere,saturn,38.0979,42.7251,38.0979,57.8159,42.9947,1.042,0.0000,0.0003
NH1,648709409.1,2020-07-22,47.852,286.821,1.966,13.945,0.00801,-0.4296,0.4296,inner_heliosphere,saturn,38.1073,42.7343,38.1073,57.8260,43.0036,1.000,0.0000,0.0003
NH1,648720288.1,2020-07-22,47.853,286.821,1.966,13.945,0.00801,-0.4296,0.4296,inner_heliosphere,saturn,38.1085,42.7355,38.1085,57.8273,43.0047,0.126,0.0000,0.0003
NH1,648882199.1,2020-07-24,47.868,286.823,1.966,13.945,0.00801,-0.4296,0.4296,inner_heliosphere,saturn,38.1262,42.7528,38.1262,57.8464,43.0214,1.874,0.0000,0.0003
NH1,649141375.1,2020-07-27,47.892,286.826,1.966,13.944,0.00801,-0.4296,0.4296,inner_heliosphere,saturn,38.1545,42.7807,38.1545,57.8769,43.0480,2.958,0.0001,0.0003
NH1,649206235.1,2020-07-28,47.898,286.827,1.966,13.944,0.00801,-0.4296,0.4296,inner_heliosphere,saturn,38.1616,42.7877,38.1616,57.8845,43.0547,0.751,0.0000,0.0003
NH1,649263778.1,2020-07-29,47.903,286.828,1.966,13.944,0.00801,-0.4296,0.4296,inner_heliosphere,saturn,38.1679,42.7939,38.1679,57.8913,43.0606,0.666,0.0000,0.0003
NH1,649400557.1,2020-07-30,47.916,286.829,1.966,13.943,0.00801,-0.4296,0.4296,inner_heliosphere,saturn,38.1829,42.8087,38.1829,57.9074,43.0747,1.583,0.0000,0.0003
NH1,649486948.1,2020-07-31,47.924,286.830,1.966,13.943,0.00801,-0.4296,0.4296,inner_heliosphere,saturn,38.1923,42.8180,38.1923,57.9176,43.0836,1.000,0.0000,0.0003
NH1,649522958.1,2020-08-01,47.927,286.831,1.966,13.943,0.00801,-0.4296,0.4296,inner_heliosphere,saturn,38.1962,42.8219,38.1962,57.9218,43.0873,0.417,0.0000,0.0003
NH1,649656135.1,2020-08-02,47.940,286.832,1.966,13.942,0.00801,-0.4296,0.4296,inner_heliosphere,saturn,38.2108,42.8364,38.2108,57.9375,43.1010,1.541,0.0000,0.0003
NH1,649782124.1,2020-08-04,47.951,286.834,1.966,13.942,0.00801,-0.4296,0.4296,inner_heliosphere,saturn,38.2246,42.8500,38.2246,57.9523,43.1140,1.458,0.0000,0.0003
NH1,649918915.1,2020-08-05,47.964,286.835,1.966,13.942,0.00801,-0.4296,0.4296,inner_heliosphere,saturn,38.2396,42.8649,38.2396,57.9684,43.1280,1.583,0.0000,0.0003
NH1,649926107.1,2020-08-05,47.965,286.836,1.966,13.942,0.00801,-0.4296,0.4296,inner_heliosphere,saturn,38.2404,42.8657,38.2404,57.9693,43.1288,0.083,0.0000,0.0003
NH1,650091697.1,2020-08-07,47.980,286.837,1.966,13.941,0.00801,-0.4296,0.4296,inner_heliosphere,saturn,38.2586,42.8838,38.2586,57.9888,43.1458,1.917,0.0000,0.0003
NH1,650149366.1,2020-08-08,47.985,286.838,1.966,13.941,0.00801,-0.4296,0.4296,inner_heliosphere,saturn,38.2649,42.8901,38.2649,57.9956,43.1518,0.667,0.0000,0.0003
NH1,650203263.1,2020-08-08,47.990,286.839,1.966,13.941,0.00801,-0.4296,0.4296,inner_heliosphere,saturn,38.2708,42.8960,38.2708,58.0019,43.1573,0.624,0.0000,0.0003
NH1,650350875.1,2020-08-10,48.004,286.841,1.966,13.941,0.00800,-0.4296,0.4296,inner_heliosphere,saturn,38.2870,42.9121,38.2870,58.0193,43.1725,1.708,0.0000,0.0003
NH1,650437262.1,2020-08-11,48.012,286.842,1.966,13.940,0.00800,-0.4296,0.4296,inner_heliosphere,saturn,38.2965,42.9216,38.2965,58.0295,43.1814,1.000,0.0000,0.0003
NH1,650520055.1,2020-08-12,48.020,286.843,1.966,13.940,0.00800,-0.4296,0.4296,inner_heliosphere,saturn,38.3056,42.9307,38.3056,58.0392,43.1899,0.958,0.0000,0.0003
NH1,650602843.1,2020-08-13,48.027,286.844,1.966,13.940,0.00800,-0.4296,0.4296,inner_heliosphere,saturn,38.3147,42.9398,38.3147,58.0490,43.1985,0.958,0.0000,0.0003
NH1,650642439.1,2020-08-14,48.031,286.844,1.966,13.940,0.00800,-0.4296,0.4296,inner_heliosphere,saturn,38.3190,42.9442,38.3190,58.0536,43.2026,0.458,0.0000,0.0003
NH1,650782877.1,2020-08-15,48.044,286.846,1.966,13.939,0.00800,-0.4296,0.4296,inner_heliosphere,saturn,38.3345,42.9596,38.3345,58.0702,43.2170,1.625,0.0000,0.0002
NH1,650869219.1,2020-08-16,48.052,286.847,1.966,13.939,0.00800,-0.4296,0.4296,inner_heliosphere,saturn,38.3440,42.9692,38.3440,58.0803,43.2259,0.999,0.0000,0.0002
NH1,651016869.1,2020-08-18,48.066,286.848,1.966,13.939,0.00800,-0.4296,0.4296,inner_heliosphere,saturn,38.3602,42.9855,38.3602,58.0977,43.2411,1.709,0.0000,0.0002
NH1,651074406.1,2020-08-19,48.071,286.849,1.966,13.938,0.00800,-0.4296,0.4296,inner_heliosphere,saturn,38.3666,42.9919,38.3666,58.1045,43.2471,0.666,0.0000,0.0002
NH1,651214791.1,2020-08-20,48.084,286.851,1.966,13.938,0.00800,-0.4296,0.4296,inner_heliosphere,saturn,38.3820,43.0074,38.3820,58.1210,43.2615,1.625,0.0000,0.0002
NH1,651301175.1,2020-08-21,48.092,286.852,1.966,13.938,0.00800,-0.4296,0.4296,inner_heliosphere,saturn,38.3915,43.0170,38.3915,58.1312,43.2704,1.000,0.0000,0.0002
NH1,651383962.1,2020-08-22,48.100,286.853,1.966,13.938,0.00800,-0.4296,0.4296,inner_heliosphere,saturn,38.4007,43.0262,38.4007,58.1409,43.2790,0.958,0.0000,0.0002
NH1,651484732.1,2020-08-23,48.109,286.854,1.966,13.937,0.00800,-0.4296,0.4296,inner_heliosphere,saturn,38.4118,43.0374,38.4118,58.1528,43.2894,1.166,0.0000,0.0002
NH1,651646737.1,2020-08-25,48.124,286.856,1.966,13.937,0.00800,-0.4296,0.4296,inner_heliosphere,saturn,38.4296,43.0555,38.4296,58.1719,43.3061,1.875,0.0000,0.0002
NH1,651733177.1,2020-08-26,48.132,286.857,1.966,13.937,0.00800,-0.4296,0.4296,inner_heliosphere,saturn,38.4392,43.0652,38.4392,58.1820,43.3150,1.000,0.0000,0.0002
NH1,651815909.1,2020-08-27,48.140,286.858,1.967,13.936,0.00800,-0.4296,0.4296,inner_heliosphere,saturn,38.4483,43.0744,38.4483,58.1918,43.3235,0.958,0.0000,0.0002
NH1,651905922.1,2020-08-28,48.148,286.859,1.967,13.936,0.00800,-0.4296,0.4296,inner_heliosphere,saturn,38.4583,43.0845,38.4583,58.2024,43.3328,1.042,0.0000,0.0002
NH1,651988690.1,2020-08-29,48.156,286.860,1.967,13.936,0.00800,-0.4296,0.4296,inner_heliosphere,saturn,38.4674,43.0938,38.4674,58.2121,43.3413,0.958,0.0000,0.0002
NH1,652078699.1,2020-08-30,48.164,286.861,1.967,13.936,0.00800,-0.4296,0.4296,inner_heliosphere,saturn,38.4773,43.1039,38.4773,58.2227,43.3506,1.042,0.0000,0.0002
NH1,652107484.1,2020-08-31,48.167,286.861,1.967,13.936,0.00800,-0.4296,0.4296,inner_heliosphere,saturn,38.4805,43.1071,38.4805,58.2261,43.3536,0.333,0.0000,0.0002
NH1,652251463.1,2020-09-01,48.180,286.863,1.967,13.935,0.00800,-0.4296,0.4296,inner_heliosphere,saturn,38.4964,43.1233,38.4964,58.2431,43.3684,1.666,0.0000,0.0002
NH1,652280264.1,2020-09-02,48.183,286.863,1.967,13.935,0.00800,-0.4296,0.4296,inner_heliosphere,saturn,38.4996,43.1266,38.4996,58.2465,43.3714,0.333,0.0000,0.0002
NH1,652406240.1,2020-09-03,48.194,286.865,1.967,13.935,0.00800,-0.4296,0.4296,inner_heliosphere,saturn,38.5136,43.1408,38.5136,58.2613,43.3844,1.458,0.0000,0.0002
NH1,652453095.1,2020-09-04,48.199,286.866,1.967,13.935,0.00800,-0.4296,0.4296,inner_heliosphere,saturn,38.5187,43.1461,38.5187,58.2668,43.3892,0.542,0.0000,0.0002
NH1,652597082.1,2020-09-05,48.212,286.867,1.967,13.934,0.00800,-0.4296,0.4296,inner_heliosphere,saturn,38.5347,43.1624,38.5347,58.2838,43.4041,1.667,0.0000,0.0002
NH1,652684627.1,2020-09-06,48.220,286.868,1.967,13.934,0.00800,-0.4296,0.4296,inner_heliosphere,saturn,38.5444,43.1723,38.5444,58.2941,43.4131,1.013,0.0000,0.0002
NH1,652769812.1,2020-09-07,48.228,286.869,1.967,13.934,0.00800,-0.4295,0.4295,inner_heliosphere,saturn,38.5538,43.1820,38.5538,58.3041,43.4219,0.986,0.0000,0.0002
NH1,652856198.1,2020-09-08,48.236,286.870,1.967,13.934,0.00800,-0.4295,0.4295,inner_heliosphere,saturn,38.5634,43.1918,38.5634,58.3143,43.4309,1.000,0.0000,0.0001
NH1,652942596.1,2020-09-09,48.244,286.871,1.967,13.933,0.00800,-0.4295,0.4295,inner_heliosphere,saturn,38.5730,43.2016,38.5730,58.3244,43.4398,1.000,0.0000,0.0001
NH1,652967759.1,2020-09-09,48.246,286.872,1.967,13.933,0.00800,-0.4295,0.4295,inner_heliosphere,saturn,38.5758,43.2044,38.5758,58.3274,43.4424,0.291,0.0000,0.0001
NH1,653111766.1,2020-09-11,48.260,286.873,1.967,13.933,0.00800,-0.4295,0.4295,inner_heliosphere,saturn,38.5917,43.2208,38.5917,58.3444,43.4572,1.667,0.0000,0.0001
NH1,653201757.1,2020-09-12,48.268,286.874,1.967,13.933,0.00800,-0.4295,0.4295,inner_heliosphere,saturn,38.6017,43.2311,38.6017,58.3550,43.4665,1.042,0.0000,0.0001
NH1,653288149.1,2020-09-13,48.276,286.875,1.967,13.932,0.00800,-0.4295,0.4295,inner_heliosphere,saturn,38.6113,43.2410,38.6113,58.3651,43.4755,1.000,0.0000,0.0001
NH1,653313308.1,2020-09-13,48.278,286.876,1.967,13.932,0.00800,-0.4295,0.4295,inner_heliosphere,saturn,38.6141,43.2439,38.6141,58.3681,43.4781,0.291,0.0000,0.0001
NH1,653399717.1,2020-09-14,48.286,286.877,1.967,13.932,0.00800,-0.4295,0.4295,inner_heliosphere,saturn,38.6237,43.2537,38.6237,58.3783,43.4870,1.000,0.0000,0.0001
NH1,653572491.1,2020-09-16,48.302,286.879,1.967,13.932,0.00800,-0.4295,0.4295,inner_heliosphere,saturn,38.6429,43.2735,38.6429,58.3986,43.5048,2.000,0.0000,0.0001
NH1,653716476.1,2020-09-18,48.316,286.880,1.967,13.931,0.00800,-0.4295,0.4295,inner_heliosphere,saturn,38.6589,43.2901,38.6589,58.4156,43.5197,1.666,0.0000,0.0001
NH1,653802859.1,2020-09-19,48.324,286.881,1.967,13.931,0.00800,-0.4295,0.4295,inner_heliosphere,saturn,38.6685,43.3000,38.6685,58.4257,43.5286,1.000,0.0000,0.0001
NH1,653979240.1,2020-09-21,48.340,286.884,1.967,13.930,0.00800,-0.4295,0.4295,inner_heliosphere,saturn,38.6881,43.3203,38.6881,58.4465,43.5468,2.041,0.0000,0.0001
NH1,654062035.1,2020-09-22,48.348,286.884,1.967,13.930,0.00800,-0.4295,0.4295,inner_heliosphere,saturn,38.6973,43.3299,38.6973,58.4562,43.5554,0.958,0.0000,0.0001
NH1,654321202.1,2020-09-25,48.372,286.888,1.967,13.929,0.00800,-0.4295,0.4295,inner_heliosphere,saturn,38.7262,43.3599,38.7262,58.4867,43.5822,3.000,0.0000,0.0001
NH1,654403974.1,2020-09-26,48.379,286.889,1.967,13.929,0.00800,-0.4295,0.4295,inner_heliosphere,saturn,38.7354,43.3695,38.7354,58.4965,43.5907,0.958,0.0000,0.0001
NH1,654493979.1,2020-09-27,48.388,286.890,1.967,13.929,0.00800,-0.4295,0.4295,inner_heliosphere,saturn,38.7455,43.3799,38.7455,58.5071,43.6001,1.042,0.0000,0.0000
NH1,654519152.1,2020-09-27,48.390,286.890,1.967,13.929,0.00800,-0.4295,0.4295,inner_heliosphere,saturn,38.7483,43.3829,38.7483,58.5101,43.6027,0.291,0.0000,0.0000
NH1,654670329.1,2020-09-29,48.404,286.892,1.967,13.929,0.00800,-0.4295,0.4295,inner_heliosphere,saturn,38.7651,43.4004,38.7651,58.5278,43.6183,1.750,0.0000,0.0000
NH1,654684699.1,2020-09-29,48.405,286.892,1.967,13.928,0.00800,-0.4295,0.4295,inner_heliosphere,saturn,38.7667,43.4021,38.7667,58.5295,43.6198,0.166,0.0000,0.0000
NH1,654844593.1,2020-10-01,48.420,286.894,1.967,13.928,0.00800,-0.4295,0.4295,inner_heliosphere,saturn,38.7846,43.4208,38.7846,58.5484,43.6363,1.851,0.0000,0.0000
NH1,654930384.1,2020-10-02,48.428,286.895,1.967,13.928,0.00800,-0.4295,0.4295,inner_heliosphere,saturn,38.7942,43.4308,38.7942,58.5585,43.6452,0.993,0.0000,0.0000
NH1,655015877.1,2020-10-03,48.436,286.896,1.967,13.928,0.00800,-0.4295,0.4295,inner_heliosphere,saturn,38.8037,43.4408,38.8037,58.5685,43.6540,0.990,0.0000,0.0000
NH1,655102881.2,2020-10-04,48.444,286.897,1.967,13.927,0.00800,-0.4295,0.4295,inner_heliosphere,saturn,38.8134,43.4510,38.8134,58.5788,43.6630,1.007,0.0000,0.0000
NH1,655188853.2,2020-10-05,48.452,286.898,1.967,13.927,0.00800,-0.4295,0.4295,inner_heliosphere,saturn,38.8231,43.4610,38.8231,58.5889,43.6719,0.995,0.0000,0.0000
NH1,655267860.2,2020-10-06,48.459,286.899,1.967,13.927,0.00800,-0.4295,0.4295,inner_heliosphere,saturn,38.8319,43.4703,38.8319,58.5982,43.6801,0.914,-0.0000,-0.0000
NH1,655361429.2,2020-10-07,48.468,286.900,1.967,13.927,0.00800,-0.4295,0.4295,inner_heliosphere,saturn,38.8424,43.4813,38.8424,58.6092,43.6898,1.083,-0.0000,-0.0000
NH1,655449391.2,2020-10-08,48.476,286.901,1.967,13.926,0.00800,-0.4295,0.4295,inner_heliosphere,saturn,38.8522,43.4917,38.8522,58.6196,43.6989,1.018,-0.0000,-0.0000
NH1,655527027.2,2020-10-09,48.483,286.902,1.967,13.926,0.00800,-0.4295,0.4295,inner_heliosphere,saturn,38.8609,43.5008,38.8609,58.6287,43.7069,0.899,-0.0000,-0.0000
NH1,655620585.2,2020-10-10,48.492,286.903,1.967,13.926,0.00800,-0.4295,0.4295,inner_heliosphere,saturn,38.8714,43.5118,38.8714,58.6397,43.7166,1.083,-0.0000,-0.0000
NH1,655699793.2,2020-10-11,48.499,286.904,1.967,13.926,0.00800,-0.4295,0.4295,inner_heliosphere,saturn,38.8802,43.5212,38.8802,58.6490,43.7248,0.917,-0.0000,-0.0000
NH1,655786182.2,2020-10-12,48.507,286.905,1.967,13.925,0.00800,-0.4295,0.4295,inner_heliosphere,saturn,38.8899,43.5314,38.8899,58.6592,43.7337,1.000,-0.0000,-0.0000
NH1,655872572.2,2020-10-13,48.515,286.906,1.967,13.925,0.00800,-0.4295,0.4295,inner_heliosphere,saturn,38.8996,43.5416,38.8996,58.6694,43.7427,1.000,-0.0000,-0.0000
NH1,655967655.2,2020-10-14,48.524,286.907,1.967,13.925,0.00800,-0.4295,0.4295,inner_heliosphere,saturn,38.9102,43.5529,38.9102,58.6806,43.7525,1.100,-0.0000,-0.0001
NH1,655976912.2,2020-10-14,48.525,286.907,1.967,13.925,0.00800,-0.4295,0.4295,inner_heliosphere,saturn,38.9113,43.5540,38.9113,58.6817,43.7535,0.107,-0.0000,-0.0001
NH1,656214509.2,2020-10-17,48.547,286.910,1.967,13.924,0.00800,-0.4295,0.4295,inner_heliosphere,saturn,38.9379,43.5822,38.9379,58.7096,43.7781,2.750,-0.0000,-0.0001
NH1,656301825.2,2020-10-18,48.555,286.911,1.967,13.924,0.00800,-0.4295,0.4295,inner_heliosphere,saturn,38.9477,43.5925,38.9477,58.7199,43.7871,1.011,-0.0000,-0.0001
NH1,656395373.2,2020-10-19,48.564,286.912,1.968,13.924,0.00800,-0.4295,0.4295,inner_heliosphere,saturn,38.9582,43.6037,38.9582,58.7309,43.7968,1.083,-0.0000,-0.0001
NH1,656470137.2,2020-10-20,48.571,286.913,1.968,13.924,0.00800,-0.4295,0.4295,inner_heliosphere,saturn,38.9666,43.6126,38.9666,58.7397,43.8045,0.865,-0.0000,-0.0001
NH1,656560133.2,2020-10-21,48.579,286.914,1.968,13.923,0.00800,-0.4295,0.4295,inner_heliosphere,saturn,38.9767,43.6233,38.9767,58.7503,43.8139,1.042,-0.0000,-0.0001
NH1,656657317.2,2020-10-22,48.588,286.915,1.968,13.923,0.00800,-0.4295,0.4295,inner_heliosphere,saturn,38.9877,43.6350,38.9877,58.7618,43.8239,1.125,-0.0000,-0.0001
NH1,656743704.2,2020-10-23,48.596,286.916,1.968,13.923,0.00800,-0.4295,0.4295,inner_heliosphere,saturn,38.9974,43.6453,38.9974,58.7719,43.8329,1.000,-0.0000,-0.0001
NH1,656815696.2,2020-10-24,48.603,286.917,1.968,13.923,0.00800,-0.4295,0.4295,inner_heliosphere,saturn,39.0055,43.6539,39.0055,58.7804,43.8403,0.833,-0.0000,-0.0001
NH1,656916399.2,2020-10-25,48.612,286.918,1.968,13.922,0.00800,-0.4295,0.4295,inner_heliosphere,saturn,39.0168,43.6660,39.0168,58.7923,43.8508,1.166,-0.0000,-0.0001
NH1,657002787.2,2020-10-26,48.620,286.919,1.968,13.922,0.00800,-0.4295,0.4295,inner_heliosphere,saturn,39.0265,43.6764,39.0265,58.8024,43.8597,1.000,-0.0000,-0.0001
NH1,657089176.2,2020-10-27,48.628,286.920,1.968,13.922,0.00800,-0.4295,0.4295,inner_heliosphere,saturn,39.0362,43.6867,39.0362,58.8126,43.8687,1.000,-0.0000,-0.0001
NH1,657103588.2,2020-10-27,48.629,286.920,1.968,13.922,0.00800,-0.4295,0.4295,inner_heliosphere,saturn,39.0379,43.6885,39.0379,58.8143,43.8702,0.167,-0.0000,-0.0001
NH1,657348339.2,2020-10-30,48.652,286.923,1.968,13.921,0.00800,-0.4295,0.4295,inner_heliosphere,saturn,39.0654,43.7180,39.0654,58.8431,43.8955,2.833,-0.0000,-0.0001
NH1,657434724.2,2020-10-31,48.660,286.924,1.968,13.921,0.00799,-0.4295,0.4295,inner_heliosphere,saturn,39.0752,43.7284,39.0752,58.8533,43.9045,1.000,-0.0000,-0.0001
NH1,657522559.2,2020-11-01,48.668,286.925,1.968,13.921,0.00799,-0.4295,0.4295,inner_heliosphere,saturn,39.0851,43.7390,39.0851,58.8636,43.9136,1.017,-0.0000,-0.0002
NH1,657593128.2,2020-11-02,48.675,286.926,1.968,13.921,0.00799,-0.4295,0.4295,inner_heliosphere,saturn,39.0930,43.7475,39.0930,58.8719,43.9209,0.817,-0.0000,-0.0002
NH1,657794691.2,2020-11-04,48.693,286.928,1.968,13.920,0.00799,-0.4295,0.4295,inner_heliosphere,saturn,39.1158,43.7720,39.1158,58.8957,43.9418,2.333,-0.0000,-0.0002
NH1,657953054.2,2020-11-06,48.708,286.930,1.968,13.920,0.00799,-0.4295,0.4295,inner_heliosphere,saturn,39.1336,43.7912,39.1336,58.9143,43.9582,1.833,-0.0000,-0.0002
NH1,657960242.2,2020-11-06,48.709,286.930,1.968,13.920,0.00799,-0.4295,0.4295,inner_heliosphere,saturn,39.1345,43.7921,39.1345,58.9152,43.9590,0.083,-0.0000,-0.0000
NH1,658212221.2,2020-11-09,48.732,286.933,1.968,13.919,0.00799,-0.4295,0.4295,inner_heliosphere,saturn,39.1629,43.8228,39.1629,58.9448,43.9851,2.916,-0.0000,-0.0002
NH1,658284238.2,2020-11-10,48.738,286.934,1.968,13.919,0.00799,-0.4295,0.4295,inner_heliosphere,saturn,39.1711,43.8316,39.1711,58.9533,43.9926,0.834,-0.0000,-0.0002
NH1,658313024.2,2020-11-10,48.741,286.934,1.968,13.919,0.00799,-0.4295,0.4295,inner_heliosphere,saturn,39.1743,43.8351,39.1743,58.9567,43.9956,0.333,-0.0000,-0.0002
NH1,658543402.2,2020-11-13,48.762,286.937,1.968,13.918,0.00799,-0.4295,0.4295,inner_heliosphere,saturn,39.2004,43.8632,39.2004,58.9838,44.0195,2.666,-0.0000,-0.0002
NH1,658644168.2,2020-11-14,48.772,286.938,1.968,13.918,0.00799,-0.4295,0.4295,inner_heliosphere,saturn,39.2118,43.8756,39.2118,58.9957,44.0299,1.166,-0.0000,-0.0002
NH1,658730559.2,2020-11-15,48.780,286.939,1.968,13.918,0.00799,-0.4295,0.4295,inner_heliosphere,saturn,39.2216,43.8862,39.2216,59.0058,44.0389,1.000,-0.0000,-0.0002
NH1,658809750.2,2020-11-16,48.787,286.940,1.968,13.917,0.00799,-0.4295,0.4295,inner_heliosphere,saturn,39.2305,43.8959,39.2305,59.0152,44.0471,0.917,-0.0000,-0.0002
NH1,658903335.2,2020-11-17,48.796,286.941,1.968,13.917,0.00799,-0.4295,0.4295,inner_heliosphere,saturn,39.2411,43.9074,39.2411,59.0262,44.0568,1.083,-0.0000,-0.0002
NH1,658914139.2,2020-11-17,48.797,286.941,1.968,13.917,0.00799,-0.4295,0.4295,inner_heliosphere,saturn,39.2424,43.9088,39.2424,59.0275,44.0579,0.125,-0.0000,-0.0002
NH1,659162501.2,2020-11-20,48.820,286.944,1.968,13.916,0.00799,-0.4295,0.4295,inner_heliosphere,saturn,39.2705,43.9394,39.2705,59.0567,44.0837,2.875,-0.0001,-0.0002
NH1,659248894.2,2020-11-21,48.828,286.945,1.968,13.916,0.00799,-0.4295,0.4295,inner_heliosphere,saturn,39.2803,43.9501,39.2803,59.0669,44.0927,1.000,-0.0000,-0.0002
NH1,659335286.2,2020-11-22,48.836,286.946,1.968,13.916,0.00799,-0.4295,0.4295,inner_heliosphere,saturn,39.2901,43.9607,39.2901,59.0770,44.1017,1.000,-0.0000,-0.0003
NH1,659421677.2,2020-11-23,48.844,286.947,1.968,13.916,0.00799,-0.4295,0.4295,inner_heliosphere,saturn,39.2999,43.9714,39.2999,59.0872,44.1106,1.000,-0.0000,-0.0003
NH1,659490086.2,2020-11-24,48.850,286.948,1.968,13.916,0.00799,-0.4295,0.4295,inner_heliosphere,saturn,39.3077,43.9799,39.3077,59.0953,44.1177,0.792,-0.0000,-0.0003
NH1,659680846.2,2020-11-26,48.868,286.950,1.968,13.915,0.00799,-0.4295,0.4295,inner_heliosphere,saturn,39.3294,44.0036,39.3294,59.1177,44.1376,2.208,-0.0000,-0.0003
NH1,659767233.2,2020-11-27,48.876,286.951,1.968,13.915,0.00799,-0.4295,0.4295,inner_heliosphere,saturn,39.3392,44.0143,39.3392,59.1279,44.1465,1.000,-0.0000,-0.0003
NH1,659774445.2,2020-11-27,48.876,286.951,1.968,13.915,0.00799,-0.4295,0.4295,inner_heliosphere,saturn,39.3400,44.0152,39.3400,59.1287,44.1473,0.083,-0.0000,-0.0003
NH1,659940017.2,2020-11-29,48.892,286.953,1.968,13.914,0.00799,-0.4295,0.4295,inner_heliosphere,saturn,39.3588,44.0358,39.3588,59.1482,44.1645,1.916,-0.0000,-0.0003
NH1,660105594.2,2020-12-01,48.907,286.955,1.968,13.914,0.00799,-0.4295,0.4295,inner_heliosphere,saturn,39.3777,44.0565,39.3777,59.1677,44.1817,1.916,-0.0000,-0.0003
NH1,660199189.2,2020-12-02,48.916,286.956,1.968,13.914,0.00799,-0.4295,0.4295,inner_heliosphere,saturn,39.3883,44.0682,39.3883,59.1787,44.1914,1.083,-0.0000,-0.0003
NH1,660253175.2,2020-12-03,48.921,286.956,1.968,13.913,0.00799,-0.4295,0.4295,inner_heliosphere,saturn,39.3945,44.0749,39.3945,59.1851,44.1970,0.625,-0.0000,-0.0003
NH1,660343168.2,2020-12-04,48.929,286.957,1.968,13.913,0.00799,-0.4294,0.4294,inner_heliosphere,saturn,39.4047,44.0862,39.4047,59.1957,44.2064,1.042,-0.0000,-0.0003
NH1,660436773.2,2020-12-05,48.938,286.958,1.968,13.913,0.00799,-0.4294,0.4294,inner_heliosphere,saturn,39.4154,44.0979,39.4154,59.2067,44.2161,1.083,-0.0000,-0.0003
NH1,660544755.2,2020-12-06,48.948,286.960,1.968,13.913,0.00799,-0.4294,0.4294,inner_heliosphere,saturn,39.4277,44.1115,39.4277,59.2194,44.2273,1.250,-0.0000,-0.0003
NH1,660602342.2,2020-12-07,48.953,286.960,1.968,13.913,0.00799,-0.4294,0.4294,inner_heliosphere,saturn,39.4342,44.1187,39.4342,59.2262,44.2333,0.667,-0.0000,-0.0003
NH1,660710335.2,2020-12-08,48.963,286.962,1.968,13.912,0.00799,-0.4294,0.4294,inner_heliosphere,saturn,39.4465,44.1323,39.4465,59.2389,44.2445,1.250,-0.0000,-0.0003
NH1,660865121.2,2020-12-10,48.977,286.963,1.968,13.912,0.00799,-0.4294,0.4294,inner_heliosphere,saturn,39.4642,44.1518,39.4642,59.2571,44.2606,1.792,-0.0000,-0.0003
NH1,660976722.2,2020-12-11,48.988,286.965,1.969,13.912,0.00799,-0.4294,0.4294,inner_heliosphere,saturn,39.4769,44.1659,39.4769,59.2703,44.2722,1.292,-0.0000,-0.0003
NH1,661041530.2,2020-12-12,48.994,286.965,1.969,13.911,0.00799,-0.4294,0.4294,inner_heliosphere,saturn,39.4843,44.1741,39.4843,59.2779,44.2790,0.750,-0.0000,-0.0003
NH1,661149498.2,2020-12-13,49.004,286.967,1.969,13.911,0.00799,-0.4294,0.4294,inner_heliosphere,saturn,39.4967,44.1877,39.4967,59.2906,44.2902,1.250,-0.0000,-0.0003
NH1,661322286.2,2020-12-15,49.019,286.969,1.969,13.911,0.00799,-0.4294,0.4294,inner_heliosphere,saturn,39.5164,44.2096,39.5164,59.3109,44.3082,1.958,-0.0001,-0.0003
NH1,661549056.2,2020-12-18,49.040,286.971,1.969,13.910,0.00799,-0.4294,0.4294,inner_heliosphere,saturn,39.5423,44.2384,39.5423,59.3376,44.3318,2.583,-0.0001,-0.0003
NH1,661667872.2,2020-12-19,49.051,286.973,1.969,13.910,0.00799,-0.4294,0.4294,inner_heliosphere,saturn,39.5559,44.2535,39.5559,59.3516,44.3441,1.375,-0.0000,-0.0003
NH1,661743447.2,2020-12-20,49.058,286.973,1.969,13.909,0.00799,-0.4294,0.4294,inner_heliosphere,saturn,39.5646,44.2631,39.5646,59.3605,44.3520,0.875,-0.0000,-0.0003
NH1,661927083.2,2020-12-22,49.075,286.976,1.969,13.909,0.00799,-0.4294,0.4294,inner_heliosphere,saturn,39.5856,44.2865,39.5856,59.3821,44.3711,2.125,-0.0001,-0.0003
NH1,661977465.2,2020-12-23,49.080,286.976,1.969,13.909,0.00799,-0.4294,0.4294,inner_heliosphere,saturn,39.5914,44.2930,39.5914,59.3880,44.3763,0.583,-0.0000,-0.0003
NH1,662359101.2,2020-12-27,49.115,286.980,1.969,13.908,0.00799,-0.4294,0.4294,inner_heliosphere,saturn,39.6351,44.3418,39.6351,59.4330,44.4161,4.417,-0.0001,-0.0003
NH1,662791014.2,2021-01-01,49.155,286.985,1.969,13.907,0.00799,-0.4294,0.4294,inner_heliosphere,saturn,39.6847,44.3974,39.6847,59.4838,44.4610,4.999,-0.0001,-0.0003
NH1,662848586.2,2021-01-02,49.161,286.986,1.969,13.906,0.00799,-0.4294,0.4294,inner_heliosphere,saturn,39.6913,44.4048,39.6913,59.4906,44.4670,0.666,-0.0000,-0.0003
NH1,662942180.2,2021-01-03,49.169,286.987,1.969,13.906,0.00799,-0.4294,0.4294,inner_heliosphere,saturn,39.7020,44.4169,39.7020,59.5016,44.4768,1.083,-0.0000,-0.0003
NH1,662989047.2,2021-01-03,49.174,286.988,1.969,13.906,0.00799,-0.4294,0.4294,inner_heliosphere,saturn,39.7074,44.4230,39.7074,59.5071,44.4816,0.542,-0.0000,-0.0003
NH1,663107785.2,2021-01-05,49.185,286.989,1.969,13.906,0.00799,-0.4294,0.4294,inner_heliosphere,saturn,39.7211,44.4383,39.7211,59.5211,44.4940,1.374,-0.0000,-0.0003
NH1,663172580.2,2021-01-06,49.191,286.990,1.969,13.906,0.00799,-0.4294,0.4294,inner_heliosphere,saturn,39.7285,44.4467,39.7285,59.5287,44.5008,0.750,-0.0000,-0.0003
NH1,663309448.2,2021-01-07,49.203,286.991,1.969,13.905,0.00799,-0.4294,0.4294,inner_heliosphere,saturn,39.7443,44.4645,39.7443,59.5448,44.5150,1.584,-0.0000,-0.0003
NH1,663366975.2,2021-01-08,49.209,286.992,1.969,13.905,0.00799,-0.4294,0.4294,inner_heliosphere,saturn,39.7509,44.4719,39.7509,59.5516,44.5210,0.666,-0.0000,-0.0003
NH1,663673022.2,2021-01-11,49.237,286.995,1.969,13.904,0.00799,-0.4294,0.4294,inner_heliosphere,saturn,39.7862,44.5117,39.7862,59.5876,44.5529,3.542,-0.0001,-0.0003
NH1,663856549.3,2021-01-14,49.254,286.997,1.969,13.904,0.00799,-0.4294,0.4294,inner_heliosphere,saturn,39.8073,44.5357,39.8073,59.6092,44.5720,2.124,-0.0001,-0.0003
NH1,664083358.3,2021-01-16,49.275,287.000,1.969,13.903,0.00799,-0.4294,0.4294,inner_heliosphere,saturn,39.8335,44.5653,39.8335,59.6359,44.5957,2.625,-0.0001,-0.0003
NH1,664256139.3,2021-01-18,49.291,287.002,1.969,13.903,0.00799,-0.4294,0.4294,inner_heliosphere,saturn,39.8534,44.5880,39.8534,59.6562,44.6137,2.000,-0.0001,-0.0003
NH1,664342813.3,2021-01-19,49.299,287.003,1.969,13.902,0.00799,-0.4294,0.4294,inner_heliosphere,saturn,39.8634,44.5993,39.8634,59.6665,44.6227,1.003,-0.0000,-0.0003
NH1,664393009.3,2021-01-20,49.303,287.004,1.969,13.902,0.00799,-0.4294,0.4294,inner_heliosphere,saturn,39.8692,44.6059,39.8692,59.6724,44.6280,0.581,-0.0000,-0.0003
NH1,664590907.3,2021-01-22,49.322,287.006,1.969,13.902,0.00799,-0.4294,0.4294,inner_heliosphere,saturn,39.8921,44.6319,39.8921,59.6956,44.6486,2.290,-0.0001,-0.0003
NH1,664680915.3,2021-01-23,49.330,287.007,1.969,13.902,0.00798,-0.4294,0.4294,inner_heliosphere,saturn,39.9025,44.6438,39.9025,59.7062,44.6580,1.042,-0.0000,-0.0003
NH1,664763707.3,2021-01-24,49.338,287.008,1.969,13.901,0.00798,-0.4294,0.4294,inner_heliosphere,saturn,39.9121,44.6547,39.9121,59.7160,44.6666,0.958,-0.0000,-0.0003
NH1,664842900.3,2021-01-25,49.345,287.009,1.969,13.901,0.00798,-0.4294,0.4294,inner_heliosphere,saturn,39.9212,44.6652,39.9212,59.7253,44.6749,0.917,-0.0000,-0.0003
NH1,664943737.3,2021-01-26,49.354,287.010,1.969,13.901,0.00798,-0.4294,0.4294,inner_heliosphere,saturn,39.9329,44.6785,39.9329,59.7372,44.6854,1.167,-0.0000,-0.0003
NH1,665202927.3,2021-01-29,49.378,287.013,1.969,13.900,0.00798,-0.4294,0.4294,inner_heliosphere,saturn,39.9629,44.7128,39.9629,59.7677,44.7125,3.000,-0.0001,-0.0003
NH1,665278499.3,2021-01-30,49.385,287.014,1.969,13.900,0.00798,-0.4294,0.4294,inner_heliosphere,saturn,39.9716,44.7228,39.9716,59.7766,44.7204,0.875,-0.0000,-0.0003
NH1,665346906.3,2021-01-31,49.392,287.014,1.969,13.900,0.00798,-0.4294,0.4294,inner_heliosphere,saturn,39.9796,44.7319,39.9796,59.7846,44.7275,0.792,-0.0000,-0.0003
NH1,665444108.3,2021-02-01,49.400,287.015,1.969,13.900,0.00798,-0.4294,0.4294,inner_heliosphere,saturn,39.9908,44.7448,39.9908,59.7961,44.7376,1.125,-0.0000,-0.0003
NH1,665505293.3,2021-02-02,49.406,287.016,1.969,13.899,0.00798,-0.4294,0.4294,inner_heliosphere,saturn,39.9979,44.7529,39.9979,59.8033,44.7440,0.708,-0.0000,-0.0003
NH1,665815585.3,2021-02-05,49.435,287.020,1.970,13.899,0.00798,-0.4294,0.4294,inner_heliosphere,saturn,40.0339,44.7943,40.0339,59.8398,44.7764,3.591,-0.0001,-0.0003
NH1,665894128.3,2021-02-06,49.442,287.020,1.970,13.898,0.00798,-0.4294,0.4294,inner_heliosphere,saturn,40.0430,44.8048,40.0430,59.8490,44.7846,0.909,-0.0000,-0.0003
NH1,665980526.3,2021-02-07,49.450,287.021,1.970,13.898,0.00798,-0.4294,0.4294,inner_heliosphere,saturn,40.0531,44.8163,40.0531,59.8592,44.7936,1.000,-0.0000,-0.0003
NH1,666048899.3,2021-02-08,49.456,287.022,1.970,13.898,0.00798,-0.4294,0.4294,inner_heliosphere,saturn,40.0610,44.8255,40.0610,59.8672,44.8008,0.791,-0.0000,-0.0003
NH1,666142497.3,2021-02-09,49.465,287.023,1.970,13.898,0.00798,-0.4294,0.4294,inner_heliosphere,saturn,40.0719,44.8380,40.0719,59.8783,44.8106,1.083,-0.0000,-0.0003
NH1,666419702.3,2021-02-12,49.491,287.026,1.970,13.897,0.00798,-0.4294,0.4294,inner_heliosphere,saturn,40.1041,44.8752,40.1041,59.9109,44.8395,3.208,-0.0001,-0.0003
NH1,666495322.3,2021-02-13,49.498,287.027,1.970,13.897,0.00798,-0.4294,0.4294,inner_heliosphere,saturn,40.1129,44.8853,40.1129,59.9198,44.8474,0.875,-0.0000,-0.0003
NH1,666592509.3,2021-02-14,49.507,287.028,1.970,13.897,0.00798,-0.4294,0.4294,inner_heliosphere,saturn,40.1242,44.8984,40.1242,59.9312,44.8576,1.125,-0.0000,-0.0003
NH1,666628501.3,2021-02-15,49.510,287.029,1.970,13.896,0.00798,-0.4294,0.4294,inner_heliosphere,saturn,40.1284,44.9033,40.1284,59.9354,44.8613,0.417,-0.0000,-0.0002
NH1,666765310.3,2021-02-16,49.523,287.030,1.970,13.896,0.00798,-0.4294,0.4294,inner_heliosphere,saturn,40.1443,44.9217,40.1443,59.9515,44.8756,1.583,-0.0000,-0.0002
NH1,666851709.3,2021-02-17,49.531,287.031,1.970,13.896,0.00798,-0.4294,0.4294,inner_heliosphere,saturn,40.1544,44.9333,40.1544,59.9617,44.8846,1.000,-0.0000,-0.0002
NH1,666938110.3,2021-02-18,49.539,287.032,1.970,13.896,0.00798,-0.4294,0.4294,inner_heliosphere,saturn,40.1645,44.9450,40.1645,59.9719,44.8937,1.000,-0.0000,-0.0002
NH1,666974110.3,2021-02-19,49.542,287.033,1.970,13.896,0.00798,-0.4294,0.4294,inner_heliosphere,saturn,40.1687,44.9499,40.1687,59.9761,44.8974,0.417,-0.0000,-0.0002
NH1,667060512.3,2021-02-20,49.550,287.033,1.970,13.895,0.00798,-0.4294,0.4294,inner_heliosphere,saturn,40.1787,44.9616,40.1787,59.9863,44.9065,1.000,-0.0000,-0.0002
NH1,667146914.3,2021-02-21,49.558,287.034,1.970,13.895,0.00798,-0.4294,0.4294,inner_heliosphere,saturn,40.1888,44.9732,40.1888,59.9965,44.9155,1.000,-0.0000,-0.0002
NH1,667233315.3,2021-02-22,49.566,287.035,1.970,13.895,0.00798,-0.4294,0.4294,inner_heliosphere,saturn,40.1989,44.9850,40.1989,60.0066,44.9245,1.000,-0.0000,-0.0002
NH1,667359318.3,2021-02-23,49.577,287.037,1.970,13.895,0.00798,-0.4294,0.4294,inner_heliosphere,saturn,40.2136,45.0020,40.2136,60.0214,44.9377,1.458,-0.0000,-0.0002
NH1,667406120.3,2021-02-24,49.582,287.037,1.970,13.894,0.00798,-0.4294,0.4294,inner_heliosphere,saturn,40.2190,45.0084,40.2190,60.0270,44.9426,0.542,-0.0000,-0.0002
NH1,667514120.3,2021-02-25,49.592,287.039,1.970,13.894,0.00798,-0.4294,0.4294,inner_heliosphere,saturn,40.2316,45.0231,40.2316,60.0397,44.9539,1.250,-0.0000,-0.0002
NH1,667629327.3,2021-02-26,49.602,287.040,1.970,13.894,0.00798,-0.4294,0.4294,inner_heliosphere,saturn,40.2451,45.0387,40.2451,60.0532,44.9659,1.333,-0.0000,-0.0002
NH1,667694128.3,2021-02-27,49.608,287.041,1.970,13.894,0.00798,-0.4294,0.4294,inner_heliosphere,saturn,40.2527,45.0476,40.2527,60.0608,44.9727,0.750,-0.0000,-0.0002
NH1,667751730.3,2021-02-28,49.614,287.041,1.970,13.893,0.00798,-0.4294,0.4294,inner_heliosphere,saturn,40.2594,45.0554,40.2594,60.0676,44.9787,0.667,-0.0000,-0.0002
NH1,667845340.3,2021-03-01,49.622,287.042,1.970,13.893,0.00798,-0.4294,0.4294,inner_heliosphere,saturn,40.2703,45.0682,40.2703,60.0786,44.9885,1.083,-0.0000,-0.0002
NH1,667956947.3,2021-03-02,49.633,287.044,1.970,13.893,0.00798,-0.4294,0.4294,inner_heliosphere,saturn,40.2834,45.0834,40.2834,60.0918,45.0002,1.292,-0.0000,-0.0002
NH1,668043345.3,2021-03-03,49.641,287.044,1.970,13.893,0.00798,-0.4294,0.4294,inner_heliosphere,saturn,40.2935,45.0952,40.2935,60.1019,45.0092,1.000,-0.0000,-0.0002
NH1,668216159.3,2021-03-05,49.657,287.046,1.970,13.892,0.00798,-0.4294,0.4294,inner_heliosphere,saturn,40.3137,45.1188,40.3137,60.1223,45.0273,2.000,-0.0000,-0.0002
NH1,668277355.3,2021-03-06,49.662,287.047,1.970,13.892,0.00798,-0.4293,0.4293,inner_heliosphere,saturn,40.3209,45.1272,40.3209,60.1295,45.0337,0.708,-0.0000,-0.0002
NH1,668363763.3,2021-03-07,49.670,287.048,1.970,13.892,0.00798,-0.4293,0.4293,inner_heliosphere,saturn,40.3310,45.1391,40.3310,60.1396,45.0427,1.000,-0.0000,-0.0002
NH1,668464557.3,2021-03-08,49.680,287.049,1.970,13.892,0.00798,-0.4293,0.4293,inner_heliosphere,saturn,40.3428,45.1529,40.3428,60.1515,45.0533,1.167,-0.0000,-0.0002
NH1,668536572.3,2021-03-09,49.686,287.050,1.970,13.891,0.00798,-0.4293,0.4293,inner_heliosphere,saturn,40.3512,45.1628,40.3512,60.1600,45.0608,0.834,-0.0000,-0.0001
NH1,668630170.3,2021-03-10,49.695,287.051,1.970,13.891,0.00798,-0.4293,0.4293,inner_heliosphere,saturn,40.3622,45.1757,40.3622,60.1710,45.0706,1.083,-0.0000,-0.0001
NH1,668838972.3,2021-03-12,49.714,287.053,1.970,13.891,0.00798,-0.4293,0.4293,inner_heliosphere,saturn,40.3866,45.2044,40.3866,60.1956,45.0925,2.417,-0.0000,-0.0001
NH1,668910976.3,2021-03-13,49.721,287.054,1.970,13.890,0.00798,-0.4293,0.4293,inner_heliosphere,saturn,40.3951,45.2143,40.3951,60.2040,45.1000,0.833,-0.0000,-0.0001
NH1,668986575.3,2021-03-14,49.728,287.055,1.970,13.890,0.00798,-0.4293,0.4293,inner_heliosphere,saturn,40.4040,45.2248,40.4040,60.2129,45.1079,0.875,-0.0000,-0.0001
NH1,669065776.3,2021-03-15,49.735,287.056,1.970,13.890,0.00798,-0.4293,0.4293,inner_heliosphere,saturn,40.4132,45.2357,40.4132,60.2222,45.1162,0.917,-0.0000,-0.0001
NH1,669177491.3,2021-03-16,49.745,287.057,1.970,13.890,0.00798,-0.4293,0.4293,inner_heliosphere,saturn,40.4264,45.2511,40.4264,60.2354,45.1279,1.293,-0.0000,-0.0001
NH1,669224199.3,2021-03-17,49.750,287.058,1.970,13.890,0.00798,-0.4293,0.4293,inner_heliosphere,saturn,40.4318,45.2576,40.4318,60.2409,45.1328,0.541,-0.0000,-0.0001
NH1,669346596.3,2021-03-18,49.761,287.059,1.970,13.889,0.00798,-0.4293,0.4293,inner_heliosphere,saturn,40.4462,45.2745,40.4462,60.2553,45.1456,1.417,-0.0000,-0.0001
NH1,669443802.3,2021-03-19,49.770,287.060,1.970,13.889,0.00798,-0.4293,0.4293,inner_heliosphere,saturn,40.4576,45.2880,40.4576,60.2667,45.1558,1.125,-0.0000,-0.0001
NH1,669501515.3,2021-03-20,49.775,287.061,1.970,13.889,0.00798,-0.4293,0.4293,inner_heliosphere,saturn,40.4644,45.2960,40.4644,60.2735,45.1618,0.668,-0.0000,-0.0001
NH1,669602326.3,2021-03-21,49.785,287.062,1.970,13.889,0.00798,-0.4293,0.4293,inner_heliosphere,saturn,40.4763,45.3100,40.4763,60.2854,45.1724,1.167,-0.0000,-0.0001
NH1,669656220.3,2021-03-22,49.790,287.062,1.970,13.888,0.00798,-0.4293,0.4293,inner_heliosphere,saturn,40.4826,45.3175,40.4826,60.2917,45.1780,0.624,-0.0000,-0.0001
NH1,669778614.3,2021-03-23,49.801,287.064,1.970,13.888,0.00798,-0.4293,0.4293,inner_heliosphere,saturn,40.4970,45.3345,40.4970,60.3061,45.1909,1.417,-0.0000,-0.0001
NH1,669872220.3,2021-03-24,49.810,287.065,1.970,13.888,0.00798,-0.4293,0.4293,inner_heliosphere,saturn,40.5080,45.3476,40.5080,60.3171,45.2007,1.083,-0.0000,-0.0001
NH1,669958629.3,2021-03-25,49.818,287.066,1.970,13.888,0.00798,-0.4293,0.4293,inner_heliosphere,saturn,40.5182,45.3596,40.5182,60.3273,45.2097,1.000,-0.0000,-0.0001
NH1,669998231.3,2021-03-26,49.821,287.066,1.970,13.888,0.00798,-0.4293,0.4293,inner_heliosphere,saturn,40.5228,45.3651,40.5228,60.3320,45.2139,0.458,-0.0000,-0.0001
NH1,670135034.3,2021-03-27,49.834,287.068,1.970,13.887,0.00798,-0.4293,0.4293,inner_heliosphere,saturn,40.5389,45.3842,40.5389,60.3481,45.2282,1.583,-0.0000,-0.0000
NH1,670297044.3,2021-03-29,49.849,287.069,1.970,13.887,0.00798,-0.4293,0.4293,inner_heliosphere,saturn,40.5580,45.4069,40.5580,60.3671,45.2452,1.875,-0.0000,-0.0000
NH1,670394249.3,2021-03-30,49.858,287.071,1.970,13.887,0.00798,-0.4293,0.4293,inner_heliosphere,saturn,40.5695,45.4205,40.5695,60.3786,45.2554,1.125,-0.0000,-0.0000
NH1,670480651.3,2021-03-31,49.866,287.071,1.970,13.886,0.00798,-0.4293,0.4293,inner_heliosphere,saturn,40.5797,45.4326,40.5797,60.3887,45.2644,1.000,-0.0000,-0.0000
NH1,670516657.3,2021-04-01,49.869,287.072,1.971,13.886,0.00798,-0.4293,0.4293,inner_heliosphere,saturn,40.5839,45.4376,40.5839,60.3930,45.2682,0.417,-0.0000,-0.0000
NH1,670653465.3,2021-04-02,49.882,287.073,1.971,13.886,0.00798,-0.4293,0.4293,inner_heliosphere,saturn,40.6000,45.4568,40.6000,60.4091,45.2825,1.583,-0.0000,-0.0000
NH1,670703930.3,2021-04-03,49.886,287.074,1.971,13.886,0.00798,-0.4293,0.4293,inner_heliosphere,saturn,40.6060,45.4639,40.6060,60.4150,45.2878,0.584,-0.0000,-0.0000
NH1,670826275.3,2021-04-04,49.898,287.075,1.971,13.885,0.00798,-0.4293,0.4293,inner_heliosphere,saturn,40.6204,45.4811,40.6204,60.4294,45.3006,1.416,0.0000,0.0000
NH1,670898270.3,2021-04-05,49.904,287.076,1.971,13.885,0.00798,-0.4293,0.4293,inner_heliosphere,saturn,40.6289,45.4912,40.6289,60.4379,45.3082,0.833,0.0000,0.0000
NH1,670981075.3,2021-04-06,49.912,287.077,1.971,13.885,0.00798,-0.4293,0.4293,inner_heliosphere,saturn,40.6387,45.5029,40.6387,60.4476,45.3169,0.958,0.0000,0.0000
NH1,671085488.3,2021-04-07,49.922,287.078,1.971,13.885,0.00798,-0.4293,0.4293,inner_heliosphere,saturn,40.6510,45.5176,40.6510,60.4599,45.3278,1.208,0.0000,0.0000
NH1,671107078.3,2021-04-07,49.924,287.078,1.971,13.885,0.00798,-0.4293,0.4293,inner_heliosphere,saturn,40.6536,45.5206,40.6536,60.4624,45.3301,0.250,0.0000,0.0001
NH1,671258296.3,2021-04-09,49.937,287.080,1.971,13.884,0.00798,-0.4293,0.4293,inner_heliosphere,saturn,40.6715,45.5420,40.6715,60.4802,45.3459,1.750,0.0000,0.0000
NH1,671315955.3,2021-04-10,49.943,287.081,1.971,13.884,0.00798,-0.4293,0.4293,inner_heliosphere,saturn,40.6783,45.5501,40.6783,60.4870,45.3520,0.667,0.0000,0.0000
NH1,671431107.3,2021-04-11,49.953,287.082,1.971,13.884,0.00798,-0.4293,0.4293,inner_heliosphere,saturn,40.6919,45.5664,40.6919,60.5005,45.3641,1.333,0.0000,0.0000
NH1,671510307.3,2021-04-12,49.961,287.083,1.971,13.884,0.00798,-0.4293,0.4293,inner_heliosphere,saturn,40.7013,45.5776,40.7013,60.5099,45.3724,0.917,0.0000,0.0000
NH1,671603926.3,2021-04-13,49.969,287.084,1.971,13.883,0.00798,-0.4293,0.4293,inner_heliosphere,saturn,40.7123,45.5909,40.7123,60.5209,45.3822,1.084,0.0000,0.0001
NH1,671686720.3,2021-04-14,49.977,287.085,1.971,13.883,0.00798,-0.4293,0.4293,inner_heliosphere,saturn,40.7221,45.6026,40.7221,60.5306,45.3909,0.958,0.0000,0.0001
NH1,671935127.3,2021-04-17,50.000,287.088,1.971,13.883,0.00798,-0.4293,0.4293,inner_heliosphere,saturn,40.7515,45.6379,40.7515,60.5598,45.4169,2.875,0.0000,0.0001
NH1,672007192.3,2021-04-18,50.007,287.088,1.971,13.882,0.00797,-0.4293,0.4293,inner_heliosphere,saturn,40.7601,45.6481,40.7601,60.5683,45.4245,0.834,0.0000,0.0001
NH1,672115140.3,2021-04-19,50.017,287.089,1.971,13.882,0.00797,-0.4293,0.4293,inner_heliosphere,saturn,40.7729,45.6635,40.7729,60.5810,45.4358,1.249,0.0000,0.0001
NH1,672205145.3,2021-04-20,50.025,287.090,1.971,13.882,0.00797,-0.4293,0.4293,inner_heliosphere,saturn,40.7835,45.6763,40.7835,60.5916,45.4453,1.042,0.0000,0.0001
NH1,672381556.3,2021-04-22,50.041,287.092,1.971,13.881,0.00797,-0.4293,0.4293,inner_heliosphere,saturn,40.8045,45.7015,40.8045,60.6124,45.4638,2.042,0.0000,0.0001
NH1,672435619.3,2021-04-23,50.046,287.093,1.971,13.881,0.00797,-0.4293,0.4293,inner_heliosphere,saturn,40.8109,45.7092,40.8109,60.6187,45.4695,0.626,0.0000,0.0001
NH1,672521959.3,2021-04-24,50.054,287.094,1.971,13.881,0.00797,-0.4293,0.4293,inner_heliosphere,saturn,40.8211,45.7215,40.8211,60.6289,45.4785,0.999,0.0000,0.0001
NH1,672633563.3,2021-04-25,50.064,287.095,1.971,13.881,0.00797,-0.4293,0.4293,inner_heliosphere,saturn,40.8344,45.7375,40.8344,60.6420,45.4902,1.292,0.0000,0.0001
NH1,672719967.3,2021-04-26,50.072,287.096,1.971,13.881,0.00797,-0.4293,0.4293,inner_heliosphere,saturn,40.8446,45.7498,40.8446,60.6522,45.4993,1.000,0.0000,0.0001
NH1,672813579.4,2021-04-27,50.081,287.097,1.971,13.880,0.00797,-0.4293,0.4293,inner_heliosphere,saturn,40.8557,45.7633,40.8557,60.6632,45.5091,1.083,0.0000,0.0001
NH1,672899986.4,2021-04-28,50.089,287.098,1.971,13.880,0.00797,-0.4293,0.4293,inner_heliosphere,saturn,40.8660,45.7756,40.8660,60.6733,45.5182,1.000,0.0000,0.0001
NH1,672971980.4,2021-04-29,50.096,287.099,1.971,13.880,0.00797,-0.4293,0.4293,inner_heliosphere,saturn,40.8746,45.7860,40.8746,60.6818,45.5258,0.833,0.0000,0.0001
NH1,673061985.4,2021-04-30,50.104,287.100,1.971,13.880,0.00797,-0.4293,0.4293,inner_heliosphere,saturn,40.8853,45.7989,40.8853,60.6924,45.5352,1.042,0.0000,0.0002
NH1,673159203.4,2021-05-01,50.113,287.101,1.971,13.879,0.00797,-0.4293,0.4293,inner_heliosphere,saturn,40.8968,45.8129,40.8968,60.7038,45.5454,1.125,0.0000,0.0002
NH1,673216803.4,2021-05-02,50.118,287.102,1.971,13.879,0.00797,-0.4293,0.4293,inner_heliosphere,saturn,40.9037,45.8212,40.9037,60.7106,45.5515,0.667,0.0000,0.0001
NH1,673324793.4,2021-05-03,50.128,287.103,1.971,13.879,0.00797,-0.4293,0.4293,inner_heliosphere,saturn,40.9165,45.8367,40.9165,60.7233,45.5628,1.250,0.0000,0.0002
NH1,673584036.4,2021-05-06,50.152,287.106,1.971,13.878,0.00797,-0.4293,0.4293,inner_heliosphere,saturn,40.9474,45.8741,40.9474,60.7538,45.5901,3.000,0.0000,0.0002
NH1,674012454.4,2021-05-11,50.192,287.110,1.971,13.877,0.00797,-0.4293,0.4293,inner_heliosphere,saturn,40.9984,45.9361,40.9984,60.8042,45.6351,4.959,0.0001,0.0002
NH1,674044815.4,2021-05-11,50.195,287.111,1.971,13.877,0.00797,-0.4293,0.4293,inner_heliosphere,saturn,41.0023,45.9408,41.0023,60.8080,45.6385,0.375,0.0000,0.0002
NH1,674224854.4,2021-05-14,50.211,287.113,1.971,13.877,0.00797,-0.4293,0.4293,inner_heliosphere,saturn,41.0238,45.9669,41.0238,60.8292,45.6574,2.084,0.0000,0.0002
NH1,674368869.4,2021-05-15,50.225,287.114,1.971,13.876,0.00797,-0.4293,0.4293,inner_heliosphere,saturn,41.0410,45.9878,41.0410,60.8461,45.6726,1.667,0.0000,0.0002
NH1,674455273.4,2021-05-16,50.233,287.115,1.971,13.876,0.00797,-0.4293,0.4293,inner_heliosphere,saturn,41.0513,46.0004,41.0513,60.8563,45.6816,1.000,0.0000,0.0002
NH1,674534442.4,2021-05-17,50.240,287.116,1.971,13.876,0.00797,-0.4293,0.4293,inner_heliosphere,saturn,41.0607,46.0119,41.0607,60.8656,45.6900,0.916,0.0000,0.0002
NH1,674613641.4,2021-05-18,50.247,287.117,1.971,13.876,0.00797,-0.4293,0.4293,inner_heliosphere,saturn,41.0702,46.0235,41.0702,60.8749,45.6983,0.917,0.0000,0.0002
NH1,674714482.4,2021-05-19,50.256,287.118,1.971,13.875,0.00797,-0.4293,0.4293,inner_heliosphere,saturn,41.0822,46.0382,41.0822,60.8868,45.7089,1.167,0.0000,0.0002
NH1,674768470.4,2021-05-20,50.261,287.118,1.971,13.875,0.00797,-0.4293,0.4293,inner_heliosphere,saturn,41.0887,46.0461,41.0887,60.8931,45.7146,0.625,0.0000,0.0002
NH1,674880054.4,2021-05-21,50.272,287.120,1.971,13.875,0.00797,-0.4293,0.4293,inner_heliosphere,saturn,41.1020,46.0624,41.1020,60.9063,45.7263,1.291,0.0000,0.0002
NH1,674970069.4,2021-05-22,50.280,287.121,1.971,13.875,0.00797,-0.4293,0.4293,inner_heliosphere,saturn,41.1128,46.0755,41.1128,60.9168,45.7358,1.042,0.0000,0.0002
NH1,675056506.4,2021-05-23,50.288,287.122,1.971,13.875,0.00797,-0.4293,0.4293,inner_heliosphere,saturn,41.1231,46.0882,41.1231,60.9270,45.7449,1.000,0.0000,0.0002
NH1,675114078.4,2021-05-24,50.293,287.122,1.971,13.874,0.00797,-0.4293,0.4293,inner_heliosphere,saturn,41.1300,46.0966,41.1300,60.9338,45.7509,0.666,0.0000,0.0002
NH1,675233552.4,2021-05-25,50.304,287.123,1.971,13.874,0.00797,-0.4293,0.4293,inner_heliosphere,saturn,41.1443,46.1141,41.1443,60.9478,45.7635,1.383,0.0000,0.0002
NH1,675312067.4,2021-05-26,50.312,287.124,1.971,13.874,0.00797,-0.4293,0.4293,inner_heliosphere,saturn,41.1537,46.1256,41.1537,60.9571,45.7717,0.909,0.0000,0.0003
NH1,675373294.4,2021-05-27,50.317,287.125,1.972,13.874,0.00797,-0.4293,0.4293,inner_heliosphere,saturn,41.1611,46.1346,41.1611,60.9643,45.7782,0.709,0.0000,0.0003
NH1,675481266.4,2021-05-28,50.327,287.126,1.972,13.873,0.00797,-0.4293,0.4293,inner_heliosphere,saturn,41.1740,46.1505,41.1740,60.9770,45.7895,1.250,0.0000,0.0003
NH1,675578533.4,2021-05-29,50.336,287.127,1.972,13.873,0.00797,-0.4293,0.4293,inner_heliosphere,saturn,41.1857,46.1647,41.1857,60.9884,45.7998,1.126,0.0000,0.0003
NH1,675661296.4,2021-05-30,50.344,287.128,1.972,13.873,0.00797,-0.4293,0.4293,inner_heliosphere,saturn,41.1956,46.1769,41.1956,60.9981,45.8085,0.958,0.0000,0.0003
NH1,675733265.4,2021-05-31,50.350,287.129,1.972,13.873,0.00797,-0.4293,0.4293,inner_heliosphere,saturn,41.2042,46.1875,41.2042,61.0066,45.8161,0.833,0.0000,0.0003
NH1,675798069.4,2021-06-01,50.356,287.130,1.972,13.873,0.00797,-0.4293,0.4293,inner_heliosphere,saturn,41.2120,46.1971,41.2120,61.0142,45.8229,0.750,0.0000,0.0003
NH1,675884473.4,2021-06-02,50.364,287.131,1.972,13.872,0.00797,-0.4293,0.4293,inner_heliosphere,saturn,41.2223,46.2098,41.2223,61.0244,45.8320,1.000,0.0000,0.0003
NH1,675999676.4,2021-06-03,50.375,287.132,1.972,13.872,0.00797,-0.4293,0.4293,inner_heliosphere,saturn,41.2362,46.2268,41.2362,61.0379,45.8441,1.333,0.0000,0.0003
NH1,676096941.4,2021-06-04,50.384,287.133,1.972,13.872,0.00797,-0.4293,0.4293,inner_heliosphere,saturn,41.2478,46.2412,41.2478,61.0494,45.8543,1.126,0.0000,0.0003
NH1,676176084.4,2021-06-05,50.391,287.134,1.972,13.872,0.00797,-0.4293,0.4293,inner_heliosphere,saturn,41.2573,46.2528,41.2573,61.0587,45.8627,0.916,0.0000,0.0003
NH1,676255274.4,2021-06-06,50.399,287.135,1.972,13.872,0.00797,-0.4293,0.4293,inner_heliosphere,saturn,41.2668,46.2646,41.2668,61.0680,45.8710,0.917,0.0000,0.0003
NH1,676521692.4,2021-06-09,50.423,287.137,1.972,13.871,0.00797,-0.4293,0.4293,inner_heliosphere,saturn,41.2989,46.3040,41.2989,61.0993,45.8991,3.084,0.0001,0.0003
NH1,676608094.4,2021-06-10,50.431,287.138,1.972,13.871,0.00797,-0.4293,0.4293,inner_heliosphere,saturn,41.3092,46.3168,41.3092,61.1095,45.9082,1.000,0.0000,0.0003
NH1,676690883.4,2021-06-11,50.439,287.139,1.972,13.870,0.00797,-0.4293,0.4293,inner_heliosphere,saturn,41.3192,46.3291,41.3192,61.1192,45.9169,0.958,0.0000,0.0003
NH1,676780908.4,2021-06-12,50.447,287.140,1.972,13.870,0.00797,-0.4293,0.4293,inner_heliosphere,saturn,41.3300,46.3425,41.3300,61.1298,45.9264,1.042,0.0000,0.0003
NH1,676856472.4,2021-06-13,50.454,287.141,1.972,13.870,0.00797,-0.4293,0.4293,inner_heliosphere,saturn,41.3391,46.3537,41.3391,61.1387,45.9343,0.875,0.0000,0.0003
NH1,676953706.4,2021-06-14,50.463,287.142,1.972,13.870,0.00797,-0.4293,0.4293,inner_heliosphere,saturn,41.3508,46.3682,41.3508,61.1501,45.9446,1.125,0.0000,0.0003
NH1,677000467.4,2021-06-15,50.467,287.143,1.972,13.870,0.00797,-0.4293,0.4293,inner_heliosphere,saturn,41.3564,46.3751,41.3564,61.1556,45.9495,0.541,0.0000,0.0003
NH1,677101267.4,2021-06-16,50.477,287.144,1.972,13.869,0.00797,-0.4293,0.4293,inner_heliosphere,saturn,41.3686,46.3902,41.3686,61.1675,45.9601,1.167,0.0000,0.0003
NH1,677187666.4,2021-06-17,50.485,287.145,1.972,13.869,0.00797,-0.4293,0.4293,inner_heliosphere,saturn,41.3790,46.4030,41.3790,61.1777,45.9692,1.000,0.0000,0.0003
NH1,677307140.4,2021-06-18,50.496,287.146,1.972,13.869,0.00797,-0.4293,0.4293,inner_heliosphere,saturn,41.3934,46.4209,41.3934,61.1917,45.9818,1.383,0.0000,0.0003
NH1,677382082.4,2021-06-19,50.503,287.147,1.972,13.869,0.00797,-0.4293,0.4293,inner_heliosphere,saturn,41.4024,46.4321,41.4024,61.2005,45.9897,0.867,0.0000,0.0003
NH1,677457664.4,2021-06-20,50.509,287.148,1.972,13.868,0.00797,-0.4293,0.4293,inner_heliosphere,saturn,41.4115,46.4433,41.4115,61.2094,45.9977,0.875,0.0000,0.0003
NH1,677540463.4,2021-06-21,50.517,287.148,1.972,13.868,0.00797,-0.4293,0.4293,inner_heliosphere,saturn,41.4215,46.4557,41.4215,61.2191,46.0064,0.958,0.0000,0.0003
NH1,677637665.4,2021-06-22,50.526,287.149,1.972,13.868,0.00797,-0.4293,0.4293,inner_heliosphere,saturn,41.4332,46.4703,41.4332,61.2306,46.0166,1.125,0.0000,0.0003
NH1,677698886.4,2021-06-23,50.532,287.150,1.972,13.868,0.00797,-0.4293,0.4293,inner_heliosphere,saturn,41.4406,46.4794,41.4406,61.2378,46.0231,0.709,0.0000,0.0003
NH1,677814099.4,2021-06-24,50.542,287.151,1.972,13.868,0.00797,-0.4293,0.4293,inner_heliosphere,saturn,41.4545,46.4967,41.4545,61.2513,46.0352,1.333,0.0000,0.0003
NH1,677911332.4,2021-06-25,50.551,287.152,1.972,13.867,0.00797,-0.4293,0.4293,inner_heliosphere,saturn,41.4663,46.5113,41.4663,61.2628,46.0455,1.125,0.0000,0.0003
NH1,677998916.4,2021-06-26,50.559,287.153,1.972,13.867,0.00797,-0.4293,0.4293,inner_heliosphere,saturn,41.4768,46.5244,41.4768,61.2731,46.0547,1.014,0.0000,0.0003
NH1,678069666.4,2021-06-27,50.566,287.154,1.972,13.867,0.00797,-0.4293,0.4293,inner_heliosphere,saturn,41.4854,46.5351,41.4854,61.2814,46.0622,0.819,0.0000,0.0003
NH1,678130876.4,2021-06-28,50.572,287.155,1.972,13.867,0.00797,-0.4293,0.4293,inner_heliosphere,saturn,41.4928,46.5443,41.4928,61.2886,46.0686,0.708,0.0000,0.0003
NH1,678213673.4,2021-06-29,50.579,287.156,1.972,13.867,0.00797,-0.4293,0.4293,inner_heliosphere,saturn,41.5028,46.5567,41.5028,61.2983,46.0773,0.958,0.0000,0.0003
NH1,678300069.4,2021-06-30,50.587,287.157,1.972,13.866,0.00797,-0.4293,0.4293,inner_heliosphere,saturn,41.5132,46.5697,41.5132,61.3085,46.0865,1.000,0.0000,0.0003
NH1,678429732.4,2021-07-01,50.599,287.158,1.972,13.866,0.00797,-0.4293,0.4293,inner_heliosphere,saturn,41.5289,46.5892,41.5289,61.3237,46.1001,1.501,0.0000,0.0003
NH1,678498046.4,2021-07-02,50.605,287.159,1.972,13.866,0.00797,-0.4293,0.4293,inner_heliosphere,saturn,41.5371,46.5995,41.5371,61.3317,46.1073,0.791,0.0000,0.0003
NH1,678562833.4,2021-07-03,50.611,287.159,1.972,13.866,0.00797,-0.4293,0.4293,inner_heliosphere,saturn,41.5450,46.6093,41.5450,61.3394,46.1142,0.750,0.0000,0.0003
NH1,678670838.4,2021-07-04,50.621,287.161,1.972,13.865,0.00797,-0.4293,0.4293,inner_heliosphere,saturn,41.5581,46.6256,41.5581,61.3521,46.1256,1.250,0.0000,0.0003
NH1,678775333.4,2021-07-05,50.631,287.162,1.972,13.865,0.00797,-0.4293,0.4293,inner_heliosphere,saturn,41.5707,46.6414,41.5707,61.3643,46.1366,1.209,0.0000,0.0003
NH1,678847239.4,2021-07-06,50.638,287.162,1.972,13.865,0.00797,-0.4293,0.4293,inner_heliosphere,saturn,41.5794,46.6523,41.5794,61.3728,46.1442,0.832,0.0000,0.0003
NH1,678904853.4,2021-07-07,50.643,287.163,1.972,13.865,0.00797,-0.4293,0.4293,inner_heliosphere,saturn,41.5864,46.6610,41.5864,61.3796,46.1502,0.667,0.0000,0.0003
NH1,679009215.4,2021-07-08,50.653,287.164,1.972,13.865,0.00797,-0.4293,0.4293,inner_heliosphere,saturn,41.5990,46.6768,41.5990,61.3919,46.1613,1.208,0.0000,0.0003
NH1,679106451.4,2021-07-09,50.662,287.165,1.972,13.864,0.00797,-0.4293,0.4293,inner_heliosphere,saturn,41.6108,46.6915,41.6108,61.4033,46.1715,1.125,0.0000,0.0003
NH1,679207303.4,2021-07-10,50.671,287.166,1.972,13.864,0.00797,-0.4293,0.4293,inner_heliosphere,saturn,41.6230,46.7068,41.6230,61.4151,46.1822,1.167,0.0000,0.0003
NH1,679275612.4,2021-07-11,50.677,287.167,1.972,13.864,0.00797,-0.4293,0.4293,inner_heliosphere,saturn,41.6313,46.7172,41.6313,61.4232,46.1894,0.791,0.0000,0.0003
NH1,679365635.4,2021-07-12,50.685,287.168,1.972,13.864,0.00797,-0.4293,0.4293,inner_heliosphere,saturn,41.6422,46.7308,41.6422,61.4338,46.1989,1.042,0.0000,0.0003
NH1,679437594.4,2021-07-13,50.692,287.169,1.972,13.864,0.00797,-0.4292,0.4292,inner_heliosphere,saturn,41.6509,46.7418,41.6509,61.4422,46.2065,0.833,0.0000,0.0003
NH1,679538424.4,2021-07-14,50.701,287.170,1.972,13.863,0.00797,-0.4292,0.4292,inner_heliosphere,saturn,41.6632,46.7571,41.6632,61.4541,46.2171,1.167,0.0000,0.0003
NH1,679603184.4,2021-07-15,50.707,287.170,1.972,13.863,0.00796,-0.4292,0.4292,inner_heliosphere,saturn,41.6710,46.7669,41.6710,61.4617,46.2239,0.750,0.0000,0.0003
NH1,679725597.4,2021-07-16,50.719,287.172,1.972,13.863,0.00796,-0.4292,0.4292,inner_heliosphere,saturn,41.6859,46.7856,41.6859,61.4761,46.2369,1.417,0.0000,0.0003
NH1,679797617.4,2021-07-17,50.725,287.173,1.972,13.863,0.00796,-0.4292,0.4292,inner_heliosphere,saturn,41.6946,46.7965,41.6946,61.4845,46.2445,0.834,0.0000,0.0003
NH1,679876779.4,2021-07-18,50.733,287.173,1.972,13.862,0.00796,-0.4292,0.4292,inner_heliosphere,saturn,41.7043,46.8086,41.7043,61.4939,46.2528,0.916,0.0000,0.0003
NH1,679966778.4,2021-07-19,50.741,287.174,1.972,13.862,0.00796,-0.4292,0.4292,inner_heliosphere,saturn,41.7152,46.8223,41.7152,61.5044,46.2623,1.042,0.0000,0.0003
NH1,680071170.4,2021-07-20,50.750,287.175,1.972,13.862,0.00796,-0.4292,0.4292,inner_heliosphere,saturn,41.7279,46.8383,41.7279,61.5167,46.2733,1.208,0.0000,0.0003
NH1,680157563.4,2021-07-21,50.758,287.176,1.972,13.862,0.00796,-0.4292,0.4292,inner_heliosphere,saturn,41.7384,46.8515,41.7384,61.5269,46.2825,1.000,0.0000,0.0003
NH1,680243961.4,2021-07-22,50.766,287.177,1.972,13.861,0.00796,-0.4292,0.4292,inner_heliosphere,saturn,41.7489,46.8647,41.7489,61.5370,46.2916,1.000,0.0000,0.0003
NH1,680305143.4,2021-07-23,50.772,287.178,1.972,13.861,0.00796,-0.4292,0.4292,inner_heliosphere,saturn,41.7563,46.8741,41.7563,61.5442,46.2980,0.708,0.0000,0.0003
NH1,680416751.4,2021-07-24,50.782,287.179,1.973,13.861,0.00796,-0.4292,0.4292,inner_heliosphere,saturn,41.7699,46.8911,41.7699,61.5573,46.3098,1.292,0.0000,0.0003
NH1,680503141.4,2021-07-25,50.790,287.180,1.973,13.861,0.00796,-0.4292,0.4292,inner_heliosphere,saturn,41.7804,46.9044,41.7804,61.5675,46.3190,1.000,0.0000,0.0003
NH1,680571558.4,2021-07-26,50.797,287.181,1.973,13.861,0.00796,-0.4292,0.4292,inner_heliosphere,saturn,41.7887,46.9149,41.7887,61.5755,46.3262,0.792,0.0000,0.0003
NH1,680657956.4,2021-07-27,50.805,287.182,1.973,13.860,0.00796,-0.4292,0.4292,inner_heliosphere,saturn,41.7992,46.9281,41.7992,61.5857,46.3353,1.000,0.0000,0.0003
NH1,680744398.4,2021-07-28,50.813,287.183,1.973,13.860,0.00796,-0.4292,0.4292,inner_heliosphere,saturn,41.8098,46.9414,41.8098,61.5959,46.3444,1.000,0.0000,0.0003
NH1,680819965.4,2021-07-29,50.819,287.183,1.973,13.860,0.00796,-0.4292,0.4292,inner_heliosphere,saturn,41.8190,46.9530,41.8190,61.6047,46.3524,0.875,0.0000,0.0003
NH1,680906367.4,2021-07-30,50.827,287.184,1.973,13.860,0.00796,-0.4292,0.4292,inner_heliosphere,saturn,41.8295,46.9663,41.8295,61.6149,46.3615,1.000,0.0000,0.0003
NH1,681003521.4,2021-07-31,50.836,287.185,1.973,13.860,0.00796,-0.4292,0.4292,inner_heliosphere,saturn,41.8413,46.9812,41.8413,61.6263,46.3718,1.124,0.0000,0.0003
NH1,681107893.4,2021-08-01,50.846,287.186,1.973,13.859,0.00796,-0.4292,0.4292,inner_heliosphere,saturn,41.8541,46.9973,41.8541,61.6386,46.3828,1.208,0.0000,0.0003
NH1,681194289.4,2021-08-02,50.854,287.187,1.973,13.859,0.00796,-0.4292,0.4292,inner_heliosphere,saturn,41.8646,47.0106,41.8646,61.6487,46.3920,1.000,0.0000,0.0003
NH1,681280684.4,2021-08-03,50.862,287.188,1.973,13.859,0.00796,-0.4292,0.4292,inner_heliosphere,saturn,41.8751,47.0239,41.8751,61.6589,46.4011,1.000,0.0000,0.0003
NH1,681367072.4,2021-08-04,50.870,287.189,1.973,13.859,0.00796,-0.4292,0.4292,inner_heliosphere,saturn,41.8857,47.0372,41.8857,61.6691,46.4102,1.000,0.0000,0.0003
NH1,681453469.4,2021-08-05,50.878,287.190,1.973,13.858,0.00796,-0.4292,0.4292,inner_heliosphere,saturn,41.8962,47.0506,41.8962,61.6792,46.4194,1.000,0.0000,0.0003
NH1,681518309.4,2021-08-06,50.884,287.191,1.973,13.858,0.00796,-0.4292,0.4292,inner_heliosphere,saturn,41.9041,47.0606,41.9041,61.6868,46.4262,0.750,0.0000,0.0003
NH1,681626254.4,2021-08-07,50.894,287.192,1.973,13.858,0.00796,-0.4292,0.4292,inner_heliosphere,saturn,41.9173,47.0773,41.9173,61.6995,46.4376,1.249,0.0000,0.0003
NH1,681662260.4,2021-08-08,50.897,287.192,1.973,13.858,0.00796,-0.4292,0.4292,inner_heliosphere,saturn,41.9217,47.0828,41.9217,61.7038,46.4414,0.417,0.0000,0.0003
NH1,681799037.4,2021-08-09,50.910,287.194,1.973,13.858,0.00796,-0.4292,0.4292,inner_heliosphere,saturn,41.9384,47.1040,41.9384,61.7198,46.4559,1.583,0.0000,0.0003
NH1,681885543.5,2021-08-10,50.918,287.195,1.973,13.857,0.00796,-0.4292,0.4292,inner_heliosphere,saturn,41.9490,47.1174,41.9490,61.7300,46.4650,1.001,0.0000,0.0003
NH1,681971819.5,2021-08-11,50.926,287.196,1.973,13.857,0.00796,-0.4292,0.4292,inner_heliosphere,saturn,41.9595,47.1308,41.9595,61.7401,46.4742,0.999,0.0000,0.0003
NH1,682058211.5,2021-08-12,50.934,287.197,1.973,13.857,0.00796,-0.4292,0.4292,inner_heliosphere,saturn,41.9701,47.1442,41.9701,61.7503,46.4833,1.000,0.0000,0.0003
NH1,682119395.5,2021-08-13,50.939,287.197,1.973,13.857,0.00796,-0.4292,0.4292,inner_heliosphere,saturn,41.9776,47.1536,41.9776,61.7575,46.4898,0.708,0.0000,0.0003
NH1,682231078.5,2021-08-14,50.950,287.198,1.973,13.856,0.00796,-0.4292,0.4292,inner_heliosphere,saturn,41.9912,47.1710,41.9912,61.7706,46.5016,1.293,0.0000,0.0003
NH1,682317390.5,2021-08-15,50.957,287.199,1.973,13.856,0.00796,-0.4292,0.4292,inner_heliosphere,saturn,42.0018,47.1844,42.0018,61.7808,46.5107,0.999,0.0000,0.0002
NH1,682349797.5,2021-08-16,50.960,287.200,1.973,13.856,0.00796,-0.4292,0.4292,inner_heliosphere,saturn,42.0058,47.1894,42.0058,61.7846,46.5141,0.375,0.0000,0.0002
NH1,682436188.5,2021-08-17,50.968,287.201,1.973,13.856,0.00796,-0.4292,0.4292,inner_heliosphere,saturn,42.0163,47.2029,42.0163,61.7947,46.5233,1.000,0.0000,0.0002
NH1,682576560.5,2021-08-18,50.981,287.202,1.973,13.856,0.00796,-0.4292,0.4292,inner_heliosphere,saturn,42.0335,47.2247,42.0335,61.8112,46.5381,1.625,0.0000,0.0002
NH1,682662956.5,2021-08-19,50.989,287.203,1.973,13.855,0.00796,-0.4292,0.4292,inner_heliosphere,saturn,42.0441,47.2382,42.0441,61.8214,46.5473,1.000,0.0000,0.0002
NH1,682738536.5,2021-08-20,50.996,287.204,1.973,13.855,0.00796,-0.4292,0.4292,inner_heliosphere,saturn,42.0533,47.2500,42.0533,61.8303,46.5552,0.875,0.0000,0.0002
NH1,682806917.5,2021-08-21,51.003,287.204,1.973,13.855,0.00796,-0.4292,0.4292,inner_heliosphere,saturn,42.0617,47.2606,42.0617,61.8383,46.5625,0.791,0.0000,0.0002
NH1,682922126.5,2021-08-22,51.013,287.206,1.973,13.855,0.00796,-0.4292,0.4292,inner_heliosphere,saturn,42.0758,47.2786,42.0758,61.8519,46.5747,1.333,0.0000,0.0002
NH1,682954521.5,2021-08-23,51.016,287.206,1.973,13.855,0.00796,-0.4292,0.4292,inner_heliosphere,saturn,42.0798,47.2837,42.0798,61.8557,46.5781,0.375,0.0000,0.0002
NH1,683094908.5,2021-08-24,51.029,287.207,1.973,13.854,0.00796,-0.4292,0.4292,inner_heliosphere,saturn,42.0970,47.3056,42.0970,61.8722,46.5930,1.625,0.0000,0.0002
NH1,683141673.5,2021-08-25,51.033,287.208,1.973,13.854,0.00796,-0.4292,0.4292,inner_heliosphere,saturn,42.1028,47.3129,42.1028,61.8777,46.5979,0.541,0.0000,0.0002
NH1,683354078.5,2021-08-27,51.053,287.210,1.973,13.854,0.00796,-0.4292,0.4292,inner_heliosphere,saturn,42.1288,47.3462,42.1288,61.9026,46.6204,2.458,0.0000,0.0002
NH1,683440464.5,2021-08-28,51.061,287.211,1.973,13.853,0.00796,-0.4292,0.4292,inner_heliosphere,saturn,42.1394,47.3597,42.1394,61.9128,46.6295,1.000,0.0000,0.0002
NH1,683490828.5,2021-08-29,51.066,287.212,1.973,13.853,0.00796,-0.4292,0.4292,inner_heliosphere,saturn,42.1456,47.3676,42.1456,61.9187,46.6349,0.583,0.0000,0.0002
NH1,683584433.5,2021-08-30,51.074,287.213,1.973,13.853,0.00796,-0.4292,0.4292,inner_heliosphere,saturn,42.1571,47.3823,42.1571,61.9297,46.6448,1.083,0.0000,0.0002
NH1,683642039.5,2021-08-31,51.080,287.213,1.973,13.853,0.00796,-0.4292,0.4292,inner_heliosphere,saturn,42.1642,47.3913,42.1642,61.9365,46.6509,0.667,0.0000,0.0002
NH1,683786021.5,2021-09-01,51.093,287.215,1.973,13.853,0.00796,-0.4292,0.4292,inner_heliosphere,saturn,42.1819,47.4139,42.1819,61.9534,46.6661,1.666,0.0000,0.0002
NH1,683843611.5,2021-09-02,51.098,287.215,1.973,13.852,0.00796,-0.4292,0.4292,inner_heliosphere,saturn,42.1890,47.4230,42.1890,61.9602,46.6722,0.667,0.0000,0.0002
NH1,683958812.5,2021-09-03,51.109,287.217,1.973,13.852,0.00796,-0.4292,0.4292,inner_heliosphere,saturn,42.2031,47.4411,42.2031,61.9737,46.6844,1.333,0.0000,0.0002
NH1,684045194.5,2021-09-04,51.117,287.217,1.973,13.852,0.00796,-0.4292,0.4292,inner_heliosphere,saturn,42.2137,47.4547,42.2137,61.9838,46.6935,1.000,0.0000,0.0002
NH1,684066822.5,2021-09-04,51.119,287.218,1.973,13.852,0.00796,-0.4292,0.4292,inner_heliosphere,saturn,42.2164,47.4581,42.2164,61.9864,46.6958,0.250,0.0000,0.0002
NH1,684217981.5,2021-09-06,51.133,287.219,1.973,13.852,0.00796,-0.4292,0.4292,inner_heliosphere,saturn,42.2350,47.4819,42.2350,62.0042,46.7118,1.750,0.0000,0.0002
NH1,684235930.5,2021-09-06,51.134,287.219,1.973,13.851,0.00796,-0.4292,0.4292,inner_heliosphere,saturn,42.2372,47.4847,42.2372,62.0063,46.7137,0.208,0.0000,0.0002
NH1,684387146.5,2021-09-08,51.148,287.221,1.973,13.851,0.00796,-0.4292,0.4292,inner_heliosphere,saturn,42.2558,47.5086,42.2558,62.0240,46.7298,1.750,0.0000,0.0001
NH1,684441113.5,2021-09-09,51.153,287.222,1.973,13.851,0.00796,-0.4292,0.4292,inner_heliosphere,saturn,42.2625,47.5171,42.2625,62.0304,46.7355,0.625,0.0000,0.0002
NH1,684559916.5,2021-09-10,51.164,287.223,1.973,13.851,0.00796,-0.4292,0.4292,inner_heliosphere,saturn,42.2771,47.5359,42.2771,62.0443,46.7481,1.375,0.0000,0.0001
NH1,684649921.5,2021-09-11,51.172,287.224,1.973,13.850,0.00796,-0.4292,0.4292,inner_heliosphere,saturn,42.2882,47.5501,42.2882,62.0549,46.7576,1.042,0.0000,0.0001
NH1,684737954.5,2021-09-12,51.180,287.225,1.973,13.850,0.00796,-0.4292,0.4292,inner_heliosphere,saturn,42.2990,47.5640,42.2990,62.0653,46.7669,1.019,0.0000,0.0001
NH1,684822703.5,2021-09-13,51.188,287.226,1.973,13.850,0.00796,-0.4292,0.4292,inner_heliosphere,saturn,42.3095,47.5774,42.3095,62.0752,46.7759,0.981,0.0000,0.0001
NH1,684905473.5,2021-09-14,51.196,287.226,1.973,13.850,0.00796,-0.4292,0.4292,inner_heliosphere,saturn,42.3197,47.5905,42.3197,62.0849,46.7847,0.958,0.0000,0.0001
NH1,684991877.5,2021-09-15,51.204,287.227,1.973,13.850,0.00796,-0.4292,0.4292,inner_heliosphere,saturn,42.3303,47.6042,42.3303,62.0951,46.7938,1.000,0.0000,0.0001
NH1,685049452.5,2021-09-16,51.209,287.228,1.973,13.849,0.00796,-0.4292,0.4292,inner_heliosphere,saturn,42.3374,47.6133,42.3374,62.1019,46.7999,0.666,0.0000,0.0001
NH1,685103420.5,2021-09-16,51.214,287.229,1.973,13.849,0.00796,-0.4292,0.4292,inner_heliosphere,saturn,42.3441,47.6219,42.3441,62.1082,46.8057,0.625,0.0000,0.0001
NH1,685247425.5,2021-09-18,51.227,287.230,1.973,13.849,0.00796,-0.4292,0.4292,inner_heliosphere,saturn,42.3619,47.6448,42.3619,62.1251,46.8209,1.667,0.0000,0.0001
NH1,685337418.5,2021-09-19,51.236,287.231,1.973,13.849,0.00796,-0.4292,0.4292,inner_heliosphere,saturn,42.3730,47.6590,42.3730,62.1357,46.8305,1.042,0.0000,0.0001
NH1,685423810.5,2021-09-20,51.244,287.232,1.974,13.849,0.00796,-0.4292,0.4292,inner_heliosphere,saturn,42.3837,47.6728,42.3837,62.1459,46.8396,1.000,0.0000,0.0001
NH1,685470568.5,2021-09-21,51.248,287.232,1.974,13.848,0.00796,-0.4292,0.4292,inner_heliosphere,saturn,42.3894,47.6802,42.3894,62.1514,46.8446,0.541,0.0000,0.0001
NH1,685859394.5,2021-09-25,51.284,287.236,1.974,13.847,0.00796,-0.4292,0.4292,inner_heliosphere,saturn,42.4375,47.7421,42.4375,62.1970,46.8858,4.500,0.0000,0.0001
NH1,685881202.5,2021-09-25,51.286,287.237,1.974,13.847,0.00796,-0.4292,0.4292,inner_heliosphere,saturn,42.4402,47.7456,42.4402,62.1996,46.8881,0.252,0.0000,0.0000
NH1,686341654.5,2021-10-01,51.328,287.241,1.974,13.846,0.00796,-0.4292,0.4292,inner_heliosphere,saturn,42.4972,47.8191,42.4972,62.2537,46.9369,5.329,0.0000,0.0000
NH1,686456860.5,2021-10-02,51.339,287.243,1.974,13.846,0.00796,-0.4292,0.4292,inner_heliosphere,saturn,42.5114,47.8376,42.5114,62.2672,46.9491,1.333,0.0000,0.0000
NH1,686550440.5,2021-10-03,51.347,287.244,1.974,13.846,0.00796,-0.4292,0.4292,inner_heliosphere,saturn,42.5230,47.8526,42.5230,62.2782,46.9591,1.083,0.0000,0.0000
NH1,686572039.5,2021-10-03,51.349,287.244,1.974,13.846,0.00796,-0.4292,0.4292,inner_heliosphere,saturn,42.5257,47.8560,42.5257,62.2808,46.9614,0.250,0.0000,0.0000
NH1,686723215.5,2021-10-05,51.363,287.245,1.974,13.845,0.00796,-0.4292,0.4292,inner_heliosphere,saturn,42.5444,47.8803,42.5444,62.2985,46.9774,1.750,-0.0000,-0.0000
NH1,686802473.5,2021-10-06,51.371,287.246,1.974,13.845,0.00796,-0.4292,0.4292,inner_heliosphere,saturn,42.5543,47.8930,42.5543,62.3079,46.9858,0.917,-0.0000,-0.0000
NH1,686852768.5,2021-10-07,51.375,287.247,1.974,13.845,0.00796,-0.4292,0.4292,inner_heliosphere,saturn,42.5605,47.9011,42.5605,62.3138,46.9912,0.582,-0.0000,-0.0000
NH1,686942769.5,2021-10-08,51.384,287.248,1.974,13.845,0.00796,-0.4292,0.4292,inner_heliosphere,saturn,42.5717,47.9155,42.5717,62.3243,47.0007,1.042,-0.0000,-0.0000
NH1,687061585.5,2021-10-09,51.394,287.249,1.974,13.844,0.00796,-0.4292,0.4292,inner_heliosphere,saturn,42.5864,47.9346,42.5864,62.3383,47.0133,1.375,-0.0000,-0.0000
NH1,687241534.5,2021-10-11,51.411,287.251,1.974,13.844,0.00796,-0.4292,0.4292,inner_heliosphere,saturn,42.6087,47.9635,42.6087,62.3594,47.0324,2.083,-0.0000,-0.0000
NH1,687317127.5,2021-10-12,51.418,287.252,1.974,13.844,0.00796,-0.4292,0.4292,inner_heliosphere,saturn,42.6181,47.9757,42.6181,62.3683,47.0404,0.875,-0.0000,-0.0000
NH1,687407130.5,2021-10-13,51.426,287.253,1.974,13.844,0.00795,-0.4292,0.4292,inner_heliosphere,saturn,42.6293,47.9902,42.6293,62.3789,47.0500,1.042,-0.0000,-0.0000
NH1,687464722.5,2021-10-14,51.432,287.253,1.974,13.843,0.00795,-0.4292,0.4292,inner_heliosphere,saturn,42.6364,47.9995,42.6364,62.3857,47.0561,0.667,-0.0000,-0.0001
NH1,687587086.5,2021-10-15,51.443,287.254,1.974,13.843,0.00795,-0.4292,0.4292,inner_heliosphere,saturn,42.6516,48.0192,42.6516,62.4000,47.0691,1.416,-0.0000,-0.0001
NH1,687601469.5,2021-10-15,51.444,287.255,1.974,13.843,0.00795,-0.4292,0.4292,inner_heliosphere,saturn,42.6534,48.0215,42.6534,62.4017,47.0706,0.166,-0.0000,-0.0000
NH1,687759856.5,2021-10-17,51.459,287.256,1.974,13.843,0.00795,-0.4292,0.4292,inner_heliosphere,saturn,42.6731,48.0471,42.6731,62.4203,47.0874,1.833,-0.0000,-0.0001
NH1,687777862.5,2021-10-17,51.460,287.256,1.974,13.843,0.00795,-0.4292,0.4292,inner_heliosphere,saturn,42.6754,48.0500,42.6754,62.4225,47.0893,0.208,-0.0000,-0.0001
NH1,687918235.5,2021-10-19,51.473,287.258,1.974,13.842,0.00795,-0.4292,0.4292,inner_heliosphere,saturn,42.6928,48.0727,42.6928,62.4389,47.1042,1.625,-0.0000,-0.0001
NH1,687979424.5,2021-10-20,51.479,287.258,1.974,13.842,0.00795,-0.4292,0.4292,inner_heliosphere,saturn,42.7004,48.0826,42.7004,62.4461,47.1107,0.708,-0.0000,-0.0001
NH1,688065819.5,2021-10-21,51.487,287.259,1.974,13.842,0.00795,-0.4292,0.4292,inner_heliosphere,saturn,42.7112,48.0966,42.7112,62.4563,47.1199,1.000,-0.0000,-0.0001
NH1,688191793.5,2021-10-22,51.499,287.261,1.974,13.842,0.00795,-0.4292,0.4292,inner_heliosphere,saturn,42.7269,48.1170,42.7269,62.4711,47.1333,1.458,-0.0000,-0.0001
NH1,688267404.5,2021-10-23,51.505,287.261,1.974,13.842,0.00795,-0.4292,0.4292,inner_heliosphere,saturn,42.7363,48.1292,42.7363,62.4800,47.1413,0.875,-0.0000,-0.0001
NH1,688364568.5,2021-10-24,51.514,287.262,1.974,13.841,0.00795,-0.4292,0.4292,inner_heliosphere,saturn,42.7484,48.1449,42.7484,62.4914,47.1517,1.125,-0.0000,-0.0001
NH1,688450956.5,2021-10-25,51.522,287.263,1.974,13.841,0.00795,-0.4292,0.4292,inner_heliosphere,saturn,42.7591,48.1590,42.7591,62.5015,47.1608,1.000,-0.0000,-0.0001
NH1,688526571.5,2021-10-26,51.529,287.264,1.974,13.841,0.00795,-0.4292,0.4292,inner_heliosphere,saturn,42.7686,48.1712,42.7686,62.5104,47.1689,0.875,-0.0000,-0.0001
NH1,688623733.5,2021-10-27,51.538,287.265,1.974,13.841,0.00795,-0.4292,0.4292,inner_heliosphere,saturn,42.7807,48.1870,42.7807,62.5218,47.1792,1.125,-0.0000,-0.0001
NH1,688692215.5,2021-10-28,51.545,287.266,1.974,13.840,0.00795,-0.4292,0.4292,inner_heliosphere,saturn,42.7892,48.1981,42.7892,62.5299,47.1865,0.793,-0.0000,-0.0001
NH1,688753304.5,2021-10-29,51.550,287.266,1.974,13.840,0.00795,-0.4292,0.4292,inner_heliosphere,saturn,42.7968,48.2080,42.7968,62.5370,47.1929,0.707,-0.0000,-0.0001
NH1,688882898.5,2021-10-30,51.562,287.268,1.974,13.840,0.00795,-0.4292,0.4292,inner_heliosphere,saturn,42.8130,48.2291,42.8130,62.5523,47.2067,1.500,-0.0000,-0.0001
NH1,688897301.5,2021-10-30,51.563,287.268,1.974,13.840,0.00795,-0.4292,0.4292,inner_heliosphere,saturn,42.8148,48.2315,42.8148,62.5540,47.2082,0.167,-0.0000,-0.0001
NH1,689041286.5,2021-11-01,51.577,287.269,1.974,13.840,0.00795,-0.4292,0.4292,inner_heliosphere,saturn,42.8327,48.2549,42.8327,62.5709,47.2235,1.666,-0.0000,-0.0001
NH1,689142061.5,2021-11-02,51.586,287.270,1.974,13.839,0.00795,-0.4292,0.4292,inner_heliosphere,saturn,42.8453,48.2713,42.8453,62.5827,47.2343,1.166,-0.0000,-0.0001
NH1,689156474.5,2021-11-02,51.587,287.271,1.974,13.839,0.00795,-0.4292,0.4292,inner_heliosphere,saturn,42.8471,48.2737,42.8471,62.5844,47.2358,0.167,-0.0000,-0.0002
NH1,689246419.5,2021-11-03,51.596,287.272,1.974,13.839,0.00795,-0.4292,0.4292,inner_heliosphere,saturn,42.8583,48.2883,42.8583,62.5950,47.2453,1.041,-0.0000,-0.0002
NH1,689386842.5,2021-11-05,51.609,287.273,1.974,13.839,0.00795,-0.4292,0.4292,inner_heliosphere,saturn,42.8759,48.3112,42.8759,62.6115,47.2603,1.625,-0.0000,-0.0002
NH1,689574003.5,2021-11-07,51.626,287.275,1.974,13.838,0.00795,-0.4292,0.4292,inner_heliosphere,saturn,42.8993,48.3418,42.8993,62.6334,47.2802,2.166,-0.0000,-0.0002
NH1,689660392.5,2021-11-08,51.634,287.276,1.974,13.838,0.00795,-0.4292,0.4292,inner_heliosphere,saturn,42.9101,48.3559,42.9101,62.6436,47.2894,1.000,-0.0000,-0.0002
NH1,689728795.5,2021-11-09,51.640,287.276,1.974,13.838,0.00795,-0.4292,0.4292,inner_heliosphere,saturn,42.9186,48.3671,42.9186,62.6516,47.2966,0.792,-0.0000,-0.0002
NH1,689786363.5,2021-11-10,51.645,287.277,1.974,13.838,0.00795,-0.4292,0.4292,inner_heliosphere,saturn,42.9258,48.3765,42.9258,62.6584,47.3027,0.666,-0.0000,-0.0002
NH1,689861945.5,2021-11-11,51.652,287.278,1.974,13.838,0.00795,-0.4292,0.4292,inner_heliosphere,saturn,42.9353,48.3888,42.9353,62.6673,47.3108,0.875,-0.0000,-0.0002
NH1,690092969.5,2021-11-13,51.674,287.280,1.974,13.837,0.00795,-0.4292,0.4292,inner_heliosphere,saturn,42.9642,48.4267,42.9642,62.6944,47.3354,2.674,-0.0000,-0.0002
NH1,690178726.5,2021-11-14,51.681,287.281,1.974,13.837,0.00795,-0.4292,0.4292,inner_heliosphere,saturn,42.9749,48.4407,42.9749,62.7045,47.3445,0.993,-0.0000,-0.0002
NH1,690189540.5,2021-11-14,51.682,287.281,1.974,13.837,0.00795,-0.4292,0.4292,inner_heliosphere,saturn,42.9763,48.4425,42.9763,62.7057,47.3456,0.125,-0.0000,-0.0001
NH1,690333536.5,2021-11-16,51.696,287.283,1.974,13.837,0.00795,-0.4292,0.4292,inner_heliosphere,saturn,42.9943,48.4661,42.9943,62.7227,47.3609,1.667,-0.0000,-0.0002
NH1,690437890.5,2021-11-17,51.705,287.284,1.974,13.836,0.00795,-0.4292,0.4292,inner_heliosphere,saturn,43.0074,48.4833,43.0074,62.7349,47.3720,1.208,-0.0000,-0.0002
NH1,690463070.5,2021-11-17,51.708,287.284,1.974,13.836,0.00795,-0.4292,0.4292,inner_heliosphere,saturn,43.0105,48.4874,43.0105,62.7379,47.3747,0.291,-0.0000,-0.0002
NH1,690697061.6,2021-11-20,51.729,287.286,1.975,13.836,0.00795,-0.4292,0.4292,inner_heliosphere,saturn,43.0399,48.5259,43.0399,62.7653,47.3996,2.708,-0.0001,-0.0002
NH1,690761862.6,2021-11-21,51.735,287.287,1.975,13.836,0.00795,-0.4292,0.4292,inner_heliosphere,saturn,43.0480,48.5365,43.0480,62.7730,47.4065,0.750,-0.0000,-0.0002
NH1,690869840.6,2021-11-22,51.745,287.288,1.975,13.835,0.00795,-0.4292,0.4292,inner_heliosphere,saturn,43.0615,48.5543,43.0615,62.7856,47.4180,1.250,-0.0000,-0.0002
NH1,690931025.6,2021-11-23,51.751,287.289,1.975,13.835,0.00795,-0.4292,0.4292,inner_heliosphere,saturn,43.0692,48.5644,43.0692,62.7928,47.4245,0.708,-0.0000,-0.0002
NH1,690992228.6,2021-11-24,51.756,287.289,1.975,13.835,0.00795,-0.4292,0.4292,inner_heliosphere,saturn,43.0769,48.5744,43.0769,62.8000,47.4310,0.708,-0.0000,-0.0003
NH1,691129008.6,2021-11-25,51.769,287.291,1.975,13.835,0.00795,-0.4292,0.4292,inner_heliosphere,saturn,43.0940,48.5970,43.0940,62.8161,47.4456,1.583,-0.0000,-0.0003
NH1,691139818.6,2021-11-25,51.770,287.291,1.975,13.835,0.00795,-0.4292,0.4292,inner_heliosphere,saturn,43.0954,48.5988,43.0954,62.8173,47.4467,0.125,-0.0000,-0.0003
NH1,691370207.6,2021-11-28,51.791,287.293,1.975,13.834,0.00795,-0.4292,0.4292,inner_heliosphere,saturn,43.1243,48.6368,43.1243,62.8444,47.4712,2.667,-0.0001,-0.0003
NH1,691539379.6,2021-11-30,51.807,287.295,1.975,13.834,0.00795,-0.4292,0.4292,inner_heliosphere,saturn,43.1456,48.6647,43.1456,62.8643,47.4893,1.958,-0.0000,-0.0003
NH1,691733748.6,2021-12-02,51.825,287.297,1.975,13.833,0.00795,-0.4292,0.4292,inner_heliosphere,saturn,43.1700,48.6969,43.1700,62.8871,47.5099,2.250,-0.0001,-0.0003
NH1,691820137.6,2021-12-03,51.832,287.298,1.975,13.833,0.00795,-0.4292,0.4292,inner_heliosphere,saturn,43.1809,48.7112,43.1809,62.8972,47.5191,1.000,-0.0000,-0.0003
NH1,691881340.6,2021-12-04,51.838,287.298,1.975,13.833,0.00795,-0.4292,0.4292,inner_heliosphere,saturn,43.1886,48.7213,43.1886,62.9044,47.5257,0.708,-0.0000,-0.0003
NH1,691971331.6,2021-12-05,51.846,287.299,1.975,13.833,0.00795,-0.4292,0.4292,inner_heliosphere,saturn,43.1999,48.7362,43.1999,62.9150,47.5352,1.042,-0.0000,-0.0003
NH1,692054118.6,2021-12-06,51.854,287.300,1.975,13.832,0.00795,-0.4292,0.4292,inner_heliosphere,saturn,43.2103,48.7499,43.2103,62.9247,47.5441,0.958,-0.0000,-0.0003
NH1,692252100.6,2021-12-08,51.872,287.302,1.975,13.832,0.00795,-0.4292,0.4292,inner_heliosphere,saturn,43.2352,48.7828,43.2352,62.9480,47.5651,2.291,-0.0001,-0.0003
NH1,692259307.6,2021-12-08,51.873,287.302,1.975,13.832,0.00795,-0.4292,0.4292,inner_heliosphere,saturn,43.2362,48.7840,43.2362,62.9488,47.5659,0.083,-0.0000,-0.0002
NH1,692403300.6,2021-12-10,51.886,287.304,1.975,13.832,0.00795,-0.4292,0.4292,inner_heliosphere,saturn,43.2543,48.8079,43.2543,62.9657,47.5812,1.667,-0.0000,-0.0003
NH1,692511275.6,2021-12-11,51.896,287.305,1.975,13.831,0.00795,-0.4292,0.4292,inner_heliosphere,saturn,43.2679,48.8258,43.2679,62.9784,47.5927,1.250,-0.0000,-0.0003
NH1,692597671.6,2021-12-12,51.904,287.306,1.975,13.831,0.00795,-0.4292,0.4292,inner_heliosphere,saturn,43.2788,48.8402,43.2788,62.9885,47.6020,1.000,-0.0000,-0.0003
NH1,692601273.6,2021-12-12,51.904,287.306,1.975,13.831,0.00795,-0.4292,0.4292,inner_heliosphere,saturn,43.2792,48.8408,43.2792,62.9890,47.6023,0.042,-0.0000,-0.0003
NH1,692748873.6,2021-12-14,51.918,287.307,1.975,13.831,0.00795,-0.4292,0.4292,inner_heliosphere,saturn,43.2978,48.8654,43.2978,63.0063,47.6181,1.708,-0.0000,-0.0003
NH1,693004454.6,2021-12-17,51.941,287.310,1.975,13.830,0.00795,-0.4292,0.4292,inner_heliosphere,saturn,43.3301,48.9079,43.3301,63.0363,47.6453,2.958,-0.0001,-0.0003
NH1,693062027.6,2021-12-18,51.947,287.311,1.975,13.830,0.00795,-0.4292,0.4292,inner_heliosphere,saturn,43.3374,48.9175,43.3374,63.0431,47.6514,0.666,-0.0000,-0.0003
NH1,693177234.6,2021-12-19,51.957,287.312,1.975,13.830,0.00795,-0.4292,0.4292,inner_heliosphere,saturn,43.3519,48.9367,43.3519,63.0566,47.6637,1.333,-0.0000,-0.0003
NH1,693350030.6,2021-12-21,51.973,287.313,1.975,13.829,0.00795,-0.4292,0.4292,inner_heliosphere,saturn,43.3737,48.9656,43.3737,63.0769,47.6821,2.000,-0.0001,-0.0003
NH1,693461597.6,2021-12-22,51.983,287.315,1.975,13.829,0.00795,-0.4292,0.4292,inner_heliosphere,saturn,43.3878,48.9842,43.3878,63.0900,47.6940,1.291,-0.0000,-0.0003
NH1,693465202.6,2021-12-22,51.984,287.315,1.975,13.829,0.00795,-0.4292,0.4292,inner_heliosphere,saturn,43.3883,48.9848,43.3883,63.0904,47.6944,0.042,-0.0000,-0.0003
NH1,693720774.6,2021-12-25,52.007,287.317,1.975,13.829,0.00795,-0.4292,0.4292,inner_heliosphere,saturn,43.4206,49.0275,43.4206,63.1204,47.7216,2.958,-0.0001,-0.0003
NH1,693742346.6,2021-12-25,52.009,287.317,1.975,13.829,0.00795,-0.4292,0.4292,inner_heliosphere,saturn,43.4233,49.0311,43.4233,63.1229,47.7239,0.250,-0.0000,-0.0003
NH1,693893703.6,2021-12-27,52.023,287.319,1.975,13.828,0.00795,-0.4292,0.4292,inner_heliosphere,saturn,43.4424,49.0565,43.4424,63.1407,47.7401,1.752,-0.0001,-0.0003
NH1,693954785.6,2021-12-28,52.029,287.320,1.975,13.828,0.00795,-0.4292,0.4292,inner_heliosphere,saturn,43.4502,49.0667,43.4502,63.1479,47.7466,0.707,-0.0000,-0.0003
NH1,694041178.6,2021-12-29,52.037,287.320,1.975,13.828,0.00795,-0.4292,0.4292,inner_heliosphere,saturn,43.4611,49.0812,43.4611,63.1580,47.7558,1.000,-0.0000,-0.0003
NH1,694296743.6,2022-01-01,52.060,287.323,1.975,13.827,0.00795,-0.4292,0.4292,inner_heliosphere,saturn,43.4934,49.1241,43.4934,63.1880,47.7831,2.958,-0.0001,-0.0003
NH1,694411922.6,2022-01-02,52.071,287.324,1.975,13.827,0.00795,-0.4292,0.4292,inner_heliosphere,saturn,43.5080,49.1434,43.5080,63.2015,47.7953,1.333,-0.0000,-0.0003
NH1,694469533.6,2022-01-03,52.076,287.325,1.975,13.827,0.00795,-0.4292,0.4292,inner_heliosphere,saturn,43.5153,49.1531,43.5153,63.2083,47.8015,0.667,-0.0000,-0.0003
NH1,694613524.6,2022-01-05,52.089,287.326,1.975,13.826,0.00795,-0.4292,0.4292,inner_heliosphere,saturn,43.5336,49.1773,43.5336,63.2252,47.8168,1.667,-0.0000,-0.0003
NH1,694757509.6,2022-01-06,52.103,287.328,1.975,13.826,0.00795,-0.4292,0.4292,inner_heliosphere,saturn,43.5518,49.2015,43.5518,63.2421,47.8322,1.666,-0.0000,-0.0003
NH1,694901534.6,2022-01-08,52.116,287.329,1.975,13.826,0.00795,-0.4292,0.4292,inner_heliosphere,saturn,43.5701,49.2257,43.5701,63.2590,47.8476,1.667,-0.0000,-0.0003
NH1,694987927.6,2022-01-09,52.124,287.330,1.975,13.826,0.00795,-0.4292,0.4292,inner_heliosphere,saturn,43.5811,49.2403,43.5811,63.2691,47.8568,1.000,-0.0000,-0.0003
NH1,695038283.6,2022-01-09,52.128,287.330,1.975,13.826,0.00795,-0.4292,0.4292,inner_heliosphere,saturn,43.5874,49.2488,43.5874,63.2751,47.8622,0.583,-0.0000,-0.0003
NH1,695272288.6,2022-01-12,52.150,287.333,1.975,13.825,0.00795,-0.4292,0.4292,inner_heliosphere,saturn,43.6172,49.2882,43.6172,63.3025,47.8871,2.708,-0.0001,-0.0003
NH1,695448679.6,2022-01-14,52.166,287.335,1.975,13.825,0.00795,-0.4292,0.4292,inner_heliosphere,saturn,43.6396,49.3180,43.6396,63.3232,47.9060,2.042,-0.0001,-0.0003
NH1,695535075.6,2022-01-15,52.174,287.335,1.975,13.824,0.00794,-0.4292,0.4292,inner_heliosphere,saturn,43.6505,49.3326,43.6505,63.3334,47.9152,1.000,-0.0000,-0.0003
NH1,695621472.6,2022-01-16,52.182,287.336,1.975,13.824,0.00794,-0.4292,0.4292,inner_heliosphere,saturn,43.6615,49.3472,43.6615,63.3435,47.9244,1.000,-0.0000,-0.0003
NH1,695643073.6,2022-01-16,52.184,287.337,1.975,13.824,0.00794,-0.4292,0.4292,inner_heliosphere,saturn,43.6643,49.3508,43.6643,63.3460,47.9267,0.250,-0.0000,-0.0003
NH1,696049864.6,2022-01-21,52.221,287.341,1.976,13.823,0.00794,-0.4292,0.4292,inner_heliosphere,saturn,43.7160,49.4196,43.7160,63.3938,47.9701,4.708,-0.0001,-0.0003
NH1,696139859.6,2022-01-22,52.230,287.342,1.976,13.823,0.00794,-0.4292,0.4292,inner_heliosphere,saturn,43.7274,49.4349,43.7274,63.4044,47.9798,1.042,-0.0000,-0.0003
NH1,696165082.6,2022-01-22,52.232,287.342,1.976,13.823,0.00794,-0.4292,0.4292,inner_heliosphere,saturn,43.7306,49.4392,43.7306,63.4073,47.9824,0.292,-0.0000,-0.0003
NH1,696247847.6,2022-01-23,52.240,287.343,1.976,13.823,0.00794,-0.4292,0.4292,inner_heliosphere,saturn,43.7412,49.4532,43.7412,63.4170,47.9913,0.958,-0.0000,-0.0003
NH1,696363058.6,2022-01-25,52.250,287.344,1.976,13.822,0.00794,-0.4292,0.4292,inner_heliosphere,saturn,43.7559,49.4727,43.7559,63.4305,48.0036,1.333,-0.0000,-0.0003
NH1,696442249.6,2022-01-26,52.258,287.345,1.976,13.822,0.00794,-0.4292,0.4292,inner_heliosphere,saturn,43.7659,49.4862,43.7659,63.4398,48.0120,0.917,-0.0000,-0.0003
NH1,696593452.6,2022-01-27,52.271,287.346,1.976,13.822,0.00794,-0.4292,0.4292,inner_heliosphere,saturn,43.7852,49.5118,43.7852,63.4576,48.0282,1.750,-0.0000,-0.0003
NH1,696712287.6,2022-01-29,52.282,287.347,1.976,13.822,0.00794,-0.4292,0.4292,inner_heliosphere,saturn,43.8003,49.5320,43.8003,63.4715,48.0409,1.375,-0.0000,-0.0003
NH1,696795068.6,2022-01-30,52.290,287.348,1.976,13.821,0.00794,-0.4292,0.4292,inner_heliosphere,saturn,43.8109,49.5461,43.8109,63.4812,48.0497,0.958,-0.0000,-0.0003
NH1,696881482.6,2022-01-31,52.298,287.349,1.976,13.821,0.00794,-0.4292,0.4292,inner_heliosphere,saturn,43.8219,49.5608,43.8219,63.4914,48.0590,1.000,-0.0000,-0.0003
NH1,697003848.6,2022-02-01,52.309,287.350,1.976,13.821,0.00794,-0.4292,0.4292,inner_heliosphere,saturn,43.8375,49.5816,43.8375,63.5057,48.0720,1.416,-0.0000,-0.0003
NH1,697014632.6,2022-02-01,52.310,287.350,1.976,13.821,0.00794,-0.4292,0.4292,inner_heliosphere,saturn,43.8389,49.5834,43.8389,63.5070,48.0732,0.125,-0.0000,-0.0003
NH1,697263053.6,2022-02-04,52.333,287.353,1.976,13.820,0.00794,-0.4292,0.4292,inner_heliosphere,saturn,43.8706,49.6257,43.8706,63.5362,48.0997,2.875,-0.0001,-0.0003
NH1,697342271.6,2022-02-05,52.340,287.354,1.976,13.820,0.00794,-0.4292,0.4292,inner_heliosphere,saturn,43.8807,49.6392,43.8807,63.5455,48.1082,0.917,-0.0000,-0.0003
NH1,697435852.6,2022-02-06,52.349,287.355,1.976,13.820,0.00794,-0.4292,0.4292,inner_heliosphere,saturn,43.8927,49.6552,43.8927,63.5564,48.1182,1.083,-0.0000,-0.0003
NH1,697511457.6,2022-02-07,52.356,287.355,1.976,13.820,0.00794,-0.4292,0.4292,inner_heliosphere,saturn,43.9023,49.6680,43.9023,63.5653,48.1263,0.875,-0.0000,-0.0003
NH1,697601484.6,2022-02-08,52.364,287.356,1.976,13.820,0.00794,-0.4292,0.4292,inner_heliosphere,saturn,43.9138,49.6834,43.9138,63.5759,48.1359,1.042,-0.0000,-0.0003
NH1,697696250.6,2022-02-09,52.373,287.357,1.976,13.819,0.00794,-0.4292,0.4292,inner_heliosphere,saturn,43.9259,49.6996,43.9259,63.5870,48.1460,1.097,-0.0000,-0.0003
NH1,697705833.6,2022-02-09,52.374,287.357,1.976,13.819,0.00794,-0.4292,0.4292,inner_heliosphere,saturn,43.9272,49.7012,43.9272,63.5881,48.1471,0.111,-0.0000,-0.0003
NH1,697792269.6,2022-02-10,52.382,287.358,1.976,13.819,0.00794,-0.4292,0.4292,inner_heliosphere,saturn,43.9382,49.7160,43.9382,63.5983,48.1563,1.000,-0.0000,-0.0003
NH1,697954285.6,2022-02-12,52.397,287.360,1.976,13.819,0.00794,-0.4292,0.4292,inner_heliosphere,saturn,43.9589,49.7437,43.9589,63.6173,48.1736,1.875,-0.0000,-0.0003
NH1,698040654.6,2022-02-13,52.405,287.361,1.976,13.819,0.00794,-0.4292,0.4292,inner_heliosphere,saturn,43.9700,49.7584,43.9700,63.6274,48.1829,1.000,-0.0000,-0.0003
NH1,698101856.6,2022-02-14,52.410,287.361,1.976,13.819,0.00794,-0.4292,0.4292,inner_heliosphere,saturn,43.9778,49.7689,43.9778,63.6346,48.1894,0.708,-0.0000,-0.0002
NH1,698249455.6,2022-02-16,52.424,287.363,1.976,13.818,0.00794,-0.4292,0.4292,inner_heliosphere,saturn,43.9967,49.7941,43.9967,63.6519,48.2052,1.708,-0.0000,-0.0002
NH1,698386260.6,2022-02-17,52.436,287.364,1.976,13.818,0.00794,-0.4292,0.4292,inner_heliosphere,saturn,44.0142,49.8176,44.0142,63.6680,48.2198,1.583,-0.0000,-0.0002
NH1,698469063.6,2022-02-18,52.444,287.365,1.976,13.818,0.00794,-0.4292,0.4292,inner_heliosphere,saturn,44.0248,49.8317,44.0248,63.6777,48.2287,0.958,-0.0000,-0.0002
NH1,698559062.6,2022-02-19,52.452,287.366,1.976,13.817,0.00794,-0.4292,0.4292,inner_heliosphere,saturn,44.0363,49.8472,44.0363,63.6882,48.2383,1.042,-0.0000,-0.0002
NH1,698645467.6,2022-02-20,52.460,287.367,1.976,13.817,0.00794,-0.4292,0.4292,inner_heliosphere,saturn,44.0474,49.8620,44.0474,63.6984,48.2475,1.000,-0.0000,-0.0002
NH1,698688678.6,2022-02-21,52.464,287.367,1.976,13.817,0.00794,-0.4292,0.4292,inner_heliosphere,saturn,44.0529,49.8694,44.0529,63.7034,48.2522,0.500,-0.0000,-0.0002
NH1,698793064.6,2022-02-22,52.474,287.368,1.976,13.817,0.00794,-0.4292,0.4292,inner_heliosphere,saturn,44.0663,49.8873,44.0663,63.7157,48.2633,1.208,-0.0000,-0.0002
NH1,698861472.6,2022-02-23,52.480,287.369,1.976,13.817,0.00794,-0.4292,0.4292,inner_heliosphere,saturn,44.0751,49.8990,44.0751,63.7237,48.2706,0.792,-0.0000,-0.0002
NH1,698922699.6,2022-02-23,52.486,287.369,1.976,13.817,0.00794,-0.4292,0.4292,inner_heliosphere,saturn,44.0829,49.9095,44.0829,63.7309,48.2772,0.709,-0.0000,-0.0002
NH1,699163877.6,2022-02-26,52.508,287.372,1.976,13.816,0.00794,-0.4292,0.4292,inner_heliosphere,saturn,44.1139,49.9510,44.1139,63.7592,48.3030,2.791,-0.0000,-0.0002
NH1,699232295.6,2022-02-27,52.514,287.372,1.976,13.816,0.00794,-0.4292,0.4292,inner_heliosphere,saturn,44.1226,49.9627,44.1226,63.7672,48.3103,0.792,-0.0000,-0.0002
NH1,699286277.6,2022-02-28,52.519,287.373,1.976,13.816,0.00794,-0.4292,0.4292,inner_heliosphere,saturn,44.1296,49.9720,44.1296,63.7736,48.3161,0.625,-0.0000,-0.0002
NH1,699379900.6,2022-03-01,52.528,287.374,1.976,13.816,0.00794,-0.4292,0.4292,inner_heliosphere,saturn,44.1416,49.9881,44.1416,63.7845,48.3261,1.084,-0.0000,-0.0002
NH1,699469915.7,2022-03-02,52.536,287.375,1.976,13.815,0.00794,-0.4292,0.4292,inner_heliosphere,saturn,44.1531,50.0036,44.1531,63.7951,48.3357,1.042,-0.0000,-0.0002
NH1,699667915.7,2022-03-04,52.554,287.377,1.976,13.815,0.00794,-0.4292,0.4292,inner_heliosphere,saturn,44.1786,50.0377,44.1786,63.8183,48.3569,2.292,-0.0000,-0.0002
NH1,699768701.7,2022-03-05,52.563,287.378,1.976,13.815,0.00794,-0.4292,0.4292,inner_heliosphere,saturn,44.1915,50.0550,44.1915,63.8301,48.3677,1.167,-0.0000,-0.0002
NH1,699829901.7,2022-03-06,52.569,287.378,1.976,13.815,0.00794,-0.4292,0.4292,inner_heliosphere,saturn,44.1994,50.0656,44.1994,63.8373,48.3743,0.708,-0.0000,-0.0002
NH1,699927120.7,2022-03-07,52.578,287.379,1.976,13.814,0.00794,-0.4292,0.4292,inner_heliosphere,saturn,44.2119,50.0823,44.2119,63.8487,48.3847,1.125,-0.0000,-0.0001
NH1,700013659.7,2022-03-08,52.586,287.380,1.976,13.814,0.00794,-0.4292,0.4292,inner_heliosphere,saturn,44.2230,50.0973,44.2230,63.8589,48.3939,1.002,-0.0000,-0.0002
NH1,700067512.7,2022-03-09,52.591,287.381,1.976,13.814,0.00794,-0.4292,0.4292,inner_heliosphere,saturn,44.2299,50.1066,44.2299,63.8652,48.3997,0.623,-0.0000,-0.0001
NH1,700287121.7,2022-03-11,52.611,287.383,1.976,13.814,0.00794,-0.4292,0.4292,inner_heliosphere,saturn,44.2582,50.1445,44.2582,63.8910,48.4232,2.542,-0.0000,-0.0001
NH1,700297911.7,2022-03-11,52.612,287.383,1.976,13.813,0.00794,-0.4292,0.4292,inner_heliosphere,saturn,44.2596,50.1463,44.2596,63.8922,48.4244,0.125,-0.0000,-0.0001
NH1,700531925.7,2022-03-14,52.633,287.385,1.976,13.813,0.00794,-0.4292,0.4292,inner_heliosphere,saturn,44.2897,50.1868,44.2897,63.9197,48.4494,2.708,-0.0000,-0.0001
NH1,700607534.7,2022-03-15,52.640,287.386,1.976,13.813,0.00794,-0.4292,0.4292,inner_heliosphere,saturn,44.2994,50.1998,44.2994,63.9285,48.4575,0.875,-0.0000,-0.0001
NH1,700672343.7,2022-03-16,52.646,287.387,1.976,13.813,0.00794,-0.4292,0.4292,inner_heliosphere,saturn,44.3078,50.2110,44.3078,63.9361,48.4645,0.750,-0.0000,-0.0001
NH1,700773135.7,2022-03-17,52.656,287.388,1.976,13.812,0.00794,-0.4292,0.4292,inner_heliosphere,saturn,44.3208,50.2285,44.3208,63.9480,48.4753,1.167,-0.0000,-0.0001
NH1,700877546.7,2022-03-18,52.665,287.389,1.976,13.812,0.00794,-0.4292,0.4292,inner_heliosphere,saturn,44.3342,50.2465,44.3342,63.9602,48.4864,1.208,-0.0000,-0.0001
NH1,700978352.7,2022-03-19,52.674,287.390,1.976,13.812,0.00794,-0.4292,0.4292,inner_heliosphere,saturn,44.3472,50.2640,44.3472,63.9720,48.4972,1.167,-0.0000,-0.0001
NH1,701046784.7,2022-03-20,52.681,287.390,1.976,13.812,0.00794,-0.4292,0.4292,inner_heliosphere,saturn,44.3560,50.2758,44.3560,63.9801,48.5046,0.792,-0.0000,-0.0001
NH1,701100762.7,2022-03-21,52.686,287.391,1.976,13.812,0.00794,-0.4292,0.4292,inner_heliosphere,saturn,44.3630,50.2852,44.3630,63.9864,48.5104,0.625,-0.0000,-0.0001
NH1,701230364.7,2022-03-22,52.698,287.392,1.977,13.811,0.00794,-0.4292,0.4292,inner_heliosphere,saturn,44.3797,50.3077,44.3797,64.0016,48.5242,1.500,-0.0000,-0.0001
NH1,701273567.7,2022-03-23,52.702,287.393,1.977,13.811,0.00794,-0.4292,0.4292,inner_heliosphere,saturn,44.3853,50.3151,44.3853,64.0067,48.5289,0.500,-0.0000,-0.0001
NH1,701349160.7,2022-03-23,52.709,287.393,1.977,13.811,0.00794,-0.4292,0.4292,inner_heliosphere,saturn,44.3950,50.3283,44.3950,64.0155,48.5370,0.875,-0.0000,-0.0001
NH1,701561599.7,2022-03-26,52.728,287.395,1.977,13.811,0.00794,-0.4292,0.4292,inner_heliosphere,saturn,44.4224,50.3651,44.4224,64.0404,48.5597,2.459,-0.0000,-0.0001
NH1,701669586.7,2022-03-27,52.738,287.396,1.977,13.810,0.00794,-0.4292,0.4292,inner_heliosphere,saturn,44.4364,50.3839,44.4364,64.0531,48.5713,1.250,-0.0000,-0.0000
NH1,701730794.7,2022-03-28,52.744,287.397,1.977,13.810,0.00794,-0.4292,0.4292,inner_heliosphere,saturn,44.4443,50.3945,44.4443,64.0603,48.5779,0.708,-0.0000,-0.0000
NH1,701781187.7,2022-03-28,52.748,287.398,1.977,13.810,0.00794,-0.4292,0.4292,inner_heliosphere,saturn,44.4508,50.4033,44.4508,64.0662,48.5833,0.583,-0.0000,-0.0000
NH1,701921598.7,2022-03-30,52.761,287.399,1.977,13.810,0.00794,-0.4292,0.4292,inner_heliosphere,saturn,44.4689,50.4277,44.4689,64.0827,48.5983,1.625,-0.0000,-0.0000
NH1,701950391.7,2022-03-30,52.764,287.399,1.977,13.810,0.00794,-0.4292,0.4292,inner_heliosphere,saturn,44.4727,50.4327,44.4727,64.0860,48.6014,0.333,-0.0000,-0.0000
NH1,702083604.7,2022-04-01,52.776,287.401,1.977,13.809,0.00794,-0.4292,0.4292,inner_heliosphere,saturn,44.4899,50.4558,44.4899,64.1017,48.6157,1.542,-0.0000,-0.0000
NH1,702188016.7,2022-04-02,52.786,287.402,1.977,13.809,0.00794,-0.4292,0.4292,inner_heliosphere,saturn,44.5034,50.4740,44.5034,64.1139,48.6269,1.208,-0.0000,-0.0000
NH1,702252829.7,2022-04-03,52.792,287.402,1.977,13.809,0.00794,-0.4292,0.4292,inner_heliosphere,saturn,44.5118,50.4853,44.5118,64.1215,48.6338,0.750,0.0000,0.0000
NH1,702353621.7,2022-04-04,52.801,287.403,1.977,13.809,0.00794,-0.4292,0.4292,inner_heliosphere,saturn,44.5248,50.5028,44.5248,64.1333,48.6446,1.167,-0.0000,-0.0000
NH1,702389622.7,2022-04-05,52.804,287.404,1.977,13.809,0.00794,-0.4292,0.4292,inner_heliosphere,saturn,44.5295,50.5091,44.5295,64.1375,48.6485,0.417,0.0000,0.0000
NH1,702587636.7,2022-04-07,52.822,287.405,1.977,13.808,0.00794,-0.4292,0.4292,inner_heliosphere,saturn,44.5551,50.5436,44.5551,64.1608,48.6697,2.292,0.0000,0.0000
NH1,702674041.7,2022-04-08,52.830,287.406,1.977,13.808,0.00794,-0.4292,0.4292,inner_heliosphere,saturn,44.5663,50.5586,44.5663,64.1709,48.6790,1.000,0.0000,0.0000
NH1,702785643.7,2022-04-09,52.841,287.407,1.977,13.808,0.00794,-0.4292,0.4292,inner_heliosphere,saturn,44.5807,50.5781,44.5807,64.1840,48.6910,1.292,0.0000,0.0000
NH1,702843243.7,2022-04-10,52.846,287.408,1.977,13.808,0.00794,-0.4292,0.4292,inner_heliosphere,saturn,44.5882,50.5882,44.5882,64.1907,48.6971,0.667,0.0000,0.0001
NH1,702958453.7,2022-04-11,52.856,287.409,1.977,13.807,0.00794,-0.4292,0.4292,inner_heliosphere,saturn,44.6031,50.6083,44.6031,64.2042,48.7095,1.333,0.0000,0.0000
NH1,703052067.7,2022-04-12,52.865,287.410,1.977,13.807,0.00794,-0.4292,0.4292,inner_heliosphere,saturn,44.6152,50.6246,44.6152,64.2152,48.7195,1.083,0.0000,0.0000
NH1,703131263.7,2022-04-13,52.872,287.411,1.977,13.807,0.00794,-0.4292,0.4292,inner_heliosphere,saturn,44.6255,50.6384,44.6255,64.2245,48.7280,0.917,0.0000,0.0000
NH1,703160056.7,2022-04-13,52.875,287.411,1.977,13.807,0.00794,-0.4292,0.4292,inner_heliosphere,saturn,44.6292,50.6435,44.6292,64.2279,48.7311,0.333,0.0000,0.0001
NH1,703311282.7,2022-04-15,52.889,287.413,1.977,13.807,0.00794,-0.4292,0.4292,inner_heliosphere,saturn,44.6488,50.6699,44.6488,64.2456,48.7473,1.750,0.0000,0.0001
NH1,703372497.7,2022-04-16,52.894,287.413,1.977,13.806,0.00794,-0.4292,0.4292,inner_heliosphere,saturn,44.6568,50.6806,44.6568,64.2528,48.7539,0.709,0.0000,0.0001
NH1,703455283.7,2022-04-17,52.902,287.414,1.977,13.806,0.00794,-0.4292,0.4292,inner_heliosphere,saturn,44.6675,50.6951,44.6675,64.2625,48.7628,0.958,0.0000,0.0001
NH1,703563285.7,2022-04-18,52.912,287.415,1.977,13.806,0.00794,-0.4292,0.4292,inner_heliosphere,saturn,44.6815,50.7139,44.6815,64.2752,48.7744,1.250,0.0000,0.0001
NH1,703649689.7,2022-04-19,52.920,287.416,1.977,13.806,0.00794,-0.4292,0.4292,inner_heliosphere,saturn,44.6927,50.7291,44.6927,64.2853,48.7836,1.000,0.0000,0.0001
NH1,703682091.7,2022-04-19,52.923,287.416,1.977,13.806,0.00794,-0.4292,0.4292,inner_heliosphere,saturn,44.6969,50.7347,44.6969,64.2891,48.7871,0.375,0.0000,0.0001
NH1,703854893.7,2022-04-21,52.939,287.418,1.977,13.805,0.00794,-0.4292,0.4292,inner_heliosphere,saturn,44.7194,50.7650,44.7194,64.3094,48.8057,2.000,0.0000,0.0001
NH1,703948520.7,2022-04-23,52.947,287.419,1.977,13.805,0.00794,-0.4292,0.4292,inner_heliosphere,saturn,44.7315,50.7814,44.7315,64.3203,48.8157,1.084,0.0000,0.0001
NH1,704078111.7,2022-04-24,52.959,287.420,1.977,13.805,0.00793,-0.4292,0.4292,inner_heliosphere,saturn,44.7484,50.8041,44.7484,64.3355,48.8296,1.500,0.0000,0.0001
NH1,704146522.7,2022-04-25,52.966,287.421,1.977,13.805,0.00793,-0.4292,0.4292,inner_heliosphere,saturn,44.7573,50.8161,44.7573,64.3435,48.8370,0.792,0.0000,0.0001
NH1,704222114.7,2022-04-26,52.972,287.421,1.977,13.805,0.00793,-0.4292,0.4292,inner_heliosphere,saturn,44.7671,50.8293,44.7671,64.3524,48.8451,0.875,0.0000,0.0001
NH1,704340924.7,2022-04-27,52.983,287.423,1.977,13.804,0.00793,-0.4292,0.4292,inner_heliosphere,saturn,44.7825,50.8502,44.7825,64.3663,48.8578,1.375,0.0000,0.0001
NH1,704430931.7,2022-04-28,52.992,287.423,1.977,13.804,0.00793,-0.4292,0.4292,inner_heliosphere,saturn,44.7942,50.8659,44.7942,64.3769,48.8675,1.042,0.0000,0.0001
NH1,704520944.7,2022-04-29,53.000,287.424,1.977,13.804,0.00793,-0.4292,0.4292,inner_heliosphere,saturn,44.8059,50.8817,44.8059,64.3874,48.8772,1.042,0.0000,0.0001
NH1,704607356.7,2022-04-30,53.008,287.425,1.977,13.804,0.00793,-0.4292,0.4292,inner_heliosphere,saturn,44.8172,50.8969,44.8172,64.3976,48.8864,1.000,0.0000,0.0001
NH1,704682940.7,2022-05-01,53.015,287.426,1.977,13.803,0.00793,-0.4292,0.4292,inner_heliosphere,saturn,44.8270,50.9102,44.8270,64.4064,48.8945,0.875,0.0000,0.0001
NH1,704772966.7,2022-05-02,53.023,287.427,1.977,13.803,0.00793,-0.4292,0.4292,inner_heliosphere,saturn,44.8387,50.9260,44.8387,64.4170,48.9042,1.042,0.0000,0.0001
NH1,704801777.7,2022-05-02,53.026,287.427,1.977,13.803,0.00793,-0.4292,0.4292,inner_heliosphere,saturn,44.8425,50.9311,44.8425,64.4204,48.9073,0.333,0.0000,0.0002
NH1,704891794.7,2022-05-03,53.034,287.428,1.977,13.803,0.00793,-0.4292,0.4292,inner_heliosphere,saturn,44.8542,50.9469,44.8542,64.4309,48.9170,1.042,0.0000,0.0002
NH1,705068217.7,2022-05-06,53.050,287.430,1.977,13.803,0.00793,-0.4292,0.4292,inner_heliosphere,saturn,44.8772,50.9779,44.8772,64.4516,48.9359,2.042,0.0000,0.0002
NH1,705212228.7,2022-05-07,53.063,287.431,1.977,13.802,0.00793,-0.4292,0.4292,inner_heliosphere,saturn,44.8959,51.0032,44.8959,64.4685,48.9514,1.667,0.0000,0.0002
NH1,705291395.7,2022-05-08,53.071,287.432,1.977,13.802,0.00793,-0.4292,0.4292,inner_heliosphere,saturn,44.9063,51.0172,44.9063,64.4777,48.9599,0.916,0.0000,0.0002
NH1,705323826.7,2022-05-08,53.074,287.432,1.977,13.802,0.00793,-0.4292,0.4292,inner_heliosphere,saturn,44.9105,51.0229,44.9105,64.4815,48.9634,0.375,0.0000,0.0002
NH1,705413856.7,2022-05-10,53.082,287.433,1.977,13.802,0.00793,-0.4292,0.4292,inner_heliosphere,saturn,44.9222,51.0387,44.9222,64.4921,48.9730,1.042,0.0000,0.0002
NH1,705521816.7,2022-05-11,53.092,287.434,1.977,13.802,0.00793,-0.4292,0.4292,inner_heliosphere,saturn,44.9363,51.0577,44.9363,64.5048,48.9846,1.250,0.0000,0.0002
NH1,705579404.7,2022-05-11,53.097,287.435,1.977,13.801,0.00793,-0.4292,0.4292,inner_heliosphere,saturn,44.9438,51.0679,44.9438,64.5115,48.9908,0.667,0.0000,0.0002
NH1,705701868.7,2022-05-13,53.108,287.436,1.977,13.801,0.00793,-0.4292,0.4292,inner_heliosphere,saturn,44.9598,51.0894,44.9598,64.5259,49.0040,1.417,0.0000,0.0002
NH1,705781025.7,2022-05-14,53.116,287.437,1.977,13.801,0.00793,-0.4292,0.4292,inner_heliosphere,saturn,44.9701,51.1034,44.9701,64.5351,49.0125,0.916,0.0000,0.0002
NH1,705871194.7,2022-05-15,53.124,287.437,1.977,13.801,0.00793,-0.4292,0.4292,inner_heliosphere,saturn,44.9819,51.1193,44.9819,64.5457,49.0222,1.044,0.0000,0.0002
NH1,705950228.7,2022-05-16,53.131,287.438,1.977,13.801,0.00793,-0.4292,0.4292,inner_heliosphere,saturn,44.9922,51.1332,44.9922,64.5550,49.0307,0.915,0.0000,0.0002
NH1,706007813.7,2022-05-16,53.136,287.439,1.977,13.800,0.00793,-0.4292,0.4292,inner_heliosphere,saturn,44.9997,51.1434,44.9997,64.5617,49.0369,0.666,0.0000,0.0002
NH1,706130262.7,2022-05-18,53.148,287.440,1.977,13.800,0.00793,-0.4292,0.4292,inner_heliosphere,saturn,45.0157,51.1650,45.0157,64.5761,49.0500,1.417,0.0000,0.0002
NH1,706180620.7,2022-05-18,53.152,287.440,1.977,13.800,0.00793,-0.4292,0.4292,inner_heliosphere,saturn,45.0223,51.1739,45.0223,64.5820,49.0554,0.583,0.0000,0.0002
NH1,706292236.7,2022-05-20,53.163,287.442,1.977,13.800,0.00793,-0.4292,0.4292,inner_heliosphere,saturn,45.0368,51.1936,45.0368,64.5951,49.0674,1.292,0.0000,0.0002
NH1,706411920.7,2022-05-21,53.174,287.443,1.977,13.800,0.00793,-0.4292,0.4292,inner_heliosphere,saturn,45.0525,51.2147,45.0525,64.6091,49.0803,1.385,0.0000,0.0002
NH1,706475905.7,2022-05-22,53.179,287.443,1.977,13.799,0.00793,-0.4292,0.4292,inner_heliosphere,saturn,45.0609,51.2260,45.0609,64.6166,49.0872,0.741,0.0000,0.0002
NH1,706551438.7,2022-05-23,53.186,287.444,1.977,13.799,0.00793,-0.4292,0.4292,inner_heliosphere,saturn,45.0707,51.2394,45.0707,64.6254,49.0953,0.874,0.0000,0.0003
NH1,706616244.7,2022-05-23,53.192,287.445,1.978,13.799,0.00793,-0.4292,0.4292,inner_heliosphere,saturn,45.0792,51.2508,45.0792,64.6330,49.1023,0.750,0.0000,0.0002
NH1,706702721.7,2022-05-24,53.200,287.446,1.978,13.799,0.00793,-0.4292,0.4292,inner_heliosphere,saturn,45.0905,51.2661,45.0905,64.6432,49.1116,1.001,0.0000,0.0003
NH1,706817928.7,2022-05-26,53.211,287.447,1.978,13.799,0.00793,-0.4292,0.4292,inner_heliosphere,saturn,45.1056,51.2865,45.1056,64.6567,49.1239,1.333,0.0000,0.0003
NH1,706926731.7,2022-05-27,53.221,287.448,1.978,13.798,0.00793,-0.4292,0.4292,inner_heliosphere,saturn,45.1198,51.3057,45.1198,64.6694,49.1356,1.259,0.0000,0.0003
NH1,707015957.7,2022-05-28,53.229,287.449,1.978,13.798,0.00793,-0.4292,0.4292,inner_heliosphere,saturn,45.1315,51.3215,45.1315,64.6799,49.1452,1.033,0.0000,0.0003
NH1,707077132.7,2022-05-29,53.235,287.449,1.978,13.798,0.00793,-0.4292,0.4292,inner_heliosphere,saturn,45.1395,51.3323,45.1395,64.6870,49.1518,0.708,0.0000,0.0003
NH1,707185150.7,2022-05-30,53.245,287.450,1.978,13.798,0.00793,-0.4292,0.4292,inner_heliosphere,saturn,45.1536,51.3514,45.1536,64.6997,49.1634,1.250,0.0000,0.0003
NH1,707253549.7,2022-05-31,53.251,287.451,1.978,13.798,0.00793,-0.4292,0.4292,inner_heliosphere,saturn,45.1626,51.3636,45.1626,64.7077,49.1708,0.792,0.0000,0.0003
NH1,707361468.7,2022-06-01,53.261,287.452,1.978,13.797,0.00793,-0.4292,0.4292,inner_heliosphere,saturn,45.1767,51.3827,45.1767,64.7204,49.1824,1.249,0.0000,0.0003
NH1,730957798.0,2023-03-01,55.423,287.670,1.982,13.748,0.00791,-0.4292,0.4292,inner_heliosphere,saturn,48.3525,55.6469,48.3525,67.4796,51.7376,273.106,-0.0005,-0.0000
NH1,731023343.0,2023-03-02,55.429,287.670,1.982,13.748,0.00791,-0.4292,0.4292,inner_heliosphere,saturn,48.3615,55.6588,48.3615,67.4873,51.7447,0.759,-0.0000,-0.0002
NH1,731130623.0,2023-03-03,55.439,287.671,1.982,13.748,0.00791,-0.4292,0.4292,inner_heliosphere,saturn,48.3763,55.6783,48.3763,67.4998,51.7564,1.242,-0.0000,-0.0002
NH1,731202619.0,2023-03-04,55.446,287.672,1.982,13.748,0.00791,-0.4292,0.4292,inner_heliosphere,saturn,48.3863,55.6913,48.3863,67.5082,51.7642,0.833,-0.0000,-0.0002
NH1,731289029.0,2023-03-05,55.453,287.673,1.982,13.747,0.00791,-0.4292,0.4292,inner_heliosphere,saturn,48.3982,55.7070,48.3982,67.5183,51.7737,1.000,-0.0000,-0.0002
NH1,731461700.0,2023-03-07,55.469,287.674,1.982,13.747,0.00791,-0.4292,0.4292,inner_heliosphere,saturn,48.4220,55.7384,48.4220,67.5384,51.7925,1.999,-0.0000,-0.0002
NH1,731512178.0,2023-03-08,55.474,287.675,1.982,13.747,0.00791,-0.4292,0.4292,inner_heliosphere,saturn,48.4290,55.7475,48.4290,67.5443,51.7980,0.584,-0.0000,-0.0001
NH1,731620068.0,2023-03-09,55.484,287.676,1.982,13.747,0.00790,-0.4292,0.4292,inner_heliosphere,saturn,48.4439,55.7671,48.4439,67.5569,51.8097,1.249,-0.0000,-0.0002
NH1,731720912.0,2023-03-10,55.493,287.677,1.982,13.747,0.00790,-0.4292,0.4292,inner_heliosphere,saturn,48.4579,55.7854,48.4579,67.5687,51.8207,1.167,-0.0000,-0.0001
NH1,731800084.0,2023-03-11,55.500,287.677,1.982,13.746,0.00790,-0.4292,0.4292,inner_heliosphere,saturn,48.4688,55.7998,48.4688,67.5779,51.8294,0.916,-0.0000,-0.0001
NH1,731908221.0,2023-03-12,55.510,287.678,1.982,13.746,0.00790,-0.4292,0.4292,inner_heliosphere,saturn,48.4837,55.8194,48.4837,67.5905,51.8412,1.252,-0.0000,-0.0001
NH1,731980123.0,2023-03-13,55.517,287.679,1.982,13.746,0.00790,-0.4292,0.4292,inner_heliosphere,saturn,48.4937,55.8325,48.4937,67.5989,51.8490,0.832,-0.0000,-0.0001
NH1,732055685.0,2023-03-14,55.524,287.680,1.982,13.746,0.00790,-0.4292,0.4292,inner_heliosphere,saturn,48.5041,55.8462,48.5041,67.6077,51.8572,0.875,-0.0000,-0.0001
NH1,732152929.0,2023-03-15,55.533,287.680,1.982,13.746,0.00790,-0.4292,0.4292,inner_heliosphere,saturn,48.5176,55.8638,48.5176,67.6191,51.8678,1.126,-0.0000,-0.0001
NH1,732253821.0,2023-03-16,55.542,287.681,1.982,13.746,0.00790,-0.4292,0.4292,inner_heliosphere,saturn,48.5315,55.8821,48.5315,67.6308,51.8789,1.168,-0.0000,-0.0001
NH1,732322148.0,2023-03-17,55.548,287.682,1.982,13.745,0.00790,-0.4292,0.4292,inner_heliosphere,saturn,48.5410,55.8945,48.5410,67.6388,51.8863,0.791,-0.0000,-0.0001
NH1,732369028.0,2023-03-17,55.552,287.682,1.982,13.745,0.00790,-0.4292,0.4292,inner_heliosphere,saturn,48.5475,55.9030,48.5475,67.6443,51.8914,0.543,-0.0000,-0.0001
NH1,732480508.0,2023-03-19,55.562,287.683,1.982,13.745,0.00790,-0.4292,0.4292,inner_heliosphere,saturn,48.5629,55.9232,48.5629,67.6573,51.9036,1.290,-0.0000,-0.0001
NH1,732574110.0,2023-03-20,55.571,287.684,1.982,13.745,0.00790,-0.4292,0.4292,inner_heliosphere,saturn,48.5759,55.9402,48.5759,67.6682,51.9138,1.083,-0.0000,-0.0001
NH1,732772248.0,2023-03-22,55.589,287.686,1.982,13.745,0.00790,-0.4292,0.4292,inner_heliosphere,saturn,48.6033,55.9761,48.6033,67.6913,51.9354,2.293,-0.0000,-0.0001
NH1,732840572.0,2023-03-23,55.595,287.686,1.982,13.744,0.00790,-0.4292,0.4292,inner_heliosphere,saturn,48.6128,55.9885,48.6128,67.6993,51.9429,0.791,-0.0000,-0.0001
NH1,732926966.0,2023-03-24,55.603,287.687,1.982,13.744,0.00790,-0.4292,0.4292,inner_heliosphere,saturn,48.6247,56.0042,48.6247,67.7093,51.9523,1.000,-0.0000,-0.0001
NH1,732977330.0,2023-03-25,55.608,287.688,1.982,13.744,0.00790,-0.4292,0.4292,inner_heliosphere,saturn,48.6317,56.0133,48.6317,67.7152,51.9578,0.583,-0.0000,-0.0001
NH1,733088936.0,2023-03-26,55.618,287.689,1.982,13.744,0.00790,-0.4292,0.4292,inner_heliosphere,saturn,48.6472,56.0336,48.6472,67.7282,51.9699,1.292,-0.0000,-0.0001
NH1,733272590.0,2023-03-28,55.635,287.690,1.982,13.744,0.00790,-0.4292,0.4292,inner_heliosphere,saturn,48.6726,56.0668,48.6726,67.7496,51.9900,2.126,-0.0000,-0.0000
NH1,733326565.0,2023-03-29,55.640,287.691,1.982,13.744,0.00790,-0.4292,0.4292,inner_heliosphere,saturn,48.6801,56.0766,48.6801,67.7559,51.9959,0.625,-0.0000,-0.0000
NH1,733430951.0,2023-03-30,55.649,287.692,1.982,13.743,0.00790,-0.4292,0.4292,inner_heliosphere,saturn,48.6946,56.0955,48.6946,67.7681,52.0073,1.208,-0.0000,-0.0000
NH1,733549886.0,2023-03-31,55.660,287.693,1.982,13.743,0.00790,-0.4292,0.4292,inner_heliosphere,saturn,48.7111,56.1171,48.7111,67.7820,52.0202,1.377,-0.0000,-0.0000
NH1,733614607.0,2023-04-01,55.666,287.693,1.982,13.743,0.00790,-0.4292,0.4292,inner_heliosphere,saturn,48.7200,56.1288,48.7200,67.7895,52.0273,0.749,-0.0000,-0.0000
NH1,733690166.0,2023-04-02,55.673,287.694,1.982,13.743,0.00790,-0.4292,0.4292,inner_heliosphere,saturn,48.7305,56.1425,48.7305,67.7983,52.0356,0.875,-0.0000,-0.0000
NH1,733787413.0,2023-04-03,55.682,287.695,1.982,13.743,0.00790,-0.4292,0.4292,inner_heliosphere,saturn,48.7440,56.1601,48.7440,67.8097,52.0462,1.126,-0.0000,-0.0000
NH1,733859370.0,2023-04-04,55.689,287.695,1.982,13.743,0.00790,-0.4292,0.4292,inner_heliosphere,saturn,48.7540,56.1731,48.7540,67.8181,52.0540,0.833,-0.0000,-0.0000
NH1,733949382.0,2023-04-05,55.697,287.696,1.982,13.742,0.00790,-0.4292,0.4292,inner_heliosphere,saturn,48.7665,56.1894,48.7665,67.8286,52.0639,1.042,0.0000,0.0000
NH1,734035786.0,2023-04-06,55.705,287.697,1.982,13.742,0.00790,-0.4292,0.4292,inner_heliosphere,saturn,48.7785,56.2051,48.7785,67.8386,52.0733,1.000,0.0000,0.0000
NH1,734215805.0,2023-04-08,55.721,287.699,1.982,13.742,0.00790,-0.4292,0.4292,inner_heliosphere,saturn,48.8035,56.2377,48.8035,67.8596,52.0929,2.084,0.0000,0.0000
NH1,734323950.0,2023-04-09,55.731,287.699,1.982,13.742,0.00790,-0.4292,0.4292,inner_heliosphere,saturn,48.8185,56.2572,48.8185,67.8722,52.1047,1.252,0.0000,0.0000
NH1,734381406.0,2023-04-10,55.736,287.700,1.982,13.742,0.00790,-0.4292,0.4292,inner_heliosphere,saturn,48.8265,56.2676,48.8265,67.8789,52.1110,0.665,0.0000,0.0000
NH1,734478649.0,2023-04-11,55.745,287.701,1.982,13.741,0.00790,-0.4292,0.4292,inner_heliosphere,saturn,48.8400,56.2852,48.8400,67.8903,52.1216,1.125,0.0000,0.0000
NH1,734532619.0,2023-04-12,55.750,287.701,1.982,13.741,0.00790,-0.4292,0.4292,inner_heliosphere,saturn,48.8475,56.2950,48.8475,67.8966,52.1275,0.625,0.0000,0.0000
NH1,734651452.0,2023-04-13,55.761,287.702,1.982,13.741,0.00790,-0.4292,0.4292,inner_heliosphere,saturn,48.8640,56.3165,48.8640,67.9104,52.1405,1.375,0.0000,0.0000
NH1,734730631.0,2023-04-14,55.768,287.703,1.982,13.741,0.00790,-0.4292,0.4292,inner_heliosphere,saturn,48.8750,56.3308,48.8750,67.9196,52.1491,0.916,0.0000,0.0001
NH1,734845961.0,2023-04-15,55.779,287.704,1.982,13.741,0.00790,-0.4292,0.4292,inner_heliosphere,saturn,48.8910,56.3517,48.8910,67.9331,52.1617,1.335,0.0000,0.0001
NH1,734903443.0,2023-04-16,55.784,287.705,1.982,13.741,0.00790,-0.4292,0.4292,inner_heliosphere,saturn,48.8990,56.3621,48.8990,67.9398,52.1680,0.665,0.0000,0.0001
NH1,734993478.0,2023-04-17,55.792,287.705,1.982,13.740,0.00790,-0.4292,0.4292,inner_heliosphere,saturn,48.9115,56.3783,48.9115,67.9503,52.1779,1.042,0.0000,0.0001
NH1,735072636.0,2023-04-18,55.800,287.706,1.982,13.740,0.00790,-0.4292,0.4292,inner_heliosphere,saturn,48.9225,56.3926,48.9225,67.9595,52.1865,0.916,0.0000,0.0001
NH1,735519185.0,2023-04-23,55.840,287.710,1.983,13.739,0.00790,-0.4292,0.4292,inner_heliosphere,saturn,48.9847,56.4734,48.9847,68.0116,52.2353,5.168,0.0000,0.0001
NH1,735612817.1,2023-04-24,55.849,287.711,1.983,13.739,0.00790,-0.4292,0.4292,inner_heliosphere,saturn,48.9977,56.4903,48.9977,68.0225,52.2455,1.084,0.0000,0.0001
NH1,736134838.1,2023-04-30,55.897,287.715,1.983,13.738,0.00790,-0.4293,0.4293,inner_heliosphere,saturn,49.0704,56.5845,49.0704,68.0833,52.3025,6.042,0.0001,0.0001
NH1,736217622.1,2023-05-01,55.904,287.716,1.983,13.738,0.00790,-0.4293,0.4293,inner_heliosphere,saturn,49.0820,56.5995,49.0820,68.0930,52.3116,0.958,0.0000,0.0001
NH1,736721640.1,2023-05-07,55.950,287.720,1.983,13.737,0.00790,-0.4293,0.4293,inner_heliosphere,saturn,49.1523,56.6904,49.1523,68.1517,52.3667,5.834,0.0001,0.0002
NH1,736822464.1,2023-05-08,55.960,287.721,1.983,13.737,0.00790,-0.4293,0.4293,inner_heliosphere,saturn,49.1663,56.7086,49.1663,68.1635,52.3777,1.167,0.0000,0.0002
NH1,737348084.1,2023-05-14,56.008,287.726,1.983,13.736,0.00790,-0.4293,0.4293,inner_heliosphere,saturn,49.2397,56.8033,49.2397,68.2247,52.4352,6.084,0.0001,0.0002
NH1,737430868.1,2023-05-15,56.015,287.727,1.983,13.736,0.00790,-0.4293,0.4293,inner_heliosphere,saturn,49.2513,56.8182,49.2513,68.2343,52.4442,0.958,0.0000,0.0002
NH1,737957660.1,2023-05-21,56.063,287.731,1.983,13.735,0.00790,-0.4293,0.4293,inner_heliosphere,saturn,49.3249,56.9130,49.3249,68.2957,52.5018,6.097,0.0001,0.0002
NH1,738035715.1,2023-05-22,56.071,287.732,1.983,13.735,0.00790,-0.4293,0.4293,inner_heliosphere,saturn,49.3358,56.9271,49.3358,68.3048,52.5104,0.903,0.0000,0.0002
NH1,738647627.1,2023-05-29,56.126,287.737,1.983,13.733,0.00790,-0.4293,0.4293,inner_heliosphere,saturn,49.4214,57.0371,49.4214,68.3761,52.5773,7.082,0.0002,0.0003
NH1,738690772.1,2023-05-30,56.130,287.737,1.983,13.733,0.00790,-0.4293,0.4293,inner_heliosphere,saturn,49.4275,57.0448,49.4275,68.3811,52.5820,0.499,0.0000,0.0003
NH1,738780784.1,2023-05-31,56.139,287.738,1.983,13.733,0.00790,-0.4293,0.4293,inner_heliosphere,saturn,49.4401,57.0610,49.4401,68.3916,52.5919,1.042,0.0000,0.0003
NH1,738841994.1,2023-05-31,56.144,287.739,1.983,13.733,0.00790,-0.4293,0.4293,inner_heliosphere,saturn,49.4487,57.0720,49.4487,68.3987,52.5986,0.708,0.0000,0.0003
NH1,738986001.1,2023-06-02,56.157,287.740,1.983,13.733,0.00790,-0.4293,0.4293,inner_heliosphere,saturn,49.4688,57.0979,49.4688,68.4155,52.6143,1.667,0.0000,0.0003
NH1,739065187.1,2023-06-03,56.165,287.741,1.983,13.733,0.00790,-0.4293,0.4293,inner_heliosphere,saturn,49.4799,57.1121,49.4799,68.4247,52.6230,0.917,0.0000,0.0003
NH1,739162436.1,2023-06-04,56.174,287.741,1.983,13.733,0.00790,-0.4293,0.4293,inner_heliosphere,saturn,49.4936,57.1295,49.4936,68.4361,52.6336,1.126,0.0000,0.0003
NH1,739237986.1,2023-06-05,56.180,287.742,1.983,13.732,0.00790,-0.4293,0.4293,inner_heliosphere,saturn,49.5041,57.1431,49.5041,68.4448,52.6419,0.874,0.0000,0.0003
NH1,739338818.1,2023-06-06,56.190,287.743,1.983,13.732,0.00790,-0.4293,0.4293,inner_heliosphere,saturn,49.5183,57.1612,49.5183,68.4566,52.6529,1.167,0.0000,0.0003
NH1,739399981.1,2023-06-07,56.195,287.744,1.983,13.732,0.00790,-0.4293,0.4293,inner_heliosphere,saturn,49.5268,57.1722,49.5268,68.4637,52.6596,0.708,0.0000,0.0003
NH1,739446803.1,2023-06-07,56.200,287.744,1.983,13.732,0.00790,-0.4293,0.4293,inner_heliosphere,saturn,49.5334,57.1806,49.5334,68.4692,52.6648,0.542,0.0000,0.0003
NH1,739599215.1,2023-06-09,56.213,287.745,1.983,13.732,0.00790,-0.4293,0.4293,inner_heliosphere,saturn,49.5548,57.2079,49.5548,68.4869,52.6814,1.764,0.0000,0.0003
NH1,739637588.1,2023-06-10,56.217,287.746,1.983,13.732,0.00790,-0.4293,0.4293,inner_heliosphere,saturn,49.5602,57.2148,49.5602,68.4914,52.6856,0.444,0.0000,0.0003
NH1,739763624.1,2023-06-11,56.228,287.747,1.983,13.731,0.00790,-0.4293,0.4293,inner_heliosphere,saturn,49.5778,57.2374,49.5778,68.5061,52.6994,1.459,0.0000,0.0003
NH1,739857820.1,2023-06-12,56.237,287.747,1.983,13.731,0.00790,-0.4293,0.4293,inner_heliosphere,saturn,49.5911,57.2543,49.5911,68.5170,52.7097,1.090,0.0000,0.0003
NH1,739903996.1,2023-06-13,56.241,287.748,1.983,13.731,0.00790,-0.4293,0.4293,inner_heliosphere,saturn,49.5975,57.2625,49.5975,68.5224,52.7148,0.534,0.0000,0.0003
NH1,740008384.1,2023-06-14,56.251,287.749,1.983,13.731,0.00790,-0.4293,0.4293,inner_heliosphere,saturn,49.6122,57.2813,49.6122,68.5346,52.7262,1.208,0.0000,0.0003
NH1,740069586.1,2023-06-15,56.256,287.749,1.983,13.731,0.00790,-0.4293,0.4293,inner_heliosphere,saturn,49.6208,57.2922,49.6208,68.5417,52.7329,0.708,0.0000,0.0003
NH1,740202822.1,2023-06-16,56.269,287.750,1.983,13.731,0.00790,-0.4293,0.4293,inner_heliosphere,saturn,49.6395,57.3161,49.6395,68.5572,52.7475,1.542,0.0000,0.0003
NH1,740278405.1,2023-06-17,56.276,287.751,1.983,13.730,0.00790,-0.4293,0.4293,inner_heliosphere,saturn,49.6501,57.3296,49.6501,68.5660,52.7558,0.875,0.0000,0.0003
NH1,740350381.1,2023-06-18,56.282,287.752,1.983,13.730,0.00790,-0.4293,0.4293,inner_heliosphere,saturn,49.6602,57.3425,49.6602,68.5744,52.7637,0.833,0.0000,0.0003
NH1,740454829.1,2023-06-19,56.292,287.753,1.983,13.730,0.00790,-0.4293,0.4293,inner_heliosphere,saturn,49.6749,57.3612,49.6749,68.5865,52.7751,1.209,0.0000,0.0003
NH1,740548402.1,2023-06-20,56.300,287.753,1.983,13.730,0.00790,-0.4293,0.4293,inner_heliosphere,saturn,49.6880,57.3780,49.6880,68.5974,52.7854,1.083,0.0000,0.0003
NH1,740623997.1,2023-06-21,56.307,287.754,1.983,13.730,0.00790,-0.4293,0.4293,inner_heliosphere,saturn,49.6986,57.3915,49.6986,68.6062,52.7936,0.875,0.0000,0.0003
NH1,740663697.1,2023-06-21,56.311,287.754,1.983,13.730,0.00790,-0.4293,0.4293,inner_heliosphere,saturn,49.7042,57.3986,49.7042,68.6109,52.7980,0.459,0.0000,0.0003
NH1,740796870.1,2023-06-23,56.323,287.756,1.983,13.729,0.00790,-0.4293,0.4293,inner_heliosphere,saturn,49.7229,57.4224,49.7229,68.6264,52.8126,1.541,0.0000,0.0003
NH1,740895245.1,2023-06-24,56.332,287.756,1.983,13.729,0.00790,-0.4293,0.4293,inner_heliosphere,saturn,49.7368,57.4400,49.7368,68.6378,52.8234,1.139,0.0000,0.0003
NH1,740962375.1,2023-06-25,56.338,287.757,1.983,13.729,0.00790,-0.4293,0.4293,inner_heliosphere,saturn,49.7462,57.4520,49.7462,68.6456,52.8307,0.777,0.0000,0.0003
NH1,741048772.1,2023-06-26,56.346,287.758,1.983,13.729,0.00790,-0.4293,0.4293,inner_heliosphere,saturn,49.7584,57.4675,49.7584,68.6557,52.8402,1.000,0.0000,0.0003
NH1,741109986.1,2023-06-27,56.352,287.758,1.983,13.729,0.00790,-0.4293,0.4293,inner_heliosphere,saturn,49.7670,57.4784,49.7670,68.6628,52.8469,0.708,0.0000,0.0003
NH1,741217970.1,2023-06-28,56.361,287.759,1.983,13.729,0.00790,-0.4293,0.4293,inner_heliosphere,saturn,49.7821,57.4977,49.7821,68.6754,52.8587,1.250,0.0000,0.0003
NH1,741325980.1,2023-06-29,56.371,287.760,1.983,13.728,0.00790,-0.4293,0.4293,inner_heliosphere,saturn,49.7973,57.5170,49.7973,68.6880,52.8705,1.250,0.0000,0.0003
NH1,741401604.1,2023-06-30,56.378,287.761,1.983,13.728,0.00790,-0.4293,0.4293,inner_heliosphere,saturn,49.8080,57.5305,49.8080,68.6968,52.8788,0.875,0.0000,0.0003
NH1,741477159.1,2023-07-01,56.385,287.761,1.983,13.728,0.00790,-0.4293,0.4293,inner_heliosphere,saturn,49.8186,57.5440,49.8186,68.7056,52.8871,0.874,0.0000,0.0003
NH1,741563560.1,2023-07-02,56.393,287.762,1.983,13.728,0.00790,-0.4293,0.4293,inner_heliosphere,saturn,49.8308,57.5594,49.8308,68.7156,52.8966,1.000,0.0000,0.0003
NH1,741671570.1,2023-07-03,56.403,287.763,1.984,13.728,0.00790,-0.4293,0.4293,inner_heliosphere,saturn,49.8460,57.5787,49.8460,68.7282,52.9084,1.250,0.0000,0.0003
NH1,741747189.1,2023-07-04,56.410,287.764,1.984,13.728,0.00790,-0.4293,0.4293,inner_heliosphere,saturn,49.8566,57.5922,49.8566,68.7370,52.9167,0.875,0.0000,0.0003
NH1,741822749.1,2023-07-05,56.417,287.764,1.984,13.727,0.00790,-0.4293,0.4293,inner_heliosphere,saturn,49.8673,57.6057,49.8673,68.7458,52.9250,0.875,0.0000,0.0003
NH1,742017154.1,2023-07-07,56.434,287.766,1.984,13.727,0.00789,-0.4293,0.4293,inner_heliosphere,saturn,49.8946,57.6404,49.8946,68.7684,52.9463,2.250,0.0001,0.0003
NH1,742103550.1,2023-07-08,56.442,287.767,1.984,13.727,0.00789,-0.4293,0.4293,inner_heliosphere,saturn,49.9068,57.6558,49.9068,68.7785,52.9557,1.000,0.0000,0.0003
NH1,742175564.1,2023-07-09,56.449,287.767,1.984,13.727,0.00789,-0.4293,0.4293,inner_heliosphere,saturn,49.9170,57.6686,49.9170,68.7869,52.9636,0.833,0.0000,0.0003
NH1,742276342.1,2023-07-10,56.458,287.768,1.984,13.727,0.00789,-0.4293,0.4293,inner_heliosphere,saturn,49.9312,57.6866,49.9312,68.7986,52.9747,1.166,0.0000,0.0003
NH1,742362741.1,2023-07-11,56.466,287.769,1.984,13.726,0.00789,-0.4293,0.4293,inner_heliosphere,saturn,49.9433,57.7020,49.9433,68.8086,52.9841,1.000,0.0000,0.0003
NH1,742449143.1,2023-07-12,56.474,287.770,1.984,13.726,0.00789,-0.4293,0.4293,inner_heliosphere,saturn,49.9555,57.7174,49.9555,68.8187,52.9936,1.000,0.0000,0.0003
NH1,742535536.1,2023-07-13,56.482,287.770,1.984,13.726,0.00789,-0.4293,0.4293,inner_heliosphere,saturn,49.9677,57.7328,49.9677,68.8287,53.0031,1.000,0.0000,0.0003
NH1,742621930.1,2023-07-14,56.490,287.771,1.984,13.726,0.00789,-0.4293,0.4293,inner_heliosphere,saturn,49.9799,57.7481,49.9799,68.8388,53.0126,1.000,0.0000,0.0003
NH1,742708324.1,2023-07-15,56.498,287.772,1.984,13.726,0.00789,-0.4293,0.4293,inner_heliosphere,saturn,49.9921,57.7635,49.9921,68.8489,53.0220,1.000,0.0000,0.0003
NH1,742794724.1,2023-07-16,56.505,287.773,1.984,13.726,0.00789,-0.4293,0.4293,inner_heliosphere,saturn,50.0042,57.7789,50.0042,68.8589,53.0315,1.000,0.0000,0.0003
NH1,742881118.1,2023-07-17,56.513,287.773,1.984,13.726,0.00789,-0.4293,0.4293,inner_heliosphere,saturn,50.0164,57.7943,50.0164,68.8690,53.0410,1.000,0.0000,0.0003
NH1,742967517.1,2023-07-18,56.521,287.774,1.984,13.725,0.00789,-0.4293,0.4293,inner_heliosphere,saturn,50.0286,57.8097,50.0286,68.8790,53.0504,1.000,0.0000,0.0003
NH1,743035917.1,2023-07-19,56.528,287.775,1.984,13.725,0.00789,-0.4293,0.4293,inner_heliosphere,saturn,50.0383,57.8218,50.0383,68.8870,53.0579,0.792,0.0000,0.0003
NH1,743140305.1,2023-07-20,56.537,287.776,1.984,13.725,0.00789,-0.4293,0.4293,inner_heliosphere,saturn,50.0530,57.8404,50.0530,68.8991,53.0694,1.208,0.0000,0.0003
NH1,743208705.1,2023-07-21,56.543,287.776,1.984,13.725,0.00789,-0.4293,0.4293,inner_heliosphere,saturn,50.0626,57.8526,50.0626,68.9071,53.0769,0.792,0.0000,0.0003
NH1,743313090.1,2023-07-22,56.553,287.777,1.984,13.725,0.00789,-0.4293,0.4293,inner_heliosphere,saturn,50.0774,57.8711,50.0774,68.9192,53.0883,1.208,0.0000,0.0003
NH1,743399485.1,2023-07-23,56.561,287.778,1.984,13.725,0.00789,-0.4293,0.4293,inner_heliosphere,saturn,50.0896,57.8865,50.0896,68.9293,53.0978,1.000,0.0000,0.0003
NH1,743485881.1,2023-07-24,56.569,287.778,1.984,13.724,0.00789,-0.4293,0.4293,inner_heliosphere,saturn,50.1018,57.9018,50.1018,68.9393,53.1073,1.000,0.0000,0.0003
NH1,743529049.1,2023-07-25,56.573,287.779,1.984,13.724,0.00789,-0.4293,0.4293,inner_heliosphere,saturn,50.1079,57.9095,50.1079,68.9443,53.1120,0.500,0.0000,0.0003
NH1,743658665.1,2023-07-26,56.584,287.780,1.984,13.724,0.00789,-0.4293,0.4293,inner_heliosphere,saturn,50.1262,57.9325,50.1262,68.9594,53.1262,1.500,0.0000,0.0003
NH1,743723465.1,2023-07-27,56.590,287.780,1.984,13.724,0.00789,-0.4293,0.4293,inner_heliosphere,saturn,50.1353,57.9440,50.1353,68.9670,53.1333,0.750,0.0000,0.0003
NH1,743831455.1,2023-07-28,56.600,287.781,1.984,13.724,0.00789,-0.4293,0.4293,inner_heliosphere,saturn,50.1506,57.9632,50.1506,68.9795,53.1452,1.250,0.0000,0.0003
NH1,743914249.1,2023-07-29,56.608,287.782,1.984,13.724,0.00789,-0.4293,0.4293,inner_heliosphere,saturn,50.1623,57.9779,50.1623,68.9892,53.1543,0.958,0.0000,0.0003
NH1,743982629.1,2023-07-30,56.614,287.783,1.984,13.723,0.00789,-0.4293,0.4293,inner_heliosphere,saturn,50.1720,57.9900,50.1720,68.9971,53.1618,0.791,0.0000,0.0003
NH1,744090636.1,2023-07-31,56.624,287.784,1.984,13.723,0.00789,-0.4293,0.4293,inner_heliosphere,saturn,50.1872,58.0092,50.1872,69.0097,53.1736,1.250,0.0000,0.0003
NH1,744126631.1,2023-08-01,56.627,287.784,1.984,13.723,0.00789,-0.4293,0.4293,inner_heliosphere,saturn,50.1923,58.0156,50.1923,69.0139,53.1776,0.417,0.0000,0.0003
NH1,744187842.1,2023-08-01,56.633,287.784,1.984,13.723,0.00789,-0.4293,0.4293,inner_heliosphere,saturn,50.2010,58.0264,50.2010,69.0210,53.1843,0.708,0.0000,0.0003
NH1,744299419.1,2023-08-03,56.643,287.785,1.984,13.723,0.00789,-0.4293,0.4293,inner_heliosphere,saturn,50.2167,58.0462,50.2167,69.0340,53.1965,1.291,0.0000,0.0003
NH1,744414609.1,2023-08-04,56.653,287.786,1.984,13.723,0.00789,-0.4293,0.4293,inner_heliosphere,saturn,50.2330,58.0666,50.2330,69.0474,53.2092,1.333,0.0000,0.0003
NH1,745040992.2,2023-08-11,56.711,287.792,1.984,13.721,0.00789,-0.4293,0.4293,inner_heliosphere,saturn,50.3217,58.1775,50.3217,69.1202,53.2779,7.250,0.0002,0.0003
NH1,745048223.2,2023-08-11,56.711,287.792,1.984,13.721,0.00789,-0.4293,0.4293,inner_heliosphere,saturn,50.3227,58.1788,50.3227,69.1211,53.2787,0.084,0.0000,0.0003
NH1,745645768.2,2023-08-18,56.766,287.797,1.984,13.720,0.00789,-0.4293,0.4293,inner_heliosphere,saturn,50.4074,58.2844,50.4074,69.1906,53.3443,6.916,0.0002,0.0003
NH1,745678185.2,2023-08-19,56.769,287.797,1.984,13.720,0.00789,-0.4293,0.4293,inner_heliosphere,saturn,50.4119,58.2901,50.4119,69.1943,53.3478,0.375,0.0000,0.0002
NH1,746164100.2,2023-08-24,56.813,287.801,1.984,13.719,0.00789,-0.4293,0.4293,inner_heliosphere,saturn,50.4809,58.3759,50.4809,69.2508,53.4012,5.624,0.0001,0.0002
NH1,746250479.2,2023-08-25,56.821,287.802,1.984,13.719,0.00789,-0.4293,0.4293,inner_heliosphere,saturn,50.4931,58.3911,50.4931,69.2609,53.4107,1.000,0.0000,0.0002
NH1,746254107.2,2023-08-25,56.821,287.802,1.984,13.719,0.00789,-0.4293,0.4293,inner_heliosphere,saturn,50.4936,58.3917,50.4936,69.2613,53.4111,0.042,0.0000,0.0002
NH1,746855275.2,2023-09-01,56.876,287.807,1.984,13.718,0.00789,-0.4293,0.4293,inner_heliosphere,saturn,50.5790,58.4976,50.5790,69.3312,53.4771,6.958,0.0001,0.0002
NH1,746884103.2,2023-09-01,56.879,287.807,1.984,13.718,0.00789,-0.4293,0.4293,inner_heliosphere,saturn,50.5831,58.5027,50.5831,69.3345,53.4803,0.334,0.0000,0.0002
NH1,747459980.2,2023-09-08,56.932,287.812,1.984,13.717,0.00789,-0.4293,0.4293,inner_heliosphere,saturn,50.6649,58.6039,50.6649,69.4015,53.5435,6.665,0.0001,0.0002
NH1,748061100.2,2023-09-15,56.986,287.817,1.985,13.716,0.00789,-0.4293,0.4293,inner_heliosphere,saturn,50.7504,58.7093,50.7504,69.4713,53.6096,6.957,0.0001,0.0001
NH1,748089887.2,2023-09-15,56.989,287.817,1.985,13.716,0.00789,-0.4293,0.4293,inner_heliosphere,saturn,50.7545,58.7144,50.7545,69.4747,53.6128,0.333,0.0000,0.0001
NH1,748323732.2,2023-09-18,57.010,287.819,1.985,13.715,0.00789,-0.4293,0.4293,inner_heliosphere,saturn,50.7878,58.7553,50.7878,69.5019,53.6385,2.707,0.0000,0.0001
NH1,748406653.2,2023-09-19,57.018,287.820,1.985,13.715,0.00789,-0.4293,0.4293,inner_heliosphere,saturn,50.7996,58.7698,50.7996,69.5115,53.6476,0.960,0.0000,0.0001
NH1,749068855.2,2023-09-27,57.078,287.825,1.985,13.714,0.00789,-0.4293,0.4293,inner_heliosphere,saturn,50.8939,58.8856,50.8939,69.5885,53.7204,7.664,0.0000,0.0001
NH1,749155269.2,2023-09-28,57.086,287.826,1.985,13.714,0.00789,-0.4293,0.4293,inner_heliosphere,saturn,50.9062,58.9007,50.9062,69.5985,53.7299,1.000,0.0000,0.0000
NH1,749274030.2,2023-09-29,57.097,287.827,1.985,13.714,0.00789,-0.4293,0.4293,inner_heliosphere,saturn,50.9232,58.9214,50.9232,69.6123,53.7429,1.375,0.0000,0.0000
NH1,749360416.2,2023-09-30,57.105,287.828,1.985,13.714,0.00789,-0.4293,0.4293,inner_heliosphere,saturn,50.9355,58.9365,50.9355,69.6223,53.7524,1.000,0.0000,0.0000
NH1,749443234.2,2023-10-01,57.113,287.828,1.985,13.713,0.00789,-0.4293,0.4293,inner_heliosphere,saturn,50.9473,58.9509,50.9473,69.6319,53.7615,0.959,0.0000,0.0000
NH1,749525995.2,2023-10-02,57.120,287.829,1.985,13.713,0.00789,-0.4293,0.4293,inner_heliosphere,saturn,50.9591,58.9654,50.9591,69.6416,53.7707,0.958,0.0000,0.0000
NH1,749612666.2,2023-10-03,57.128,287.830,1.985,13.713,0.00789,-0.4293,0.4293,inner_heliosphere,saturn,50.9715,58.9805,50.9715,69.6516,53.7802,1.003,0.0000,0.0000
NH1,749705966.2,2023-10-04,57.137,287.831,1.985,13.713,0.00789,-0.4293,0.4293,inner_heliosphere,saturn,50.9848,58.9967,50.9848,69.6625,53.7904,1.080,0.0000,0.0000
NH1,749749132.2,2023-10-05,57.141,287.831,1.985,13.713,0.00789,-0.4293,0.4293,inner_heliosphere,saturn,50.9909,59.0043,50.9909,69.6675,53.7952,0.500,0.0000,0.0000
NH1,749871549.2,2023-10-06,57.152,287.832,1.985,13.713,0.00789,-0.4293,0.4293,inner_heliosphere,saturn,51.0084,59.0256,51.0084,69.6817,53.8087,1.417,0.0000,0.0000
NH1,749958108.2,2023-10-07,57.160,287.833,1.985,13.713,0.00789,-0.4293,0.4293,inner_heliosphere,saturn,51.0208,59.0406,51.0208,69.6918,53.8182,1.002,-0.0000,-0.0000
NH1,750044344.2,2023-10-08,57.168,287.833,1.985,13.712,0.00789,-0.4293,0.4293,inner_heliosphere,saturn,51.0331,59.0557,51.0331,69.7018,53.8277,0.998,-0.0000,-0.0000
NH1,750137895.2,2023-10-09,57.176,287.834,1.985,13.712,0.00789,-0.4293,0.4293,inner_heliosphere,saturn,51.0464,59.0719,51.0464,69.7126,53.8380,1.083,-0.0000,-0.0000
NH1,750217120.2,2023-10-10,57.183,287.835,1.985,13.712,0.00789,-0.4293,0.4293,inner_heliosphere,saturn,51.0577,59.0857,51.0577,69.7218,53.8467,0.917,-0.0000,-0.0000
NH1,750274698.2,2023-10-11,57.189,287.835,1.985,13.712,0.00789,-0.4293,0.4293,inner_heliosphere,saturn,51.0660,59.0957,51.0660,69.7285,53.8530,0.666,-0.0000,-0.0000
NH1,750386269.2,2023-10-12,57.199,287.836,1.985,13.712,0.00789,-0.4293,0.4293,inner_heliosphere,saturn,51.0819,59.1151,51.0819,69.7415,53.8653,1.291,-0.0000,-0.0000
NH1,750476283.2,2023-10-13,57.207,287.837,1.985,13.712,0.00789,-0.4293,0.4293,inner_heliosphere,saturn,51.0948,59.1308,51.0948,69.7520,53.8752,1.042,-0.0000,-0.0000
NH1,750559074.2,2023-10-14,57.215,287.838,1.985,13.712,0.00789,-0.4293,0.4293,inner_heliosphere,saturn,51.1066,59.1451,51.1066,69.7616,53.8843,0.958,-0.0000,-0.0000
NH1,750634620.2,2023-10-15,57.221,287.838,1.985,13.711,0.00789,-0.4293,0.4293,inner_heliosphere,saturn,51.1174,59.1583,51.1174,69.7703,53.8926,0.874,-0.0000,-0.0001
NH1,750703017.2,2023-10-16,57.228,287.839,1.985,13.711,0.00789,-0.4293,0.4293,inner_heliosphere,saturn,51.1272,59.1701,51.1272,69.7783,53.9001,0.792,-0.0000,-0.0001
NH1,750789409.2,2023-10-17,57.236,287.840,1.985,13.711,0.00789,-0.4293,0.4293,inner_heliosphere,saturn,51.1395,59.1851,51.1395,69.7883,53.9096,1.000,-0.0000,-0.0001
NH1,750879416.2,2023-10-18,57.244,287.840,1.985,13.711,0.00789,-0.4293,0.4293,inner_heliosphere,saturn,51.1524,59.2008,51.1524,69.7988,53.9195,1.042,-0.0000,-0.0001
NH1,750962174.2,2023-10-19,57.251,287.841,1.985,13.711,0.00789,-0.4293,0.4293,inner_heliosphere,saturn,51.1642,59.2151,51.1642,69.8084,53.9287,0.958,-0.0000,-0.0001
NH1,751077372.2,2023-10-20,57.262,287.842,1.985,13.711,0.00789,-0.4293,0.4293,inner_heliosphere,saturn,51.1807,59.2351,51.1807,69.8218,53.9413,1.333,-0.0000,-0.0001
NH1,751163753.2,2023-10-21,57.270,287.843,1.985,13.710,0.00789,-0.4293,0.4293,inner_heliosphere,saturn,51.1930,59.2501,51.1930,69.8318,53.9508,1.000,-0.0000,-0.0001
NH1,751246551.2,2023-10-22,57.277,287.843,1.985,13.710,0.00789,-0.4293,0.4293,inner_heliosphere,saturn,51.2049,59.2644,51.2049,69.8414,53.9600,0.958,-0.0000,-0.0001
NH1,751336556.2,2023-10-23,57.286,287.844,1.985,13.710,0.00789,-0.4293,0.4293,inner_heliosphere,saturn,51.2177,59.2800,51.2177,69.8519,53.9699,1.042,-0.0000,-0.0001
NH1,751386894.2,2023-10-24,57.290,287.845,1.985,13.710,0.00789,-0.4293,0.4293,inner_heliosphere,saturn,51.2249,59.2887,51.2249,69.8577,53.9754,0.583,-0.0000,-0.0001
NH1,751520093.2,2023-10-25,57.302,287.846,1.985,13.710,0.00789,-0.4293,0.4293,inner_heliosphere,saturn,51.2440,59.3118,51.2440,69.8732,53.9901,1.542,-0.0000,-0.0001
NH1,751556065.2,2023-10-26,57.306,287.846,1.985,13.710,0.00789,-0.4293,0.4293,inner_heliosphere,saturn,51.2492,59.3180,51.2492,69.8774,53.9940,0.416,-0.0000,-0.0001
NH1,751642453.2,2023-10-27,57.313,287.847,1.985,13.710,0.00789,-0.4293,0.4293,inner_heliosphere,saturn,51.2615,59.3329,51.2615,69.8874,54.0035,1.000,-0.0000,-0.0001
NH1,751768504.2,2023-10-28,57.325,287.848,1.985,13.709,0.00789,-0.4293,0.4293,inner_heliosphere,saturn,51.2796,59.3547,51.2796,69.9020,54.0174,1.459,-0.0000,-0.0001
NH1,751854877.2,2023-10-29,57.333,287.848,1.985,13.709,0.00789,-0.4293,0.4293,inner_heliosphere,saturn,51.2919,59.3697,51.2919,69.9120,54.0269,1.000,-0.0000,-0.0001
NH1,751912461.2,2023-10-30,57.338,287.849,1.985,13.709,0.00789,-0.4293,0.4293,inner_heliosphere,saturn,51.3002,59.3796,51.3002,69.9187,54.0333,0.666,-0.0000,-0.0001
NH1,752038418.2,2023-10-31,57.350,287.850,1.985,13.709,0.00789,-0.4293,0.4293,inner_heliosphere,saturn,51.3182,59.4014,51.3182,69.9334,54.0471,1.458,-0.0000,-0.0001
NH1,752110433.2,2023-11-01,57.356,287.851,1.985,13.709,0.00789,-0.4293,0.4293,inner_heliosphere,saturn,51.3285,59.4138,51.3285,69.9417,54.0551,0.834,-0.0000,-0.0001
NH1,752196828.2,2023-11-02,57.364,287.851,1.985,13.709,0.00789,-0.4293,0.4293,inner_heliosphere,saturn,51.3409,59.4287,51.3409,69.9517,54.0646,1.000,-0.0000,-0.0001
NH1,752283219.2,2023-11-03,57.372,287.852,1.985,13.709,0.00789,-0.4293,0.4293,inner_heliosphere,saturn,51.3533,59.4436,51.3533,69.9618,54.0741,1.000,-0.0000,-0.0002
NH1,752369610.2,2023-11-04,57.380,287.853,1.985,13.708,0.00789,-0.4293,0.4293,inner_heliosphere,saturn,51.3657,59.4585,51.3657,69.9718,54.0836,1.000,-0.0000,-0.0002
NH1,752456001.2,2023-11-05,57.388,287.853,1.985,13.708,0.00789,-0.4293,0.4293,inner_heliosphere,saturn,51.3780,59.4734,51.3780,69.9818,54.0931,1.000,-0.0000,-0.0002
NH1,752557660.2,2023-11-06,57.397,287.854,1.985,13.708,0.00789,-0.4293,0.4293,inner_heliosphere,saturn,51.3926,59.4910,51.3926,69.9936,54.1043,1.177,-0.0000,-0.0002
NH1,752643139.2,2023-11-07,57.405,287.855,1.985,13.708,0.00788,-0.4293,0.4293,inner_heliosphere,saturn,51.4049,59.5057,51.4049,70.0036,54.1137,0.989,-0.0000,-0.0002
NH1,752686348.2,2023-11-08,57.409,287.855,1.985,13.708,0.00788,-0.4293,0.4293,inner_heliosphere,saturn,51.4111,59.5131,51.4111,70.0086,54.1185,0.500,-0.0000,-0.0002
NH1,752772732.2,2023-11-09,57.417,287.856,1.985,13.708,0.00788,-0.4293,0.4293,inner_heliosphere,saturn,51.4234,59.5280,51.4234,70.0186,54.1280,1.000,-0.0000,-0.0002
NH1,752902928.2,2023-11-10,57.428,287.857,1.985,13.707,0.00788,-0.4293,0.4293,inner_heliosphere,saturn,51.4421,59.5504,51.4421,70.0337,54.1423,1.507,-0.0000,-0.0002
NH1,752974337.2,2023-11-11,57.435,287.858,1.985,13.707,0.00788,-0.4293,0.4293,inner_heliosphere,saturn,51.4523,59.5627,51.4523,70.0420,54.1502,0.826,-0.0000,-0.0002
NH1,753075086.2,2023-11-12,57.444,287.858,1.985,13.707,0.00788,-0.4293,0.4293,inner_heliosphere,saturn,51.4668,59.5801,51.4668,70.0537,54.1613,1.166,-0.0000,-0.0002
NH1,753147105.2,2023-11-13,57.451,287.859,1.985,13.707,0.00788,-0.4293,0.4293,inner_heliosphere,saturn,51.4771,59.5924,51.4771,70.0621,54.1692,0.834,-0.0000,-0.0002
NH1,753233492.2,2023-11-14,57.459,287.860,1.985,13.707,0.00788,-0.4293,0.4293,inner_heliosphere,saturn,51.4895,59.6073,51.4895,70.0721,54.1787,1.000,-0.0000,-0.0002
NH1,753316262.2,2023-11-15,57.466,287.860,1.985,13.707,0.00788,-0.4293,0.4293,inner_heliosphere,saturn,51.5014,59.6215,51.5014,70.0817,54.1879,0.958,-0.0000,-0.0002
NH1,753352226.2,2023-11-15,57.469,287.861,1.985,13.707,0.00788,-0.4293,0.4293,inner_heliosphere,saturn,51.5066,59.6277,51.5066,70.0859,54.1918,0.416,-0.0000,-0.0002
NH1,753507030.2,2023-11-17,57.484,287.862,1.985,13.706,0.00788,-0.4293,0.4293,inner_heliosphere,saturn,51.5288,59.6543,51.5288,70.1038,54.2089,1.792,-0.0000,-0.0002
NH1,753593421.2,2023-11-18,57.491,287.863,1.985,13.706,0.00788,-0.4293,0.4293,inner_heliosphere,saturn,51.5412,59.6691,51.5412,70.1139,54.2184,1.000,-0.0000,-0.0002
NH1,753661828.2,2023-11-19,57.498,287.863,1.985,13.706,0.00788,-0.4293,0.4293,inner_heliosphere,saturn,51.5510,59.6809,51.5510,70.1218,54.2259,0.792,-0.0000,-0.0002
NH1,753766198.3,2023-11-20,57.507,287.864,1.985,13.706,0.00788,-0.4293,0.4293,inner_heliosphere,saturn,51.5660,59.6988,51.5660,70.1339,54.2374,1.208,-0.0000,-0.0002
NH1,753852590.3,2023-11-21,57.515,287.865,1.985,13.706,0.00788,-0.4293,0.4293,inner_heliosphere,saturn,51.5784,59.7136,51.5784,70.1439,54.2470,1.000,-0.0000,-0.0002
NH1,753910176.3,2023-11-22,57.520,287.865,1.985,13.706,0.00788,-0.4293,0.4293,inner_heliosphere,saturn,51.5867,59.7234,51.5867,70.1506,54.2533,0.667,-0.0000,-0.0002
NH1,754007407.3,2023-11-23,57.529,287.866,1.985,13.706,0.00788,-0.4293,0.4293,inner_heliosphere,saturn,51.6006,59.7401,51.6006,70.1619,54.2640,1.125,-0.0000,-0.0002
NH1,754111753.3,2023-11-24,57.539,287.867,1.985,13.705,0.00788,-0.4293,0.4293,inner_heliosphere,saturn,51.6156,59.7580,51.6156,70.1740,54.2755,1.208,-0.0000,-0.0003
NH1,754190943.3,2023-11-25,57.546,287.868,1.986,13.705,0.00788,-0.4293,0.4293,inner_heliosphere,saturn,51.6270,59.7715,51.6270,70.1832,54.2842,0.917,-0.0000,-0.0003
NH1,754284537.3,2023-11-26,57.555,287.868,1.986,13.705,0.00788,-0.4293,0.4293,inner_heliosphere,saturn,51.6405,59.7876,51.6405,70.1941,54.2946,1.083,-0.0000,-0.0003
NH1,754370921.3,2023-11-27,57.562,287.869,1.986,13.705,0.00788,-0.4293,0.4293,inner_heliosphere,saturn,51.6529,59.8023,51.6529,70.2041,54.3041,1.000,-0.0000,-0.0003
NH1,754399704.3,2023-11-27,57.565,287.869,1.986,13.705,0.00788,-0.4293,0.4293,inner_heliosphere,saturn,51.6570,59.8073,51.6570,70.2074,54.3073,0.333,-0.0000,-0.0003
NH1,754543703.3,2023-11-29,57.578,287.870,1.986,13.705,0.00788,-0.4293,0.4293,inner_heliosphere,saturn,51.6777,59.8319,51.6777,70.2241,54.3231,1.667,-0.0000,-0.0003
NH1,754612135.3,2023-11-30,57.584,287.871,1.986,13.705,0.00788,-0.4293,0.4293,inner_heliosphere,saturn,51.6875,59.8436,51.6875,70.2321,54.3307,0.792,-0.0000,-0.0003
NH1,754716490.3,2023-12-01,57.594,287.872,1.986,13.704,0.00788,-0.4293,0.4293,inner_heliosphere,saturn,51.7026,59.8614,51.7026,70.2442,54.3422,1.208,-0.0000,-0.0003
NH1,754802876.3,2023-12-02,57.602,287.873,1.986,13.704,0.00788,-0.4293,0.4293,inner_heliosphere,saturn,51.7150,59.8762,51.7150,70.2542,54.3517,1.000,-0.0000,-0.0003
NH1,754889265.3,2023-12-03,57.610,287.873,1.986,13.704,0.00788,-0.4293,0.4293,inner_heliosphere,saturn,51.7274,59.8909,51.7274,70.2642,54.3612,1.000,-0.0000,-0.0003
NH1,754954093.3,2023-12-04,57.616,287.874,1.986,13.704,0.00788,-0.4293,0.4293,inner_heliosphere,saturn,51.7367,59.9020,51.7367,70.2717,54.3684,0.750,-0.0000,-0.0003
NH1,755062055.3,2023-12-05,57.625,287.875,1.986,13.704,0.00788,-0.4293,0.4293,inner_heliosphere,saturn,51.7523,59.9204,51.7523,70.2843,54.3803,1.250,-0.0000,-0.0003
NH1,755148447.3,2023-12-06,57.633,287.875,1.986,13.704,0.00788,-0.4293,0.4293,inner_heliosphere,saturn,51.7647,59.9351,51.7647,70.2943,54.3898,1.000,-0.0000,-0.0003
NH1,755184579.3,2023-12-07,57.637,287.876,1.986,13.704,0.00788,-0.4293,0.4293,inner_heliosphere,saturn,51.7699,59.9413,51.7699,70.2985,54.3938,0.418,-0.0000,-0.0003
NH1,755321230.3,2023-12-08,57.649,287.877,1.986,13.703,0.00788,-0.4293,0.4293,inner_heliosphere,saturn,51.7896,59.9646,51.7896,70.3143,54.4088,1.582,-0.0000,-0.0003
NH1,755407627.3,2023-12-09,57.657,287.878,1.986,13.703,0.00788,-0.4293,0.4293,inner_heliosphere,saturn,51.8020,59.9793,51.8020,70.3244,54.4184,1.000,-0.0000,-0.0003
NH1,755472449.3,2023-12-10,57.663,287.878,1.986,13.703,0.00788,-0.4293,0.4293,inner_heliosphere,saturn,51.8113,59.9903,51.8113,70.3319,54.4255,0.750,-0.0000,-0.0003
NH1,755573201.3,2023-12-11,57.672,287.879,1.986,13.703,0.00788,-0.4293,0.4293,inner_heliosphere,saturn,51.8258,60.0075,51.8258,70.3436,54.4366,1.166,-0.0000,-0.0003
NH1,755666798.3,2023-12-12,57.681,287.880,1.986,13.703,0.00788,-0.4293,0.4293,inner_heliosphere,saturn,51.8393,60.0234,51.8393,70.3544,54.4470,1.083,-0.0000,-0.0003
NH1,755674015.3,2023-12-12,57.681,287.880,1.986,13.703,0.00788,-0.4293,0.4293,inner_heliosphere,saturn,51.8404,60.0246,51.8404,70.3553,54.4477,0.084,-0.0000,-0.0003
NH1,755807180.3,2023-12-14,57.693,287.881,1.986,13.703,0.00788,-0.4293,0.4293,inner_heliosphere,saturn,51.8595,60.0473,51.8595,70.3707,54.4624,1.541,-0.0000,-0.0003
NH1,755904401.3,2023-12-15,57.702,287.882,1.986,13.702,0.00788,-0.4293,0.4293,inner_heliosphere,saturn,51.8735,60.0638,51.8735,70.3820,54.4732,1.125,-0.0000,-0.0003
NH1,755987206.3,2023-12-16,57.710,287.882,1.986,13.702,0.00788,-0.4293,0.4293,inner_heliosphere,saturn,51.8855,60.0779,51.8855,70.3916,54.4823,0.958,-0.0000,-0.0003
NH1,756073587.3,2023-12-17,57.718,287.883,1.986,13.702,0.00788,-0.4293,0.4293,inner_heliosphere,saturn,51.8979,60.0925,51.8979,70.4016,54.4918,1.000,-0.0000,-0.0003
NH1,756177950.3,2023-12-18,57.727,287.884,1.986,13.702,0.00788,-0.4293,0.4293,inner_heliosphere,saturn,51.9130,60.1103,51.9130,70.4137,54.5033,1.208,-0.0000,-0.0003
NH1,756264337.3,2023-12-19,57.735,287.885,1.986,13.702,0.00788,-0.4293,0.4293,inner_heliosphere,saturn,51.9254,60.1249,51.9254,70.4237,54.5129,1.000,-0.0000,-0.0003
NH1,756390340.3,2023-12-21,57.747,287.886,1.986,13.702,0.00788,-0.4293,0.4293,inner_heliosphere,saturn,51.9436,60.1463,51.9436,70.4383,54.5268,1.458,-0.0000,-0.0003
NH1,756523520.3,2023-12-22,57.759,287.887,1.986,13.701,0.00788,-0.4293,0.4293,inner_heliosphere,saturn,51.9628,60.1689,51.9628,70.4538,54.5415,1.541,-0.0000,-0.0003
NH1,756591936.3,2023-12-23,57.765,287.887,1.986,13.701,0.00788,-0.4293,0.4293,inner_heliosphere,saturn,51.9726,60.1804,51.9726,70.4617,54.5490,0.792,-0.0000,-0.0003
NH1,756703514.3,2023-12-24,57.775,287.888,1.986,13.701,0.00788,-0.4293,0.4293,inner_heliosphere,saturn,51.9887,60.1993,51.9887,70.4747,54.5613,1.291,-0.0000,-0.0003
NH1,756789915.3,2023-12-25,57.783,287.889,1.986,13.701,0.00788,-0.4293,0.4293,inner_heliosphere,saturn,52.0012,60.2140,52.0012,70.4847,54.5708,1.000,-0.0000,-0.0003
NH1,756818707.3,2023-12-25,57.786,287.889,1.986,13.701,0.00788,-0.4293,0.4293,inner_heliosphere,saturn,52.0053,60.2188,52.0053,70.4880,54.5740,0.333,-0.0000,-0.0003
NH1,756937526.3,2023-12-27,57.797,287.890,1.986,13.701,0.00788,-0.4293,0.4293,inner_heliosphere,saturn,52.0225,60.2389,52.0225,70.5018,54.5871,1.375,-0.0000,-0.0003
NH1,757049095.3,2023-12-28,57.807,287.891,1.986,13.701,0.00788,-0.4294,0.4294,inner_heliosphere,saturn,52.0386,60.2578,52.0386,70.5147,54.5994,1.291,-0.0000,-0.0003
NH1,757135518.3,2023-12-29,57.815,287.892,1.986,13.700,0.00788,-0.4294,0.4294,inner_heliosphere,saturn,52.0511,60.2724,52.0511,70.5248,54.6090,1.000,-0.0000,-0.0003
NH1,757182268.3,2023-12-30,57.819,287.892,1.986,13.700,0.00788,-0.4294,0.4294,inner_heliosphere,saturn,52.0578,60.2803,52.0578,70.5302,54.6141,0.541,-0.0000,-0.0003
NH1,757308297.3,2023-12-31,57.830,287.893,1.986,13.700,0.00788,-0.4294,0.4294,inner_heliosphere,saturn,52.0760,60.3016,52.0760,70.5448,54.6280,1.459,-0.0000,-0.0003
NH1,757394716.3,2024-01-01,57.838,287.894,1.986,13.700,0.00788,-0.4294,0.4294,inner_heliosphere,saturn,52.0885,60.3162,52.0885,70.5548,54.6376,1.000,-0.0000,-0.0003
NH1,757481112.3,2024-01-02,57.846,287.894,1.986,13.700,0.00788,-0.4294,0.4294,inner_heliosphere,saturn,52.1010,60.3308,52.1010,70.5648,54.6471,1.000,-0.0000,-0.0003
NH1,757567448.3,2024-01-03,57.854,287.895,1.986,13.700,0.00788,-0.4294,0.4294,inner_heliosphere,saturn,52.1134,60.3453,52.1134,70.5748,54.6567,0.999,-0.0000,-0.0003
NH1,757589031.3,2024-01-03,57.856,287.895,1.986,13.700,0.00788,-0.4294,0.4294,inner_heliosphere,saturn,52.1165,60.3490,52.1165,70.5773,54.6590,0.250,-0.0000,-0.0003
NH1,757740237.3,2024-01-05,57.870,287.896,1.986,13.699,0.00788,-0.4294,0.4294,inner_heliosphere,saturn,52.1384,60.3744,52.1384,70.5949,54.6757,1.750,-0.0001,-0.0003
NH1,757783435.3,2024-01-06,57.874,287.897,1.986,13.699,0.00788,-0.4294,0.4294,inner_heliosphere,saturn,52.1446,60.3817,52.1446,70.5999,54.6805,0.500,-0.0000,-0.0003
NH1,757913080.3,2024-01-07,57.886,287.898,1.986,13.699,0.00788,-0.4294,0.4294,inner_heliosphere,saturn,52.1634,60.4036,52.1634,70.6149,54.6948,1.501,-0.0000,-0.0003
NH1,757999482.3,2024-01-08,57.893,287.899,1.986,13.699,0.00788,-0.4294,0.4294,inner_heliosphere,saturn,52.1758,60.4181,52.1758,70.6249,54.7043,1.000,-0.0000,-0.0003
NH1,758114630.3,2024-01-09,57.904,287.899,1.986,13.699,0.00788,-0.4294,0.4294,inner_heliosphere,saturn,52.1925,60.4375,52.1925,70.6383,54.7171,1.333,-0.0000,-0.0003
NH1,758316262.3,2024-01-12,57.922,287.901,1.986,13.698,0.00788,-0.4294,0.4294,inner_heliosphere,saturn,52.2216,60.4714,52.2216,70.6616,54.7393,2.334,-0.0001,-0.0003
NH1,758402661.3,2024-01-13,57.930,287.902,1.986,13.698,0.00788,-0.4294,0.4294,inner_heliosphere,saturn,52.2341,60.4859,52.2341,70.6717,54.7489,1.000,-0.0000,-0.0003
NH1,758489059.3,2024-01-14,57.938,287.903,1.986,13.698,0.00788,-0.4294,0.4294,inner_heliosphere,saturn,52.2466,60.5004,52.2466,70.6817,54.7584,1.000,-0.0000,-0.0003
NH1,758561001.3,2024-01-15,57.945,287.903,1.986,13.698,0.00788,-0.4294,0.4294,inner_heliosphere,saturn,52.2570,60.5125,52.2570,70.6900,54.7663,0.833,-0.0000,-0.0003
NH1,758683408.3,2024-01-16,57.956,287.904,1.986,13.698,0.00788,-0.4294,0.4294,inner_heliosphere,saturn,52.2747,60.5330,52.2747,70.7042,54.7799,1.417,-0.0000,-0.0003
NH1,758744628.3,2024-01-17,57.961,287.905,1.986,13.698,0.00788,-0.4294,0.4294,inner_heliosphere,saturn,52.2836,60.5433,52.2836,70.7113,54.7866,0.709,-0.0000,-0.0003
NH1,758802206.3,2024-01-17,57.967,287.905,1.986,13.698,0.00788,-0.4294,0.4294,inner_heliosphere,saturn,52.2919,60.5529,52.2919,70.7180,54.7930,0.666,-0.0000,-0.0003
NH1,758917416.3,2024-01-19,57.977,287.906,1.986,13.697,0.00788,-0.4294,0.4294,inner_heliosphere,saturn,52.3086,60.5722,52.3086,70.7313,54.8057,1.333,-0.0000,-0.0003
NH1,759000201.3,2024-01-20,57.985,287.907,1.986,13.697,0.00788,-0.4294,0.4294,inner_heliosphere,saturn,52.3206,60.5861,52.3206,70.7409,54.8148,0.958,-0.0000,-0.0003
NH1,759101067.3,2024-01-21,57.994,287.907,1.986,13.697,0.00788,-0.4294,0.4294,inner_heliosphere,saturn,52.3352,60.6030,52.3352,70.7526,54.8260,1.167,-0.0000,-0.0003
NH1,759205432.3,2024-01-22,58.003,287.908,1.986,13.697,0.00788,-0.4294,0.4294,inner_heliosphere,saturn,52.3503,60.6205,52.3503,70.7647,54.8375,1.208,-0.0000,-0.0003
NH1,759291782.3,2024-01-23,58.011,287.909,1.986,13.697,0.00788,-0.4294,0.4294,inner_heliosphere,saturn,52.3628,60.6349,52.3628,70.7747,54.8470,0.999,-0.0000,-0.0003
NH1,759381780.3,2024-01-24,58.020,287.910,1.986,13.697,0.00788,-0.4294,0.4294,inner_heliosphere,saturn,52.3758,60.6499,52.3758,70.7851,54.8570,1.042,-0.0000,-0.0003
NH1,759392559.3,2024-01-24,58.020,287.910,1.986,13.697,0.00788,-0.4294,0.4294,inner_heliosphere,saturn,52.3774,60.6517,52.3774,70.7864,54.8582,0.125,-0.0000,-0.0003
NH1,759554577.3,2024-01-26,58.035,287.911,1.986,13.696,0.00788,-0.4294,0.4294,inner_heliosphere,saturn,52.4008,60.6788,52.4008,70.8052,54.8761,1.875,-0.0001,-0.0003
NH1,759637434.3,2024-01-27,58.043,287.912,1.986,13.696,0.00788,-0.4294,0.4294,inner_heliosphere,saturn,52.4128,60.6927,52.4128,70.8148,54.8852,0.959,-0.0000,-0.0003
NH1,759695026.3,2024-01-28,58.048,287.912,1.986,13.696,0.00788,-0.4294,0.4294,inner_heliosphere,saturn,52.4212,60.7023,52.4212,70.8214,54.8916,0.667,-0.0000,-0.0003
NH1,759806611.3,2024-01-29,58.058,287.913,1.986,13.696,0.00788,-0.4294,0.4294,inner_heliosphere,saturn,52.4373,60.7209,52.4373,70.8344,54.9039,1.291,-0.0000,-0.0003
NH1,759893007.3,2024-01-30,58.066,287.914,1.986,13.696,0.00788,-0.4294,0.4294,inner_heliosphere,saturn,52.4499,60.7353,52.4499,70.8444,54.9135,1.000,-0.0000,-0.0003
NH1,759921768.3,2024-01-30,58.069,287.914,1.986,13.696,0.00788,-0.4294,0.4294,inner_heliosphere,saturn,52.4540,60.7401,52.4540,70.8477,54.9166,0.333,-0.0000,-0.0003
NH1,760000953.3,2024-01-31,58.076,287.915,1.986,13.696,0.00788,-0.4294,0.4294,inner_heliosphere,saturn,52.4655,60.7533,52.4655,70.8569,54.9254,0.916,-0.0000,-0.0003
NH1,760198969.3,2024-02-03,58.094,287.916,1.986,13.695,0.00788,-0.4294,0.4294,inner_heliosphere,saturn,52.4942,60.7863,52.4942,70.8798,54.9473,2.292,-0.0001,-0.0003
NH1,760332175.3,2024-02-04,58.106,287.917,1.986,13.695,0.00788,-0.4294,0.4294,inner_heliosphere,saturn,52.5135,60.8084,52.5135,70.8952,54.9620,1.542,-0.0000,-0.0003
NH1,760382621.3,2024-02-05,58.111,287.918,1.986,13.695,0.00788,-0.4294,0.4294,inner_heliosphere,saturn,52.5208,60.8168,52.5208,70.9011,54.9676,0.584,-0.0000,-0.0003
NH1,760497830.3,2024-02-06,58.121,287.919,1.986,13.695,0.00788,-0.4294,0.4294,inner_heliosphere,saturn,52.5375,60.8360,52.5375,70.9144,54.9803,1.333,-0.0000,-0.0003
NH1,760526591.3,2024-02-06,58.124,287.919,1.986,13.695,0.00788,-0.4294,0.4294,inner_heliosphere,saturn,52.5417,60.8408,52.5417,70.9178,54.9835,0.333,-0.0000,-0.0003
NH1,760764178.3,2024-02-09,58.146,287.921,1.987,13.694,0.00788,-0.4294,0.4294,inner_heliosphere,saturn,52.5762,60.8802,52.5762,70.9453,55.0097,2.750,-0.0001,-0.0003
NH1,760850580.3,2024-02-10,58.153,287.921,1.987,13.694,0.00788,-0.4294,0.4294,inner_heliosphere,saturn,52.5887,60.8946,52.5887,70.9553,55.0193,1.000,-0.0000,-0.0003
NH1,760929820.3,2024-02-11,58.161,287.922,1.987,13.694,0.00788,-0.4294,0.4294,inner_heliosphere,saturn,52.6002,60.9077,52.6002,70.9645,55.0280,0.917,-0.0000,-0.0003
NH1,760954971.3,2024-02-11,58.163,287.922,1.987,13.694,0.00788,-0.4294,0.4294,inner_heliosphere,saturn,52.6039,60.9119,52.6039,70.9674,55.0308,0.291,-0.0000,-0.0003
NH1,761073827.3,2024-02-13,58.174,287.923,1.987,13.694,0.00788,-0.4294,0.4294,inner_heliosphere,saturn,52.6211,60.9316,52.6211,70.9812,55.0440,1.376,-0.0000,-0.0003
NH1,761160228.3,2024-02-14,58.182,287.924,1.987,13.694,0.00788,-0.4294,0.4294,inner_heliosphere,saturn,52.6336,60.9459,52.6336,70.9912,55.0535,1.000,-0.0000,-0.0003
NH1,761214182.3,2024-02-14,58.187,287.924,1.987,13.694,0.00788,-0.4294,0.4294,inner_heliosphere,saturn,52.6415,60.9548,52.6415,70.9974,55.0595,0.624,-0.0000,-0.0003
NH1,761325866.3,2024-02-16,58.197,287.925,1.987,13.693,0.00788,-0.4294,0.4294,inner_heliosphere,saturn,52.6577,60.9733,52.6577,71.0104,55.0718,1.293,-0.0000,-0.0002
NH1,761455384.3,2024-02-17,58.209,287.926,1.987,13.693,0.00788,-0.4294,0.4294,inner_heliosphere,saturn,52.6765,60.9947,52.6765,71.0254,55.0861,1.499,-0.0000,-0.0002
NH1,761541783.3,2024-02-18,58.216,287.927,1.987,13.693,0.00788,-0.4294,0.4294,inner_heliosphere,saturn,52.6891,61.0090,52.6891,71.0354,55.0957,1.000,-0.0000,-0.0002
NH1,761617385.3,2024-02-19,58.223,287.928,1.987,13.693,0.00788,-0.4294,0.4294,inner_heliosphere,saturn,52.7000,61.0215,52.7000,71.0441,55.1041,0.875,-0.0000,-0.0002
NH1,761790190.3,2024-02-21,58.239,287.929,1.987,13.693,0.00788,-0.4294,0.4294,inner_heliosphere,saturn,52.7251,61.0501,52.7251,71.0641,55.1232,2.000,-0.0000,-0.0002
NH1,761887403.3,2024-02-22,58.248,287.930,1.987,13.692,0.00788,-0.4294,0.4294,inner_heliosphere,saturn,52.7393,61.0661,52.7393,71.0754,55.1339,1.125,-0.0000,-0.0002
NH1,761973798.3,2024-02-23,58.256,287.930,1.987,13.692,0.00788,-0.4294,0.4294,inner_heliosphere,saturn,52.7518,61.0804,52.7518,71.0854,55.1435,1.000,-0.0000,-0.0002
NH1,762045930.3,2024-02-24,58.262,287.931,1.987,13.692,0.00788,-0.4294,0.4294,inner_heliosphere,saturn,52.7623,61.0923,52.7623,71.0937,55.1514,0.835,-0.0000,-0.0002
NH1,762107046.3,2024-02-25,58.268,287.932,1.987,13.692,0.00788,-0.4294,0.4294,inner_heliosphere,saturn,52.7712,61.1023,52.7712,71.1008,55.1582,0.707,-0.0000,-0.0002
NH1,762232999.3,2024-02-26,58.279,287.933,1.987,13.692,0.00788,-0.4294,0.4294,inner_heliosphere,saturn,52.7895,61.1231,52.7895,71.1154,55.1721,1.458,-0.0000,-0.0002
NH1,762276217.3,2024-02-27,58.283,287.933,1.987,13.692,0.00788,-0.4294,0.4294,inner_heliosphere,saturn,52.7958,61.1302,52.7958,71.1204,55.1769,0.500,-0.0000,-0.0002
NH1,762405806.3,2024-02-28,58.295,287.934,1.987,13.692,0.00788,-0.4294,0.4294,inner_heliosphere,saturn,52.8146,61.1515,52.8146,71.1354,55.1912,1.500,-0.0000,-0.0002
NH1,762488609.3,2024-02-29,58.303,287.935,1.987,13.691,0.00788,-0.4294,0.4294,inner_heliosphere,saturn,52.8267,61.1651,52.8267,71.1450,55.2004,0.958,-0.0000,-0.0002
NH1,762539049.3,2024-03-01,58.307,287.935,1.987,13.691,0.00788,-0.4294,0.4294,inner_heliosphere,saturn,52.8340,61.1734,52.8340,71.1508,55.2060,0.584,-0.0000,-0.0002
NH1,762665015.3,2024-03-02,58.319,287.936,1.987,13.691,0.00788,-0.4294,0.4294,inner_heliosphere,saturn,52.8523,61.1941,52.8523,71.1654,55.2199,1.458,-0.0000,-0.0002
NH1,762751419.3,2024-03-03,58.327,287.937,1.987,13.691,0.00788,-0.4294,0.4294,inner_heliosphere,saturn,52.8649,61.2083,52.8649,71.1754,55.2295,1.000,-0.0000,-0.0002
NH1,762827023.3,2024-03-04,58.334,287.937,1.987,13.691,0.00788,-0.4294,0.4294,inner_heliosphere,saturn,52.8759,61.2208,52.8759,71.1842,55.2378,0.875,-0.0000,-0.0002
NH1,762909823.4,2024-03-05,58.341,287.938,1.987,13.691,0.00788,-0.4294,0.4294,inner_heliosphere,saturn,52.8879,61.2343,52.8879,71.1938,55.2470,0.958,-0.0000,-0.0002
NH1,763010632.4,2024-03-06,58.350,287.939,1.987,13.691,0.00788,-0.4294,0.4294,inner_heliosphere,saturn,52.9026,61.2509,52.9026,71.2054,55.2581,1.167,-0.0000,-0.0002
NH1,763097033.4,2024-03-07,58.358,287.939,1.987,13.690,0.00788,-0.4294,0.4294,inner_heliosphere,saturn,52.9152,61.2651,52.9152,71.2154,55.2677,1.000,-0.0000,-0.0002
NH1,763184046.4,2024-03-08,58.366,287.940,1.987,13.690,0.00788,-0.4294,0.4294,inner_heliosphere,saturn,52.9278,61.2793,52.9278,71.2255,55.2773,1.007,-0.0000,-0.0001
NH1,763269835.4,2024-03-09,58.374,287.941,1.987,13.690,0.00788,-0.4294,0.4294,inner_heliosphere,saturn,52.9403,61.2934,52.9403,71.2354,55.2868,0.993,-0.0000,-0.0001
NH1,763357471.4,2024-03-10,58.382,287.941,1.987,13.690,0.00788,-0.4294,0.4294,inner_heliosphere,saturn,52.9531,61.3077,52.9531,71.2456,55.2965,1.014,-0.0000,-0.0001
NH1,763413839.4,2024-03-11,58.387,287.942,1.987,13.690,0.00788,-0.4294,0.4294,inner_heliosphere,saturn,52.9613,61.3169,52.9613,71.2521,55.3028,0.652,-0.0000,-0.0001
NH1,763475047.4,2024-03-12,58.393,287.942,1.987,13.690,0.00788,-0.4294,0.4294,inner_heliosphere,saturn,52.9702,61.3270,52.9702,71.2592,55.3095,0.708,-0.0000,-0.0001
NH1,763583049.4,2024-03-13,58.403,287.943,1.987,13.690,0.00788,-0.4294,0.4294,inner_heliosphere,saturn,52.9859,61.3446,52.9859,71.2717,55.3215,1.250,-0.0000,-0.0001
NH1,763640649.4,2024-03-13,58.408,287.944,1.987,13.690,0.00788,-0.4294,0.4294,inner_heliosphere,saturn,52.9943,61.3540,52.9943,71.2784,55.3279,0.667,-0.0000,-0.0001
NH1,763874665.4,2024-03-16,58.429,287.946,1.987,13.689,0.00788,-0.4294,0.4294,inner_heliosphere,saturn,53.0284,61.3923,53.0284,71.3054,55.3538,2.709,-0.0000,-0.0001
NH1,763953871.4,2024-03-17,58.436,287.946,1.987,13.689,0.00788,-0.4294,0.4294,inner_heliosphere,saturn,53.0400,61.4052,53.0400,71.3146,55.3625,0.917,-0.0000,-0.0001
NH1,764011476.4,2024-03-18,58.442,287.947,1.987,13.689,0.00788,-0.4294,0.4294,inner_heliosphere,saturn,53.0484,61.4146,53.0484,71.3213,55.3689,0.667,-0.0000,-0.0001
NH1,764126679.4,2024-03-19,58.452,287.948,1.987,13.689,0.00788,-0.4294,0.4294,inner_heliosphere,saturn,53.0652,61.4334,53.0652,71.3346,55.3816,1.333,-0.0000,-0.0001
NH1,764216679.4,2024-03-20,58.460,287.948,1.987,13.689,0.00788,-0.4294,0.4294,inner_heliosphere,saturn,53.0783,61.4480,53.0783,71.3450,55.3916,1.042,-0.0000,-0.0001
NH1,764393091.4,2024-03-22,58.476,287.950,1.987,13.688,0.00787,-0.4294,0.4294,inner_heliosphere,saturn,53.1040,61.4767,53.1040,71.3654,55.4111,2.042,-0.0000,-0.0001
NH1,764479495.4,2024-03-23,58.484,287.950,1.987,13.688,0.00787,-0.4294,0.4294,inner_heliosphere,saturn,53.1166,61.4908,53.1166,71.3754,55.4207,1.000,-0.0000,-0.0001
NH1,764565898.4,2024-03-24,58.492,287.951,1.987,13.688,0.00787,-0.4294,0.4294,inner_heliosphere,saturn,53.1292,61.5049,53.1292,71.3854,55.4303,1.000,-0.0000,-0.0001
NH1,764616299.4,2024-03-25,58.497,287.951,1.987,13.688,0.00787,-0.4294,0.4294,inner_heliosphere,saturn,53.1365,61.5130,53.1365,71.3913,55.4358,0.583,-0.0000,-0.0001
NH1,764738709.4,2024-03-26,58.508,287.952,1.987,13.688,0.00787,-0.4294,0.4294,inner_heliosphere,saturn,53.1544,61.5329,53.1544,71.4054,55.4494,1.417,-0.0000,-0.0000
NH1,764825111.4,2024-03-27,58.516,287.953,1.987,13.688,0.00787,-0.4294,0.4294,inner_heliosphere,saturn,53.1670,61.5470,53.1670,71.4154,55.4590,1.000,-0.0000,-0.0000
NH1,764879109.4,2024-03-28,58.521,287.954,1.987,13.688,0.00787,-0.4294,0.4294,inner_heliosphere,saturn,53.1749,61.5557,53.1749,71.4217,55.4649,0.625,-0.0000,-0.0000
NH1,764997925.4,2024-03-29,58.532,287.954,1.987,13.687,0.00787,-0.4294,0.4294,inner_heliosphere,saturn,53.1922,61.5750,53.1922,71.4354,55.4781,1.375,-0.0000,-0.0000
NH1,765084330.4,2024-03-30,58.539,287.955,1.987,13.687,0.00787,-0.4294,0.4294,inner_heliosphere,saturn,53.2048,61.5890,53.2048,71.4454,55.4877,1.000,-0.0000,-0.0000
NH1,765149123.4,2024-03-31,58.545,287.956,1.987,13.687,0.00787,-0.4294,0.4294,inner_heliosphere,saturn,53.2143,61.5995,53.2143,71.4529,55.4948,0.750,-0.0000,-0.0000
NH1,765246329.4,2024-04-01,58.554,287.956,1.987,13.687,0.00787,-0.4294,0.4294,inner_heliosphere,saturn,53.2285,61.6153,53.2285,71.4642,55.5056,1.125,-0.0000,-0.0000
NH1,765311138.4,2024-04-02,58.560,287.957,1.987,13.687,0.00787,-0.4294,0.4294,inner_heliosphere,saturn,53.2379,61.6258,53.2379,71.4717,55.5128,0.750,-0.0000,-0.0000
NH1,765397543.4,2024-04-03,58.568,287.958,1.987,13.687,0.00787,-0.4294,0.4294,inner_heliosphere,saturn,53.2506,61.6397,53.2506,71.4817,55.5223,1.000,-0.0000,-0.0000
NH1,765501941.4,2024-04-04,58.577,287.958,1.987,13.686,0.00787,-0.4294,0.4294,inner_heliosphere,saturn,53.2658,61.6566,53.2658,71.4937,55.5339,1.208,-0.0000,-0.0000
NH1,765563162.4,2024-04-05,58.583,287.959,1.987,13.686,0.00787,-0.4294,0.4294,inner_heliosphere,saturn,53.2747,61.6665,53.2747,71.5008,55.5407,0.709,0.0000,0.0000
NH1,765667603.4,2024-04-06,58.593,287.960,1.987,13.686,0.00787,-0.4294,0.4294,inner_heliosphere,saturn,53.2900,61.6834,53.2900,71.5129,55.5523,1.209,0.0000,0.0000
NH1,765761155.4,2024-04-07,58.601,287.960,1.987,13.686,0.00787,-0.4294,0.4294,inner_heliosphere,saturn,53.3037,61.6985,53.3037,71.5237,55.5626,1.083,0.0000,0.0000
NH1,765858362.4,2024-04-08,58.610,287.961,1.987,13.686,0.00787,-0.4294,0.4294,inner_heliosphere,saturn,53.3179,61.7142,53.3179,71.5350,55.5734,1.125,0.0000,0.0000
NH1,765919578.4,2024-04-09,58.616,287.962,1.987,13.686,0.00787,-0.4294,0.4294,inner_heliosphere,saturn,53.3268,61.7241,53.3268,71.5420,55.5802,0.709,0.0000,0.0000
NH1,765969962.4,2024-04-09,58.620,287.962,1.987,13.686,0.00787,-0.4294,0.4294,inner_heliosphere,saturn,53.3342,61.7322,53.3342,71.5479,55.5857,0.583,0.0000,0.0000
NH1,766056376.4,2024-04-10,58.628,287.963,1.987,13.686,0.00787,-0.4294,0.4294,inner_heliosphere,saturn,53.3468,61.7461,53.3468,71.5579,55.5953,1.000,0.0000,0.0000
NH1,766196786.4,2024-04-12,58.641,287.964,1.987,13.685,0.00787,-0.4294,0.4294,inner_heliosphere,saturn,53.3673,61.7688,53.3673,71.5741,55.6109,1.625,0.0000,0.0000
NH1,766239989.4,2024-04-13,58.645,287.964,1.987,13.685,0.00787,-0.4294,0.4294,inner_heliosphere,saturn,53.3736,61.7757,53.3736,71.5791,55.6157,0.500,0.0000,0.0001
NH1,766380400.4,2024-04-14,58.657,287.965,1.987,13.685,0.00787,-0.4294,0.4294,inner_heliosphere,saturn,53.3942,61.7983,53.3942,71.5953,55.6312,1.625,0.0000,0.0001
NH1,766459598.4,2024-04-15,58.665,287.966,1.987,13.685,0.00787,-0.4294,0.4294,inner_heliosphere,saturn,53.4057,61.8111,53.4057,71.6045,55.6400,0.917,0.0000,0.0001
NH1,766542404.4,2024-04-16,58.672,287.967,1.987,13.685,0.00787,-0.4294,0.4294,inner_heliosphere,saturn,53.4178,61.8244,53.4178,71.6141,55.6492,0.958,0.0000,0.0001
NH1,766621607.4,2024-04-17,58.679,287.967,1.987,13.685,0.00787,-0.4294,0.4294,inner_heliosphere,saturn,53.4294,61.8371,53.4294,71.6232,55.6579,0.917,0.0000,0.0001
NH1,766693604.4,2024-04-18,58.686,287.968,1.987,13.685,0.00787,-0.4294,0.4294,inner_heliosphere,saturn,53.4400,61.8487,53.4400,71.6316,55.6659,0.833,0.0000,0.0001
NH1,766812419.4,2024-04-19,58.697,287.969,1.987,13.684,0.00787,-0.4294,0.4294,inner_heliosphere,saturn,53.4573,61.8677,53.4573,71.6453,55.6791,1.375,0.0000,0.0001
NH1,766873661.4,2024-04-20,58.702,287.969,1.987,13.684,0.00787,-0.4294,0.4294,inner_heliosphere,saturn,53.4663,61.8775,53.4663,71.6524,55.6859,0.709,0.0000,0.0001
NH1,766927624.4,2024-04-20,58.707,287.970,1.987,13.684,0.00787,-0.4294,0.4294,inner_heliosphere,saturn,53.4742,61.8862,53.4742,71.6586,55.6918,0.625,0.0000,0.0001
NH1,767064427.4,2024-04-22,58.720,287.971,1.987,13.684,0.00787,-0.4294,0.4294,inner_heliosphere,saturn,53.4942,61.9081,53.4942,71.6745,55.7070,1.583,0.0000,0.0001
NH1,767143630.4,2024-04-23,58.727,287.971,1.987,13.684,0.00787,-0.4294,0.4294,inner_heliosphere,saturn,53.5058,61.9208,53.5058,71.6836,55.7158,0.917,0.0000,0.0001
NH1,767298447.4,2024-04-25,58.741,287.973,1.987,13.684,0.00787,-0.4294,0.4294,inner_heliosphere,saturn,53.5284,61.9456,53.5284,71.7015,55.7329,1.792,0.0000,0.0001
NH1,767417263.4,2024-04-26,58.752,287.973,1.988,13.683,0.00787,-0.4294,0.4294,inner_heliosphere,saturn,53.5458,61.9646,53.5458,71.7152,55.7461,1.375,0.0000,0.0001
NH1,767467643.4,2024-04-27,58.757,287.974,1.988,13.683,0.00787,-0.4294,0.4294,inner_heliosphere,saturn,53.5532,61.9726,53.5532,71.7211,55.7517,0.583,0.0000,0.0001
NH1,767582852.4,2024-04-28,58.767,287.975,1.988,13.683,0.00787,-0.4294,0.4294,inner_heliosphere,saturn,53.5701,61.9911,53.5701,71.7344,55.7645,1.333,0.0000,0.0001
NH1,767636849.4,2024-04-29,58.772,287.975,1.988,13.683,0.00787,-0.4294,0.4294,inner_heliosphere,saturn,53.5780,61.9997,53.5780,71.7406,55.7704,0.625,0.0000,0.0001
NH1,767698050.4,2024-04-29,58.778,287.976,1.988,13.683,0.00787,-0.4294,0.4294,inner_heliosphere,saturn,53.5869,62.0094,53.5869,71.7477,55.7772,0.708,0.0000,0.0001
NH1,767802471.4,2024-05-01,58.787,287.976,1.988,13.683,0.00787,-0.4294,0.4294,inner_heliosphere,saturn,53.6022,62.0261,53.6022,71.7598,55.7888,1.209,0.0000,0.0001
NH1,767903274.4,2024-05-02,58.796,287.977,1.988,13.683,0.00787,-0.4294,0.4294,inner_heliosphere,saturn,53.6170,62.0422,53.6170,71.7714,55.8000,1.167,0.0000,0.0002
NH1,767968109.4,2024-05-03,58.802,287.978,1.988,13.682,0.00787,-0.4294,0.4294,inner_heliosphere,saturn,53.6265,62.0525,53.6265,71.7789,55.8072,0.750,0.0000,0.0002
NH1,768104881.4,2024-05-04,58.815,287.979,1.988,13.682,0.00787,-0.4294,0.4294,inner_heliosphere,saturn,53.6465,62.0743,53.6465,71.7947,55.8223,1.583,0.0000,0.0002
NH1,768176879.4,2024-05-05,58.821,287.979,1.988,13.682,0.00787,-0.4294,0.4294,inner_heliosphere,saturn,53.6571,62.0857,53.6571,71.8031,55.8303,0.833,0.0000,0.0002
NH1,768212878.4,2024-05-05,58.824,287.980,1.988,13.682,0.00787,-0.4294,0.4294,inner_heliosphere,saturn,53.6624,62.0915,53.6624,71.8072,55.8343,0.417,0.0000,0.0002
NH1,768360491.4,2024-05-07,58.838,287.981,1.988,13.682,0.00787,-0.4294,0.4294,inner_heliosphere,saturn,53.6840,62.1149,53.6840,71.8243,55.8507,1.708,0.0000,0.0002
NH1,768446897.4,2024-05-08,58.846,287.982,1.988,13.682,0.00787,-0.4294,0.4294,inner_heliosphere,saturn,53.6967,62.1287,53.6967,71.8343,55.8602,1.000,0.0000,0.0002
NH1,768583694.4,2024-05-10,58.858,287.983,1.988,13.681,0.00787,-0.4294,0.4294,inner_heliosphere,saturn,53.7167,62.1504,53.7167,71.8501,55.8754,1.583,0.0000,0.0002
NH1,768702499.4,2024-05-11,58.869,287.984,1.988,13.681,0.00787,-0.4294,0.4294,inner_heliosphere,saturn,53.7341,62.1692,53.7341,71.8638,55.8886,1.375,0.0000,0.0002
NH1,768770944.4,2024-05-12,58.875,287.984,1.988,13.681,0.00787,-0.4294,0.4294,inner_heliosphere,saturn,53.7442,62.1801,53.7442,71.8717,55.8962,0.792,0.0000,0.0002
NH1,768868108.4,2024-05-13,58.884,287.985,1.988,13.681,0.00787,-0.4294,0.4294,inner_heliosphere,saturn,53.7584,62.1955,53.7584,71.8830,55.9070,1.125,0.0000,0.0002
NH1,768961709.4,2024-05-14,58.893,287.986,1.988,13.681,0.00787,-0.4294,0.4294,inner_heliosphere,saturn,53.7722,62.2103,53.7722,71.8938,55.9173,1.083,0.0000,0.0002
NH1,769051717.4,2024-05-15,58.901,287.986,1.988,13.681,0.00787,-0.4294,0.4294,inner_heliosphere,saturn,53.7854,62.2246,53.7854,71.9042,55.9273,1.042,0.0000,0.0002
NH1,769098507.4,2024-05-16,58.905,287.987,1.988,13.681,0.00787,-0.4294,0.4294,inner_heliosphere,saturn,53.7922,62.2320,53.7922,71.9096,55.9325,0.542,0.0000,0.0002
NH1,769220921.4,2024-05-17,58.916,287.988,1.988,13.680,0.00787,-0.4294,0.4294,inner_heliosphere,saturn,53.8102,62.2513,53.8102,71.9237,55.9461,1.417,0.0000,0.0002
NH1,769307325.4,2024-05-18,58.924,287.988,1.988,13.680,0.00787,-0.4294,0.4294,inner_heliosphere,saturn,53.8229,62.2650,53.8229,71.9337,55.9557,1.000,0.0000,0.0002
NH1,769397325.4,2024-05-19,58.932,287.989,1.988,13.680,0.00787,-0.4294,0.4294,inner_heliosphere,saturn,53.8361,62.2792,53.8361,71.9441,55.9657,1.042,0.0000,0.0002
NH1,769483737.4,2024-05-20,58.940,287.990,1.988,13.680,0.00787,-0.4294,0.4294,inner_heliosphere,saturn,53.8487,62.2928,53.8487,71.9541,55.9752,1.000,0.0000,0.0002
NH1,769541404.4,2024-05-21,58.945,287.990,1.988,13.680,0.00787,-0.4294,0.4294,inner_heliosphere,saturn,53.8572,62.3019,53.8572,71.9608,55.9816,0.667,0.0000,0.0002
NH1,769656535.4,2024-05-22,58.956,287.991,1.988,13.680,0.00787,-0.4294,0.4294,inner_heliosphere,saturn,53.8741,62.3201,53.8741,71.9741,55.9944,1.333,0.0000,0.0002
NH1,769732131.4,2024-05-23,58.963,287.992,1.988,13.680,0.00787,-0.4294,0.4294,inner_heliosphere,saturn,53.8852,62.3320,53.8852,71.9828,56.0028,0.875,0.0000,0.0002
NH1,769829346.4,2024-05-24,58.972,287.992,1.988,13.680,0.00787,-0.4294,0.4294,inner_heliosphere,saturn,53.8995,62.3473,53.8995,71.9940,56.0136,1.125,0.0000,0.0002
NH1,769915747.4,2024-05-25,58.980,287.993,1.988,13.679,0.00787,-0.4294,0.4294,inner_heliosphere,saturn,53.9122,62.3609,53.9122,72.0040,56.0232,1.000,0.0000,0.0003
NH1,770005766.4,2024-05-26,58.988,287.994,1.988,13.679,0.00787,-0.4294,0.4294,inner_heliosphere,saturn,53.9254,62.3751,53.9254,72.0144,56.0332,1.042,0.0000,0.0002
NH1,770070542.4,2024-05-27,58.994,287.994,1.988,13.679,0.00787,-0.4294,0.4294,inner_heliosphere,saturn,53.9349,62.3853,53.9349,72.0219,56.0403,0.750,0.0000,0.0003
NH1,770149735.4,2024-05-28,59.001,287.995,1.988,13.679,0.00787,-0.4294,0.4294,inner_heliosphere,saturn,53.9465,62.3977,53.9465,72.0311,56.0491,0.917,0.0000,0.0003
NH1,770243344.4,2024-05-29,59.009,287.995,1.988,13.679,0.00787,-0.4294,0.4294,inner_heliosphere,saturn,53.9603,62.4124,53.9603,72.0419,56.0595,1.083,0.0000,0.0003
NH1,770315351.4,2024-05-30,59.016,287.996,1.988,13.679,0.00787,-0.4294,0.4294,inner_heliosphere,saturn,53.9709,62.4237,53.9709,72.0502,56.0675,0.833,0.0000,0.0003
NH1,770380181.4,2024-05-30,59.022,287.997,1.988,13.679,0.00787,-0.4294,0.4294,inner_heliosphere,saturn,53.9804,62.4339,53.9804,72.0577,56.0747,0.750,0.0000,0.0003
NH1,770516954.4,2024-06-01,59.034,287.998,1.988,13.678,0.00787,-0.4294,0.4294,inner_heliosphere,saturn,54.0005,62.4553,54.0005,72.0735,56.0899,1.583,0.0000,0.0003
NH1,770599749.4,2024-06-02,59.042,287.998,1.988,13.678,0.00787,-0.4294,0.4294,inner_heliosphere,saturn,54.0127,62.4683,54.0127,72.0830,56.0991,0.958,0.0000,0.0003
NH1,770675351.4,2024-06-03,59.049,287.999,1.988,13.678,0.00787,-0.4294,0.4294,inner_heliosphere,saturn,54.0238,62.4802,54.0238,72.0918,56.1075,0.875,0.0000,0.0003
NH1,770761746.4,2024-06-04,59.057,288.000,1.988,13.678,0.00787,-0.4294,0.4294,inner_heliosphere,saturn,54.0365,62.4937,54.0365,72.1018,56.1170,1.000,0.0000,0.0003
NH1,770848150.4,2024-06-05,59.065,288.000,1.988,13.678,0.00787,-0.4294,0.4294,inner_heliosphere,saturn,54.0492,62.5072,54.0492,72.1117,56.1266,1.000,0.0000,0.0003
NH1,771002953.4,2024-06-07,59.079,288.001,1.988,13.678,0.00787,-0.4294,0.4294,inner_heliosphere,saturn,54.0719,62.5314,54.0719,72.1296,56.1438,1.792,0.0000,0.0003
NH1,771118155.4,2024-06-08,59.089,288.002,1.988,13.677,0.00787,-0.4294,0.4294,inner_heliosphere,saturn,54.0889,62.5494,54.0889,72.1429,56.1566,1.333,0.0000,0.0003
NH1,771219896.4,2024-06-09,59.098,288.003,1.988,13.677,0.00787,-0.4294,0.4294,inner_heliosphere,saturn,54.1038,62.5653,54.1038,72.1547,56.1679,1.178,0.0000,0.0003
NH1,771306003.4,2024-06-10,59.106,288.004,1.988,13.677,0.00787,-0.4294,0.4294,inner_heliosphere,saturn,54.1165,62.5787,54.1165,72.1646,56.1774,0.997,0.0000,0.0003
NH1,771391782.4,2024-06-11,59.114,288.004,1.988,13.677,0.00787,-0.4294,0.4294,inner_heliosphere,saturn,54.1291,62.5921,54.1291,72.1745,56.1870,0.993,0.0000,0.0003
NH1,771452957.4,2024-06-12,59.120,288.005,1.988,13.677,0.00787,-0.4294,0.4294,inner_heliosphere,saturn,54.1381,62.6016,54.1381,72.1816,56.1938,0.708,0.0000,0.0003
NH1,771564590.4,2024-06-13,59.130,288.006,1.988,13.677,0.00787,-0.4294,0.4294,inner_heliosphere,saturn,54.1546,62.6190,54.1546,72.1945,56.2062,1.292,0.0000,0.0003
NH1,771650974.4,2024-06-14,59.138,288.006,1.988,13.677,0.00787,-0.4294,0.4294,inner_heliosphere,saturn,54.1673,62.6324,54.1673,72.2045,56.2157,1.000,0.0000,0.0003
NH1,771737374.4,2024-06-15,59.146,288.007,1.988,13.677,0.00787,-0.4294,0.4294,inner_heliosphere,saturn,54.1800,62.6459,54.1800,72.2144,56.2253,1.000,0.0000,0.0003
NH1,771813093.4,2024-06-16,59.152,288.008,1.988,13.676,0.00787,-0.4294,0.4294,inner_heliosphere,saturn,54.1911,62.6576,54.1911,72.2232,56.2337,0.876,0.0000,0.0003
NH1,771903010.4,2024-06-17,59.161,288.008,1.988,13.676,0.00787,-0.4294,0.4294,inner_heliosphere,saturn,54.2044,62.6716,54.2044,72.2336,56.2437,1.041,0.0000,0.0003
NH1,771946150.4,2024-06-18,59.165,288.009,1.988,13.676,0.00787,-0.4294,0.4294,inner_heliosphere,saturn,54.2107,62.6783,54.2107,72.2385,56.2485,0.499,0.0000,0.0003
NH1,772064949.5,2024-06-19,59.175,288.010,1.988,13.676,0.00787,-0.4294,0.4294,inner_heliosphere,saturn,54.2282,62.6968,54.2282,72.2523,56.2617,1.375,0.0000,0.0003
NH1,772122548.5,2024-06-20,59.181,288.010,1.988,13.676,0.00787,-0.4294,0.4294,inner_heliosphere,saturn,54.2367,62.7057,54.2367,72.2589,56.2681,0.667,0.0000,0.0003
NH1,772255764.5,2024-06-21,59.193,288.011,1.988,13.676,0.00787,-0.4294,0.4294,inner_heliosphere,saturn,54.2563,62.7263,54.2563,72.2743,56.2829,1.542,0.0000,0.0003
NH1,772316946.5,2024-06-22,59.198,288.012,1.988,13.676,0.00787,-0.4294,0.4294,inner_heliosphere,saturn,54.2653,62.7358,54.2653,72.2814,56.2897,0.708,0.0000,0.0003
NH1,772403345.5,2024-06-23,59.206,288.012,1.988,13.675,0.00787,-0.4294,0.4294,inner_heliosphere,saturn,54.2780,62.7492,54.2780,72.2913,56.2993,1.000,0.0000,0.0003
NH1,772514959.5,2024-06-24,59.216,288.013,1.988,13.675,0.00787,-0.4294,0.4294,inner_heliosphere,saturn,54.2945,62.7665,54.2945,72.3042,56.3117,1.292,0.0000,0.0003
NH1,772601361.5,2024-06-25,59.224,288.014,1.988,13.675,0.00787,-0.4294,0.4294,inner_heliosphere,saturn,54.3072,62.7798,54.3072,72.3142,56.3213,1.000,0.0000,0.0003
NH1,772687760.5,2024-06-26,59.232,288.014,1.988,13.675,0.00787,-0.4294,0.4294,inner_heliosphere,saturn,54.3199,62.7932,54.3199,72.3242,56.3309,1.000,0.0000,0.0003
NH1,772702153.5,2024-06-26,59.233,288.014,1.988,13.675,0.00787,-0.4294,0.4294,inner_heliosphere,saturn,54.3221,62.7954,54.3221,72.3258,56.3325,0.167,0.0000,0.0003
NH1,772861453.5,2024-06-28,59.248,288.016,1.988,13.675,0.00787,-0.4294,0.4294,inner_heliosphere,saturn,54.3455,62.8200,54.3455,72.3442,56.3502,1.844,0.0001,0.0003
NH1,772946945.5,2024-06-29,59.256,288.016,1.988,13.675,0.00787,-0.4294,0.4294,inner_heliosphere,saturn,54.3581,62.8332,54.3581,72.3541,56.3597,0.989,0.0000,0.0003
NH1,773011726.5,2024-06-30,59.262,288.017,1.988,13.675,0.00787,-0.4294,0.4294,inner_heliosphere,saturn,54.3677,62.8432,54.3677,72.3616,56.3669,0.750,0.0000,0.0003
NH1,773119741.5,2024-07-01,59.271,288.018,1.988,13.674,0.00787,-0.4294,0.4294,inner_heliosphere,saturn,54.3836,62.8598,54.3836,72.3740,56.3789,1.250,0.0000,0.0003
NH1,773206166.5,2024-07-02,59.279,288.018,1.988,13.674,0.00787,-0.4294,0.4294,inner_heliosphere,saturn,54.3964,62.8731,54.3964,72.3840,56.3885,1.000,0.0000,0.0003
NH1,773292539.5,2024-07-03,59.287,288.019,1.988,13.674,0.00787,-0.4294,0.4294,inner_heliosphere,saturn,54.4091,62.8864,54.4091,72.3940,56.3981,1.000,0.0000,0.0003
NH1,773422148.5,2024-07-05,59.299,288.020,1.988,13.674,0.00787,-0.4294,0.4294,inner_heliosphere,saturn,54.4282,62.9063,54.4282,72.4089,56.4125,1.500,0.0000,0.0003
NH1,773504919.5,2024-07-06,59.306,288.021,1.988,13.674,0.00787,-0.4294,0.4294,inner_heliosphere,saturn,54.4404,62.9191,54.4404,72.4185,56.4217,0.958,0.0000,0.0003
NH1,773594949.5,2024-07-07,59.315,288.021,1.988,13.674,0.00787,-0.4294,0.4294,inner_heliosphere,saturn,54.4537,62.9329,54.4537,72.4289,56.4317,1.042,0.0000,0.0003
NH1,773677715.5,2024-07-08,59.322,288.022,1.988,13.674,0.00787,-0.4294,0.4294,inner_heliosphere,saturn,54.4659,62.9456,54.4659,72.4384,56.4408,0.958,0.0000,0.0003
NH1,773810920.5,2024-07-09,59.334,288.023,1.988,13.673,0.00787,-0.4294,0.4294,inner_heliosphere,saturn,54.4856,62.9660,54.4856,72.4538,56.4557,1.542,0.0000,0.0003
NH1,773897311.5,2024-07-10,59.342,288.024,1.988,13.673,0.00787,-0.4294,0.4294,inner_heliosphere,saturn,54.4983,62.9793,54.4983,72.4638,56.4653,1.000,0.0000,0.0003
NH1,773984306.5,2024-07-11,59.350,288.024,1.988,13.673,0.00787,-0.4294,0.4294,inner_heliosphere,saturn,54.5111,62.9926,54.5111,72.4738,56.4749,1.007,0.0000,0.0003
NH1,774070105.5,2024-07-12,59.358,288.025,1.988,13.673,0.00787,-0.4294,0.4294,inner_heliosphere,saturn,54.5238,63.0057,54.5238,72.4837,56.4845,0.993,0.0000,0.0003
NH1,774156500.5,2024-07-13,59.366,288.026,1.989,13.673,0.00787,-0.4294,0.4294,inner_heliosphere,saturn,54.5366,63.0189,54.5366,72.4937,56.4941,1.000,0.0000,0.0003
NH1,774242900.5,2024-07-14,59.374,288.026,1.989,13.673,0.00787,-0.4294,0.4294,inner_heliosphere,saturn,54.5493,63.0321,54.5493,72.5036,56.5037,1.000,0.0000,0.0003
NH1,774329287.5,2024-07-15,59.382,288.027,1.989,13.673,0.00787,-0.4294,0.4294,inner_heliosphere,saturn,54.5621,63.0453,54.5621,72.5136,56.5133,1.000,0.0000,0.0003
NH1,774415685.5,2024-07-16,59.389,288.028,1.989,13.672,0.00787,-0.4294,0.4294,inner_heliosphere,saturn,54.5748,63.0585,54.5748,72.5236,56.5229,1.000,0.0000,0.0003
NH1,774502080.5,2024-07-17,59.397,288.028,1.989,13.672,0.00787,-0.4294,0.4294,inner_heliosphere,saturn,54.5876,63.0717,54.5876,72.5336,56.5325,1.000,0.0000,0.0003
NH1,774588472.5,2024-07-18,59.405,288.029,1.989,13.672,0.00787,-0.4294,0.4294,inner_heliosphere,saturn,54.6003,63.0849,54.6003,72.5435,56.5421,1.000,0.0000,0.0003
NH1,774674871.5,2024-07-19,59.413,288.030,1.989,13.672,0.00787,-0.4294,0.4294,inner_heliosphere,saturn,54.6131,63.0980,54.6131,72.5535,56.5517,1.000,0.0000,0.0003
NH1,774761263.5,2024-07-20,59.421,288.030,1.989,13.672,0.00787,-0.4294,0.4294,inner_heliosphere,saturn,54.6259,63.1112,54.6259,72.5635,56.5613,1.000,0.0000,0.0003
NH1,774822440.5,2024-07-21,59.426,288.031,1.989,13.672,0.00787,-0.4294,0.4294,inner_heliosphere,saturn,54.6349,63.1205,54.6349,72.5705,56.5681,0.708,0.0000,0.0003
NH1,774934051.5,2024-07-22,59.437,288.032,1.989,13.672,0.00787,-0.4294,0.4294,inner_heliosphere,saturn,54.6514,63.1375,54.6514,72.5834,56.5805,1.292,0.0000,0.0003
NH1,774970031.5,2024-07-23,59.440,288.032,1.989,13.672,0.00787,-0.4294,0.4294,inner_heliosphere,saturn,54.6567,63.1430,54.6567,72.5875,56.5845,0.416,0.0000,0.0003
NH1,775081629.5,2024-07-24,59.450,288.033,1.989,13.671,0.00787,-0.4294,0.4294,inner_heliosphere,saturn,54.6732,63.1599,54.6732,72.6004,56.5969,1.292,0.0000,0.0003
NH1,775193234.5,2024-07-25,59.460,288.034,1.989,13.671,0.00787,-0.4294,0.4294,inner_heliosphere,saturn,54.6897,63.1769,54.6897,72.6133,56.6093,1.292,0.0000,0.0003
NH1,775279634.5,2024-07-26,59.468,288.034,1.989,13.671,0.00787,-0.4294,0.4294,inner_heliosphere,saturn,54.7024,63.1900,54.7024,72.6233,56.6189,1.000,0.0000,0.0003
NH1,775366026.5,2024-07-27,59.476,288.035,1.989,13.671,0.00787,-0.4294,0.4294,inner_heliosphere,saturn,54.7152,63.2031,54.7152,72.6332,56.6285,1.000,0.0000,0.0003
NH1,775452419.5,2024-07-28,59.484,288.036,1.989,13.671,0.00787,-0.4294,0.4294,inner_heliosphere,saturn,54.7280,63.2162,54.7280,72.6432,56.6381,1.000,0.0000,0.0003
NH1,775509991.5,2024-07-29,59.489,288.036,1.989,13.671,0.00787,-0.4294,0.4294,inner_heliosphere,saturn,54.7365,63.2249,54.7365,72.6498,56.6445,0.666,0.0000,0.0003
NH1,775585629.5,2024-07-30,59.496,288.037,1.989,13.671,0.00787,-0.4294,0.4294,inner_heliosphere,saturn,54.7477,63.2363,54.7477,72.6586,56.6529,0.875,0.0000,0.0003
NH1,775679217.5,2024-07-31,59.504,288.037,1.989,13.670,0.00787,-0.4294,0.4294,inner_heliosphere,saturn,54.7615,63.2505,54.7615,72.6693,56.6633,1.083,0.0000,0.0003
NH1,775797993.5,2024-08-01,59.515,288.038,1.989,13.670,0.00787,-0.4294,0.4294,inner_heliosphere,saturn,54.7791,63.2685,54.7791,72.6830,56.6765,1.375,0.0000,0.0003
NH1,775884387.5,2024-08-02,59.523,288.039,1.989,13.670,0.00787,-0.4294,0.4294,inner_heliosphere,saturn,54.7919,63.2815,54.7919,72.6930,56.6861,1.000,0.0000,0.0003
NH1,775970777.5,2024-08-03,59.531,288.040,1.989,13.670,0.00787,-0.4294,0.4294,inner_heliosphere,saturn,54.8046,63.2946,54.8046,72.7030,56.6957,1.000,0.0000,0.0003
NH1,776057166.5,2024-08-04,59.539,288.040,1.989,13.670,0.00787,-0.4294,0.4294,inner_heliosphere,saturn,54.8174,63.3076,54.8174,72.7129,56.7054,1.000,0.0000,0.0003
NH1,776143565.5,2024-08-05,59.547,288.041,1.989,13.670,0.00787,-0.4294,0.4294,inner_heliosphere,saturn,54.8302,63.3206,54.8302,72.7229,56.7150,1.000,0.0000,0.0003
NH1,776229953.5,2024-08-06,59.555,288.041,1.989,13.670,0.00787,-0.4294,0.4294,inner_heliosphere,saturn,54.8430,63.3336,54.8430,72.7329,56.7246,1.000,0.0000,0.0003
NH1,776294758.5,2024-08-07,59.560,288.042,1.989,13.669,0.00787,-0.4294,0.4294,inner_heliosphere,saturn,54.8526,63.3434,54.8526,72.7403,56.7318,0.750,0.0000,0.0003
NH1,776402736.5,2024-08-08,59.570,288.043,1.989,13.669,0.00787,-0.4294,0.4294,inner_heliosphere,saturn,54.8685,63.3597,54.8685,72.7528,56.7438,1.250,0.0000,0.0003
NH1,776489128.5,2024-08-09,59.578,288.043,1.989,13.669,0.00787,-0.4294,0.4294,inner_heliosphere,saturn,54.8813,63.3726,54.8813,72.7628,56.7534,1.000,0.0000,0.0003
NH1,776553926.5,2024-08-10,59.584,288.044,1.989,13.669,0.00786,-0.4294,0.4294,inner_heliosphere,saturn,54.8909,63.3824,54.8909,72.7702,56.7606,0.750,0.0000,0.0003
NH1,776629491.5,2024-08-11,59.591,288.045,1.989,13.669,0.00786,-0.4294,0.4294,inner_heliosphere,saturn,54.9021,63.3937,54.9021,72.7789,56.7690,0.875,0.0000,0.0003
NH1,776723102.5,2024-08-12,59.599,288.045,1.989,13.669,0.00786,-0.4294,0.4294,inner_heliosphere,saturn,54.9160,63.4078,54.9160,72.7897,56.7794,1.083,0.0000,0.0003
NH1,776834697.5,2024-08-13,59.610,288.046,1.989,13.669,0.00786,-0.4294,0.4294,inner_heliosphere,saturn,54.9325,63.4245,54.9325,72.8026,56.7918,1.292,0.0000,0.0003
NH1,776921087.5,2024-08-14,59.617,288.047,1.989,13.669,0.00786,-0.4294,0.4294,inner_heliosphere,saturn,54.9453,63.4375,54.9453,72.8126,56.8015,1.000,0.0000,0.0003
NH1,777007616.5,2024-08-15,59.625,288.047,1.989,13.668,0.00786,-0.4294,0.4294,inner_heliosphere,saturn,54.9581,63.4505,54.9581,72.8225,56.8111,1.001,0.0000,0.0003
NH1,777093872.5,2024-08-16,59.633,288.048,1.989,13.668,0.00786,-0.4294,0.4294,inner_heliosphere,saturn,54.9709,63.4634,54.9709,72.8325,56.8207,0.998,0.0000,0.0002
NH1,777144240.5,2024-08-17,59.638,288.048,1.989,13.668,0.00786,-0.4294,0.4294,inner_heliosphere,saturn,54.9783,63.4709,54.9783,72.8383,56.8263,0.583,0.0000,0.0002
NH1,777266664.5,2024-08-18,59.649,288.049,1.989,13.668,0.00786,-0.4294,0.4294,inner_heliosphere,saturn,54.9965,63.4892,54.9965,72.8524,56.8399,1.417,0.0000,0.0002
NH1,777327843.5,2024-08-19,59.655,288.050,1.989,13.668,0.00786,-0.4294,0.4294,inner_heliosphere,saturn,55.0055,63.4984,55.0055,72.8595,56.8467,0.708,0.0000,0.0002
NH1,777439442.5,2024-08-20,59.665,288.051,1.989,13.668,0.00786,-0.4294,0.4294,inner_heliosphere,saturn,55.0220,63.5150,55.0220,72.8723,56.8591,1.292,0.0000,0.0002
NH1,777525831.5,2024-08-21,59.673,288.051,1.989,13.668,0.00786,-0.4294,0.4294,inner_heliosphere,saturn,55.0348,63.5279,55.0348,72.8823,56.8687,1.000,0.0000,0.0002
NH1,777698610.5,2024-08-23,59.688,288.053,1.989,13.667,0.00786,-0.4294,0.4294,inner_heliosphere,saturn,55.0605,63.5537,55.0605,72.9022,56.8880,2.000,0.0000,0.0002
NH1,777784999.5,2024-08-24,59.696,288.053,1.989,13.667,0.00786,-0.4294,0.4294,inner_heliosphere,saturn,55.0733,63.5665,55.0733,72.9122,56.8976,1.000,0.0000,0.0002
NH1,777871389.5,2024-08-25,59.704,288.054,1.989,13.667,0.00786,-0.4294,0.4294,inner_heliosphere,saturn,55.0861,63.5794,55.0861,72.9221,56.9072,1.000,0.0000,0.0002
NH1,777957778.5,2024-08-26,59.712,288.055,1.989,13.667,0.00786,-0.4294,0.4294,inner_heliosphere,saturn,55.0989,63.5923,55.0989,72.9321,56.9168,1.000,0.0000,0.0002
NH1,778044167.5,2024-08-27,59.720,288.055,1.989,13.667,0.00786,-0.4294,0.4294,inner_heliosphere,saturn,55.1117,63.6051,55.1117,72.9420,56.9264,1.000,0.0000,0.0002
NH1,778098134.5,2024-08-28,59.725,288.056,1.989,13.667,0.00786,-0.4294,0.4294,inner_heliosphere,saturn,55.1197,63.6131,55.1197,72.9482,56.9324,0.625,0.0000,0.0002
NH1,778206135.5,2024-08-29,59.734,288.056,1.989,13.667,0.00786,-0.4294,0.4294,inner_heliosphere,saturn,55.1357,63.6292,55.1357,72.9607,56.9444,1.250,0.0000,0.0002
NH1,778303345.5,2024-08-30,59.743,288.057,1.989,13.666,0.00786,-0.4294,0.4294,inner_heliosphere,saturn,55.1501,63.6436,55.1501,72.9719,56.9553,1.125,0.0000,0.0002
NH1,778389767.5,2024-08-31,59.751,288.058,1.989,13.666,0.00786,-0.4294,0.4294,inner_heliosphere,saturn,55.1629,63.6564,55.1629,72.9819,56.9649,1.000,0.0000,0.0002
NH1,778476128.5,2024-09-01,59.759,288.059,1.989,13.666,0.00786,-0.4294,0.4294,inner_heliosphere,saturn,55.1757,63.6692,55.1757,72.9918,56.9745,1.000,0.0000,0.0002
NH1,778533715.5,2024-09-02,59.764,288.059,1.989,13.666,0.00786,-0.4294,0.4294,inner_heliosphere,saturn,55.1843,63.6777,55.1843,72.9984,56.9809,0.667,0.0000,0.0002
NH1,778648910.5,2024-09-03,59.775,288.060,1.989,13.666,0.00786,-0.4294,0.4294,inner_heliosphere,saturn,55.2014,63.6948,55.2014,73.0117,56.9937,1.333,0.0000,0.0002
NH1,778731682.5,2024-09-04,59.782,288.060,1.989,13.666,0.00786,-0.4294,0.4294,inner_heliosphere,saturn,55.2136,63.7070,55.2136,73.0213,57.0030,0.958,0.0000,0.0002
NH1,778785651.5,2024-09-05,59.787,288.061,1.989,13.666,0.00786,-0.4294,0.4294,inner_heliosphere,saturn,55.2216,63.7150,55.2216,73.0275,57.0090,0.625,0.0000,0.0002
NH1,778908098.5,2024-09-06,59.798,288.062,1.989,13.665,0.00786,-0.4294,0.4294,inner_heliosphere,saturn,55.2398,63.7331,55.2398,73.0416,57.0226,1.417,0.0000,0.0002
NH1,778962034.5,2024-09-07,59.803,288.062,1.989,13.665,0.00786,-0.4294,0.4294,inner_heliosphere,saturn,55.2478,63.7410,55.2478,73.0478,57.0286,0.624,0.0000,0.0002
NH1,779080864.5,2024-09-08,59.814,288.063,1.989,13.665,0.00786,-0.4294,0.4294,inner_heliosphere,saturn,55.2655,63.7585,55.2655,73.0615,57.0418,1.375,0.0000,0.0001
NH1,779138461.5,2024-09-09,59.819,288.064,1.989,13.665,0.00786,-0.4294,0.4294,inner_heliosphere,saturn,55.2740,63.7670,55.2740,73.0681,57.0482,0.667,0.0000,0.0001
NH1,779185196.5,2024-09-09,59.824,288.064,1.989,13.665,0.00786,-0.4294,0.4294,inner_heliosphere,saturn,55.2809,63.7739,55.2809,73.0735,57.0534,0.541,0.0000,0.0001
NH1,779282384.5,2024-09-10,59.832,288.065,1.989,13.665,0.00786,-0.4294,0.4294,inner_heliosphere,saturn,55.2954,63.7882,55.2954,73.0847,57.0643,1.125,0.0000,0.0001
NH1,779365195.5,2024-09-11,59.840,288.065,1.989,13.665,0.00786,-0.4294,0.4294,inner_heliosphere,saturn,55.3077,63.8004,55.3077,73.0942,57.0735,0.958,0.0000,0.0001
NH1,779513748.5,2024-09-13,59.853,288.066,1.989,13.665,0.00786,-0.4294,0.4294,inner_heliosphere,saturn,55.3297,63.8223,55.3297,73.1114,57.0900,1.719,0.0000,0.0001
NH1,779599209.5,2024-09-14,59.861,288.067,1.989,13.664,0.00786,-0.4294,0.4294,inner_heliosphere,saturn,55.3424,63.8348,55.3424,73.1212,57.0995,0.989,0.0000,0.0001
NH1,779653154.5,2024-09-15,59.866,288.067,1.989,13.664,0.00786,-0.4294,0.4294,inner_heliosphere,saturn,55.3504,63.8427,55.3504,73.1274,57.1056,0.624,0.0000,0.0001
NH1,779725122.5,2024-09-16,59.873,288.068,1.989,13.664,0.00786,-0.4294,0.4294,inner_heliosphere,saturn,55.3611,63.8533,55.3611,73.1357,57.1136,0.833,0.0000,0.0001
NH1,779811507.5,2024-09-17,59.881,288.069,1.989,13.664,0.00786,-0.4294,0.4294,inner_heliosphere,saturn,55.3739,63.8660,55.3739,73.1457,57.1232,1.000,0.0000,0.0001
NH1,779912312.5,2024-09-18,59.890,288.069,1.989,13.664,0.00786,-0.4294,0.4294,inner_heliosphere,saturn,55.3889,63.8807,55.3889,73.1573,57.1344,1.167,0.0000,0.0001
NH1,779969940.5,2024-09-18,59.895,288.070,1.989,13.664,0.00786,-0.4294,0.4294,inner_heliosphere,saturn,55.3975,63.8892,55.3975,73.1639,57.1408,0.667,0.0000,0.0001
NH1,780110428.5,2024-09-20,59.908,288.071,1.989,13.664,0.00786,-0.4294,0.4294,inner_heliosphere,saturn,55.4184,63.9097,55.4184,73.1801,57.1565,1.626,0.0000,0.0001
NH1,780203928.5,2024-09-21,59.916,288.072,1.989,13.664,0.00786,-0.4294,0.4294,inner_heliosphere,saturn,55.4322,63.9234,55.4322,73.1909,57.1669,1.082,0.0000,0.0001
NH1,780254259.5,2024-09-22,59.921,288.072,1.989,13.663,0.00786,-0.4294,0.4294,inner_heliosphere,saturn,55.4397,63.9307,55.4397,73.1967,57.1725,0.583,0.0000,0.0001
NH1,780376703.5,2024-09-23,59.932,288.073,1.989,13.663,0.00786,-0.4294,0.4294,inner_heliosphere,saturn,55.4579,63.9486,55.4579,73.2108,57.1861,1.417,0.0000,0.0001
NH1,780430676.5,2024-09-24,59.937,288.073,1.989,13.663,0.00786,-0.4294,0.4294,inner_heliosphere,saturn,55.4659,63.9565,55.4659,73.2170,57.1922,0.625,0.0000,0.0001
NH1,780550359.5,2024-09-25,59.948,288.074,1.989,13.663,0.00786,-0.4294,0.4294,inner_heliosphere,saturn,55.4837,63.9739,55.4837,73.2308,57.2055,1.385,0.0000,0.0001
NH1,780589004.5,2024-09-26,59.951,288.074,1.989,13.663,0.00786,-0.4294,0.4294,inner_heliosphere,saturn,55.4895,63.9796,55.4895,73.2352,57.2098,0.447,0.0000,0.0001
NH1,780657406.5,2024-09-26,59.958,288.075,1.989,13.663,0.00786,-0.4294,0.4294,inner_heliosphere,saturn,55.4997,63.9895,55.4997,73.2431,57.2174,0.792,0.0000,0.0000
NH1,780805146.5,2024-09-28,59.971,288.076,1.989,13.663,0.00786,-0.4294,0.4294,inner_heliosphere,saturn,55.5216,64.0110,55.5216,73.2601,57.2339,1.710,0.0000,0.0000
NH1,780862611.5,2024-09-29,59.976,288.076,1.989,13.663,0.00786,-0.4294,0.4294,inner_heliosphere,saturn,55.5302,64.0194,55.5302,73.2667,57.2403,0.665,0.0000,0.0000
NH1,780974313.5,2024-09-30,59.986,288.077,1.989,13.662,0.00786,-0.4294,0.4294,inner_heliosphere,saturn,55.5468,64.0356,55.5468,73.2796,57.2527,1.293,0.0000,0.0000
NH1,781035397.5,2024-10-01,59.992,288.078,1.989,13.662,0.00786,-0.4294,0.4294,inner_heliosphere,saturn,55.5559,64.0445,55.5559,73.2866,57.2595,0.707,0.0000,0.0000
NH1,781121780.5,2024-10-02,60.000,288.078,1.990,13.662,0.00786,-0.4294,0.4294,inner_heliosphere,saturn,55.5687,64.0570,55.5687,73.2966,57.2692,1.000,0.0000,0.0000
NH1,781193756.5,2024-10-03,60.006,288.079,1.990,13.662,0.00786,-0.4294,0.4294,inner_heliosphere,saturn,55.5794,64.0675,55.5794,73.3049,57.2772,0.833,0.0000,0.0000
NH1,796878255.7,2025-04-02,61.432,288.194,1.992,13.640,0.00785,-0.4294,0.4294,inner_heliosphere,saturn,57.9301,66.1911,57.9301,75.1062,59.0299,181.534,-0.0033,-0.0002
NH1,796964673.7,2025-04-03,61.440,288.194,1.992,13.640,0.00785,-0.4294,0.4294,inner_heliosphere,saturn,57.9431,66.2020,57.9431,75.1161,59.0396,1.000,-0.0000,-0.0000
NH1,797029462.7,2025-04-04,61.446,288.195,1.992,13.639,0.00785,-0.4294,0.4294,inner_heliosphere,saturn,57.9529,66.2101,57.9529,75.1236,59.0468,0.750,0.0000,0.0000
NH1,797108665.7,2025-04-05,61.453,288.195,1.992,13.639,0.00785,-0.4294,0.4294,inner_heliosphere,saturn,57.9649,66.2200,57.9649,75.1326,59.0557,0.917,0.0000,0.0000
NH1,797220263.7,2025-04-06,61.463,288.196,1.992,13.639,0.00785,-0.4294,0.4294,inner_heliosphere,saturn,57.9817,66.2340,57.9817,75.1454,59.0682,1.292,0.0000,0.0000
NH1,797299324.7,2025-04-07,61.471,288.197,1.992,13.639,0.00785,-0.4294,0.4294,inner_heliosphere,saturn,57.9936,66.2438,57.9936,75.1545,59.0771,0.915,0.0000,0.0000
NH1,797389335.7,2025-04-08,61.479,288.197,1.992,13.639,0.00785,-0.4294,0.4294,inner_heliosphere,saturn,58.0072,66.2551,58.0072,75.1648,59.0871,1.042,0.0000,0.0000
NH1,797432572.7,2025-04-09,61.483,288.198,1.992,13.639,0.00785,-0.4294,0.4294,inner_heliosphere,saturn,58.0137,66.2605,58.0137,75.1697,59.0920,0.500,0.0000,0.0000
NH1,797562142.7,2025-04-10,61.494,288.199,1.992,13.639,0.00785,-0.4294,0.4294,inner_heliosphere,saturn,58.0333,66.2766,58.0333,75.1846,59.1065,1.500,0.0000,0.0000
NH1,797634191.7,2025-04-11,61.501,288.199,1.992,13.639,0.00785,-0.4294,0.4294,inner_heliosphere,saturn,58.0442,66.2856,58.0442,75.1928,59.1146,0.834,0.0000,0.0000
NH1,797688160.7,2025-04-12,61.506,288.199,1.992,13.639,0.00785,-0.4294,0.4294,inner_heliosphere,saturn,58.0523,66.2923,58.0523,75.1990,59.1206,0.625,0.0000,0.0000
NH1,797878957.7,2025-04-14,61.523,288.201,1.992,13.638,0.00785,-0.4294,0.4294,inner_heliosphere,saturn,58.0811,66.3160,58.0811,75.2208,59.1420,2.208,0.0000,0.0001
NH1,797968967.7,2025-04-15,61.531,288.201,1.992,13.638,0.00785,-0.4294,0.4294,inner_heliosphere,saturn,58.0947,66.3272,58.0947,75.2312,59.1521,1.042,0.0000,0.0001
NH1,798087782.7,2025-04-16,61.542,288.202,1.992,13.638,0.00785,-0.4294,0.4294,inner_heliosphere,saturn,58.1127,66.3419,58.1127,75.2448,59.1654,1.375,0.0000,0.0001
NH1,798145391.7,2025-04-17,61.547,288.203,1.992,13.638,0.00785,-0.4294,0.4294,inner_heliosphere,saturn,58.1214,66.3491,58.1214,75.2514,59.1719,0.667,0.0000,0.0001
NH1,798224576.7,2025-04-18,61.555,288.203,1.992,13.638,0.00785,-0.4294,0.4294,inner_heliosphere,saturn,58.1333,66.3589,58.1333,75.2604,59.1808,0.916,0.0000,0.0001
NH1,798512594.7,2025-04-21,61.581,288.205,1.992,13.637,0.00785,-0.4294,0.4294,inner_heliosphere,saturn,58.1768,66.3945,58.1768,75.2934,59.2131,3.334,0.0000,0.0001
NH1,798577425.7,2025-04-22,61.587,288.206,1.992,13.637,0.00785,-0.4294,0.4294,inner_heliosphere,saturn,58.1866,66.4024,58.1866,75.3008,59.2203,0.750,0.0000,0.0001
NH1,798692608.7,2025-04-23,61.597,288.207,1.992,13.637,0.00785,-0.4294,0.4294,inner_heliosphere,saturn,58.2040,66.4166,58.2040,75.3140,59.2332,1.333,0.0000,0.0001
NH1,798764607.7,2025-04-24,61.604,288.207,1.992,13.637,0.00785,-0.4294,0.4294,inner_heliosphere,saturn,58.2149,66.4255,58.2149,75.3222,59.2413,0.833,0.0000,0.0001
NH1,798829411.7,2025-04-25,61.610,288.208,1.992,13.637,0.00785,-0.4294,0.4294,inner_heliosphere,saturn,58.2247,66.4335,58.2247,75.3297,59.2486,0.750,0.0000,0.0001
NH1,799034626.7,2025-04-27,61.628,288.209,1.992,13.637,0.00785,-0.4294,0.4294,inner_heliosphere,saturn,58.2557,66.4587,58.2557,75.3532,59.2716,2.375,0.0000,0.0001
NH1,799099469.7,2025-04-28,61.634,288.209,1.992,13.637,0.00785,-0.4294,0.4294,inner_heliosphere,saturn,58.2655,66.4666,58.2655,75.3606,59.2789,0.750,0.0000,0.0001
NH1,799185878.7,2025-04-29,61.642,288.210,1.992,13.636,0.00785,-0.4294,0.4294,inner_heliosphere,saturn,58.2786,66.4772,58.2786,75.3705,59.2885,1.000,0.0000,0.0001
NH1,799261433.7,2025-04-30,61.649,288.211,1.992,13.636,0.00785,-0.4294,0.4294,inner_heliosphere,saturn,58.2900,66.4864,58.2900,75.3791,59.2970,0.874,0.0000,0.0001
NH1,799376635.7,2025-05-01,61.659,288.211,1.992,13.636,0.00785,-0.4294,0.4294,inner_heliosphere,saturn,58.3074,66.5005,58.3074,75.3923,59.3099,1.333,0.0000,0.0002
NH1,799470404.7,2025-05-02,61.668,288.212,1.992,13.636,0.00785,-0.4294,0.4294,inner_heliosphere,saturn,58.3216,66.5120,58.3216,75.4030,59.3205,1.085,0.0000,0.0002
NH1,799671893.7,2025-05-04,61.686,288.213,1.992,13.636,0.00785,-0.4294,0.4294,inner_heliosphere,saturn,58.3521,66.5366,58.3521,75.4261,59.3431,2.291,0.0000,0.0002
NH1,799812390.7,2025-05-06,61.699,288.214,1.992,13.636,0.00785,-0.4294,0.4294,inner_heliosphere,saturn,58.3733,66.5537,58.3733,75.4422,59.3588,1.626,0.0000,0.0002
NH1,799873505.7,2025-05-07,61.704,288.215,1.992,13.636,0.00785,-0.4294,0.4294,inner_heliosphere,saturn,58.3825,66.5611,58.3825,75.4492,59.3657,0.707,0.0000,0.0002
NH1,799956278.8,2025-05-08,61.712,288.215,1.992,13.635,0.00785,-0.4294,0.4294,inner_heliosphere,saturn,58.3951,66.5712,58.3951,75.4586,59.3749,0.958,0.0000,0.0002
NH1,800103896.8,2025-05-09,61.725,288.217,1.992,13.635,0.00785,-0.4294,0.4294,inner_heliosphere,saturn,58.4174,66.5891,58.4174,75.4755,59.3915,1.709,0.0000,0.0002
NH1,800330816.8,2025-05-12,61.746,288.218,1.992,13.635,0.00785,-0.4294,0.4294,inner_heliosphere,saturn,58.4517,66.6165,58.4517,75.5015,59.4170,2.626,0.0000,0.0002
NH1,800377474.8,2025-05-13,61.750,288.218,1.992,13.635,0.00785,-0.4294,0.4294,inner_heliosphere,saturn,58.4588,66.6222,58.4588,75.5068,59.4222,0.540,0.0000,0.0002
NH1,800474711.8,2025-05-14,61.759,288.219,1.992,13.635,0.00785,-0.4294,0.4294,inner_heliosphere,saturn,58.4735,66.6339,58.4735,75.5179,59.4331,1.125,0.0000,0.0002
NH1,800561101.8,2025-05-15,61.767,288.220,1.992,13.635,0.00785,-0.4294,0.4294,inner_heliosphere,saturn,58.4866,66.6444,58.4866,75.5278,59.4428,1.000,0.0000,0.0002
NH1,800647553.8,2025-05-16,61.775,288.220,1.992,13.634,0.00785,-0.4294,0.4294,inner_heliosphere,saturn,58.4996,66.6548,58.4996,75.5377,59.4525,1.001,0.0000,0.0002
NH1,800881538.8,2025-05-18,61.796,288.222,1.992,13.634,0.00785,-0.4294,0.4294,inner_heliosphere,saturn,58.5350,66.6830,58.5350,75.5645,59.4787,2.708,0.0001,0.0002
NH1,800993117.8,2025-05-20,61.806,288.223,1.992,13.634,0.00785,-0.4294,0.4294,inner_heliosphere,saturn,58.5519,66.6964,58.5519,75.5773,59.4913,1.291,0.0000,0.0002
NH1,801108467.8,2025-05-21,61.817,288.224,1.992,13.634,0.00785,-0.4294,0.4294,inner_heliosphere,saturn,58.5694,66.7102,58.5694,75.5904,59.5042,1.335,0.0000,0.0002
NH1,801165958.8,2025-05-22,61.822,288.224,1.992,13.634,0.00785,-0.4294,0.4294,inner_heliosphere,saturn,58.5781,66.7171,58.5781,75.5970,59.5107,0.665,0.0000,0.0002
NH1,801223542.8,2025-05-22,61.827,288.224,1.992,13.634,0.00785,-0.4294,0.4294,inner_heliosphere,saturn,58.5868,66.7240,58.5868,75.6036,59.5171,0.666,0.0000,0.0002
NH1,801338758.8,2025-05-24,61.838,288.225,1.992,13.633,0.00785,-0.4294,0.4294,inner_heliosphere,saturn,58.6042,66.7378,58.6042,75.6168,59.5301,1.334,0.0000,0.0002
NH1,801396343.8,2025-05-24,61.843,288.226,1.992,13.633,0.00785,-0.4294,0.4294,inner_heliosphere,saturn,58.6130,66.7447,58.6130,75.6234,59.5365,0.666,0.0000,0.0003
NH1,801536861.8,2025-05-26,61.856,288.227,1.992,13.633,0.00785,-0.4294,0.4294,inner_heliosphere,saturn,58.6342,66.7615,58.6342,75.6394,59.5523,1.626,0.0000,0.0003
NH1,801597966.8,2025-05-27,61.861,288.227,1.992,13.633,0.00785,-0.4294,0.4294,inner_heliosphere,saturn,58.6435,66.7687,58.6435,75.6464,59.5591,0.707,0.0000,0.0003
NH1,801770766.8,2025-05-29,61.877,288.228,1.992,13.633,0.00785,-0.4294,0.4294,inner_heliosphere,saturn,58.6697,66.7893,58.6697,75.6662,59.5785,2.000,0.0000,0.0003
NH1,801828349.8,2025-05-29,61.882,288.229,1.992,13.633,0.00785,-0.4294,0.4294,inner_heliosphere,saturn,58.6784,66.7962,58.6784,75.6728,59.5850,0.666,0.0000,0.0003
NH1,802112740.8,2025-06-02,61.908,288.231,1.992,13.632,0.00785,-0.4294,0.4294,inner_heliosphere,saturn,58.7214,66.8300,58.7214,75.7053,59.6169,3.292,0.0001,0.0003
NH1,802195532.8,2025-06-03,61.915,288.231,1.992,13.632,0.00785,-0.4294,0.4294,inner_heliosphere,saturn,58.7340,66.8398,58.7340,75.7148,59.6262,0.958,0.0000,0.0003
NH1,802314459.8,2025-06-04,61.926,288.232,1.992,13.632,0.00785,-0.4294,0.4294,inner_heliosphere,saturn,58.7520,66.8539,58.7520,75.7284,59.6396,1.376,0.0000,0.0003
NH1,802429547.8,2025-06-05,61.937,288.233,1.992,13.632,0.00785,-0.4294,0.4294,inner_heliosphere,saturn,58.7694,66.8675,58.7694,75.7415,59.6525,1.332,0.0000,0.0003
NH1,802515946.8,2025-06-06,61.944,288.234,1.992,13.632,0.00785,-0.4294,0.4294,inner_heliosphere,saturn,58.7825,66.8777,58.7825,75.7514,59.6622,1.000,0.0000,0.0003
NH1,802713941.8,2025-06-09,61.962,288.235,1.992,13.632,0.00785,-0.4294,0.4294,inner_heliosphere,saturn,58.8125,66.9010,58.8125,75.7740,59.6844,2.292,0.0001,0.0003
NH1,802841202.8,2025-06-10,61.974,288.236,1.992,13.631,0.00785,-0.4294,0.4294,inner_heliosphere,saturn,58.8318,66.9160,58.8318,75.7886,59.6987,1.473,0.0000,0.0003
NH1,802890365.8,2025-06-11,61.978,288.236,1.992,13.631,0.00785,-0.4294,0.4294,inner_heliosphere,saturn,58.8393,66.9218,58.8393,75.7942,59.7042,0.569,0.0000,0.0003
NH1,802947970.8,2025-06-11,61.984,288.237,1.992,13.631,0.00785,-0.4294,0.4294,inner_heliosphere,saturn,58.8480,66.9286,58.8480,75.8008,59.7107,0.667,0.0000,0.0003
NH1,803063166.8,2025-06-13,61.994,288.237,1.993,13.631,0.00785,-0.4294,0.4294,inner_heliosphere,saturn,58.8654,66.9421,58.8654,75.8139,59.7236,1.333,0.0000,0.0003
NH1,803307925.8,2025-06-16,62.016,288.239,1.993,13.631,0.00785,-0.4294,0.4294,inner_heliosphere,saturn,58.9025,66.9708,58.9025,75.8419,59.7511,2.833,0.0001,0.0003
NH1,803372716.8,2025-06-16,62.022,288.240,1.993,13.631,0.00785,-0.4294,0.4294,inner_heliosphere,saturn,58.9124,66.9783,58.9124,75.8493,59.7584,0.750,0.0000,0.0003
NH1,803491577.8,2025-06-18,62.033,288.240,1.993,13.630,0.00785,-0.4294,0.4294,inner_heliosphere,saturn,58.9304,66.9922,58.9304,75.8629,59.7717,1.376,0.0000,0.0003
NH1,803577963.8,2025-06-19,62.041,288.241,1.993,13.630,0.00784,-0.4294,0.4294,inner_heliosphere,saturn,58.9435,67.0023,58.9435,75.8728,59.7814,1.000,0.0000,0.0003
NH1,803664368.8,2025-06-20,62.049,288.242,1.993,13.630,0.00784,-0.4294,0.4294,inner_heliosphere,saturn,58.9566,67.0124,58.9566,75.8827,59.7911,1.000,0.0000,0.0003
NH1,803923565.8,2025-06-23,62.072,288.243,1.993,13.630,0.00784,-0.4294,0.4294,inner_heliosphere,saturn,58.9959,67.0426,58.9959,75.9123,59.8202,3.000,0.0001,0.0003
NH1,803981160.8,2025-06-23,62.077,288.244,1.993,13.630,0.00784,-0.4294,0.4294,inner_heliosphere,saturn,59.0046,67.0492,59.0046,75.9189,59.8267,0.667,0.0000,0.0003
NH1,804096354.8,2025-06-25,62.088,288.245,1.993,13.630,0.00784,-0.4294,0.4294,inner_heliosphere,saturn,59.0221,67.0626,59.0221,75.9320,59.8397,1.333,0.0000,0.0003
NH1,804211681.8,2025-06-26,62.098,288.245,1.993,13.630,0.00784,-0.4294,0.4294,inner_heliosphere,saturn,59.0396,67.0760,59.0396,75.9452,59.8526,1.335,0.0000,0.0003
NH1,804269163.8,2025-06-27,62.104,288.246,1.993,13.629,0.00784,-0.4294,0.4294,inner_heliosphere,saturn,59.0483,67.0826,59.0483,75.9518,59.8591,0.665,0.0000,0.0003
NH1,804395129.8,2025-06-28,62.115,288.247,1.993,13.629,0.00784,-0.4294,0.4294,inner_heliosphere,saturn,59.0674,67.0972,59.0674,75.9662,59.8732,1.458,0.0000,0.0003
NH1,804423900.8,2025-06-28,62.118,288.247,1.993,13.629,0.00784,-0.4294,0.4294,inner_heliosphere,saturn,59.0718,67.1005,59.0718,75.9694,59.8764,0.333,0.0000,0.0003
NH1,804528354.8,2025-06-30,62.127,288.248,1.993,13.629,0.00784,-0.4294,0.4294,inner_heliosphere,saturn,59.0876,67.1126,59.0876,75.9814,59.8882,1.209,0.0000,0.0003
NH1,804596697.8,2025-06-30,62.133,288.248,1.993,13.629,0.00784,-0.4294,0.4294,inner_heliosphere,saturn,59.0980,67.1205,59.0980,75.9892,59.8959,0.791,0.0000,0.0003
NH1,804740710.8,2025-07-02,62.146,288.249,1.993,13.629,0.00784,-0.4294,0.4294,inner_heliosphere,saturn,59.1198,67.1371,59.1198,76.0056,59.9120,1.667,0.0000,0.0003
NH1,804816433.8,2025-07-03,62.153,288.250,1.993,13.629,0.00784,-0.4294,0.4294,inner_heliosphere,saturn,59.1313,67.1458,59.1313,76.0143,59.9205,0.876,0.0000,0.0003
NH1,804870331.8,2025-07-04,62.158,288.250,1.993,13.629,0.00784,-0.4294,0.4294,inner_heliosphere,saturn,59.1395,67.1520,59.1395,76.0204,59.9266,0.624,0.0000,0.0003
NH1,804927922.8,2025-07-04,62.163,288.250,1.993,13.629,0.00784,-0.4294,0.4294,inner_heliosphere,saturn,59.1482,67.1586,59.1482,76.0270,59.9331,0.667,0.0000,0.0003
NH1,805086306.8,2025-07-06,62.178,288.251,1.993,13.628,0.00784,-0.4294,0.4294,inner_heliosphere,saturn,59.1723,67.1768,59.1723,76.0451,59.9509,1.833,0.0001,0.0003
NH1,805100726.8,2025-07-06,62.179,288.252,1.993,13.628,0.00784,-0.4294,0.4294,inner_heliosphere,saturn,59.1745,67.1784,59.1745,76.0468,59.9525,0.167,0.0000,0.0003
NH1,805259096.8,2025-07-08,62.194,288.253,1.993,13.628,0.00784,-0.4294,0.4294,inner_heliosphere,saturn,59.1985,67.1965,59.1985,76.0648,59.9703,1.833,0.0001,0.0003
NH1,805273511.8,2025-07-08,62.195,288.253,1.993,13.628,0.00784,-0.4294,0.4294,inner_heliosphere,saturn,59.2007,67.1982,59.2007,76.0665,59.9719,0.167,0.0000,0.0003
NH1,805431886.8,2025-07-10,62.209,288.254,1.993,13.628,0.00784,-0.4294,0.4294,inner_heliosphere,saturn,59.2247,67.2163,59.2247,76.0846,59.9897,1.833,0.0001,0.0003
NH1,805518280.8,2025-07-11,62.217,288.254,1.993,13.628,0.00784,-0.4294,0.4294,inner_heliosphere,saturn,59.2378,67.2262,59.2378,76.0944,59.9994,1.000,0.0000,0.0003
NH1,805604679.8,2025-07-12,62.225,288.255,1.993,13.628,0.00784,-0.4294,0.4294,inner_heliosphere,saturn,59.2509,67.2360,59.2509,76.1043,60.0091,1.000,0.0000,0.0003
NH1,805673202.8,2025-07-13,62.231,288.256,1.993,13.627,0.00784,-0.4294,0.4294,inner_heliosphere,saturn,59.2613,67.2438,59.2613,76.1121,60.0168,0.793,0.0000,0.0003
NH1,805734294.8,2025-07-14,62.237,288.256,1.993,13.627,0.00784,-0.4294,0.4294,inner_heliosphere,saturn,59.2706,67.2508,59.2706,76.1191,60.0237,0.707,0.0000,0.0003
NH1,805817135.8,2025-07-15,62.244,288.257,1.993,13.627,0.00784,-0.4294,0.4294,inner_heliosphere,saturn,59.2832,67.2602,59.2832,76.1286,60.0330,0.959,0.0000,0.0003
NH1,805928790.8,2025-07-16,62.254,288.257,1.993,13.627,0.00784,-0.4294,0.4294,inner_heliosphere,saturn,59.3002,67.2729,59.3002,76.1413,60.0455,1.292,0.0000,0.0003
NH1,806036652.8,2025-07-17,62.264,288.258,1.993,13.627,0.00784,-0.4294,0.4294,inner_heliosphere,saturn,59.3165,67.2851,59.3165,76.1536,60.0577,1.248,0.0000,0.0003
NH1,806123050.8,2025-07-18,62.272,288.259,1.993,13.627,0.00784,-0.4294,0.4294,inner_heliosphere,saturn,59.3297,67.2949,59.3297,76.1635,60.0674,1.000,0.0000,0.0003
NH1,806209443.8,2025-07-19,62.280,288.259,1.993,13.627,0.00784,-0.4294,0.4294,inner_heliosphere,saturn,59.3428,67.3047,59.3428,76.1734,60.0771,1.000,0.0000,0.0003
NH1,806249063.8,2025-07-20,62.283,288.260,1.993,13.627,0.00784,-0.4294,0.4294,inner_heliosphere,saturn,59.3488,67.3091,59.3488,76.1779,60.0815,0.459,0.0000,0.0003
NH1,806382230.8,2025-07-21,62.295,288.260,1.993,13.627,0.00784,-0.4294,0.4294,inner_heliosphere,saturn,59.3690,67.3242,59.3690,76.1931,60.0965,1.541,0.0000,0.0003
NH1,806450775.8,2025-07-22,62.302,288.261,1.993,13.626,0.00784,-0.4294,0.4294,inner_heliosphere,saturn,59.3794,67.3319,59.3794,76.2009,60.1042,0.793,0.0000,0.0003
NH1,806555025.8,2025-07-23,62.311,288.262,1.993,13.626,0.00784,-0.4294,0.4294,inner_heliosphere,saturn,59.3953,67.3437,59.3953,76.2128,60.1159,1.207,0.0000,0.0003
NH1,806641419.8,2025-07-24,62.319,288.262,1.993,13.626,0.00784,-0.4294,0.4294,inner_heliosphere,saturn,59.4084,67.3534,59.4084,76.2227,60.1256,1.000,0.0000,0.0003
NH1,806727813.8,2025-07-25,62.327,288.263,1.993,13.626,0.00784,-0.4294,0.4294,inner_heliosphere,saturn,59.4215,67.3631,59.4215,76.2325,60.1353,1.000,0.0000,0.0003
NH1,806815709.8,2025-07-26,62.335,288.263,1.993,13.626,0.00784,-0.4294,0.4294,inner_heliosphere,saturn,59.4349,67.3730,59.4349,76.2426,60.1452,1.017,0.0000,0.0003
NH1,806825028.8,2025-07-26,62.336,288.264,1.993,13.626,0.00784,-0.4294,0.4294,inner_heliosphere,saturn,59.4363,67.3741,59.4363,76.2436,60.1463,0.108,0.0000,0.0004
NH1,806986993.8,2025-07-28,62.350,288.265,1.993,13.626,0.00784,-0.4294,0.4294,inner_heliosphere,saturn,59.4609,67.3922,59.4609,76.2621,60.1645,1.875,0.0000,0.0003
NH1,807051890.8,2025-07-29,62.356,288.265,1.993,13.626,0.00784,-0.4294,0.4294,inner_heliosphere,saturn,59.4707,67.3995,59.4707,76.2695,60.1718,0.751,0.0000,0.0003
NH1,807159779.8,2025-07-30,62.366,288.266,1.993,13.625,0.00784,-0.4294,0.4294,inner_heliosphere,saturn,59.4871,67.4116,59.4871,76.2819,60.1839,1.249,0.0000,0.0003
NH1,807228213.8,2025-07-31,62.372,288.266,1.993,13.625,0.00784,-0.4294,0.4294,inner_heliosphere,saturn,59.4975,67.4192,59.4975,76.2897,60.1916,0.792,0.0000,0.0003
NH1,807332570.8,2025-08-01,62.382,288.267,1.993,13.625,0.00784,-0.4294,0.4294,inner_heliosphere,saturn,59.5134,67.4309,59.5134,76.3016,60.2033,1.208,0.0000,0.0003
NH1,807339787.8,2025-08-01,62.382,288.267,1.993,13.625,0.00784,-0.4294,0.4294,inner_heliosphere,saturn,59.5145,67.4317,59.5145,76.3024,60.2041,0.084,0.0000,0.0003
NH1,807591751.8,2025-08-04,62.405,288.269,1.993,13.625,0.00784,-0.4294,0.4294,inner_heliosphere,saturn,59.5528,67.4598,59.5528,76.3312,60.2325,2.916,0.0001,0.0003
NH1,807656650.8,2025-08-05,62.411,288.269,1.993,13.625,0.00784,-0.4294,0.4294,inner_heliosphere,saturn,59.5626,67.4670,59.5626,76.3386,60.2398,0.751,0.0000,0.0003
NH1,807732248.8,2025-08-06,62.418,288.270,1.993,13.625,0.00784,-0.4294,0.4294,inner_heliosphere,saturn,59.5741,67.4754,59.5741,76.3472,60.2483,0.875,0.0000,0.0003
NH1,807786154.8,2025-08-06,62.423,288.270,1.993,13.625,0.00784,-0.4294,0.4294,inner_heliosphere,saturn,59.5823,67.4814,59.5823,76.3533,60.2543,0.624,0.0000,0.0003