era,des,yr,_th,_incap,our_drot,our_dtau,our_denc,our_q,our_e,_v60,_v100,_v250
pre2018,C/1950 K1,1950.0,20.888638455087875,True,0.10065039684357306,7.704244042710719,3.025535954002159,2.572338858331598,1.00126837346049,1.1556008577694288,0.8994634184256785,0.5790452744248223
pre2018,C/1952 M1,1952.0,69.59591293720814,False,0.0916098857375389,10.258083173806101,3.7468222321787485,1.2019851217834288,0.9998816820422,1.1454523898008762,0.8863872042787541,0.5585170227099765
pre2018,C/1953 T1,1953.0,32.88974549733102,True,0.0738550082022244,9.204891907480409,3.5194157470038934,0.9702085858539861,1.0008332539130194,1.1618316988616548,0.9074546793577776,0.5913822654054124
pre2018,C/1954 O2,1954.0,106.88085091825097,False,0.15283517492550538,9.537564191306473,3.5011384055917656,3.870220482963162,1.0005123001350278,1.1494228995122973,0.8915122548410785,0.5666154686200641
pre2018,C/1954 Y1,1954.0,97.45262663275459,False,0.23132084855649251,14.064399713993266,3.3425677715141897,4.077072897220161,1.0046218179503117,1.1664906572983726,0.9134120385526769,0.6004835892184464
pre2018,C/1955 N1,1955.0,95.52830932154338,False,0.09152557813725928,9.418975807392219,3.7053611411624816,1.4274510984704047,0.9941454829757727,1.0742585007388783,0.7922451798643589,0.39231545185733024
pre2018,C/1955 O1,1955.0,130.2409131058172,False,0.08771716723155383,11.446217884629172,4.347716306251764,0.884625087976845,1.0013158991932192,1.172464184660757,0.9210284267712813,0.6120068232205358
pre2018,C/1956 R1,1956.0,63.51972182470812,False,0.12897497113441023,28.163055773708937,3.8640426662912533,0.31605844094459323,1.0002525014785761,1.1608130167462096,0.9061500750184838,0.5893784414141008
pre2018,C/1958 R1,1958.0,100.30588281058043,False,0.09379780162468511,9.024186704738677,2.135984743124437,1.6282324044830148,0.9998913519999358,1.1459986712046062,0.8870930351498038,0.5596365264696379
pre2018,C/1959 Y1,1959.0,93.72612120444084,False,0.20129545200585375,34.79310390828309,3.8082606776092653,0.5044203859102129,1.0003701362197734,1.1597051058380237,0.9047303637633423,0.5871933411262941
pre2018,C/1960 M1,1960.0,59.685226481485735,True,0.2082798621412123,12.37774463192109,3.4919168118561235,4.267647274326007,1.000370803418256,1.1486415533064949,0.8905046415324992,0.5650287650541657
pre2018,C/1961 R1,1961.0,77.50059061478032,False,0.2889811415676804,24.35157637410052,1.7099474069012346,2.1335481526555875,0.9898406343732987,1.0620555345697187,0.7756178550798959,0.35755006064388967
pre2018,C/1963 F1,1963.0,21.276921624174573,True,0.06946530081333879,6.882266887770449,3.973731444128753,1.5370696096706544,0.9978248027618543,1.12253241925896,0.8565629754407679,0.5098618632959836
pre2018,C/1964 P1,1964.0,71.30401764981575,False,0.102059122086278,11.174385376380776,3.0938788705085596,1.2593044484436384,0.9965019790202367,1.0983107272820394,0.8245650685490926,0.454055658503537
pre2018,C/1965 S2,1965.0,115.96317491741493,False,0.0898185253907648,9.692094391017461,4.419702175752003,1.2939478318461697,1.0003401368702816,1.1516617765627595,0.8943969734990493,0.5711435327060702
pre2018,C/1966 P1,1966.0,97.5572604946069,False,0.05722272688242481,4.549116069364062,3.578337602643536,2.384767080043275,0.9994666349021895,1.1432924856377489,0.8835942543522507,0.5540738173492956
pre2018,C/1966 P2,1966.0,88.93445655229584,False,0.06049009008055023,5.228196120729685,2.341213284260913,2.0187310000950873,0.9980767907164932,1.130635601759436,0.8671550971853244,0.5274627487531229
pre2018,C/1966 R1,1966.0,64.56396179606456,False,0.17601432154404834,23.077921419137624,3.834168105400403,0.8795683941932296,0.9943493988498757,1.0306922469402293,0.732084425808435,0.24941250020593775
pre2018,C/1966 T1,1966.0,57.50192574454569,True,0.03137407651414603,5.948545095602859,3.9118499899362993,0.41923848815182957,1.0003669068428054,1.162109185348774,0.9078099235415741,0.5919272303486887
pre2018,C/1967 C2,1967.0,84.7587944592827,False,0.17762841656300532,18.94610009072243,4.576485480516267,1.326920948850834,0.9974732216512482,1.1138989182605463,0.8452170719469545,0.490561807989874
pre2018,C/1967 M1,1967.0,91.02439733788377,False,0.012415575455414675,3.6091845806362084,4.457062345661434,0.17832407651547189,1.000212526698698,1.1674749015786592,0.9146686528053026,0.6023933375896334
pre2018,C/1967 Y1,1967.0,37.960597426059174,True,0.20376888494333964,19.211064490572532,1.7982603417478173,1.6967141950865878,0.9990852093783449,1.1378322802385579,0.8765177673963281,0.5427175925922748
pre2018,C/1968 H1,1968.0,36.23244748381189,True,0.2193801401012381,32.684389786989016,2.5724646092819206,0.6803783709707221,0.9962378172188218,1.0476877249538716,0.7558244952550738,0.3122973845156212
pre2018,C/1968 L1,1968.0,41.94284617636281,True,0.09626546833527244,10.640387423055957,4.253487302028982,1.2340194425260838,1.0004220881574628,1.1530180328670483,0.896142668733704,0.5738733932435586
pre2018,C/1968 N1,1968.0,128.23104645818114,False,0.2152721227314684,24.5299164356141,1.8800829810171467,1.1604724460709306,1.0009829494075815,1.1616309517693901,0.9071976447925924,0.5909877794548187
pre2018,C/1968 Q1,1968.0,96.09264636211158,False,0.04704191163578351,4.342461674063637,3.0484821176145123,1.7709297731969962,0.9979692437332411,1.127242945778944,0.8627269309677071,0.5201506956302854
pre2018,C/1968 Q2,1968.0,112.08610786582396,False,0.10287422297622018,12.045050008077695,3.5128785031489236,1.0991864299860863,1.001274266869902,1.1669249616755217,0.913966610325555,0.6013268275552788
pre2018,C/1968 Y1,1968.0,99.81472729156911,False,0.057159118333236815,3.8581354581905316,2.79042511976203,3.3161269722307716,0.9953107242015243,1.1225513483755984,0.8565877820448071,0.5099035370500511
pre2018,C/1969 P1,1969.0,84.26769402728613,False,0.35488810780409813,49.522490108466585,3.2629404500977626,0.7739569459658463,1.000180460463793,1.1511525872545743,0.8937412252724319,0.5701160991404985
pre2018,C/1969 T1,1969.0,115.20441891844038,False,0.13627622600020792,24.33545876329819,4.835065500954998,0.4726465113610496,0.9999851615267672,1.1466071038538515,0.8878789045904203,0.5608813938475722
pre2018,C/1969 Y1,1969.0,21.56404588311527,True,0.12733358836807562,21.339645239873793,4.776198070635344,0.5376416854723071,0.996306244351832,1.0221149526617705,0.7199583842579661,0.21118490431622233
pre2018,C/1970 N1,1970.0,65.6153087660356,False,0.19465853172147146,22.65745418431922,3.1041276568789087,1.112559577713323,1.0001253349660109,1.1490842785633308,0.8910756297026521,0.5659282344941704
pre2018,C/1970 U1,1970.0,71.94334042570836,False,0.04585777902116746,8.838976126802201,4.52632776031607,0.4056082172830152,1.0005462196019101,1.170090413038981,0.9180047240043491,0.6074468388608272
pre2018,C/1971 E1,1971.0,75.56120435981018,False,0.155056422682775,17.13845370528806,3.062107699709684,1.2334042904494253,1.0011724517684286,1.163389325152664,0.9094480856474096,0.5944365476949149
pre2018,C/1972 E1,1972.0,83.05526141786171,False,0.18633277513107432,23.76666366981878,4.31915539435457,0.9272504234380167,0.9983272678160604,1.115674398002443,0.8475555798687665,0.49458007411782356
pre2018,C/1972 L1,1972.0,47.364845610816424,True,0.317022614749512,18.822122700885707,2.279881620013174,4.276009901522899,1.006291164751619,1.1721905399052732,0.9206800532497613,0.611482419370904
pre2018,C/1972 U1,1972.0,150.96151427387318,False,0.13333985007169846,11.172838677352033,2.423142233202637,2.147183223943752,1.0008819166939114,1.1541933546184908,0.8976543869742145,0.5762311924928775
pre2018,C/1972 X1,1972.0,124.96804662306108,False,0.04496143687064209,2.5046899284245643,4.628252642477228,4.86201566966932,0.9993049538013801,1.1446849534657364,0.8853952458080079,0.5569414062961502
pre2018,C/1973 A1,1973.0,35.31838266638799,True,0.12049782389576519,9.335523066089122,2.3618579130099238,2.5110362501749575,1.0006581084933825,1.1516483883943556,0.8943797342850989,0.5711165361356603
pre2018,C/1973 D1,1973.0,91.2818655238526,False,0.6416229171721616,67.03768206461153,0.7378224749390462,1.3820333845194135,0.9987556392039219,1.1315482828925751,0.8683447559153581,0.5294162859918587
pre2018,C/1973 E1,1973.0,79.69903518895092,False,0.089272143233135,29.037674886244268,2.5946424185864227,0.14244088322882198,1.0000167290665962,1.1491665776276456,0.8911817557294376,0.5660953192640917
pre2018,C/1973 N1,1973.0,27.217693828960766,True,0.13280715568099918,7.437588091170155,1.4237758637630227,4.811877332928681,1.0002059149531273,1.147883554962355,0.8895267024443849,0.5634862403903861
pre2018,C/1974 C1,1974.0,89.74357135491134,False,0.06332503138292829,10.960067416738216,2.4579758028051746,0.5031834674315955,0.9997244964476694,1.1376871221411775,0.8763293253648667,0.5424131960435266
pre2018,C/1974 F1,1974.0,79.05858336531763,False,0.03829863375764096,2.7093626240197906,2.6166457402756373,3.011518652834145,0.9994460923461755,1.1439781470249253,0.884481260106255,0.5554872529832343
pre2018,C/1974 V1,1974.0,142.56328270344358,False,0.1628213210579369,8.146432889771523,4.592821478065696,6.020748277256699,1.0028301946513407,1.1552077796982712,0.8989583488037569,0.5782604098774946
pre2018,C/1975 E1,1975.0,134.0571102446902,False,0.3473774328436804,38.656641266927224,2.217364504157129,1.2169968327583527,1.0014920779355319,1.1680535454954706,0.9154071136675238,0.603514020136084
pre2018,C/1975 N1,1975.0,89.86524767150527,False,0.06687016689025038,12.584733499995176,4.59227109542276,0.4255799972392204,1.0001066119005473,1.151449946138611,0.8941241955518137,0.5707162743595882
pre2018,C/1975 T1,1975.0,113.2814032200476,False,0.16862121091186547,16.357615653752536,2.9268245192424103,1.603983429355059,0.9974726771591125,1.1197066260762114,0.8528563930038515,0.5036099838518404
pre2018,C/1975 V2,1975.0,58.115040574189074,True,0.18792505377487884,49.327779895256654,2.3878384984872953,0.21872974194678385,1.0000573759050646,1.1516522916253369,0.8943847602762794,0.5711244069046328
pre2018,C/1975 X1,1975.0,118.01021921584146,False,0.1632490199137909,21.554785072717486,3.6132527417733145,0.8639732303684129,1.0017574461057603,1.181631095695403,0.9326699013707295,0.629390287238846
pre2018,C/1976 D1,1976.0,94.92498485169816,False,1.5373976770532676,205.2964278477633,0.26916084697110626,0.8477973093487148,0.993307713266034,1.002155233861249,0.6913293074679114,0.06477036445607529
pre2018,C/1976 D2,1976.0,30.16822933308921,True,0.0421238879771481,1.9719272228060163,6.011083556501162,6.878611321405369,1.000275430668092,1.1478362395646908,0.889465643780904,0.5633898474540422
pre2018,C/1976 J1,1976.0,61.193375447322765,False,0.06537614915034978,6.407719420583137,2.6520887982758476,1.568859423792657,0.999726227263519,1.1441407690151835,0.8846915835087519,0.5558220818561761
pre2018,C/1976 U1,1976.0,89.75473364602699,False,0.022898445180335934,1.1615174445674015,2.533619422634554,5.858190323777516,1.0035813208635218,1.1576190303432965,0.9020548309396281,0.583062523893649
pre2018,C/1977 D1,1977.0,67.83506268871832,False,0.2664397975984865,13.68518465884905,4.2925250472846015,5.716077046202085,1.0035205022327187,1.157696767857888,0.9021545903652921,0.5832168496064555
pre2018,C/1977 R1,1977.0,130.703179663494,False,0.11816181559923175,14.57516518688665,2.43024230583392,0.9906052955235247,0.9996040326494438,1.1402485854863023,0.8796521672297981,0.5477653914403424
pre2018,C/1977 V1,1977.0,166.73693094765358,False,0.34799910879141266,22.510172438342448,1.6387831205255172,3.6033880420050077,0.9995552921492089,1.1450218650792696,0.8858307796177419,0.5576335345600076
pre2018,C/1978 A1,1978.0,28.272645088249895,True,0.08112363881688962,4.2063183183147865,4.760029412949904,5.606320179744114,1.0028625133386375,1.1558998287961844,0.8998474942008872,0.5796417010251476
pre2018,C/1978 C1,1978.0,76.14307012389811,False,0.04073812294515926,7.570353711569424,3.4225593249528736,0.4365246368495993,0.9996247717335887,1.1322598453422863,0.8692717963808018,0.5309354430915466
pre2018,C/1978 H1,1978.0,45.790624121319546,True,0.10121840093565064,11.655457562746028,2.6964589206689875,1.1365612523527826,1.000940880327135,1.1613047406263244,0.9067799067082057,0.5903463288252525
pre2018,C/1978 R3,1978.0,135.717005897073,False,0.2643094104663218,24.377509064710203,1.2783930553110223,1.7717095196350086,1.0004228951214174,1.1512473607722966,0.8938632917251642,0.570307437301546
pre2018,C/1978 T1,1978.0,42.860567191777236,True,0.08979471506915926,18.131262182042676,4.0362116713579805,0.3699749446847465,0.9984878868938192,1.0745213999550598,0.7926016260202531,0.3930347647698101
pre2018,C/1979 M1,1979.0,81.96706615467596,False,0.20417888012132043,38.99204090760865,4.476634536985712,0.41323564910359434,1.0001063676991937,1.1515680955622112,0.8942763428187874,0.5709546094682626
pre2018,C/1979 M3,1979.0,76.94597978081389,False,0.041950760692905126,2.3790066176683853,4.963431611970553,4.6868467540459475,1.0010601219680877,1.1510329757650013,0.8935871585396702,0.5698745464176413
pre2018,C/1980 E1,1980.0,42.49487951174563,True,5.712178301351848,382.290236311945,0.9713474605350698,3.364925443133485,1.0566469908387848,1.4073196066129159,1.2058895363032636,0.9901659267584453
pre2018,C/1980 L1,1980.0,67.54331987366697,False,0.051483730574473426,3.9338123955394644,3.656595588644901,2.583910629571253,1.0001888741767864,1.148404535759363,0.8901988970793245,0.5645467784948885
pre2018,C/1980 O1,1980.0,73.55927850144407,False,0.11177111431175092,18.897133412950605,3.647013003299829,0.5259863644102795,1.0048086146041604,1.2949372550116058,1.0726059821880356,0.8226436541864717
pre2018,C/1980 V1,1980.0,77.63550388638761,False,0.3607166642729846,35.97865421972723,2.3701478484452303,1.5195221011518616,0.9946058900904192,1.084344917245636,0.8058690949310645,0.4191467367315696
pre2018,C/1980 Y1,1980.0,97.52869876494408,False,0.09049222263029437,21.795098028126443,4.9482594076328565,0.25982557218402563,0.9997553764760048,1.130830962394597,0.8674098017193822,0.5278813814358
pre2018,C/1980 Y2,1980.0,76.68167087990855,False,0.18059968494701956,17.227980362375543,3.4194385859098215,1.6572254326223448,0.9987128365134877,1.1337038634798544,0.8711518516755363,0.5340079937842003
pre2018,C/1981 G1,1981.0,57.41827368917842,True,0.19774068645272283,11.148491910225747,4.454370175932428,4.742921529996088,1.001515945579257,1.1526341368879365,0.8956486767298693,0.5731016845863189
pre2018,C/1981 H1,1981.0,25.064275433459457,True,0.3151506632384245,24.68754643171266,3.0435343518142997,2.4581294119598684,0.9989434223916884,1.1397272690246834,0.8789763059190109,0.5466793714004046
pre2018,C/1982 M1,1982.0,103.38207719455747,False,0.1085180832906809,16.55581260813787,4.189266283785147,0.6478285674793116,0.9994244713079629,1.1317573776174652,0.8686172116646833,0.5298630475394939
pre2018,C/1983 J1,1983.0,87.13418906820773,False,0.16333747984083283,29.213958163915567,4.604686149372169,0.471127035392936,1.0001432985079355,1.1523693208414536,0.8953078522079211,0.5725688945208878
pre2018,C/1983 O1,1983.0,167.80757363606153,False,0.051101185877246005,3.4390981501008686,2.563019907189168,3.3276411992412,1.0005866100129959,1.1501767986593456,0.8924840428729403,0.5681432526489593
pre2018,C/1983 O2,1983.0,35.16971823746661,True,0.23502641987958336,19.214523437029953,3.514328214677858,2.2547852992071786,1.0001806850881596,1.1485254978224637,0.8903549391994777,0.5647927996217875
pre2018,C/1983 R1,1983.0,131.35291838308083,False,0.1426967894574048,9.582342989739843,3.5150963417024106,3.3451867863547835,1.0002227530895538,1.1482926835521738,0.8900545970377437,0.5643192132611923
pre2018,C/1984 K1,1984.0,62.4287348180762,False,0.1839065402172379,13.74932008666219,2.7193830543724467,2.697927986026055,0.9994522425509196,1.1436485440674322,0.8840549139935401,0.5548081467533045
pre2018,C/1984 N1,1984.0,38.58422399512878,True,0.04477375991102895,10.18440399645541,4.072516449230953,0.29129716132047745,0.9998561610056734,1.1386190281044986,0.8775388252209705,0.5443651150816993
pre2018,C/1984 U1,1984.0,155.12025561938927,False,0.10961806550722163,5.7517820211381565,2.02560072057606,5.497141923240846,0.992475237291525,1.1233464388314576,0.8576294772475381,0.5116515503656724
pre2018,C/1984 V1,1984.0,101.91367304364175,False,0.1427797412720917,18.299886612528805,3.879808181782276,0.9179787434628518,0.9992549615397995,1.133095879656475,0.8703604834222706,0.5327160217702855
pre2018,C/1984 W2,1984.0,114.21024223113929,False,0.007459111725263764,0.4578273246292348,3.806722344940629,4.000516465792894,0.9993917556951851,1.14452824247097,0.8851926323813674,0.5566192461368592
pre2018,C/1985 K1,1985.0,106.72440996391146,False,0.029022401734526686,10.929981361651473,2.8004107270618572,0.10626005754602169,0.9999403765502819,1.1374513472277803,0.8760232108334004,0.5419184944865519
pre2018,C/1985 R1,1985.0,85.26529360373841,False,0.17337448483482545,25.540072238131913,4.148830675985463,0.6946058803245201,0.9999733865395442,1.1464879670487926,0.8877250459439799,0.5606378028138597
pre2018,C/1986 N1,1986.0,103.9447773449166,False,0.28198654255004296,21.30328973846342,3.0236677674842616,2.642956306754629,0.9992093780897751,1.1419884240774303,0.8819062644836015,0.5513779539328092
pre2018,C/1986 V1,1986.0,137.99325216722576,False,0.24333035731211627,22.77300378503619,3.36711846880043,1.7211715550435824,0.9999206895666312,1.1463542709023917,0.8875523719898009,0.5603643473423632
pre2018,C/1987 A1,1987.0,70.01397490881581,False,0.1734893054544221,22.18711612245809,3.319469959732876,0.9214399172644145,1.0003333078788046,1.1533549259209617,0.8965760892164782,0.5745499738947215
pre2018,C/1987 B1,1987.0,121.45373915488673,False,0.2141378056535503,28.220634621651403,4.052856778583,0.869609306784567,0.9958404589422076,1.0616557418242738,0.7750703276200274,0.35636077436318286
pre2018,C/1987 F1,1987.0,38.23666839438675,True,0.04731227206557647,3.051291038521388,3.086687617971213,3.6237591529388196,1.001052288240827,1.1521333368127313,0.895004091836348,0.5720937975118389
pre2018,C/1987 H1,1987.0,41.52479755509619,True,0.16089634689801116,8.45867752981109,3.4251231565361806,5.4535452678811165,1.0022678820616917,1.1542809607336626,0.8977670270848639,0.5764066478351074
pre2018,C/1987 P1,1987.0,110.40218467901943,False,0.2444340755943782,32.23477174720262,4.2300201050520645,0.8689724869013592,0.9947997190973475,1.0390825388214586,0.7438505367963485,0.2820861744927011
pre2018,C/1987 Q1,1987.0,73.27570225797014,False,0.06436948681960515,10.180244206999474,3.8165666447053486,0.6026183597035842,1.000464444312477,1.1603334371821084,0.9055356337833499,0.5884333206057624
pre2018,C/1987 U3,1987.0,43.61827128346462,True,0.07824974280872758,10.475986858358075,3.2343520013214135,0.8413273584165344,0.9989144416646404,1.1247259886101693,0.8594356567327714,0.514673330192464
pre2018,C/1987 W2,1987.0,147.25845757920624,False,0.2095135946099094,19.848736957102403,3.3191205224914255,1.6795398256045178,1.0002028016692714,1.1492233061591464,0.8912549051915095,0.5662104686206688
pre2018,C/1987 W3,1987.0,168.13327685401293,False,0.48144093884303163,32.37363446910551,1.9788921624514189,3.333162540479026,1.0033608976221207,1.164368570966716,0.9107004269591839,0.5963507830223338
pre2018,C/1988 A1,1988.0,110.52107981312402,False,0.1928542099015062,25.837535659456645,4.070000305504975,0.8413477720686925,0.9966144574189562,1.0756802582610998,0.7941719691737011,0.39619200568530527
pre2018,C/1988 B1,1988.0,75.0001085440123,False,0.07412943385806378,4.056498322762835,4.694541870208048,5.033116978463276,1.0026748778165928,1.1562561466031258,0.9003051566919278,0.5803519310847407
pre2018,C/1988 F1,1988.0,70.0602565855396,False,0.06851699263592334,7.765671512425389,2.17105844134062,1.1743444441665585,0.9978139197832867,1.1146555075479536,0.8462139204217537,0.4922773485173421
pre2018,C/1988 J1,1988.0,70.0614874255392,False,0.0650290341176775,7.370011420141864,2.0423030502547928,1.1744996360487368,0.997774538189163,1.1140659221467146,0.8454371517133473,0.49094089893274145
pre2018,C/1988 L1,1988.0,89.02516731269145,False,0.05270274046127576,4.113397040929722,3.374000420842752,2.4743943532728565,1.0006491804601672,1.1516530662130013,0.8943857576719203,0.5711259688318207
pre2018,C/1988 Y1,1988.0,95.9638277694582,False,0.06667776994719359,12.516407783371271,4.592785314585409,0.42778462159253283,0.9997939500519145,1.1388291280398122,0.8778114156699526,0.5448044330107797
pre2018,C/1989 A1,1989.0,64.641373661077,False,0.09045967961380996,8.073429690322968,3.1444733756333108,1.8946409920009546,0.998623543733502,1.1345775388749153,0.8722885361668052,0.535860316757771
pre2018,C/1989 A5,1989.0,75.65739233548176,False,0.06535750917996483,4.945813446663272,3.444715340436601,2.6397188868592987,0.9954955076237687,1.117398829445049,0.8498242422134905,0.49845785318464414
pre2018,C/1989 A6,1989.0,118.91967225443649,False,0.5070943961902736,41.92705126332331,2.3691407359733896,2.206447964434251,1.0018754105771766,1.161680959874836,0.9072616773259456,0.5910860680916098
pre2018,C/1989 Q1,1989.0,107.16079180333672,False,0.1831092583240103,28.046342647666368,2.6480873539233447,0.6423789141591524,1.0002254023082917,1.1531694197916653,0.8963374416765229,0.5741774970328641
pre2018,C/1989 W1,1989.0,59.90294385880397,True,0.11563489757911259,25.88841324744895,4.674054355061408,0.30069987372315093,1.0000726230416301,1.1512957132677446,0.8939255662510455,0.5704050374470435
pre2018,C/1989 X1,1989.0,83.07502768988516,False,0.10221807366407308,21.217369050196147,5.160069832825528,0.34978517346752064,1.0002574911457942,1.1597451997491646,0.9047817565301576,0.5872725225119154
pre2018,C/1989 Y1,1989.0,117.99133883500915,False,0.20024368005315654,19.623382402521255,3.1081253807024822,1.5692856602797247,1.0004066277617436,1.151597482506508,0.8943141843468071,0.57101387817776
pre2018,C/1989 Y2,1989.0,111.55228654924704,False,0.21737259005621526,19.015238256581714,2.9693223754717932,1.9751120171696115,0.9951128529192673,1.103749635562319,0.8317958623439528,0.4670581819861748
pre2018,C/1990 E1,1990.0,99.49412650586369,False,0.20074773037888047,23.860086190917094,4.20651011512812,1.068067316775858,0.9984113153310996,1.1212606864746681,0.8548956811460751,0.5070558296577631
pre2018,C/1990 K1,1990.0,73.36377473739437,False,0.22111577375870367,28.016045044075966,2.5011669582748017,0.9387696110958706,1.0006118005270346,1.1583071794938127,0.902937772316276,0.5844275912576252
pre2018,C/1990 M1,1990.0,6.405734760390616,True,0.14421053427250358,10.809917201285025,3.5140020140653268,2.6822780840815192,1.0013016529295484,1.1554675660210407,0.8992921631678749,0.5787792182541339
pre2018,C/1990 N1,1990.0,64.96469804670721,False,0.1559631898909883,18.34148516526293,4.1991107365355385,1.0924562471422299,0.995443126485669,1.0729744426751435,0.7905031645999923,0.38878559900067444
pre2018,C/1991 A2,1991.0,109.49041622873673,False,0.18270167362170678,18.775930727810607,3.9917685092416932,1.4341753740643606,0.9905715259680433,1.0278183155348666,0.7280326835778033,0.23725635313982354
pre2018,C/1991 B1,1991.0,60.065085406915024,False,0.3205418104405901,26.19083275922223,1.8702430399967411,2.2651057046993635,0.9936053484909702,1.097494957659397,0.8234781604246524,0.4520788310063636
pre2018,C/1991 C3,1991.0,58.25326926031727,True,0.28891318881746003,16.227893811286474,4.256384967740108,4.778805894671254,1.0035103830982381,1.1597185192982178,0.9047475573947787,0.587219832225998
pre2018,C/1991 F2,1991.0,106.17168861550147,False,0.1352730709410759,13.47963475676486,3.568158195177579,1.5177485822339578,1.0004779186485349,1.1525530257104253,0.8955442901849264,0.5729385346008197
pre2018,C/1991 L4,1991.0,58.47388765456845,True,0.08558657338173918,4.772813236503238,5.49923925730183,4.849887468382898,1.0000563548303878,1.147347369228015,0.8888346777005351,0.5623931658819522
pre2018,C/1991 Q1,1991.0,101.4699970961271,False,0.11988766738484857,8.246451422056433,3.530494108959807,3.1939767250667868,0.9945635295070218,1.1174752817790818,0.8499247637266525,0.4986292136884048
pre2018,C/1991 R1,1991.0,111.65916623239241,False,0.12103361084427135,5.625549205288361,3.6997823381138306,6.9828298613128075,1.0001161225643487,1.1474335574849865,0.8889459305555202,0.5625689790585067
pre2018,C/1991 T2,1991.0,33.527983805144395,True,0.13074359041961225,17.55475292914069,3.3027274027675184,0.8362776781327248,0.9998701490499173,1.1444725159363784,0.8851205784198625,0.556504651454076
pre2018,C/1991 X2,1991.0,95.6762172383732,False,0.11206373832006972,30.854555715948454,3.444092440796507,0.19879986573643124,1.0001986969554004,1.1642187229061425,0.9105088321228832,0.5960581533051014
pre2018,C/1991 Y1,1991.0,128.95491280235856,False,0.1199156349770587,18.34412470601578,4.566256845412432,0.6439760397186247,1.0001149030297585,1.1502135838725636,0.8925314488204518,0.5682177187322176
pre2018,C/1992 A1,1992.0,67.59376801795122,False,0.5151406173659544,36.41234136300926,3.5555503200278755,3.016644902818372,1.0042599785512485,1.1711946925290393,0.9194118263415794,0.6095712387936861
pre2018,C/1992 F1,1992.0,86.54141778060801,False,0.10982979024908364,12.017147633097771,2.9541068191306357,1.261550335184982,0.9959636749818256,1.0907044611442795,0.8144061150117924,0.4353347090645444
pre2018,C/1992 J1,1992.0,78.91341448458363,False,0.23095724426067638,16.35065401288004,2.173817423249389,3.0070434604559466,1.0000217278744377,1.1472717686371712,0.888737086950033,0.562238915825062
pre2018,C/1992 U1,1992.0,103.70320545724431,False,0.19431879778840339,15.686670499733758,1.862456979017212,2.3137493005271565,0.9993630199245671,1.142400438386286,0.8824397204533272,0.5522307932209658
pre2018,C/1993 A1,1993.0,118.75315780907259,False,0.040951648762310104,3.6115359461374767,3.1189555860308196,1.9376687056730908,1.002077807669665,1.1654530827273637,0.912086611373768,0.598465517298193
pre2018,C/1993 F1,1993.0,79.73318137356897,False,0.09537732374553158,4.8199189508222995,4.510591483951551,5.902387675231164,1.0049673690933578,1.161538528051513,0.907079296840493,0.5908060929817447
pre2018,C/1993 K1,1993.0,63.4772240229483,False,0.0739229583363938,4.121170938897507,3.36540558218686,4.849467452714649,1.0001600565386082,1.147715224938358,0.8893094715361315,0.5631432543426087
pre2018,C/1993 Q1,1993.0,105.69273941300278,False,0.17303393274069787,21.59947112200639,1.3293297618980904,0.9671825913853521,1.00031286950358,1.1527002851912158,0.8957338031404631,0.5732347118207243
pre2018,C/1994 E2,1994.0,84.4906655265381,False,0.14219952424469973,16.22913242351706,3.8945383280195216,1.1588295906135186,0.997335430362331,1.1068749022049205,0.8359384832269177,0.4743966025251768
pre2018,C/1994 J2,1994.0,22.944960242364253,True,0.24082075212002166,21.202642039810225,1.822930564472118,1.948239136668596,0.9963853992453026,1.114765573110127,0.8463588964500327,0.49252651740574127
pre2018,C/1994 N1,1994.0,99.87884101376771,False,0.19290440751018784,22.184884687857892,2.9557254636702055,1.140215543397363,1.000284539968811,1.1514334823162131,0.8941029934003178,0.5706830570072321
pre2018,C/1994 T1,1994.0,115.12482465015314,False,0.07464981267907796,6.748348408265501,3.322064682275533,1.845382196717074,0.9994492221565684,1.1420001823262893,0.8819214902936915,0.5514023066596263
pre2018,C/1995 O1,1995.0,94.21247832720724,False,0.38979392450505035,49.73906717141938,1.2970704882022122,0.9271849929715625,0.9950153090998907,1.0505737161194963,0.7598198678698103,0.3218465789120752
pre2018,C/1995 Q1,1995.0,30.152684687362946,True,0.11517425299376777,21.413332081667097,3.9998766801525094,0.43640842054668133,0.9980343962604153,1.066833928987225,0.7821481513414751,0.3715033235310254
pre2018,C/1995 Y1,1995.0,25.883154102942065,True,0.14714028027877682,17.588890626050944,1.1539183597185796,1.0546466630169644,1.0003349994796216,1.1526002059274743,0.8956050096513662,0.5730334388675189
pre2018,C/1996 B1,1996.0,64.3326811640663,False,0.0570555267735889,5.832428680058159,3.87968513299053,1.448786088345635,0.9906763536380093,1.0304777274932981,0.7317823757568361,0.24852451431605338
pre2018,C/1996 B2,1996.0,127.7135563048091,False,0.013694088156747388,3.5037715171425945,3.670224620284582,0.2302452760518109,0.99994320181541,1.1428947886705314,0.8830796094230838,0.5532527318744456
pre2018,C/1996 E1,1996.0,95.23633846642853,False,0.40618830919376075,42.774240228641496,1.4583070247363372,1.3589732345562981,1.000933760623551,1.1589103364931217,0.9037113845908815,0.5856221097148562
pre2018,C/1996 N1,1996.0,50.89427250492805,True,0.1951050515545812,24.89138894849411,4.058426156902553,0.9258357303095476,1.000616822154896,1.1585547337955262,0.9032553181734334,0.5849180785001445
pre2018,C/1996 P2,1996.0,76.77083788725696,False,0.4628805078415926,40.14361744114856,1.6186182991958888,2.005877797335466,1.0001187153353488,1.148165377283585,0.889890348414525,0.5640601217503638
pre2018,C/1996 Q1,1996.0,110.58234168289923,False,0.14022367306940461,18.78890490579084,3.857467785196223,0.8398784336979879,0.999332873186603,1.1333971112388166,0.8707526114649682,0.5333564465915572
pre2018,C/1997 A1,1997.0,105.57013587710598,False,0.08117040471406631,5.608190760186041,3.855554910121713,3.1572102224518153,1.0020223900037948,1.158117283131005,0.9026941564535067,0.5840511354693344
pre2018,C/1997 BA6,1997.0,89.87098740240978,False,0.043192508070249123,2.860292062387443,3.448472140862667,3.436537468239813,0.9988186083040816,1.141216721792564,0.8809067514257873,0.5497778582802737
pre2018,C/1997 D1,1997.0,118.70071238514257,False,0.08132021780527451,6.660031071181899,3.053249572156384,2.2476594402506604,1.0010599188644425,1.1552332738546998,0.8989911098724032,0.5783113386207521
pre2018,C/1997 G2,1997.0,80.59753356348057,False,0.08096419893520618,5.670182991808688,1.8964706208397561,3.084795528628499,0.9941865903912789,1.1142480588220791,0.8456771459589877,0.49135407187185276
pre2018,C/1997 J1,1997.0,54.50252078897501,True,0.5512619753347175,44.64953456197021,1.8158754561791695,2.3021286576594,0.9910619343570357,1.0782724239845873,0.7976794587640861,0.40317676976963357
pre2018,C/1997 J2,1997.0,92.73878772441361,False,0.2070130077031816,14.549241743475687,3.643829610149447,3.0512561982534327,1.0011597225180604,1.1536690271413177,0.8969801128195442,0.5751802426557026
pre2018,C/1997 L1,1997.0,30.08761220552487,True,0.10830081125871621,6.010664809710675,4.233932144728998,4.899629449751934,0.9977667492567706,1.139277399773614,0.878392903115397,0.5457408551604012
pre2018,C/1997 P2,1997.0,112.47322099840333,False,2.737788396509483,162.7792125401063,1.035098335074616,4.262984726700176,1.0275554724521574,1.2534478359009942,1.0221313887820165,0.755653071641454
pre2018,C/1997 T1,1997.0,85.83785803868096,False,0.22200403613660594,23.38660959136592,3.9735580028814184,1.3591317673358634,0.9985422609864205,1.1285409215944266,0.8644221829186044,0.5229576455789474
pre2018,C/1998 H1,1998.0,14.063947840079313,True,0.04004489454194342,4.033511225988769,3.911897757971406,1.487276595501058,0.9977198952543139,1.120457016911211,0.8538413349997392,0.5052761760679477
pre2018,C/1998 J1,1998.0,80.62200879419935,False,0.1437488827431879,45.08279553942794,3.6577137495642993,0.1532135568418754,1.0001877420242034,1.168042205709032,0.9153926441293858,0.6034920725857957
pre2018,C/1998 K2,1998.0,72.03503894987847,False,0.13547046316260258,10.913431570765523,2.11946184778811,2.32368236142917,0.9991883913634765,1.1411215329932825,0.8807834306283846,0.5495802401990242
pre2018,C/1998 K3,1998.0,45.98960254997998,True,0.5692715339686232,37.11635901961282,0.9609782987434289,3.5463029742877454,0.9978994675653661,1.136909649072909,0.8753197408739579,0.5407805816700185
pre2018,C/1998 M1,1998.0,59.58392651399472,True,0.029599203823080417,2.0614068454546284,3.7430832927049136,3.118166483991198,0.9926350627011342,1.1057582954447613,0.8344594097698652,0.47178543354069613
pre2018,C/1998 M2,1998.0,64.20201178422477,False,0.08043606414108366,5.986356789250848,2.9251899914526645,2.7254622654733605,0.9976908119594586,1.1324745395770188,0.8695514253905564,0.5313931408537931
pre2018,C/1998 M3,1998.0,32.10178460791026,True,0.08368284464057829,4.278350504449144,4.365088382791799,5.768223944512028,1.0023868935280917,1.1542458314929238,0.897721860114456,0.5763362966836895
pre2018,C/1998 M4,1998.0,119.18049717030779,False,0.28452851196521145,21.676040884725634,3.033309342033066,2.6002124375959967,0.9976676494627279,1.1316075823758045,0.8684220282207151,0.5295430179378172
pre2018,C/1998 M5,1998.0,78.55307488648313,False,0.6677870629504705,62.1210292904929,0.4861239995215523,1.7423035099990496,0.9960876185755619,1.1078346381510549,0.8372088652754737,0.4766315902702601
pre2018,C/1998 M6,1998.0,90.14686769036174,False,0.16476451987431764,8.285402088217394,3.1705048363037975,5.978618787082261,0.9988963449889894,1.1439665749029109,0.884466292802425,0.555463420804085
pre2018,C/1998 P1,1998.0,43.82555669281502,True,0.21509552946259078,24.658849494172834,1.1729330417726176,1.1466137569756774,0.9998076919965063,1.1442578398512218,0.8848429819293092,0.5560630282776068
pre2018,C/1998 Q1,1998.0,80.78531644343974,False,0.3738615255870089,36.58142964277056,3.035014785582101,1.5778517100994278,0.9956396997613878,1.098567691304376,0.82490731054246,0.454676873982068
pre2018,C/1998 T1,1998.0,75.52457757132184,False,0.1923252382180743,19.4922810815666,3.6151797491075586,1.4677527678897146,0.9991692902430459,1.137366915088017,0.875913579153446,0.5417412545608014
pre2018,C/1998 U1,1998.0,121.72091905862477,False,0.2652692639530125,16.340206571436074,2.3549021503328555,3.9754765585954557,1.0004053545169012,1.1489006141393463,0.890838773167364,0.5655552214647525
pre2018,C/1998 W3,1998.0,93.1254442089571,False,0.04589358611671292,2.5422010760023186,3.893845467781541,4.914692142045924,1.0006203538929026,1.1493173589816925,0.8913761777528163,0.5664013409349691
pre2018,C/1999 A1,1999.0,126.08907662429289,False,0.1770721649487045,25.45836833053125,4.374408114649432,0.7307468081350136,0.995926788239598,1.0468490742377339,0.7546615684139268,0.30947224687955255
pre2018,C/1999 F1,1999.0,89.05681729718091,False,0.03321360916427241,1.6950194881351253,5.741359592390795,5.787036034908397,0.9988978028939908,1.1438654668209376,0.8843355159632849,0.5552551607520276
pre2018,C/1999 F2,1999.0,20.96772728938864,True,0.09583706958718098,5.416630996105297,4.321382116931995,4.718419941307635,0.9983364238638184,1.141064557424496,0.8807096132204577,0.5494619291330739
pre2018,C/1999 H1,1999.0,83.73046486276354,False,0.09919554841363182,14.474418195800725,4.4477067541406115,0.7081310190836559,0.9997731216891269,1.1416211067382414,0.8814305701294994,0.5506167802623938
pre2018,C/1999 H3,1999.0,48.74407637811634,True,0.021149774110585634,1.3877741603777591,2.244215389692711,3.5007343686994954,1.0028352789904034,1.1610000903790139,0.9063897111445196,0.589746807720361
pre2018,C/1999 J2,1999.0,40.75409871587245,True,0.018302678098869325,0.8427189257568709,6.521302462136935,7.109410040423915,1.0023619921495774,1.1528500989222126,0.8959265869442221,0.5735359081533027
pre2018,C/1999 J3,1999.0,144.3111520333129,False,0.2102864011116845,26.126294856094397,4.287594186053439,0.9768344610935494,0.9996332507570226,1.1406687569827105,0.8801967460545681,0.5486394995921826
pre2018,C/1999 K2,1999.0,85.93562612847086,False,0.1539821715923204,8.295354353577734,4.810361243564269,5.290032708530364,0.9655819963782134,1.0291223573959147,0.7298725403114522,0.24284339366843644
pre2018,C/1999 K3,1999.0,61.71016712657487,False,0.063523350155597,5.626610093266207,3.4991271074623023,1.9287420044707528,0.9916665435856551,1.070221503026458,0.7867624572568127,0.3811222282896772
pre2018,C/1999 K5,1999.0,93.6443403626122,False,0.05957368718627882,4.053424429238168,2.2370319801809573,3.2554401601498624,1.0016087738560586,1.1556196187320638,0.8994875217628135,0.5790827147780521
pre2018,C/1999 K6,1999.0,72.51075901241076,False,0.34690715671177047,28.456491069403775,2.1828559786322934,2.2469896310347854,0.993497969942046,1.0962253552235772,0.8217853296595321,0.4489878804503934
pre2018,C/1999 K7,1999.0,78.25092917039338,False,0.18227288933071267,14.69527761090609,2.778151889738731,2.3227338663092194,0.9965458149654304,1.1212662891972882,0.8549030295295628,0.507068218927725
pre2018,C/1999 K8,1999.0,142.55663070277305,False,0.25561076844110775,15.320931294202094,2.9106682200844216,4.200954645928572,1.0016032404121897,1.153695663841016,0.8970143718882826,0.5752336674098978
pre2018,C/1999 L2,1999.0,59.879217302180884,True,0.06438595912480093,5.73339574223231,4.231361043612855,1.904736075197316,0.9950918633599699,1.1019160600176994,0.8293612614135639,0.46270842944689106
pre2018,C/1999 N2,1999.0,43.79184011216198,True,0.06661889299714165,9.379275967181838,4.150017120946546,0.76129224861667,0.9975127288846061,1.0894790296328034,0.812764206038998,0.43225529882919145
pre2018,C/1999 N4,1999.0,40.627949888902805,True,0.06759336400430943,3.5370597973110303,3.167672046638038,5.504780149622079,1.004309113993955,1.1605389948806173,0.905799015923003,0.5888385568173943
pre2018,C/1999 S2,1999.0,77.3275539813005,False,0.11436266769520814,5.521037343425907,3.3461222688469494,6.467630636365488,1.0042830067738184,1.1584863948093658,0.9031676619360157,0.5847827069217078
pre2018,C/1999 S4,1999.0,72.12217297294063,False,0.05732706867641357,8.045296371891821,2.5800949001264373,0.7651857466589048,1.0000826688274818,1.149004963764161,0.890973347167719,0.565767173058812
pre2018,C/1999 T1,1999.0,43.85421209266376,True,0.15065820280405137,17.09139310562063,3.7516834309865166,1.171742880188558,1.0000439009930207,1.1477919532091712,0.889408492460181,0.5632996140669748
pre2018,C/1999 T2,1999.0,56.618182997012966,True,0.29930515385427886,21.092194188169522,0.649242344697709,3.037435560186404,1.002168061023551,1.1593645509061004,0.9042937910360057,0.5865204593652142
pre2018,C/1999 T3,1999.0,163.06062250438762,False,0.16177698939024984,8.576519248211293,1.0997316008542108,5.365805476719377,0.9965753583743674,1.1361121288868898,0.8742836313305132,0.5391018983088258
pre2018,C/1999 U1,1999.0,114.88756399521671,False,0.2270623690570887,13.703484926547947,2.071129693632344,4.1380824961970895,1.003395621169271,1.1611814633209268,0.9066220212242236,0.5901037858855062
pre2018,C/1999 U4,1999.0,92.77351635590527,False,0.5046413843702959,27.94381407051633,0.9084641939107057,4.915403636291589,1.007622161374546,1.1735268170811475,0.9223807722503633,0.6140401271618064
pre2018,C/1999 Y1,1999.0,150.33506197695178,False,0.23211660934055464,16.207284695277306,2.8331855644179598,3.0913400502954556,1.0007495772182424,1.1513122255757375,0.8939468325178659,0.5704383648707686
pre2018,C/2000 A1,2000.0,87.72172023380931,False,0.0611045049037448,2.4034563116841667,7.291340850446483,9.743326904320075,1.0048658368785608,1.1557088101798252,0.899602107898728,0.5792606850836205
pre2018,C/2000 B2,2000.0,99.50133570964438,False,0.1798904123329373,11.374987622992514,4.2382588587829,3.77612401904593,0.9995305317203828,1.1450061492608306,0.8858104653105444,0.5576012636296603
pre2018,C/2000 CT54,2000.0,92.69292894865399,False,0.031134066101548386,2.1514599728645116,3.7362544565987235,3.156155118390643,0.9987185222909851,1.1401394788068009,0.8795107331593011,0.5475382347289749
pre2018,C/2000 H1,2000.0,71.5357196918562,False,0.19912676805624338,12.816588867123455,1.0232971111855056,3.638140620443994,1.0022243021001997,1.1576198593081333,0.9020558947610451,0.5830641697282216
pre2018,C/2000 K1,2000.0,37.79161120233642,True,0.029383737441140794,1.4399993914683127,4.916283662405029,6.2759841371550005,1.002390731345817,1.1536836209988146,0.8969988829254496,0.5752095137575657
pre2018,C/2000 K2,2000.0,84.35396384915681,False,0.025333408805149397,1.993761193350237,2.132153751335703,2.437348824127146,0.9951575248288129,1.1124353170874879,0.8432872780447404,0.4872293321012374
pre2018,C/2000 O1,2000.0,141.05084322465632,False,0.11507276727844518,5.805662894803385,5.129598775415744,5.921749777004926,1.0001421514291213,1.1475604261786538,0.8891096840884711,0.5628276992895888
pre2018,C/2000 OF8,2000.0,40.530360227319655,True,0.5309182430181217,44.21502797678484,1.3282616049862168,2.1730715547915134,1.0019051003942576,1.162134850633961,0.9078427780549816,0.5919776164808069
pre2018,C/2000 SV74,2000.0,93.07475577964632,False,0.40172273199614994,26.20497696783862,3.039775467950414,3.5420087241140132,1.0049075805294896,1.1707459252593224,0.9188400949674946,0.608708558234222
pre2018,C/2000 U5,2000.0,124.89540312716845,False,0.37536622291721333,24.70008716063805,2.8342887890422643,3.4827701937293996,1.009117592735749,1.1913430884257215,0.9449441533489185,0.6474399135796426
pre2018,C/2000 W1,2000.0,102.33098373753373,False,0.03497914823077204,7.576957431612807,4.495995839670625,0.32118756385239433,1.0000607945710893,1.1503998224938459,0.8927714434290781,0.5685946174122213
pre2018,C/2000 WM1,2000.0,89.3214897812383,False,0.18069467101527503,29.76792130610667,4.136652847031359,0.5553698194003696,1.0003109220681032,1.1567407328059394,0.9009274230153,0.5813167899593992
pre2018,C/2000 Y1,2000.0,153.40350915478456,False,0.16007491169410792,6.9594646506141125,1.5952074894819346,7.975193794702289,1.0013251478164376,1.1500030156234031,0.8922600711404097,0.5677913554283824
pre2018,C/2000 Y2,2000.0,63.60912379523398,False,0.2648879111840578,19.569424301371175,2.4672426803773306,2.7687047417537975,0.9943560364958873,1.1115174696779897,0.8420761153292073,0.48513005756769934
pre2018,C/2001 A1,2001.0,90.70958634694667,False,0.4221097593708994,33.51941648752433,2.478067686102933,2.406472412051808,0.9909345501828362,1.0803831051268098,0.8005302945248324,0.40878813730308466
pre2018,C/2001 B1,2001.0,112.88940355403798,False,0.18472365896013113,13.252516987448251,2.9536992811528697,2.928428768095641,1.0012566278439918,1.1545076738760545,0.8980584990117659,0.5768605172786371
pre2018,C/2001 B2,2001.0,40.53179518435287,True,0.07133622503282681,3.8013953102774116,3.757489157448572,5.310031203474271,1.0013616733206054,1.1515515046275449,0.8942549784141712,0.5709211461894197
pre2018,C/2001 C1,2001.0,52.18863994148121,True,0.05159365816939381,2.8035244809919586,4.483890126576708,5.1044097690740005,0.9998845876205696,1.1467583152108667,0.8880741703899696,0.5611904497241054
pre2018,C/2001 G1,2001.0,32.97486906737523,True,0.04850346262657308,2.0750570086249653,7.151714288566539,8.235510619950281,1.0029885806995436,1.1533748560073305,0.8966017271221921,0.5745899806176651
pre2018,C/2001 HT50,2001.0,137.2611664842934,False,0.276166039666717,20.30193284319044,2.266714793868723,2.7921267740651268,0.9977236151576078,1.1330317781350765,0.8702770299579905,0.532579663168067
pre2018,C/2001 K3,2001.0,77.62160823561939,False,0.07272152560582397,5.103663134603974,3.69655679444419,3.060112004723372,0.9989062787747534,1.1409808005300817,0.8806010934508506,0.5492879704986671
pre2018,C/2001 K5,2001.0,47.11820571203099,True,0.048473905114435285,2.613607839335712,5.028200199980544,5.184256753752655,0.9995490233878928,1.1456496149650575,0.8866420579231238,0.5589213966434482
pre2018,C/2001 N2,2001.0,39.39784360173772,True,0.08052663088646411,6.053384296447438,4.050866676989087,2.6685845588226496,1.0010881412417705,1.1541425220640946,0.8975890261389321,0.5761293679311508
pre2018,C/2001 O2,2001.0,108.07940251292992,False,0.06520688145762099,3.6474214958996414,4.709335357276249,4.819207880506451,0.9979555131899696,1.1398241284508939,0.8791018953496845,0.5468812770200845
pre2018,C/2001 Q1,2001.0,102.04578954438148,False,0.02170534771602766,1.1124595459999937,5.8105106733535745,5.833839001715729,0.9657233792870383,1.0411496001392766,0.7467352867507623,0.2896076263264728
pre2018,C/2001 Q4,2001.0,12.324302583835243,True,0.12660951230857848,15.846876806432888,3.9050352364942795,0.9619898540342556,1.0007939337556189,1.161261786314801,0.9067248948626094,0.5902618264053004
pre2018,C/2001 RX14,2001.0,70.18829707025796,False,0.4846477423735109,41.4951813537626,2.6290808018904346,2.057526552807009,1.001377256675696,1.158608266922527,0.9033239810775474,0.5850241050909784
pre2018,C/2001 U6,2001.0,94.6596401113765,False,0.07567073139691546,4.430349862300771,3.4740167613424013,4.406361983534861,0.9963748743896367,1.1329025798046208,0.8701088172961658,0.5323047460658633
pre2018,C/2001 W1,2001.0,122.44422273415178,False,0.32069164269454614,25.43194015858445,4.150726377221647,2.3992608512786364,0.9989895845589587,1.139877829104796,0.8791715213160797,0.5469931924996333
pre2018,C/2001 X1,2001.0,74.57574286123167,False,0.1442921897574565,13.607983975016051,2.090636896953508,1.6979317568288637,0.9969870505803776,1.1161959999002828,0.8482420696958858,0.4957555824694975
pre2018,C/2002 A3,2002.0,102.85615439396089,False,0.37645854136221635,20.361707528684192,1.9801676125156273,5.151996433500674,1.01085386516719,1.1828430234224176,0.9342048579769072,0.6316626515913096
pre2018,C/2002 B2,2002.0,66.67741827601127,False,0.2145187388123121,13.449327937071134,3.510673708875162,3.842114630582548,0.997064727117599,1.1339253933315694,0.8714401277487295,0.5344781426760432
pre2018,C/2002 B3,2002.0,100.1119552512366,False,0.28239294594437947,14.081259497295521,1.6296470527623301,6.056170643734409,1.0054958285265334,1.1626577155613993,0.9085120044132708,0.5930034155978613
pre2018,C/2002 C2,2002.0,133.29961753301853,False,0.24563950271426793,16.72369731013805,4.0109948674846905,3.253775897027639,0.9996043663830783,1.1450532684911794,0.8858713711882219,0.5576980141964029
pre2018,C/2002 E2,2002.0,29.934991146728883,True,0.07524206384967345,7.627788624972976,3.057236887348285,1.4664768396677719,1.0007387094201565,1.155782741185335,0.8996970842625059,0.5794081740691666
pre2018,C/2002 F1,2002.0,95.13478548174906,False,0.15878098092896942,29.44670817036865,4.633806927433817,0.43830517365162736,0.9995880099662027,1.1308576642390078,0.8674446122817709,0.5279385798787419
pre2018,C/2002 H2,2002.0,46.029052902549935,True,0.0723742268313306,6.960651157862037,3.5908504726652546,1.6348389287048184,0.9940489884536076,1.082700806213872,0.8036554823957441,0.41487482827046385
pre2018,C/2002 J4,2002.0,86.82688814430826,False,0.04661985431638696,3.0024112513139194,2.7372354912249772,3.633754704852737,1.0002283336670323,1.1482281796459175,0.8899713765855312,0.5641879473094547
pre2018,C/2002 J5,2002.0,55.07837848379086,True,0.03125288212603925,1.6033850474582503,3.6379449142635556,5.72683630538222,1.0010843248598824,1.1504008589099473,0.8927727789249134,0.5685967143213396
pre2018,C/2002 K1,2002.0,66.21992385643709,False,0.07470182367622766,5.103981855950143,3.941563656619102,3.2302416301269608,0.9996634000191497,1.1453530000739502,0.8862587620931968,0.5583131577660304
pre2018,C/2002 K2,2002.0,59.8536442770333,True,0.03571025426049076,1.92053373911181,4.547205435771725,5.2351011992596215,0.9932103203494702,1.1246090900921195,0.8592826683498235,0.5144178193590337
pre2018,C/2002 L9,2002.0,107.10064367332056,False,0.030531349926577116,1.4134174841210287,6.414113847298189,7.0330483225262395,0.9984405077235989,1.1433255871263608,0.8836370843204835,0.5541421167301002
pre2018,C/2002 O4,2002.0,88.56846009440547,False,0.1742494463012092,24.275367361359095,4.103567325352605,0.7762399249489499,1.0009503412713785,1.1680240617201896,0.9153694922630405,0.6034569546484715
pre2018,C/2002 O6,2002.0,110.00093604765955,False,0.1555118545253035,27.155409050179994,3.8865301964569037,0.4946423715268328,0.9984726502302737,1.092724278992829,0.8171092023156795,0.44037079519045874
pre2018,C/2002 O7,2002.0,89.13810187307912,False,0.19462048407247362,25.13776437063433,1.4391859171734223,0.9033685057034302,1.0002279568611812,1.1514813392453047,0.8941646231196625,0.5707796089441517
pre2018,C/2002 P1,2002.0,88.16861934277203,False,0.06845214090644369,3.299370080617729,5.840561704871225,6.529861483110211,0.9841065391458589,1.1044718770424307,0.8327540007626489,0.46876242867139933
pre2018,C/2002 Q5,2002.0,41.05504388988606,True,0.029814988570000187,3.283018326725142,1.6275414414714455,1.2429896350031089,1.0015768730695924,1.16877290160286,0.9163248300301245,0.604905102373461
pre2018,C/2002 R3,2002.0,145.20800434024434,False,0.0988544415017968,6.169557061326562,2.1962562001854486,3.869504225900946,1.0027716131741498,1.1594069579588633,0.9043481590471629,0.5866042801750629
pre2018,C/2002 T7,2002.0,80.5726405337932,False,0.14906718650113784,23.341493748559053,1.668121228478363,0.6146533772958412,1.0005661174407834,1.1628879002682737,0.9088065620355753,0.5934545946798565
pre2018,C/2002 U2,2002.0,70.40957551262787,False,0.22856203329182054,25.530415325809933,3.1044696653342307,1.2086467125403,1.0000550559590224,1.1479309927146304,0.8895879173209156,0.5635828700298431
pre2018,C/2002 V2,2002.0,149.5239622618862,False,0.07428304702466325,3.496793175835308,3.166517399981308,6.812034570151029,0.9985269084904951,1.1434203554360929,0.883759700277269,0.5543376196704307
pre2018,C/2002 VQ94,2002.0,67.3416345182409,False,0.14975885349439685,7.116186289110947,5.947185384688799,6.796715280098179,0.9669402613034951,1.0601515153796535,0.7730086249003587,0.35185412164426083
pre2018,C/2002 X1,2002.0,138.99229185205837,False,0.30098033133320157,23.443063229918856,1.7524963442132375,2.486685727020516,0.9985606667418485,1.1371440178482968,0.8756241293710078,0.5412731331633283
pre2018,C/2002 X5,2002.0,86.38821170584178,False,0.28333976944510203,79.8037717247762,1.6313154808165813,0.18998170350595098,1.0000118535477311,1.148220551287785,0.889961534566631,0.5641724220093565
pre2018,C/2002 Y1,2002.0,111.98308983393105,False,0.10888971781613192,15.833336026350159,3.0651043352017857,0.7138288691501349,0.9971658573895242,1.0766636205166837,0.7955033943061848,0.39885415768219357
pre2018,C/2003 A2,2003.0,73.61031964874742,False,0.026309975341214778,0.9556066068132751,6.472645296211906,11.42704540224635,1.006963378818567,1.1575856312856374,0.9020119690821929,0.5829962102065895
pre2018,C/2003 G1,2003.0,35.993859253801816,True,0.03969468569808696,2.19780030472505,3.9274175441129304,4.916326778406137,1.0014452946507981,1.15219488877032,0.895083325907157,0.5722177461987077
pre2018,C/2003 G2,2003.0,25.95840517885789,True,0.11497070310863046,11.338827902008838,4.599536895995641,1.5533419853564472,0.996264589395449,1.1049937725404095,0.8334460606191942,0.4699907708767955
pre2018,C/2003 H1,2003.0,36.03505980392407,True,0.23807829877222106,19.53838955994186,3.4019746654001035,2.239602318247766,0.9993859473539403,1.1424198386278335,0.8824648357294543,0.5522709254041206
pre2018,C/2003 H3,2003.0,60.04309049764513,False,0.061729373873578214,4.450334136215089,2.0118684772934157,2.9013233820977273,0.9998296877557623,1.146136906435642,0.8872716083040362,0.5599195439079993
pre2018,C/2003 J1,2003.0,89.4788944536725,False,0.03494782129681097,1.8998128871134614,5.395119287867884,5.125428231912526,0.9910083968382659,1.116552627207996,0.8487112983421663,0.4965580093819416
pre2018,C/2003 K4,2003.0,38.52159389500386,True,0.20186475359842457,24.493162465564758,3.2152666831594274,1.0236765387676012,1.0003562684033775,1.1531204880500687,0.8962744884070931,0.5740792169353524
pre2018,C/2003 L2,2003.0,98.87144620471595,False,0.14653119563982872,10.676778882153563,3.481739584817007,2.8647812705651026,0.9814502717764567,1.029718789604153,0.7307132709020754,0.24535866200344456
pre2018,C/2003 O1,2003.0,64.66151314784722,False,0.026407456948601436,1.239279104598684,4.132830103741101,6.8473795096384285,1.001307614228102,1.1504287352394997,0.8928086992594342,0.5686531123813827
pre2018,C/2003 S3,2003.0,137.16145972944864,False,0.06788975013930096,2.923292224144762,3.5242195193890233,8.129472561552141,1.001518826355491,1.1503577668080116,0.8927172510174108,0.5685095241170492
pre2018,C/2003 T2,2003.0,133.4676191597901,False,0.10651245383056784,9.78358578207649,3.8390317622558094,1.7863547000447761,0.999705542206702,1.1443075372259983,0.8849072484508176,0.5561652875796078
pre2018,C/2003 T3,2003.0,132.43743201227437,False,0.09878458155772837,9.964731649570211,2.8778945481140794,1.4811044417159325,0.999788384400275,1.1446862888409453,0.8853969722497494,0.5569441508955224
pre2018,C/2003 T4,2003.0,61.386195403533016,False,0.04409956179079835,5.871761321823823,3.3557166086480232,0.8500981290249406,1.0007722509867443,1.162673841870854,0.9085326417797542,0.5930350326304594
pre2018,C/2003 V1,2003.0,162.91180971527078,False,0.09106895056918878,8.374585000594557,1.7534853733290785,1.784531885591733,0.9970871818103919,1.1187082961857306,0.851545272174855,0.5013864171585213
pre2018,C/2003 WT42,2003.0,68.46196841748332,False,0.2756369554402968,14.852728841962865,5.002408705288451,5.19097287759813,1.0027663659272095,1.15628112324634,0.900337233809857,0.5804016913587485
pre2018,C/2004 B1,2004.0,82.09208358535224,False,0.09472564058678978,9.187715494770801,2.428628792463237,1.6019826944754818,1.0013667771243961,1.1617355072990105,0.9073315201886557,0.5911932647413768
pre2018,C/2004 D1,2004.0,75.16784316767153,False,0.24613972194955702,13.551868413344915,5.133882130103713,4.974625643622838,1.0013503922367828,1.151808972380317,0.8945865008283826,0.5714402822798553
pre2018,C/2004 F2,2004.0,69.88127804929155,False,0.5995867951422318,61.68708575984286,0.5903234444360992,1.4304462691217736,0.990535602502478,1.0270065481205184,0.726886200509399,0.23371464917437476
pre2018,C/2004 F4,2004.0,37.2676369861173,True,0.024905906304310572,7.455192107790344,4.029141032964045,0.16826776323870474,0.9992966927578341,1.0728185633531018,0.790291571816112,0.38835519467530183
pre2018,C/2004 H6,2004.0,120.02172791998505,False,0.19602858565422251,27.309536605844503,3.3303595063551183,0.7763678389200788,1.0007618840752723,1.1639111519327552,0.9101155246461853,0.5954571831372192
pre2018,C/2004 K1,2004.0,18.59885686923617,True,0.2944280072000585,19.61903772450933,2.968440178395154,3.399155408817119,0.9987461457781426,1.1407825206316502,0.8803441701898574,0.5488759848408197
pre2018,C/2004 L1,2004.0,43.15926363385873,True,0.25610811673696865,21.988335196651178,3.398959965818249,2.0474548670929447,0.9976996168153135,1.1276488580478385,0.8632572302999623,0.5210297826543823
pre2018,C/2004 L2,2004.0,120.25680933045042,False,0.00818196902649757,0.5173676339910459,4.295396020697528,3.7786600838946818,0.9952346475124192,1.1252378152000284,0.8601053652691052,0.5157908763369237
pre2018,C/2004 P1,2004.0,83.21297528742224,False,0.08662632369708598,4.336730193067039,4.64092874380302,6.013781166644287,0.9992325635047602,1.1449494727839724,0.8857372035975818,0.5574848720679109
pre2018,C/2004 Q1,2004.0,139.47759051969942,False,0.07893457002789817,6.791528742273986,2.7657596566834752,2.046784253439324,0.9888593648855811,1.0493171349770636,0.7580814919024477,0.3177208477779693
pre2018,C/2004 Q2,2004.0,101.51384497161756,False,0.22653419579460637,25.33620855721973,1.8539626813260166,1.2050707657678699,0.9995814966908652,1.1411559845711996,0.8808280647954128,0.5496517701954052
pre2018,C/2004 RG113,2004.0,74.7937960357366,False,0.5458625760308506,48.12342557001751,1.909725979042412,1.9423650595595054,0.9972295163938061,1.122335685664925,0.8563051383271766,0.5094285805421952
pre2018,C/2004 T3,2004.0,97.29486543434831,False,0.009175813076700423,0.37838394737521946,6.968794869095423,8.864554047525408,0.9986822408558218,1.1445866478238427,0.8852681475040138,0.5567393301473315
pre2018,C/2004 U1,2004.0,109.80107075654685,False,0.20714858817045348,15.600525602541781,2.991888126456015,2.659403481957943,0.9992348783093445,1.1421861253119214,0.8821622546128506,0.5517873070408004
pre2018,C/2004 X2,2004.0,88.42600855049992,False,0.22610487386075473,14.26721001586893,3.730351311388404,3.7930832870625655,0.9973949401846478,1.135268156112359,0.8731866266104419,0.5373210154451751
pre2018,C/2004 X3,2004.0,58.211167023940774,True,0.39434698302970206,23.073715569934595,2.3028910952982624,4.402270904280871,1.0060965887380928,1.1707347571647233,0.9188258650267261,0.6086870780539227
pre2018,C/2004 YJ35,2004.0,87.5381604850732,False,0.13708224220720489,12.60926043608258,3.458668570928987,1.7812512926103885,0.9999540870097807,1.1467038282936364,0.8880038110457912,0.5610791006440714
pre2018,C/2005 B1,2005.0,90.21757431511926,False,0.05651221469950814,3.875256657359355,2.7121965649522326,3.204961070185487,1.0002201713092416,1.148328917839889,0.8901013437558098,0.5643929401610275
pre2018,C/2005 E2,2005.0,155.09339572040994,False,1.1801252129308595,117.52588861123178,0.3317228979502547,1.5195649296890423,1.0001615600162124,1.1489754547142825,0.8909352917830001,0.5657072413290911
pre2018,C/2005 EL173,2005.0,123.42957338006401,False,0.07856341001139937,4.892491798222254,2.8974718029041036,3.886382796744062,1.0034120373388362,1.1621562734296138,0.9078702013395828,0.5920196713185176
pre2018,C/2005 G1,2005.0,63.57535322414408,False,0.1288303560383669,7.101136560189523,2.5533618225607153,4.960674080293902,0.9997983515490552,1.146447765614821,0.8876731255883461,0.5605555874661268
pre2018,C/2005 J2,2005.0,28.969012918804207,True,0.3694614775199235,21.912196049728223,4.370723407665505,4.288803799716404,0.9992880158236533,1.1442873077524194,0.8848810887864245,0.5561236643405483
pre2018,C/2005 K1,2005.0,59.797185733709014,True,0.19171224228643072,12.246889055899219,3.7188499090059786,3.693090102508523,1.0032461544013718,1.1621738316784909,0.9078926773836392,0.5920541380604848
pre2018,C/2005 L2,2005.0,37.95953022447284,True,0.28831720188704113,19.81257179317993,3.670246460737777,3.1937410589185897,1.0000488037847153,1.1474103564075597,0.8889159828689611,0.5625216558921106
pre2018,C/2005 L3,2005.0,36.41956633587394,True,0.08342009375875235,4.330123496892861,2.61215834887802,5.594259064147738,1.0001362908852924,1.1475665783352225,0.8891176245697628,0.5628402429360294
pre2018,C/2005 N1,2005.0,106.32484576305302,False,0.06760894141272096,7.82627829272724,3.5717312543284145,1.1254815162349223,0.9985064485571012,1.124080993058625,0.8585913915036841,0.5132622782865922
pre2018,C/2005 Q1,2005.0,113.6995699132338,False,0.2339331397519811,11.345120430148674,1.7107239091920117,6.408198366732565,1.0038908731274585,1.1575480160333274,0.9019636955173196,0.582921518541708
pre2018,C/2005 R4,2005.0,152.65661754210024,False,0.07047932473175332,3.803874565079583,3.3185567954168915,5.188461382075212,0.9975738989064613,1.1390730107527995,0.8781277939081619,0.5453140482160036
pre2018,C/2005 S4,2005.0,86.61806337503195,False,0.0885248329107018,4.495798952150629,5.410643704723302,5.850133520190251,0.9989998958465915,1.1442020176480594,0.884770792803683,0.5559481491525702
pre2018,C/2005 X1,2005.0,77.44153112073545,False,0.15974900772531578,11.603391134926687,3.226004106470158,2.8622193033829495,0.9958256752545257,1.1217713871069526,0.8555653940760016,0.5081841519450748
pre2018,C/2005 YW,2005.0,62.18671800741064,False,0.32703276767539696,28.516242191362473,1.948879237721265,1.9930423273563056,0.9896047085588727,1.0535825045727545,0.7639746020322703,0.3315360935072932
pre2018,C/2006 A1,2006.0,21.869910440119156,True,0.1377396456040009,22.690878157614875,3.6111860683497357,0.5554386470581076,0.9997764455455392,1.1402008037153515,0.8795902292554761,0.5476659202008208
pre2018,C/2006 A2,2006.0,117.9266752340073,False,0.0891431068171619,4.750810997921949,4.013180859424728,5.3157256599945315,0.9987491510082667,1.1430912236306336,0.8833338237325382,0.5536584081341651
pre2018,C/2006 B1,2006.0,50.37611761288987,True,0.2487073101411986,17.647402859132683,2.6849928808275916,2.9976975601499927,0.9976690654631847,1.1336885925155764,0.8711319781804111,0.533975572621283
pre2018,C/2006 CK10,2006.0,111.55575232632607,False,0.11554913007377905,10.738245364386046,2.1652769408685377,1.7521873423127579,0.991962624813725,1.0652969926394888,0.780050499093044,0.36706643796868416
pre2018,C/2006 E1,2006.0,88.50655684929708,False,0.08118737219899397,4.055379123091209,5.7886742254120245,6.040852682574673,1.0015076795257516,1.1514340189103782,0.8941036844307672,0.5706841396607967
pre2018,C/2006 HW51,2006.0,19.13606879213449,True,0.3685567930464175,30.059739705504757,3.6497702570567387,2.2656213963941063,1.0022755070152904,1.16430147635331,0.9106146421220476,0.5962197708855147
pre2018,C/2006 K1,2006.0,145.27478823694364,False,0.0443871669900064,2.590296786412199,3.468374016401569,4.425551583660783,1.0016433588477034,1.153519372095344,0.8967876228002949,0.5748800128335606
pre2018,C/2006 K3,2006.0,155.47311254016606,False,0.04324123243978913,3.356505107927899,4.171346537039286,2.5014677689873284,1.0008822909864763,1.15320061531345,0.8963775754490333,0.5742401470775081
pre2018,C/2006 K4,2006.0,79.14439728303363,False,0.19548120456824858,13.448806208068746,2.952745902801246,3.1886094744563835,0.9978348908758491,1.1354033961267265,0.8733624508442482,0.537606695728748
pre2018,C/2006 L1,2006.0,97.32514172248489,False,0.08223621347620413,8.355117938507846,3.601773129096302,1.4620844009041516,0.9973760769270095,1.1158393666456676,0.8477727235319452,0.4949520981998995
pre2018,C/2006 L2,2006.0,35.798437532828444,True,0.2681749214153162,23.314620881431612,3.722695139495845,1.9939676759847176,1.0008980570108987,1.1548713423556447,0.8985259684632918,0.5775880060654023
pre2018,C/2006 M1,2006.0,119.53363428375665,False,0.035353238034337583,2.315631506179549,2.696815724102983,3.5562290234269915,0.9767232329922364,1.028371117548956,0.7288129074168873,0.2396398188222633
pre2018,C/2006 M4,2006.0,85.45191832998626,False,0.08862667086671887,12.295612319031767,3.160325962744029,0.7830422287406527,1.0001993862394705,1.1515205829135169,0.8942151595013661,0.5708587743301878
pre2018,C/2006 O2,2006.0,81.72926172539916,False,0.1641625985679764,16.183899128583718,3.391591856622022,1.5547703028742696,0.9962700472929457,1.1050959405706748,0.8335815115958081,0.4702309275473734
pre2018,C/2006 OF2,2006.0,132.45842183797708,False,0.04010525665354086,3.1574483882186413,4.000180925683663,2.4314929885305574,1.0007740228802249,1.1526120383634932,0.8956202373712949,0.5730572382726925
pre2018,C/2006 P1,2006.0,120.5760998452652,False,0.03622300345532408,10.761746891612296,4.22816509135834,0.17073770050678136,1.000048793481489,1.1520544300802158,0.8949025133923908,0.5719348714877674
pre2018,C/2006 Q1,2006.0,34.64659785829018,True,0.0924651077530823,6.828188581118958,4.141883530864763,2.763712131741521,0.9998189125328051,1.1460194144541394,0.8871198323306588,0.5596790023415985
pre2018,C/2006 S2,2006.0,79.46329463327308,False,0.24676898648089451,17.038788385592284,3.7274999133776134,3.1614892435310846,1.0020110243577196,1.158041228984198,0.9025965802260717,0.5839003128818396
pre2018,C/2006 S3,2006.0,42.781244868429376,True,0.06075538326860617,3.2930907471421524,3.8087983824302443,5.1296508757065755,1.0034681649026203,1.158722862798023,0.9034709576845366,0.5852510231747778
pre2018,C/2006 U6,2006.0,100.22315141831008,False,0.1429758045087877,11.108125979921509,2.814656552955422,2.4984280909582655,0.9988102694157278,1.1389240364617452,0.8779345416595035,0.5450027964942871
pre2018,C/2006 V1,2006.0,44.38276325820976,True,0.7065090121764561,53.19317692427649,1.8300318488739553,2.6747773174205114,0.9896343393699254,1.078403970442842,0.7978572692377086,0.4035284510702614
pre2018,C/2006 VZ13,2006.0,36.726206188005285,True,0.19866177855382722,24.20386303815664,2.550069459917175,1.0152910287615171,1.0002573935012324,1.1515014989710848,0.8941905841269092,0.5708202777485517
pre2018,C/2006 W3,2006.0,99.58341897335818,False,0.20107383241522536,13.964818371339536,4.103832890108947,3.1262532200287505,0.9999258546433387,1.146739265802858,0.8880495720074669,0.5611515223986798
pre2018,C/2006 WD4,2006.0,84.51532466966133,False,0.16568326041850645,26.460550242549292,3.4327849248626916,0.5912578610152577,0.9990032829175429,1.1177639439328324,0.8503042590536917,0.49927579724292503
pre2018,C/2006 X1,2006.0,117.25982699034115,False,0.01622484412597265,0.8048917659604191,6.2179475925280645,6.126161714853268,0.9998760979311655,1.146799371989076,0.8881271858259417,0.561274341967293
pre2018,C/2006 XA1,2006.0,70.51952783034939,False,0.03990574049307674,3.653293985437982,3.376372695782067,1.8043944775340737,0.9927614783314571,1.0759067588545206,0.7944787299590887,0.3968065537577695
pre2018,C/2006 YC,2006.0,76.26322462352671,False,0.16282092029841716,8.98659981027409,4.535817432491849,4.948070825967302,1.0000939719701063,1.1474741885096942,0.8889983756478685,0.5626518467509546
pre2018,C/2007 B2,2007.0,25.046423222285128,True,0.12208417558303461,8.700471054636157,3.082919153839887,2.974881233095359,0.99587220615089,1.123017813622338,0.8571989899210476,0.5109296400380146
pre2018,C/2007 D1,2007.0,63.137515131499356,False,0.220301061359142,9.124080874958658,1.9813043155611907,8.78771173587825,0.9944555726139095,1.1362390380284804,0.874448540594845,0.5393692973243518
pre2018,C/2007 D3,2007.0,110.56633604438187,False,0.06419865604999937,3.4591026619252117,3.024106656141256,5.208853565868563,0.9920012472136086,1.1204123852756218,0.853782766098951,0.5051771970658285
pre2018,C/2007 E2,2007.0,38.0792774078448,True,0.1816217075288967,21.333983474264908,3.907933798190372,1.0929395112227058,0.9991162047207641,1.1331475638952115,0.8704277684967434,0.5328259461756073
pre2018,C/2007 F1,2007.0,133.99448945263936,False,0.016602387956628138,3.2132459747258033,3.591637800877541,0.40239339001099667,1.000100604221317,1.1514414592821363,0.8941132661818317,0.5706991514888153
pre2018,C/2007 G1,2007.0,71.11087269013049,False,0.36062108927569975,27.214193787538893,2.582834190231354,2.6471623955315846,1.0016956138508777,1.158116905067273,0.9026936714141551,0.5840503858049213
pre2018,C/2007 JA21,2007.0,73.71935376140553,False,0.11982850498609406,6.349189029380759,4.125694757482364,5.369035201219503,1.0017105188480238,1.1526164441274362,0.8956259073304785,0.5730660997033882
pre2018,C/2007 K1,2007.0,59.67719275464468,True,0.047798004232760254,1.9410653302006065,7.738424866547626,9.239171911947059,0.9785480249919748,1.1064738016490856,0.8354073092476195,0.4734599889030314
pre2018,C/2007 K3,2007.0,71.28473926698865,False,0.43907721238190506,37.65444677671869,3.2367354210087775,2.0507367534455194,1.0011580582072712,1.1568236053028491,0.9010338242232917,0.58148167739161
pre2018,C/2007 K4,2007.0,36.10904819230736,True,0.38518554725493126,25.181761995470712,4.254615306573811,3.5277435363367133,1.0028432500065128,1.1609330784798262,0.9063038736081922,0.5896148743586145
pre2018,C/2007 K6,2007.0,95.10225162388902,False,0.275284777645283,18.320954355524357,3.5288629896727564,3.43297777517549,0.9846202425207826,1.067278663977317,0.7827546519758117,0.3727785320233517
pre2018,C/2007 M1,2007.0,64.48467284710708,False,0.04063388585602021,1.8269727198274075,3.847888718962853,7.475237805300144,0.995229963985771,1.136114262277245,0.8742864036220263,0.5391063942359127
pre2018,C/2007 M2,2007.0,59.558387386644426,True,0.18453448720404417,12.045002040824963,1.6456564729256842,3.541013407865628,0.9992472457196133,1.1434836546585836,0.8838415961471368,0.5544681738635945
pre2018,C/2007 M3,2007.0,58.43582982670465,True,0.33545256213666186,22.232972593774832,3.173594022144269,3.4687658970907447,0.9799379474367658,1.0428896205724985,0.7491594351714577,0.2958020420046628
pre2018,C/2007 N3,2007.0,17.130242078525235,True,0.16729456404295137,18.652868769014205,2.957992489420994,1.2122904023615113,1.0000540661092812,1.1479145980359655,0.8895667614027853,0.5635494758584653
pre2018,C/2007 O1,2007.0,62.68870985925815,False,0.5923640826489267,42.877415834877844,3.370682731784566,2.876557153676291,1.0052160439340736,1.1779360053558998,0.9279840145834313,0.6224253530103774
pre2018,C/2007 Q1,2007.0,109.58846491858712,False,0.11775188171408754,8.365521025799351,2.280241480064611,2.989435047322436,1.0011612483041197,1.153812235436225,0.8971642955729495,0.5754674291379291
pre2018,C/2007 Q3,2007.0,63.98223314349396,False,0.057255676038395376,4.684151011821295,3.881892921137587,2.2517167297428715,1.0003252269315883,1.1496300808011506,0.8917793568430635,0.567035633835422
pre2018,C/2007 T1,2007.0,71.30179370505698,False,0.19770227905486376,24.665372030535526,4.1377030039228275,0.9685206838947934,0.9997800412435848,1.1432328680568755,0.8835171131416284,0.5539507901987575
pre2018,C/2007 U1,2007.0,159.92833480501312,False,0.13448453812310163,9.049466360942503,2.0902868635740943,3.3292356643089946,1.0013453569664177,1.1540799947252216,0.8975086254925546,0.5760040985802493
pre2018,C/2007 VO53,2007.0,89.27024264083589,False,0.05889950178325511,3.2861080449532896,2.5791227413036335,4.842688369843699,0.9997281674540167,1.146181149915667,0.8873287592716513,0.5600101032823239
pre2018,C/2007 W1,2007.0,70.04469751996875,False,0.10848182558659193,14.445934853628849,1.446901675406675,0.8497271066945777,1.0004422639958148,1.156068721490342,0.9000644351472185,0.579978427326907
pre2018,C/2007 W3,2007.0,52.655526469978525,True,0.1669158840898243,15.373365595992519,3.6444477451894515,1.7766382296336694,1.0001477076930994,1.1485771391027995,0.8904215535790556,0.5648978065330487
pre2018,C/2007 Y1,2007.0,80.83791813507213,False,0.029544332830642415,1.9843719935346156,4.271876178142845,3.340903089071629,1.000735554898821,1.1509296581555033,0.8934540708007945,0.5696658365903838
pre2018,C/2007 Y2,2007.0,111.1488124262482,False,0.18517851788478445,11.095889595900442,2.367732585274552,4.208968731351997,0.9962753304275195,1.1318177261952143,0.8686958408662222,0.5299919364348702
pre2018,C/2008 A1,2008.0,66.48787570665222,False,0.1508812505201771,17.879501796345757,3.074131984935198,1.0731456159599653,1.0005268406084535,1.1555641212526122,0.8994162200754939,0.5789719558688488
pre2018,C/2008 C1,2008.0,86.08500684426781,False,0.05824408775368876,6.363882909884859,4.238807800812174,1.2623739565028724,1.0001220960068908,1.1488105069777643,0.8907225603694314,0.56537215026811
pre2018,C/2008 E3,2008.0,75.2273484483439,False,0.03732493380983184,1.9486833994271093,2.208315648930606,5.531332565474106,0.9981964075258818,1.1415229262054163,0.8813034038633596,0.5504131888035159
pre2018,C/2008 FK75,2008.0,71.31860072846719,False,0.10246547748441244,5.922725488423422,4.242957247374761,4.510970311141803,1.0024406917693542,1.1564200469971528,0.9005156432319565,0.5806784070836242
pre2018,C/2008 G1,2008.0,52.18904141034019,True,0.2264312773077578,13.969574876662536,4.0974648193097805,3.9896795232853313,0.989139781932076,1.0993106609392882,0.8258964994860689,0.4564690751968342
pre2018,C/2008 J1,2008.0,90.1632101019711,False,0.3372079382437217,31.6185421861278,2.3810692875637827,1.7243332785017074,0.9896459692925236,1.038697683722524,0.7433128391055169,0.2806652196600335
pre2018,C/2008 J6,2008.0,90.21417715637604,False,0.31249371010942933,27.102348999178478,3.808815528724879,2.003534419057049,1.0023417145162634,1.167085816296866,0.9141719757298895,0.6016389199159248
pre2018,C/2008 L3,2008.0,63.74857127294402,False,0.16863152792943686,14.629362434262472,2.6562357561658487,2.010792861369324,0.991794357335149,1.0746365634416841,0.7927577448970904,0.3933495021504807
pre2018,C/2008 N1,2008.0,53.69053751513096,True,0.14553631515859042,10.717303573913483,2.433006088959547,2.7835373223361675,0.9971761001115655,1.129555833386262,0.8657467755328347,0.5251442355136458
pre2018,C/2008 P1,2008.0,141.10799046447747,False,0.1932899501405228,12.023273223995833,3.8795667096378494,3.8961756175009548,1.0014202283884035,1.1534027354099599,0.8966375904788654,0.5746459409127121
pre2018,C/2008 Q1,2008.0,52.995756854701156,True,0.1747351208921783,12.48610107899868,3.4711510831893353,2.9592512716321924,0.9950650049983513,1.118083662097784,0.8507244995053097,0.4999911627281731
pre2018,C/2008 Q3,2008.0,32.34811325078505,True,0.16088073471046263,14.729785871459159,3.8895275554684203,1.798234189618488,0.9998037620090571,1.1452681111202947,0.8861490534653949,0.5581389913859505
pre2018,C/2008 S3,2008.0,150.26427507406024,False,0.03338445858759808,1.4474192906883112,6.635053222518886,8.018009480044746,1.0011232244266026,1.1495554331159263,0.8916831233206742,0.5668842749297456
pre2018,C/2008 T2,2008.0,73.49143213893655,False,0.046988342823156046,5.260972751122726,3.9522670860001035,1.2022287170421146,1.00012542029929,1.148941150264367,0.8908910513521695,0.5656375642821866
pre2018,C/2009 F2,2009.0,35.42529872682035,True,0.07819462799607142,3.9769084507206087,5.217204808243181,5.874641602352843,0.982832939873,1.0957108174858423,0.8210988333715136,0.4477301451899028
pre2018,C/2009 F4,2009.0,97.18716173829473,False,0.09483074864166537,4.984728557290796,5.178794563305931,5.454972715502532,1.001183384921668,1.1508742674076042,0.8933827164152871,0.5695539190781396
pre2018,C/2009 F6,2009.0,98.17420576554792,False,0.6156702874282294,66.98796435661967,2.2406417580766576,1.2741746950398716,0.9975614668301711,1.1137292810040185,0.8449934970011874,0.49017649752105263
pre2018,C/2009 G1,2009.0,87.10696673829524,False,0.1714590837601271,19.82390446637144,3.921736696238555,1.1288079011024619,0.9979181561811205,1.1149608908886794,0.8466161390027038,0.49296843262784723
pre2018,C/2009 K2,2009.0,71.42629689262796,False,0.12381248407831717,8.442971633606339,3.3494478706406485,3.246072883979672,0.9978339488434401,1.1356073059751552,0.8736275247453674,0.5380372112971632
pre2018,C/2009 K5,2009.0,50.791770847888856,True,0.17323129075881494,17.83115248419021,3.0872241828234532,1.422441789593772,1.0008827508686369,1.157776792536932,0.902257280350607,0.5833756840093566
pre2018,C/2009 O2,2009.0,64.23277966843463,False,1.364749433365645,200.90511040294132,1.7273616242104384,0.6955105349922893,0.9974788198544273,1.0829776428018232,0.8040284033646827,0.4155967542761514
pre2018,C/2009 O4,2009.0,129.77578365187654,False,0.2145332686746399,16.44912320448558,3.757023497074229,2.563785121776032,1.0012365912218648,1.1554171930949344,0.8992274399215943,0.5786786478311216
pre2018,C/2009 P1,2009.0,61.62357689537781,False,0.23166417083608193,22.84169754489498,2.3646325516094446,1.5506925929652555,1.0009945598888559,1.1581309628467489,0.9027117068659879,0.5840782605615589
pre2018,C/2009 P2,2009.0,123.39306032902853,False,0.02256571277775119,1.0829571150785002,4.264513643734504,6.543942121668977,1.0019243396645017,1.1521963574603593,0.8950852164757765,0.5722207034887836
pre2018,C/2009 R1,2009.0,77.64794979697453,False,0.40144841745324006,77.43745052192365,3.1375010216385095,0.4050180581381299,1.0004941697973153,1.1679535859355958,0.9152795624880875,0.603320533593956
pre2018,C/2009 S3,2009.0,122.22209041934916,False,0.059603813144337145,2.877658882532894,4.505894853642733,6.474568879955494,1.0014568229885938,1.1510126722881548,0.8935610054028134,0.5698335363281083
pre2018,C/2009 T1,2009.0,114.72532089079424,False,0.005536348795872765,0.2729034144745161,4.346285581362542,6.220736983320619,0.9980745280552277,1.1418089625098342,0.8816738657101908,0.5510061653230953
pre2018,C/2009 T3,2009.0,150.68613474326483,False,0.1769045698755872,14.384408042162805,3.702050438018181,2.2811566757678143,0.9996151667655468,1.1442408872388707,0.8848210591061707,0.5560281426200264
pre2018,C/2009 U3,2009.0,82.5286662781945,False,0.10856746731523312,11.231651071039927,3.645805729904213,1.4144276231905653,0.991620412939864,1.0402224063085157,0.7454419851301953,0.2862564269017505
pre2018,C/2009 U5,2009.0,69.49907859888381,False,0.08074020776243461,4.015384638859704,3.849148347251492,6.0943153604781,0.9997038892742672,1.1463110726480086,0.8874965768294524,0.5602759700644913
pre2018,C/2009 UG89,2009.0,57.82134100274866,True,0.26754655337685984,16.568200577471295,1.975032983224717,3.9311899025966293,1.0081101924472722,1.1821136629080657,0.9332812066266478,0.6302958030878855
pre2018,C/2009 W2,2009.0,129.78130379311384,False,0.06404782059820756,2.9942155672877777,2.9541231713287455,6.9071387456663444,0.9996006569910671,1.146152158310404,0.8872913098910441,0.5599507633318092
pre2018,C/2009 Y1,2009.0,111.24433866778503,False,0.12287987539128731,9.517850383245575,1.4851733772306857,2.520525088295053,0.9932472612862392,1.100082099510048,0.8269230461602839,0.4583238080426477
pre2018,C/2010 A4,2010.0,109.10763278127504,False,0.1712274030019837,12.735257576402823,2.8327898807856977,2.737993200958746,0.9903720215136613,1.0849534163063852,0.806687680681603,0.42071843661904657
pre2018,C/2010 B1,2010.0,125.69484834474089,False,0.09427502782301443,6.751757010954948,3.427704560522801,2.94151382211882,0.9989995404590323,1.1412799671131362,0.8809886843440888,0.5499091294841717
pre2018,C/2010 D3,2010.0,68.83496989319987,False,0.0649854160816594,3.871092473704495,3.415202820651311,4.247340155903896,0.9997238108209918,1.1460279729003924,0.8871308884706643,0.5596965267235996
pre2018,C/2010 FB87,2010.0,85.55105425126182,False,0.2376334628469168,17.356221822984033,3.0283902947351495,2.842783685738816,0.9905539337827471,1.0884702432945472,0.8114114672262517,0.4297063624080628
pre2018,C/2010 G1,2010.0,105.32961011812128,False,0.09788916110989103,10.958267519945284,3.9594210671485404,1.204583166783898,0.9976168948280957,1.1125846188015054,0.8434842219047485,0.4875701194187046
pre2018,C/2010 G3,2010.0,62.958323519566065,False,0.036984132427314506,2.0511301273276357,2.751492310601756,4.907771683124247,0.9985492995806595,1.1420497931271216,0.8819857303779176,0.5515050474274734
pre2018,C/2010 H1,2010.0,41.701627428378025,True,0.08575460692901557,6.353684252561015,3.6454755077904415,2.74546329396487,0.9996779444321234,1.1451271772759435,0.8859669016078072,0.5578497463405795
pre2018,C/2010 J2,2010.0,93.9533954442911,False,0.2838459056600347,18.943994727960003,2.3052619087650914,3.387115678106223,0.9994093942042659,1.1441431145902399,0.8846946169570733,0.555826910126285
pre2018,C/2010 L3,2010.0,46.82114279772641,True,0.05097034532748156,1.9912849120318599,2.7168936135331547,9.882666182419213,1.0006580969338854,1.1482927161765684,0.8900546391276934,0.5643192796462295
pre2018,C/2010 M1,2010.0,37.40768224312151,True,0.07823896053485374,3.409016394041536,5.678415718264708,7.968949490779198,0.9939522867575633,1.1340135354353844,0.8715548159233748,0.5346651156630087
pre2018,C/2010 R1,2010.0,14.92661373132806,True,0.062197595604796,3.2206721306329813,3.230571239656918,5.62143422574707,1.0036797011835876,1.1583562474345657,0.903000716821009,0.5845248355091227
pre2018,C/2010 S1,2010.0,91.59344028655977,False,0.11183769133517438,5.65257992971931,3.4825146109047944,5.899939236879265,1.0016301946666857,1.1518921033044613,0.8946935320341506,0.5716078244841076
pre2018,C/2010 U3,2010.0,76.13618537510833,False,0.009546446843510414,0.4031423728059482,7.612789287070958,8.452833980611766,1.0034241960115684,1.1540969373414605,0.897530411400921,0.5760380440016243
pre2018,C/2010 X1,2010.0,93.11999533120981,False,0.4127600846663192,72.9521981345951,2.64685438690063,0.482447552232599,1.0000558480672708,1.149137620164845,0.8911444151688834,0.5660365336569735
pre2018,C/2011 A3,2011.0,53.23049664868254,True,0.11392196307000786,9.137595644651977,2.668636214482512,2.344936793648373,0.9975785115167367,1.1292387003010673,0.8653329653180973,0.5244617522888798
pre2018,C/2011 C1,2011.0,60.43677128796833,False,0.5182187086804523,67.72791841397196,1.1907487169850826,0.8834112627842589,0.9975061334097857,1.097497076410435,0.8234809841994045,0.4520839745951307
pre2018,C/2011 C3,2011.0,33.36554515987261,True,0.04988740899137255,4.978646072827007,3.9557617478117324,1.5168864163568436,0.9952187969693745,1.0915639599136757,0.8155568509864853,0.4374836750539418
pre2018,C/2011 F1,2011.0,62.271407416164685,False,0.072368456482681,6.586907820690831,3.712250505841437,1.8191509059244568,1.000190853045281,1.1489512882728665,0.8909041258364714,0.5656581566460065
pre2018,C/2011 G1,2011.0,57.71286135809076,True,0.2150657758878714,17.987532697477715,1.6106279220267465,2.155158215210667,1.001086333839966,1.1557884029527596,0.8997043575578915,0.5794194678782971
pre2018,C/2011 K1,2011.0,42.805562909973894,True,0.07125383199525769,4.752798386452829,4.102692843466783,3.3767195079513987,1.0072945378467153,1.1837357246372497,0.9353348942443248,0.6333327349338206
pre2018,C/2011 L2,2011.0,90.37364510442859,False,0.23779766011255332,20.940434199408795,3.8197020131396,1.943457776220273,1.0017931031315799,1.162915062647405,0.9088413181302805,0.5935078182201954
pre2018,C/2011 L3,2011.0,88.49008346710957,False,0.1102118516137484,9.75636572991996,4.087495044337513,1.9238347935455944,1.0000383289386756,1.1474902133574183,0.889019059615496,0.5626845271618295
pre2018,C/2011 L4,2011.0,149.99876944522464,False,0.11092928820689472,24.798138771865187,3.8602136371882985,0.3015656060602532,1.000047548166846,1.149857320356704,0.8920722817050573,0.567496206625364
pre2018,C/2011 L6,2011.0,33.21114274226607,True,0.09060005595955936,4.26994991244331,3.0064572384068673,6.78750422978242,1.003978468921944,1.157189428211239,0.9015034505604634,0.582209120608852
pre2018,C/2011 M1,2011.0,84.8503751292047,False,0.2556411890333438,33.14374865216464,2.965238213634359,0.8958575346003156,1.0029939299480437,1.2032800930463636,0.9599500408512066,0.6691510066329902
pre2018,C/2011 N2,2011.0,58.918107429356596,True,0.07440965123528182,5.705511025548318,3.2382455747915304,2.5633263883264292,0.9996500602935132,1.1447959409168749,0.88553873147837,0.5571694838162187
pre2018,C/2011 O1,2011.0,89.32984941517338,False,0.05148487643715899,3.2075150149260714,4.193976786811682,3.890684114565102,0.9967096705383749,1.1325019116526993,0.869587073561691,0.5314514721527233
pre2018,C/2011 Q1,2011.0,96.72685708889281,False,0.058040138800242454,2.738082306041685,6.315696044244072,6.780227300432644,0.9978607101344119,1.1417053326263067,0.881539656031374,0.5507913887340867
pre2018,C/2011 Q2,2011.0,96.75664285115558,False,0.33323468809752166,35.213235962939,1.8140824945053045,1.3495540988255852,1.0001133660325399,1.1485919826459523,0.8904407005562623,0.5649279865211478
pre2018,C/2011 R1,2011.0,66.1475520066479,False,0.10142491839870792,8.634276406994434,2.0365718688768717,2.079605506644348,1.00065135963395,1.1525243641774836,0.8955074028902723,0.5728808753824755
pre2018,C/2011 U3,2011.0,90.20523048849947,False,0.16870837547593195,20.005756741910638,2.3410368391979004,1.071737519559873,1.0003906671125338,1.1534027174923385,0.8966375674302738,0.5746459049492909
pre2018,C/2011 UF305,2011.0,79.14358247157666,False,0.2884435226004044,24.2241155983311,3.2512339253090223,2.1382264138309943,1.0006758534616902,1.1525734876616949,0.8955706242777344,0.5729796958155862
pre2018,C/2012 A1,2012.0,123.39919361383464,False,0.054746823146853196,2.437857221657773,5.573129422793974,7.602900805254333,1.002098518119346,1.1518871068149616,0.8946870991889344,0.5715977555963819
pre2018,C/2012 A2,2012.0,102.68237900272857,False,0.21004750193995203,13.721931613241715,2.210161785340403,3.537519114272371,0.9964648198672384,1.1298207551255033,0.8660923953718391,0.5257138252591812
pre2018,C/2012 B3,2012.0,38.3592428018173,True,0.038140384880526956,2.489936873202047,3.1333100007751726,3.5365339909243816,1.0011183409326903,1.1525759503598376,0.8955737936967844,0.5729846496234966
pre2018,C/2012 C1,2012.0,108.37018809537668,False,0.09147257934878457,5.110972216992407,5.330506033873261,4.837984701022509,0.9965512940977754,1.1348151759948115,0.8725976061603097,0.5363632826959855
pre2018,C/2012 CH17,2012.0,51.58272934561648,True,0.08504090680182712,9.170263023941319,3.7728768775172354,1.2961271409275856,1.0000365077959905,1.1476320122112171,0.8892020771796111,0.5629736430848657
pre2018,C/2012 E1,2012.0,44.43420898131504,True,0.04577010763632461,2.0547537994832066,5.2360720993109995,7.5027996701550785,0.9979140134459922,1.142353341848375,0.8823787487472244,0.552133357974709
pre2018,C/2012 E3,2012.0,57.82978120162476,True,0.07497522128684733,4.727352474656707,3.6558031677276723,3.8273454347209386,0.9828498657296413,1.067261230243908,0.7827308810761892,0.3727286156683145
pre2018,C/2012 F3,2012.0,53.80474459681746,True,0.08920638075686634,5.890043058289521,3.732982900902822,3.4569892096374124,1.001710847573303,1.1556318337682239,0.8995032150176426,0.5791070907654181
pre2018,C/2012 F6,2012.0,111.18096914607376,False,0.137605108804105,19.762072551967396,3.531334521572199,0.7312720254027998,0.9985365744522546,1.112179315495937,0.8429495408537683,0.48664454910467203
pre2018,C/2012 J1,2012.0,148.652817897527,False,0.2152963921479041,14.874081517203525,2.7231241721241903,3.1587874710574844,1.0021056158272166,1.1585608175474265,0.9032631214461979,0.5849301285730114
pre2018,C/2012 K1,2012.0,97.890235644957,False,0.19584307597978837,23.411482555794485,3.8075701571850407,1.0545973076163186,1.0002697331590205,1.1515401007517274,0.894240293348419,0.5708981441514566
pre2018,C/2012 K5,2012.0,97.88901015260508,False,0.1948198943465451,22.394314406543828,4.375616847574523,1.1418233186292355,0.9985595254076066,1.1252301988579716,0.8600954011215953,0.515774260484399
pre2018,C/2012 K6,2012.0,28.85843644304194,True,0.09721912548861189,6.52240008302958,2.9542073563639697,3.353098045816742,0.9993509342169944,1.1438117583517733,0.8842660443284831,0.5551445090245005
pre2018,C/2012 K8,2012.0,64.36647348718667,False,0.06796288040479585,3.2820832379422833,6.3333352891719805,6.463033011857099,1.0020910388894777,1.152701190539819,0.8957349682135245,0.5732365323565785
pre2018,C/2012 L1,2012.0,106.4198978461858,False,0.3384444060393698,27.6534348349562,3.432109636623265,2.262419079499146,0.9970393105575976,1.1244039592211394,0.85901418039561,0.5139692119849714
pre2018,C/2012 L2,2012.0,117.63066785346042,False,0.17417170698276208,17.425031656309244,3.8266661557790225,1.508606223794739,0.9974019064145941,1.1171205202659853,0.8494582717284663,0.49783365108801536
pre2018,C/2012 L3,2012.0,78.01966890623221,False,0.11221656688577411,7.914004500367618,3.319501313991381,3.0450099707833975,0.9910190738484174,1.095221415517127,0.8204456396470804,0.44653111466460826
pre2018,C/2012 LP26,2012.0,84.74944674056223,False,0.07859836003172464,3.7743883293436093,4.771076667106116,6.536133841177692,0.9992521290886811,1.1451768831991702,0.8860311464177396,0.5579517731579
pre2018,C/2012 OP,2012.0,60.29118188547147,False,0.025913373672214135,1.677039477232084,4.356926802921322,3.607080067929556,0.9965861272003257,1.1307446360307085,0.8672972561473875,0.527696427189438
pre2018,C/2012 S3,2012.0,86.73045205006895,False,0.011786285703089266,0.9524204051570151,3.66589446115789,2.3080765645878,1.0007547163964463,1.1527602849587524,0.895811014213797,0.573355353977324
pre2018,C/2012 S4,2012.0,139.6545494462325,False,0.08471123304857416,4.988173763655886,4.4440702985236555,4.348728109455706,1.0000126338073239,1.147197430745902,0.8886411220051467,0.5620872107300404
pre2018,C/2012 T4,2012.0,105.34126075029742,False,0.11979809583284899,10.537349481873711,3.0480333942643036,1.9560008844025671,0.9912604584326974,1.0674994461623142,0.7830556596854499,0.37341016980409875
pre2018,C/2012 T5,2012.0,52.037133714743476,True,0.42928257007184234,92.74871824105931,1.735766740606441,0.3228348877035891,1.0004357415566472,1.170142152315099,0.9180706700647722,0.6075464953243419
pre2018,C/2012 U1,2012.0,102.35652527363291,False,0.08497058127574482,4.554252685382213,3.8422630587415316,5.263820956856908,0.9995841277349831,1.145787166282871,0.886819783849627,0.5592032884155904
pre2018,C/2012 V1,2012.0,100.47961446902731,False,0.2544802872968064,21.611938304887424,2.362560625306157,2.089625218925379,0.9996636195360995,1.1443741336164202,0.8849933651157503,0.5563022964599468
pre2018,C/2012 V2,2012.0,118.09956945450824,False,0.14517970564247126,14.78865494965058,1.616881637798009,1.4549422865878996,0.9977280665085896,1.1199556191589646,0.8531832672376475,0.5041633428185928
pre2018,C/2012 X1,2012.0,41.705523591541755,True,0.04971086970316025,4.839336107328371,2.9328309303259537,1.598986998390421,0.9898550142357893,1.032216634333171,0.7342290370195574,0.25563893981625224
pre2018,C/2013 A1,2013.0,85.15314699912993,False,0.07281429193936662,7.558011058904431,3.70482342904916,1.3987645555022121,1.0005355064689008,1.1537162858115055,0.8970408946950319,0.5752750259684268
pre2018,C/2013 B2,2013.0,76.55509920811615,False,0.20877564819426725,13.26408546602381,3.7920846291620056,3.7341362568328957,1.002463980416801,1.1584460278679118,0.9031158829804238,0.5847027337367436
pre2018,C/2013 E1,2013.0,43.93917349950356,True,0.048682556340887376,2.1425999041600976,3.148575584792666,7.781640475928676,1.00261136270892,1.152907376953365,0.8960002893091366,0.573651032588426
pre2018,C/2013 E2,2013.0,62.04740964535114,False,0.09250159135948537,9.566673319751803,3.1194333148488695,1.4133232393586765,0.9940417795778977,1.0721548541794406,0.7893903533418082,0.38651794097663256
pre2018,C/2013 F1,2013.0,75.26395732898096,False,0.722838380983054,65.08143497381322,2.370879652449406,1.859992154150706,1.0027619094330669,1.1724201064994184,0.9209723148567907,0.6119223753715713
pre2018,C/2013 F2,2013.0,77.60646128716832,False,0.09603422764904934,4.733728668168776,3.5253989802354906,6.217916479433152,0.9992611438679492,1.1451009357286908,0.8859329837043491,0.5577958769684492
pre2018,C/2013 F3,2013.0,51.783241562550586,True,0.046467433840415115,3.804212471423963,4.04827631264424,2.252607435598865,0.9970053298528221,1.1240390125989796,0.8585364293104032,0.5131703315671782
pre2018,C/2013 G2,2013.0,95.04313763996403,False,0.09021109768470092,7.546638507304107,2.9523326244966777,2.154109881141483,1.0002027205473678,1.1487656494087748,0.8906647045157517,0.5652809961584081
pre2018,C/2013 G3,2013.0,62.41031930329907,False,0.13814894804454503,8.641119075115673,3.5772089206412536,3.8522169003168103,1.000560156998657,1.1496468471222807,0.8918009709048134,0.5670696257554965
pre2018,C/2013 G5,2013.0,96.87416791776148,False,0.09907373915812955,12.620397647089623,3.5262265094933616,0.9289192343918644,0.9997483840405726,1.1424770243770723,0.8825388659079308,0.5523892093313985
pre2018,C/2013 G6,2013.0,43.39936848531621,True,0.08522877315228046,7.321888538891878,1.4440437439370266,2.048513530251559,0.9946630552320044,1.1014059415698383,0.8286833814756451,0.4614922918983811
pre2018,C/2013 G7,2013.0,49.91200436709266,True,0.08054313478036078,4.575762360088366,4.696758106269466,4.677473786044289,0.9977412780510759,1.1388078766949234,0.8777838450501169,0.5447600089752169
pre2018,C/2013 G8,2013.0,97.74855694905216,False,0.03329736835390474,1.8029262387581508,4.566404176146475,5.141084754336365,0.9979088771317963,1.1401269708571529,0.8794945186210513,0.5475121889348086
pre2018,C/2013 G9,2013.0,32.962482458783114,True,0.16627592707661665,8.836154812571353,2.841888721853921,5.337591573200944,1.0010618672649938,1.150565574034155,0.8929850159779346,0.5689298968316069
pre2018,C/2013 H1,2013.0,11.768446291323633,True,0.05861114291155814,4.440152860031699,3.9488568494895127,2.646943443985208,0.9854378943409156,1.0482163612149882,0.7565570953519359,0.31406627847489305
pre2018,C/2013 H2,2013.0,26.993054570853715,True,0.07336425953335882,3.289619708991792,5.501157264694165,7.498728852540429,1.00127663037361,1.1500731739939214,0.8923504940039089,0.567933440551559
pre2018,C/2013 J3,2013.0,47.23792840795718,True,0.09394920978678642,5.781824130029861,3.558274011222713,3.9886673848999084,0.997887005772171,1.1379954238521781,0.8767295382939178,0.5430595474391153
pre2018,C/2013 J5,2013.0,27.9154798361184,True,0.06755758946623923,3.7444729730486195,5.1757328450910975,4.906004762635467,1.002667781762886,1.156466507551931,0.9005753059561026,0.5807709276863285
pre2018,C/2013 L2,2013.0,71.3464995369922,False,0.05442553314379083,3.0272537833332036,4.051936476400539,4.87223035120912,1.0008580270558778,1.150173736420215,0.8924800964500025,0.5681370532777426
pre2018,C/2013 O3,2013.0,74.99670237120652,False,0.020186643504272468,1.3914660539133323,3.5826195557007448,3.1800660937490695,0.996248609516647,1.1266659759613973,0.8619729230072227,0.5188991315711816
pre2018,C/2013 P2,2013.0,47.05775785952585,True,0.2186614305321479,15.95739157179731,2.84313630993191,2.8349637956902236,0.9988313410600101,1.1400320346910164,0.8793714452552498,0.5473144685443804
pre2018,C/2013 P3,2013.0,140.41645406724055,False,0.027861639869200823,1.163341812657285,7.263233339550611,8.645931164418128,1.0011918600518326,1.1495170453492423,0.8916336333702424,0.5668064263086036
pre2018,C/2013 R1,2013.0,83.11210366029113,False,0.19784654438002716,26.970740620068103,3.523778174354067,0.8118595356649653,0.9984764812642478,1.1143890143426964,0.8458628576171519,0.49167363427782546
pre2018,C/2013 S1,2013.0,152.51503244278277,False,0.1554066998079506,11.353498634855153,3.879281675755414,2.8243100196644475,1.000362913378736,1.149356378129506,0.8914264874657604,0.5664805127303623
pre2018,C/2013 TW5,2013.0,67.52230478202287,False,0.09820158245067742,5.010479829598848,2.4587620662808662,5.831291142588819,0.9829441173893976,1.0956629234413566,0.8210349203369051,0.4476129233616236
pre2018,C/2013 U2,2013.0,84.31372512064908,False,0.2259396475942862,12.297376495573712,1.5988993826514253,5.117485859478289,0.9950651166356482,1.1304324427335506,0.866890192696347,0.5270271292265898
pre2018,C/2013 US10,2013.0,25.433866029752032,True,0.20706946968334844,28.020977042358982,3.1944225134628303,0.8229953267413865,1.0003745829197526,1.1549526795508993,0.8986305083906122,0.577750620387448
pre2018,C/2013 V1,2013.0,99.45231142839998,False,0.23166528173678255,22.068197054013137,2.086013912189361,1.6608582126049052,1.00133520126121,1.1608982905732153,0.906259311491132,0.5895463751157254
pre2018,C/2013 V2,2013.0,65.98224268326686,False,0.5298427687420948,34.75254810375776,2.507240266430671,3.50795016708406,1.0044862617565404,1.1689463523914103,0.9165460563320049,0.6052401689622572
pre2018,C/2013 V4,2013.0,117.76718744717573,False,0.11987756933922891,6.463263428389814,4.266263760023299,5.185511840636372,1.0024323148966787,1.1551904562623705,0.898936087187644,0.5782258015653938
pre2018,C/2013 V5,2013.0,109.47376257479206,False,0.5306741746068717,82.37195920599167,1.3368065730638534,0.6254987220353967,0.9987021843715088,1.1108714973559486,0.8412232653977271,0.48364818928031317
pre2018,C/2013 X1,2013.0,110.17550295599318,False,0.20743271622482456,22.2141552209796,2.9036421641203884,1.3142968353963886,1.0010542829072016,1.160868406807049,0.9062210307266676,0.5894875276704458
pre2018,C/2013 Y2,2013.0,40.06900214497576,True,0.5188103460940258,46.0701452005759,1.144052396366604,1.9190504206473942,0.9912017730520347,1.0653410005645176,0.7801105986284093,0.3671941378073536
pre2018,C/2014 A4,2014.0,169.47267001412104,False,0.030164319210671132,1.8114211860286977,4.124939179442789,4.1802133296041815,1.0009120923135104,1.1508958070376882,0.8934104640452223,0.5695974420704594
pre2018,C/2014 AA52,2014.0,125.27409947881657,False,0.07631717560659168,6.620476978992868,3.643764811999812,2.0026555302657827,1.0004586040816237,1.151081114245076,0.8936491650419941,0.5699717702903926
pre2018,C/2014 B1,2014.0,67.66261729786515,False,0.03687229079069551,1.4644449291785033,7.252093473662054,9.556777978265481,1.0031779424830185,1.1528552049762095,0.895933157244058,0.5735461716348708
pre2018,C/2014 C2,2014.0,30.440723054671686,True,0.09058622175800046,15.538843605390769,3.969006179242628,0.512326360997729,0.9998172640015465,1.1409934860703361,0.880617529841137,0.5493143204133829
pre2018,C/2014 E2,2014.0,143.00546893883362,False,0.1626424925189496,24.50790121647848,3.0002121690769386,0.6639944741956926,0.9991546586797867,1.1250274166151408,0.8598300917880842,0.5153317140367126
pre2018,C/2014 F1,2014.0,23.47036740076294,True,0.04559856208553999,2.9955529668088756,2.7652181034237615,3.496318760828363,0.9989771732559624,1.1421024835899707,0.8820539561902927,0.5516141499079384
pre2018,C/2014 F2,2014.0,52.10763703340262,True,0.12658346644054222,7.537505438581228,3.815465811246296,4.314440329154013,0.9708153259891393,1.0241575902669366,0.7228553578067648,0.22085936035780046
pre2018,C/2014 G1,2014.0,45.83633306895806,True,0.037797868160779034,1.9886871352036342,4.326978950820035,5.4687033423815326,0.9948658623498451,1.1308775602681587,0.867470549890099,0.5279811963264806
pre2018,C/2014 H1,2014.0,3.5442340194747795,True,0.07393831594154537,6.232807105082647,4.1819415037508305,2.1388879458455,0.9847726171969202,1.0172947432810715,0.7130986560889515,0.18646362128731556
pre2018,C/2014 L5,2014.0,123.89559495089745,False,0.05302558712365791,2.6146119667568364,4.141385938591428,6.203161009224708,1.0026548941685898,1.1544884764935073,0.8980338194995036,0.5768220953748026
pre2018,C/2014 M1,2014.0,47.04669267328712,True,0.07242498213465413,3.765402888135141,3.3198606086867906,5.576713105564969,1.0021333570695021,1.1537112373899534,0.897034401730739,0.5752649012725665
pre2018,C/2014 M2,2014.0,64.35393802729762,False,0.070493725914324,3.2982497642939554,4.859910746115962,6.904579920389981,0.9926203323606848,1.1286064060931957,0.8645076740452725,0.5230989459278979
pre2018,C/2014 N2,2014.0,77.57877116128444,False,0.14865218011379264,12.352819563320969,2.018968339686501,2.1844210463672242,0.9994848642729433,1.1430823910063892,0.8833223937144645,0.5536401719394667
pre2018,C/2014 N3,2014.0,161.55969689495706,False,0.03451826313528154,2.1507552493467075,3.303311688582077,3.882238423041629,0.9992815185666245,1.143958490417014,0.8844558363229567,0.5554467707651667
pre2018,C/2014 OE4,2014.0,59.98829113630403,True,0.07264136187728626,3.568873090319338,1.0702690982085137,6.244393659354533,0.9996255775689904,1.146115209422206,0.8872435809164668,0.5598751294933414
pre2018,C/2014 Q1,2014.0,71.86753689530384,False,0.06455969769296777,14.131484291711548,4.364090026902014,0.31459568057002124,0.9997746882191032,1.134756809755537,0.8725216993835346,0.536239782786434
pre2018,C/2014 Q2,2014.0,112.5875615572292,False,0.1036888069728637,11.212735810969475,2.7160525876083597,1.2904223921204665,0.9977301903268041,1.1164703498311075,0.848603052469506,0.49637297409133163
pre2018,C/2014 QU2,2014.0,142.31729458639555,False,0.043714514719494627,3.60745116122855,3.012154127943243,2.2233236445824884,0.9914098594595122,1.078617881282372,0.7981463728105519,0.4040997663676029
pre2018,C/2014 Q6,2014.0,113.15009635010925,False,0.07678629670380138,4.587433194768143,4.877054915796077,4.222783844681865,0.9993852150147489,1.1446395437957426,0.8853365370465026,0.5568480695640455
pre2018,C/2014 R1,2014.0,53.658385571967926,True,0.3619369171918978,38.39413946739751,2.3576048225355306,1.3454629089662613,0.9925380765536597,1.0473778476441202,0.755394899601657,0.3112562338201569
pre2018,C/2014 R3,2014.0,65.69501987410464,False,0.04455645076883428,2.0282343563463807,3.3991458469321016,7.275832132291032,0.999402550781616,1.145733614042387,0.8867505923060873,0.5590935536231012
pre2018,C/2014 R4,2014.0,113.32909701631763,False,0.2617354997320318,23.840372873995456,3.947695361540959,1.8179605254304942,0.9994205244615451,1.1416494621302384,0.8814672954743301,0.5506755684961344
pre2018,C/2014 S1,2014.0,138.6697795361541,False,0.029805270616011372,1.2827549994827392,6.932669399312733,8.137341542546132,1.0008606782873848,1.1489659896216593,0.8909230852974046,0.5656880170761596
pre2018,C/2014 S2,2014.0,90.7070997512138,False,0.6206736956793788,52.741239418015915,0.9850874969215344,2.1006714499823604,0.9876522334803173,1.041101697186174,0.7466684957144631,0.28943536625680366
pre2018,C/2014 U3,2014.0,93.07613342752505,False,0.26739638496119505,20.570471642243817,3.874111352805194,2.5558397593483484,0.9935717655738613,1.10302059770971,0.8308282238708877,0.46533270498447094
pre2018,C/2014 UN271,2014.0,50.42824033271661,True,0.03468345450001051,1.2875768621991155,9.224512976230539,10.938092357184656,0.998065649615019,1.1441003803399405,0.8846393496236554,0.5557389383966854
pre2018,C/2014 W2,2014.0,76.48503213388568,False,0.34724129532872644,26.11361420820146,3.1263258554082434,2.670242435008152,0.9983825143519348,1.1366764731734935,0.8750168588517019,0.5402901924173804
pre2018,C/2014 W3,2014.0,101.10921114880477,False,0.03196498001958573,1.593219307803545,1.8042266456044584,6.0667240089314,1.0066748352343593,1.1659257591317456,0.9126905140383047,0.5993854879484618
pre2018,C/2014 W5,2014.0,110.82807748064634,False,3.116175119187873,248.1315349254091,0.8335226006927471,2.3986316217308272,0.9791937790005985,0.9866627535585678,0.66867367816323,nan
pre2018,C/2014 W6,2014.0,51.43686789384814,True,0.29031188518471984,20.28354157593155,3.121774976530289,3.087616222717012,1.001533287812753,1.1556608279288862,0.8995404648029162,0.5791649476319828
pre2018,C/2014 W8,2014.0,127.97038379012672,False,0.11148493909080472,6.186175855685481,4.2643440713519265,4.899413693843969,1.00103585283468,1.150779706089122,0.893260897249585,0.5693628186866829
pre2018,C/2014 W10,2014.0,123.22972762020974,False,0.05622419734361475,2.4944808362482433,6.735312463442883,7.656840947720465,1.0036015774075553,1.1552129097986603,0.8989649412374517,0.5782706583614335
pre2018,C/2014 XB8,2014.0,166.26580001871736,False,0.13100437105619434,9.279086690125407,2.6240337656522414,3.010279805856022,0.9967987569551298,1.1287003330983907,0.8646302912488005,0.5233015663006337
pre2018,C/2014 Y1,2014.0,17.97993393531793,True,0.6082738353294624,49.902126949150414,2.1559656726928087,2.2419224719889916,1.0021474498760092,1.1635128216236508,0.9096060601662662,0.5946782099916793
pre2018,C/2015 B2,2015.0,123.78865465229866,False,0.046605858282937236,3.1174426876627006,3.487563448147228,3.369630313844201,1.0004482960067989,1.149434411666916,0.8915270973630789,0.5666388215436247
pre2018,C/2015 C2,2015.0,159.06487508117903,False,0.047207134415887905,6.873315894288306,2.997490565123811,0.7113967009601025,0.9985289085728286,1.1109951197810632,0.8413865073709627,0.48393206499840213
pre2018,C/2015 D3,2015.0,59.10883650118468,True,0.04193170182568373,1.80334911464932,3.2494652293931225,8.148999136589417,1.0022332467871387,1.1518534540392291,0.8946437716715353,0.5715299352950648
pre2018,C/2015 ER61,2015.0,87.70881806526239,False,0.6117695727426207,73.59257841630199,1.3133942946052515,1.0421932607749667,0.9974161571140153,1.103662514351332,0.8316802535787846,0.46685226029289223
pre2018,C/2015 F3,2015.0,110.51724028127258,False,0.18544488744159676,24.94395731673957,3.9188634003612712,0.834503109065051,0.9965589139040377,1.073851668492205,0.7916934410060883,0.39120006809786134
pre2018,C/2015 G2,2015.0,44.61367598454349,True,0.1723409413076224,23.957561889781672,3.012715751360971,0.7798738515879228,1.0004125958334196,1.1562151578077127,0.9002525144385221,0.5802702633261437
pre2018,C/2015 H2,2015.0,79.07961323108998,False,0.1983434230344999,10.92534255731268,4.699370497545451,4.967297419284877,1.0036367897404137,1.1596772142711878,0.9046946114067166,0.5871382534429695
pre2018,C/2015 J1,2015.0,58.10190598237808,True,0.15527144650464872,7.770471568632129,5.09717594007922,6.0198251128459805,1.003082776293194,1.1559257361797644,0.899880773309052,0.5796933628384996
pre2018,C/2015 J2,2015.0,49.54065706581209,True,0.17541688856356033,10.413363205807373,4.300805577574463,4.320375488541994,0.9826402730701925,1.0757875182782188,0.7943172433554345,0.39648312932518
pre2018,C/2015 K1,2015.0,81.9014649020242,False,0.09731414582650627,7.498822779181221,1.4828768207768535,2.5574690063595447,0.9858311510269617,1.047487257356279,0.755546592165134,0.3116241994455149
pre2018,C/2015 K2,2015.0,23.952462437714132,True,0.11754593198014449,11.982358516718099,2.6673512963337687,1.4552274405675523,0.9942507040818062,1.0770219928156253,0.7959883614834506,0.39982053519650457
pre2018,C/2015 K4,2015.0,39.27598430021341,True,0.05702745552867984,4.942805278028768,4.124848705234628,2.007643069141127,1.0000282906270577,1.1473898910660272,0.8888895661042926,0.5624799102872816
pre2018,C/2015 K7,2015.0,40.3006174148877,True,0.044860871347493385,1.7471170115606207,3.9337439306564868,9.94031428141831,1.0047941451121591,1.155416557945314,0.8992266238178029,0.5786773796602692
pre2018,C/2015 LC2,2015.0,32.780847167488794,True,0.19453752225449572,9.84231353429215,5.11691114180601,5.892378184865027,1.001105221334617,1.1503704358125315,0.8927335762701442,0.5685351589372395
pre2018,C/2015 M1,2015.0,55.92071312133487,True,0.046012108870038614,3.9124294138677307,4.065379032910513,2.091586813141433,0.9945351093514754,1.1012711669697814,0.8285042436871113,0.46117054389375634
pre2018,C/2015 M3,2015.0,72.90347774293504,False,1.1472365595346563,75.12076409571753,1.401152740629182,3.552403546918568,0.9735612679393001,1.0110041932226737,0.7040955739971648,0.14835621345298566
pre2018,C/2015 O1,2015.0,39.92714831892777,True,0.1706639182230385,10.848504483861166,4.612638859530784,3.729847863116241,1.0002135104299594,1.148132024477732,0.8898473151276589,0.563992227772346
pre2018,C/2015 P3,2015.0,33.66771886210466,True,0.22842678868348065,33.19004712373925,3.225514901973902,0.7152439126058677,0.9972453974288185,1.0788442538060814,0.7984522669383362,0.404703609233571
pre2018,C/2015 R3,2015.0,105.17691509738663,False,0.030783702794380828,1.7068150871996934,4.454027199283278,4.902896495938726,0.9986022303340036,1.1422312935744758,0.8822207357738695,0.5518807981594382
pre2018,C/2015 T2,2015.0,142.039890019738,False,0.028800021343530404,1.3434808562867373,6.316453184945255,6.935363387584655,1.000176524789019,1.147585330972177,0.8891418280966702,0.5628784764216868
pre2018,C/2015 TQ209,2015.0,71.85442894065321,False,0.24068350095980282,24.86559647956429,2.0880004867670974,1.4129268352460347,0.9990867925424153,1.1359715817271268,0.8741009856419325,0.5388056438530583
pre2018,C/2015 V1,2015.0,158.93683430435462,False,0.04794790981039365,2.8510980346231896,3.661297839890754,4.266782042689147,1.000590546642154,1.1495265497603835,0.891645886668345,0.5668257015699711
pre2018,C/2015 V2,2015.0,25.59229529898902,True,0.25390036114726,24.362069715473154,4.28825575597836,1.6369772838366679,1.001808287942504,1.1660004765274246,0.9127859606012511,0.5995308154035617
pre2018,C/2015 V3,2015.0,145.76673494729545,False,0.043666695580484416,2.6084663255893066,4.381808595131941,4.2355710682766015,0.9947394165528677,1.1255731961318243,0.8605440828098104,0.5165221265412436
pre2018,C/2015 VL62,2015.0,107.57669726296079,False,0.3978506674492997,29.613234696091965,2.2544158385879154,2.7202815598879986,1.0020495728300778,1.160039623855869,0.9051591172408493,0.5878537371421094
pre2018,C/2015 WZ,2015.0,107.4880523871101,False,0.39741296712134294,41.66543749889593,2.457147380469696,1.3766547638637805,0.992929235231306,1.0550727346436386,0.7660284420287365,0.3362418218257274
pre2018,C/2015 W1,2015.0,84.81019087323993,False,0.14466054640557993,11.88811082217712,1.992857160565202,2.231852630054323,1.0013005730235938,1.157131198167569,0.9014287039923241,0.5820933749227798
pre2018,C/2015 XY1,2015.0,127.23931648048512,False,0.031988469338616,1.3947834027385821,5.50672527369781,7.927999877411492,1.0041806809763918,1.1561857338938644,0.9002147243120727,0.5802116326100089
pre2018,C/2015 X5,2015.0,101.24368251323378,False,0.04439785469748517,2.090064147173989,4.827449998785426,6.801790678664847,1.003380720116112,1.1556683619618435,0.8995501439320314,0.5791799808313899
pre2018,C/2015 X7,2015.0,82.93408284560844,False,0.18831332837144854,12.043778680467115,3.6823928641371313,3.6845978929658556,1.0015368787056662,1.1543024102154413,0.8977946050393402,0.5764496002127641
pre2018,C/2015 Y1,2015.0,66.54466573300185,False,0.27400374315509457,21.270329963479146,2.857291171962802,2.5141027967072067,0.9913053947726783,1.0860100046937338,0.8081081789608687,0.42343573024859665
pre2018,C/2016 A1,2016.0,89.24819459448747,False,0.07722831607406268,4.107625291034485,4.916555933202568,5.327804422578962,1.0021009424863454,1.153912906379375,0.8972937613276177,0.5756692478022206
pre2018,C/2016 A5,2016.0,112.31624758585775,False,0.2402401230549426,17.1997544892054,2.35237908061704,2.9474140757884655,0.9965412338264433,1.1267740035851492,0.8621141187591543,0.5191336460985593
pre2018,C/2016 A6,2016.0,67.41531848742358,False,0.24138845696616026,19.12925272570113,3.887291313664525,2.412650984265426,0.9898464604973362,1.072289142311507,0.789572734665854,0.38689028428667716
pre2018,C/2016 B1,2016.0,24.05973063867212,True,0.2644097557438189,18.17339470452361,3.7616273369971296,3.2061873718875495,0.9925599267821409,1.1064972499836025,0.8354383656678945,0.4735147849619413
pre2018,C/2016 C1,2016.0,62.91988167610391,False,0.04868448736956172,2.0544676042439365,4.246503255004415,8.464956175690926,1.0046134136255713,1.1564873753809835,0.9006021030533757,0.5808124798692553
pre2018,C/2016 E1,2016.0,25.496183103464322,True,0.25725212529234914,11.044886821243708,1.1149600751422166,8.177217739369038,1.0031027145096287,1.1536579682647257,0.896965889178213,0.5751580609684377
pre2018,C/2016 E2,2016.0,38.35143415194629,True,0.21319469386060247,25.241613463575096,3.624984674174228,1.0753572989036377,1.0000810458725573,1.148443556318267,0.890249235134474,0.5646261501252193
pre2018,C/2016 J2,2016.0,43.332977442697924,True,0.24836256794282563,24.73999120644231,3.1891308607717304,1.5187897939472566,1.0007135608335078,1.1552034807525453,0.8989528244303837,0.5782518216997462
pre2018,C/2016 KA,2016.0,72.29487601481227,False,0.058089375944159125,3.0696054642849333,5.085949378011638,5.400592282760695,0.9987385421354601,1.143121155403004,0.8833725570440064,0.5537202030684606
pre2018,C/2016 K1,2016.0,105.55854808307062,False,0.03672818463713823,2.9790894481977817,3.5464678246724297,2.2915309080224664,1.0002150331368245,1.1487610008812108,0.8906587089082825,0.5652715493476382
pre2018,C/2016 M1,2016.0,70.1696163503856,False,0.23524988465159513,19.434326688030254,1.3638165295825002,2.2107362403194455,0.9990661136130757,1.1398553833133025,0.8791424193365279,0.5469464162279467
pre2018,C/2016 N4,2016.0,113.34122105754079,False,0.03368963778461927,2.3126216265688844,2.755871530529286,3.19915741850834,0.9993203785756871,1.143486139816811,0.8838448113564504,0.5544732990049478
pre2018,C/2016 N6,2016.0,86.5277343666732,False,0.027034735327466364,2.0321780067994086,3.1905909695710997,2.669109094895411,0.998747149948361,1.1390419326759527,0.8780874802676196,0.5452491281519377
pre2018,C/2016 P4,2016.0,103.42043109568664,False,0.041752673710439184,2.1218904512906662,6.041538547795017,5.891901972585313,0.9818768221214483,1.0929381205798312,0.8173951517015141,0.4409011485274813
pre2018,C/2016 Q2,2016.0,60.81570408037546,False,0.06554256395668068,3.0241042953761523,6.613098103655458,7.082385096217923,0.9997084304989503,1.1464388320146415,0.8876615876332957,0.5605373162487702
pre2018,C/2016 R2,2016.0,104.64497045197788,False,0.07230429625022793,5.50675605454729,2.220412553829792,2.6024973121464456,0.9960993771805363,1.1210606600352375,0.8546333144028555,0.5066133543787815
pre2018,C/2016 T3,2016.0,109.48498510428728,False,0.061803228461674554,4.6822730885112795,3.7583577154662002,2.6494992552534757,0.9813713642260639,1.0190065761797003,0.7155386089555497,0.19558754984342386
pre2018,C/2016 U1,2016.0,15.022084713435593,True,0.04777523361675571,10.380372335264772,4.467248090641955,0.31921655337938526,1.0003538663409188,1.166066425509089,0.912870202881062,0.5996590665168186
pre2018,C/2016 VZ18,2016.0,78.51692972732214,False,0.07147224480081554,9.206851102677069,2.2661109870374787,0.9102731067297486,0.9954699353561114,1.0580543379586012,0.7701299115614074,0.34548381934512085
pre2018,C/2016 X1,2016.0,99.82680204936649,False,0.0679700064211317,3.0357387704163,6.189601693044451,7.564106029683778,0.9964360286249415,1.139011084944114,0.8780474646817993,0.5451846833705496
pre2018,C/2017 AB5,2017.0,87.40651954558814,False,0.004202700267503243,0.16997506581574584,8.682757684698588,9.216421571824107,0.9997983755342179,1.1467709439100957,0.8880904776006889,0.561216255246345
pre2018,C/2017 B3,2017.0,95.55307137593987,False,0.12705251941652296,7.878894188728696,2.556887551528946,3.92120384223794,1.0021712857760716,1.1566363357680007,0.9007933790983339,0.5811090264099376
pre2018,C/2017 D2,2017.0,97.5135891396713,False,0.05143519030090261,4.008278067884712,3.5403353691561406,2.485910976090324,0.9983038415140018,1.1353461097249762,0.8732879751125656,0.537485698622685
pre2018,C/2017 D3,2017.0,32.58164405988407,True,0.261443440586776,14.403027965822831,2.256624598860471,4.971554597025114,1.001578516989463,1.1525979504773316,0.8956021069945699,0.5730289022386426
pre2018,C/2017 E1,2017.0,81.54260419429883,False,1.240883429541479,160.5457575719456,0.9543089234013492,0.9006753448607417,1.0026519445062068,1.1967402942394951,0.9517396862929491,0.6573183545381279
pre2018,C/2017 E3,2017.0,37.75359405433378,True,0.526099758624565,26.556159917264015,0.9014378866612979,5.915399343203643,1.004412973737827,1.1599132406401156,0.9049971405594728,0.5876042998213449
pre2018,C/2017 E4,2017.0,74.620476328758,False,0.15408319256560904,26.90733669572465,4.550073092302719,0.49392323536370686,1.001377069312373,1.194158275740995,0.9484909520545117,0.6526056043867421
pre2018,C/2017 E5,2017.0,61.002979213960195,False,0.2712240174785219,24.96584605446985,3.97541839028583,1.7836404684534213,0.9954750992206158,1.1026308657223582,0.8303107398150434,0.46440813235764467
pre2018,C/2017 F1,2017.0,104.7624806841892,False,0.11564279439958146,6.6927644638321215,2.8786602965017796,4.49978421587237,1.0042106594899374,1.1631375944060738,0.9091260430376613,0.5939437270289387
pre2018,C/2017 F2,2017.0,33.38571354895665,True,0.07697029344749541,3.5901354739477953,5.112284011712878,6.927740740223646,1.0055029408952636,1.1607352445216619,0.9060504436748152,0.5892252499944657
pre2018,C/2017 G3,2017.0,9.482738550109588,True,0.2736054378356624,20.91967628117613,2.6290399607435684,2.5904124248295024,0.9908016023615305,1.0843254970168998,0.8058429636656974,0.41909649346806194
pre2018,C/2017 K1,2017.0,13.687227686290301,True,0.048728594104499354,2.2163088774014224,2.91370520616009,7.286630762101193,1.0007923273021426,1.1490169812619633,0.8909888449565025,0.5657915787501908
pre2018,C/2017 K2,2017.0,84.07051208473601,False,0.17726995186043804,16.213132402698584,1.568092295704937,1.8016505776770906,1.0004205372324435,1.1511569037588107,0.8937467849900997,0.5701248147799308
pre2018,C/2017 K5,2017.0,66.14920944976828,False,0.051445376679313336,2.278975640823986,2.977343547845441,7.680627384918028,1.0040536983191335,1.1561934349680028,0.9002246151220689,0.5802269783622508
pre2018,C/2017 K6,2017.0,147.04208960605163,False,0.03563911972178023,3.093017495964649,3.6974450087163735,2.002782062120165,0.9982717328393838,1.132201402452359,0.8691956709071071,0.530810797809697
pre2018,C/2017 M3,2017.0,65.31956376327896,False,0.10592344061771188,6.067651084124843,4.735305480604997,4.656358016802363,0.9732520097427784,1.0436318171617576,0.7501922876175946,0.29840820556517966
pre2018,C/2017 M4,2017.0,34.342796416545255,True,0.40634607093049085,27.666325744013136,3.257584669408071,3.2512858936301297,1.001486941851992,1.1549901722292577,0.8986786948374476,0.5778255665012142
pre2018,C/2017 M5,2017.0,91.66919941861967,False,0.5849629605732207,29.371277641050792,1.535892960755648,5.989640778380801,1.0036223511022007,1.1575070583151634,0.9019111312418706,0.5828401817013833
pre2018,C/2017 O1,2017.0,152.59795760142433,False,0.06563387800888555,6.588040754982795,2.301750643321627,1.4986696174557932,0.9961781241069166,1.1023929513289452,0.8299947697114181,0.46384297612017433
pre2018,C/2017 P2,2017.0,87.72111091481,False,0.0977474988123417,7.65411327196815,3.0996891742950923,2.4617807215562424,0.9980308484203135,1.1333000032331788,0.8706262090799303,0.5331500583181074
pre2018,C/2017 S3,2017.0,106.75011292643886,False,0.1748227984809578,47.01009549709871,2.7520497323710846,0.20842152407529427,1.0000705884515462,1.1529604725504512,0.8960686077931351,0.5737577351287199
pre2018,C/2017 S6,2017.0,128.3892203871232,False,0.15095702997175514,14.920274112521613,1.693346790726041,1.542859303527611,1.001293439103077,1.1614833404043081,0.9070086265550715,0.5906975853963076
pre2018,C/2017 S7,2017.0,135.7742491645637,False,0.026849113893317345,1.194718626213277,6.724940984766753,7.6144811629152045,1.002336141585276,1.152414564853692,0.8953660859645581,0.5726599485237318
pre2018,C/2017 T1,2017.0,80.91419347122842,False,0.12552101420057793,20.22510522651376,4.704012647617655,0.5805465539884354,1.0001303494058327,1.1510044718289396,0.8935504422128523,0.5698169719537097
pre2018,C/2017 T2,2017.0,60.06786384835192,False,0.08125971643286374,7.8493929561231415,1.8903041697509875,1.615147004203236,0.9997749671391153,1.144747510033865,0.8854761207041676,0.5570699678541396
pre2018,C/2017 T3,2017.0,124.46057027290297,False,0.12976208061139305,17.538315775972162,2.813312968488014,0.8253342182354649,0.9994344134476698,1.1352944159078868,0.8732207678475116,0.5373764957159073
pre2018,C/2017 U2,2017.0,106.47032875578415,False,0.12655973480881158,6.007870869449023,6.598876037567269,6.700832731888503,1.0000284240901502,1.147220430415881,0.8886708133905192,0.5621341506436679
pre2018,C/2017 U4,2017.0,124.87089617087385,False,0.034876155828517226,1.5408451116842092,5.69082670468099,7.7243403894656915,1.0036613210079703,1.1552748330713125,0.8990445142130152,0.5783943527423374
pre2018,C/2017 U7,2017.0,94.61782914386978,False,0.013002165919567668,0.6301840708246075,4.680445056428298,6.417729886952579,1.002080688121135,1.1527126815118367,0.8957497556386922,0.5732596387977157
pre2018,C/2017 Y1,2017.0,102.86730661679364,False,0.06941039540584483,4.418826067261114,2.9359231165072788,3.7185347233572683,0.9988131299354515,1.1416420883703489,0.8814577451853146,0.550660281203293
pre2018,C/2017 Y2,2017.0,51.38495418506669,True,0.18753436580839097,10.69696107256838,4.223155825197635,4.632339419204506,1.0005306346205607,1.1491168380147698,0.8911176162648962,0.5659943416372124
post2017,C/2018 A3,2018.0,99.26005218088619,False,0.14569981243509458,9.909709996031529,1.0590789779994976,3.2767175533550437,0.993633748500836,1.1132141017508954,0.8443143578938003,0.48900482992842825
post2017,C/2018 B1,2018.0,104.49563136263258,False,0.09403856559241436,5.104892373279456,2.499818294139745,5.116886389252587,1.0030734071366203,1.1574366393256958,0.9018207541757556,0.582700318697218
post2017,C/2018 C2,2018.0,59.29924507879321,True,0.4235422763344805,37.173673191404426,3.061366511852118,1.9565097603406496,1.0018251410270902,1.1630885242419966,0.9090632617326438,0.5938476257254078
post2017,C/2018 E2,2018.0,140.59267942966355,False,0.07590307755234345,4.707723104140567,2.5106647241060718,3.9223509697348264,0.9974063150348567,1.135712042728644,0.8737636651906722,0.5382582385390379
post2017,C/2018 EF9,2018.0,58.2715688296707,True,0.24708359453028614,24.33448077761004,4.095120157824039,1.5566362169767787,0.997587785026787,1.1201652519459329,0.8534584291432494,0.504628852745633
post2017,C/2018 F1,2018.0,42.54108552793127,True,0.6161712583229101,43.874497383662415,3.3400475317197333,2.9930599881573876,0.9908361343253252,1.0931953159617418,0.817739015486763,0.44153831792605625
post2017,C/2018 KJ3,2018.0,84.32678390810396,False,0.3585391788034689,23.136340377503572,3.4017906259265196,3.6279634844819606,0.9970502968638496,1.1330708110624668,0.8703278471302203,0.5326626983730275
post2017,C/2018 L2,2018.0,21.430841037294552,True,0.2920332206898233,27.459505275674818,3.4839032559416934,1.711701867019513,0.9931582777241729,1.0761741806605722,0.7948408430176582,0.3975310735989484
post2017,C/2018 N1,2018.0,41.933557841453705,True,0.22324267182426524,23.990222102619917,3.275850634052517,1.3074106338853484,0.9970471899920037,1.107603065206558,0.8369024128675521,0.4760930974202854
post2017,C/2018 N2,2018.0,75.61705153905578,False,0.03060140951087661,2.1257806997760986,2.7884610866307873,3.1247011244412346,1.0001641802368069,1.1480511992805875,0.8897430273838413,0.5638276718341108
post2017,C/2018 R3,2018.0,79.54401156308624,False,0.11584094982703061,12.520147420676912,4.254687900025205,1.2906112879544767,0.9994532493090881,1.1398345209636156,0.8791153700106276,0.5469029370341992
post2017,C/2018 R4,2018.0,45.36025089064989,True,0.5941467161085617,55.92321662368952,1.948795078451801,1.7091875313531015,0.994320949140172,1.088473174899087,0.8114153998313477,0.42971378827212026
post2017,C/2018 U1,2018.0,57.34459527471949,True,0.14705631315699894,8.079607420454614,3.67289578161211,4.993360633646603,1.0012054777570998,1.1512940458184455,0.8939234187253251,0.5704016718885768
post2017,C/2018 V1,2018.0,74.57174316289901,False,0.05638698802203825,11.127738855417347,2.9900104778176018,0.38695372602063877,1.0004723137978018,1.167961649243183,0.9152898517472069,0.6033361430074737
post2017,C/2018 V4,2018.0,124.98697102093372,False,0.09785835060590684,6.7429728970268625,3.7373629031613045,3.198874681229988,0.9848200422183402,1.0623587671060226,0.7760330203384365,0.3584497697074264
post2017,C/2018 W2,2018.0,64.168780352448,False,0.06513523258237323,6.630992053562522,4.4719613072182485,1.4546746013433167,1.0008045830832821,1.1566256247231046,0.9007796258656607,0.581087706910403
post2017,C/2018 X2,2018.0,127.99919750464856,False,0.07083132998706192,5.983394769138741,3.0341485249824074,2.1259045321996854,0.9861617916806157,1.0290623468299924,0.7297879228048509,0.24258895485889267
post2017,C/2018 Y1,2018.0,132.5565157274458,False,0.10711524395411101,11.617161327261817,2.2297185274299225,1.2869992102953527,0.9911845299940815,1.0225138877624398,0.7205246347458406,0.21310733920571062
post2017,C/2019 B1,2019.0,135.22363756051095,False,0.07444822687635758,7.2512600805807965,4.0636795340917935,1.5972732680031267,0.9896042725228722,1.0290797231226143,0.7298124246343605,0.24266265451938585
post2017,C/2019 B3,2019.0,111.76614541074584,False,0.022270140835712573,1.0473576219469305,3.139864771155446,6.8230669425313595,1.002161091460335,1.1525846506433175,0.8955849906665172,0.5730021503056131
post2017,C/2019 C1,2019.0,128.93462299621567,False,0.01002682105674337,0.4806082284073271,5.972372901110593,6.58132171211216,0.9921356943011169,1.126398147363402,0.8616228206078759,0.5183173484844806
post2017,C/2019 D1,2019.0,8.253132411288389,True,1.5665233617149,153.46870208853628,1.0672162122479096,1.5775694940061709,0.9885406943910576,1.0144850969049488,0.7090846990669105,0.17047022965468756
post2017,C/2019 E3,2019.0,118.46924947661199,False,0.023258632229822305,0.8889908555976911,8.349799321836477,10.317316690602235,1.005237025359177,1.1558487477273909,0.8997818770299527,0.5795398303647954
post2017,C/2019 F1,2019.0,92.1607675835344,False,0.20925687297474282,13.547621167727307,2.8110580529173186,3.5957721919200196,1.0038018640042092,1.1651988577086054,0.911761743337593,0.5979702880258495
post2017,C/2019 G2,2019.0,119.49407879975301,False,0.2993158693513091,24.311764550139753,2.7346049790125293,2.2913724349455684,0.996823862010953,1.12304277318085,0.8572316892196075,0.5109844985417977
post2017,C/2019 H1,2019.0,37.425661009277555,True,0.2702186268241894,24.47697335119761,3.5489510155145045,1.8447743664736298,0.9922304481225201,1.0722302954832135,0.7894928151418394,0.38672715693146975
post2017,C/2019 J2,2019.0,36.84178995428308,True,0.1882753697391483,17.60029941095681,3.8516065786307423,1.726909827516729,0.9973248645283198,1.1201748552684292,0.8534710334769504,0.5046501696541127
post2017,C/2019 J3,2019.0,45.16440086754326,True,0.30459272220245603,24.275056060066476,3.170923402999448,2.373432894668034,1.000102182786193,1.1478880204424435,0.8895324648846941,0.563495337009589
post2017,C/2019 JU6,2019.0,14.23116383936231,True,0.26017086906899456,22.33766846178945,3.6898871941320426,2.0457359817265854,0.9991915742575264,1.140327291046853,0.879754186869731,0.5479292089882893
post2017,C/2019 K1,2019.0,125.29380408166769,False,0.49144766942135654,42.53658631917629,1.2052213639219291,2.0126043917634715,0.9998116145877833,1.145535666374639,0.8864948175510989,0.5586877932196721
post2017,C/2019 K4,2019.0,54.78356204587533,True,0.07131198089960908,5.8290895989647735,4.188914677200319,2.259397202150084,0.9990284481869022,1.1397242392014204,0.8789723772860123,0.5466730547407058
post2017,C/2019 K5,2019.0,61.061803058300114,False,0.11471040822051293,9.906652969805071,2.4927790500500864,2.035041304032952,0.9864717040564435,1.0264051395636495,0.7260362312799842,0.2310575639942426
post2017,C/2019 K6,2019.0,87.7531192008366,False,0.20756578526130756,12.86899238834015,3.2626101885251235,3.9286346114163164,0.9974196882140368,1.135789586067071,0.8738644531201486,0.5384218338576986
post2017,C/2019 K7,2019.0,13.39578467738424,True,0.2700879538437535,15.673942224882838,2.715341350311878,4.47522275292134,1.0000417022389116,1.147307775627973,0.8887835679314592,0.5623123859321307
post2017,C/2019 K8,2019.0,46.1234741551433,True,0.12840944660201065,8.825608136000582,3.9928130785197187,3.1950815513799764,0.997895922602054,1.135759340601795,0.8738251417605192,0.5383580287508513
post2017,C/2019 L3,2019.0,131.8173883765573,False,0.06436395367977603,4.191118810815812,3.6734362038775243,3.554521336981781,1.0017953738030696,1.155806054861256,0.8997270336399306,0.5794546779604246
post2017,C/2019 M3,2019.0,57.36312446015925,True,0.2905861948449563,22.942263861558214,2.88977300704132,2.4178349313582834,1.002193139955197,1.1626507862166435,0.9085031366477206,0.5929898296315527
post2017,C/2019 N1,2019.0,109.64928617114995,False,0.07992012263972072,7.514490711294452,4.060783077083654,1.7046751016738044,1.000022299226567,1.1473725111158257,0.8888671317316236,0.5624444564759389
post2017,C/2019 NJ3,2019.0,105.18713214466112,False,0.15024212559749908,8.83167623551852,4.531722369649218,4.361887017733806,1.000915299307313,1.1507525420766085,0.8932259018324222,0.5693079135687952
post2017,C/2019 O3,2019.0,20.027551228890168,True,0.05212159728622332,2.154701828592915,4.9542103429625834,8.820027977579683,1.0035944522733107,1.1541386444429103,0.8975840401907144,0.5761215999706978
post2017,C/2019 Q1,2019.0,46.05197212644946,True,0.15145750125096522,8.317977384223889,2.3731889466448415,4.997132756756896,1.0010055056528175,1.1506046076742789,0.8930353082660555,0.569008831704359
post2017,C/2019 Q3,2019.0,22.24738936687635,True,0.18991696990930748,8.660098584061203,6.071432594820026,7.248277323848829,1.0048143541048322,1.1585202119757476,0.9032110385535037,0.5848496977109671
post2017,C/2019 S4,2019.0,60.28494578760468,False,0.06415274213067786,4.260148132084923,3.7945530310229,3.4418049387409613,0.9855427321428373,1.0724358012902377,0.7897718952315292,0.3872965727260086
post2017,C/2019 T2,2019.0,93.40061659212334,False,0.2491958707142638,18.81634551900108,2.566375509660113,2.6459490333411875,0.9985630211445727,1.137764062964237,0.8764292108216475,0.5425745573920386
post2017,C/2019 T3,2019.0,49.086086082736244,True,0.09300635256647036,4.6864118335505,2.3265570369042523,5.946562577672216,0.9981902910033773,1.1418987881448341,0.8817901910178001,0.5511922801735517
post2017,C/2019 T4,2019.0,106.35116800909191,False,0.10348677010446437,6.172650320365702,4.258970676987737,4.2424705158876925,0.9958722968461662,1.1302817376607264,0.8666936627770616,0.5267038008649925
post2017,C/2019 U5,2019.0,111.97468378796975,False,0.0564816861489268,3.642324427151721,3.8323433074995816,3.624200201562826,1.0015440096817434,1.154454915962709,0.8979906745612858,0.5767549222561902
post2017,C/2019 U6,2019.0,99.65590715718865,False,0.1328144295849152,17.05924803131328,2.6510073837696955,0.9143246397201769,0.997996834185742,1.1088080081799951,0.8384964505665219,0.4788896390196456
post2017,C/2019 V1,2019.0,96.45419041152631,False,0.06284944012440474,4.385214485182454,3.166650634823385,3.096871027834118,0.9990753839397453,1.1419984218511587,0.8819192106531666,0.551398660559504
post2017,C/2019 Y1,2019.0,71.13027394682075,False,0.13479508983681393,18.09595685609892,4.1758130383334935,0.8378314344474131,0.9965455430279345,1.0738594246314668,0.791703961388594,0.3912213583460177
post2017,C/2019 Y5,2019.0,127.9850264736931,False,0.03301829219466928,1.8328380731103564,4.7360302938999395,4.914489682579554,0.9939524476410836,1.125773897885352,0.8608065797660626,0.5169593373914988
post2017,C/2020 A2,2020.0,45.4091884943956,True,0.20181493046215596,25.05796995808393,3.8738251717419483,0.9780640254902566,0.999241164585808,1.133718547067208,0.8711709605885337,0.534039166466711
post2017,C/2020 A3,2020.0,108.82499906669435,False,0.10845122006225891,5.546077392190586,4.144818490517931,5.766841409857766,0.9988846365190446,1.143814557408499,0.8842696649485202,0.555150276137803
post2017,C/2020 B3,2020.0,139.69042894399192,False,0.041814088671940905,2.8069955675974194,3.040000217902402,3.344420030947624,0.9983073242889567,1.1384052275877374,0.8772613982204256,0.543917778304191
post2017,C/2020 F2,2020.0,87.33442589235659,False,0.07117496576893137,2.9430134599718474,3.401835325595361,8.817092959970287,1.0053536916035035,1.1575484167513048,0.9019642097844127,0.5829223142750076
post2017,C/2020 F3,2020.0,76.19313389729876,False,0.08145068221601923,18.425733911324084,3.1543109999513965,0.2946448156816211,0.9991908459055698,1.0988774071047114,0.8253197286226358,0.45542468444458745
post2017,C/2020 F5,2020.0,77.52511234735518,False,0.953190397907611,56.31047089000532,2.230688902286117,4.323064817826067,0.9810724084124848,1.069158387047588,0.7853157041615607,0.37812662422854965
post2017,C/2020 F6,2020.0,81.04806087139539,False,0.374957948007462,24.61958398639138,1.2686112065704662,3.511091421543957,0.9909113231674116,1.1017054656707814,0.8290814385194262,0.46220668585076957
post2017,C/2020 F7,2020.0,165.17256596848907,False,0.03296285959408659,1.7559980721410227,5.27002758885702,5.3321618237066915,0.992201048875021,1.1216974405782578,0.8554684370614627,0.5080209007079263
post2017,C/2020 F8,2020.0,52.258348131902146,True,0.1169500682026122,21.887919592453873,2.8391324994014036,0.4302658667580257,1.000054079724684,1.149308165728364,0.8913643241786514,0.5663826861461911
post2017,C/2020 H2,2020.0,37.49917449581815,True,0.20944959528649695,28.192731862779766,3.7933383820397752,0.8336250571433915,0.9957531172453004,1.055852928597595,0.7671026694235171,0.33868199566023105
post2017,C/2020 H3,2020.0,18.376019356766772,True,0.4130103039520311,33.401914751731226,3.8485247123923774,2.3043795155582383,1.0021585703163598,1.1631541949856619,0.9091472817543428,0.593976235778016
post2017,C/2020 H5,2020.0,118.18627208678198,False,0.010274271837677528,0.41271961340973595,8.15185252847988,9.34538342596599,0.9977040199618451,1.1429121442567727,0.8831020711662844,0.5532885836938009
post2017,C/2020 H6,2020.0,71.85139575193404,False,0.04561753548509479,2.5824156997706726,4.477820396868755,4.702897800915312,1.000541117543968,1.1491256058541168,0.8911289225685355,0.5660121424367764
post2017,C/2020 H7,2020.0,41.451947029376186,True,0.15957905059508626,9.319865047158979,3.6093453793147012,4.420094632937928,0.9993613630710174,1.1446585596924304,0.8853611223030502,0.5568871570016922
post2017,C/2020 H8,2020.0,29.573603325983136,True,0.14069432089910544,8.004472431066471,4.811660341032056,4.674690892530427,0.9924163841327778,1.11888451509054,0.8517767646032383,0.5017794789204428
post2017,C/2020 H11,2020.0,71.05200470418707,False,0.038430165184199866,1.7085836036644673,3.3811552062843253,7.631102516641563,0.9994241622483746,1.1458482618639743,0.8868987190346248,0.559328460363827
post2017,C/2020 J1,2020.0,74.6409933206532,False,0.17777166530611735,11.914757829522642,3.317191743842821,3.355242824795216,1.0004950600418812,1.14968353165756,0.8918482615182738,0.5671439943443622
post2017,C/2020 K1,2020.0,77.63548065734224,False,0.07055238047356746,4.9418357713880745,4.14614330574709,3.073378571927487,1.000063347492185,1.1475020566189513,0.8890343461044072,0.5627086788925525
post2017,C/2020 K2,2020.0,28.327606674055264,True,0.04602344816934984,1.8967437490716494,4.850404368260509,8.878279667676148,1.0017911925972567,1.1506137591659533,0.893047099200582,0.5690273368989269
post2017,C/2020 K3,2020.0,27.79572430682744,True,0.21277463634605073,20.734203505222755,3.1480229614440978,1.5934676744815255,0.9924703155469032,1.062731439080879,0.7765431154929416,0.3595527763308119
post2017,C/2020 K5,2020.0,100.47561535816342,False,0.3007654611897468,29.79700371960595,1.9176852293446343,1.5355514178060066,1.0014284947392642,1.1630448342005357,0.9090073624394466,0.5937620514287101
post2017,C/2020 K6,2020.0,16.241469751984678,True,0.03059197578760657,1.5504604317911053,2.6317139967707144,5.868415714034318,1.0031706356291537,1.1564069248169317,0.9004987919887066,0.5806522738445367
post2017,C/2020 K8,2020.0,146.4357146862974,False,0.07431139306759614,13.24196783915595,3.526424281757293,0.47460386189449616,1.0002781669507153,1.1571887008586226,0.9015025169146419,0.5822076749332192
post2017,C/2020 M5,2020.0,74.62125101908278,False,0.06746593569947865,4.778926332034543,3.7591452268331755,3.004369951083272,0.9998922829993969,1.1465303381788894,0.8877797671569037,0.5607244454461361
post2017,C/2020 N1,2020.0,141.18896727773256,False,0.07197105546589921,7.688169264910541,2.2936056876680104,1.3206987520906492,1.0004847538118378,1.1534459448287926,0.8966931728582268,0.5747326639388651
post2017,C/2020 O2,2020.0,46.57464639540504,True,0.19391455661325635,10.796409506960998,4.739231246583882,4.86228071902952,1.0023526728283827,1.1554433604521677,0.8992610621068641,0.5787308930489852
post2017,C/2020 P1,2020.0,108.23594757536733,False,0.22499653723375654,47.21729267111954,2.486376867142349,0.3422113547803723,1.0003254408779652,1.1633963142462387,0.909457026258141,0.5944502261400962
post2017,C/2020 P3,2020.0,76.81401803164371,False,0.010292145168282028,0.484127987110138,5.889424903840028,6.812356511603562,1.0001630558023216,1.14755922778713,0.8891081373421131,0.5628252558615974
post2017,C/2020 R2,2020.0,109.81430735999244,False,0.16710453054151053,9.504442844597754,4.177184200537648,4.691976340281622,0.9886700300151607,1.1048151769876515,0.83320926177691,0.4695707216794231
post2017,C/2020 R6,2020.0,122.65679022793869,False,0.36667967965861775,25.52642260132096,2.8952415633834736,3.129446957882068,0.9922873021807583,1.1039250317197244,0.8320285898128515,0.4674725264800842
post2017,C/2020 R7,2020.0,56.7214507490597,True,0.1280275644067369,9.141357787520032,3.2228545034669662,2.9561508563287138,1.000112029404626,1.147799359273578,0.889418050051495,0.5633147046768036
post2017,C/2020 S3,2020.0,89.63057521807197,False,0.28925357471745666,56.28088350587227,2.6233273148473035,0.3984662276846683,0.9979274885585437,1.0538554105069602,0.7643509173562631,0.33240233695188104
post2017,C/2020 S4,2020.0,130.06502529424318,False,0.03806770999365938,2.5458254637706372,2.2208449490258055,3.369859512283636,1.0008682601616616,1.1515724265355607,0.894281919847185,0.5709633446319279
post2017,C/2020 S8,2020.0,77.76546043674318,False,0.049091006435693224,3.928194906124558,3.637592148463629,2.3638628012699487,0.991369015174154,1.0824984237181734,0.8033828078574358,0.4143463825214459
post2017,C/2020 T2,2020.0,61.434519037945506,False,0.09894121272850419,8.48639954671798,2.6609751494699316,2.054711298258725,0.9934623941355668,1.0910253235426195,0.8148357842043052,0.4361379873016749
post2017,C/2020 T4,2020.0,59.775987956565885,True,0.10778384651952057,8.937622558999838,2.337714105740716,2.1918756845047525,1.0000718570327212,1.1477114133572077,0.8893045524222659,0.5631354861014155
post2017,C/2020 T5,2020.0,31.34329909517356,True,0.4075577193455572,36.447486941706735,3.042329901001026,1.8890262404300466,0.9979930403272594,1.1287179304019521,0.8646532628860156,0.5233395205477455
post2017,C/2020 U4,2020.0,97.52085540250133,False,0.09232245471850704,4.898453377404422,1.9116811905398652,5.3537261889279,1.0013954246351693,1.151623690857068,0.8943479322678749,0.5710667322647451
post2017,C/2020 U5,2020.0,63.256985953178074,False,0.061387074942994835,3.888947958313268,3.7741321208579333,3.755963487095794,0.9991993818366288,1.1434736838497521,0.8838286962220058,0.5544476107020404
post2017,C/2020 V2,2020.0,92.19122849920697,False,0.3025915280330909,24.887115669110255,3.659461435512424,2.2279404902543085,1.00094148720505,1.1543959962098014,0.8979149261894399,0.5766369771541694
post2017,C/2020 W5,2020.0,103.67472511350512,False,0.03702598742636856,2.477659092490573,4.008765569286682,3.364509791640027,1.001703099393677,1.1558248340610329,0.8997511576212514,0.5794921348806147
post2017,C/2020 Y2,2020.0,141.43625973983,False,0.1226612002599433,8.518144460456611,1.709041160500067,3.1325258230067647,0.9971473602750357,1.1313691565584432,0.8681113217902016,0.5290333219826909
post2017,C/2020 Y3,2020.0,117.20452561165384,False,0.051556695846180486,4.490920553807566,3.303270793519672,1.9992321022648123,0.9867153300857109,1.0264587955790911,0.7261120833798637,0.23129579844423662
post2017,C/2021 A1,2021.0,117.85535558883377,False,0.1711602972619852,26.793319125889976,0.7455491846407256,0.6151079140852008,1.0000837965786542,1.1494892021013081,0.8915977368500159,0.5667499564215076
post2017,C/2021 A2,2021.0,157.84081494604158,False,0.11028720471036964,11.407960130699934,3.623333822894876,1.4129612654338526,0.9943350224039033,1.0759491890652149,0.7945361892693505,0.39692158521094817
post2017,C/2021 A6,2021.0,130.84379539197698,False,0.05304762349626679,2.313101249330666,6.530346943190101,7.927626670225283,0.9991860977227258,1.1453794740438157,0.8862929753582927,0.5583674658476854
post2017,C/2021 A7,2021.0,132.79023022685732,False,0.10976729585768753,9.607752596818361,3.739301917493745,1.9677098662698338,0.9997741316832266,1.1451705673039163,0.8860229832390022,0.5579388098846073
post2017,C/2021 A9,2021.0,148.45071167324727,False,0.03792408728053914,1.6713031022145006,3.414677605449501,7.760283294560326,1.002049644381902,1.151683239777207,0.8944246102340269,0.5711868101943547
post2017,C/2021 B2,2021.0,149.8545286878352,False,0.07946794769911406,6.167181686847394,2.7847831387251176,2.5130474843821995,0.9926665271249598,1.0957841677077784,0.8211967126137295,0.4479096220838608
post2017,C/2021 C1,2021.0,101.86844364493506,False,0.10260664692930149,6.753129213919838,3.583328330655366,3.4812519532866677,0.9998411160241155,1.146361837562047,0.887562144994479,0.56037982652386
post2017,C/2021 C4,2021.0,98.13129689118126,False,0.0830133742830982,4.8035826852387284,3.8566198490362904,4.504203631325427,0.9994931622984177,1.145209555217108,0.8860733739195271,0.5580188282816674
post2017,C/2021 C5,2021.0,106.99950226385828,False,0.009461404169708459,0.6451026170388652,3.728018351111455,3.241945702599453,0.9989414681574882,1.1415152670009985,0.8812934831285936,0.5503973039111287
post2017,C/2021 C6,2021.0,145.02226024701366,False,0.17281774634088087,11.733523141018532,3.202958049922445,3.2712298166783627,1.0017326053482156,1.156225314966015,0.9002655594749963,0.5802905016666557
post2017,C/2021 D2,2021.0,85.44657749465905,False,0.054074163555718924,3.8674088025961395,3.4766898424321035,2.9463522066766883,1.0015354056136174,1.1560797034160992,0.9000785406058872,0.5800003172472707
post2017,C/2021 E3,2021.0,91.24106311426215,False,0.1823549046730632,16.791384987719024,3.3236412030826097,1.777428153947164,1.0009872798778743,1.1566657707025976,0.9008311738187136,0.5811676113405773
post2017,C/2021 F1,2021.0,73.48711601112163,False,0.1813686548831398,22.342917162830744,3.341685101715368,0.9955302859017454,0.9958230083178259,1.0725231288211903,0.7898904737145293,0.38753831967003494
post2017,C/2021 G2,2021.0,98.08789985244859,False,0.07707590663601556,4.2392898625321065,4.406763370194709,4.9820889488141615,0.9996297201166557,1.1458678501723476,0.8869240264347138,0.5593685881553198
post2017,C/2021 G3,2021.0,124.53556024209625,False,0.05655683825823885,3.050402181657238,5.11940897224255,5.181136794603079,1.001079579239454,1.1507272756363498,0.8931933505697541,0.5692568403187918
post2017,C/2021 K2,2021.0,57.9832724820874,True,0.1883958697115436,9.896435543254736,4.249053322485349,5.466673234951964,1.000609865740992,1.1490654865086594,0.8910513963256832,0.5658900773486495
post2017,C/2021 K3,2021.0,41.887831963822705,True,0.19933271212056003,10.701212237290767,3.870466211212899,5.229576312842608,1.003173676419914,1.157542891974683,0.9019571194739142,0.5829113432739076
post2017,C/2021 L3,2021.0,59.5183321115342,True,0.056931525689785434,2.403765925348809,7.93953134877477,8.457889479796961,1.0026907693879636,1.1526086964939768,0.8956159365722074,0.5730505166124736
post2017,C/2021 N3,2021.0,63.53269383417847,False,0.18909913151191773,9.804246566829214,1.717357516824416,5.710315720373481,0.9643554443950684,1.034174880175284,0.7369794986253895,0.2634345651994841
post2017,C/2021 O3,2021.0,160.39198009148146,False,0.10796180790064369,24.723712702973792,4.309187999534791,0.28736753476870724,1.000141152566444,1.155568573075059,0.8994219397409068,0.5789808411640287
post2017,C/2021 P1,2021.0,69.27395593866899,False,0.1549000824230525,9.097227484307975,3.6163721829737963,4.374609467110655,1.0000457004491254,1.1473271872559747,0.8888086257599407,0.5623519911701079
post2017,C/2021 P2,2021.0,17.947803393581957,True,0.1101488249981006,6.009245093142279,2.204546022570169,5.069198171551294,0.9981455414193938,1.1408351818497597,0.880412409473391,0.5489854274044558
post2017,C/2021 P4,2021.0,119.5723282545619,False,0.10886791410586255,12.86968099350421,3.795661859103395,1.0804392342227156,0.9966184146322282,1.0919646185653553,0.8160930258292552,0.43848240050754633
post2017,C/2021 Q4,2021.0,42.40990799116159,True,0.25332335689022667,11.30948377339556,2.597544583400589,7.564914952841508,1.0032559872667983,1.1545297805758667,0.8980869183131034,0.5769047595512083
post2017,C/2021 Q6,2021.0,53.31998509117424,True,0.08268428839781729,3.4399489365473066,2.474006620056735,8.70868647556115,0.9998706910536317,1.1468919160898121,0.888246680714726,0.5614634044605572
post2017,C/2021 QM45,2021.0,100.41519006936936,False,0.18033436842604994,13.317272869007539,2.1333719621371414,2.7732889168389643,0.99221006401637,1.0977502854986732,0.8238184192654265,0.45269832854639186
post2017,C/2021 R2,2021.0,47.293302463787626,True,0.08371614760729454,3.8038655404702606,5.556353162077491,7.312009247338533,0.99747854726381,1.1411983293057382,0.8808829237865697,0.5497396785447514
post2017,C/2021 R7,2021.0,80.00694755905286,False,0.039637223100408174,2.0517553818006715,2.4397139562330756,5.643538637157546,0.9966844558400776,1.1369933713524558,0.87542848086408,0.5409565729850241
post2017,C/2021 S1,2021.0,112.57751030366562,False,0.050989277819526314,2.531601155677001,5.399302534431915,6.119241607817272,1.0016578778466563,1.1517999338980989,0.8945748634609807,0.5714220638756812
post2017,C/2021 S3,2021.0,79.19809085294018,False,0.13022373083593852,13.913777740345155,1.9542030619341444,1.3201337254346455,1.0001693126376292,1.14935221957177,0.8914211256432742,0.5664720752083309
post2017,C/2021 S4,2021.0,110.98554932962897,False,0.0697240390050968,3.3471566785678815,3.9879296477206863,6.689296394225769,0.9592671986864117,1.0370888486189822,0.7410630057818389,0.274651355878912
post2017,C/2021 T1,2021.0,58.67684057769383,True,0.21752328704286714,15.281811457152704,2.604306990409484,3.058039514748993,0.997989884785173,1.1357804539560503,0.8738525837904122,0.538402569593506
post2017,C/2021 T2,2021.0,104.09753853939554,False,0.22426156295579194,24.647583817623865,2.745927919153114,1.2476692007134544,1.0001534889724961,1.1492623333235987,0.8913052279690556,0.5662896768904417
post2017,C/2021 T4,2021.0,51.09456515758663,True,0.17672312463534356,17.81337192729148,3.7573248652277536,1.4833179691365488,0.9999014624454197,1.146003788148953,0.887099645507943,0.559647004644918
post2017,C/2021 U5,2021.0,148.82105406034105,False,0.07535148313026856,6.034376048595613,2.7746017301723067,2.363282587049531,0.9891123427090038,1.0649272007120998,0.77954540690397,0.36599184440747734
post2017,C/2021 V1,2021.0,101.2817315580936,False,0.23469686091261008,16.62680831537223,3.231137078405876,3.0134337898250267,0.9955639254925343,1.1215306919254304,0.8552497831273049,0.5076526177289081
post2017,C/2021 X1,2021.0,100.47043571838415,False,0.3623783203875125,24.744527537336577,3.303336461151865,3.2336573173120775,1.0006254879154524,1.1504710266200835,0.8928631931605402,0.5687386662154656
post2017,C/2021 X2,2021.0,102.6197661958623,False,0.26527572335317373,18.81965150368592,3.901237454073127,2.9945612872619596,1.0012479936670169,1.15429633073662,0.8977867885865731,0.576437426359794
post2017,C/2021 Y1,2021.0,151.4282739370422,False,0.14427876561846542,12.423711077422958,2.3112475665689716,2.03258179571355,1.0007810657110972,1.1537407559427584,0.8970723663851959,0.575324099338491
post2017,C/2022 A1,2022.0,150.37114243454965,False,0.03559472618300909,3.905728295911589,3.88952357499033,1.2529056061204775,0.9990797987248758,1.1344391477349596,0.8721085245095297,0.5355672387944392
post2017,C/2022 A2,2022.0,65.71605181068384,False,0.18873136288350917,17.58798491604733,3.2141512909038688,1.7353632390719285,1.000430580132619,1.1514089975043746,0.8940714614294524,0.5706336538360732
post2017,C/2022 A3,2022.0,156.21561156238025,False,0.029226936841701447,1.8664216896955472,3.812035874554915,3.7035799807690992,0.996008622272892,1.1284507288747532,0.8643044290679813,0.5227629815262744
post2017,C/2022 B4,2022.0,129.08296510624234,False,0.04122083748911905,4.312918225418169,3.9930791330607427,1.3796056075054022,0.9962545896603048,1.0994405910403167,0.8260694352387387,0.45678189607662806
post2017,C/2022 D2,2022.0,138.01649480697225,False,0.05807604211775109,5.724253312520589,4.140601958468165,1.5551482567916888,0.9957054872066132,1.0986029048006374,0.8249542054229229,0.4547619484880818
post2017,C/2022 E2,2022.0,108.12126724809782,False,0.2022180741990133,12.965718862558335,3.9878562192866456,3.6663850191838736,1.0008933008592507,1.1513322807897055,0.8939726614371343,0.5704788411016694
post2017,C/2022 E3,2022.0,106.48817967129214,False,0.19315006401748508,22.48759380029314,1.7936055898436583,1.1122676879374325,1.0003126050014783,1.151973411016414,0.8947982109377283,0.5717716563848456
post2017,C/2022 F1,2022.0,99.10636573081281,False,0.07687691419759483,3.862250237944085,1.7790296105930918,5.974681169544325,0.9992422089476938,1.144962907182234,0.8857545695234998,0.5575124628019281
post2017,C/2022 H1,2022.0,99.14387441123068,False,0.033844065160764124,1.500683677411872,7.443230492221247,7.689812151963579,0.992119443051482,1.1293757474056023,0.865511800864974,0.5247567685930704
post2017,C/2022 K1,2022.0,19.58358719921691,True,0.2372445011477068,14.587070387580658,3.6515957242998156,3.9868384746684806,1.0027258444290503,1.1588524811344274,0.9036371902705121,0.5855076091629353
post2017,C/2022 L1,2022.0,32.11535547287106,True,0.19537267611018688,19.029197383839488,3.035480709643087,1.5915567732743814,0.9971622069005093,1.1160448287651996,0.8480431347650375,0.4954151261011539
post2017,C/2022 L2,2022.0,102.52878042875963,False,0.05912636595943122,4.423256981186742,4.087756236863817,2.6928342161399303,1.0015301199912037,1.1568835925420213,0.9011108396315635,0.5816010093261635
post2017,C/2022 N2,2022.0,90.61865139719188,False,0.18524385369357027,11.62682868046046,3.050882820690349,3.8260220391850845,1.0035058581862255,1.1628078487304514,0.9087041276882747,0.5932977165179544
post2017,C/2022 O1,2022.0,111.71097072278037,False,0.08591773887228489,3.870457409863271,5.966758911564875,7.4305426860675485,1.0043067793959177,1.1570778453210453,0.9013602158634254,0.581987308701033
post2017,C/2022 P3,2022.0,121.01216652124242,False,0.08399954812795117,6.464060136567151,3.144719753568841,2.561291313741208,0.9894653840226278,1.0740447567753177,0.7919553258644827,0.3917297881356863
post2017,C/2022 QE78,2022.0,139.70745750036832,False,0.1468753230706186,7.703595776859403,1.93566083883407,5.478711693458106,1.0042440104533878,1.1604002238963196,0.9056212112286219,0.5885650065837308
post2017,C/2022 R2,2022.0,88.09691299071119,False,0.12252925615349895,18.92056708203967,4.182913077173701,0.6326025677910596,0.9985900865465723,1.1081334307108082,0.8376042017966917,0.47732566201198934
post2017,C/2022 R3,2022.0,89.65010406153144,False,0.1291164146587831,7.002749145235036,4.094454390970421,5.129267711854199,1.0010385383055664,1.1506261633449069,0.8930630808528521,0.5690524186136975
post2017,C/2022 R6,2022.0,171.08403258913415,False,0.055197538682581905,2.6445221168483006,2.7366249773204507,6.566463605689907,1.0046753929938346,1.1593344267778456,0.9042551695848267,0.5864609112878661
post2017,C/2022 S3,2022.0,134.58628432768137,False,0.22439103746633163,30.084210621426667,3.2235840542089007,0.8385636213987268,1.0005182214224855,1.157732439992567,0.9022003664484461,0.5832876562789763
post2017,C/2022 S4,2022.0,119.31964718900929,False,0.14475814418229452,10.693361304885725,2.8170028738751944,2.7620910175019175,0.9978838293858255,1.1338875346712423,0.8713908651640752,0.5343978187072868
post2017,C/2022 T1,2022.0,103.31394111521048,False,0.08393316923724674,5.55176966055123,3.285977271413233,3.4447998586182056,0.9996237832709267,1.1452666498787905,0.8861471649411036,0.5581359929988983
post2017,C/2022 U1,2022.0,42.6723764246303,True,0.13832285899564864,8.285460490740627,3.757120986077908,4.20204590318384,0.9993811583069796,1.144610504432308,0.8852989921294108,0.5567883747107704
post2017,C/2022 U3,2022.0,140.8382325421247,False,0.17151319836250478,9.583612765087707,3.3218354750712935,4.827379458660339,1.0033405964847222,1.1589938423212744,0.9038184691337077,0.5857873452840285
post2017,C/2022 U4,2022.0,53.258537810902915,True,0.021433391361472386,1.5455946023057647,2.4361082007708736,2.8982966095953437,0.9992341212854267,1.1425913658795512,0.8826868799246231,0.5526256569675144
post2017,C/2022 W2,2022.0,90.67468740120512,False,0.03730906987133459,2.59920299108011,3.3844831012129553,3.12282451741838,0.9907422638850705,1.0949483693983544,0.8200811119984918,0.44586098618784037
post2017,C/2022 W3,2022.0,30.684826698039192,True,0.19614601557346387,20.391996766581546,3.135635208113656,1.3977429557584118,0.9950741801618074,1.084813534603162,0.8064995371770359,0.4203575766112512
post2017,C/2023 A1,2023.0,116.46657292851563,False,0.10077308513152634,9.155348007713418,4.296584373002794,1.834717582499055,0.9919588765513794,1.0690757207690367,0.7852031554613127,0.3778928209084069
post2017,C/2023 A2,2023.0,17.377755700382757,True,0.1278402349978787,16.1305609427481,4.2807361496200045,0.9473922642310658,0.9982194581110864,1.1143388080990368,0.8457967118901266,0.4915598301243304
post2017,C/2023 A3,2023.0,134.97577539649583,False,0.20315515908617665,39.859197627087454,3.30851863496132,0.39148971313629327,1.0001312457165323,1.152901674464355,0.8959929517531269,0.5736395718035777
post2017,C/2023 B2,2023.0,126.36108146729948,False,0.052863129129497914,4.919414321215559,3.754767841658389,1.7431231724570233,0.9970856791222708,1.1180086940886975,0.8506259687233176,0.49982349626062345
post2017,C/2023 C2,2023.0,41.969988550634866,True,0.05376181742945502,4.288431661817914,3.72023459108232,2.3686310453196833,0.9993387415768513,1.1423335482226076,0.8823531231901546,0.5520924041780787
post2017,C/2023 F1,2023.0,129.83471373369207,False,0.06467873966500184,6.087108097326622,2.6715072528868364,1.708105585518088,0.9934331968868454,1.0789683408828117,0.7986199216373048,0.4050342800105759
post2017,C/2023 F3,2023.0,114.58060972712407,False,0.0911582362423686,4.912098617559991,2.2380658098774595,5.19078729513542,1.0040402704400684,1.1604634594283527,0.9057022354377778,0.5886896703906895
post2017,C/2023 H1,2023.0,57.674189060765706,True,0.1152018238916886,6.71263136267458,4.139310534912231,4.447743505992248,0.9941848823973013,1.1244251632227313,0.8590419351213499,0.5140155980558802
post2017,C/2023 H2,2023.0,86.75336049215119,False,0.21335957455407142,27.722692492777888,3.926892470215876,0.894434824026091,0.9964090474621891,1.0758486785627672,0.7944000741275268,0.39664904704477844
post2017,C/2023 H5,2023.0,78.39393671918438,False,0.06525264848891832,3.857402443795863,4.229087182958585,4.312828711541547,1.0004041396587244,1.1487587361705247,0.8906557879094867,0.5652669469236455
post2017,C/2023 K1,2023.0,77.67763162444032,False,0.07779485267596323,6.6930446990822166,3.352061895137723,2.0395636811680053,0.9973504852168553,1.1245721124199741,0.8592342722687976,0.5143369745497606
post2017,C/2023 Q1,2023.0,98.88169009258631,False,0.5786924632272993,44.266415640993074,2.2256839325571414,2.575708273761767,1.00539739115823,1.182655568125253,0.9339675001980704,0.6313115555523624
post2017,C/2023 Q2,2023.0,39.08841234865675,True,0.021931366836079845,1.5064480650922834,3.520975656141133,3.2095202743721702,0.9906914008765635,1.0961056796622206,0.8216256809498752,0.44869560767190153
post2017,C/2023 R2,2023.0,128.43026523910117,False,0.4559035877551387,58.81739575919469,2.3898105310768836,0.9054827433810124,1.0005203843936588,1.156994231176042,0.9012528777114712,0.5818210535301372
post2017,C/2023 S2,2023.0,21.075043053406983,True,0.7763638256843011,92.3932350593983,0.6475752127019184,1.0677295307458718,0.9929552100477349,1.0273616515146413,0.7273878343851092,0.23527016461755168
post2017,C/2023 T2,2023.0,87.85398596488207,False,0.4720838846746969,41.15071818595432,2.201697297624568,1.9954331101464187,0.9913546985563295,1.070002466442699,0.7864644790465917,0.3805067220821961
post2017,C/2023 T3,2023.0,117.69415537909718,False,0.029603032113322877,1.9321255449173051,3.8827463896485432,3.5483056656538747,0.9956028244230638,1.125621746730639,0.8606075849779053,0.5166279164633027
post2017,C/2023 U1,2023.0,143.50865934608174,False,0.0854297150440896,4.705641843739059,5.0802654141711425,4.972932210377811,0.9977956899026462,1.13949461835759,0.8786746177479337,0.5461941711719267
post2017,C/2023 V1,2023.0,44.23509586836455,True,0.07383334512376379,4.01989138876439,4.361309559200264,5.092703283231773,0.9999285834512828,1.1469061144895312,0.8882650134177532,0.5614924067249281
post2017,C/2023 V4,2023.0,90.64027286668666,False,0.21758652181296548,25.22056753133562,3.9276474865461695,1.1217408727553146,1.0010060163801748,1.1624770435461451,0.908280780034651,0.5926491070845082
post2017,C/2023 X1,2023.0,153.94658553905882,False,0.0635421938896156,8.014546149335843,2.3904414052692546,0.9505535970557248,0.9942653490450992,1.0381597061660977,0.7425608891636064,0.27866765665063553
post2017,C/2023 X2,2023.0,75.79061825219604,False,0.13154370102137225,7.160715405329054,2.798967949053978,5.0896936026578645,1.0005472535533357,1.1489961044999069,0.8909619221743029,0.5657491807437632
post2017,C/2023 X7,2023.0,145.0371556640039,False,0.2757713794136345,15.423919366520206,2.6460790495083906,4.821703475403546,1.0018624954678956,1.1537749838651765,0.8971163870990518,0.575392736093676
post2017,C/2024 A1,2024.0,145.85590610779565,False,0.39673853938293147,24.74935028216858,3.5041555428280975,3.875307087723103,1.001956814403888,1.1558034682619647,0.8997237108440312,0.5794495185973191
post2017,C/2024 B1,2024.0,79.97615298785595,False,0.2108408291323927,20.2506344861596,3.124173220872255,1.6337278177790688,1.0009013345256657,1.1566017737022785,0.9007490002990979,0.5810402312125512
post2017,C/2024 B2,2024.0,91.2000770095852,False,0.12995426697495732,7.909901037923949,3.12921415717923,4.076509728793871,0.9992670690052423,1.1440495096383927,0.884573557773696,0.5556342032849715
post2017,C/2024 D1,2024.0,75.54236264082724,False,0.07485843278047646,3.552124886037554,4.87601108272149,6.694733102662798,0.9988864890454692,1.1442818489425102,0.884874029694542,0.5561124321354163
post2017,C/2024 E1,2024.0,100.75259883033912,False,0.08768991676077212,14.309307295082005,1.1889258436451513,0.5659556521086923,1.0001067978288205,1.1503899209400974,0.8927586845330214,0.568574583987749
post2017,C/2024 G2,2024.0,121.70676724129378,False,0.08497424508378779,4.522669570326433,3.335013537165531,5.348256006567768,0.9927699012930825,1.1236449263110704,0.8580204071193052,0.5123065564492504
post2017,C/2024 G4,2024.0,18.21990772795355,True,0.09381370173797053,5.203890711382118,3.8461080548935693,4.8983723921612015,0.9985744762298692,1.1421288232631077,0.8820880611010097,0.5516686834365799
post2017,C/2024 G5,2024.0,144.55376403607207,False,0.053441481871611796,3.824661227170439,3.035121278317387,2.952942326228247,0.9943986002021564,1.114029232610329,0.8453888038760191,0.4908576356405562
post2017,C/2024 G6,2024.0,55.635280983219076,True,0.018313728016568328,0.8867083376899864,5.841180753863375,6.429835591301397,1.0021447758804576,1.1528728982687195,0.8959559242346049,0.5735817351684028
post2017,C/2024 G7,2024.0,94.46020019796049,False,0.02920879499818254,1.4612731425152117,2.330065703866282,6.027656655614129,1.0019065468624788,1.1525772298745895,0.8955754403923492,0.5729872234017621
post2017,C/2024 J2,2024.0,47.26275057594376,True,0.14165692093728144,12.960411360890413,3.924980517271766,1.8111268794419573,0.9879195626282746,1.0259733860546463,0.7254257284526126,0.22913200616394555
post2017,C/2024 J3,2024.0,32.13924071614533,True,0.10937719033193141,6.8300977904519575,3.4718815486070547,3.865296762945868,1.000677793196026,1.1501608282998559,0.8924634611926575,0.5681109207819269
post2017,C/2024 J4,2024.0,50.39890644315106,True,0.04092271017395318,2.1074901218659496,3.732700715643307,5.695136485331295,0.9990969568822767,1.14441574664229,0.8850471737548217,0.5563878939365129
post2017,C/2024 L2,2024.0,53.54452219675487,True,0.043975021539132325,1.8708980414353413,5.657191631082879,8.326429767961336,1.0036659933305307,1.154698647635141,0.8983039939012801,0.577242630274915
post2017,C/2024 L3,2024.0,28.095469452963567,True,0.2110910491415708,9.896974789605991,1.353352248997537,6.858552911993341,1.0057582584296934,1.1615043184876697,0.9070354901954353,0.5907388333449769
post2017,C/2024 N1,2024.0,52.17077411104202,True,0.4412100728087611,25.830917250044966,1.4944950913061124,4.398522087445944,1.0013643391369718,1.1524724373785769,0.8954405717443706,0.5727764016381928
post2017,C/2024 N3,2024.0,53.24713115696193,True,0.07400245165018281,4.05711748409715,4.830862782208999,5.0145899400781895,1.0012179604588158,1.1513192017135538,0.8939558170530032,0.5704524446354957
post2017,C/2024 N4,2024.0,96.23048815071195,False,0.1619156510906452,8.555871002475719,3.375986785781641,5.397728490001256,1.0044166179765441,1.1611416503308771,0.9065710290659416,0.5900254396967907
post2017,C/2024 O1,2024.0,48.63063307972527,True,0.17915257680847785,8.5559346368606,5.275078528960891,6.608510894163915,1.0019305256953468,1.1521631709727889,0.8950424968428254,0.5721538778181531
post2017,C/2024 Q3,2024.0,18.14056647459438,True,0.12899863605013767,10.950223236086215,2.4171873821413326,2.0915698381122003,1.0015933313711987,1.160181628551115,0.9053411013734466,0.5881339121184869
post2017,C/2024 Q4,2024.0,132.50595432084148,False,0.3041219890728194,16.039835410096774,1.1573823627077058,5.418728000055585,0.9957561696413496,1.1335910251120518,0.8710050004581833,0.5337683950655665
post2017,C/2024 R4,2024.0,61.321676120526945,False,0.02186785535640408,1.2785148376499786,2.597188467153347,4.40898304216659,1.0026574136698116,1.1574722314555348,0.9018664342347055,0.5827710133036245
post2017,C/2024 T5,2024.0,139.6946670492181,False,0.19181909233037467,12.015706484688675,3.236532887259629,3.8408661818378733,1.0023234152366012,1.1575096207320983,0.9019144198292505,0.5828452705852938
post2017,C/2024 U1,2024.0,134.10771718904866,False,0.2264390102448621,12.670127063519928,4.758402253826926,4.835881916066508,0.9932722228081432,1.1229532833846123,0.8571144470097615,0.5107877876580058
post2017,C/2024 V1,2024.0,126.87582855859195,False,0.14744196828113926,11.92433640579657,3.8782712719933032,2.3184651291333753,0.9901502135611618,1.0715534599181509,0.7885733422270422,0.384846599074019
post2017,C/2025 A1,2025.0,97.58437157719878,False,0.1878163274606174,9.966770050049881,2.0407705734151316,5.353769835387651,1.0008772934562762,1.1499636382741376,0.8922093184680707,0.5677115964193177
post2017,C/2025 B1,2025.0,125.20180112251722,False,0.3687927194514986,24.10040850168436,2.958767997286003,3.529826973188626,1.0027045638560166,1.160256753347818,0.9054373707207954,0.5882820930858749
post2017,C/2025 B2,2025.0,58.49164134861176,True,0.02794582727166136,1.19551540128112,6.494299046107907,8.23902987339066,1.0016851503978326,1.150661495756213,0.893108602816305,0.5691238574969453
post2017,C/2025 D1,2025.0,143.93205301345475,False,0.014210493082777362,0.4643616529927746,9.185396333590164,14.116633932622314,1.0019556229583066,1.1495287409893182,0.8916487116398782,0.566830145384634
post2017,C/2025 D5,2025.0,122.70098306349325,False,0.037097811480937236,3.2119466477978786,3.3384073349348453,2.0121774447958076,0.9993288919184149,1.1413940077675993,0.8811364137160317,0.5501457700683162
post2017,C/2025 D6,2025.0,101.69964256790315,False,0.18148880449602753,14.09513447705728,1.6230801378642923,2.503735143115029,0.9978835290801085,1.1325083417755006,0.8695954477799788,0.5314651743504673
post2017,C/2025 E1,2025.0,111.35147973647169,False,0.032484863389581946,1.9957264428282198,4.134915965397401,3.9981751891951434,0.9973939392624548,1.1358761929475938,0.873977015895548,0.5386045052368182
post2017,C/2025 F1,2025.0,161.3068960715797,False,0.09887592132350166,11.748023193415644,3.6276036893589407,1.0699862537277658,0.9964299268108368,1.0882210941751391,0.8110772148299473,0.42907486195769545
post2017,C/2025 F2,2025.0,108.43556432691832,False,0.26928978780348845,57.242904069218945,0.906578974293234,0.3335233690034984,1.000164053168258,1.1555803136310283,0.8994370238433336,0.579004273393439
post2017,C/2025 J1,2025.0,122.04175079947854,False,0.27467810848382124,17.841980532706636,3.1948345631289548,3.5802823172886624,0.9973181820999056,1.1341851096009898,0.8717780459779753,0.5350289246357505
post2017,C/2025 K3,2025.0,126.74997268955063,False,0.3294456338137698,21.71284368408471,2.080882791865208,3.469652651315471,1.001455204404584,1.1543417461326115,0.8978451790108661,0.5765283637608518
post2017,C/2025 L1,2025.0,96.36096584852719,False,0.0009890126170452348,0.09368138618278903,3.0209078265672216,1.6796868371287794,1.001485745219444,1.1622682031466243,0.9080134771324981,0.5922393632662056
post2017,C/2025 L2,2025.0,94.02828247882817,False,0.017414244282728177,1.2720379496655903,3.7698429384357164,2.833665365587646,0.9942950015404668,1.1119647630419276,0.842666442226969,0.4861540101687617
post2017,C/2025 M1,2025.0,87.38205827814446,False,0.026924875314377095,1.0051720691701955,9.594564459538237,10.821598739169692,0.9991645508685212,1.1458182405788928,0.8868599320365518,0.5592669557551099
post2017,C/2025 M2,2025.0,86.72591068229414,False,0.18047512730670298,13.43228976380793,2.396814313402306,2.720727335330967,1.0019643371728417,1.1595043187651761,0.9044729757398299,0.5867966876111127
post2017,C/2025 M3,2025.0,80.76723065799094,False,0.042058096682561504,2.031411726142999,5.298235731919244,6.471388205819477,0.9994207769427291,1.1456062712944595,0.8865860519079702,0.558832547535908
post2017,C/2025 N2,2025.0,90.51956331135162,False,0.077159375765244,3.1604806316473613,6.38224922208698,8.98493783176252,1.0033876571891571,1.1536169605230155,0.8969131453016664,0.5750758027970219
post2017,C/2025 O2,2025.0,128.11170469204708,False,0.22086992423779672,17.9284527622572,3.4930078936713427,2.2886417476043914,0.99901250138715,1.1396987250867536,0.8789392940203204,0.5466198599764284
post2017,C/2025 Q1,2025.0,108.59642621061434,False,0.003794723160073856,0.14681568615587948,9.646299280647478,10.09989397125718,0.9925011657523167,1.1342997160243307,0.8719271439641302,0.5352718310626441
post2017,C/2025 Q3,2025.0,129.3300083765193,False,0.24203575091972632,20.46373838635479,3.9878840983912007,2.112511832751158,0.9973029037612643,1.1249640789002562,0.8597472171658769,0.5151934259791949
post2017,C/2025 R1,2025.0,43.01869974240713,True,0.40697327944820827,35.67070157739808,1.8673453700445448,1.9752260181867256,0.9881390697393787,1.0386940797682178,0.7433078029686708,0.28065188170012917
post2017,C/2025 R3,2025.0,66.21946901387626,False,0.03546260851181341,6.165436274443327,1.6504098229778876,0.49862717985613175,1.0003664429892025,1.1597241443576185,0.9047547676661216,0.5872309412507898
post2017,C/2025 T1,2025.0,49.50822108924831,True,0.1729113116401846,20.160446390735284,2.760638625969229,1.1088277403958366,0.9997439851176205,1.1431676016536254,0.8834326596176245,0.5538160821308646
post2017,C/2025 V2,2025.0,43.54688778034061,True,0.1108807687191674,9.736395944582611,2.097051138779753,1.9546250611242402,1.000619730407623,1.1525902219279622,0.8955921606917499,0.5730133567729708
post2017,C/2025 Y1,2025.0,28.958669465196365,True,0.1264540967257997,9.625129837299578,1.992921328025732,2.6019200519859185,0.9995318873643038,1.1440474960302194,0.8845709535032126,0.5556300572586885
post2017,C/2025 Y3,2025.0,159.577808008906,False,0.34133806246023063,28.08276579723712,3.8280440952732553,2.227367533792655,1.0009217501228227,1.1542463266179295,0.8977224967213151,0.576337288284614
post2017,C/2026 A2,2026.0,69.87005075250983,False,0.08416912675899368,7.426842221346205,2.1619181136408714,1.9378107210546114,0.9976022799877741,1.1256550298990653,0.8606511168560891,0.516700429352777
post2017,C/2026 A3,2026.0,132.82584441571038,False,0.22739637264038667,12.709108697915742,3.823340348857959,4.824803529925082,1.001208740199943,1.151450231474217,0.8941245630059583,0.5707168500388846
post2017,C/2026 B2,2026.0,27.944020754975682,True,0.16739804982563772,18.14602706244773,2.9214186086672767,1.2842687980324259,0.99757188943146,1.1141396431876194,0.8455342944735024,0.4911081671877532
post2017,C/2026 B3,2026.0,142.49906979197794,False,0.09064528041411292,4.622333259400403,3.5308241037502377,5.816224692646554,0.9947936313578464,1.1316396585990955,0.8684638251089364,0.5296115597969477
post2017,C/2026 C1,2026.0,110.13606154184279,False,0.0892670898480954,10.208199870890152,2.2920542348487407,1.1524207987563118,0.9999236123951153,1.1460063033804426,0.8871028948190142,0.5596521551320834
post2017,C/2026 H1,2026.0,116.3366513365536,False,0.08218183062023779,4.092558326319859,3.1739586095353696,6.083889444176246,1.0006371260494744,1.1489480278030075,0.8908999209793366,0.5656515340284148
post2017,C/2026 H2,2026.0,41.676557658749395,True,0.06937153254566437,3.9946846200890875,2.384600737432031,4.546516907367235,1.0021410366806225,1.1552222085879051,0.8989768905946833,0.5782892343550899
post2017,C/2026 H3,2026.0,37.40469847594254,True,0.033435984629265995,1.4767549243129106,3.9367750279691416,7.728181664276438,1.003862732727732,1.155716022463935,0.8996113734210046,0.579275074499272
post2017,C/2026 L1,2026.0,61.44750019786617,False,0.047783949961054506,2.6598875447687247,4.375395049001208,4.8787452463724055,0.9938457410316532,1.1252321896030353,0.8600980055362347,0.5157786035452806
post2017,C/2026 L2,2026.0,42.73164481367208,True,0.08565437561350736,5.705689672263459,3.771603219876643,3.3985872199484746,0.9987857721205092,1.140983185394765,0.8806041834798153,0.5492929243216801
post2017,C/2026 M3,2026.0,19.097253538207998,True,0.027562341531833297,0.975000988037032,7.950504061166685,12.051561292836046,1.0007803735381517,1.1482611181648579,0.8900138729805156,0.5642549803461979
post2017,C/2026 N1,2026.0,35.223612427520344,True,0.019878373967742335,1.0692000528709142,3.570249795540972,5.211571205021694,0.999492114586142,1.1454693129219837,0.8864090734274604,0.5585517292088887
post2017,C/2026 O1,2026.0,101.36938253709431,False,0.24182033609456643,24.23689827243405,0.9083662003777876,1.5000100348726166,1.001179234372063,1.160596075520192,0.9058721483307889,0.588951048788564
post2017,C/2026 P2,2026.0,76.1059472169858,False,2.002211263449895,156.1289069163851,0.4981301447740992,2.480297870380425,0.9999318162788697,1.1466743157861075,0.8879657004029522,0.5610187820740197
