desig,yr,q,i,e,cc,arc,nobs,ng,theta,drot,d_in,d_out,daa,denc,aa_back,aa_fwd,t_back,t_fwd,aph_lb,dtau,dtau_in,dtau_out,modern_fit,in_code,f_pre
C/1850 J1 (Petersen),1850,1.081,68.18,0.9986,,167.0,170.0,False,62.23599357943323,0.10104021840989488,0.11558782369968583,0.041009258603507445,-802.1818378161051,4.173241832041142,2224.7847233108682,1422.602885494763,-328.0,317.0,-0.092295;0.995687;0.009447,11.93727568926797,13.655985107119756,4.8449897819560945,False,False,0.4971856287412881
C/1850 Q1 (Bond),1850,0.566,40.06,1.0,,76.0,50.0,False,129.40403089429077,0.3984235637349947,0.037945878655657385,0.4261073225224403,1312.1170534507728,1.7381188085430386,173.09005262717224,1485.2071060779451,-300.0,316.0,-0.076033;-0.815361;0.573939,65.01445944304744,6.1919801272847,69.53187451771062,False,False,0.668947368419092
C/1851 P1 (Brorsen),1851,0.985,38.2,1.0,,60.0,151.0,False,88.52571574205139,0.17643911647932342,0.19621328394408827,0.04762544751114315,-395.0704190905114,2.4045603537244977,490.0772203371783,95.0068012466669,-304.0,300.0,-0.531826;0.581516;-0.615630,21.82688174559073,24.273099021460556,5.891635775836469,False,False,0.42916666666666664
C/1853 E1 (Secchi),1853,1.092,159.76,1.0,,36.0,107.0,False,66.5572453952084,0.1389913603049451,0.08358089345084184,0.06205327538209622,531.2037998227163,4.341737365883163,238.90494833337212,770.1087481560884,-302.0,308.0,0.853064;-0.392702;0.343609,16.329291126704966,9.819435818129387,7.290280466762166,False,False,0.0
C/1853 L1 (Klinkerfues),1853,0.307,61.5,1.0003,,213.0,350.0,False,101.59076179756994,0.049550096607513014,0.06781720891730796,0.030342502491729154,-648.3951461734957,4.812749522079992,-24.481012179983473,-672.8761583534792,-297.0,290.0,-0.735513;0.661798;-0.145062,10.978348690304754,15.025620890203555,6.722702785611437,False,False,0.39065727699513025
C/1853 W1 (van Arsdale),1853,2.045,113.88,1.0,,88.0,80.0,False,151.72226545646748,0.045681794402900947,0.05313172045128332,0.06057167488334719,-429.9940762183278,4.063432390775664,735.9545493862365,305.96047316790873,-309.0,304.0,-0.598512;-0.788176;-0.143393,3.923037731761122,4.5628186635009245,5.201743257884119,False,False,0.36863636363572866
C/1854 F1 (Great comet),1854,0.277,97.49,1.0,,30.0,200.0,False,67.29515110031241,0.11421780695448044,0.09500686710992992,0.049928492955481685,49.53339160422763,4.641062293267409,640.692626226017,690.2260178302446,-305.0,305.0,0.236341;-0.042756;-0.970729,26.642545800991613,22.16138512792325,11.646364046116252,False,False,0.0
C/1854 L1 (Klinkerfues),1854,0.648,108.7,1.0,,54.0,227.0,False,76.59377117590967,0.1680040189019132,0.11152280054703927,0.06628316233362948,-102.53461184775989,4.492919813534304,443.2173249571172,340.68271310935734,-303.0,302.0,-0.204609;0.351742;-0.913462,25.622757817927255,17.008650913655327,10.109028504088991,False,False,0.3055555555555556
C/1855 V1 (Bruhns),1855,1.231,169.82,1.0,,51.0,104.0,False,126.75098184790829,0.18772466299080814,0.06438471976656147,0.12824875398103705,-900.637469360405,3.3800256464973737,919.7426399961939,19.105170635788912,-310.0,299.0,-0.042449;-0.994130;0.099515,20.776758311917195,7.125892465370231,14.194157138526897,False,False,0.25274509804177225
C/1857 D1 (d'Arrest),1857,0.772,87.95,1.0,,67.0,252.0,False,74.68951267296778,0.17811869440963213,0.25065144649304233,0.07878286011418152,-1120.4727344943321,3.033073977247408,1558.473431505236,438.0006970109039,-318.0,303.0,0.353737;-0.390684;-0.849845,24.893963041979195,35.03117887820649,11.010734243950278,False,False,0.3861194029867427
C/1857 Q1 (Klinkerfues),1857,0.563,123.96,0.9969,,42.0,104.0,False,35.04948429769307,0.17362052638368058,0.23440666425901385,0.06371396171433831,677.4795624713315,2.039563265523879,5594.875067455873,6272.354629927205,-407.0,436.0,0.416106;0.605530;-0.678372,28.428350226103216,38.381376244428886,10.432423260283306,False,False,0.9614285714259105
C/1857 V1 (Donati-van Arsdale),1857,1.009,142.16,1.0,,39.0,69.0,False,128.32233985614727,0.2353673954639511,0.12553308914496214,0.121465325223914,64.071106014312,4.402410835711388,216.82679290755365,280.89789892186565,-301.0,302.0,-0.562403;-0.556685;-0.611396,28.766497828074883,15.342598022643998,14.845437735131386,False,False,0.24512820512963793
C/1858 L1 (Donati),1858,0.578,116.95,0.9963,,270.0,1000.0,False,121.00305109274144,0.1770963065200179,0.0967161954441002,0.11899751837046461,543.0887860032008,3.8681449620453967,6491.453918004973,7034.542704008174,-447.0,483.0,-0.693371;-0.202852;-0.691439,28.623046799507446,15.631676588093471,19.232877321233428,False,False,0.42762962962949164
C/1859 G1 (Tempel),1859,0.201,95.49,1.0,,32.0,29.0,False,115.98617478666358,0.18884345935441305,0.12015913371333264,0.12042284589776393,239.2458333155206,5.170921482201589,582.6450079220012,821.8908412375218,-304.0,307.0,-0.210723;-0.089868;0.973406,51.71054954140083,32.90288611518116,32.97509778734775,False,False,1.0
C/1860 H1 (Rumker),1860,1.307,48.24,1.0,,56.0,55.0,False,137.05784586283573,0.4816169719783246,0.09445112713114066,0.5737508281749548,2241.3179321086163,1.6732826745307174,81.27459771790453,2322.592529826521,-300.0,330.0,-0.657554;-0.571406;-0.491038,51.717561726354376,10.142462333632947,61.611188139400994,False,False,0.0
C/1860 M1 (Great comet),1860,0.293,79.32,1.0,,118.0,300.0,False,77.27070249652766,0.11758228885741202,0.12786939749947093,0.053871265753544055,-273.54565613771723,4.725783143021813,707.4417833784426,433.8961272407253,-306.0,302.0,0.165174;-0.235849;-0.957650,26.668164467492037,29.001324570320673,12.218232772536496,False,False,0.0
C/1861 Y1 (Tuttle),1861,0.839,138.0,1.0,,35.0,30.0,False,54.559252288581874,0.248145281872075,0.12112103322449173,0.12721294239724523,22.165116383853274,3.6049463137143603,298.0533997231527,320.218516107006,-302.0,302.0,0.930287;-0.183933;0.317388,33.25942316875364,16.23410152414982,17.050612656473803,False,False,0.0
C/1862 W1 (Respighi),1862,0.803,137.54,1.0,,84.0,25.0,False,87.09492328645433,0.18732703972211234,0.1148233955101154,0.07381197752610978,445.98776345277275,4.338652076245344,226.46303424738534,672.4507977001581,-301.0,306.0,0.610231;-0.596392;0.521474,25.66403632071146,15.730947316577764,10.112332287659656,False,False,0.36511904761816066
C/1862 X1 (Bruhns),1862,0.795,85.36,1.0,,102.0,120.0,False,74.53582643385248,0.09489010310727063,0.10868199515297725,0.09216086933123516,250.19827321153002,4.26718078329841,667.8621877195224,918.0604609310524,-306.0,309.0,0.195574;-0.197202;-0.960657,13.066447499514046,14.965602705726303,12.69062969891419,False,False,0.6371568627472893
C/1863 G1 (Klinkerfues),1863,1.068,112.62,0.9992,,170.0,49.0,False,38.28240337047817,0.16117284442762386,0.12011031036102793,0.09481806748308537,-673.3383816688937,4.751390542296539,1522.0922479118533,848.7538662429596,-318.0,309.0,0.314686;0.946901;-0.065957,19.153375867873745,14.273607493381471,11.267940899215695,False,False,0.0
C/1863 G2 (Respighi),1863,0.629,85.5,0.9991,,48.0,160.0,False,54.711421769090535,0.17920509162960493,0.15997366292545936,0.09489740296303141,-687.5670684154816,4.699815857683645,2152.9134760578554,1465.3464076423738,-326.0,316.0,0.110871;0.555713;-0.823948,27.74818741583783,24.7703853729142,14.69395148736648,False,False,0.13249999999728365
C/1863 T1 (Baeker),1863,1.313,83.32,1.0007,,185.0,176.0,False,74.63839128457045,0.2530348086048882,0.05982208079649033,0.27318078644710875,756.3992347839129,3.3313961818176114,44.29003170323881,800.6892664871517,-300.0,309.0,0.167826;-0.163950;-0.972088,27.10920229830312,6.409113825717975,29.267566959011457,False,False,0.4252432432428405
C/1863 V1 (Tempel),1863,0.706,78.08,0.9989,,92.0,58.0,False,115.19924863663633,0.09840187494723872,0.06294924518514067,0.1369036871613668,998.4305030413102,4.223092703450713,1611.1351283663316,2609.565631407642,-318.0,334.0,0.152241;-0.987159;0.048373,14.380933406279631,9.199711930981655,20.00777738429671,False,False,0.0
C/1864 N1 (Tempel),1864,0.909,178.13,0.9964,,78.0,206.0,False,91.75133479248443,0.15903592215826953,0.07490891434296952,0.08436890008495862,-626.0382720657467,3.0521438805619976,4687.387019127888,4061.3487470621417,-379.0,363.0,-0.587749;0.808896;-0.015469,20.499294575989786,9.6555537934124,10.874920033303217,False,False,0.4882051282060834
C/1864 O1 (Donati-Toussaint),1864,0.931,109.71,0.9994,,213.0,57.0,False,64.99533621639895,0.1922598918635849,0.13586813083412672,0.06125217100059077,249.3841121728383,3.923879469808488,1090.741025843258,1340.1251380160963,-312.0,315.0,0.655111;0.112960;0.747040,24.467334213213807,17.290818869293695,7.795059721659165,False,False,0.3609859154935699
C/1864 X1 (Baeker),1864,0.771,48.86,1.0,,69.0,123.0,False,103.24768264107307,0.3088675276447414,0.3919056822150284,0.08726001965221734,-1532.0042175023602,2.820274711879037,1611.556557010282,79.55233950792167,-319.0,299.0,-0.681139;0.316711;-0.660109,43.19590001248185,54.808994627480615,12.203533057446528,False,False,0.07173913043748209
C/1867 S1 (Baeker-Winnecke),1867,0.33,96.57,1.0,,34.0,57.0,False,38.31365079883625,0.10232961462001719,0.06762194333501309,0.09292763541265467,889.2630389521531,3.8286442663226627,177.30187470797537,1066.5649136601285,-299.0,310.0,0.282214;0.808353;-0.516643,21.868210215899673,14.451054834408147,19.85897311952638,False,False,1.0
C/1868 L1 (Winnecke),1868,0.579,131.56,1.0,,33.0,201.0,False,59.739835385636205,0.13847064563594627,0.07824907660381955,0.07331804273739975,571.6270122550311,4.520671107848929,185.50193026587732,757.1289425209084,-300.0,307.0,-0.080127;0.795917;-0.600080,22.34048595609661,12.624498058174394,11.828938159281348,False,False,0.3933333333327689
C/1870 Q1 (Coggia),1870,1.817,99.36,1.0,,98.0,79.0,False,160.06873990151922,0.14770223615418365,0.0617862413652183,0.12382440746069584,475.3724355481236,4.197793697417286,258.6461830495459,734.0186185976695,-303.0,309.0,-0.959948;-0.266442;0.086654,13.453124358734629,5.627660151857026,11.278266298395408,False,False,0.0
C/1871 G1 (Winnecke),1871,0.654,87.6,0.9978,,120.0,130.0,False,113.96290591379575,0.18661858967045025,0.10674581809767719,0.09630862668263646,-393.37808794824014,3.7282550774661054,4036.161930241178,3642.783842292938,-362.0,353.0,0.169086;-0.716809;0.676457,28.347537158086205,16.21478894646988,14.6293698733411,False,False,0.5425000000007761
C/1871 L1 (Tempel),1871,1.083,101.98,1.0,,98.0,185.0,False,83.73255298086436,0.16642062565330293,0.08436059758419505,0.09357403090476481,95.09755476570152,3.7281323875227383,235.3542348089782,330.4517895746797,-301.0,303.0,0.021417;-0.232808;-0.972287,19.632839525524034,9.952120226360542,11.039039934490313,False,False,0.44418367346729704
C/1871 V1 (Tempel),1871,0.691,98.3,0.9957,,110.0,57.0,False,105.77595069329514,0.31749405391403474,0.027159289942206497,0.3439066068342038,373.12903029164954,1.7740816021170756,6696.845905653952,7069.974935945602,-460.0,487.0,-0.324364;0.345467;0.880591,46.942055223425186,4.015548866440413,50.84719770557675,False,False,0.4351818181828342
C/1873 Q1 (Borrelly),1873,0.794,95.97,0.9965,,31.0,50.0,False,163.56390628325818,0.07477130182863792,0.04467058327868187,0.09375653896510194,783.6372555493153,4.167261631684978,4683.189586841864,5466.8268423911795,-378.0,403.0,-0.613105;-0.753914;0.236044,10.310775033958915,6.159961423137976,12.928791629805698,False,False,0.6864516128966164
C/1873 Q2 (Henry),1873,0.385,121.46,0.9997,,97.0,118.0,False,112.7101406330809,0.1216407740626623,0.031994451815781595,0.15355391949374006,-517.067254915918,3.059589984518022,1572.3925253115042,1055.3252703955861,-317.0,310.0,-0.580544;0.436026;0.687641,24.070054099715318,6.331003662471621,30.38496900335131,False,False,0.4048453608249343
C/1874 G1 (Winnecke),1874,0.886,148.41,1.0,,65.0,148.0,False,89.88993070057423,0.07417347954519239,0.116378087247903,0.10219718364966442,-839.8958905236245,0.7927364793372838,1071.181354081353,231.2854635577284,-312.0,301.0,-0.492164;0.834909;0.246379,9.67603383888796,15.181683766495922,13.33176511735176,False,False,0.0
C/1874 H1 (Coggia),1874,0.676,66.34,0.9988,,185.0,638.0,False,70.99926625956803,0.1701290304735141,0.2198244630363354,0.05423380465071614,-1393.169307186627,3.1398293657209866,3344.9111998080502,1951.7418926214232,-347.0,323.0,-0.293048;0.857037;-0.423806,25.41635331636886,32.840581084616126,8.102235913864947,False,False,0.4505945945938898
C/1874 O1 (Borrelly),1874,0.983,41.83,0.9988,,87.0,125.0,False,110.18864789004533,0.08042485919995085,0.09454285196487294,0.05238521806143385,-389.5964206886563,4.287515487948842,1727.3322850892323,1337.735864400576,-321.0,315.0,-0.726712;0.169117;-0.665800,9.96232032734901,11.711132419810038,6.489017549269789,False,False,0.3717241379293217
C/1874 X1 (Borrelly),1874,0.508,99.22,1.0,,31.0,20.0,False,64.72048328842709,0.07693083803850832,0.08038085707916336,0.0563304005949026,-772.0570124797557,4.899652742722485,936.915464366287,164.8584518865312,-309.0,300.0,-0.184596;0.942748;-0.277761,13.252042136557337,13.846339545299982,9.703427926771589,False,False,0.0
C/1877 C1 (Borrelly),1877,0.807,152.89,1.0,,53.0,97.0,False,23.195571471170698,0.08814013609952286,0.05255129435338297,0.056839583308649,673.789106632532,2.058489148238202,114.34857410627419,788.1376807388062,-300.0,308.0,0.932478;0.346569;0.101854,12.045074416650241,7.181566527910276,7.767596478306033,False,False,0.0
C/1877 G1 (Winnecke),1877,0.95,121.15,0.9987,,98.0,274.0,False,60.03104163231683,0.2019563952707306,0.12467050757972209,0.08748678562102565,-85.1545425668985,3.4641844748989574,1718.0740009923807,1632.9194584254822,-320.0,319.0,-0.029083;0.644464;-0.764081,25.446942556450438,15.708753568372353,11.02352418779474,False,False,0.12408163265458175
C/1877 R1 (Coggia),1877,1.576,102.23,1.0,,86.0,63.0,False,113.50367191988666,0.12132626971436355,0.0729574015756921,0.054068068578325336,-206.92463923412043,2.9500634247612654,577.2190652418108,370.29442600769033,-306.0,304.0,-0.116296;-0.801630;-0.586400,11.866920933939713,7.1359625420176345,5.288397116142909,False,False,0.0
C/1880 S1 (Hartwig),1880,0.355,141.91,1.0,,35.0,140.0,False,137.70539107730832,0.1446697877416418,0.048753749296151574,0.10398946073720229,-804.3948059307651,4.943869228460798,1012.2909715128629,207.89616558209786,-310.0,300.0,-0.200845;-0.907152;0.369779,29.810221799811664,10.046051098700513,21.427755841840618,False,False,0.0
C/1881 K1 (Great comet),1881,0.735,63.43,0.9959,,232.0,157.0,False,58.52593082527459,0.13561444831352193,0.05670181212156613,0.1382158300739833,852.4111840823925,3.957420766513781,5552.22581588244,6404.636999964832,-406.0,443.0,-0.000125;0.995879;0.090695,19.438750251185304,8.127543770797875,19.81162800114814,False,False,0.0
C/1881 N1 (Schaeberle),1881,0.634,140.23,1.0,,96.0,500.0,False,103.23711704922131,0.15920190982440868,0.08864719752029553,0.08404362448582287,672.2119596624954,3.986150697769126,106.32632151440589,778.5382811769013,-299.0,307.0,-0.723368;0.428726;-0.541233,24.54559037579719,13.667535777023398,12.957761515559689,False,False,0.4146875000005821
C/1881 W1 (Swift),1881,1.925,144.8,0.9902,,55.0,61.0,False,129.77458428659483,0.26984629648294883,0.13329714482381955,0.14440743910369458,-25.76989767811574,3.935692142975291,5341.836272597198,5316.066374919083,-402.0,401.0,-0.431720;-0.744428;-0.509356,23.93772977871092,11.82462414587154,12.810204551087189,False,False,0.04072727273133668
C/1885 N1 (Barnard),1885,2.506,80.61,1.0,,35.0,32.0,False,60.29056193534623,0.05247084396441561,0.11494664900630029,0.08598214476149185,-659.5771310997687,4.316474438293798,673.3094929114324,13.732361811663576,-309.0,301.0,-0.065694;0.997580;-0.022791,4.07073948861633,8.917673661041121,6.670579040693514,False,False,0.7557142857196075
C/1885 X1 (Fabry),1885,0.642,82.63,1.0004,,142.0,46.0,False,39.977784898435125,0.12307059684705728,0.08430198164135926,0.09432842812667389,-253.91400114136013,4.162677265128,123.17567165338393,-130.73832948797622,-299.0,297.0,0.533693;0.286700;-0.795597,18.856361584958613,12.916396677050994,14.45260682945874,False,True,0.8764788732391743
C/1885 X2 (Barnard),1885,0.479,84.44,1.0002,,150.0,76.0,False,50.727135467606196,0.07111903991495343,0.11519785570099791,0.07891953868983417,-450.69939918850235,4.130563445910597,448.75523023952354,-1.9441689489788097,-303.0,298.0,0.248125;0.436985;-0.864568,12.615486022896512,20.434428532801718,13.999181350952234,False,True,0.9986000000002484
C/1886 T1 (Barnard-Hartwig),1886,0.663,101.62,1.0004,,236.0,62.0,False,87.45580246088053,0.13162898210503968,0.1515143464675511,0.02600636373849246,-35.215530910618696,4.567537798624183,156.94657114718586,121.73104023656717,-300.0,299.0,-0.086548;-0.193679;-0.977240,19.845798403279066,22.84392940758349,3.92099858027169,False,True,0.3008474576271186
C/1887 B3 (Barnard),1887,1.481,85.59,1.0,,119.0,86.0,False,48.28270988658116,0.15001708097767877,0.1526798384380009,0.10238119333573478,-766.4184973817413,3.0737089091578498,686.0089881220871,-80.40950925965426,-308.0,298.0,0.108799;0.841645;-0.528958,15.13686845625387,15.405543257450686,10.330361354970632,False,False,0.0
C/1887 D1 (Barnard),1887,1.006,139.78,1.0,,52.0,75.0,False,99.81032068093576,0.13402133084503226,0.10806178208554774,0.06353966081123523,684.2009985626041,4.439363317585663,253.98784374969728,938.1888423123014,-301.0,310.0,0.276367;-0.880994;-0.384019,16.40458311285364,13.22706224724193,7.777430951985462,False,False,0.7680769230758485
C/1887 J1 (Barnard),1887,1.394,17.55,0.9961,,91.0,313.0,False,47.7228957669021,0.286634025329851,0.3347470295888508,0.04951648291487523,-1301.2373556640923,3.9081440550051574,4324.694611798783,3023.4572561346904,-371.0,343.0,0.145592;0.986184;-0.079024,29.847943410000426,34.85807515118202,5.156279608482087,False,False,0.38637362637526385
C/1888 D1 (Sawerthal),1888,0.699,42.25,0.9959,,201.0,186.0,False,35.18977118306113,0.056768222421357824,0.07496946419958969,0.04017911958119977,-357.7854778344836,3.4096620981205885,6715.287278377504,6357.50180054302,-461.0,440.0,0.391363;0.920235;0.001296,8.345252245896475,11.020938525105166,5.906559578955552,False,False,0.13681592039800994
C/1888 P1 (Brooks),1888,0.902,74.19,0.9999,,82.0,257.0,False,77.27672166608716,0.6349442571118918,0.039894213127109994,0.674729148399475,1622.7163106212122,1.0104880687083875,369.83051877310095,1992.5468293943131,-303.0,324.0,0.343516;-0.446236;-0.826360,82.07881376797299,5.157097891670272,87.22177969954315,False,False,0.0
C/1888 R1 (Barnard),1888,1.815,166.38,1.0012,,684.0,173.0,False,162.0361301485609,0.20695159782274283,0.0545885125096595,0.15629593552602647,-620.5158750285667,1.926296631645566,106.10945333527432,-514.4064216932924,-301.0,294.0,-0.948325;-0.307333;0.078910,18.858793232691763,4.97446495282262,14.242715505487809,False,False,0.22027777777766885
C/1888 U1 (Barnard),1888,1.528,56.34,0.9915,,201.0,54.0,False,124.94262871182302,0.10039190045090007,0.047744606318123446,0.10738914322256934,159.66399159782304,3.557509855734649,5666.490339297757,5826.15433089558,-412.0,419.0,-0.071075;-0.624811;0.777535,9.991751665786698,4.751899780448503,10.688169522264417,False,False,0.0
C/1889 G1 (Barnard),1889,2.256,163.85,0.9998,,525.0,41.0,False,137.9759147821729,0.13015880422745846,0.05369002407487976,0.12818249635648168,334.65469788186874,2.7110490423067093,974.2211770318011,1308.8758749136698,-313.0,317.0,-0.215442;-0.949054;0.229960,10.644010153065958,4.390614716870735,10.48239341750115,False,False,0.13582857142867785
C/1889 O1 (Davidson),1889,1.04,65.99,0.9976,,115.0,92.0,False,72.07852395805405,0.09853547354025868,0.029134638520269332,0.07334954020821767,-51.3036070032781,3.9030433353951426,2981.9849918744644,2930.6813848711863,-341.0,340.0,-0.200548;0.954032;0.222718,11.870675522614732,3.5098815473950733,8.83649877816834,False,False,0.0
C/1889 X1 (Borrelly),1889,0.27,56.75,1.0,,34.0,40.0,False,32.083753759605706,0.13468786978928907,0.05125094746335661,0.18231831120673378,1384.5112956313499,3.7514493972402065,297.7466686139492,1682.257964245299,-301.0,319.0,0.894172;0.346450;0.283602,31.821294980330233,12.108525584406946,43.07444144971168,False,False,1.0
C/1890 F1 (Brooks),1890,1.908,120.57,1.0003,,685.0,140.0,False,59.056913582135614,0.2169681505806808,0.11751636475897617,0.10559776967646155,36.75984474661581,2.707164119005726,118.25709633159224,155.01694107820805,-302.0,302.0,0.011750;0.594268;-0.804181,19.283853346196498,10.44470507641417,9.385395500106357,False,True,0.1051824817515529
C/1890 O2 (Denning),1890,1.26,98.94,0.9992,,107.0,123.0,False,67.74182632026283,0.13865142034101471,0.03870760813433077,0.11415005558933976,366.58074864353614,4.009174226937203,965.8845489132669,1332.465297556803,-311.0,316.0,-0.237095;0.927886;-0.287775,15.168189469874763,4.234535302005244,12.487788923599359,False,False,0.5888785046708083
C/1890 V1 (Zona),1890,2.047,154.31,0.9959,,59.0,120.0,False,103.01707670941542,0.11203462492366267,0.02990843073424792,0.08626902407877927,-170.528153864896,3.0223459595044035,2929.9856749385276,2759.4575210736316,-342.0,339.0,0.385530;-0.898759;0.208802,9.627378140906629,2.5700962758246626,7.413284216547318,False,False,0.0
C/1891 F1 (Barnard-Denning),1891,0.398,120.51,1.0,,101.0,110.0,False,157.30948846828667,0.1108748939936864,0.058577022621231975,0.07606612036423178,-482.1710916255295,4.281452234609777,783.8099552753189,301.63886364978936,-307.0,301.0,-0.960934;-0.276175;-0.018258,21.57685152956405,11.399404090652013,14.802876705545595,False,False,0.28732673267345177
C/1891 T1 (Barnard),1891,0.971,77.99,1.0,,65.0,41.0,False,101.89677148318927,0.13588909823632198,0.09542979564933937,0.06610345186382403,-257.45638471201084,4.157278879161516,444.2602156581808,186.80383094617,-304.0,301.0,0.128175;-0.164604;0.977996,16.931068298753825,11.890051585044775,8.236143096213715,False,False,0.6467692307698039
C/1892 E1 (Swift),1892,1.027,38.7,0.9988,,230.0,53.0,False,46.517739305415944,0.284934725669038,0.05421710046719919,0.2363720233992524,569.3101332922356,1.8298923074314355,1205.3731259767692,1774.6832592690048,-314.0,321.0,0.134667;0.956594;-0.258442,34.526863257751806,6.569737716831018,28.642295215865012,False,False,0.118086956522387
C/1893 U1 (Brooks),1893,0.812,129.82,0.9965,,82.0,153.0,False,36.94298072278959,0.031154386078017116,0.04337875791241651,0.06687408484143482,-830.3955815795962,3.740924988807447,5467.825131904672,4637.429550325076,-403.0,377.0,0.982887;0.078474;0.166656,4.2489956916953515,5.916218506742102,9.120632249525332,False,False,0.0
C/1896 G1 (Swift),1896,0.566,55.56,1.0005,,65.0,400.0,False,34.845645503786635,0.0974954577781261,0.1168376635275166,0.06001802868042761,-869.5814177195354,4.930813235974238,211.4828167871585,-658.0986009323768,-300.0,291.0,0.999560;0.013420;-0.026442,15.909322388338005,19.06558621827879,9.793750284884215,False,False,0.01769230769087489
C/1898 L1 (Coddington-Pauly),1898,1.702,69.94,1.001,,541.0,130.0,False,84.98826745680279,0.14793431047438205,0.19076780303256205,0.09735957644562972,-776.6216879605943,3.8806641942425792,71.01887322016,-705.6028147404343,-301.0,292.0,-0.117408;0.645852;0.754381,13.920818681022574,17.9515082584794,9.161667811981122,False,True,0.17105360443629805
C/1898 U1 (Brooks),1898,0.756,140.34,1.0,,31.0,60.0,False,101.73595766730924,0.07745088828333618,0.06879288667739328,0.11944957043858072,-754.2065251354893,4.0642741321669495,1096.0597106366054,341.85318550111606,-311.0,302.0,-0.710835;0.461357;-0.530908,10.937498565626624,9.714828532459713,16.86848962347907,False,False,1.0
C/1898 V1 (Chase),1898,2.285,22.5,0.9992,,180.0,29.0,False,111.52339958372089,0.08232870258945767,0.11784524684655658,0.07088339570034528,690.750771634321,3.4224818465475217,84.09908913755294,774.849860771874,-302.0,310.0,0.198143;-0.979699;-0.030498,6.686387674073091,9.570890602906408,5.756848442889527,False,False,0.0
C/1899 E1 (Swift),1899,0.327,146.27,1.0003,,126.0,151.0,False,157.05497608231275,0.26809956905220567,0.1935984187662898,0.15586936210524788,-1143.108514039939,2.3564094012685186,175.76438117095014,-967.344132868989,-299.0,287.0,-0.940973;-0.328597;-0.081208,57.55605231407473,41.56202398171312,33.462288623612764,False,True,0.30539682539667756
C/1899 S1 (Giacobini),1899,1.786,76.95,1.0,,79.0,36.0,False,60.738891822013926,0.20274141876094678,0.18552627621992268,0.09003500560346114,-675.2312836129597,4.066961172552629,865.0717905624637,189.84050694950398,-311.0,302.0,-0.105410;0.977136;-0.184647,18.630824970655997,17.04884774327509,8.273723449710968,False,False,0.0
C/1900 B1 (Giacobini),1900,1.332,146.45,1.0012,,165.0,30.0,False,150.8225847839362,0.08853304009460088,0.01610810519387445,0.10403664617763922,-778.661964367821,2.5537858197693244,-14.412263491867598,-793.0742278596887,-299.0,291.0,-0.908363;-0.350145;-0.228637,9.41702448337204,1.7133763940486073,11.066101911511,False,False,0.43890909090863933
C/1900 O1 (Borrelly-Brooks),1900,1.015,62.53,1.0003,,94.0,121.0,False,117.0431166000618,0.09983919947929557,0.1944791080188624,0.10018095315273333,-1176.1193345859479,4.080046172283153,787.2794810110615,-388.8398535748863,-308.0,294.0,-0.892133;0.408743;-0.192428,12.167948559271705,23.70223113334662,12.209599946101937,False,False,0.10319148936368366
C/1901 G1 (Great comet),1901,0.245,131.08,0.9999,,42.0,54.0,False,67.645709832198,0.21886129803832513,0.1068979023350023,0.11267575122835385,-26.05283268921869,4.8117236215722565,719.0287180658789,692.9758853766602,-306.0,305.0,-0.088431;0.951198;0.295638,54.283466626507405,26.513544266879062,27.946605618458587,False,False,0.0
C/1902 R1 (Perrine),1902,0.401,156.35,0.9999,,70.0,157.0,False,40.86798099967978,0.15100656530594098,0.08507412645691115,0.06593955353238709,840.0164832571443,2.39151581912674,240.8457855570084,1080.8622688141527,-300.0,311.0,0.242892;0.952962;-0.181291,29.27498277038708,16.492949039572796,12.783413023378678,False,True,1.0
C/1902 X1 (Giacobini),1902,2.773,43.9,1.0003,,131.0,65.0,False,89.97746545527365,0.07587304471158526,0.06506915171339271,0.09055108615263607,-513.8288029745361,3.820380302555194,146.29480299655785,-367.53399997797817,-303.0,298.0,0.544596;-0.835739;-0.070397,5.5939572914208915,4.797409370578825,6.676137890012407,False,True,0.7861832061085765
C/1903 H1 (Grigg),1903,0.499,66.48,1.0,,31.0,32.0,False,171.22287103711002,0.07471696038172702,0.16614823218882344,0.10362100009162799,-1335.7968720849456,4.362310670265926,1347.4888254923258,11.691953407380264,-314.0,298.0,-0.800107;-0.594449;0.080371,12.986868961458441,28.878922651434912,18.010801603411544,False,False,0.0
C/1903 M1 (Borrelly),1903,0.33,85.04,1.0008,,58.0,20.0,False,88.80264427002379,0.19831375561009296,0.2790508371784886,0.09621574722493612,-1033.7866355589163,2.9304979797643,-1094.2145838856513,-2128.0012194445676,-286.0,277.0,0.196352;-0.579354;-0.791072,42.375924539914145,59.62792234304134,20.559497909825478,False,True,1.0
C/1904 H1 (Brooks),1904,2.708,125.13,1.0019,,140.0,31.0,False,35.57801148069943,0.1532020790373219,0.14922408785992344,0.08442057173217848,288.30588025286073,2.962868114549753,63.10996930340561,351.4158495562663,-303.0,305.0,0.387713;0.646737;-0.656818,11.429346621689703,11.132576236390728,6.298034480936991,False,False,0.0
C/1904 Y1 (Giacobini),1904,1.882,99.6,1.0007,,135.0,48.0,False,27.090469731827653,0.06667699159377756,0.043735104244429876,0.04035506014523968,245.69332904894597,3.414029180708433,-47.159133264696074,198.5341957842499,-300.0,302.0,0.652158;0.401674;-0.642921,5.966492097483581,3.913571197794764,3.6111129445815773,False,True,0.0
C/1905 X1 (Giacobini),1905,0.216,43.65,1.0,,89.0,131.0,False,77.36107155089275,0.7660305072806738,0.0584773245523177,0.7095052456775608,-2334.355449351076,0.8875030498275625,365.88527731736264,-1968.4701720337132,-301.0,278.0,-0.292669;0.928998;0.226510,202.34398082847054,15.446557970802825,187.41305269775336,False,False,0.5152808988749394
C/1906 B1 (Brooks),1906,1.296,126.44,0.9999,,83.0,158.0,False,42.45796068528549,0.255096836444797,0.08337491886028643,0.24600659579599465,-266.4244960747084,2.4633439682603733,896.7604925385498,630.3359964638414,-310.0,306.0,0.566151;0.182863;-0.803763,27.516380853532084,8.993353476919484,26.535849196500603,False,True,0.0
C/1906 E1 (Kopff),1906,3.34,4.28,1.0019,,100.0,124.0,False,71.76606194629255,0.015467158201894898,0.0731121483050991,0.059143934314896146,-546.8331624761471,3.7038631262397277,13.012197717291537,-533.8209647588556,-303.0,296.0,0.791539;-0.610509;-0.027309,1.0389736461595225,4.91115396322761,3.97286872489859,False,True,
C/1907 E1 (Giacobini),1907,2.052,141.66,1.0003,,35.0,28.0,False,86.2433104371043,0.22406283004763147,0.09806525393231667,0.12965075695044256,-314.77969350531765,3.461469514491825,426.8460143824626,112.06632087714496,-305.0,302.0,0.635107;-0.647365;0.421376,19.2060819122107,8.405898021396192,11.113325032273211,False,True,0.21742857142484615
C/1907 L2 (Daniel),1907,0.512,8.96,0.9988,,344.0,173.0,False,135.54339848775064,0.1209599805804905,0.00980757173386554,0.11662840963561034,671.5613223219248,4.304196515458343,2742.565038530633,3414.126360852558,-336.0,348.0,-0.188726;-0.971768;0.141595,20.759732762179226,1.6832225605845559,20.01632775479916,False,False,0.23098837209291495
C/1908 R1 (Morehouse),1908,0.945,140.17,1.0009,,88.0,137.0,False,76.12205695304881,0.05992961568706074,0.022500199267214638,0.0695030018470734,-566.8899013386848,3.4898855628391545,-5.137341310852517,-572.0272426495374,-298.0,293.0,-0.356265;0.929663;-0.093816,7.568112514775476,2.8414004946792057,8.777071770991984,False,False,1.0
C/1909 L1 (Borrelly-Daniel),1909,0.843,52.08,0.9948,,63.0,160.0,False,94.94647991070418,0.07628012116075523,0.05474278941507819,0.021673451918760366,-256.36502610325806,4.003921985939671,6667.761026151542,6411.396000048284,-459.0,444.0,-0.641236;0.764319;-0.068063,10.213421346241057,7.329710092967069,2.90193687562838,False,False,0.0
C/1910 A1 (Great January comet),1910,0.129,138.78,0.9998,,82.0,25.0,False,97.66666106393875,0.09263831894665224,0.05888011290066802,0.0379110255249797,537.5129566462963,4.706815356998464,1768.8177545162182,2306.3307111625145,-320.0,328.0,0.474145;-0.776316;0.415355,31.665263376494675,20.126167053086107,12.958596634431663,False,False,0.0
C/1910 P1 (Metcalf),1910,1.947,121.04,0.9981,,52.0,30.0,False,47.90640137598055,0.15195822025150124,0.10000647674001358,0.056456395669799785,-183.8810240203111,3.750432966938163,1383.4333353351763,1199.5523113148652,-318.0,315.0,0.152128;0.729406;-0.666952,13.378160021241566,8.80441115178997,4.970331280815651,False,False,0.7090384615406108
C/1911 N1 (Kiess),1911,0.684,148.42,0.9963,,71.0,86.0,False,136.50108124897992,0.13514030196237434,0.24747949809590483,0.1206806430467676,-200.4230719834477,2.224559636284539,6409.289000984272,6208.8659290008245,-443.0,433.0,-0.616345;-0.618692;-0.487175,20.081486472984185,36.774789764325845,17.932819933830178,False,False,0.0
C/1911 S3 (Beljawsky),1911,0.303,96.47,1.0001,,140.0,66.0,False,92.62210624694228,0.12738727769824928,0.02755438241737368,0.14887356855669262,248.95676446561856,3.9981000709033143,327.41569717264827,576.3724616382668,-301.0,304.0,-0.107461;-0.314093;-0.943291,28.410444770755927,6.145293894382686,33.20240744389021,False,True,0.0768571428555463
C/1912 R1 (Gale),1912,0.716,79.81,1.0004,,207.0,30.0,False,83.70759383362395,0.12268549880270026,0.09894140224987352,0.027331646852856068,-407.5605506732022,3.6052665955893533,176.47377118527265,-231.08677948792956,-300.0,295.0,-0.494056;0.757287;-0.427112,17.799711359202195,14.354821219373855,3.965386534678029,False,True,0.12294685990428147
C/1913 J1 (Schaumasse),1913,1.457,152.37,0.9967,,41.0,34.0,False,50.69301754684209,0.18884864524066577,0.1120678130728968,0.08700708304142354,253.98728191148712,3.343218484414438,2503.9081817920974,2757.8954637035845,-334.0,338.0,0.055659;0.927419;-0.369859,19.22396981397504,11.408015413009961,8.856942213478856,False,False,0.0
C/1913 R1 (Metcalf),1913,1.356,143.35,0.9976,,57.0,299.0,False,135.12141220159756,0.2122668469694122,0.07398896681998761,0.15354393873513528,-517.7412171756762,3.270414316910929,2564.284200160484,2046.5429829848078,-334.0,326.0,-0.692692;-0.491489;-0.527842,22.39714699424955,7.806879828288542,16.20105171874733,False,False,0.2026315789441006
C/1913 Y1 (Delavan),1913,1.104,68.04,1.0001,,577.0,157.0,False,61.14054812973549,0.1494369986363506,0.1113762502771695,0.08580093965742043,34.336833418392345,1.6566548116885664,76.96171567204176,111.29854909043411,-299.0,301.0,0.388054;-0.068910;-0.919057,17.460044396739825,13.013071008699669,10.024881584687723,False,True,0.5403292894281085
C/1914 F1 (Kritzinger),1914,1.199,23.92,1.0006,,109.0,69.0,False,54.58019796943422,0.30051408564149723,0.02950654402522937,0.32878591718883826,1434.4791148794588,3.3661961878378817,-226.46056412170273,1208.0185507577562,-296.0,314.0,-0.012203;0.922435;-0.385959,33.68901254427043,3.307819431099421,36.858415022076784,False,True,0.602660550458203
C/1915 C1 (Mellish),1915,1.005,54.79,1.0003,,376.0,94.0,False,102.45849456430015,0.19442286476353973,0.024130048595775104,0.21234994489885603,885.6564104239307,4.120671369262126,157.7202037225221,1043.3766141464528,-300.0,311.0,-0.403540;0.514658;0.756494,23.8091579679514,2.954982375606332,26.004520552310936,False,False,0.4006648936167736
C/1916 G1 (Wolf),1916,1.686,25.66,0.9994,,583.0,69.0,False,88.49152961569985,0.03442350041676139,0.10150246534988373,0.09385106696033117,745.9722510453767,3.0956577099801743,73.72985829199146,819.7021093373681,-301.0,310.0,-0.566802;0.734892;-0.372383,3.254634778407392,9.596742046052006,8.8733261528222,False,True,0.7085248713547725
C/1917 H1 (Schaumasse),1917,0.764,158.74,1.0001,,56.0,45.0,False,34.54207227329664,0.4485420858059082,0.5324467204246721,0.11218558174312249,2225.515535988387,0.673947811238642,-1268.737332457354,956.7782035310332,-285.0,310.0,0.332589;0.890421;-0.310700,62.981619111903875,74.76301021545602,15.752433947190665,False,False,0.3876785714279062
C/1921 E1 (Reid),1921,1.008,132.19,1.0006,,51.0,20.0,False,29.071175106513437,0.2082019324233238,0.12868462176970358,0.10039207940873415,-368.82142800283475,3.88934152127091,-160.16930206261065,-528.9907300654454,-297.0,293.0,0.610180;0.422879;-0.669965,25.456546171138417,15.734080742993932,12.274792913491423,False,True,1.0
C/1922 B1 (Reid),1922,1.629,32.45,0.987,,67.0,70.0,False,115.1793167240612,0.38767171822775387,0.12333030069400563,0.4773026618542546,23.27648549375681,1.7920730449475495,7817.645108393539,7840.921593887296,-606.0,1795.0,0.149273;-0.988220;0.033749,37.40702720787853,11.90032622113064,46.055651776706576,False,False,0.0
C/1922 U1 (Baade),1922,2.259,51.46,1.0005,,143.0,103.0,False,111.9874414389379,0.05038731681776793,0.06654869697537173,0.091286568861615,-544.6190780394844,3.5149578522163196,177.42335000326202,-367.1957280362224,-303.0,297.0,-0.719249;0.095037;-0.688222,4.11594114632404,5.436100539066499,7.456839709150209,False,True,0.024545454543891485
C/1922 W1 (Skjellerup),1922,0.924,23.37,0.9937,,78.0,65.0,False,58.57228860494105,0.7111912703176934,0.0700903799136797,0.7807187355440918,-743.8204434631198,1.5244541260442264,6981.336359035013,6237.515915571893,-481.0,3112.0,0.895120;-0.207085;0.394812,90.9734079329455,8.965746614428992,99.86714822556657,False,False,0.336153846156473
C/1924 F1 (Reid),1924,1.756,72.33,0.9986,,191.0,63.0,False,120.7371890627616,0.10663153477766668,0.11133191101782619,0.0862949906030481,-373.622405849285,3.332689535066446,1117.097540716395,743.4751348671101,-314.0,309.0,-0.264170;-0.153257;0.952222,9.88323241039432,10.318890688169777,7.998322914145539,False,False,0.0
C/1925 F1 (Shajn-Comas Sola),1925,4.181,146.71,1.0024,,711.0,59.0,False,62.90447899317268,0.11754351181960389,0.09681943739410302,0.07089158569298662,93.10812824423667,3.333819705497633,61.08129051704112,154.18941876127778,-305.0,306.0,0.891009;-0.387106;0.237176,7.057466514842298,5.813165923130022,4.256423723158524,False,True,
C/1925 F2 (Reid),1925,1.633,26.98,0.9951,,644.0,283.0,False,63.49642142035085,0.41482217625581447,0.12328630681936986,0.2946346454341531,742.1761844952489,3.3975889278639873,3834.4874357588296,4576.6636202540785,-360.0,378.0,0.075182;0.891775;0.446189,39.91281102422373,11.862198666354454,28.348766284738087,False,False,0.19389751552812384
C/1925 G1 (Orkisz),1925,1.109,100.02,1.0006,,391.0,201.0,False,88.66987481573717,0.19537237255948345,0.15125096557114517,0.09639999164100152,-572.5904683373036,4.210719229694686,111.60402494832374,-460.98644338897986,-300.0,294.0,-0.541814;0.604988;-0.583462,22.77578395893369,17.632274565226417,11.237952196081316,False,True,0.0
C/1925 V1 (Wilk-Peltier),1925,0.764,144.6,1.0005,,40.0,164.0,False,132.94343402720688,0.13329263097118949,0.05559616016788238,0.1069054814115992,-617.6427972470517,4.3472800303918,181.56251621625765,-436.080281030794,-300.0,293.0,-0.871004;-0.151935;-0.467191,18.72134475520574,7.808645339092559,15.015191456160716,False,False,0.4067500000004657
C/1925 W1 (Van Biesbroeck),1925,1.566,49.33,1.0004,,195.0,129.0,False,102.16626257235578,0.06454843834637147,0.07342062581100135,0.07610251264181413,-346.3530607554199,3.3037069846502476,60.20150185459969,-286.1515589008202,-300.0,296.0,-0.000168;-0.686678;-0.726962,6.332316530171293,7.2026938898771995,7.4657917547655,False,True,0.0
C/1925 X1 (Ensor),1925,0.323,123.0,1.0,,38.0,28.0,False,73.70156777523086,0.1625562255953339,0.07153483886791244,0.09276411218090382,233.95951283409312,4.050420750562167,383.72523101412736,617.6847438482205,-302.0,305.0,-0.277847;0.957735;0.074460,35.11383966652157,15.452271073464411,20.03801546202348,False,False,1.0
C/1926 B1 (Blathwayt),1926,1.345,128.3,0.9924,,60.0,47.0,False,66.16592875515026,0.019619888590536767,0.042779289919314345,0.034909378609221046,518.5212648683,2.401917720498114,5854.024059142719,6372.545324011019,-419.0,444.0,0.844711;-0.340060;0.413306,2.0809156323142686,4.537237442588862,3.70254251582975,False,False,0.0
C/1927 A1 (Blathwayt),1927,1.036,92.36,1.0,,74.0,33.0,False,66.45973967797764,0.836739298013033,0.04793028350581302,0.8761831173548559,4867.017673807794,0.7266053023720553,370.2216153995132,5237.239289207308,-303.0,396.0,0.592641;0.178654;0.785404,100.928647799467,5.78141688142805,105.68641567253114,False,False,0.42567567567567566
C/1927 X1 (Skjellerup-Maristany),1927,0.176,85.11,0.9998,,115.0,34.0,False,105.43968114590749,0.13762695706020892,0.09459493504181936,0.0977527048125714,-766.4291470207775,5.1488172975157935,2120.321854852974,1353.8927078321965,-325.0,314.0,-0.076081;-0.677755;-0.731341,40.27635994728413,27.683091556456546,28.60720900142644,False,False,0.11460869565363163
C/1929 Y1 (Wilk),1929,0.672,124.51,0.999,,39.0,212.0,False,142.46808252436225,0.12487711262757906,0.058192638950520216,0.0812594694368897,540.6699091077876,4.4489271783305755,1677.9229393374912,2218.592848445279,-319.0,327.0,-0.924200;-0.215449;-0.315334,18.706097300256513,8.71702703131463,12.172346956699071,False,False,0.8284615384629712
C/1930 E1 (Beyer),1930,2.079,71.97,1.0005,,673.0,249.0,False,83.45807809785643,0.15779862047479518,0.1732654916721174,0.05292873478141264,-567.7420719577053,4.139093259278785,571.3288091982068,3.586737240501515,-307.0,301.0,0.533330;-0.746137;-0.398545,13.439016200809302,14.756261763357456,4.507708128724479,False,False,0.28398216939095355
C/1930 L1 (Forbes),1930,1.153,97.09,1.0,,49.0,54.0,False,83.80413006032208,0.03424735490649593,0.030025967003936532,0.04299537530562181,238.48379616632565,3.6212398962447883,263.42343864892644,501.9072348152521,-302.0,305.0,-0.201255;0.754407;0.624793,3.915686184301161,3.433031966661346,4.915894892692379,False,False,0.0
C/1932 M1 (Newman),1932,1.647,78.39,1.0005,,163.0,67.0,False,66.8844720776996,0.12465510378920451,0.10369172771072756,0.05272927639438664,-269.95986896720444,4.006363778366762,48.976998224948474,-220.98287074225595,-300.0,297.0,-0.034009;0.391259;-0.919652,11.924345256968536,9.9190159402151,5.044014065722032,False,True,0.5861963190172622
C/1935 Q1 (Van Biesbroeck),1935,4.043,66.11,1.002,,861.0,107.0,False,95.28597309322532,0.19267550694502236,0.15544035180019894,0.0448669211446888,-298.9138714373911,5.033517339483436,48.13259157270922,-250.7812798646819,-304.0,301.0,-0.606174;0.462463;-0.647056,11.764088631773372,9.490641049945944,2.7394163656282084,False,True,
C/1936 K1 (Peltier),1936,1.1,78.55,0.992,,157.0,113.0,False,86.6776249703308,0.15686401429396157,0.22163794258442512,0.09521743534806729,-108.83899343863413,1.4382966223923448,7891.843143011785,7783.004149573151,-3382.0,589.0,-0.527333;0.675253;-0.515707,18.400688910313313,25.998893695116173,11.169332970111947,False,False,0.33095541401250156
C/1937 C1 (Whipple),1937,1.734,41.55,1.0002,,177.0,53.0,False,35.810580087390555,0.4723012759366999,0.042961276366276016,0.5078107218177014,1338.503057209256,1.8225867231899369,57.310364947355325,1395.8134221566113,-301.0,317.0,0.367531;0.682786;-0.631446,44.03194613215106,4.005215956651048,47.34243900582339,False,True,0.7009039548025756
C/1937 N1 (Finsler),1937,0.863,146.41,1.0004,,55.0,25.0,False,80.32026933114972,0.2209972226561865,0.10743181271806543,0.12030128936794703,157.020043685096,3.828468837520176,-286.06327268909644,-129.04322900400044,-295.0,297.0,-0.435580;0.747018;-0.502230,29.202305127806575,14.195909512885883,15.89646655811943,False,True,0.7392727272754366
C/1939 B1 (Kozik-Peltier),1939,0.716,63.53,0.9955,,30.0,53.0,False,106.07033457855267,0.1665289439933905,0.16414809429219723,0.09086782026597177,-1097.6767662427537,2.6394653128480488,7367.4643463667,6269.787580123946,-516.0,436.0,0.251823;-0.952378;-0.171933,24.191858271318605,23.845989396182613,13.200476605347898,False,False,0.5283333333364377
C/1939 V1 (Friend),1939,0.945,92.95,0.9972,,64.0,61.0,False,112.95944194254575,0.2320777572436518,0.06735735884815727,0.1804731599332313,248.86663308151765,3.050144119706883,3390.0530491107647,3638.9196821922824,-349.0,354.0,-0.560810;-0.214630;-0.799641,29.33109244470686,8.512943862743386,22.809057622150778,False,False,0.0
C/1940 R2 (Cunningham),1940,0.368,49.89,1.0005,,271.0,189.0,False,87.95142328181906,0.10730533831735097,0.21088239596901168,0.10692544547074952,-1570.4800061288881,4.587666444759575,123.67554450610038,-1446.8044616227878,-299.0,283.0,0.617341;-0.743532;0.257002,21.715252274117745,42.67601687340293,21.638373815595152,False,True,0.43996309963092756
C/1941 B2 (de Kock-Paraskevopoulos),1941,0.79,168.2,0.9991,,241.0,130.0,False,82.76628908981722,0.13771094537021514,0.052698940444453474,0.08527498396048074,-899.1101358953435,4.866268536329045,2118.954864826203,1219.8447289308594,-326.0,313.0,0.684686;-0.699562;0.204496,19.0282679479754,7.28169831857347,11.782906868420092,False,False,0.03593360995912453
C/1941 K1 (van Gent),1941,0.875,94.52,1.0002,,259.0,318.0,False,70.50747008433126,0.20678511987387543,0.05667184103673993,0.2220595013247751,112.36390963135926,3.6990397561950368,213.2673427223728,325.63125235373207,-301.0,302.0,0.093585;0.063463;-0.993587,27.139262268367407,7.437827045124931,29.143929937085012,False,True,0.35204633204697927
C/1942 C2 (Oterma),1942,4.113,172.51,1.0012,,390.0,35.0,False,96.22908323254818,0.52014650972505,0.152044200997512,0.3681159704152359,-249.07304113407577,3.598719121986291,-17.985256720315757,-267.0582978543915,-304.0,301.0,0.455497;-0.889491;-0.036447,31.48479146961466,9.203329971590692,22.28228844847014,False,True,
C/1942 X1 (Whipple-Fedtke-Tevzadze),1942,1.354,19.71,0.9922,,257.0,166.0,False,72.54810620399404,0.3413278106038981,0.35391375702332195,0.019590344238335805,-1205.4631595311585,3.9848486250159283,7403.231555759749,6197.768396228591,-524.0,435.0,0.740098;-0.636472;-0.217159,36.100726133789124,37.431885771845806,2.071983677402517,False,False,0.3179766536972953
C/1944 K2 (van Gent),1944,2.226,95.01,1.0021,,436.0,25.0,False,36.72376954571092,0.17832465045801263,0.13958232244996432,0.11191813081433169,-539.4687463560309,4.187937083380619,44.43724758530753,-495.03149877072343,-301.0,295.0,0.830679;0.399594;0.387681,14.673106178938642,11.485267083102533,9.20897146058724,False,True,0.1069036697244716
C/1946 C1 (Timmers),1946,1.724,72.84,1.0012,,553.0,183.0,False,62.46157125801115,0.2496808008551592,0.13540784169709166,0.15049056678562997,386.22602016693844,3.7177991298454494,12.280135375326882,398.50615554226533,-300.0,305.0,0.554958;-0.295290;-0.777705,23.344325776221677,12.660183555986238,14.070368267241959,False,True,0.12705244122925222
C/1946 U1 (Bester),1946,2.408,108.18,1.0006,,633.0,34.0,False,174.507151709313,0.03861361066957543,0.024478989713395932,0.027238364859379017,26.794870931163956,4.080170346586125,167.2815818029627,194.07645273412666,-303.0,303.0,-0.761608;-0.620205;0.187880,3.05505075820632,1.9367408224002078,2.155058430770189,False,True,0.15380726698241645
C/1947 F2 (Becvar),1947,0.962,129.17,1.0,,42.0,23.0,False,73.21856904635797,0.12495131626464111,0.08363765424168748,0.08061506732152365,705.6965876122872,4.3736945471195545,159.52246809542078,865.219055707708,-300.0,309.0,0.783789;-0.620376;0.028436,15.639846294513067,10.468717704447132,10.090387997675204,False,False,0.9026190476225955
C/1947 S1 (Bester),1947,0.748,140.57,1.0003,,491.0,42.0,False,67.32464131560896,0.1537462172710027,0.0574737985543625,0.10238714147569936,-389.67976114986766,3.9589434075358567,156.77562366460853,-232.9041374852591,-300.0,296.0,-0.155193;0.982015;0.107528,21.82372556546434,8.158200111319122,14.533488476398865,False,True,0.2758044806515794
C/1948 N1 (Wirtanen),1948,2.517,130.27,0.9995,,934.0,20.0,False,67.193524893354,0.2867661450477142,0.137102811787771,0.1528139588846883,83.67582113203139,2.1363055443995873,503.19531267410525,586.8711338061366,-308.0,307.0,0.100301;0.804440;0.585505,22.196594381636086,10.612185414455377,11.828277220977615,False,False,0.31066381156332873
C/1948 R1 (Johnson),1948,4.708,53.23,1.0,,90.0,36.0,False,115.01585903409769,0.10326354326649358,0.11023993915108331,0.023406728019847202,-191.7193939726203,4.5529837261000035,532.863930675172,341.1445367025517,-312.0,309.0,-0.833325;0.527536;0.165154,5.84606805395133,6.241023367535375,1.325127151324048,False,False,
C/1948 W1 (Bester),1948,1.273,87.61,0.9975,,94.0,24.0,False,108.08818599177893,0.3466557577904407,0.33214202193492587,0.028800820443491137,-331.0733181218916,2.08964735747363,2690.9069507402332,2359.8336326183417,-336.0,331.0,-0.068133;-0.057609;0.996012,37.75017553616287,36.169656349857014,3.136356465726299,False,False,0.0
C/1949 N1 (Bappu-Bok-Newkirk),1949,2.058,105.77,0.9988,,613.0,30.0,False,61.413531393806565,0.1729776054114493,0.11034324843731066,0.08169450977079024,222.01324681168512,2.793675197752547,778.2554303256638,1000.268677137349,-310.0,312.0,0.204166;0.178068;-0.962605,14.808248058284143,9.446252828682166,6.993694720239818,False,False,0.1950244698202508
C/1950 K1 (Minkowski),1950,2.572,144.16,1.0012,,698.0,32.0,False,20.88926842995831,0.10066109152278555,0.07919612565556804,0.04912540147780446,233.3274072829596,3.8081731106687062,81.00578822004906,314.33319550300865,-302.0,305.0,0.870463;0.475978;0.125455,7.7056857557640015,6.06252573008975,3.760588134771205,False,True,0.3338681948424603
C/1951 P1 (Wilson-Harrington),1951,0.74,152.53,0.9998,,222.0,23.0,False,60.66548586507612,0.1572839953503541,0.07547265756028049,0.19529897147362554,-779.0849991256549,1.8084483256480879,1280.628890879191,501.54389175353606,-314.0,304.0,0.866172;-0.195049;0.460111,22.450918191698186,10.77306344375041,27.87722439088774,False,False,0.7159909909918301
C/1952 M1 (Peltier),1952,1.202,45.55,0.9998,,150.0,30.0,False,69.58671503158655,0.09158212272364637,0.07527110097960595,0.1100842193974742,408.1206099893725,3.5307745317823134,153.16078886404242,561.2813988534149,-301.0,306.0,-0.218292;0.671369;-0.708246,10.255125503785806,8.42866014018134,12.326941681773253,False,False,0.14833333333333334
C/1953 T1 (Abell),1953,0.97,53.23,1.0008,,334.0,39.0,False,32.890046082617324,0.0738510191403251,0.14982220451585165,0.07619766737486086,-1035.2161392469557,3.5150013194473075,115.80714078898103,-919.4089984579746,-300.0,289.0,0.958803;0.202093;0.199639,9.205456736845548,18.67519010494493,9.49796412606069,False,False,0.7914670658685423
C/1954 O2 (Baade),1954,3.87,100.39,1.0006,,1202.0,35.0,False,106.87712733649107,0.1528318553787047,0.06944575177843074,0.1415993348103199,208.49466623667604,4.598511954230382,50.59364474717829,259.08831098385434,-304.0,307.0,0.036459;-0.821701;-0.568751,9.537667568113802,4.333851034126167,8.836687743797787,False,True,
C/1954 Y1 (Haro-Chavira),1954,4.077,79.6,1.0046,,1218.0,57.0,False,97.45034730837217,0.23135589881110954,0.15917377091225846,0.12763144163325246,-266.9746978758903,3.301505160551988,49.9022672786605,-217.07243059722978,-305.0,301.0,-0.014616;-0.558679;-0.829255,14.066784385007157,9.678003140085684,7.760182383196603,False,True,
C/1955 N1 (Bakharev-Macfarlane-Krienke),1955,1.427,50.03,0.9942,,132.0,28.0,False,95.53430637840782,0.09152735400387901,0.08704207088315472,0.016145703567930398,-98.94335896717439,4.1071095893606895,4359.956597981851,4261.013239014676,-372.0,369.0,-0.660553;0.730157;-0.174759,9.420587774555091,8.958933400380538,1.6618203300970484,False,False,0.0
C/1955 O1 (Honda),1955,0.885,107.52,1.0011,,96.0,43.0,False,130.236579285521,0.08771964962349807,0.041060095898587855,0.048186961092675784,295.26378214644035,4.400950642366807,-843.4765276046429,-548.2127454582026,-290.0,292.0,-0.938079;0.285963;0.195531,11.444761299991699,5.357100701280328,6.286941065595987,False,False,0.02145833333391541
C/1956 E1 (Mrkos),1956,0.842,147.45,1.0,,53.0,32.0,False,63.5812854470498,0.21894977664417967,0.12376564475075677,0.09995885161054807,91.15256593389253,4.234735388837531,230.36464891298513,321.51721484687766,-301.0,302.0,0.712046;-0.458577;-0.531693,29.293552324328253,16.558753546263976,13.373614236163197,False,False,0.5964150943371626
C/1956 R1 (Arend-Roland),1956,0.316,119.94,1.0002,,497.0,57.0,False,63.528346590669685,0.1289317052646514,0.019040263172076945,0.11035034235318615,-505.4149273775704,4.0565684448497565,54.94658907031395,-450.46833830725643,-298.0,292.0,0.279866;0.682108;0.675577,28.156624517747257,4.158089274898038,24.098751728023426,False,True,0.2596177062370123
C/1958 D1 (Burnham),1958,1.323,15.79,0.9999,,205.0,22.0,False,47.14632497361908,0.4080940709851191,0.0532038372505984,0.4608831237343199,1543.19010701954,2.6087660795446124,344.1972022040553,1887.3873092235951,-303.0,324.0,0.971526;-0.223983;-0.077259,43.56044712547451,5.679040947182867,49.195213481022215,False,False,0.2599999999990914
C/1958 R1 (Burnham-Slaughter),1958,1.628,61.26,0.9998,,585.0,40.0,False,100.30216468476884,0.09386716645297764,0.07543083395521188,0.10320432228976352,167.40594646556315,3.1631005082385957,150.69518549513538,318.1011319606985,-302.0,303.0,-0.129008;-0.492350;-0.860784,9.031828132672368,7.257898090797322,9.930242242232971,False,True,0.305162393162425
C/1959 O1 (Bester-Hoffmeister),1959,1.251,12.83,1.0027,,101.0,29.0,False,79.10076122357766,0.32434118517546606,0.38135329940693646,0.05792553777066564,-1511.6186473593812,3.6530718887814886,-399.7357597306545,-1911.3544070900357,-295.0,280.0,-0.381891;0.923848;0.025778,35.59439992250926,41.851119966511376,6.356962517788351,False,False,0.4510891089114443
C/1959 Q1 (Alcock),1959,1.15,48.26,1.0013,,68.0,22.0,False,76.12046475303333,0.22616266470853957,0.2643348237846622,0.056477269048594764,-1068.727123223332,3.7321803207559494,315.3285236760162,-753.3985995473159,-303.0,291.0,-0.351217;0.708017;-0.612665,25.892494128465444,30.262677889888177,6.465865438564084,False,False,0.0
C/1959 Y1 (Burnham),1959,0.504,159.6,1.0003,,148.0,35.0,False,93.72799979856819,0.20125984584378276,0.08389069573091851,0.11801929028533757,-451.65175274579605,3.8019360128728734,-9.917100330118831,-461.5688530759149,-298.0,293.0,-0.538726;0.794761;0.279516,34.801971221210486,14.50642857403809,20.4079652691679,False,True,0.5202702702702703
C/1960 M1 (Humason),1960,4.268,125.47,1.0003,,349.0,24.0,False,59.68977716398269,0.20826539642311093,0.10767801049266855,0.11974431301294743,-41.94294012969121,3.587126425947207,64.95020872881842,23.00726859912722,-306.0,304.0,-0.080960;0.801890;-0.591961,12.376490995554848,6.398931124277194,7.115989680603455,False,True,
C/1961 R1 (Humason),1961,2.133,153.28,0.9896,,1517.0,80.0,False,77.50301352259677,0.2889445133230016,0.1481270496811968,0.14101319202044477,468.8551418036677,1.8584731615932273,4970.871607854369,5439.726749658037,-391.0,406.0,-0.239060;0.901012;0.361979,24.35206517491103,12.484056286514146,11.88450475529674,False,False,0.3033750823996077
C/1963 F1 (Alcock),1963,1.537,86.22,0.9979,,118.0,25.0,False,21.27944807512209,0.06945770013356828,0.03793203780853013,0.1073058732580287,444.0237210665505,4.014514060215653,1434.7097776265337,1878.7334986930841,-318.0,324.0,0.631222;0.547610;-0.549256,6.881538390465978,3.758125793195579,10.631355269863372,False,False,0.3972881355922732
C/1964 P1 (Everhart),1964,1.259,67.97,0.9965,,201.0,40.0,False,71.30959673786155,0.10212178474715164,0.09375920894081606,0.10377396094771187,921.3562149057998,3.133398061124096,2763.4400221041956,3684.7962370099954,-338.0,355.0,-0.299016;0.896678;-0.326433,11.182685860304659,10.266955113365837,11.363604823701957,False,False,0.07557213930320458
C/1965 S2 (Alcock),1965,1.294,65.01,1.0003,,30.0,29.0,False,115.96186222505429,0.08981848280711291,0.07321693588149511,0.14402736515037448,903.5885523591995,4.398696944755446,-342.25361872445524,561.3349336347443,-295.0,306.0,-0.851656;0.274965;-0.446179,9.691991308848806,7.900577743535374,15.541477963634424,False,False,0.9713333333376795
C/1966 P1 (Kilston),1966,2.385,40.26,0.9995,,126.0,208.0,False,97.5589866986905,0.05722185787228642,0.06271251506199975,0.11356845018160557,512.226819450269,3.4780495287520212,57.62669532579441,569.8535147760634,-302.0,308.0,-0.690608;0.667351;-0.278754,4.548782842195465,4.985256038726217,9.027987500053117,False,False,0.6355555555561468
C/1966 P2 (Barbon),1966,2.019,28.71,0.9981,,91.0,90.0,False,88.93913609040106,0.060490561488886235,0.07595590302619636,0.13607993272608232,714.9358697761141,2.332960767079693,658.0229998732115,1372.9588696493256,-309.0,317.0,-0.574272;0.748037;-0.332645,5.2278879205983335,6.564477798767769,11.760688263163587,False,False,0.0
C/1966 R1 (Ikeya-Everhart),1966,0.882,48.28,1.0,,30.0,23.0,False,64.38270249723105,0.1781623655422802,0.20648014871235362,0.055586752692710614,-1015.725641420909,3.9522249527605218,1126.1220545182814,110.39641309737237,-312.0,300.0,0.681780;-0.454069;-0.573583,23.294428657804655,26.996931022962766,7.2678741157154825,False,False,0.0
C/1966 T1 (Rudnicki),1966,0.419,9.08,1.0004,,114.0,49.0,False,57.495318208176116,0.03136728706225837,0.09158883939178446,0.060233779000931256,-938.6768584432339,3.4171208893389657,47.85084135713689,-890.826017086097,-298.0,288.0,0.898684;-0.410201;-0.155250,5.948872248279424,17.370016853178246,11.423463418957134,False,True,0.8410526315779671
C/1967 C2 (Wild),1967,1.327,99.11,1.0,,56.0,37.0,False,84.75453582883947,0.17813093483597864,0.08721541404782399,0.09425399637506227,-202.86829878222892,4.5751187109149445,646.4903416523781,443.6220428701492,-307.0,304.0,0.610113;-0.784001;-0.114474,18.987140711354712,9.296371459847219,10.046620444835616,False,False,0.3130357142820555
C/1967 M1 (Mitchell-Jones-Gerber),1967,0.178,56.71,1.0,,65.0,39.0,False,91.04630899508832,0.012782010067321721,0.03452827935369025,0.03493090813781646,222.0158825314606,4.649279961706263,421.12318481114966,643.1390673426102,-302.0,305.0,0.125051;-0.557692;-0.820574,3.7192880238717376,10.046981281402367,10.164137535151152,False,False,0.0
C/1967 Y1 (Ikeya-Seki),1967,1.697,129.32,0.9992,,676.0,197.0,False,37.954600190361845,0.20377553230630271,0.09582832625455359,0.10798245363011437,-137.62687450944145,3.1098494033152666,861.8746603440362,724.2477858345948,-310.0,308.0,0.661789;0.163992;-0.731534,19.210226783045915,9.03388085289153,10.179668772530436,False,False,0.0868491124259804
C/1968 H1 (Tago-Honda-Yamamoto),1968,0.68,102.17,0.9962,,32.0,35.0,False,36.23605589573218,0.21928453191583988,0.10291771466156714,0.1254650985135848,-464.891954519313,2.5803409514142412,6224.688637634053,5759.79668311474,-434.0,413.0,0.511080;0.410976;-0.754915,32.679553688856465,15.33762984754397,18.697823267014435,False,False,0.3834375000005821
C/1968 L1 (Whitaker-Thomas),1968,1.234,61.77,1.0,,39.0,23.0,False,41.94555166406354,0.09632320883639252,0.1415727038595324,0.07315120028229825,-952.8555896546308,4.3624841042738165,987.4526710063609,34.59708135173013,-311.0,299.0,0.307616;0.947044;0.092089,10.648004349712838,15.650088745043577,8.086465434468998,False,False,0.0
C/1968 N1 (Honda),1968,1.16,143.24,1.0007,,120.0,137.0,False,128.23418923067746,0.21516082369010026,0.2370135225689746,0.0693502901350603,341.9945357994396,1.8464163813612275,-47.11503820069025,294.8794975987493,-298.0,302.0,-0.763167;-0.250356;-0.595733,24.52397069491095,27.014735220343866,7.904526733943916,False,False,0.2159999999993791
C/1968 Q1 (Bally-Clayton),1968,1.771,93.17,1.0,,89.0,52.0,False,96.11124774325204,0.04679341509095216,0.040419384998971866,0.009843672118381695,-61.503444120445295,4.108189053146877,391.4963046772317,329.9928605567864,-305.0,304.0,-0.661481;0.598972;-0.451305,4.317310377203557,3.729221941956283,0.9082087234683571,False,False,0.0
C/1968 Q2 (Honda),1968,1.099,127.91,1.0,,64.0,35.0,False,112.06528796280458,0.1029530341912607,0.11547039522977585,0.13087121016718625,-218.49382932158198,3.4967332341170505,950.3461630646669,731.852333743085,-310.0,307.0,-0.511235;0.385585;0.768091,12.059137587985916,13.525326323341925,15.329260979141567,False,False,0.8256249999976717
C/1968 Y1 (Thomas),1968,3.316,45.23,0.9953,,150.0,43.0,False,99.8180698954141,0.057164583370365646,0.0884847036837135,0.031859309985299955,98.18613002538746,2.8590751910833565,1519.624549865549,1617.8106798909364,-322.0,324.0,0.070474;-0.707685;-0.703005,3.8586030336394965,5.9727076790288685,2.150499888409371,False,False,
C/1969 P1 (Fujikawa),1969,0.774,8.93,1.0,,74.0,69.0,False,84.260367921822,0.35485057639540823,0.05771073312773235,0.30828416905988815,1182.6942801781129,3.2666979223034907,303.4934916016693,1486.1877717797822,-302.0,317.0,0.659939;-0.739070;0.135112,49.51799587091778,8.053304784666167,43.01983771773971,False,False,0.8033783783808954
C/1969 T1 (Tago-Sato-Kosaka),1969,0.473,75.82,0.9999,,175.0,305.0,False,115.19977958999485,0.13629408988171202,0.08809162142309562,0.08447435296175171,-76.24865969287816,4.880848008597849,648.3092118096022,572.060552116724,-305.0,304.0,-0.248056;-0.013765;0.968648,24.33000896715611,15.725332925406786,15.07961032527431,False,False,0.3958285714286779
C/1969 Y1 (Bennett),1969,0.538,90.04,0.9963,,301.0,529.0,False,21.566138259533496,0.12732990902856975,0.06015085953594257,0.0705404990516762,-191.15151873762807,4.630414113561229,7399.71900793693,7208.567489199302,-519.0,498.0,0.708131;0.698788;0.101219,21.332142559778802,10.077339413052199,11.817961651654537,False,False,0.2659468438532018
C/1970 N1 (Abe),1970,1.113,126.72,1.0,,324.0,271.0,False,65.61699513428971,0.19467159280060128,0.09029934201727767,0.10580080523533708,-67.06239496327674,4.024880080915624,388.54080907161534,321.4784141083386,-303.0,303.0,-0.111584;0.594284;-0.796477,22.655021369085173,10.508639157800314,12.312631077756182,False,False,0.3324074074079823
C/1970 U1 (Suzuki-Sato-Seki),1970,0.405,60.79,1.0,,37.0,47.0,False,71.95213437610454,0.045359585000001625,0.08541811616188102,0.04873830474960449,-585.8669963072051,4.592907469784542,902.1182002002414,316.2512038930363,-308.0,301.0,-0.006217;0.816294;0.577604,8.750719268535077,16.478765292489186,9.402538018989448,False,False,0.0
C/1971 E1 (Toba),1971,1.233,109.68,1.001,,184.0,137.0,False,75.5616762647101,0.15501102241161716,0.08840677928065198,0.08928508647389055,-345.8366777824502,3.2850559147049117,-63.9748732072527,-409.8115509897029,-298.0,294.0,-0.367035;0.821987;-0.435457,17.13700790188147,9.773677068521042,9.870776984879512,False,True,0.21331521739130435
C/1972 E1 (Bradfield),1972,0.927,123.69,0.9981,,72.0,85.0,False,83.05967203996991,0.18632232378720942,0.10005056720252022,0.08866217022446417,-44.21459001573294,4.399506750516225,2383.3958193036415,2339.1812292879085,-331.0,330.0,-0.016220;0.581603;0.813311,23.769911223201216,12.763865606092716,11.311000594318166,False,False,0.07916666666925368
C/1972 L1 (Sandage),1972,4.276,79.37,1.0063,,862.0,146.0,False,47.36233902137435,0.31703611074503607,0.24959840420692359,0.09655236273257393,-672.1272097699385,2.501593543732436,87.34506859881435,-584.7821411711242,-305.0,298.0,0.274168;0.496735;-0.823460,18.82317833179668,14.819243343220185,5.732540491367401,False,True,
C/1972 U1 (Kojima),1972,2.147,141.86,1.001,,659.0,267.0,False,150.96290898964494,0.13336883064411173,0.04174291630805209,0.09957883109086622,-348.4702228897977,3.0351459379841854,368.35488985461143,19.884666964813704,-305.0,301.0,-0.424313;-0.865018;0.267772,11.176008494160406,3.497962642221112,8.344482415683682,False,False,0.15823975720757982
C/1972 X1 (Araya),1972,4.861,113.09,0.9995,,944.0,71.0,False,124.96710450416991,0.04496064396951271,0.08770409541718624,0.049369432376106005,-120.96859250672048,3.2898000639743645,491.2729997882504,370.3044072815299,-312.0,309.0,-0.244452;-0.310116;0.918733,2.5049073575977294,4.886287528508995,2.750535656988985,False,False,
C/1973 A1 (Heck-Sause),1973,2.511,138.63,1.0006,,405.0,190.0,False,35.31749844856059,0.12049668894939669,0.05957052562319314,0.09542955253442639,312.2734796746172,3.4946076270681274,80.51223087549035,392.7857105501075,-303.0,306.0,0.981621;0.107380;0.157764,9.335470841205293,4.615221462094596,7.393396555888242,False,True,0.0
C/1973 D1 (Kohoutek),1973,1.382,121.6,0.9987,,206.0,42.0,False,91.28320668891077,0.6413631764302355,0.04229029607541823,0.6299081943774261,547.1845271844179,1.2743370510130223,1618.6513612576903,2165.835888442108,-320.0,328.0,0.118975;-0.556873;-0.822033,67.01245540914348,4.418676787412517,65.81558832628575,False,False,0.48145631068042544
C/1973 E1 (Kohoutek),1973,0.142,14.3,1.0,,453.0,812.0,False,79.70419789660481,0.08954278400827949,0.05901848760162027,0.03725820021516869,524.8244862202271,2.840261172398113,174.69089418298958,699.5153804032167,-299.0,305.0,-0.423377;0.893219;-0.151365,29.171021202968983,19.226893291980268,12.137882024760966,False,True,0.7382560706405467
C/1973 N1 (Sandage),1973,4.812,137.4,1.0002,,609.0,27.0,False,27.222989057312407,0.13271276643944815,0.21568258037519747,0.08389069971918826,-23.25601484068659,1.8143325402674642,553.5337533545217,530.2777385138351,-312.0,311.0,0.643168;0.412035;-0.645417,7.431933270971037,12.078254323714027,4.6978907839476145,False,False,
C/1973 W1 (Gibson),1973,3.842,108.06,1.0005,,315.0,21.0,False,150.70349987175325,0.09264922173098837,0.11290200657419451,0.05143310447297244,-179.72734713993486,3.8780502977439237,79.79690318796759,-99.93044395196728,-305.0,302.0,-0.506478;-0.590167;0.628635,5.8030846143337,7.071617926596921,3.2215128379723317,False,True,
C/1974 C1 (Bradfield),1974,0.503,61.28,0.9997,,277.0,173.0,False,89.75055947132928,0.06336019004225736,0.04083392403131382,0.04954885550911568,13.527206796274982,2.720323413209079,844.7308433373311,858.258050133606,-308.0,308.0,0.590138;-0.703232;0.396488,10.96834582965386,7.068801404455298,8.577451903554426,False,False,0.11682310469267009
C/1974 F1 (Lovas),1974,3.011,50.65,0.9998,,1270.0,137.0,False,79.05856911660054,0.038285425016955144,0.04125653621523867,0.05568627719978027,481.2869128467986,3.157751038801161,56.53257596465471,537.8194888114533,-302.0,309.0,0.012681;0.645009;0.764070,2.7086886989758874,2.918894418845191,3.9397966634113013,False,True,0.4087874015749205
C/1974 V1 (van den Bergh),1974,6.019,60.86,1.0037,,717.0,40.0,False,142.55705025419692,0.16281999970379823,0.047780225200663315,0.12369149575284982,557.056889176594,3.6495436124293,33.789946643010445,590.8468358196045,-308.0,314.0,-0.776644;-0.476071;-0.412528,8.147609008853879,2.3909507062903534,6.189595546910082,False,True,
C/1975 E1 (Bradfield),1975,1.217,55.24,1.0014,,358.0,52.0,False,134.06081556805884,0.3473725089283089,0.31881291440191056,0.02906299971877238,-863.4591103818395,2.4362248271034357,79.27182635422315,-784.1872840276163,-300.0,290.0,-0.303047;-0.489458;0.817676,38.656555167459345,35.47836601030346,3.2342094526324305,False,True,0.05748603351976119
C/1975 N1 (Kobayashi-Berger-Milon),1975,0.426,80.78,1.0001,,178.0,390.0,False,89.86825026007158,0.0669652089951081,0.11807567750722492,0.06457207987925188,-691.0819149909914,4.756353489183792,899.5582964695886,208.47638147859718,-308.0,300.0,0.075256;-0.470362;-0.879259,12.596461350329724,22.210573676286252,12.146302844643081,False,False,0.3445505617981714
C/1975 T1 (Mori-Sato-Fujikawa),1975,1.604,91.61,0.9975,,383.0,193.0,False,113.28294332575511,0.1686233940889149,0.13929335953791172,0.07072748308917948,-418.6784275317027,3.1831412286407823,1979.5628857347826,1560.88445820308,-326.0,319.0,0.035485;-0.399946;0.915851,16.357735532636255,13.51250192231401,6.861096999694758,False,False,0.20856396866811552
C/1975 V2 (Bradfield),1975,0.219,70.63,1.0,,88.0,81.0,False,58.11250857293262,0.18789279294304986,0.11554213543693229,0.1628921560912882,1273.744832120216,2.3896124023695022,293.6186886002427,1567.3635207204586,-301.0,317.0,-0.010889;0.999388;0.033243,49.289857780410124,30.31013235860219,42.731448511266336,False,True,0.4338636363655413
C/1975 X1 (Sato),1975,0.864,93.96,1.0015,,57.0,72.0,False,118.00812445050433,0.1631783238507569,0.1309899440936506,0.07203631897855838,-728.0345583465305,3.5437517307950803,-963.4501710719942,-1691.4847294185247,-288.0,281.0,0.123202;-0.804814;0.580599,21.546550676578093,17.29630138324823,9.511889574532193,False,True,0.45473684210395604
C/1976 D1 (Bradfield),1976,0.848,46.83,0.9934,,63.0,29.0,False,94.82727464930787,1.720060858135486,1.793051861580221,0.0731726578915641,457.4247283169361,0.7962657940403061,7355.195087317261,7812.619815634197,-14436.0,594.0,0.505570;-0.690296;0.517581,229.6606871262802,239.40636788278871,9.769935064070362,False,False,0.05761904761727367
C/1976 D2 (Schuster),1976,6.88,112.03,1.0011,,772.0,54.0,False,30.16965219541203,0.04212902177007916,0.07828494317151374,0.03775320426263834,-2.8164597073196305,5.9759538058534245,65.10666004353024,62.29020033621061,-311.0,308.0,0.930519;0.296137;0.215494,1.971960965156465,3.6643350737224387,1.7671391830981407,False,True,
C/1976 J1 (Harlan),1976,1.569,38.81,0.9997,,181.0,41.0,False,61.195177426921525,0.06537909476043577,0.06536242505801794,0.04656779734501974,526.1046313143366,2.3564862263915116,90.58911508011012,616.6937463944467,-300.0,307.0,-0.031011;0.989260;0.142836,6.407747392624008,6.406113609797937,4.564068730397401,False,False,1.0
C/1976 U1 (Lovas),1976,5.857,86.63,1.0037,,448.0,34.0,False,89.7537495731727,0.022895955487928405,0.05551970411813089,0.07836530800598862,151.7078744692326,2.5420216201575148,53.02367272096086,204.73154719019345,-308.0,309.0,0.084267;-0.478008;-0.874304,1.161495148291618,2.8164741585820487,3.9754150068698237,False,True,
C/1977 D1 (Lovas),1977,5.716,64.52,1.0034,,352.0,30.0,False,67.83908124413671,0.2664728281230537,0.1325706208637722,0.14948601433035355,-46.31295530668697,3.7644661987651755,226.83715364282983,180.52419833614286,-310.0,308.0,0.685327;-0.529950;-0.499480,13.68705972069992,6.809332185024146,7.678171241550098,False,True,
C/1977 R1 (Kohler),1977,0.991,48.71,0.9995,,271.0,421.0,False,130.70489965542575,0.11817410787333359,0.08349161623567729,0.16508538539200954,1079.5560806225153,2.524422925745061,354.6130092038349,1434.1690898263503,-303.0,317.0,-0.965727;0.146295;-0.214404,14.574248906135738,10.296905290781604,20.35975173214245,False,False,0.241955719556577
C/1977 V1 (Tsuchinshan),1977,3.603,168.55,0.9994,,363.0,69.0,False,166.73601613131999,0.34799416450898196,0.20843925781446485,0.14070361481400925,235.03096679968272,2.2770613217348346,241.7820980743962,476.8130648740789,-306.0,308.0,-0.684426;-0.716923;0.132597,22.51111219843013,13.483558052875953,9.1018619932091,False,False,
C/1978 A1 (West),1978,5.606,116.92,1.0027,,1183.0,60.0,False,28.27618342069668,0.0811318546090219,0.09885665125382563,0.06942576295853804,-134.88195953684445,5.0494810398523216,49.625030954200646,-85.25692858264381,-308.0,305.0,0.747651;0.613177;0.255015,4.206855383562128,5.125922950143365,3.5998701874560153,False,True,
C/1978 C1 (Bradfield),1978,0.437,51.09,1.0,,34.0,73.0,False,76.14323368630465,0.04047608444588067,0.08711659185834332,0.07640017664330442,-61.0476854363111,3.42008735476762,341.55605550377686,280.50837006746576,-301.0,301.0,-0.357724;0.728908;-0.583718,7.516860661194615,16.17852347237043,14.188365554139494,False,False,1.0
C/1978 H1 (Meier),1978,1.137,43.76,1.0008,,590.0,276.0,False,45.78866677834855,0.1011963911741665,0.20357127678175532,0.1066417349158229,-1052.4393593146247,3.3460281567959336,134.97753142497604,-917.4618278896486,-300.0,289.0,0.715533;0.442233;0.540779,11.65102072841575,23.437724784199318,12.277958231534774,False,True,0.3345932203392356
C/1978 R3 (Machholz),1978,1.772,130.64,1.0003,,322.0,46.0,False,135.71485638237877,0.2643416483632181,0.14957124183843945,0.1185872144615137,216.09421756686302,3.258799008750051,62.11035929344418,278.2045768603072,-301.0,303.0,-0.180513;-0.825402;0.534909,24.378568682301527,13.794015489550446,10.936553397822799,False,True,0.0
C/1978 T1 (Seargent),1978,0.37,67.83,0.9983,,62.0,33.0,False,42.84886017253904,0.08979675671220008,0.1398869486754625,0.057467239484203174,-935.153302998101,4.1927302896872245,5543.386153964014,4608.232850965913,-404.0,375.0,0.540882;0.721892;0.431646,18.131975028556038,28.246305914295665,11.603921894720866,False,False,0.0
C/1979 M1 (Bradfield),1979,0.413,136.23,1.0,,91.0,25.0,False,81.96184299156657,0.20412077406353057,0.12259740520542203,0.08302551815733236,92.74585625780242,4.450294321034541,320.32592129141534,413.07177754921776,-301.0,302.0,0.501308;-0.697808;-0.511619,38.99321673596379,23.4197974918218,15.860375010712724,False,True,0.3105494505469943
C/1979 M3 (Torres),1979,4.687,92.18,1.001,,426.0,33.0,False,76.94958283516021,0.04195321943588883,0.06481972236396571,0.07268193078669503,-185.86421600200578,4.703252586331795,71.58785255241071,-114.27636344959508,-306.0,304.0,-0.381539;0.907459;-0.175914,2.37912230489561,3.6758572845384396,4.121714734235188,False,True,
C/1980 E1 (Bowell),1980,3.364,1.66,1.0577,,2514.0,187.0,False,42.49351792105261,5.70972619598758,5.5953617091200885,0.11445009677472923,-16042.288667292481,0.2790432057500109,60.38842493091617,-15981.900242361566,-303.0,209.0,0.254575;0.966804;-0.021949,382.183440102848,374.5283947440478,7.660775701680429,False,True,
C/1980 L1 (Torres),1980,2.584,73.15,1.0002,,118.0,58.0,False,67.54089256812856,0.05146918049857085,0.12307726434759388,0.09648908552040228,-786.5773451266463,3.828511963712269,779.4249503726508,-7.152394753995553,-311.0,301.0,-0.030988;0.914050;0.404417,3.9326228529229956,9.404005615788503,7.372473761957639,False,False,0.0
C/1980 O1 (Cernis-Petrauskas),1980,0.523,49.07,1.0,,41.0,20.0,False,73.7910523704307,0.10848905401619974,0.07328395103758102,0.11298021571156901,605.4615538337397,3.5376079439157517,193.42066036620272,798.8822141999424,-300.0,307.0,0.790526;-0.541838;0.285447,18.416562877624383,12.440319481473471,19.17896017665508,False,False,0.0
C/1980 V1 (Meier),1980,1.519,100.99,0.9946,,209.0,61.0,False,77.64111350533365,0.36061211908567475,0.011850454166266925,0.3557035141497822,74.97012381522609,2.0733386208574394,4055.7904120431845,4130.760535858411,-365.0,366.0,-0.113865;0.156588;-0.981078,35.97442628303425,1.1821934628979054,35.48474710401351,False,False,0.16100478468854962
C/1980 Y1 (Bradfield),1980,0.26,138.59,0.9997,,405.0,32.0,False,97.52644193871981,0.09047321152686351,0.09398377968864459,0.041016032331828704,908.5893945992573,4.7856589956309845,1152.7230840959817,2061.312478695239,-311.0,324.0,0.446734;-0.894443;0.020023,21.783536831311768,22.628788033965076,9.875566876603827,False,False,0.40627160493836356
C/1980 Y2 (Panther),1980,1.657,82.65,0.9987,,238.0,200.0,False,76.67802446155825,0.18061158116508477,0.09252097068695125,0.1830324335874151,464.09023784023213,3.679611839622536,794.1383293559758,1258.228567196208,-309.0,315.0,0.178742;-0.236405;-0.955073,17.23017850893622,8.826415396358879,17.461125600542804,False,False,0.46352941176400153
C/1981 G1 (Elias),1981,4.743,115.3,1.0014,,715.0,20.0,False,57.41652937789681,0.1977356117028116,0.07770932032611477,0.13599205220707106,-153.97993825216597,4.737976994435973,161.83601461231228,7.856076360146319,-308.0,305.0,0.664830;0.287391;0.689498,11.148185947931157,4.381193379495614,7.6671302270213815,False,True,
C/1981 H1 (Bus),1981,2.458,160.66,0.9989,,265.0,26.0,False,25.06791538365104,0.31514528889152177,0.15396343112526886,0.16129150874581835,-4.164186362555824,4.193255586241091,745.4819669989752,741.3177806364193,-310.0,310.0,0.965208;0.255128;0.057294,24.68774595035167,12.06113563250338,12.635200119511646,False,False,0.36143396226337776
C/1981 M1 (Gonzalez),1981,2.334,107.14,0.9994,,151.0,20.0,False,109.407660639778,0.04257750411551543,0.08342446834871298,0.07723394609639628,-479.1597232979531,3.195405199458025,888.5971829669296,409.4374596689765,-312.0,305.0,-0.804126;0.593806;0.027849,3.423084259561777,6.707039090220567,6.2093424844523994,False,False,0.0
C/1982 M1 (Austin),1982,0.648,84.49,0.9994,,288.0,290.0,False,103.38410167202447,0.10852563988500903,0.14096261675259592,0.06619392157000745,-807.8325275482468,3.804643585227696,1769.3577607932518,961.525233245005,-321.0,309.0,-0.720951;0.414834;-0.555106,16.555103151946653,21.5032195468299,10.097588005788046,False,False,0.23170138888882422
C/1983 J1 (Sugano-Saigusa-Fujikawa),1983,0.471,96.62,0.9999,,39.0,55.0,False,87.1362911731855,0.16328774899532125,0.06858153364826987,0.19411479677114724,259.27042323708235,4.486779904834539,760.5171426301748,1019.7875658672572,-307.0,310.0,-0.129520;-0.122530;-0.983977,29.210874727282533,12.268688865702504,34.72558747414885,False,False,0.0
C/1983 O1 (Cernis),1983,3.318,134.7,1.0015,,2854.0,229.0,False,167.80988453929152,0.05111825400243405,0.04117292248252264,0.09123998651235184,-239.1435334812386,2.123043487481911,75.04401445347817,-164.0995190277604,-304.0,300.0,-0.902101;-0.424490;0.077603,3.445302629504412,2.7750004545668183,6.149454271892479,False,True,
C/1983 O2 (IRAS),1983,2.255,120.74,1.0001,,306.0,35.0,False,35.16981071500512,0.2350408733288076,0.10190080974785268,0.17209483281758184,419.8366641023563,3.569996574969841,27.96340003769909,447.8000641400554,-301.0,306.0,0.757200;0.533364;0.377055,19.214959979277957,8.330550994940602,14.069022457231785,False,False,0.3790849673202614
C/1983 R1 (Shoemaker),1983,3.345,137.6,1.0002,,624.0,117.0,False,131.34836546825724,0.14272177260237073,0.11469877040730142,0.11087217257887352,-317.06696830934777,3.140298285465763,565.7292335269957,248.66226521764796,-310.0,306.0,-0.975522;0.215296;-0.044784,9.58429663678476,7.702448052693159,7.445477808920275,False,False,
C/1984 K1 (Shoemaker),1984,2.697,116.67,1.0007,,2779.0,176.0,False,62.4262116366527,0.18391230531385025,0.162179291671087,0.0927782403883045,277.55413213627384,3.2337677823128836,497.5896585676325,775.1437907039063,-308.0,311.0,0.649609;0.190359;0.736052,13.752402935843339,12.127274263156572,6.937674688602848,False,False,0.16753868297943542
C/1984 N1 (Austin),1984,0.291,164.15,0.9998,,142.0,100.0,False,38.5820694664951,0.04469130508488685,0.0682712962218748,0.030053048269644334,1112.6689497990267,4.0872051843260735,759.5025705392027,1872.1715203382294,-306.0,321.0,0.998927;-0.032735;0.032766,10.170986062904849,15.537393706677769,6.839566097203248,False,False,0.24746478873331257
C/1984 U1 (Shoemaker),1984,5.489,179.21,0.9944,,2034.0,60.0,False,155.11826309835004,0.10964561285410662,0.05098934278904308,0.16055982591468826,44.335441337563,1.8761420997647762,1561.3172806917948,1605.6527220293578,-328.0,327.0,-0.567421;-0.823428;0.000748,5.757575552163805,2.677489648890213,8.431120081166679,False,False,
C/1984 V1 (Levy-Rudenko),1984,0.918,65.71,0.9992,,190.0,162.0,False,101.91766057880275,0.1427867014763856,0.15703425368190518,0.09604954604789386,-522.7382555830405,3.9913804602295113,1435.6359506241665,912.897695041126,-316.0,309.0,-0.305871;-0.298754;-0.903985,18.300884369837277,20.126984439174308,12.310611687381645,False,False,0.1539999999988236
C/1984 W2 (Hartley),1984,4.0,89.33,0.9995,,1278.0,53.0,False,114.21460874477057,0.007478291829841776,0.06767098790427752,0.06886030699314447,-51.8473133968091,3.639399533426664,26.694216458282884,-25.153096938526218,-305.0,303.0,-0.074331;-0.243295;0.967100,0.4590357663134086,4.15381005403779,4.226813356365557,False,True,
C/1985 K1 (Machholz),1985,0.106,16.28,1.0,,102.0,30.0,False,106.72746595317422,0.02880336389354158,0.11382030098651366,0.13236226530921558,260.3741017337518,3.063673518687456,264.109420399526,524.4835221332778,-300.0,303.0,0.329661;-0.902328;0.277720,10.860650469082618,42.91729639181076,49.90876427255436,False,False,0.31117647059042663
C/1985 R1 (Hartley-Good),1985,0.695,79.93,0.9999,,187.0,165.0,True,85.26527320170392,0.17337152856776739,0.14968357715249955,0.09965439875750441,-332.74196375936185,4.662616385455633,661.755654421345,329.0136906619831,-306.0,302.0,-0.054233;-0.174045;-0.983243,25.53276426969284,22.04419331162138,14.676298311107969,False,False,0.4658823529417741
C/1986 N1 (Churyumov-Solodovnikov),1986,2.642,114.92,0.9992,,996.0,86.0,False,103.94815942547744,0.2819824886161948,0.12661188756755798,0.1553706016366311,2.0895926137750394,2.751692848801127,710.6731110435899,712.7627036573649,-311.0,309.0,-0.763322;0.548104;-0.341938,21.30699502922801,9.56697301411148,11.74002205954621,False,False,0.0
C/1986 P1 (Wilson),1986,1.2,147.12,1.0003,,980.0,671.0,True,46.57201657715097,0.1543895558864246,0.15587448550989969,0.0620965502806245,725.4896812300927,2.9399876759019206,107.31971815661552,832.8093993867083,-300.0,309.0,0.472383;0.751493;0.460557,17.30229835634451,17.468713080682733,6.959104414067339,False,False,0.26406122448958685
C/1986 V1 (Sorrells),1986,1.721,160.58,0.9999,,321.0,360.0,False,137.9937821126925,0.2433268847516292,0.11079094928773953,0.1346057708748422,-149.26704620021798,3.086011711997106,428.57157225619505,279.3045260559771,-305.0,303.0,-0.945197;-0.091830;-0.313322,22.774155160693624,10.369467689749909,12.598413506824407,False,False,0.39769470405030843
C/1987 A1 (Levy),1987,0.921,96.58,1.0004,,136.0,62.0,False,70.00611940318957,0.17347218984083443,0.12956280595484942,0.08928183467766984,-42.96905806836128,3.7190244995589135,-74.7838692213816,-117.75292728974287,-298.0,297.0,0.056114;0.135975;-0.989122,22.189886790884405,16.573169446268654,11.420584508662252,False,False,0.0
C/1987 B1 (Nishikawa-Takamizawa-Tago),1987,0.87,172.23,0.9958,,131.0,87.0,False,121.45477682991825,0.21415056494291457,0.09770441309843873,0.11644616313981644,175.86735780722756,3.5286302574378148,5064.409188194249,5240.276546001476,-390.0,395.0,-0.910275;0.411304;0.047204,28.216362351623406,12.873480506918744,15.342883332972615,False,False,0.42251908397017657
C/1987 F1 (Torres),1987,3.624,124.08,1.0012,,1005.0,50.0,False,38.23746901213649,0.04731588037887494,0.037288636517729644,0.056807110511573125,116.16279270379616,3.5751642814224174,81.60004988890756,197.76284259270372,-305.0,305.0,0.758476;0.493033;0.426184,3.0514584375665716,2.404789335340792,3.6635593651916785,False,True,
C/1987 H1 (Shoemaker),1987,5.457,132.49,1.0032,,1715.0,126.0,False,41.52863695321343,0.16090483836754726,0.07867030278733977,0.14023762336695117,-51.20894495442911,3.8806944102193697,61.52887688140358,10.319931926974478,-308.0,306.0,0.226090;0.950164;-0.214646,8.456508765093538,4.134593538784974,7.370323373928427,False,True,
C/1987 P1 (Bradfield),1987,0.869,34.09,0.9947,,245.0,611.0,False,110.39861316886417,0.24439769878869597,0.021131542548626227,0.2237797365870555,1036.752426831149,4.212685791435919,6503.065802508208,7539.8182293393575,-449.0,539.0,-0.786070;0.303330;-0.538595,32.23028743906254,2.786751650071204,29.511264913645313,False,False,0.3562040816327291
C/1987 Q1 (Rudenko),1987,0.603,114.88,1.0004,,156.0,90.0,False,73.27267330708727,0.06437773264301863,0.12327295920094451,0.06280023595555537,-943.1460209781721,3.8937735810268337,700.2916508856717,-242.85437009250046,-306.0,295.0,0.605634;-0.590067;-0.533880,10.17853776875876,19.49025570768591,9.929125294068601,False,False,0.31108974358843017
C/1987 U3 (McNaught),1987,0.841,97.13,0.9986,,504.0,106.0,True,43.6174418692216,0.07847769408890322,0.06392909199796912,0.07512840967718899,833.1454604639143,3.1639608351633415,1887.806556361657,2720.9520168255713,-323.0,336.0,0.181205;0.937799;-0.296139,10.509527704395527,8.561216932653334,10.061000288758986,False,False,0.7062301587300479
C/1987 W2 (Furuyama),1987,1.68,117.78,1.0002,,264.0,152.0,False,147.25438172486753,0.20952599240715264,0.12858696155381344,0.1017660041527109,-258.7705050566828,3.4681991684914073,331.6202346635621,72.84972960687931,-304.0,301.0,-0.549492;-0.434335;0.713731,19.847521515183082,12.18050541935631,9.639868226994206,False,False,0.3866287878781529
C/1987 W3 (Jensen-Shoemaker),1987,3.333,76.7,1.0036,,948.0,33.0,False,168.13509081600205,0.4814980750970138,0.35589395901014503,0.12594751503624918,-386.12544159397936,2.3609864970467727,55.15251673466935,-330.97292485931,-304.0,299.0,-0.897689;-0.360831;0.252895,32.378697655805055,23.932355064960944,8.469434709654905,False,True,
C/1988 A1 (Liller),1988,0.841,73.32,0.9966,,184.0,427.0,False,110.51980268473883,0.19280684537713907,0.16932014236289736,0.057066463267470835,-570.4486013724754,4.183511764594421,4898.6255898780155,4328.17698850554,-385.0,369.0,-0.330712;-0.486827;-0.808474,25.836562228954662,22.689289823799783,7.647037772504233,False,False,0.4299456521732044
C/1988 B1 (Shoemaker),1988,5.031,80.57,1.0031,,1444.0,63.0,False,74.99822464776018,0.07412313332861432,0.037964826075741503,0.04800184051415219,-129.2239931888717,3.9478649863700856,19.61790568239467,-109.60608750647702,-307.0,303.0,0.384849;-0.432191;-0.815538,4.056951780055536,2.0779136257589945,2.6272655185321785,False,True,
C/1988 F1 (Levy),1988,1.174,62.81,0.9977,,118.0,37.0,False,70.054051263603,0.06851077829428052,0.06644231074442171,0.11918911163252308,767.1652991916674,2.159309759147336,1789.6201696376309,2556.785468829298,-322.0,334.0,-0.028315;0.870749;0.490912,7.766325812716824,7.531846022453272,13.511180245104994,False,False,0.0
C/1988 J1 (Shoemaker-Holt),1988,1.174,62.81,0.9978,,160.0,84.0,False,70.06729184836664,0.06502326629974507,0.060389672506452,0.11296691812568244,700.9109868519406,2.285170649079414,1766.0963853796768,2467.0073722316174,-322.0,332.0,-0.028666;0.870815;0.490775,7.3709333604565215,6.845676586791153,12.80574896994705,False,False,0.0
C/1988 L1 (Shoemaker-Holt-Rodriquez),1988,2.474,97.69,1.0007,,652.0,155.0,False,89.02784346420879,0.052774940982171906,0.04003023894347582,0.06462200391278826,113.05634446591617,2.9442535997564145,148.3096715718414,261.36601603775756,-302.0,305.0,-0.165638;0.599877;0.782759,4.119364942936393,3.1245731381646946,5.044091239260029,False,False,0.5620552147238692
C/1988 Y1 (Yanaka),1988,0.428,71.01,1.0,,57.0,56.0,False,95.95199143258687,0.0668642019467746,0.037011235870671934,0.06429954769511469,192.7756368394762,4.722885777242834,612.9770307504626,805.7526675899388,-305.0,307.0,-0.250679;-0.208926;-0.945257,12.547661273710277,6.945487084348411,12.06638112832507,False,False,0.0
C/1989 A1 (Yanaka),1989,1.895,52.41,0.9986,,188.0,101.0,False,64.6408725717724,0.09043378317052542,0.09415066411017375,0.07051328887834003,-750.9363035048232,3.24585099918652,1484.100023508455,733.1637200036319,-319.0,309.0,0.877031;-0.466090;0.116521,8.070383542945503,8.402080987360307,6.292662610936652,False,False,0.0
C/1989 A5 (Shoemaker),1989,2.64,96.56,0.9955,,405.0,77.0,False,75.65739131130601,0.06537161710405281,0.1184179411138887,0.06244177684024725,-456.3115488646449,4.306182007404234,2309.3516547191116,1853.0401058544667,-333.0,326.0,0.667104;-0.669371;-0.326979,4.946667667449002,8.960680896444233,4.724966771161112,False,False,0.9063703703705543
C/1989 A6 (Shoemaker),1989,2.208,25.51,1.0,,58.0,28.0,False,118.78843035669128,0.5088560327668571,0.4434095521186951,0.07070633108881876,-1032.3822028763298,2.3612448730693476,1641.073889685336,608.6916868090063,-322.0,308.0,0.032292;-0.989600;-0.140173,42.077670095584025,36.66585369899605,5.846757199766917,False,False,0.0
C/1989 Q1 (Okazaki-Levy-Rudenko),1989,0.642,90.15,1.0001,,122.0,225.0,True,107.1649953007443,0.18309337780297205,0.11744144781747158,0.07055740995293683,194.74437263259804,2.6506673420654976,155.64770172220207,350.3920743548001,-300.0,302.0,0.083060;-0.867374;-0.490677,28.052946994971926,17.993980722675882,10.810567292292927,False,True,0.655081967212504
C/1989 W1 (Aarseth-Brewington),1989,0.301,88.39,1.0001,,151.0,73.0,False,59.90357382000465,0.11564624623060758,0.08164229498134329,0.03673986430317295,-748.556052187055,4.733585607978837,587.9327712321866,-160.62328095486842,-304.0,296.0,0.879819;-0.207495;0.427627,25.877959352671635,18.268954331410548,8.221215526220423,False,False,0.7807284768220555
C/1989 X1 (Austin),1989,0.35,58.96,1.0002,,203.0,266.0,False,83.07143284342227,0.10221428358374092,0.07643680184744361,0.04528702296026957,-388.1390195264137,4.98157348829156,290.206123820177,-97.93289570623666,-301.0,296.0,0.324297;-0.570818;-0.754320,21.2105101376634,15.861418811858341,9.39752083490793,False,True,0.6156157635478073
C/1989 Y1 (Skorichenko-George),1989,1.569,59.37,1.0003,,1008.0,106.0,False,117.9878707249744,0.20023500568811628,0.07396762341503052,0.1982956454884827,587.1236767950892,3.5761666843638484,67.00047883051369,654.1241556256028,-300.0,307.0,-0.209111;-0.789503;-0.577025,19.62467464531402,7.249434427405094,19.434601422067725,False,False,0.6626289682541345
C/1989 Y2 (McKenzie-Russell),1989,1.976,160.34,1.0,,50.0,45.0,False,111.59257645495896,0.2124226514979604,0.11100762722229264,0.11126897912643072,-98.02858023974863,2.9956899430565134,461.8225412477504,363.79396100800176,-306.0,304.0,0.219734;-0.973204;0.067759,18.555342572776112,9.696633276985738,9.719462641364403,False,False,0.0
C/1990 E1 (Cernis-Kiuchi-Nakamura),1990,1.068,48.14,1.0,,72.0,89.0,False,99.48750265294017,0.20095395993261392,0.07458935868984524,0.12955202623931428,171.78752771241614,4.07940573352481,752.1134771811903,923.9010048936065,-308.0,310.0,0.050421;-0.679474;-0.731965,23.875951671031636,8.862188751339744,15.392470585856225,False,False,0.004583333334368136
C/1990 K1 (Levy),1990,0.939,131.58,1.0006,,920.0,666.0,False,73.36298232071978,0.2210909836497174,0.020954580850086463,0.20292798853850796,-874.5112353899203,1.7999828593304634,83.66869271672309,-790.8425426731973,-299.0,290.0,0.035965;0.746471;0.664445,28.009753366247136,2.654710887866446,25.70870515044406,False,True,0.43008695652192136
C/1990 M1 (McNaught-Hughes),1990,2.682,132.77,1.0013,,360.0,49.0,False,6.41005263168239,0.144193718340681,0.1099626367464827,0.059458298516697324,-282.32630890866545,3.4769251864554804,52.366505903656666,-229.9598030050088,-302.0,299.0,0.739126;0.632948;-0.230369,10.809229119658909,8.243156143503205,4.4571870337206905,False,True,0.7046111111115251
C/1990 N1 (Tsuchiya-Kiuchi),1990,1.092,143.78,0.9954,,208.0,103.0,False,64.96167376712633,0.1559270684870071,0.10921651824225269,0.05008392757433905,-185.18199720753455,3.938372099648862,4686.292067569367,4501.110070361832,-379.0,374.0,0.865053;-0.501579;0.010070,18.34125477484221,12.846826443538736,5.891229051370523,False,False,0.3737500000010746
C/1991 A2 (Arai),1991,1.434,70.98,0.9907,,80.0,110.0,False,109.49213238702643,0.18267278720430682,0.056957296886451944,0.1443297895234195,365.3352520210856,4.213502832803635,6945.100731534718,7310.435983555803,-481.0,514.0,0.286129;-0.888447;0.358876,18.773524512909237,5.853576910122517,14.832963809384868,False,False,0.0
C/1991 B1 (Shoemaker-Levy),1991,2.265,77.29,0.9936,,945.0,429.0,False,60.06690320373842,0.32056622596647866,0.22131149004156037,0.12809518174295736,63.81771328266632,1.7494021327287081,3035.689561241226,3099.507274523892,-345.0,346.0,0.340337;0.023143;-0.940019,26.19352819157967,18.083404563431127,10.46668202201854,False,False,0.37268783068777156
C/1991 C3 (McNaught-Russell),1991,4.778,113.44,1.0025,,460.0,42.0,False,58.25312728226092,0.28875450156925686,0.05365557768355177,0.2444090935529611,1245.7018474128988,3.1679309163689804,175.0850937873332,1420.786941200232,-308.0,323.0,0.816303;-0.006063;0.577592,16.22030650142988,3.0140133255368475,13.72927655714774,False,True,
C/1991 F2 (Helin-Lawrence),1991,1.518,95.46,1.0004,,585.0,108.0,False,106.17455047522257,0.1352721306007729,0.09424587609968971,0.047126559217734745,-129.30554266363197,3.6850503519486226,78.02396991192893,-51.28157275170303,-300.0,299.0,-0.001918;-0.097523;0.995231,13.478694292283572,9.390783945033052,4.695752790482149,False,True,0.5658632478628977
C/1991 L4 (Helin-Alu),1991,4.85,49.29,1.0002,,534.0,80.0,False,58.47118916059978,0.08559097207164489,0.10116014845996552,0.016131725119370142,-368.05044113548087,4.228685370918649,323.23486551072125,-44.81557562475962,-310.0,305.0,-0.080008;0.917806;-0.388884,4.772982968078953,5.6411985278493,0.8995861056004172,False,False,
C/1991 Q1 (McNaught-Russell),1991,3.194,90.51,0.9945,,647.0,29.0,False,101.46530763374271,0.11989231427943214,0.1054164540072054,0.04991281708770231,114.02488379908436,3.1977720881607214,1722.4648087040298,1836.4896925031142,-325.0,326.0,-0.104663;0.193128;0.975575,8.24678273130169,7.251061902729649,3.4332489159407102,False,False,
C/1991 R1 (McNaught-Russell),1991,6.982,104.52,0.9999,,1090.0,41.0,False,111.65368330861821,0.12105383354863866,0.08545997323010955,0.03571407756434128,68.10067598856608,3.381373027391626,288.38755584344915,356.48823183201523,-315.0,311.0,-0.808651;0.317057;-0.495538,5.626908709850311,3.9724100725720937,1.660086659133493,False,False,
C/1991 T2 (Shoemaker-Levy),1991,0.836,113.5,0.9999,,320.0,212.0,False,33.5279934147889,0.13072658907932433,0.07769717195903338,0.08012034460870592,-506.3981021463059,3.2503745068296737,922.5249120262663,416.1268098799604,-309.0,304.0,0.367323;0.769982;-0.521730,17.555251725169885,10.433940192893559,10.759347641662343,False,False,0.9140937499993015
C/1991 X2 (Mueller),1991,0.199,95.57,1.0002,,81.0,149.0,False,95.66898143032246,0.1121420839768246,0.16504412720095624,0.05292162299420986,-627.1918099749355,3.4233834845263127,-10.840394886894842,-638.0322048618303,-297.0,291.0,-0.269378;0.545683;0.793515,30.860600236720522,45.418817364048294,14.563605322692815,False,True,1.0
C/1991 Y1 (Zanotta-Brewington),1991,0.644,50.03,1.0001,,130.0,266.0,False,128.9521362302563,0.11990345348046456,0.08180902408878095,0.1863116781111795,1208.4332984192315,4.4239106802078005,-64.33015050409652,1144.103147915135,-297.0,312.0,-0.058480;-0.970429;0.234195,18.342003794821736,12.514580579045296,28.500676233580155,False,False,0.2999230769247963
C/1992 A1 (Helin-Alu),1992,3.017,39.27,1.0043,,439.0,53.0,False,67.59528116709504,0.5151092267810952,0.2734196162373715,0.24757106578003418,-122.62415649954879,3.6187396320095693,43.5893131047864,-79.03484339476239,-302.0,302.0,0.796125;-0.254015;0.549238,36.40729993705088,19.324969267649443,17.498024843999662,False,True,0.41394077448793826
C/1992 F1 (Tanaka-Machholz),1992,1.262,79.29,0.996,,297.0,167.0,False,86.54411075825543,0.10982818680106694,0.08142724045234477,0.06562066273229905,-32.80092860662444,3.983368293059628,3440.9431276367977,3408.1421990301733,-351.0,350.0,-0.356761;0.270367;-0.894217,12.014858081081517,8.90788390908333,7.178694039110083,False,False,0.07303030303011489
C/1992 J1 (Spacewatch),1992,3.007,124.32,1.0,,1007.0,240.0,False,78.91702227326932,0.23099459878656814,0.08723838858031242,0.14557859500237527,519.5005159498977,2.542004663446341,42.814496740793764,562.3150126906914,-303.0,309.0,0.325826;-0.469135;-0.820822,16.35353363105004,6.176144070298964,10.306407430470154,False,True,0.48911618669318496
C/1992 U1 (Shoemaker),1992,2.314,65.99,0.9994,,619.0,212.0,False,103.70657337480587,0.19420546931124777,0.02075463774909645,0.1745288574661155,99.91319114593529,2.6515721372162186,474.0514873165901,573.9646784625254,-306.0,308.0,-0.054157;-0.662894;-0.746752,15.676944868983405,1.6753869647555932,14.088579926438198,False,False,0.2450403877224033
C/1993 A1 (Mueller),1993,1.937,124.88,1.0018,,629.0,714.0,True,118.75629805564503,0.04091102235194566,0.07192893819788529,0.09722985259329052,-520.3545677453361,2.4173825417665857,112.11286354208985,-408.24170420324623,-301.0,296.0,-0.783158;0.021557;-0.621449,3.608790080103279,6.344902271271284,8.576713740126896,False,True,0.6564387917327613
C/1993 F1 (Mueller),1993,5.901,53.94,1.0054,,837.0,102.0,False,79.7306405722999,0.09538702614557598,0.04398163448685232,0.07555104853551112,-418.5413015144757,4.602475455378365,74.19371229828056,-344.34758921619516,-309.0,302.0,0.406029;-0.569758;-0.714504,4.820993668740514,2.2228933007972658,3.818455626245554,False,True,
C/1993 K1 (Shoemaker-Levy),1993,4.849,67.77,1.0001,,1045.0,46.0,False,63.47703988934581,0.07393763630121791,0.03484556600976813,0.08439174861310374,565.745593474438,3.220463589828423,59.404379807836946,625.1499732822749,-307.0,312.0,0.374644;0.567012;0.733580,4.122239935537687,1.9427424376496425,4.705087338003839,False,True,
C/1993 Q1 (Mueller),1993,0.967,105.03,1.0003,,566.0,495.0,False,105.69400163469288,0.17303489795198854,0.08834518378197595,0.11961430986768631,-69.06311144406811,3.419018382087935,50.657082916566594,-18.406028527501515,-299.0,299.0,-0.211254;0.210788;0.954432,21.6017184564999,11.029034082913757,14.932679336437884,False,True,0.961625441695751
C/1994 E2 (Shoemaker-Levy),1994,1.159,131.25,0.9973,,183.0,114.0,False,84.49018182183156,0.14222185755717165,0.10629207119874216,0.10360928675796953,405.0309372721076,3.6592280216518382,2752.219656463749,3157.2505937358565,-337.0,345.0,0.392382;-0.666999;-0.633363,16.230569343582427,12.130208829333293,11.824045489550302,False,False,0.40688524590143577
C/1994 J2 (Takamizawa),1994,1.948,135.96,0.9962,,1034.0,399.0,False,22.94659915924606,0.24083204724526752,0.1324219601711755,0.11012074284448897,147.23408621546014,2.171413811312549,2180.1033748592818,2327.337461074742,-330.0,331.0,0.732434;0.664826;0.146792,21.205274814177297,11.659760770966068,9.696137376520284,False,False,0.09826885880064759
C/1994 N1 (Nakamura-Nishimura-Machholz),1994,1.14,94.38,1.0,,114.0,305.0,False,99.8713840778401,0.19299324241974172,0.2350759540785373,0.07256368588878033,-959.4157916312947,3.041280782417904,1435.8167431204276,476.400951489133,-317.0,304.0,-0.535383;0.134864;-0.833772,22.198824877825437,27.039340197350768,8.346554186758366,False,False,0.06087719298196597
C/1994 T1 (Machholz),1994,1.845,101.74,0.9995,,170.0,344.0,False,115.12333294698134,0.07462075774092727,0.05942876363792938,0.025331717313662534,-45.64135070364648,3.28746205087095,717.5302792560016,671.8889285523551,-309.0,308.0,-0.156936;-0.790806;-0.591605,6.746332939879603,5.372851172308399,2.2901965097996926,False,False,0.0
C/1995 O1 (Hale-Bopp),1995,0.891,89.29,0.995,,10665.0,66.0,False,94.20904189630893,0.3879923348546056,0.4134338165991448,0.253471739296567,1756.3198689818632,2.4225114187097914,3797.5969876968406,5553.916856678704,-383.0,381.0,0.126906;-0.636827;-0.760491,50.50268866602747,53.81425726242349,32.992931007588055,True,False,0.13433005157054742
C/1995 Q1 (Bradfield),1995,0.436,147.39,0.998,,173.0,156.0,False,30.156724091734162,0.11511189438643357,0.08984485924314199,0.03546481078569801,779.9745805382954,3.9063457181893506,4580.421905059239,5360.396485597535,-375.0,398.0,0.889921;0.374850;0.259860,21.411959439143097,16.712039117969724,6.596808210896281,False,False,0.07757225433482945
C/1995 Y1 (Hyakutake),1995,1.055,54.47,1.0003,,270.0,259.0,False,25.8845865088971,0.1469795098535239,0.06199238141678894,0.13990168154411478,551.936508374765,1.4551492598215547,35.99659665413268,587.9331050288977,-299.0,306.0,0.550854;0.591389;-0.588913,17.5669840495429,7.409326487938354,16.72104234555502,False,True,0.22329629629643427
C/1996 B1 (Szczepanski),1996,1.449,51.92,0.9908,,134.0,489.0,False,64.33530834441306,0.05704844420229881,0.07585433929900459,0.10790136217927633,681.5224626463842,4.545679669708105,6218.496144629105,6900.01860727549,-436.0,477.0,0.773473;-0.508209;-0.378765,5.831129077720149,7.753348049057794,11.028990874808779,False,False,0.08141791044887323
C/1996 B2 (Hyakutake),1996,0.23,124.92,0.9999,,306.0,977.0,True,127.72034668712344,0.013723899042883032,0.11657888116031662,0.10289325621843583,-866.1229848660083,4.34291357552929,1584.1048367883468,717.9818519223385,-317.0,306.0,-0.577371;-0.525037;-0.625283,3.513303570768147,29.844069690172713,26.34056424858775,False,False,0.39669934640565485
C/1996 E1 (NEAT),1996,1.359,114.48,1.0009,,211.0,237.0,False,95.24229570760572,0.4061619718456361,0.014621559302130964,0.4045307685658207,397.90789611278944,1.7906863602203698,11.138159870468108,409.04605598325753,-299.0,304.0,-0.072304;-0.431703;-0.899113,42.77142233443127,1.5397425939645977,42.599646320844236,False,True,0.6367298578203466
C/1996 N1 (Brewington),1996,0.926,52.15,1.0006,,122.0,303.0,False,50.89459388404442,0.1951275415936699,0.06407200967496679,0.20337665288275247,686.9474453632147,4.0522637598252915,-107.35016773797355,579.5972776252412,-297.0,305.0,0.065931;0.833242;-0.548963,24.892287348479027,8.173622558854303,25.944620847381092,False,False,0.24934426229447126
C/1996 P2 (Russell-Watson),1996,2.006,29.08,1.0001,,1007.0,157.0,False,76.76728783553894,0.46291526157568896,0.247269559364408,0.21608595992082327,-103.85761920487107,1.4313617042056728,1073.5786811926218,969.7210619877508,-314.0,311.0,-0.330057;0.940885;0.076141,40.145096242851714,21.443795620008167,18.73948080308015,False,False,0.302214498510501
C/1996 Q1 (Tabur),1996,0.84,73.36,0.9986,,58.0,214.0,False,110.56993481305146,0.1404314412386327,0.15134555733007463,0.08228893405976784,-558.6837141147562,3.7440492943718002,2245.9663335390896,1687.2826194243335,-328.0,320.0,-0.331550;-0.486921;-0.808073,18.81881017926195,20.2813792249663,11.027301409611681,False,False,1.0
C/1996 R1 (Hergenrother-Spahr),1996,1.899,145.81,0.9856,,87.0,321.0,False,135.24168917474404,0.37301059838048795,0.20940447057750075,0.16480499289189401,187.11793333798505,1.2289100739170804,7572.420735876489,7759.538669214474,-1899.0,592.0,-0.927910;-0.078058;-0.364540,33.34940880871387,18.72202914872103,14.734565466857413,False,False,0.0
C/1997 A1 (NEAT),1997,3.157,145.07,1.0021,,353.0,197.0,False,105.56965887998221,0.08116031481620459,0.045251776971803916,0.08728212551281474,-249.18419724068502,3.1171256714740405,55.22060621122734,-193.9635910294577,-303.0,301.0,0.180257;-0.911993;-0.368478,5.607740126606414,3.1266537851620404,6.030724236126093,False,True,
C/1997 BA6 (Spacewatch),1997,3.436,72.72,0.9989,,2804.0,520.0,False,89.87334332838486,0.04321540764216711,0.09010949905299329,0.10307392889564383,371.3572845172951,3.6989866231461423,14.070850601069745,385.4281351183649,-304.0,307.0,-0.009151;0.396606;0.917943,2.8620670542108804,5.9677657248192935,6.82637309551718,False,True,
C/1997 D1 (Mueller),1997,2.248,141.89,1.0012,,562.0,430.0,False,118.70023476442027,0.08132172913621165,0.04644777427128797,0.10075206606379021,-500.7201587759603,3.2278181753374673,321.37136538814764,-179.34879338781266,-304.0,299.0,0.091271;-0.994356;0.054098,6.6596195894733885,3.8037128662918294,8.250813650487896,False,False,0.42103202846994975
C/1997 G2 (Montani),1997,3.085,69.84,0.9942,,554.0,187.0,False,80.59357225570272,0.08091617320206283,0.0849055730215408,0.15557480217261688,158.06347049988244,2.5614148992304933,2536.2037221796595,2694.267192679542,-337.0,341.0,0.036137;0.581835;0.812504,5.666585374664558,5.945964314327104,10.894952934269613,False,False,0.6666064981946096
C/1997 J1 (Mueller),1997,2.302,122.97,0.991,,885.0,497.0,False,54.49625384614441,0.5507029118950966,0.49776455107226003,0.07936066288232047,2837.958049794406,2.6196676867665007,1852.0750488526658,4690.033098647072,-325.0,383.0,0.545514;-0.087026;-0.833571,44.60572752512433,40.31783645448481,6.42803956231188,False,False,0.29920903954781214
C/1997 J2 (Meunier-Dupouy),1997,3.051,91.27,1.0006,,887.0,1420.0,False,92.73337303572856,0.2069942941375659,0.07060115319843785,0.16416763304148232,-41.380976004155706,2.982788146295755,47.551743174785436,6.17076717062973,-303.0,302.0,-0.471685;0.264495;-0.841164,14.548410328643012,4.96213941879789,11.538376447141536,False,True,0.3488500563699748
C/1997 L1 (Zhu-Balam),1997,4.9,72.99,0.998,,453.0,213.0,False,30.090234303204976,0.10828165815554087,0.08241440856720661,0.1767647327647756,331.8485357212953,4.582781423434307,577.1213300903687,908.969865811664,-313.0,316.0,0.636981;0.736979;0.226094,6.009337951059178,4.573775850436297,9.809962602219755,False,False,
C/1997 P2 (Spacewatch),1997,4.263,14.58,1.0279,,49.0,94.0,False,112.46889282348091,2.737301955750774,2.161429065214098,0.5874274307399342,-2318.2052016701964,1.0641012759303214,-4.4845017643956995,-2322.689703434592,-304.0,281.0,-0.850618;0.514040;-0.110505,162.7516815862174,128.5120241316004,34.92665541042713,False,True,
C/1997 T1 (Utsunomiya),1997,1.359,127.99,0.9985,,256.0,681.0,False,85.82963916984903,0.22200052373858642,0.11840295781879437,0.1291022769460699,152.90578348811528,3.929010707545362,1225.9597553448134,1378.8655388329287,-314.0,316.0,-0.430075;0.447327;-0.784177,23.387713067922085,12.473729148135012,13.600900388800682,False,False,0.2583593750005093
C/1998 H1 (Stonehouse),1998,1.487,104.69,0.9979,,91.0,407.0,False,14.059433907388202,0.04005104461360805,0.07978992262439412,0.08899296075436601,756.3141725098769,4.30660878154985,1552.6677816201557,2308.9819541300326,-319.0,330.0,0.746015;0.665592;-0.021188,4.034332638480192,8.037220805872101,8.964240749025054,False,False,0.0
C/1998 J1 (SOHO),1998,0.153,62.93,1.0002,,94.0,318.0,False,80.61988721565243,0.14373219014008137,0.18865818377717525,0.1021768513887654,-565.2634596017643,3.7778345833149882,-505.30444496168604,-1070.5679045634504,-292.0,286.0,0.288691;-0.472633;-0.832632,45.10892243373862,59.208499990159446,32.06719148527161,False,False,0.059787234043742116
C/1998 K2 (LINEAR),1998,2.323,64.46,0.9993,,646.0,201.0,False,72.03564362319774,0.13556821727426394,0.07067637605769324,0.14582144241059572,712.7278505619288,2.612421043014043,564.6969191824026,1277.4247697443313,-308.0,317.0,0.006727;0.802440;0.596694,10.922907894811152,5.694487701755544,11.74902360276017,False,False,0.1582507739937792
C/1998 K3 (LINEAR),1998,3.546,160.21,0.998,,64.0,178.0,False,45.988765547599854,0.5690999325113897,0.43802685534436836,0.1325186389428556,1018.8463010154368,0.7604679230145623,144.2183769630868,1163.0646779785236,-305.0,317.0,0.144561;0.956945;-0.251710,37.105408629387476,28.55942257183997,8.640236921635038,False,False,
C/1998 M1 (LINEAR),1998,3.118,20.38,0.9928,,556.0,191.0,False,59.58488900597301,0.029596720003681486,0.09099245698576369,0.09990907187972368,654.3449872834185,3.523580864887041,2255.6322449561667,2909.977232239585,-333.0,345.0,-0.073581;0.990586;-0.115435,2.0612610553483,6.337161952131178,6.958158840440833,False,False,
C/1998 M2 (LINEAR),1998,2.725,60.18,0.9978,,546.0,386.0,False,64.20189972596307,0.08045068851484796,0.0637790329064229,0.14175321153043832,647.7788469184206,3.3851586265800857,1233.6504462832736,1881.4292932016942,-317.0,326.0,-0.169903;0.833701;-0.525429,5.987897112471037,4.74703565658212,10.550607604184181,False,False,0.18529304029290383
C/1998 M3 (Larsen),1998,5.768,113.42,1.0023,,384.0,109.0,False,32.1051215304464,0.08369411368711145,0.091857535209053,0.1278782325868486,60.506910218625734,4.518218880416203,156.51286977174018,217.01977999036592,-309.0,309.0,0.371510;0.869592;-0.325253,4.279005514778778,4.696374481041348,6.537994589499473,False,True,
C/1998 M4 (LINEAR),1998,2.6,154.57,0.9974,,71.0,116.0,False,119.18117360754026,0.2845704314482146,0.14890918080136673,0.1400770224374943,-29.439151455662113,3.1239803065843263,1166.978399796544,1137.5392483408818,-316.0,315.0,-0.879261;0.238455;-0.412357,21.6817980616162,11.345587702928528,10.672653859734968,False,False,0.0
C/1998 M5 (LINEAR),1998,1.742,82.23,0.996,,951.0,1238.0,False,78.55072620711269,0.667819011110889,0.6893154198426549,0.02830633312288151,2092.283043252516,0.7338560751717715,574.1955730755272,2666.4786163280432,-306.0,337.0,0.121682;-0.216054;-0.968769,62.13064316191208,64.13056481426857,2.6334840027307025,False,False,0.5063827549945661
C/1998 M6 (Montani),1998,5.979,91.54,0.9989,,139.0,94.0,False,90.14304331199273,0.16474269241603323,0.07516312382022947,0.14653893300964424,-253.4635403009156,3.384126901849467,1057.0588938588137,803.5953535578981,-321.0,318.0,-0.584192;0.795903;-0.158927,8.284030517578055,3.7795522362282363,7.368660638370601,False,False,
C/1998 P1 (Williams),1998,1.146,145.73,0.9994,,240.0,403.0,True,43.836782787556224,0.2148492243677538,0.23273412500850812,0.048431037186226406,1241.0622841449863,1.1916269586147974,257.2797007092598,1498.341984854246,-302.0,318.0,0.683696;0.521143;0.510852,24.639733972538014,26.690843047798893,5.554257297387844,False,True,0.2826666666660458
C/1998 Q1 (LINEAR),1998,1.578,32.31,0.9956,,90.0,147.0,False,80.77961886270337,0.3738317217542261,0.06846078466023346,0.4395012170880816,1430.3672949750412,2.9188994645898685,3022.579817236778,4452.947112211819,-343.0,374.0,-0.451875;0.807310;-0.379553,36.57662627255981,6.698373597331691,43.001893173567225,False,False,0.0
C/1998 T1 (LINEAR),1998,1.468,170.16,0.9991,,585.0,376.0,True,75.5263604870294,0.19234537505267568,0.1233402183469307,0.07294919470363655,898.6142898068946,3.4796386427030663,622.5622795309229,1521.1765693378175,-307.0,319.0,-0.295301;0.947416;0.123291,19.493081094961887,12.499811226802775,7.392975098989104,False,False,0.4568376068376068
C/1998 U1 (LINEAR),1998,3.975,156.43,1.0004,,87.0,122.0,False,121.72421374072253,0.2654252050435504,0.10431800787474522,0.363195637286588,781.2375254960158,2.022843021196248,465.19234494469663,1246.4298704407124,-310.0,319.0,-0.109567;-0.938187;-0.328328,16.350723499540685,6.426197928350487,22.37357767337164,False,False,
C/1998 W3 (LINEAR),1998,4.915,129.19,1.0009,,471.0,162.0,False,93.12447793292567,0.04589466830310306,0.1073368602004071,0.09966404416648895,-182.7784456360527,4.311280087205213,270.3503870943298,87.57194145827707,-309.0,306.0,0.490468;-0.866295;-0.094733,2.54218592926503,5.945576376995256,5.520565680100276,False,False,
C/1999 A1 (Tilbrook),1999,0.731,89.48,0.9959,,43.0,68.0,False,126.08794789472509,0.17707397885677614,0.16113287589064829,0.09823949659559968,-763.5015915490194,4.396796630231762,6342.917302135114,5579.415710586095,-440.0,407.0,-0.105985;-0.595002;0.796706,25.454383387025107,23.16284993229846,14.121927039970899,False,False,0.38744186046858164
C/1999 F1 (Catalina),1999,5.787,92.04,0.9992,,2360.0,172.0,False,89.06213626030053,0.033221543957867715,0.07072851009694177,0.04058708093099708,-6.2565426789252,5.791888128068701,40.82175696402801,34.56521428510281,-307.0,308.0,0.251482;0.056123;0.966234,1.6954353744686723,3.609573900415324,2.071329762521128,False,True,
C/1999 F2 (Dalcanton),1999,4.718,56.43,0.9982,,837.0,137.0,False,20.9697139814605,0.09583328788328448,0.058057342541462116,0.066798113395975,302.6221122991675,4.252582133915555,61.733665199671655,364.35577749883913,-307.0,308.0,0.893087;0.435812;0.111639,5.416659851855772,3.281499397503484,3.7755425802812,False,True,
C/1999 H1 (Lee),1999,0.708,149.35,0.9997,,267.0,1019.0,False,83.7274447100773,0.09913938102761635,0.022787458553339284,0.08635514092111644,-948.2854161821688,4.393846368101083,1450.498224038241,502.21280785607223,-316.0,304.0,0.556211;-0.761493;-0.332804,14.46783747962657,3.3254721131615876,12.602178180121344,False,False,0.3227340823967247
C/1999 H3 (LINEAR),1999,3.501,115.84,1.003,,1063.0,847.0,False,48.742103064974856,0.021151389224978914,0.10725436197854409,0.0943382809007185,-74.84969698584872,2.3757891563300912,74.96290523387195,0.11320824802323057,-304.0,303.0,0.378128;0.286232;-0.880392,1.3878222852798132,7.0373625185576785,6.18988980801258,False,True,
C/1999 J2 (Skiff),1999,7.11,86.41,1.0011,,1478.0,978.0,False,40.7511903281319,0.01830398048252319,0.023515778322260403,0.032856746738597044,-109.11934584718978,6.213557874811256,34.296380800806126,-74.82296504638364,-310.0,308.0,0.425835;0.430459;-0.795845,0.8427518982183392,1.0827135025678707,1.512790385111623,False,True,
C/1999 J3 (LINEAR),1999,0.977,101.66,0.9994,,292.0,187.0,True,144.30982857489994,0.21025319344378068,0.09882231175422057,0.12350454340680987,-315.61806061173445,4.584056969867404,1305.5147694967577,989.8967088850233,-315.0,311.0,-0.577793;-0.758472;-0.301456,26.12139498393814,12.277466973399854,15.343933225455805,False,False,0.4492123287668681
C/1999 K2 (Ferris),1999,5.29,82.19,0.9658,,100.0,101.0,False,85.93753055899217,0.1539677689077443,0.07698916490774571,0.17890462619715625,186.79248688976895,4.845406284774051,6913.313483235879,7100.105970125648,-498.0,515.0,-0.511427;0.855705;-0.078815,8.29415111871335,4.147360014231312,9.63748462449469,False,False,
C/1999 K3 (LINEAR),1999,1.929,92.27,0.9917,,59.0,56.0,False,61.705739204222134,0.06350882125350113,0.08958363508009795,0.14729046756196146,790.6247734121207,3.558655157312242,4217.283018513102,5007.907791925223,-370.0,391.0,0.039364;0.945290;0.323846,5.624909246167632,7.93432797714807,13.04536120351875,False,False,0.0
C/1999 K5 (LINEAR),1999,3.255,89.47,1.0018,,1038.0,239.0,False,93.64759842958942,0.05959865416723816,0.06643915271144814,0.12310008253641212,362.4605345968139,2.253630080200468,30.76737058565213,393.22790518246603,-303.0,308.0,-0.141271;0.455554;0.878927,4.055406087704033,4.5208696090996074,8.376377471782915,False,True,
C/1999 K6 (LINEAR),1999,2.247,46.34,0.9935,,240.0,320.0,False,72.50834958325055,0.34680625686933236,0.09018899729472418,0.25681891164284915,-88.61518507991377,2.3050802468727793,2901.3017652295252,2812.6865801496115,-342.0,341.0,-0.295286;0.739834;-0.604526,28.448336651831525,7.398156482217493,21.066721583761638,False,False,0.27362499999968953
C/1999 K7 (LINEAR),1999,2.323,135.16,0.9965,,44.0,37.0,False,78.2512826612002,0.18227531832661686,0.08558569505519308,0.11713301771023082,342.7492822304555,2.6985960157267894,1572.5768521893817,1915.3261344198372,-321.0,326.0,-0.365097;0.633242;-0.682428,14.694769282083186,6.899793423645001,9.443092385562222,False,False,0.0
C/1999 K8 (LINEAR),1999,4.201,52.73,1.0007,,1230.0,610.0,False,142.55435080069344,0.25558129607410707,0.10285097872979701,0.1655778771406368,-259.08509701255406,2.8690144594779365,701.3480109252735,442.2629139127194,-313.0,310.0,-0.972502;-0.101811;-0.209463,15.319175066729553,6.164739647025607,9.924499664323545,False,False,
C/1999 L2 (LINEAR),1999,1.905,43.94,0.9951,,40.0,94.0,False,59.88213246650745,0.0643794893412292,0.1300681746248963,0.1236554070800541,1003.8129506821383,4.207921123078914,2295.0370676988214,3298.8500183809597,-331.0,349.0,-0.056782;0.998248;-0.016635,5.732416860356291,11.581405892544566,11.010406383667485,False,False,1.0
C/1999 N2 (Lynn),1999,0.761,111.66,0.9974,,87.0,203.0,False,43.79918930318095,0.06663075328840391,0.06248755441159543,0.08282519480624477,908.4125442384629,4.134449153051152,3614.4311363857105,4522.843680624173,-353.0,374.0,0.251124;0.967282;0.036094,9.38304414836907,8.799592572963679,11.663570065018535,False,False,0.10402298850360615
C/1999 N4 (LINEAR),1999,5.505,156.92,1.0042,,1348.0,325.0,False,40.62598205834594,0.06758723808056251,0.1150568056638195,0.05307910811911846,-44.33577950730777,2.8987838534709023,82.31883763235616,37.983058125048395,-307.0,307.0,0.229498;0.891003;-0.391720,3.5366962670651407,6.020677670045177,2.777516715807643,False,True,
C/1999 S2 (McNaught-Watson),1999,6.468,65.82,1.0053,,881.0,88.0,False,77.3281766227391,0.11435758592071175,0.08480424885992388,0.16425941516383577,-377.8129450669126,3.326554256275926,69.0976479668086,-308.715297100104,-311.0,302.0,-0.075842;0.774388;0.628149,5.520660259122434,4.093960559908231,7.929691923633404,False,True,
C/1999 S4 (LINEAR),1999,0.765,149.38,1.0001,,300.0,1230.0,True,72.1186814788439,0.05729888712977184,0.08416238841832041,0.02996938733310129,1036.3340256779309,2.30843238613764,39.27094271303925,1075.60496839097,-298.0,312.0,-0.308300;0.918727;-0.246761,8.042318159492348,11.812807170057892,4.20642284782923,False,True,1.0
C/1999 T1 (McNaught-Hartley),1999,1.172,79.98,0.9999,,787.0,661.0,True,43.85260381295574,0.1506516442861074,0.14867596840414404,0.09955027702943098,-1107.6893091731042,3.785402118768464,1218.4683050281149,110.77899585501062,-314.0,300.0,0.965822;-0.001374;0.259202,17.08943452118052,16.865320248947505,11.29266095250131,False,False,0.5507878017791676
C/1999 T2 (LINEAR),1999,3.037,111.0,1.002,,1029.0,1021.0,False,56.61674770126229,0.29912726210124657,0.3095002444954779,0.07033287668508795,-585.208224650224,0.979165183648981,620.2898734194051,35.08164876918114,-309.0,303.0,0.157337;0.404694;-0.900815,21.08146308553432,21.812515293530225,4.956819826854359,False,False,0.47761904761924673
C/1999 T3 (LINEAR),1999,5.368,104.76,1.0031,,868.0,227.0,False,163.05668033391566,0.16172963344513605,0.06994635704924901,0.10227141218123763,914.9342547255242,4.71655477083034,249.73948840556724,1164.6737431310914,-309.0,322.0,-0.711257;-0.495222;0.498868,8.572183717098335,3.7073788531853697,5.42070933785959,False,False,
C/1999 U1 (Ferris),1999,4.139,105.75,1.0034,,402.0,208.0,False,114.88524054821345,0.22709263448402975,0.07345499629966509,0.21931461504386096,499.7024505624797,2.9620919934123906,54.29474475978131,553.9971953222611,-306.0,310.0,0.026206;-0.440720;0.897262,13.703839224479244,4.432620467028482,13.23447689515877,False,True,
C/1999 U4 (Catalina-Skiff),1999,4.915,51.93,1.0076,,1667.0,847.0,False,92.77513596462661,0.5041423463713184,0.3850108773970002,0.1526477866604312,-324.3198422740299,0.9103298614494395,40.43195677368453,-283.88788550034536,-306.0,302.0,0.143847;-0.620422;-0.770964,27.91743496852373,21.32039930640613,8.453038487750646,False,True,
C/1999 Y1 (LINEAR),1999,3.091,134.8,1.0009,,1283.0,833.0,False,150.3392618266069,0.23212501915873654,0.12562621090270887,0.13276312006457103,307.5277663674434,2.4577860795180935,31.337580351808555,338.865346719252,-302.0,307.0,-0.993587;-0.100043;0.052687,16.208599299314088,8.77210445213007,9.27045357993831,False,True,0.39910366328902086
C/2000 A1 (Montani),2000,9.743,24.54,1.004,,806.0,135.0,False,87.71838768809017,0.061106616171835396,0.12136620427212341,0.06089551730518293,33.81171973646163,7.29896180176358,52.72779501934669,86.53951475580833,-314.0,315.0,0.570315;-0.814953;-0.102922,2.403588883785661,4.773860470941763,2.395285447577726,False,True,
C/2000 B2 (LINEAR),2000,3.776,93.65,0.9995,,61.0,86.0,False,99.5023490339721,0.17990273543220575,0.13117257922495,0.11709064376274038,-223.96539362432327,4.289335273312075,993.5554081217435,769.5900144974203,-316.0,313.0,0.261094;-0.866081;-0.426301,11.376063490059607,8.29463535300292,7.404170894548997,False,False,
C/2000 CT54 (LINEAR),2000,3.156,49.21,0.9984,,1763.0,216.0,False,92.68802331170552,0.031139945033788752,0.09884155431327028,0.0735001566964406,519.1917699185229,2.6485269234206887,38.558067443668165,557.7498373621911,-304.0,308.0,-0.254727;0.603518;0.755566,2.1519148163453585,6.830410425148141,5.079202163881668,False,True,
C/2000 H1 (LINEAR),2000,3.638,118.24,1.0021,,364.0,112.0,False,71.53754695865796,0.19934513558278474,0.2967158045118866,0.11032529191836819,211.05348205257155,1.7875859634869617,52.201493605508624,263.2549756580802,-304.0,306.0,-0.168936;0.475159;-0.863530,12.83090926851024,19.0982014940816,7.101120408521951,False,True,
C/2000 K1 (LINEAR),2000,6.276,116.79,1.0023,,820.0,304.0,False,37.793859516224906,0.029387609567095047,0.056232271974878754,0.05661110331811538,97.57808705256559,5.095375188352299,52.374369246028124,149.95245629859372,-309.0,309.0,0.285315;0.927329;-0.242189,1.4401940218854348,2.7557662269317276,2.7743315557852557,False,True,
C/2000 K2 (LINEAR),2000,2.437,25.63,0.9953,,987.0,315.0,False,84.35567343101653,0.025348199344924847,0.13658473262577142,0.11125136717630456,926.9542737808358,2.9855109927730923,1452.7938655627424,2379.7481393435783,-320.0,333.0,-0.504586;0.757789;-0.413702,1.9951089142545952,10.750326439551081,8.756385073202301,False,False,0.16248226950365932
C/2000 O1 (Koehn),2000,5.922,148.1,1.0,,987.0,64.0,False,141.04878703790052,0.11506740736149083,0.03422661646336596,0.09745258588162534,74.65922119141908,4.804292379484133,66.06352363848458,140.72274482990366,-308.0,309.0,-0.707798;-0.557215;-0.434204,5.805279397021178,1.726771080887504,4.916591952295698,False,True,
C/2000 OF8 (Spacewatch),2000,2.173,152.43,1.0018,,373.0,72.0,False,40.53265557843185,0.5308953867103147,0.05647723360705827,0.47442220378124145,-2581.460101290549,0.5358553279285904,73.19289573587021,-2508.267205554679,-301.0,277.0,0.657066;0.605927;0.448460,44.21390524823724,4.703523741010724,39.5107188548417,False,True,1.0
C/2000 SV74 (LINEAR),2000,3.542,75.24,1.0049,,1359.0,2039.0,False,93.07397754327505,0.40173889170277516,0.27066591420314773,0.19766551320360903,-135.94066689033923,3.093821977160591,58.629461688103206,-77.31120520223601,-304.0,302.0,-0.112664;-0.319792;-0.940765,26.206237078719642,17.656082752336324,12.894119559460075,False,True,
C/2000 U5 (LINEAR),2000,3.486,93.65,1.0054,,362.0,288.0,False,124.89715035590574,0.37526280921979216,0.029557718746238998,0.34664099467786114,-2018.4683090651467,3.516174246047848,367.5047648820144,-1650.9635441831324,-308.0,285.0,-0.152027;-0.464402;0.872478,24.68161043600906,1.9440564893402603,22.799109801415447,False,False,
C/2000 W1 (Utsunomiya-Jones),2000,0.321,160.17,1.0,,58.0,440.0,False,102.33130406238206,0.03492148980518181,0.07927506361117516,0.04678716615205779,1167.9717525848894,4.734567869953722,172.47369506758474,1340.445447652474,-299.0,314.0,-0.748337;0.608104;-0.264957,7.5667393960351825,17.177209514723085,10.137777492502266,False,True,0.5268965517251014
C/2000 WM1 (LINEAR),2000,0.555,72.55,1.0002,,981.0,2130.0,True,89.32144512641723,0.18057382821292775,0.2210791972844974,0.06521368407131978,-765.7832035755841,4.343092405804732,797.2838609372084,31.500657361624185,-307.0,298.0,0.315286;-0.054541;0.947428,29.759037510420008,36.43442790062026,10.747385098258363,False,False,0.44104994903152445
C/2000 Y1 (Tubbiolo),2000,7.975,137.97,1.0023,,742.0,94.0,False,153.4057659383563,0.160102329462828,0.054988418127580915,0.10529191352844826,-58.91792328429601,3.7569713426148748,74.34576325139282,15.427839967096814,-312.0,311.0,-0.528951;-0.848400;0.020710,6.960800829684515,2.3907423946281363,4.577797471822911,False,True,
C/2000 Y2 (Skiff),2000,2.769,12.09,0.9943,,201.0,159.0,False,63.60605928141103,0.2647133694566109,0.17503480036952956,0.09168339725054982,34.811400463984455,2.5307886104185977,1986.2981805401892,2021.1095810041736,-328.0,329.0,0.885750;-0.449477;0.115834,19.555769107042373,12.930741461038401,6.773134848691032,False,False,0.5960696517415716
C/2001 A1 (LINEAR),2001,2.406,59.94,0.9909,,93.0,126.0,False,90.71189301478034,0.4221646743413113,0.36219011534450324,0.10881314809681883,-1154.7310975644004,2.481645775583449,5740.057092447454,4585.325994883054,-419.0,380.0,0.127803;-0.552370;-0.823744,33.527507053065946,28.764442846172322,8.641731087459208,False,False,0.0
C/2001 B1 (LINEAR),2001,2.928,104.11,1.0012,,351.0,167.0,False,112.89111655982488,0.184750294064618,0.033332201984627906,0.1533090665124571,-132.08320386517272,2.936269702086542,108.96591731789212,-23.11728654728061,-304.0,301.0,0.014281;-0.348086;0.937354,13.255519846804447,2.3915288859588717,10.99966516502627,False,True,0.0
C/2001 B2 (NEAT),2001,5.307,150.6,1.0017,,1123.0,553.0,False,40.53542586680386,0.07134369198905026,0.07140404920577738,0.1273463504004226,118.88518821570275,2.822507398050432,216.97406888766542,335.8592571033682,-310.0,309.0,0.877730;0.259795;0.402613,3.802932451718246,3.8061497567355165,6.788120365567543,False,True,
C/2001 C1 (LINEAR),2001,5.104,68.96,0.9999,,795.0,229.0,False,52.18966103135064,0.05160038291838411,0.06885353140779729,0.06447390521994478,-230.415679170467,4.474772459351603,27.165695289625646,-203.24998388084134,-305.0,304.0,0.508816;0.618163;0.599150,2.803981636121103,3.741523351772776,3.503533036405595,False,True,
C/2001 G1 (LONEOS),2001,8.236,45.36,1.0028,,885.0,134.0,False,32.97644434318002,0.048503677267208146,0.096461156910231,0.048068797614363966,-145.26116031837188,6.935710369427327,42.580680084844964,-102.68048023352691,-312.0,310.0,0.957346;0.204573;0.204057,2.0749951923682217,4.126623961650133,2.0563909701782372,False,True,
C/2001 HT50 (LINEAR-NEAT),2001,2.792,163.21,0.9977,,1779.0,3866.0,False,137.26212992892076,0.27615444702474656,0.13961038098177986,0.14356739424693396,355.64027987824056,2.305670525275262,903.8994971537186,1259.5397770319591,-313.0,317.0,-0.212921;-0.962191;0.169863,20.30163577159298,10.263528743288495,10.55443060244024,False,False,0.4868015739179419
C/2001 K3 (Skiff),2001,3.06,52.03,0.9989,,142.0,331.0,False,77.62047006514943,0.07272513949398085,0.11172795683676669,0.0874872262307554,634.568344733923,3.6535125419019647,84.8780831688638,719.4464279027868,-303.0,311.0,-0.372583;0.926859;-0.045992,5.104045882202418,7.841368500459003,6.140088831666753,False,True,0.0
C/2001 K5 (LINEAR),2001,5.184,72.59,0.9995,,1305.0,3292.0,False,47.1158092447511,0.04848131731422809,0.06115142424360431,0.06281557282193975,-104.44133828644287,5.40029968734964,31.92392074666152,-72.51741753978135,-307.0,305.0,0.180857;0.692523;-0.698358,2.6141012398629737,3.2972704289055876,3.3870009292908603,False,True,
C/2001 N2 (LINEAR),2001,2.669,138.54,1.0011,,697.0,884.0,False,39.389437348892926,0.08049664668650253,0.01487610339712644,0.09402209823534054,-306.620986346657,2.3374169616772837,468.4614993929833,161.8405130463263,-307.0,304.0,0.251990;0.916158;-0.311699,6.050646984867741,1.1181838482906206,7.067307131614869,False,False,0.5805738880920359
C/2001 O2 (NEAT),2001,4.819,90.93,0.9978,,398.0,73.0,False,108.08179067256312,0.06522205549539761,0.09567653312548209,0.11268678727623233,206.2467938348182,4.767385064214686,228.7521229179321,434.9989167527503,-310.0,309.0,-0.168476;0.085558;0.981986,3.648364800978004,5.351914978503651,6.303427653593542,False,False,
C/2001 Q1 (NEAT),2001,5.834,66.95,0.9659,,560.0,77.0,False,102.0441108108235,0.021714823593983558,0.10193486563974442,0.09815356201410642,377.61795331291705,5.69546683635778,5696.316074844795,6073.934028157712,-428.0,446.0,-0.734181;0.674895;-0.074128,1.1129459592207367,5.224449387140998,5.030646910573491,False,False,
C/2001 Q4 (NEAT),2001,0.962,99.64,1.0007,,1811.0,2617.0,True,12.326282517429025,0.12655724208043986,0.11438820233465088,0.07865067880444843,-744.2292556938828,4.481007165994278,175.70478707326168,-568.5244686206211,-301.0,292.0,0.864980;0.501297;-0.022625,15.840917700403104,14.31774325430184,9.84454867648121,False,True,0.5499558255108806
C/2001 RX14 (LINEAR),2001,2.058,30.57,1.0016,,673.0,3261.0,False,70.18578112479153,0.48478817121323337,0.32900776897473266,0.16457041613661655,-520.1689383090088,3.320589332269976,832.4885089821792,312.31957067317035,-310.0,304.0,0.690061;-0.579785;-0.433202,41.50285210711572,28.166447922353285,14.088919754439013,False,False,0.7558692421993852
C/2001 U6 (LINEAR),2001,4.406,107.26,0.9962,,620.0,110.0,False,94.66332333634499,0.07566410991059251,0.02834761589663161,0.0734754257728208,77.69450704858207,3.736567596115847,1012.7471902511894,1090.4416972997715,-317.0,319.0,-0.235477;-0.193335;-0.952456,4.430117186548311,1.6597467482235846,4.301970206082601,False,False,
C/2001 W1 (LINEAR),2001,2.399,118.65,0.9989,,80.0,101.0,False,122.44421335660148,0.32067608220052163,0.17111464713895014,0.14981765167708957,-45.655037068346246,4.120802360687122,1065.3426332706224,1019.6875962022762,-314.0,314.0,-0.019739;-0.995148;-0.096392,25.432650844971306,13.57101236014261,11.881958889389074,False,False,0.7862499999988358
C/2001 X1 (LINEAR),2001,1.698,115.63,0.997,,90.0,203.0,False,74.57709125652684,0.14430037131263276,0.1540760810027329,0.12889348219077662,-626.5356541011761,2.018358878824723,2426.62071899752,1800.0850648963437,-333.0,323.0,0.778882;-0.524992;0.343113,13.608459114606863,14.530371819500557,12.155489736975708,False,False,0.2898888888872332
C/2002 A3 (LINEAR),2002,5.152,48.08,1.0095,,527.0,287.0,False,102.85332901591391,0.3754055954524927,0.1446469440699339,0.2997159114316312,6147.592871711424,1.6059262189899985,33.20545953894925,6180.798331250373,-307.0,448.0,0.394755;-0.837901;0.376950,20.304575209286096,7.823524183546825,16.210744695342225,False,True,
C/2002 B2 (LINEAR),2002,3.842,152.87,0.9972,,87.0,52.0,False,66.6756748430098,0.21447981242713043,0.1346403178557954,0.08776113388894126,-306.6137934010667,3.330793910496188,1059.8590719963227,753.245278595256,-317.0,313.0,0.834080;-0.326250;0.444828,13.446610334956839,8.441148232525217,5.502101837017897,False,False,
C/2002 B3 (LINEAR),2002,6.056,73.69,1.0054,,44.0,50.0,False,100.11977440540166,0.28216223054532713,0.056651782426948384,0.2260620348126892,22.141952823304365,1.6648958030662677,-252.0339405738175,-229.89198775051312,-305.0,305.0,-0.040202;-0.594455;-0.803123,14.070282290756065,2.8249938678224638,11.272793806917042,False,False,
C/2002 C2 (LINEAR),2002,3.254,104.88,0.9996,,346.0,209.0,False,133.29390336835604,0.24564778400088333,0.09328237738412111,0.1738918510965239,197.21564787296006,4.359867439763181,482.5932498978119,679.808897770772,-308.0,311.0,-0.349928;-0.876388;-0.330901,16.723884580521403,6.350733914062387,11.838687082237314,False,False,
C/2002 E2 (Snyder-Murakami),2002,1.466,92.54,1.0008,,302.0,905.0,False,29.934052637479518,0.07525436280645871,0.0708390856250351,0.047119066255611804,-468.7726686391503,3.8325451497834675,74.86835015420694,-393.90431848494336,-301.0,295.0,0.429102;0.889505;-0.157012,7.630256428997749,7.182578768288447,4.777537737578135,False,True,0.0
C/2002 F1 (Utsunomiya),2002,0.438,80.88,0.9995,,53.0,161.0,False,95.13155268790746,0.15873099537586807,0.055248752991544414,0.12286865614500436,304.06649775495544,4.917394156796057,1510.378049359615,1814.4445471145705,-316.0,321.0,0.068900;-0.596461;-0.799679,29.448219489488782,10.249903623189272,22.794937724473556,False,False,0.6396226415076768
C/2002 H2 (LINEAR),2002,1.635,110.5,0.9941,,97.0,369.0,False,46.02725555357624,0.07236356581724505,0.03859209237212285,0.05740325163413827,-224.92633891116247,3.9060669413280116,4147.659048845234,3922.7327099340714,-367.0,362.0,0.137869;0.935014;-0.326714,6.959229104585518,3.7114148454376816,5.520490525287797,False,False,0.0
C/2002 J4 (NEAT),2002,3.634,46.53,0.9999,,1611.0,228.0,False,86.82442751123014,0.04661339439329668,0.05536417958007134,0.05859176361849345,-303.9389897671561,4.278343744437704,49.81108434874049,-254.12790541841562,-303.0,301.0,-0.296444;0.772830;0.561120,3.001929169831969,3.565484724046018,3.773342975931161,False,True,
C/2002 J5 (LINEAR),2002,5.727,117.23,1.0011,,1672.0,590.0,False,55.0779794181757,0.031255345813561174,0.09605463159423974,0.09511564696867204,-45.906254082900375,3.449201092523484,80.22631385888819,34.320059775987815,-308.0,307.0,0.136207;0.494245;-0.858586,1.6035153663534674,4.92795948218099,4.87978608218571,False,True,
C/2002 K1 (NEAT),2002,3.23,89.72,0.9996,,115.0,72.0,False,66.2216694410686,0.07471177843504356,0.0372567511788943,0.037892263780556046,-24.733790712829887,4.14488618893153,400.19477914052965,375.46098842769976,-307.0,307.0,-0.183412;0.979988;-0.077350,5.104940949550011,2.5456965250223904,2.589120123980067,False,False,
C/2002 K2 (LINEAR),2002,5.235,130.9,0.9931,,685.0,136.0,False,59.85182762390975,0.03572134593853591,0.043815833060218516,0.025563275999233092,44.74742679303654,4.1641792539157265,1812.3350842275588,1857.0825110205953,-331.0,331.0,-0.103389;0.935040;-0.339133,1.921164448267435,2.3565019328037917,1.3748434091895165,False,False,
C/2002 L9 (NEAT),2002,7.033,68.44,0.9984,,1680.0,333.0,False,107.10168502628018,0.03053665622238549,0.040481669284832385,0.04951192158859234,41.23327608588099,6.410208406042052,50.00340963669608,91.23668572257706,-310.0,310.0,-0.487548;0.483308;0.727125,1.4136824801508643,1.874082945377518,2.292134921343673,False,True,
C/2002 O4 (Hoenig),2002,0.776,73.13,1.0009,,58.0,1195.0,False,88.56520771117066,0.174184285066252,0.02445904356083071,0.17589147379736247,463.815402399262,4.150767950854614,-777.5537505948786,-313.7383481956166,-290.0,295.0,0.037697;-0.389814;-0.920122,24.270299016133688,3.4080474059081203,24.5081734085639,False,True,1.0
C/2002 O6 (SWAN),2002,0.495,58.62,0.9986,,30.0,215.0,False,110.00412065568831,0.1557165825221787,0.07737814503210026,0.2209622004641976,995.1915145617768,3.873707607120684,3014.0240821238417,4009.2155966856185,-340.0,361.0,-0.419707;-0.351159;-0.836979,27.18046166614241,13.506420901207834,38.569139664545254,False,False,1.0
C/2002 O7 (LINEAR),2002,0.903,98.74,1.0003,,343.0,1606.0,False,89.13939423604077,0.19461707343657214,0.14398140777413815,0.08934637721408376,-333.57382095385003,3.4174165782677353,52.201136617241566,-281.3726843366085,-299.0,296.0,0.329863;-0.072888;0.941211,25.142282341401323,18.600738066023904,11.542521950572631,False,True,1.0
C/2002 P1 (NEAT),2002,6.53,34.61,0.9842,,521.0,102.0,False,88.16310183106518,0.06847108149044205,0.06240820991838157,0.03385908979134017,277.0679788298071,5.611558747628236,2017.1683589754875,2294.2363378052946,-337.0,340.0,-0.503651;0.855414;0.120840,3.300258737493496,3.0080325239673287,1.6319846933196998,False,False,
C/2002 Q5 (LINEAR),2002,1.243,149.16,1.0016,,275.0,571.0,False,41.052281037052154,0.029810983087845227,0.11846962643421827,0.14138031199607973,-944.2354941980967,1.706869724925229,84.64988450740812,-859.5856096906886,-300.0,290.0,0.222029;0.901450;-0.371605,3.282575146480503,13.045039480913797,15.56780254419767,False,True,0.30254545454613185
C/2002 R3 (LONEOS),2002,3.869,161.1,1.0026,,628.0,1261.0,False,145.21142544079677,0.09887780142425666,0.11873106054339776,0.08543783644302709,-29.179241968630674,3.3930227129291692,60.89672394793213,31.717481979301457,-304.0,304.0,-0.956426;-0.183195;-0.227353,6.171454586890128,7.410595074347246,5.332599633237163,False,True,
C/2002 T7 (LINEAR),2002,0.615,160.58,1.0005,,1242.0,4397.0,True,80.57036643752504,0.14914021516672743,0.03261277003683165,0.11750326762401402,-639.5740329220674,2.289855739269549,26.868344289145583,-612.7056886329218,-298.0,292.0,-0.434029;0.891990;-0.126384,23.346485910621457,5.1052197780460995,18.394021887183396,False,True,0.45012882447669555
C/2002 U2 (LINEAR),2002,1.209,59.14,1.0,,209.0,372.0,False,70.40386220668397,0.22862683118852192,0.18985484130617147,0.07479086221864743,-357.56080367286495,3.395189669987652,1132.2510873494539,774.6902836765889,-313.0,308.0,0.400534;-0.331015;-0.854401,25.534375559651803,21.204094001252372,8.353078920760522,False,False,0.3253110047857585
C/2002 V2 (LINEAR),2002,6.812,166.78,0.9986,,1727.0,317.0,False,149.52757613086888,0.07427956253112439,0.09941507185722528,0.16070974401133017,-10.859977148325811,2.5922584244636475,490.5874913282099,479.7275141798841,-315.0,314.0,-0.418992;-0.893155;0.163460,3.4966944169149428,4.679943107832617,7.565376605345248,False,False,
C/2002 VQ94 (LINEAR),2002,6.797,70.52,0.9663,,3479.0,1292.0,False,67.34364332266628,0.14975184673169145,0.04669175502317975,0.11146467826444124,105.58425143047407,5.868708045819601,5298.966230839637,5404.550482270111,-416.0,419.0,0.331684;-0.168026;-0.928306,7.115775116487512,2.2186573040021202,5.296479484373159,False,False,
C/2002 X1 (LINEAR),2002,2.487,164.09,0.9982,,695.0,1432.0,False,138.99524234765784,0.3010111763731051,0.17330613371661335,0.12883439894744209,431.8448157030256,1.6072172784021783,834.7057681167458,1266.5505838197714,-311.0,317.0,-0.251937;-0.959504;0.126013,23.4440561880899,13.4978334876071,10.034181867515835,False,False,0.7293381294965905
C/2002 X5 (Kudo-Fujikawa),2002,0.19,94.15,0.9998,,129.0,514.0,True,86.39178581033659,0.2840861496051468,0.11206704895381242,0.17201999460061757,-105.88043343866525,1.7415047734168467,1646.9013462530743,1541.020912814409,-318.0,316.0,-0.473591;0.871152;0.129636,80.01469523154165,31.564406712544304,48.45054030557529,False,False,0.35658914728682173
C/2002 Y1 (Juels-Holvorcem),2002,0.714,103.78,0.9972,,372.0,760.0,False,111.98563906916756,0.10885980483974299,0.08163239827849285,0.08092034772489642,393.75766741005555,4.227822896204327,4097.26533962097,4491.023007031025,-363.0,373.0,-0.653821;-0.029917;-0.756058,15.82700804800886,11.868445166092044,11.764920914335848,False,False,0.2856182795698925
C/2003 A2 (Gleason),2003,11.427,8.06,1.0069,,2616.0,165.0,False,73.61244378194816,0.026308811590086266,0.01795896807344345,0.008394629082098216,92.80478585764939,6.500355316368185,56.801067913900084,149.60585377154948,-317.0,319.0,0.779915;-0.625041;0.032510,0.9555823480955533,0.652301333423244,0.30490770524524213,False,True,
C/2003 G1 (LINEAR),2003,4.916,66.85,1.0014,,555.0,1472.0,False,35.99430187014201,0.039694396130073126,0.0837324753093715,0.08275157955138063,-386.38108746061255,4.601670954226102,24.061672404153235,-362.3194150564593,-306.0,301.0,0.324807;0.927985;-0.182604,2.197852910728072,4.636212728318675,4.581901167821406,False,True,
C/2003 G2 (LINEAR),2003,1.553,96.17,0.9964,,53.0,112.0,False,25.95333068094999,0.11496044667863416,0.15322408981310162,0.07339345321997,-834.9887214425812,4.488301063964164,3181.6761093686328,2346.6873879260515,-346.0,331.0,0.901222;0.391145;0.186559,11.33867676843168,15.112662465418198,7.238877953445843,False,False,0.5081132075503328
C/2003 H1 (LINEAR),2003,2.24,138.67,0.9992,,604.0,1890.0,False,36.03699810453946,0.23809192259990428,0.14617749570637092,0.1026087382717233,-293.30937046416756,2.5801350596493995,778.1190666669372,484.80969620276966,-310.0,307.0,0.976114;0.113462;0.185277,19.53765769775338,11.995223706203285,8.42000175083681,False,False,0.5043377483445559
C/2003 H3 (NEAT),2003,2.901,42.81,0.9998,,582.0,765.0,False,60.047779792691735,0.06172883261968016,0.06887781287316712,0.07791590567162643,-551.4493850288659,3.410633387478664,428.55634589384044,-122.89303913502539,-307.0,300.0,-0.073925;0.994319;-0.076587,4.450530109142093,4.965957835822645,5.61758694367555,False,False,0.0
C/2003 J1 (NEAT),2003,5.125,98.31,0.9911,,423.0,80.0,False,89.47713449576467,0.034957557890312164,0.02771226083836009,0.03918464556657725,-36.59032273390039,4.927212969796245,1963.4298019049734,1926.839479171073,-332.0,332.0,-0.476241;0.835709;0.273469,1.9004303502547977,1.5065475035941274,2.1302314633179176,False,False,
C/2003 K4 (LINEAR),2003,1.024,134.25,1.0003,,1269.0,3625.0,True,38.5182951195911,0.20187278870762093,0.1199427893612482,0.08658874082572487,-218.34657653784546,3.557192933167102,71.94334674442834,-146.40322979341713,-299.0,297.0,0.969257;0.093039;0.227781,24.49053777500867,14.551061747831616,10.504659105661798,False,True,0.39773049645406217
C/2003 L2 (LINEAR),2003,2.865,82.05,0.9815,,292.0,492.0,False,98.87154423813784,0.14652359501068263,0.0660847821717645,0.143456676607245,452.61445285897844,3.1597423816852506,6363.472916025782,6816.0873688847605,-449.0,478.0,-0.089957;-0.504263;-0.858852,10.675698305221418,4.81493234574675,10.452242856974708,False,False,0.7574999999998087
C/2003 O1 (LINEAR),2003,6.847,117.98,1.0014,,1309.0,550.0,False,64.66332370642253,0.0264089606648163,0.1011347443838773,0.07672704070525518,-7.672457081283227,4.085138409060333,190.30695154249634,182.6344944612131,-311.0,311.0,-0.040386;0.484499;-0.873859,1.2393820030139613,4.746289854404867,3.600827560067646,False,True,
C/2003 S3 (LINEAR),2003,8.13,151.5,1.0018,,1035.0,122.0,False,137.1601450697683,0.06788033277052465,0.10552780597340032,0.16042283297798085,-42.054313345487316,2.8269531737533806,44.77496653950159,2.7206531940142717,-312.0,310.0,-0.348389;-0.914390;-0.206194,2.92281101426884,4.543846811319863,6.907532771728765,False,True,
C/2003 T2 (LINEAR),2003,1.786,87.53,0.9997,,128.0,442.0,False,133.46670384619927,0.1065111718229446,0.07271621228891156,0.14855073504367178,716.9794962055753,4.096254820859707,102.53917979973761,819.5186760053128,-301.0,310.0,-0.479943;-0.743381;-0.465875,9.784459473632609,6.679945587300842,13.646349222683435,False,False,0.2502343749983993
C/2003 T3 (Tabur),2003,1.481,50.44,0.9997,,566.0,744.0,False,132.4427250750314,0.09879214166784622,0.08309231599619336,0.1342861920502895,702.4405732617721,2.8022997377134535,100.08537081778117,802.5259440795533,-301.0,309.0,-0.803297;-0.267363;-0.532194,9.966059689619076,8.382275826664003,13.546666595855493,False,True,0.3480565371024735
C/2003 T4 (LINEAR),2003,0.85,86.76,1.0005,,816.0,955.0,True,61.39131218717248,0.04410276681117584,0.11769174005215258,0.07663034426075768,-995.8718089014087,3.0386543103494357,339.1996007314512,-656.6722081699575,-302.0,292.0,-0.071200;0.996993;0.030598,5.872867437896743,15.67221373708791,10.204345126251336,False,False,0.6576715686276335
C/2003 V1 (LINEAR),2003,1.783,28.68,0.997,,441.0,530.0,False,162.9118303747037,0.09107878940937333,0.1331725879871066,0.12955149062224933,830.840114625528,2.08778081325036,1533.1672612659015,2364.0073758914295,-320.0,331.0,-0.833761;-0.547537;-0.071040,8.379171908008168,12.251765920633433,11.918628013195987,False,False,0.0
C/2003 WT42 (LINEAR),2003,5.191,31.41,1.0026,,1592.0,2466.0,False,68.462678460166,0.2756431440198599,0.12404916973332954,0.15405485206977906,154.21860716035587,4.988101059964671,57.276181868439195,211.49478902879508,-307.0,308.0,0.667892;-0.531515;-0.520972,14.853078719783861,6.684411069698949,8.301272477113466,False,True,
C/2004 B1 (LINEAR),2004,1.602,114.1,1.0013,,1670.0,1832.0,False,82.09339551785081,0.09471668495133304,0.02611365423074926,0.10318033103662916,-516.2332854911846,2.379955866759109,81.19354791375096,-435.03973757743364,-301.0,295.0,-0.258368;0.835636;0.484725,9.18696105266098,2.532870787061606,10.007884916171129,False,True,0.444245508982114
C/2004 D1 (NEAT),2004,4.975,45.54,1.0016,,1699.0,507.0,False,75.16688694342635,0.2461738989672358,0.13194669177780805,0.12046974846137491,130.57940915829516,4.777207022352579,260.90791243588683,391.487321594182,-308.0,310.0,0.485031;-0.534872;-0.691850,13.55342186809085,7.264495485776914,6.632617552428314,False,False,
C/2004 F2 (LINEAR),2004,1.43,104.96,0.9906,,119.0,144.0,False,69.8817686350887,0.601855945435164,0.5377161518121077,0.07589611324174227,464.8757035437284,0.7683104753173473,6485.380986404786,6950.256689948515,-451.0,481.0,0.111546;0.739830;0.663483,61.92932107959166,55.32951276434938,7.80950126237017,False,False,0.0
C/2004 F4 (Bradfield),2004,0.168,63.16,0.9993,,155.0,301.0,False,37.26294648452311,0.024843253046215964,0.09772104413218774,0.08066598539840841,-921.1997876322612,4.353076473999192,5171.745427657849,4250.545640025588,-391.0,366.0,0.792455;0.453983;0.407327,7.442360379120143,29.274556987472337,24.165327002666473,False,False,0.01348387096678057
C/2004 H6 (SWAN),2004,0.776,107.66,1.0006,,102.0,285.0,False,120.01208738841328,0.19593058426316248,0.18435202740915219,0.015926802865445042,24.948905951333103,3.2155932891789525,-209.51159897842987,-184.56269302709677,-296.0,296.0,-0.196781;-0.233078;0.952340,27.303369115242333,25.689871085847134,2.2194359246990913,False,False,0.0
C/2004 K1 (Catalina),2004,3.399,153.75,0.9981,,1017.0,1117.0,False,18.596100484831673,0.29444138617660104,0.12674028346599325,0.16963479828253106,-268.95691442855457,2.628340397312792,892.9636729471488,624.0067585185942,-314.0,310.0,0.599642;0.669509;-0.438392,19.620748964112135,8.445617369954782,11.303987648947714,False,False,
C/2004 L1 (LINEAR),2004,2.047,159.36,0.9976,,600.0,410.0,False,43.16388085917159,0.25610345239583066,0.13520997909151478,0.12198267933838353,-25.766000410569404,2.4108268947220477,1452.047296431339,1426.2812960207696,-319.0,319.0,0.946411;0.066097;0.316130,21.990848584155067,11.610082368872744,10.474293126958267,False,False,0.48518333333311603
C/2004 L2 (LINEAR),2004,3.779,62.52,0.9952,,1008.0,303.0,False,120.25483185189854,0.008178450041106532,0.05886760953888461,0.06175113643003603,-270.0800058615673,4.276667382428257,1343.7430456420834,1073.663039780516,-321.0,317.0,-0.480138;0.144330;0.865238,0.517126884288769,3.7222240587597275,3.90455069393989,False,False,
C/2004 P1 (NEAT),2004,6.014,28.82,0.9993,,842.0,148.0,False,83.20961146201722,0.0866161754969245,0.027322314231038012,0.07433384261440362,-120.02853638663757,5.071584521168147,38.40947970624418,-81.6190566803934,-309.0,305.0,-0.477275;0.867995;-0.137092,4.336155937223738,1.3678024271091813,3.721281055644693,False,True,
C/2004 Q1 (Tucker),2004,2.047,56.09,0.989,,615.0,1972.0,False,139.47571522192922,0.07893950431273186,0.08345620988005834,0.10890554632503177,721.645570910021,3.9400452751874906,5291.279256443252,6012.924827353273,-401.0,429.0,-0.663681;-0.597138;-0.450503,6.791679388312326,7.1802809683673345,9.369853037312724,False,False,0.17377235772375896
C/2004 Q2 (Machholz),2004,1.205,38.59,0.9995,,743.0,3612.0,True,101.5238831242474,0.2265184027888199,0.08341231712655879,0.30147072498618044,1452.638313578877,2.760880921567535,466.2154965420988,1918.8538101209758,-305.0,324.0,0.318636;-0.924828;-0.207760,25.335733963020466,9.329539012897783,33.719035592042225,False,False,0.20310901749683583
C/2004 RG113 (LINEAR),2004,1.942,21.62,0.9972,,332.0,414.0,False,74.79211382171931,0.5457295983615866,0.02568697184370105,0.526948411635957,1229.2274353883915,1.8941129617560502,1799.9807855190527,3029.2082209074442,-324.0,344.0,0.687218;-0.661424;-0.300417,48.11663778996983,2.264804261735487,46.46071228830014,False,False,0.5925301204825448
C/2004 T3 (Siding Spring),2004,8.864,71.96,0.9985,,476.0,110.0,False,97.29312562524343,0.009176084467361172,0.046248517048498944,0.03708190017832737,28.890426394940242,6.998076516820557,40.3494138178125,69.23984021275274,-315.0,311.0,-0.121054;0.332614;0.935261,0.37839368801687495,1.9071475413658072,1.5291442681309642,False,True,
C/2004 U1 (LINEAR),2004,2.659,130.62,0.9992,,345.0,545.0,False,109.79765332369695,0.2071442786022164,0.11833991669475542,0.12294333775806762,329.11767651527157,3.5011003576856314,647.7317883759255,976.849464891197,-309.0,313.0,0.151118;-0.953432;-0.261020,15.601392805078099,8.91295447469503,9.259668276015224,False,False,0.15582608695587385
C/2004 X2 (LINEAR),2004,3.793,72.12,0.9974,,135.0,252.0,False,88.42608295111641,0.2261140340127794,0.06280508274901522,0.18781601124204625,260.8521874033263,3.759927146092629,1123.1240817854034,1383.9762691887297,-318.0,321.0,0.502691;-0.814472;-0.289719,14.267951798651785,3.9630441218993093,11.851320096589424,False,False,
C/2004 X3 (LINEAR),2004,4.402,81.08,1.0064,,471.0,241.0,False,58.212465766513304,0.39440336334214515,0.28807713121713713,0.10958238465640023,-652.9509832033438,3.5655970160006234,39.53402420224697,-613.4169590010968,-305.0,298.0,0.901272;-0.213820;0.376815,23.077938155892284,16.85641360159654,6.4120535754198205,False,True,
C/2004 YJ35 (LINEAR),2004,1.781,52.48,0.9999,,335.0,216.0,False,87.53431694331272,0.13709696550282066,0.08020221024543023,0.18602520634184755,779.1433626205298,3.94599379208498,48.587550011321106,827.730912631851,-300.0,310.0,0.400846;-0.738921;-0.541589,12.611530566323058,7.377790035594197,17.11243255663814,False,True,0.18552238805942348
C/2005 B1 (Christensen),2005,3.205,92.55,1.0002,,1310.0,1486.0,False,90.2151740759109,0.05649405148599746,0.0913500377592047,0.041548417155852814,227.21891327910706,2.711214447105883,26.32116009337136,253.54007337247842,-303.0,306.0,-0.206999;-0.101732;-0.973038,3.8740068348711345,6.264211210495499,2.849129205749139,False,True,
C/2005 E2 (McNaught),2005,1.52,16.99,1.0001,,1087.0,1317.0,False,155.0933710620891,1.1802798121876363,0.03174490905579171,1.1966433083360593,-2541.419996624831,1.0455981248878903,86.4335045293747,-2454.9864920954565,-301.0,276.0,-0.878423;-0.439649;-0.187300,117.5276272778399,3.1610333422231642,119.1570399445953,False,True,0.3205795768171158
C/2005 EL173 (LONEOS),2005,3.886,130.68,1.0032,,1355.0,314.0,False,123.43023611413507,0.07858435943783391,0.08697766695937725,0.07338815165319156,-80.99535558923137,3.401538158569601,55.04170777818335,-25.953647811048018,-304.0,304.0,-0.026929;-0.661936;0.749077,4.894073218147023,5.416791248130489,4.5704640224156154,False,True,
C/2005 G1 (LINEAR),2005,4.961,108.41,0.9997,,719.0,287.0,False,63.57827523212338,0.12882845764210818,0.06369599589102101,0.08896665176099658,31.30122953377262,2.5591520327664785,39.67819666290449,70.97942619667711,-305.0,307.0,0.450458;-0.209467;-0.867877,7.100862214598151,3.5108430134299375,4.9037297147807,False,True,
C/2005 J2 (Catalina),2005,4.287,150.8,1.0,,234.0,65.0,False,28.862717106585546,0.3694754468284486,0.23505282877471168,0.13766091845528922,83.80460789713811,4.033224261745816,498.6454081801621,582.4500160773002,-311.0,311.0,0.948614;0.269460;0.165901,21.918134174768717,13.943874981319556,8.166362629032493,False,False,
C/2005 K1 (Skiff),2005,3.693,77.75,1.0033,,812.0,616.0,False,59.80258922072694,0.19168271618392405,0.1180843805324304,0.11887396806652413,-87.04469296991928,3.7572542654601477,23.409668300775138,-63.63502466914415,-303.0,303.0,-0.055935;0.720845;-0.690835,12.245180925516715,7.543531482044198,7.593972348096164,False,True,
C/2005 L2 (McNaught),2005,3.194,152.76,1.0,,290.0,54.0,False,37.962210610778214,0.288310150102631,0.12903057704347332,0.16075582175958122,-192.18288087953175,3.8243835913830995,453.52721292779745,261.3443320482657,-308.0,305.0,0.707551;0.570300;0.417289,19.81127051264808,8.8663533535027,11.046357785975983,False,False,
C/2005 L3 (McNaught),2005,5.594,139.45,0.9996,,3464.0,5219.0,False,36.42242302407355,0.08339954076253342,0.0467153470154898,0.12437738270814133,230.38787528021385,2.05345231881987,71.69362107453047,302.08149635474433,-308.0,310.0,0.308013;0.823421;-0.476557,4.329208427539666,2.424959084256173,6.456337870595429,False,True,
C/2005 N1 (Juels-Holvorcem),2005,1.125,51.18,0.9985,,275.0,226.0,False,106.32279550502078,0.06762413546910076,0.07965792735175119,0.1331625802554705,525.6281115698584,3.6786524132793668,1290.5358458940802,1816.1639574639387,-315.0,322.0,-0.138539;-0.626943;-0.766648,7.8297099437135325,9.223015740683303,15.417932836024367,False,False,0.1892363636364991
C/2005 Q1 (LINEAR),2005,6.408,105.19,1.0043,,780.0,156.0,False,113.69900941322896,0.23390591925710086,0.1724637275801762,0.08618859778237112,-100.12159028463188,2.3564515629207765,41.07727463196025,-59.04431565267162,-309.0,307.0,-0.214066;-0.701120;-0.680152,11.344126492198134,8.364261781828018,4.180032546990466,False,True,
C/2005 R4 (LINEAR),2005,5.188,164.01,0.9975,,469.0,491.0,False,152.66041621002515,0.07047632141976228,0.04530226827142237,0.05097929189067013,50.18428540711284,3.98043269973447,1099.3567839812463,1149.5410693883591,-320.0,321.0,-0.542414;-0.839491;-0.032282,3.803871985508985,2.44513370854448,2.7515440130453337,False,False,
C/2005 S4 (McNaught),2005,5.85,107.96,0.999,,1457.0,580.0,False,86.61948244955848,0.0885318811672416,0.10907679905008232,0.05358906031517547,-48.053100550970726,5.590518354412522,412.68744868471333,364.6343481337426,-312.0,312.0,-0.529110;0.687067;-0.497977,4.49620968972612,5.539610752050277,2.7215919178001657,False,False,
C/2005 X1 (Beshore),2005,2.862,91.94,0.9957,,99.0,102.0,False,77.44192757018804,0.15974708403081744,0.06832976870116524,0.14578418920855893,325.60096670561234,3.3577016367260115,1447.704951925585,1773.3059186311973,-321.0,325.0,0.276870;-0.376433;-0.884105,11.604086743424922,4.9634994464970665,10.589816945075743,False,False,0.0
C/2005 YW (LINEAR),2005,1.993,40.54,0.9895,,597.0,226.0,False,62.188570662342364,0.32705102939340386,0.02281661119560889,0.3365131300675772,1323.8284299004372,1.9893496647685167,5565.08818934659,6888.9166192470275,-410.0,479.0,0.832698;-0.159277;0.530326,28.518846473358124,1.989608266748962,29.3439415569685,False,False,0.5893634840872581
C/2006 A1 (Pojmanski),2006,0.555,92.74,0.9998,,247.0,600.0,False,21.8704378908842,0.1377104090235037,0.060603405330659964,0.07719710438321734,1.6190244234542206,4.308850947036277,814.6396163257651,816.2586407492194,-308.0,307.0,0.840674;0.519720;0.152182,22.69508897957906,9.987623202906017,12.7223146410374,False,False,0.19910931174156937
C/2006 A2 (Catalina),2006,5.316,148.32,0.9986,,307.0,89.0,False,117.92485991056151,0.08914804367833637,0.07161103446688465,0.12404441933736284,79.44079734237164,4.153726966327132,695.4460232739715,774.8868206163431,-316.0,315.0,-0.036157;-0.942765;-0.331493,4.750984537162043,3.816381194745429,6.61072407061993,False,False,
C/2006 B1 (McNaught),2006,2.998,134.28,0.9978,,409.0,184.0,False,50.378181204884264,0.24870048224594996,0.10608404157694779,0.1471760091635062,-11.69313026298289,2.7497299846771517,983.6969304079261,972.0038001449432,-315.0,314.0,0.699020;0.383319;0.603686,17.64589802783487,7.526918175398511,10.442492215493939,False,False,0.0
C/2006 CK10 (Catalina),2006,1.752,144.26,0.9919,,302.0,321.0,False,111.56033454900599,0.11553100978698434,0.10233260722449607,0.04545265444173395,624.2234269008604,2.225323984935054,4711.212352323024,5335.435779223884,-382.0,401.0,0.077804;-0.933887;-0.349001,10.737225222467622,9.510591601316706,4.2242804646105725,False,False,0.49430463576091094
C/2006 E1 (McNaught),2006,6.041,83.19,1.0011,,1088.0,143.0,False,88.51407770161875,0.08117746896509724,0.08173354050283978,0.030040248926750276,-75.83713525426651,6.179344324428239,50.853689807065265,-24.983445447201255,-308.0,307.0,-0.147694;0.593270;0.791339,4.054870272145043,4.082646426986082,1.5005310450525302,False,True,
C/2006 HW51 (Siding Spring),2006,2.266,45.81,1.0021,,471.0,182.0,False,19.137969515500764,0.3686283809033847,0.16563706947876258,0.20319323586316457,42.73318263851584,3.2544079386464584,79.87200680438015,122.60518944289599,-302.0,302.0,0.665994;0.745956;-0.001365,30.063600131361312,13.508581763391588,16.57148637719412,False,True,0.33828025477722823
C/2006 K1 (McNaught),2006,4.426,53.88,1.0016,,1018.0,415.0,False,145.2720514678552,0.04439141593440702,0.05395365594428287,0.027187312547339762,-368.5790905831184,3.4858851909518727,29.834500740755505,-338.74458984236287,-305.0,301.0,-0.638947;-0.262605;0.723039,2.5904197885489366,3.1484154105186746,1.5864903368740557,False,True,
C/2006 K3 (McNaught),2006,2.501,92.62,1.0008,,614.0,205.0,False,155.4765509983722,0.043249687330322674,0.01818418201608091,0.026771451435941396,-184.9121297183499,2.9212726351485623,77.60519470675462,-107.30693501159529,-302.0,300.0,-0.533755;-0.660357;0.528237,3.357451278485395,1.4116288215405808,2.0782541886145123,False,True,0.4810586319220061
C/2006 K4 (NEAT),2006,3.189,111.33,0.9982,,1282.0,470.0,False,79.14898611582423,0.1954777997264426,0.140340262620594,0.07234498792473143,-37.37358092122224,3.5120092474380677,944.9490795592117,907.5754986379894,-314.0,314.0,-0.002935;0.660020;0.751242,13.44807517802082,9.654837556316293,4.977040040998532,False,False,
C/2006 L1 (Garradd),2006,1.462,143.24,0.9973,,281.0,706.0,False,97.32491963039598,0.08218862674607408,0.06235764707910936,0.06097610286464392,586.2961149211612,3.271848497326552,2034.2479058773145,2620.5440207984757,-326.0,336.0,0.477352;-0.850481;0.220947,8.3507157776338,6.335803479579522,6.19543268223211,False,False,0.48398576512455516
C/2006 L2 (McNaught),2006,1.994,101.02,1.001,,388.0,400.0,False,35.79722871211439,0.26817590571048555,0.19274864538447076,0.08029195033988375,-108.21557092658153,3.16696140117657,55.45100986391575,-52.764561062665784,-301.0,300.0,0.463252;0.499625;-0.731965,23.31480046790963,16.757270552300394,6.98045857771668,False,True,0.4103092783509955
C/2006 M1 (LINEAR),2006,3.556,54.88,0.9769,,1021.0,629.0,False,119.53052290614198,0.03535134766236821,0.051097159003115046,0.041332864663732406,-431.63387554491237,3.513534025849764,6870.500036224601,6438.866160679689,-485.0,457.0,-0.715974;-0.126587;-0.686554,2.315562823974911,3.346935537744698,2.7073605718745437,False,False,
C/2006 M4 (SWAN),2006,0.783,111.82,1.0002,,433.0,1265.0,False,85.44514643320925,0.08861691180484092,0.09455170082198615,0.1166507415611769,552.219303959849,4.674543588499255,253.30413390433839,805.5234378641874,-301.0,308.0,0.221133;-0.522158;-0.823681,12.294752321407923,13.118147760941019,16.184179141355376,False,False,0.181824480369472
C/2006 O2 (Garradd),2006,1.555,43.03,0.9964,,112.0,84.0,False,81.72648970221947,0.16417007552384186,0.22764002046680204,0.06645213638006822,-988.754598544288,3.34175081550489,3350.352015577451,2361.597417033163,-349.0,332.0,-0.463492;0.854643;-0.234012,16.18295045864707,22.43945592316344,6.5504729012183915,False,False,0.6018750000013304
C/2006 OF2 (Broughton),2006,2.431,30.17,1.0008,,1403.0,4756.0,False,132.45874529515004,0.040117318650952645,0.08190516595329872,0.10901323721077825,-686.086244954967,3.6751034367523148,43.315464778551245,-642.7707801764158,-301.0,294.0,-0.495804;-0.710227;-0.499756,3.1587362939781776,6.449005792535608,8.5834268211632,False,True,0.5706985032073728
C/2006 P1 (McNaught),2006,0.171,77.84,1.0,,338.0,331.0,False,120.57734103671666,0.03621295791775433,0.04797141436282075,0.08187419402465873,459.17061343724237,4.001379978439983,198.26282238115942,657.4334358184018,-299.0,305.0,-0.127487;-0.908721;-0.397458,10.750586168293522,14.241333858827717,24.30609451513868,False,True,0.4698224852065495
C/2006 Q1 (McNaught),2006,2.764,59.05,0.9996,,1519.0,2710.0,False,34.648381571350725,0.09247338620221919,0.05212147140720134,0.13901168587742388,658.2418555944248,2.5265894011896273,59.171722724831945,717.4135783192568,-303.0,310.0,0.954006;0.190906;0.231145,6.828542525590473,3.84882287344941,10.265085421358059,False,True,0.4502040816325672
C/2006 S2 (LINEAR),2006,3.162,98.96,1.002,,302.0,175.0,False,79.46611300031698,0.24677175362411793,0.13884840139270602,0.1287195314252294,-104.62901957729578,3.3447167563557354,79.90963496599035,-24.71938461130543,-303.0,302.0,-0.427520;0.874014;-0.230924,17.03744507399496,9.58627548574114,8.886965037125623,False,True,
C/2006 S3 (LONEOS),2006,5.131,166.03,1.0035,,5180.0,5568.0,True,42.7796237013567,0.06076156642440614,0.043571223428206005,0.08489678419596934,-44.780371750413714,3.4404600069209788,22.40907811532118,-22.371293635092535,-306.0,306.0,0.215026;0.964186;-0.155274,3.293085123914671,2.361422789860045,4.601137751307951,True,True,
C/2006 U6 (Spacewatch),2006,2.498,84.88,0.9987,,1217.0,552.0,False,100.21875879394507,0.1429817477693377,0.06785825080060287,0.11751375396724796,-14.193494924245215,3.0526765046983573,580.759235610802,566.5657406865568,-308.0,308.0,0.115997;-0.089156;0.989240,11.109754753810815,5.272620709836889,9.13087864111115,False,False,0.5172391125718828
C/2006 V1 (Catalina),2006,2.675,31.12,0.9896,,678.0,684.0,False,44.381050591250535,0.7064162639413945,0.14605904580374984,0.5619275147625336,2035.846482058465,1.3391917162352842,4524.209937485487,6560.056419543952,-379.0,460.0,0.596112;0.632259;0.494873,53.1837912461814,10.996312228575084,42.305701561672215,False,False,0.5612389380531249
C/2006 VZ13 (LINEAR),2006,1.015,134.79,1.0002,,274.0,1025.0,False,36.726156853104804,0.19863201969317038,0.09176768419010072,0.106908444731006,30.617981960390182,3.7054858313181356,112.29346357034288,142.91144553073306,-300.0,300.0,0.339579;0.937810;-0.072096,24.204222216836737,11.182313022305053,13.027284106171976,False,True,0.9886496350369722
C/2006 W3 (Christensen),2006,3.126,127.07,0.9998,,1791.0,5639.0,False,99.58146174955053,0.2010684677018704,0.07230823387888669,0.13107613292487436,-132.2771929199679,3.7454414480493687,406.4908758264868,274.2136829065189,-307.0,306.0,-0.675583;0.457352;-0.578287,13.965291572445368,5.022197566574639,9.103945712654617,False,False,
C/2006 WD4 (Lemmon),2006,0.591,152.7,0.999,,204.0,96.0,False,84.51477887140128,0.16566522678675621,0.0627129348669801,0.10795754952237678,-456.65346487135935,3.460080149383243,2271.8869941350154,1815.233529263656,-328.0,321.0,-0.332528;0.842998;0.422824,26.463419834784048,10.017785606828593,17.2451757846719,False,False,0.7813725490191513
C/2006 X1 (LINEAR),2006,6.126,42.62,1.0,,66.0,95.0,False,117.24952413864771,0.016209376406069436,0.02607962722207038,0.04216503798240811,-183.19532532849524,6.069127382234894,103.27645742355178,-79.91886790494348,-310.0,306.0,-0.747919;-0.005543;-0.663766,0.8040980930418881,1.2937313559242098,2.0916798885611554,False,True,
C/2006 XA1 (LINEAR),2006,1.804,30.63,0.9928,,549.0,486.0,False,70.51995494519322,0.039936305760755623,0.07498733362844602,0.08078625781533492,721.7144314657362,3.0080136669765642,3885.274732024466,4606.989163490202,-361.0,379.0,0.817238;-0.572585;0.065340,3.6565749003580006,6.865852931744961,7.396803409685604,False,False,0.4096539162111236
C/2006 YC (Catalina-Christensen),2006,4.948,69.56,1.0002,,120.0,143.0,False,76.25876183057044,0.16281138323349323,0.041956785839018615,0.1798899784744398,391.4903170476143,4.622103934979593,55.322514314887904,446.8128313625022,-307.0,310.0,0.756837;-0.525818;0.388217,8.985912013460677,2.315685662938796,9.928516585086742,False,True,
C/2007 B2 (Skiff),2007,2.975,27.5,0.996,,1264.0,1527.0,False,25.05036772356094,0.12207841990401722,0.06529875225347453,0.0773020040716798,83.30060055099739,2.8131143927754367,1711.7413675564064,1795.0419681074038,-324.0,326.0,0.768199;0.607365;0.202429,8.699845536245789,4.653476501100389,5.508881058541018,False,False,0.45556962025304665
C/2007 D1 (LINEAR),2007,8.793,41.51,0.9999,,2268.0,525.0,False,63.144755298336285,0.22046167657914945,0.00673767004826079,0.21440074065794332,694.7185869318594,2.502924208925935,57.01997837426385,751.7385653061232,-314.0,321.0,0.889751;-0.397105;0.225056,9.128124000657127,0.27897042529274985,8.877173470355123,False,True,
C/2007 D3 (LINEAR),2007,5.209,45.92,0.992,,815.0,177.0,False,110.56936665994759,0.06420183243136732,0.06190121812718616,0.10745017512534484,94.4869278454596,3.1121833545096727,1317.8362543446588,1412.3231821901184,-324.0,324.0,0.253509;-0.790469;0.557577,3.4592293832564702,3.3352710428294863,5.789473430170291,False,False,
C/2007 E2 (Lovejoy),2007,1.093,95.88,0.9992,,158.0,1648.0,False,38.080993591993455,0.18163760250613364,0.06606643168241934,0.11749214840581992,198.42062908288608,4.052459876055586,1121.6227544946307,1320.0433835775168,-313.0,315.0,0.548564;0.767921;0.330717,21.33493595572077,7.7600841968821985,13.800487492415348,False,False,0.060126582278481014
C/2007 F1 (LONEOS),2007,0.402,116.08,1.0001,,217.0,197.0,False,133.9958844486172,0.016605595427845194,0.0918229388867242,0.07546672889548496,-862.233947872569,3.388162873776352,812.6102726068152,-49.62367526575383,-307.0,297.0,-0.914204;-0.083217;-0.396618,3.2154326364182286,17.780179924961736,14.613037160195177,False,False,1.0
C/2007 G1 (LINEAR),2007,2.646,88.36,1.0015,,1398.0,2001.0,False,71.1099556167923,0.360592285965076,0.21149298957858542,0.15155901624723697,-79.48370024800133,2.3757280791264845,267.8335690260741,188.34986877807276,-304.0,305.0,0.118036;0.707059;0.697234,27.21829952621845,15.963956418643024,11.440008177312576,False,False,0.41947067238907404
C/2007 JA21 (LINEAR),2007,5.369,89.84,1.0018,,474.0,169.0,False,73.72036097452974,0.11981879176359043,0.07079217650610428,0.06093068458373507,-74.1330198946058,3.8939440710891655,70.79106611670942,-3.3419537778963755,-308.0,305.0,0.029281;0.059119;-0.997821,6.348659323607014,3.7509593011142615,3.2284431605646855,False,True,
C/2007 K1 (Lemmon),2007,9.239,108.43,0.9787,,1771.0,141.0,False,59.67913529501127,0.04779830398349015,0.04521746439987106,0.02774033361559353,-0.6402141729181494,8.18614891740301,2364.735161116934,2364.0949469440156,-348.0,347.0,-0.030619;0.663207;-0.747809,1.9410989154771514,1.8362904913432345,1.12654063028684,False,False,
C/2007 K3 (Siding Spring),2007,2.051,16.3,1.0012,,531.0,94.0,False,71.28012758909365,0.43914574775630016,0.24236406090282497,0.1967836255448309,-149.12581819655827,3.945547774938625,770.390493108806,621.2646749122478,-310.0,308.0,-0.277678;0.953985;-0.113173,37.65823768523757,20.783540449770957,16.874863484827436,False,False,0.6962523540488941
C/2007 K4 (Gibbs),2007,3.528,98.63,1.003,,73.0,95.0,False,36.11592336598292,0.3851191277794033,0.15831817909496634,0.2268412002361007,-222.40516421736766,4.392682273849061,183.2561042334304,-39.14905998393728,-305.0,302.0,0.307657;0.904219;-0.296201,25.17465496841154,10.349019943319776,14.828266208151716,False,False,
C/2007 K6 (McNaught),2007,3.433,105.06,0.9846,,104.0,44.0,False,95.10602228265257,0.27526715377882327,0.11514515849085931,0.1757153360863376,42.038440950246695,3.4637182535853253,5181.799953967242,5223.838394917489,-401.0,403.0,-0.523043;0.766215;0.373284,18.319772633492292,7.663221326780249,11.694330257455642,False,False,
C/2007 M1 (McNaught),2007,7.475,139.72,0.9952,,1421.0,232.0,False,64.48236576743093,0.04063538440758918,0.015384438513076672,0.05543845109346565,29.443559805865107,5.061985581274106,734.8477213663436,764.2912811722088,-319.0,319.0,-0.176108;0.839530;-0.513980,1.8270839673712709,0.6917286833639956,2.4926724982537642,False,False,
C/2007 M2 (Catalina),2007,3.541,80.95,0.9993,,1099.0,432.0,False,59.56196248656181,0.18458197930384085,0.04821396887331481,0.1667626090225476,376.44839084887315,1.5542980911899116,605.6037117290224,982.0521025778955,-310.0,316.0,0.762066;0.065918;0.644135,12.048190031714348,3.1470626837988944,10.885069123572494,False,False,
C/2007 M3 (LINEAR),2007,3.469,161.76,0.9798,,597.0,680.0,False,58.43395221910024,0.3354494434956085,0.12497067794330614,0.21063111405276363,-167.04854382365284,3.1276525545628195,6301.467005418701,6134.418461595048,-448.0,440.0,-0.073195;0.964466;-0.253866,22.231763140081345,8.28237627267771,13.959483696725236,False,False,
C/2007 N3 (Lulin),2007,1.212,178.37,1.0,,1270.0,3853.0,False,17.124137622136278,0.16725336492900708,0.11593379147626087,0.051364841637571365,794.9261364284218,2.9225544931787204,74.2436170934887,869.1697535219106,-300.0,310.0,0.929905;0.367284;-0.019486,18.650730336808312,12.927990313769195,5.72778796158654,False,True,0.4327874015749058
C/2007 O1 (LINEAR),2007,2.877,24.38,1.0048,,590.0,164.0,False,62.685618111171834,0.5924704201298495,0.42024930584864634,0.1783851067857353,-520.0918876119337,2.9586625526039643,59.56953989439426,-460.52234771753945,-303.0,297.0,-0.133481;0.980484;-0.144342,42.882280038410535,30.417127686137718,12.91129454562667,False,True,0.724220338983114
C/2007 Q1 (Garradd),2007,2.989,82.01,1.001,,81.0,45.0,False,109.58053340328527,0.1178587308149396,0.19187287587892438,0.0794735409763365,-559.7482044974304,2.4518738594303833,851.2353927843021,291.48718828687174,-313.0,305.0,-0.220359;0.111682;0.969004,8.374092341695489,13.632941483136344,5.646749852604064,False,True,0.0
C/2007 Q3 (Siding Spring),2007,2.252,65.65,1.0002,,1470.0,1341.0,False,63.98623798931468,0.05726246242824968,0.02537553417094174,0.04259354375648576,103.30613093656244,3.713354089987467,78.53728015125681,181.84341108781925,-302.0,303.0,0.868006;-0.495468;-0.032816,4.684546446996833,2.0759300840420636,3.4845067013921036,False,True,0.5267142857142983
C/2007 T1 (McNaught),2007,0.969,117.64,0.9998,,184.0,321.0,False,71.30245251852732,0.19772180005317022,0.12243478217904002,0.08663905859582341,-150.60732953349128,4.0478711695505325,653.6967248142871,503.0893952807958,-306.0,304.0,0.133620;0.685674;0.715540,24.661754532273214,15.271237382523573,10.806452274978536,False,False,0.3507065217380169
C/2007 U1 (LINEAR),2007,3.329,157.79,1.0014,,761.0,871.0,False,159.93197426476954,0.13452358242215987,0.08691384827868028,0.10365606344981902,-102.98918409283564,2.401697008436803,185.3167894046812,82.32760531184556,-305.0,304.0,-0.654808;-0.755768;-0.006443,9.05255218251085,5.848730257989151,6.97537120642848,False,True,
C/2007 VO53 (Spacewatch),2007,4.843,86.99,0.9996,,1735.0,701.0,False,89.26806777841826,0.05887834209111504,0.0673651339786789,0.020034989993089215,27.689339142331264,2.394593579559997,106.0765306086977,133.76586975102896,-306.0,308.0,-0.085423;-0.248284;-0.964913,3.2848583099237243,3.7583415614275792,1.117764207188318,False,True,
C/2007 W1 (Boattini),2007,0.85,9.89,1.0001,,597.0,1639.0,True,70.04887303129038,0.10873095494921323,0.171936697451968,0.08604238702442993,633.2153091198485,1.242981287241911,127.35914918207935,760.5744583019278,-300.0,307.0,-0.194611;0.971283;0.136878,14.478314699694401,22.894617409536053,11.457167440812706,False,True,0.7736850921275216
C/2007 W3 (LINEAR),2007,1.777,78.67,1.0002,,284.0,206.0,False,52.64953963050308,0.16691625356866888,0.048699254843281484,0.13946655868158953,394.57534274464433,2.922338551090072,29.586268409222104,424.16161115386643,-300.0,305.0,0.286267;0.315553;-0.904697,15.371743944502276,4.484838712432619,12.843831460621201,False,True,0.6577464788725835
C/2007 Y1 (LINEAR),2007,3.341,110.18,1.0007,,139.0,204.0,False,80.83926779725614,0.02954438870494306,0.04946619993803595,0.07070330068011564,250.20075295350773,3.930626486635146,54.14625749215689,304.34701044566464,-303.0,306.0,0.694571;-0.717838;0.047745,1.984352997792245,3.3224042344125184,4.74879707478667,False,True,
C/2007 Y2 (McNaught),2007,4.209,98.5,0.9965,,380.0,81.0,False,111.14640672421343,0.1852206915335796,0.20073529826520015,0.017205802150602793,-22.069807839385476,2.0056788118001014,1310.4607157806533,1288.3909079412679,-321.0,321.0,-0.005319;-0.255011;0.966924,11.09844788852126,12.028085138528908,1.0309738991232114,False,False,
C/2008 A1 (McNaught),2008,1.073,82.55,1.0002,,636.0,906.0,True,66.48772603438333,0.15073056738128687,0.04233610657806966,0.1124919822057355,268.7619079763181,4.382862204570177,275.79641886032715,544.5583268366453,-302.0,305.0,-0.108268;0.974288;0.197590,17.86471631701996,5.017711716503723,13.332646356735053,False,True,0.4137106918240751
C/2008 C1 (Chen-Gao),2008,1.262,61.78,1.0,,119.0,754.0,False,86.08515617295704,0.05825275995612576,0.04891061462355196,0.07012528036308116,463.9568272329503,3.870303161921507,102.91954690122266,566.8763741341729,-300.0,306.0,0.618323;-0.785807;0.013538,6.365953329807135,5.3450289782016025,7.663401053739622,False,True,0.6542016806730515
C/2008 E3 (Garradd),2008,5.531,105.08,0.9985,,768.0,109.0,False,75.22108204189934,0.03730395403977968,0.06693561700376345,0.07758601268596227,600.1213387846155,2.626315847946861,157.44262115557402,757.5639599401895,-308.0,316.0,-0.059055;0.801442;0.595150,1.9476464563307216,3.494721152633616,4.05078031426658,False,True,
C/2008 FK75 (Lemmon-Siding Spring),2008,4.511,61.18,1.0027,,2046.0,3622.0,False,71.32500775461708,0.10245556177170119,0.08981824152226307,0.023110731143032772,-118.25028235551396,4.641739114448388,46.95999840225652,-71.29028395325744,-305.0,304.0,-0.164820;0.475189;-0.864309,5.922221480683592,5.1917485991208885,1.3358656772049962,False,True,
C/2008 G1 (Gibbs),2008,3.99,72.86,0.9891,,142.0,166.0,False,52.18399361333026,0.22643825618425614,0.19952688422560846,0.0793461917179636,-183.35795173833594,3.977101184721107,3801.98013692985,3618.622185191514,-364.0,361.0,0.201899;0.471563;-0.858409,13.969446598146867,12.309228135974598,4.895031460887405,False,False,
C/2008 J1 (Boattini),2008,1.724,61.78,0.9896,,337.0,1557.0,False,90.16211367835025,0.3371505821547157,0.318481888626729,0.03495504080508598,-534.8045386852082,2.6723214105255053,6900.66149072244,6365.856952037232,-479.0,445.0,-0.461379;0.340607;-0.819217,31.616466507450195,29.865800321755792,3.277926645766279,False,False,0.21442136498449996
C/2008 J6 (Hill),2008,2.004,44.99,1.0021,,471.0,385.0,False,90.21373760933625,0.3125618148559206,0.24923124579651873,0.07302611031926658,-504.91403892378753,3.3200881692694693,43.5270944994641,-461.3869444243234,-301.0,295.0,-0.582581;0.801724;-0.133557,27.10560161279275,21.613525827313637,6.332880600140905,False,True,0.490318471337461
C/2008 L3 (Hill),2008,2.011,100.2,0.9938,,51.0,82.0,False,63.73344499097024,0.1684343735983049,0.06887482321828917,0.12612518927904146,199.91625342301631,2.931346267504173,3155.0298718680237,3354.94612529104,-347.0,350.0,0.116732;0.241421;-0.963374,14.604180041585431,5.971823310906333,10.93574270298886,False,False,0.0
C/2008 N1 (Holmes),2008,2.784,115.52,0.9971,,729.0,1522.0,False,53.69268472230583,0.1455370088024954,0.06494906853359443,0.09885043199834699,58.49806317607613,2.3378427723416206,1184.3559313645599,1242.853994540636,-316.0,318.0,0.206988;0.413857;-0.886498,10.716664566477228,4.782545602021045,7.278883431054055,False,False,0.6198628257885984
C/2008 P1 (Garradd),2008,3.896,64.31,1.0017,,905.0,1345.0,False,141.10958173992424,0.19326203049250965,0.13466508748375952,0.07500931356941047,90.33512075387165,4.05704128315329,162.64186973363496,252.9769904875066,-306.0,307.0,-0.981045;-0.051226;-0.186887,12.021769358158112,8.376775397631386,4.665917382463607,False,True,
C/2008 Q1 (Maticic),2008,2.959,118.63,0.995,,600.0,1021.0,False,52.995834765858085,0.17474800817973826,0.06519006916497813,0.1290408163751864,64.49007251419312,4.21264360297724,1798.9014411823161,1863.3915136965093,-326.0,327.0,0.172677;0.497710;-0.849981,12.487657326205028,4.65854376987538,9.221378330845635,False,False,0.22354999999981373
C/2008 Q3 (Garradd),2008,1.798,140.71,0.9998,,431.0,701.0,False,32.34103401652406,0.16087045577778622,0.07466914942244333,0.1072096438503442,460.52659722507326,3.1763789900431583,287.7090677788128,748.2356650038861,-304.0,309.0,0.565383;0.798219;0.207820,14.729911577116084,6.836991685100543,9.816523279520288,False,False,0.19974477958202086
C/2008 S3 (Boattini),2008,8.018,162.7,1.0011,,3124.0,1909.0,False,150.2624533925995,0.03338111628143322,0.010141711189320533,0.023569349468512708,11.680022344312977,6.802521867885018,26.48448491339742,38.1645072577104,-311.0,311.0,-0.942126;-0.275654;-0.190823,1.4472828155977142,0.4397074142551253,1.021880579816577,False,True,
C/2008 T2 (Cardinal),2008,1.202,56.3,1.0001,,338.0,1309.0,False,73.48821324098222,0.046981855448077266,0.04411493479768407,0.039461500392583775,263.6787465291075,3.113642449855052,58.84223821220589,322.5209847413134,-299.0,303.0,0.768043;-0.416050;0.486840,5.260755629531883,4.939734486217407,4.418669896285581,False,True,0.7403550295864602
C/2009 F2 (McNaught),2009,5.875,59.37,0.983,,1222.0,363.0,False,35.42843736371975,0.0781916840670375,0.022959216614792947,0.10013662632330737,269.04137030538686,5.856047757139528,2809.1645712155623,3078.205941520949,-349.0,353.0,0.873417;0.343229;0.345450,3.976660048889348,1.1676561331965547,5.092732380454344,False,False,
C/2009 F4 (McNaught),2009,5.455,79.35,1.0018,,2164.0,1187.0,False,97.18470015378375,0.09483583182629733,0.06227079385444391,0.03385360103374908,63.17984725483215,5.197880849021913,56.30486997596075,119.4847172307929,-307.0,308.0,-0.048024;0.241777;0.969143,4.985066422165083,3.2732780168357594,1.7795220069543272,False,True,
C/2009 F6 (Yi-SWAN),2009,1.274,85.76,0.9975,,330.0,487.0,False,98.17572524970794,0.6164914318246691,0.5875475809731218,0.033735023687092906,772.5079782967362,1.3412409377450936,1501.9875620381774,2274.4955403349136,-318.0,330.0,0.036298;-0.633807;-0.772639,67.08303583650238,63.93353320971984,3.6708503737812266,False,False,0.09524242424293224
C/2009 G1 (STEREO),2009,1.129,108.31,0.9977,,113.0,119.0,False,87.1008561007371,0.17140528297321816,0.06761391627746803,0.10501715585364386,94.87897652618767,4.22546312879413,2474.016236279688,2568.895212805876,-333.0,334.0,-0.528574;0.845584;-0.074810,19.817242651941257,7.817270053035562,12.141693791862707,False,False,0.0664601769891724
C/2009 K2 (Catalina),2009,3.246,66.82,0.9978,,424.0,665.0,False,71.42765417556764,0.12380667732194468,0.025261268616440152,0.11947941302186128,198.0204596619642,2.755719849438268,970.9001779407436,1168.9206376027078,-314.0,318.0,-0.295262;0.819562;-0.491059,8.442572008584015,1.7226056294839074,8.147489051478006,False,False,
C/2009 K5 (McNaught),2009,1.422,103.88,1.0008,,913.0,2488.0,False,50.788135710184456,0.17320652011716087,0.10411132364416698,0.15643067054025805,505.329011390253,3.23927582392084,118.5364537639045,623.8654651541575,-301.0,307.0,0.300841;0.347617;-0.888064,17.831803049524517,10.718376058778366,16.104710758533205,False,True,0.3702300109529229
C/2009 O2 (Catalina),2009,0.696,107.96,0.9975,,247.0,281.0,False,64.24169756907857,1.3686925304321262,1.4099439875169275,0.04267983959348999,3806.1525792188568,2.143528066257793,327.3251091283935,4133.4776883472505,-301.0,365.0,0.618856;-0.399202;-0.676502,201.41347967960837,207.4839442496756,6.280661882459681,False,False,0.9733198380572834
C/2009 O4 (Hill),2009,2.564,95.82,1.0013,,137.0,764.0,False,129.78117472644405,0.21451999855121479,0.16333658868265727,0.07310880212505111,-115.56130032775482,3.546134737864178,91.83847759185029,-23.722822735904526,-302.0,301.0,-0.706587;0.157985;0.689764,16.44738511125872,12.523120431504,5.605298488226733,False,True,1.0
C/2009 P1 (Garradd),2009,1.551,106.18,1.001,,1978.0,9048.0,True,61.619253933507615,0.2317311036520311,0.20071947328926207,0.10404154838194217,-258.44175696950595,3.0486959990860947,480.6399178309312,222.1981608614253,-305.0,302.0,0.170076;0.224047;-0.959623,22.84661712346216,19.789147348768378,10.257567427736035,False,False,0.5979170879677288
C/2009 P2 (Boattini),2009,6.544,163.45,1.0015,,1060.0,507.0,False,123.38984919410194,0.022555154890644812,0.050008495746808906,0.07242332586809863,26.726940272138087,4.502774944908701,33.31615924939986,60.04309952153795,-309.0,309.0,-0.927626;0.251032;-0.276574,1.0824562686994714,2.3999839492042883,3.4757058182962792,False,True,
C/2009 R1 (McNaught),2009,0.405,77.03,1.0004,,315.0,751.0,False,77.64997849289583,0.40123346190705156,0.4480839953045878,0.05604030025360805,-633.6737953660593,2.1332255325297695,-15.372552694726982,-649.0463480607863,-297.0,291.0,0.420268;-0.533550;-0.733961,77.39830968369557,86.43582134963148,10.810226278686677,False,True,1.0
C/2009 S3 (Lemmon),2009,6.475,60.38,1.0014,,1586.0,278.0,False,122.22173268417905,0.059613520995760734,0.05164448986399148,0.010466734812413576,-296.3011093569597,4.5063604952703304,446.83988917092165,150.5387798139619,-314.0,310.0,-0.720580;-0.186055;-0.667943,2.8780727544908826,2.493337026808135,0.5053220106598123,False,False,
C/2009 T1 (McNaught),2009,6.22,89.89,0.9983,,725.0,141.0,False,114.72770150867764,0.005534788295502047,0.0383215507938431,0.0423000219438577,63.18790411544899,3.976799445008748,954.2456893066582,1017.4335934221072,-320.0,320.0,-0.127384;-0.175868;0.976137,0.2728435723618936,1.8891036583164365,2.085226838310668,False,False,
C/2009 T3 (LINEAR),2009,2.281,148.74,0.9995,,301.0,401.0,False,150.68328675267728,0.17689794664363206,0.11159110161633955,0.0700267362382719,-235.68197851694617,3.099901983733409,672.644426966978,436.96244845003184,-309.0,306.0,-0.819127;-0.501112;-0.279137,14.384319356808511,9.073943895240124,5.694169755376064,False,False,0.2992026578074946
C/2009 U3 (Hill),2009,1.414,51.26,0.9916,,241.0,602.0,False,82.53100747848389,0.1085666950881402,0.08842872899472397,0.0573258836758747,-367.4371462344852,3.4342736553415105,6303.571362144229,5936.134215909744,-440.0,423.0,0.326268;-0.559654;-0.761798,11.23322190643258,9.14957883626353,5.9314172895347435,False,False,0.6275933609958506
C/2009 U5 (Grauer),2009,6.094,25.47,0.9994,,526.0,182.0,False,69.50600117050017,0.08075554837923878,0.025769056967344016,0.07322780073802042,-269.3804113201858,3.851532590542477,59.7853655955393,-209.5950457246465,-308.0,305.0,0.785658;-0.593841;-0.173478,4.016272992716544,1.2815907962099264,3.641890177489651,False,True,
C/2009 UG89 (Lemmon),2009,3.931,130.1,1.008,,918.0,966.0,False,57.823989319023106,0.267662315273015,0.3474602930712717,0.10174912887692535,-1596.611291804607,0.7348574678598985,172.64397104082366,-1423.9673207637834,-306.0,289.0,-0.030091;0.748435;-0.662525,16.57570177978949,21.517404093262375,6.301085809920575,False,True,
C/2009 W2 (Boattini),2009,6.907,164.49,0.9996,,686.0,93.0,False,129.78468173666502,0.0640498127988577,0.0981221172446938,0.1334469944716234,41.81788866595133,2.8524915668724753,480.92054555213093,522.7384342180823,-314.0,316.0,-0.215631;-0.949262;-0.228921,2.994308935346177,4.587178628352085,6.2386057114065485,False,False,
C/2009 Y1 (Catalina),2009,2.52,107.32,0.9933,,736.0,1677.0,False,111.24694625902309,0.12305765382151658,0.18378579146631485,0.12766459706669414,309.91548284388773,1.2842918533176413,2717.250077221241,3027.165560065129,-340.0,345.0,-0.649172;-0.016629;-0.760460,9.532693054670212,14.237013980447557,9.889571107458874,False,False,0.5542119565216126
C/2010 A4 (Siding Spring),2010,2.738,96.73,0.9906,,655.0,140.0,False,109.11166108584904,0.1712320763129125,0.12111860184634769,0.061586948816927355,68.94884542254295,2.505439291399286,3663.1043468437842,3732.053192266327,-358.0,361.0,-0.057387;-0.105975;0.992711,12.735693745272847,9.008413920951803,4.580640121450382,False,False,0.41181679389347103
C/2010 B1 (Cardinal),2010,2.941,101.98,0.999,,988.0,2090.0,False,125.69950118356796,0.09429170378024436,0.11738543208607008,0.045168916290586905,-334.54126850461597,3.849902977993382,772.07361600261,437.53234749799407,-311.0,307.0,-0.000556;-0.858289;0.513167,6.753597350468458,8.407674390609293,3.2352016259520893,False,False,0.3887246963563319
C/2010 D3 (WISE),2010,4.248,76.39,0.9996,,1203.0,87.0,False,68.83219210552016,0.06498143679763359,0.030799374651104182,0.08806945621094171,170.40190797649376,4.7948582331455505,39.531977718409635,209.93388569490338,-305.0,307.0,0.332516;0.499925;0.799692,3.8705956856779085,1.8345535666961843,5.24582517791426,False,True,
C/2010 E3 (WISE),2010,2.269,96.36,0.9922,,70.0,33.0,False,88.97654956183268,0.08187087054374469,0.06906008406375597,0.023648677397145535,-94.46053070415792,3.570562462795125,3724.6883237274774,3630.2277930233195,-359.0,357.0,0.216245;-0.604387;-0.766782,6.686428631854708,5.640166280575502,1.9313974873307447,False,False,1.0
C/2010 FB87 (WISE-Garradd),2010,2.843,107.63,0.9905,,755.0,613.0,False,85.54892667668608,0.23761541069420494,0.16269856495419818,0.1594525604027925,129.65189420904426,2.6001525194495656,4391.310848013947,4520.962742222991,-377.0,379.0,0.303719;0.083980;0.949053,17.3543530333545,11.882766046134122,11.64569258036693,False,False,0.2972052980134177
C/2010 G1 (Boattini),2010,1.205,78.39,0.9975,,69.0,282.0,False,105.32622448629913,0.09791019840495417,0.0837408442244427,0.04719514064347203,-644.9173109528674,4.018819634205334,2879.1139097768037,2234.1965988239363,-340.0,329.0,0.257430;-0.946699;-0.193624,10.959075803971732,9.373101828969636,5.282545968824699,False,False,0.0
C/2010 G3 (WISE),2010,4.908,108.27,0.9981,,1415.0,271.0,False,62.956438284419626,0.036969079243814214,0.10859577315531944,0.09612640185904744,308.79737966222547,3.0431467224433817,671.5228454701261,980.3202251323515,-314.0,317.0,0.040857;0.394978;-0.917782,2.0502509020728286,6.022562271692072,5.3310292318817725,False,False,
C/2010 H1 (Garradd),2010,2.745,36.53,0.9997,,133.0,46.0,False,41.69837975565385,0.08572583699149793,0.03059285459465344,0.0898216546350719,544.4646379406483,3.7027315272161276,34.3556993061639,578.8203372468122,-302.0,309.0,0.717925;0.504167;0.479999,6.352041368950172,2.266843752120949,6.655529838992619,False,True,0.9015789473695415
C/2010 J2 (McNaught),2010,3.387,125.85,0.9995,,413.0,543.0,False,93.9459002327706,0.2838232599812104,0.15907477673601908,0.1274778234176339,-9.152831243941478,3.6188280063113587,639.1024985686714,629.94966732473,-311.0,310.0,-0.627204;0.775983;-0.066820,18.942533088878275,10.616745160799894,8.507945713633804,False,False,
C/2010 L3 (Catalina),2010,9.883,102.63,0.9992,,1028.0,123.0,False,46.824866582685694,0.05096634373175977,0.041513860833634536,0.03391788089347313,-73.80471540056604,2.6897245839450075,180.03830768347342,106.23359228290738,-316.0,315.0,0.297801;0.471607;-0.830001,1.9911082554471318,1.6218269738235944,1.3250739156354834,False,True,
C/2010 M1 (Gibbs),2010,7.977,116.58,1.0039,,51.0,24.0,False,37.41806951849474,0.07762849769975691,0.05821791028265439,0.12285686828712222,38.295765405282424,5.644838594716963,-270.87820964402465,-232.58244423874223,-307.0,308.0,0.298045;0.933519;-0.199276,3.3723250269489786,2.529093331449083,5.337128811376366,False,False,
C/2010 R1 (LINEAR),2010,5.621,156.93,1.0037,,1303.0,1572.0,False,14.924286288862637,0.062200680672006424,0.03766540696432072,0.02936367883487394,32.31061230063204,3.2613930273168554,50.98063614562202,83.29124844625406,-307.0,308.0,0.634075;0.686145;-0.356586,3.2209351338685743,1.9504261257616444,1.5205381001794056,False,True,
C/2010 S1 (LINEAR),2010,5.9,125.34,1.0012,,1762.0,8511.0,False,91.59355113029414,0.11185099358632382,0.03494554877374629,0.14240278944857662,51.65024518599585,3.1984649418315554,42.84874102051413,94.49898620650998,-307.0,309.0,-0.535570;0.447226;-0.716347,5.6533231282214205,1.7662648562754062,7.1975130242501315,False,True,
C/2010 U3 (Boattini),2010,8.446,55.51,1.0009,,6370.0,4354.0,False,76.13200970284107,0.009537942302132814,0.03198880132739619,0.025111668235321367,142.95348309194108,7.641015676301452,61.24309402775711,204.1965771196982,-311.0,316.0,0.362067;-0.436853;-0.823448,0.4029469186858871,1.3514224052757142,1.0608859875596377,True,True,
C/2010 X1 (Elenin),2010,0.482,1.84,1.0001,,271.0,2235.0,True,93.12732552583056,0.41235705705848025,0.04244105899785585,0.37186198336922316,1896.5440217003545,2.5740715482989036,-21.511608978972234,1875.0324127213823,-297.0,322.0,-0.603012;0.797679;0.009215,72.91406403604707,7.504540156538284,65.75361814193403,False,True,1.0
C/2011 A3 (Gibbs),2011,2.345,26.07,0.998,,995.0,1747.0,True,53.23487345360393,0.1139375334203594,0.03064010509537566,0.08458032951045938,468.51871929383447,2.5687039477117337,860.8086095835095,1329.327328877344,-311.0,318.0,0.015891;0.961078;-0.275821,9.13854775336532,2.457540155351375,6.783904803126015,False,False,0.33677386934658393
C/2011 C1 (McNaught),2011,0.883,16.83,0.9974,,308.0,613.0,False,60.434342188693456,0.5183341618277009,0.038064670059423766,0.547767054641161,-941.5462647036763,0.842826430450692,2977.5498663979565,2036.0036016942802,-341.0,325.0,-0.110924;0.951309;-0.287587,67.76066301658048,4.976108986602573,71.60835911383089,False,False,0.3051948051948052
C/2011 C3 (Gibbs),2011,1.517,49.38,0.9953,,92.0,80.0,False,33.367361690301074,0.04989492480411607,0.03716770009823062,0.0313343240326531,319.9487920638003,3.9390548442452875,3191.5010521186887,3511.449844182489,-346.0,353.0,0.729154;0.592890;0.341783,4.979117762590097,3.7090416806972537,3.1269170157535977,False,False,0.5927173913021208
C/2011 F1 (LINEAR),2011,1.819,56.61,1.0,,1239.0,4591.0,True,62.270331846686624,0.07237569242508203,0.04329606210712854,0.04761705621761593,217.8024293259756,1.7737165051553059,64.94797590639604,282.75040523237163,-300.0,304.0,-0.036531;0.982824;0.180894,6.587971750232807,3.9410087074930624,4.334325664871809,False,True,0.5351412429378831
C/2011 G1 (McNaught),2011,2.155,162.23,1.001,,348.0,487.0,False,57.713001030643674,0.2150306821548115,0.060926007864523395,0.17489818470388097,-523.8912157054169,1.8176944770757562,342.4369524971643,-181.4542632082526,-305.0,298.0,0.924956;-0.378966;0.029009,17.98537307898652,5.095909898420052,14.62865239143923,False,False,0.47244252873606035
C/2011 J2 (LINEAR),2011,3.443,122.8,1.0005,,2381.0,6434.0,False,99.48410868392702,0.17745771203866403,0.09548639656033056,0.08273811741672742,-50.6330183962195,3.7080505566080735,63.228658318280054,12.59563992206056,-304.0,303.0,-0.072174;-0.541281;-0.837738,11.741200992511306,6.317702179216722,5.474233016822289,False,True,
C/2011 K1 (Schwartz-Holvorcem),2011,3.377,122.62,1.007,,32.0,114.0,False,42.80720263133409,0.07125205955899594,0.04722531827162959,0.08805341411231388,209.25557572652838,4.041044995113545,-1757.1006266984612,-1547.8450509719328,-285.0,287.0,0.208353;0.959678;-0.188700,4.752817276922423,3.1501308169726148,5.8735395225803275,False,False,
C/2011 L2 (McNaught),2011,1.943,104.26,1.0018,,240.0,57.0,False,90.37143101435358,0.23776694843150234,0.15290773068647162,0.15647106497086413,195.43061496663478,3.722916766365464,6.769313809503173,202.19992877613794,-300.0,303.0,0.034569;0.326784;0.944467,20.940113458253737,13.466569892666351,13.780392418030347,False,True,0.634458333333411
C/2011 L3 (McNaught),2011,1.924,87.11,1.0001,,174.0,798.0,False,88.49569095824758,0.11024587180891082,0.06216810347831325,0.11500102390625974,624.2342261987245,4.325720291890858,358.3036910717051,982.5379172704296,-304.0,312.0,-0.559676;0.685950;-0.465011,9.758817178867316,5.503037404006702,10.179736885105102,False,False,0.3936781609195402
C/2011 L4 (PANSTARRS),2011,0.302,84.21,1.0,,1194.0,5413.0,False,149.9937920883318,0.11093178370139337,0.07145852423375029,0.05600476439067421,415.06764976165454,3.800419450282151,371.4256885729023,786.4933383345568,-302.0,307.0,-0.411123;-0.797612;0.441353,24.781479018221695,15.963395339775165,12.511120324215158,False,True,0.5520686767168556
C/2011 L6 (Boattini),2011,6.788,171.46,1.0037,,332.0,56.0,False,33.20809377360615,0.09060910037424333,0.07017987937652094,0.15769526355562663,-77.74328719011416,2.3748734486913,119.98356586438238,42.240278674268225,-311.0,309.0,0.457809;0.886206;0.071061,4.270235886877222,3.3074452589479972,7.431880140564987,False,True,
C/2011 M1 (LINEAR),2011,0.896,70.18,1.0027,,41.0,109.0,False,84.84806585747178,0.2557307743633268,0.28675079780673207,0.031081303658679636,-1224.4005240815427,2.9556770047515126,-1449.1322036038473,-2673.53272768539,-283.0,273.0,0.238073;-0.525402;-0.816868,33.15511807696008,37.176818408399186,4.029645221053046,False,True,1.0
C/2011 N2 (McNaught),2011,2.563,33.68,0.9997,,71.0,46.0,False,58.91729499890543,0.07440302222055765,0.06344997941831115,0.08858043895612801,642.1022710499892,3.2325503270205576,3.4168811436590354,645.5191521936482,-301.0,309.0,-0.026609;0.999207;0.029605,5.705316520107433,4.865423540224762,6.792458513803868,False,True,1.0
C/2011 O1 (LINEAR),2011,3.891,76.5,0.9968,,1012.0,281.0,False,89.32941848356714,0.05149285708581801,0.013275478908083015,0.040228226574213724,271.63523182775816,4.620167596664158,1041.6017554851571,1313.2369873129153,-317.0,320.0,-0.182992;0.610818;0.770335,3.207889309234263,0.827032510416545,2.5061281362151444,False,False,
C/2011 Q1 (PANSTARRS),2011,6.78,94.86,0.9979,,313.0,59.0,False,96.72451590782362,0.058043243325485196,0.042463243946241944,0.0886935316490115,63.370971410793004,6.638241669729338,383.1862370370185,446.5572084478115,-314.0,314.0,-0.603522;0.393549;-0.693456,2.7383036264789227,2.0032866571224033,4.1842909776386294,False,True,
C/2011 Q2 (McNaught),2011,1.35,36.87,1.0001,,244.0,106.0,False,96.7585030258589,0.33318038192465843,0.06852146176057991,0.30782524470507366,1150.5479461496936,2.019103712974163,-52.33594295531127,1098.2120031943823,-298.0,313.0,-0.679136;0.650416;-0.340197,35.2020037781854,7.23960018848938,32.5231196522825,False,True,0.6015983606558903
C/2011 R1 (McNaught),2011,2.08,116.2,1.0007,,1246.0,1454.0,False,66.1497892309522,0.10139450159906807,0.11011181848387894,0.033198292400043974,98.82219572469619,2.584749369618869,87.7695223860379,186.5917181107341,-302.0,303.0,0.242442;0.671692;0.700037,8.631078732155398,9.373129308659655,2.825962660292117,False,True,0.5935955056180672
C/2011 U3 (PANSTARRS),2011,1.071,116.78,1.0004,,94.0,60.0,False,90.20277152082424,0.1686686992226076,0.14941261790850124,0.019788981341963545,418.9085333697479,2.4402532014845844,80.97096813887022,499.8795015086181,-299.0,305.0,-0.115329;0.515134;0.849315,20.00836929955808,17.724111532878645,2.347473174198763,False,True,1.0
C/2011 UF305 (LINEAR),2011,2.138,93.96,1.0007,,637.0,2274.0,False,79.14059004278043,0.28842996380948455,0.1363312904048453,0.18369073978065872,-132.31811863344763,3.7315481006509303,654.9090481571538,522.5909295237062,-309.0,307.0,0.297720;-0.444433;-0.844892,24.224293588217698,11.450021212806258,15.427587172679365,False,False,0.5701255886969003
C/2012 A1 (PANSTARRS),2012,7.604,120.9,1.0012,,1162.0,322.0,False,123.40227030880095,0.05476625199957607,0.07988750818482898,0.13155387958928763,76.04124467215428,3.108168106700658,93.0081781410689,169.04942281322317,-310.0,313.0,0.031136;-0.983917;0.175891,2.438547871077032,3.5571087284058005,5.8576298594774165,False,True,
C/2012 A2 (LINEAR),2012,3.537,125.87,0.9964,,1300.0,2643.0,False,102.6833743193786,0.2101109530308105,0.14979526395773168,0.08061000709379797,177.5527615016498,2.5590517259171803,1004.4099232042767,1181.9626847059264,-316.0,318.0,-0.087227;-0.601501;-0.794095,13.727129882841423,9.786539038166035,5.266474789969995,False,False,
C/2012 B3 (La Sagra),2012,3.537,106.93,1.0012,,205.0,295.0,False,38.35967639581031,0.038157294536756294,0.050314461648327,0.014548043078985613,91.14268028635136,3.589716920480821,74.63779411432601,165.78047440067738,-304.0,305.0,0.401031;0.538680;-0.740944,2.490870951181973,3.284478956532201,0.9496820553428498,False,True,
C/2012 C1 (McNaught),2012,4.838,96.28,0.9962,,903.0,219.0,False,108.37233072416493,0.09147323490833137,0.024838893758087083,0.06736245986891658,-102.38430419950419,5.019573301880757,919.7332795079918,817.3489753084876,-317.0,316.0,-0.180415;0.093253;0.979160,5.1110164608831194,1.3878594650657454,3.7638402269323614,False,False,
C/2012 CH17 (MOSS),2012,1.296,27.74,1.0,,494.0,627.0,False,51.574042994683,0.08503558119968066,0.03043358944136638,0.06186707815169179,198.74228406471408,1.8733255290460942,96.21679500678661,294.9590790715007,-300.0,303.0,0.042342;0.949377;-0.311273,9.170103587126489,3.281910510496478,6.671648588508667,False,True,0.48425101214616373
C/2012 E1 (Hill),2012,7.503,122.54,0.998,,730.0,98.0,False,44.43482960201852,0.04576589208056482,0.03993023262134369,0.05665505760631586,-72.72895176840711,4.975297734226972,887.318932424306,814.5899806558989,-322.0,319.0,0.204556;0.745214;-0.634676,2.054523050618891,1.7925485466929965,2.543359617712941,False,False,
C/2012 E3 (PANSTARRS),2012,3.827,105.66,0.9827,,96.0,74.0,False,57.82658488747027,0.07497960387087432,0.018129626596164614,0.08851498664456513,21.392015570517287,3.6611941704239443,5030.637964983919,5052.029980554436,-398.0,397.0,0.207184;0.283558;-0.936306,4.727993182427201,1.1432009042650286,5.581494590433592,False,False,
C/2012 F3 (PANSTARRS),2012,3.457,11.35,1.0016,,2098.0,1763.0,False,53.80828765503502,0.08920130021624383,0.1650367866721682,0.0823178613038247,-845.1704195270036,3.797738784736805,53.18843519313946,-791.9819843338641,-303.0,295.0,0.015824;0.981495;-0.190833,5.8898465262243,10.897165650319511,5.435341954334595,False,True,
C/2012 F6 (Lemmon),2012,0.731,82.61,0.9985,,995.0,3201.0,False,111.1844609499109,0.1376101050133904,0.06849368622867047,0.08783607775115054,298.0773737365398,3.664487749767459,2222.804662917209,2520.882036653749,-328.0,332.0,-0.462141;0.357054;0.811750,19.76653957427281,9.838544627918838,12.61691724418112,False,False,0.4296582914570618
C/2012 J1 (Catalina),2012,3.159,34.19,1.0013,,677.0,4401.0,False,148.65057971254944,0.21526915484464276,0.0805806861852205,0.17048704612205537,-563.1712434442609,2.170138486032975,273.48831679170445,-289.6829266525565,-306.0,299.0,-0.846881;-0.436966;-0.303073,14.871793071229172,5.566888072511414,11.778037002477735,False,True,
C/2012 K1 (PANSTARRS),2012,1.055,142.43,1.0002,,1546.0,7829.0,True,97.89571514051812,0.19585876102219402,0.11255217807073263,0.08349826007750243,87.36970027809201,1.6147822875087072,18.606003486047026,105.97570376413904,-298.0,300.0,0.469777;-0.849594;0.239792,23.40892245879515,13.452169284006276,9.979662310725413,False,True,0.5405304010350253
C/2012 K5 (LINEAR),2012,1.142,92.85,0.9985,,343.0,4281.0,False,97.88780208402977,0.19483467569435156,0.08960793887450623,0.11150515542179484,-140.47673202641636,4.325632363774966,1994.7656880579132,1854.2889560314968,-325.0,323.0,0.151225;-0.744526;-0.650240,22.394594025658904,10.29967281449789,12.816572196606623,False,False,0.602594752186426
C/2012 K6 (McNaught),2012,3.353,135.22,0.9992,,1084.0,1091.0,False,28.856436459883064,0.09722232003809744,0.06859234154584423,0.07370134660564591,-182.94387830034475,3.1077265969620167,874.1842641726049,691.2403858722602,-314.0,310.0,0.716313;0.650113;0.253474,6.522741994632754,4.601928307573296,4.944696530356922,False,False,
C/2012 K8 (Lemmon),2012,6.463,106.11,1.0023,,1470.0,962.0,False,64.36880685897714,0.06796741296764702,0.0903877528214487,0.0248038536617368,-15.791648543145648,6.346840539937422,57.025545812388316,41.23389726924267,-308.0,309.0,0.032386;0.361144;-0.931947,3.2823599106237897,4.365108561859193,1.1978560214880942,False,True,
C/2012 KA51 (Palomar),2012,4.895,70.7,0.9941,,292.0,22.0,False,89.14114695996354,0.08688301063900278,0.036734074440999104,0.12361361063885264,309.9648413098273,3.9214177119869524,1757.2688846490971,2067.2337259589244,-329.0,333.0,-0.016345;-0.336920;-0.941392,4.831221822611477,2.042637113602977,6.873665736234639,False,False,
C/2012 L1 (LINEAR),2012,2.262,87.22,0.9971,,316.0,1489.0,False,106.41772387419778,0.3383749519452574,0.10990006549907258,0.22904725835850162,26.742848305140342,3.671296364763422,1955.8822489869021,1982.6250972920425,-326.0,327.0,-0.007078;-0.771099;-0.636676,27.650011078908882,8.98038702673766,18.716394918707987,False,False,0.6563607594941424
C/2012 L2 (LINEAR),2012,1.509,70.98,0.9973,,338.0,2119.0,False,117.63123798020031,0.17420969363754596,0.14745146522060307,0.029169719760766846,-277.537624619486,2.9867518347669786,2586.6788534587954,2309.1412288393094,-335.0,331.0,0.147091;-0.898517;0.413560,17.426670719631062,14.749972162127605,2.917926612697072,False,False,1.0
C/2012 L3 (LINEAR),2012,3.045,134.2,0.9908,,332.0,255.0,False,78.02351472008833,0.11222897277245851,0.0627509502493869,0.11165788615661744,282.2980019588849,2.3929632708770745,3223.081282454104,3505.379284412989,-350.0,356.0,-0.360446;0.631991;-0.686051,7.914838421737266,4.425449327076569,7.8745630973042156,False,False,0.006686746988568948
C/2012 LP26 (Palomar),2012,6.536,25.38,0.9993,,2326.0,439.0,False,84.7487009156259,0.07861319318198198,0.041727401765949135,0.03914985151492695,-140.7141340278417,4.822018576171911,50.470972636818985,-90.24316139102272,-309.0,307.0,-0.510799;0.823880;-0.245574,3.7751807794193275,2.003842850617402,1.8800631417443538,True,True,
C/2012 OP (Siding Spring),2012,3.607,114.83,0.9966,,381.0,100.0,False,60.287709187700486,0.025912073241994193,0.011199287654233562,0.03196036064556299,35.61460215631632,4.36366375706462,1359.7940039099121,1395.4086060662285,-321.0,321.0,-0.016966;0.990666;0.135253,1.676968070056577,0.72479139851656,2.068398920054039,False,False,
C/2012 S3 (PANSTARRS),2012,2.308,112.93,1.0007,,538.0,730.0,False,86.7350547786423,0.011788091464040229,0.022944382395974638,0.01980972738750971,159.67285987051096,3.3683759023026005,66.02442067946515,225.6972805499761,-301.0,304.0,-0.496815;0.865791;0.059836,0.9525870187916116,1.8541187003231099,1.6008095299147584,False,True,0.6285130111526587
C/2012 S4 (PANSTARRS),2012,4.349,126.54,1.0,,460.0,924.0,False,139.65164282151227,0.08470415592309453,0.058516760408192404,0.09971440195698873,115.2676406435425,4.572765538083882,250.00589133982533,365.27353198336783,-307.0,309.0,-0.972458;-0.050921;-0.227446,4.987588507208788,3.4456104132125103,5.87142861863141,False,True,
C/2012 T4 (McNaught),2012,1.956,24.09,0.9912,,233.0,49.0,False,105.34594238006943,0.11979608302247319,0.12102863336688512,0.014637521963150563,602.6221088355924,3.46880098737543,4236.737752840972,4839.359861676564,-370.0,386.0,-0.702070;0.662725;0.260564,10.537129970762061,10.645543725593592,1.2875001209068537,False,False,0.7421888412024362
C/2012 T5 (Bressi),2012,0.323,72.1,1.0004,,158.0,661.0,False,52.039115674486794,0.4293208441250335,0.4828357405723965,0.05643948993119194,-865.7981375411437,2.1764786418335698,-81.53169053309765,-947.3298280742413,-296.0,288.0,0.633182;0.450170;0.629624,92.73429463358724,104.29363595685724,12.191060275480687,False,True,0.8421518987345309
C/2012 U1 (PANSTARRS),2012,5.264,56.34,0.9996,,996.0,172.0,False,102.35720921080063,0.08496292556496189,0.11900167187959226,0.06083534892322169,-434.6484869090283,3.9156057676462224,1281.922783120948,847.2742962119197,-322.0,317.0,-0.066236;-0.618000;-0.783383,4.553736898794521,6.378103162678927,3.260577143508328,False,False,
C/2012 V1 (PANSTARRS),2012,2.089,157.84,0.9994,,345.0,98.0,True,100.4516891218141,0.2545360936872915,0.219009598576003,0.05281910710358332,803.8352702958489,2.3982513535392944,232.1380849999289,1035.9733552957778,-303.0,314.0,-0.725098;0.610559;-0.318514,21.621973525135623,18.60411886409549,4.486803104702482,False,True,0.9348985507247457
C/2012 V2 (LINEAR),2012,1.455,67.18,0.9976,,397.0,1054.0,False,118.1016979265868,0.14502798701983596,0.15131307963299814,0.0967463720472073,-111.55631396831996,1.9518892900647664,2454.9076074801874,2343.3512935118674,-332.0,332.0,0.125085;-0.818390;0.560884,14.773078342604977,15.413300740176236,9.854937401983795,False,False,0.7317380352644837
C/2012 X1 (LINEAR),2012,1.599,44.37,0.9896,,1038.0,2560.0,True,41.710372524367344,0.04972054705606541,0.07367887033216887,0.061095900489475156,-559.7038891671655,2.872947172152847,6947.258067391511,6387.554178224345,-482.0,446.0,0.222921;0.825615;-0.518329,4.840426783011639,7.172832931538828,5.947847531283212,False,False,0.42449903660875554
C/2013 A1 (Siding Spring),2013,1.4,129.03,1.0001,,1291.0,449.0,False,85.16337317565363,0.0776368054066088,0.042713769541945876,0.03849299623051905,28.555489843111417,2.148287467302516,127.49143635498177,156.0469261980932,-302.0,300.0,-0.491625;0.870202;-0.032475,8.055370822794087,4.431857430218945,3.9939221750982923,False,False,0.5818590240125233
C/2013 B2 (Catalina),2013,3.734,43.45,1.0027,,438.0,136.0,False,76.55733724727205,0.2087784630560399,0.10242370877681395,0.12567759361751843,203.72315609896742,3.7583773613385847,72.25155664700397,275.9747127459714,-304.0,307.0,0.673781;-0.685824;-0.275072,13.264483744809828,6.507364793601878,7.984771864035243,False,True,
C/2013 E1 (McNaught),2013,7.782,158.72,1.0023,,727.0,172.0,False,43.94071474120665,0.048687684963274365,0.1407675923629778,0.13342037495051876,45.945384881377564,3.2506997540368756,43.76042217605037,89.70580705742793,-311.0,311.0,0.962216;0.007377;0.272188,2.1427574197072237,6.1952176041562845,5.871864693936296,False,True,
C/2013 E2 (Iwamoto),2013,1.413,21.86,0.9939,,689.0,1159.0,False,62.04330104935754,0.0925018597034015,0.05773340116654961,0.050344286396315496,146.21548653182253,2.5337056575628076,4375.317873596265,4521.533360128087,-372.0,375.0,-0.141962;0.918160;-0.369904,9.567846051779151,5.971602043227259,5.207315651502663,False,False,0.5210885341071047
C/2013 F1 (Boattini),2013,1.86,79.69,1.0028,,72.0,274.0,False,75.26724565276203,0.722645937553023,0.6578229328422922,0.06782341995562331,-1494.0547791803042,2.2218027493973773,515.496747075312,-978.5580321049923,-307.0,289.0,0.128036;-0.129057;-0.983337,65.06324806178569,59.2269248827114,6.10646482275091,False,True,0.0
C/2013 F2 (Catalina),2013,6.218,61.75,0.9993,,481.0,168.0,False,77.60833363619524,0.09599661643675292,0.03644574322299226,0.07761551835448283,537.9317371937012,3.4799338973228213,791.0140288554022,1328.9457660491034,-318.0,325.0,0.417005;-0.529409;-0.738805,4.731815097204004,1.7964645464873903,3.8257836073735576,False,False,
C/2013 F3 (McNaught),2013,2.253,85.44,0.997,,151.0,301.0,False,51.78607169922897,0.04646908486799472,0.03439860694499096,0.013129542631562465,41.8459640617873,3.9898732657435136,1618.5751188324991,1660.4210828942864,-322.0,322.0,0.038128;0.946456;-0.320574,3.8040159925039396,2.815911940386129,1.0748003815139722,False,False,0.3792052980117648
C/2013 G2 (McNaught),2013,2.154,96.0,1.0002,,139.0,111.0,False,95.04195414350431,0.09021180886313396,0.043955665389177424,0.053575896929965595,-60.15034384893312,2.9624537227034557,271.92028995602755,211.76994610709443,-304.0,303.0,-0.124219;0.398108;0.908889,7.546866419461057,3.677207443805218,4.48200898007376,False,True,0.0
C/2013 G3 (PANSTARRS),2013,3.852,64.67,1.0005,,1353.0,902.0,False,62.414746036110806,0.1381491186537293,0.15912977141020748,0.053395505778297825,-354.84375984780013,3.2601196147251037,26.659634750145667,-328.1841250976545,-304.0,300.0,0.006988;0.476576;-0.879105,8.641291351682915,9.953640898201884,3.3399136150644164,False,True,
C/2013 G5 (Catalina),2013,0.929,40.61,0.9997,,52.0,114.0,False,96.87994511783545,0.09908792540790666,0.03931918578145795,0.059883965642363465,278.46613228864004,3.3187705708158743,450.13552064426443,728.6016529329045,-303.0,307.0,-0.677353;0.717743;-0.161363,12.62178578437722,5.0084643321242925,7.627998902443516,False,True,1.0
C/2013 G6 (Lemmon),2013,2.048,124.08,0.9947,,298.0,230.0,False,43.39819926697762,0.08526712024208528,0.09001510458278457,0.010299335819033953,-320.6677823730197,1.5416851349429594,3121.859600796458,2801.1918184234382,-346.0,340.0,0.807548;0.336337;0.484503,7.326126663629004,7.7340721246476525,0.8849159974826026,False,False,0.34640939597309184
C/2013 G7 (McNaught),2013,4.677,105.11,0.9979,,1013.0,305.0,False,49.9090806687651,0.0805473998106832,0.12594424031727058,0.056280190551663556,-143.86807714991164,4.33720751572553,735.8326360171079,591.9645588671963,-313.0,313.0,0.640955;0.479247;0.599583,4.5761930363477745,7.1553539513706585,3.197483924896223,False,False,
C/2013 G8 (PANSTARRS),2013,5.141,27.62,0.9984,,858.0,147.0,False,97.74719058349561,0.0333048703912273,0.06209111192570895,0.028808685635861652,323.9126171455862,4.716864379839734,69.71071791376352,393.6233350593497,-307.0,311.0,-0.680589;0.573214;-0.456315,1.803372235801264,3.362072454314271,1.55991550831329,False,True,
C/2013 G9 (Tenagra),2013,5.338,146.23,1.0013,,1093.0,496.0,False,32.962428546621126,0.16626332875728247,0.17291306257910793,0.06090902480610504,15.921321154635947,3.4062467172518835,77.10065543868313,93.02197659331908,-307.0,308.0,0.941196;0.241896;0.235874,8.83515951259826,9.188523417142209,3.23667855047183,False,True,
C/2013 H1 (La Sagra),2013,2.647,27.09,0.9854,,113.0,270.0,False,11.768917359721303,0.058611593859133684,0.09820185240210402,0.060039609542766485,-676.1437558510142,3.7964912611718677,5985.2964828176155,5309.152726966601,-430.0,403.0,0.672151;0.671150;-0.312683,4.440133922957738,7.439302490149271,4.548313558793142,False,False,0.2714159292028805
C/2013 H2 (Boattini),2013,7.499,128.4,1.0018,,780.0,221.0,False,26.993630320080488,0.07336472026494327,0.11314416629536718,0.04940557165646619,-2.3925093162798845,6.6183649041226,118.78426039150955,116.39175107522966,-311.0,311.0,0.465046;0.755205;-0.461949,3.289613254291335,5.073290646333123,2.2153048872812624,False,True,
C/2013 J3 (McNaught),2013,3.989,118.23,0.998,,324.0,105.0,False,47.235774905595626,0.09395008162399181,0.050741315877876045,0.06690765021952905,-126.9925373904066,4.063178471273127,1197.6194189598941,1070.6268815694875,-319.0,317.0,0.621180;0.554042;0.554232,5.781585759249545,3.122565347619613,4.1174239660830105,False,False,
C/2013 J5 (Boattini),2013,4.906,136.03,1.0025,,415.0,74.0,False,27.923410941196806,0.06756034229165264,0.0629708133401799,0.020588115153367687,-26.956348627141494,4.464322293717713,26.485907674239513,-0.4704409529019822,-306.0,305.0,0.446748;0.864998;-0.228462,3.7445936504366286,3.49021481831068,1.1411150782059325,False,False,
C/2013 L2 (Catalina),2013,4.872,106.78,1.0009,,121.0,242.0,False,71.3502263089101,0.05442843212565948,0.03837084084914691,0.05501630226350465,132.16617110529694,3.8945984289664013,92.10292664539922,224.26909775069618,-308.0,307.0,-0.263434;0.964137;-0.032280,3.0274949562241433,2.134316984708919,3.0601942975009973,False,True,
C/2013 O3 (McNaught),2013,3.18,102.84,0.9961,,361.0,103.0,False,74.99390721397808,0.020184541002490303,0.01419265898756586,0.011109760254529456,-108.3609650590563,4.191387098263425,1661.1999046311453,1552.838939572089,-324.0,322.0,-0.191963;0.910754;0.365619,1.391368440273326,0.9783337553439715,0.7658222099401768,False,False,
C/2013 P2 (PANSTARRS),2013,2.835,125.53,0.9989,,610.0,295.0,False,47.06229500510861,0.21866364099219543,0.09495771249209009,0.18868155357543764,88.48999206050394,3.0862644585147545,1311.8245128410358,1400.3145049015397,-318.0,320.0,0.239597;0.570764;-0.785380,15.957568819591575,6.929795118968143,13.769545144796004,False,False,0.3377868852455963
C/2013 P3 (Palomar),2013,8.647,93.91,1.0012,,1781.0,492.0,False,140.4203864186545,0.027866313553885944,0.04091492605490106,0.06726876558930353,-2.172372260165993,7.850551910172956,44.06952005709072,41.89714779692473,-312.0,313.0,-0.997789;0.044242;-0.049599,1.1634579372752296,1.70825593344282,2.8085659448365785,True,True,
C/2013 R1 (Lovejoy),2013,0.812,64.04,0.9984,,372.0,3894.0,False,83.10920822466845,0.19783065478155654,0.13628540184633303,0.06258235345522475,-359.02997445816845,4.668715081630443,2875.4114829765726,2516.381508518404,-339.0,333.0,0.252968;-0.497433;-0.829800,26.96694454320432,18.577509525490445,8.53080558659504,False,False,0.2869086021504876
C/2013 S1 (Catalina),2013,2.824,83.96,1.0004,,59.0,109.0,False,152.51101603320535,0.1554068759629358,0.05642670552762501,0.1461276551984167,377.46246046342924,4.0080405617732335,164.15918169847694,541.6216421619062,-304.0,308.0,-0.743914;-0.623989;-0.239225,11.354048414523675,4.122543114408424,10.67610722848162,False,True,0.0
C/2013 TW5 (Spacewatch),2013,5.831,31.4,0.9869,,1222.0,421.0,False,67.52205190059443,0.09817034352885673,0.07111412012084646,0.1210813081102964,1724.3221727870655,3.3214389868164487,2493.117018192426,4217.439190979491,-343.0,380.0,0.849477;-0.519410;0.092750,5.009050930106619,3.628532168987798,6.178061695690486,False,False,
C/2013 U2 (Holvorcem),2013,5.117,43.09,0.9943,,1251.0,471.0,False,84.3121263267174,0.22599611307037434,0.08170611263662057,0.3053398341880817,-135.2544104769654,2.009961985889054,2310.040484245388,2174.7860737684227,-338.0,336.0,0.382475;-0.654432;-0.652251,12.301072540636705,4.447301349132173,16.61978783114721,False,False,
C/2013 US10 (Catalina),2013,0.823,148.88,1.0003,,1555.0,4397.0,True,25.435277873848968,0.20704214835997736,0.11491990227062839,0.09329230299242595,-307.1159593494418,3.2207229793712395,151.45920981009547,-155.65674953934635,-300.0,297.0,0.906482;0.385056;0.173270,28.01785612509836,15.55146772400494,12.624725658643467,False,True,0.529723472668942
C/2013 V1 (Boattini),2013,1.661,65.31,1.0014,,302.0,2087.0,False,99.45642013907036,0.23153146416848197,0.1542835607326048,0.12990853454246004,-461.8638120250728,1.4048862121331933,70.5001497277045,-391.36366229736825,-300.0,296.0,0.099554;-0.728818;-0.677431,22.05466346112025,14.696369764520787,12.374512554269469,False,True,0.5570529801323887
C/2013 V2 (Borisov),2013,3.508,37.85,1.0045,,1273.0,1794.0,False,65.9804734657245,0.529793473494015,0.32595228324295605,0.22047787038827907,-680.6129216575011,2.5140921405767522,791.048049767721,110.4351281102198,-312.0,304.0,0.642707;-0.459021;-0.613374,34.74888157433655,21.37904269487389,14.461030177206935,False,False,
C/2013 V4 (Catalina),2013,5.185,67.85,1.0026,,1748.0,2445.0,False,117.76244487540987,0.11988974218614841,0.053496556983350534,0.08799791236373362,77.72375300251568,5.621743597378186,94.16269374554844,171.88644674806412,-307.0,308.0,-0.227786;-0.765597;-0.601643,6.464324963418212,2.884476373528747,4.74475206342794,True,True,
C/2013 V5 (Oukaimeden),2013,0.626,154.89,0.9987,,523.0,1519.0,False,109.47484044115376,0.5312628708095606,0.5860563313453199,0.12219587826115505,2936.8058695216937,2.644284838793155,62.05789995382466,2998.8637694755184,-298.0,341.0,-0.737756;0.605287;0.298905,82.43070891218946,90.93245831702183,18.95990370240898,False,True,0.6122753346084223
C/2013 X1 (PANSTARRS),2013,1.314,163.23,1.001,,1565.0,539.0,True,110.1685432581493,0.20741525595350507,0.03117225889853861,0.21078548887940102,-659.8210006007839,3.0390405548841883,305.9116354947557,-353.90936510602825,-302.0,296.0,-0.825483;0.559100;-0.077360,22.215146438935722,3.338695088169815,22.57611418760935,True,True,0.5857699680511063
C/2013 Y2 (PANSTARRS),2013,1.919,29.41,0.9913,,254.0,436.0,False,40.06803248969778,0.5189361219343522,0.5063159279766769,0.014986730254667527,457.0418751275238,1.0194901184617573,4251.6054548432985,4708.647329970822,-370.0,383.0,0.886279;0.251223;0.389097,46.081496981602136,44.96082450345575,1.3308207615616945,False,False,0.652165354330342
C/2014 A4 (SONEAR),2014,4.18,121.36,1.0009,,1344.0,2742.0,False,169.47214087161976,0.03016728409345984,0.055588340305522954,0.06471812710269807,150.38029681253454,4.303951206102734,136.29910793017632,286.67940474271086,-306.0,307.0,-0.852653;-0.520199;0.048750,1.8116423211324442,3.338258410899858,3.8865314371834696,False,True,
C/2014 A5 (PANSTARRS),2014,4.8,31.99,0.9604,,854.0,42.0,False,81.63480739368973,4.045148658844955,0.6445936764951394,3.405725452360235,-2710.903169418674,1.2167818210845116,7363.7460685043,4652.8428990856255,-1963.0,10020.0,0.680863;-0.731975;0.025283,228.690615804705,36.44180653266379,192.5411194120152,False,False,
C/2014 AA52 (Catalina),2014,2.003,105.21,1.0004,,624.0,399.0,False,125.27301436513575,0.07630295656898503,0.05624655444481542,0.02397695501057021,43.18774374729229,2.9941690816476063,66.75620386494384,109.94394761223613,-301.0,302.0,-0.449992;-0.024152;0.892706,6.618779734105677,4.879018735480277,2.079843180991914,False,True,0.6725000000002089
C/2014 B1 (Schwartz),2014,9.557,28.38,1.0032,,3008.0,1276.0,False,67.66605299774446,0.03687067224693585,0.07674581237767106,0.11221537238722094,-19.39513009688462,7.261970122179154,69.4318079352776,50.03667783839298,-315.0,314.0,0.849719;-0.514171;0.116641,1.4643835403191048,3.0480948023295,4.456830707996699,True,True,
C/2014 C2 (STEREO),2014,0.512,135.5,1.0,,58.0,297.0,False,30.44198532632107,0.09061410271803022,0.010804152963530832,0.09139906847030506,-686.1362595110404,4.087835507006112,878.658879399592,192.52261988855162,-308.0,300.0,0.446884;0.679603;-0.581752,15.547915886416124,1.8538180753571167,15.682603326053025,False,False,0.3146551724137931
C/2014 E2 (Jacques),2014,0.664,156.39,0.999,,452.0,4812.0,True,143.00403646355429,0.162599670342742,0.11699895669638911,0.04568627960386969,660.8545657845041,2.7968055068865976,1524.9767612050662,2185.8313269895702,-317.0,327.0,-0.324190;-0.939488;0.110737,24.502370787634348,17.630735737031365,6.884529103914751,False,False,0.24670353982251433
C/2014 F1 (Hill),2014,3.496,108.25,0.9991,,111.0,190.0,False,23.469986430077103,0.04559644818589332,0.08385307345261722,0.04661084202831762,-241.41714039019314,3.20914326622221,685.2957676166868,443.8786272264937,-312.0,308.0,0.534943;0.833615;-0.137554,2.995491534510774,5.508788110994482,3.0621328692755716,False,False,
C/2014 F2 (Tenagra),2014,4.314,119.06,0.9709,,904.0,300.0,False,52.108005145811646,0.12659157052392264,0.11098497536174072,0.04064667417060992,-17.897580167718843,3.8877923589167653,6884.802592965448,6866.905012797729,-490.0,489.0,0.486581;0.045632;-0.872443,7.5383477828306,6.6089972616903605,2.4204515738711967,False,False,
C/2014 G1 (PANSTARRS),2014,5.469,165.64,0.9947,,482.0,89.0,False,45.84375346161339,0.03780862470576137,0.06893050540544697,0.032300611598970325,-0.2902235589024258,3.754378079769093,1646.8978483099809,1646.6076247510784,-329.0,328.0,0.148251;0.958982;-0.241610,1.98920506251033,3.6266040190828885,1.6994148984493662,False,False,
C/2014 H1 (Christensen),2014,2.139,99.94,0.9849,,39.0,105.0,False,3.541126120512525,0.07396193500713956,0.10243863418265169,0.06167735529372444,-608.705604549139,4.259470926795238,7855.228019791061,7246.522415241922,-628.0,512.0,0.789029;0.586398;-0.183222,6.234439108598099,8.63481231417281,5.198940724319577,False,False,0.0
C/2014 L5 (Lemmon),2014,6.203,122.81,1.0026,,702.0,75.0,False,123.89572022601739,0.053028245793594726,0.05196074411426313,0.06376256709422086,-93.8144206178182,4.0971957772816605,250.1947116373857,156.3802910195675,-310.0,310.0,-0.794604;-0.093174;-0.599936,2.6147938563128648,2.5621559311666195,3.1440973806613144,False,True,
C/2014 M1 (PANSTARRS),2014,5.577,160.18,1.0024,,987.0,86.0,False,47.045247234246766,0.07239658567570173,0.13931257080277998,0.11844566401615474,119.18275524785656,2.0596683606746176,77.21939354378975,196.4021487916463,-307.0,309.0,0.230462;0.963929;0.133147,3.763804384064069,7.24267946960272,6.157836109762945,False,True,
C/2014 M2 (Christensen),2014,6.91,32.42,0.9927,,511.0,57.0,False,64.15223186645566,0.07011704832499112,0.04891154295615727,0.04059375587380968,3.88216877383627,4.870379752706187,838.8018760210329,842.6840447948691,-320.0,320.0,-0.177983;0.921266;-0.345819,3.279271239599553,2.287520937235416,1.898510267108087,False,False,
C/2014 N2 (PANSTARRS),2014,2.184,133.01,0.9995,,253.0,50.0,False,77.57775854532221,0.14867319018530592,0.04549639552643032,0.16220987747089669,-525.1195317601888,3.081470909895747,874.910458659539,349.7909268993502,-311.0,305.0,-0.087428;0.780163;0.619436,12.35595802708848,3.781122560212266,13.480967450227316,False,False,0.3882608695651438
C/2014 N3 (NEOWISE),2014,3.882,61.64,0.9993,,917.0,1594.0,False,161.56284172168995,0.03451639556707902,0.06189885265195341,0.06550665811525125,434.0843280779363,3.8484550292144677,60.11720576079099,494.20153383872724,-305.0,309.0,-0.952451;-0.288032;0.099374,2.1507282049472036,3.8569383061365015,4.0817418767410185,False,True,
C/2014 OE4 (PANSTARRS),2014,6.244,81.35,0.9997,,2084.0,1798.0,False,59.98904661894953,0.07262000082517685,0.10649609569627028,0.041772209332331056,55.86994298442854,1.2636273935795617,54.48864855575602,110.35859154018456,-309.0,309.0,0.081842;0.424312;-0.901810,3.5679952200709013,5.232409199708657,2.052369065491474,True,True,
C/2014 Q1 (PANSTARRS),2014,0.315,43.11,0.9997,,636.0,704.0,True,71.86486520848878,0.06459212545635054,0.03932695094416155,0.06935132244926347,411.8970132643981,3.336045148401671,1286.866590721291,1698.763603985689,-313.0,319.0,0.590867;-0.548856;-0.591297,14.129631435165397,8.602833834371058,15.170713439544551,False,False,0.5102358490562523
C/2014 Q2 (Lovejoy),2014,1.29,80.3,0.9978,,802.0,7892.0,True,112.58091752520524,0.10363683087525646,0.06418350518484114,0.0974050842032294,562.771902639113,3.990138230856904,2033.103854082063,2595.875756721176,-326.0,335.0,0.119783;-0.969886;-0.212070,11.208996436570981,6.941862992409253,10.534992555417551,False,False,0.2656733167080204
C/2014 QU2 (PANSTARRS),2014,2.223,124.82,0.9913,,56.0,67.0,False,142.31958891542132,0.043724584043883255,0.022037126670565985,0.052575165460688196,198.50160562384372,3.1083921166613777,4234.648407818391,4433.150013442235,-371.0,375.0,-0.852034;0.026501;0.522815,3.608635009712469,1.8187467886958115,4.339082620716349,False,False,0.0
C/2014 Q6 (PANSTARRS),2014,4.223,49.8,0.9993,,375.0,40.0,False,113.15200232075233,0.07680716253750783,0.050641418736699355,0.026178341721400423,87.0004964395504,4.2542187768687105,86.6974176576143,173.6979140971647,-305.0,307.0,-0.850239;0.525372;-0.032839,4.588740035068147,3.0255030639396745,1.5639896168540668,False,True,
C/2014 R1 (Borisov),2014,1.345,9.93,0.9925,,335.0,523.0,False,53.66059203531141,0.36176514028307377,0.2343113216174219,0.12746922003636138,-669.1758575956837,2.383774087322431,6910.778836777344,6241.60297918166,-478.0,437.0,0.927280;-0.346106;-0.142697,38.38306366821335,24.860290211454384,13.524407532922469,False,False,0.22459701492604034
C/2014 R3 (PANSTARRS),2014,7.276,90.84,0.9995,,2000.0,830.0,False,65.69285317083951,0.04453746401878643,0.028676732520472224,0.06135675644366403,52.34776899435052,3.5007088514313884,109.70527088032885,162.05303987467937,-311.0,311.0,0.363266;-0.161894;-0.917512,2.0273481752175417,1.3053666756162345,2.792963428740792,True,True,
C/2014 R4 (Gibbs),2014,1.818,42.41,0.9994,,122.0,129.0,False,113.32893513964986,0.2617475438444729,0.04854786460354185,0.2215798436180186,599.6093699984325,3.9541762161790652,920.7439103562753,1520.3532803547077,-311.0,319.0,0.176595;-0.984226;0.010644,23.841304426499235,4.42198769955697,20.182624940359407,False,False,0.5123770491784958
C/2014 S1 (PANSTARRS),2014,8.137,123.8,1.0008,,607.0,45.0,False,138.67017035677623,0.02980744529030132,0.09180579486315497,0.11297890679405145,7.3622136343534805,6.894715360555193,32.567922252331286,39.930135886684766,-312.0,310.0,-0.385937;-0.481010;0.787199,1.2828736672464403,3.951201976000657,4.862465168309411,False,True,
C/2014 S2 (PANSTARRS),2014,2.101,64.67,0.9876,,942.0,2941.0,True,90.70625337508088,0.6204620285036356,0.026314182754859663,0.6279305931842051,-238.5817193515877,0.8901742254284551,6156.910902795838,5918.329183444251,-436.0,425.0,0.022661;-0.429033;-0.903005,52.71979769523885,2.23587959878453,53.35439127380644,False,False,0.49235668789789144
C/2014 U3 (Kowalski),2014,2.556,152.99,0.9933,,301.0,51.0,False,93.07602680867309,0.2674072377089099,0.15326183546739164,0.11414586192910647,90.03145394652302,3.849645342927709,2882.8540223917953,2972.8854763383183,-343.0,344.0,0.404091;-0.843586;-0.353658,20.571064318047068,11.790103745559955,8.78099593526571,False,False,0.6340199335543222
C/2014 UN271 (Bernardinelli-Bernstein),2014,10.937,95.44,0.9993,,5769.0,2298.0,False,50.42543362793262,0.03467772456144212,0.11223033457269356,0.13674681258950272,-14.07438634325424,9.094655977003837,47.426404539208434,33.352018195954194,-307.0,325.0,0.809969;0.196555;0.552554,1.2874202329492166,4.16658259175979,5.076763701929558,True,True,
C/2014 W2 (PANSTARRS),2014,2.67,82.0,0.9983,,1053.0,3410.0,True,76.48545090601442,0.34729351391614627,0.13609449088213504,0.24890277729044316,311.5493941582206,3.657186212644064,1582.3730917323062,1893.9224858905268,-322.0,327.0,0.100080;-0.126903;-0.986853,26.119373897473164,10.235442789164837,18.71956844474292,False,False,0.4781386514719671
C/2014 W3 (PANSTARRS),2014,6.066,90.11,1.007,,442.0,47.0,False,101.11437320489914,0.031955014829187986,0.15475918877987485,0.14209690094901753,-696.9008055042901,2.0814442309526795,12.590426108956624,-684.3103793953335,-309.0,299.0,0.263561;-0.894069;-0.362182,1.5927904074287897,7.713936377988834,7.082787536378224,False,True,
C/2014 W5 (Lemmon-PANSTARRS),2014,2.399,145.49,0.9791,,579.0,76.0,False,109.15083091605372,3.6233771440562714,3.0155298939040707,0.6078859850038543,-95.80288803638541,1.1148371282684075,7611.884371238547,7516.0814832021615,-15191.0,8968.0,-0.612790;0.543322;0.573838,288.5045688594715,240.10587839324592,48.40177465570736,False,False,0.8542487046629872
C/2014 W6 (Catalina),2014,3.088,53.56,1.0017,,242.0,139.0,False,51.43445191081077,0.2903207647960853,0.1957367952919001,0.09674742842274157,103.8417463845939,3.4328006791850814,91.76562607039793,195.60737245499183,-303.0,305.0,0.914517;-0.045713;0.401956,20.283025707892072,13.674993084544088,6.759180933024931,False,True,0.49173553719008267
C/2014 W8 (PANSTARRS),2014,4.899,41.11,1.0011,,36.0,32.0,False,127.960701221121,0.11145655423325782,0.07426668119178453,0.05158767482863304,18.241124241431862,4.286455789744336,392.3428632030848,410.58398744451665,-309.0,311.0,-0.039899;-0.859218;0.510051,6.184764959906729,4.121085302549707,2.86261894455721,False,False,
C/2014 W10 (PANSTARRS),2014,7.657,83.31,1.0036,,378.0,28.0,False,123.22643889352977,0.05622356637617481,0.029522721817674888,0.05324825058046,28.795249053063575,6.953673900707708,28.31244683895567,57.107695892019244,-309.0,312.0,-0.484806;-0.563186;-0.669167,2.494451844663076,1.309824556572078,2.362447020824277,False,True,
C/2014 XB8 (PANSTARRS),2014,3.01,149.78,0.9967,,304.0,58.0,False,166.26444746703265,0.13099720062307188,0.09123850544812498,0.0737936640861675,261.44936662127975,3.0037120139567217,1398.636620098834,1660.0859867201139,-320.0,324.0,-0.707320;-0.702787;0.076084,9.278950359888354,6.462714920141948,5.227041056396639,False,False,0.36717105263194655
C/2014 Y1 (PANSTARRS),2014,2.241,14.92,1.0021,,559.0,305.0,True,17.975340774720216,0.6082914287286255,0.44116891888647386,0.16777905119708697,-1129.257849493379,1.0544325807143333,1086.6991411560207,-42.558708337358134,-313.0,301.0,0.926120;0.377080;0.010567,49.91348079367105,36.20020818907256,13.767145243209082,False,False,0.7632379248656652
C/2015 A2 (PANSTARRS),2015,5.267,108.9,1.0137,,50.0,23.0,False,145.11903811951106,0.11157520410312623,0.07955370971129601,0.08397508746681644,-114.98563059731919,3.477944450412926,-1911.5799055019002,-2026.5655360992193,-286.0,286.0,-0.340030;-0.792386;0.506463,5.9533051111345765,4.244737981354989,4.480648916959174,False,False,
C/2015 B2 (PANSTARRS),2015,3.37,105.09,1.0002,,980.0,242.0,False,123.7917232875109,0.046611898163130425,0.011158690861743328,0.057286872025223694,29.79510244257358,3.0873837332579894,261.7552053785481,291.5503078211217,-306.0,307.0,-0.320438;-0.160244;0.933617,3.1177418513028266,0.7463741850557392,3.8317615347521814,False,True,
C/2015 C2 (SWAN),2015,0.711,94.5,0.9985,,145.0,151.0,False,159.0612622153668,0.04725528573980978,0.10479476496504818,0.09856296416021285,889.7627560456551,3.1184514692209078,2021.550744502824,2911.313500548479,-325.0,339.0,-0.559042;-0.705435;0.435698,6.882309884468952,15.262420604769682,14.354814532650892,False,False,0.05220689655056801
C/2015 D3 (PANSTARRS),2015,8.149,128.51,1.0022,,2510.0,313.0,False,59.110762948108466,0.041938997735894185,0.1417811381801845,0.10266322295299092,-39.09465552357785,3.353453508996798,36.36351752499816,-2.7311379985796935,-312.0,311.0,0.907453;-0.418502;-0.037229,1.8036845402498374,6.097628957302319,4.415271658579704,True,True,
C/2015 ER61 (PANSTARRS),2015,1.042,6.35,0.9973,,1421.0,2826.0,True,87.70546070864981,0.6122062131295589,0.5422923804842943,0.10128235995486154,932.9808836510229,0.9818781409535345,1480.3774451172753,2413.358328768298,-317.0,331.0,-0.540807;0.835661;-0.095913,73.65359294612666,65.24236669503308,12.185125784013827,True,False,0.5910907811400029
C/2015 F3 (SWAN),2015,0.834,73.39,0.9964,,67.0,316.0,False,110.51851954961114,0.18534709770282698,0.048467248743738964,0.23362345298950085,980.4879958054316,3.77987240136,4634.25168476392,5614.739680569352,-377.0,408.0,-0.330777;-0.486710;-0.808517,24.93936105488438,6.521506032400967,31.43518143637543,False,False,0.0
C/2015 G2 (MASTER),2015,0.78,147.56,1.0004,,314.0,562.0,True,44.61632931430578,0.17234307126260442,0.08515999701517085,0.08905646990505663,-426.7146765633257,3.2453761463483546,72.06065415556633,-354.6540224077594,-299.0,294.0,0.699875;0.485228;0.524146,23.956046543860108,11.837417293451054,12.379035156142855,False,True,0.17449044585999124
C/2015 H2 (PANSTARRS),2015,4.967,33.71,1.0035,,1982.0,204.0,True,79.08089789406621,0.1983685808538187,0.1725802184134772,0.027103909291755025,-549.9997884246465,4.639179233761386,64.86081702918004,-485.13897139546646,-307.0,300.0,-0.178338;0.830146;0.528255,10.927562683373969,9.506954914464917,1.4930775149739828,True,True,
C/2015 J1 (PANSTARRS),2015,6.02,95.0,1.0032,,390.0,54.0,False,58.09921376702337,0.15525533377637418,0.07917620485358806,0.09795625199828509,27.014255196408442,5.217456575712725,125.7552883685606,152.76954356496904,-310.0,308.0,0.507227;0.505929;0.697679,7.769498966005277,3.962243529927509,4.90206023910686,False,True,
C/2015 J2 (PANSTARRS),2015,4.32,17.28,0.9825,,475.0,99.0,False,49.54609820089015,0.1753736536931881,0.19267690827286052,0.01759693155792208,-710.7941710130126,3.8897668632367495,4701.640777040957,3990.8466060279443,-389.0,370.0,0.177805;0.976732;0.119918,10.411217464815195,11.438441009996007,1.044657947786784,False,False,
C/2015 K1 (MASTER),2015,2.557,29.38,0.9858,,258.0,584.0,False,81.90645734354749,0.09731543344082705,0.1457076420680233,0.0667449995251199,-568.1509113293168,1.488371521132573,5968.981170694771,5400.830259365454,-429.0,405.0,-0.256250;0.837534;0.482569,7.499673495030843,11.229048698688183,5.143744277404451,False,False,0.0
C/2015 K2 (PANSTARRS),2015,1.455,29.11,0.9944,,32.0,54.0,False,23.946890399877265,0.11757035944787537,0.15876422252693764,0.07873703091093906,-809.6691780657093,2.665241830443718,4556.37684694802,3746.707668882311,-377.0,357.0,0.529734;0.838037;-0.130673,11.98532611721468,16.184699882413902,8.026589332553673,False,False,0.6812499999941792
C/2015 K4 (PANSTARRS),2015,2.008,80.25,1.0001,,51.0,134.0,False,39.27458255551755,0.05704988852609397,0.11786676073817987,0.06711305070625408,-739.1841010447489,4.1981089409590435,745.8304152105036,6.6463141657547276,-309.0,300.0,0.334651;0.941460;0.040769,4.944223886192176,10.214913102998604,5.816347006976472,False,True,0.0
C/2015 K7 (COIAS),2015,9.941,159.94,1.004,,808.0,59.0,False,40.29836744920296,0.0448592208873738,0.05240505301835098,0.04350575719438649,72.11948792157395,4.060750929781813,83.15652676231684,155.2760146838908,-317.0,314.0,0.290557;0.956367;-0.030634,1.7469842124675972,2.0408468641584165,1.6942753232576548,False,True,
C/2015 LC2 (PANSTARRS),2015,5.892,93.71,1.0013,,1167.0,437.0,False,32.78556326541225,0.1945377759164488,0.09031828765514222,0.11907080589124723,4.903502174239009,5.041179304037967,274.235808604492,279.139310778731,-312.0,309.0,0.674745;0.670220;0.309070,9.842617316759835,4.569643802632955,6.024374291649569,True,True,
C/2015 M1 (PANSTARRS),2015,2.092,57.31,0.9946,,62.0,66.0,False,55.91750631044576,0.04600915577660114,0.10112422417118844,0.07413622673835261,-738.4202217832153,4.131081555619494,3262.191734494122,2523.771512710907,-349.0,335.0,-0.026697;0.972430;-0.231662,3.9117237006065393,8.59763709459458,6.303102726206499,False,False,0.0
C/2015 M3 (PANSTARRS),2015,3.552,65.95,0.9733,,488.0,150.0,False,72.34404608589745,0.13186048349542254,0.14301424874947644,0.017333727150389677,-331.8503212697233,2.5164234549502855,7881.688508650932,7549.838187381209,-3375.0,563.0,-0.243232;0.603880;-0.759057,8.649714627733166,9.381373453143441,1.13704871475817,False,False,
C/2015 O1 (PANSTARRS),2015,3.73,127.21,1.0,,1740.0,3677.0,True,39.92740702214228,0.17068804481410527,0.09402308165483048,0.09580951212283506,55.206269937099805,3.9900590459548555,88.76589527119778,143.97216520829758,-304.0,305.0,0.521230;0.305727;-0.796775,10.850435206100498,5.976935036573389,6.090496288413832,True,True,
C/2015 P3 (SWAN),2015,0.715,58.18,0.9971,,54.0,132.0,False,33.66887614196388,0.2283871374262172,0.2885959342518138,0.0604045199829906,-1486.3868667851793,3.1726616215939805,5698.61017972076,4212.223312935581,-411.0,366.0,0.404726;0.670897;-0.621365,33.191277945951974,41.94136314230124,8.778529450218954,False,False,0.0
C/2015 R3 (PANSTARRS),2015,4.903,83.61,0.9987,,1303.0,41.0,False,105.17880117845628,0.030781123709225127,0.0824345012258292,0.06168476801833263,166.69852526073916,4.038302985760871,51.66423980765601,218.36276506839516,-308.0,307.0,-0.094789;0.069967;0.993036,1.7066463920367299,4.570546073152128,3.4200858869411355,False,True,
C/2015 T2 (PANSTARRS),2015,6.935,124.54,1.0004,,1448.0,214.0,False,142.04133868769398,0.028797916772813514,0.019823479810385965,0.01071462878872148,-8.188430990725237,6.861942668363417,416.94583577026077,408.75740477953553,-314.0,314.0,-0.765815;-0.485706;-0.421446,1.343428409756225,0.9247691827015305,0.499839513681394,True,False,
C/2015 TQ209 (LINEAR),2015,1.413,11.39,0.9989,,646.0,406.0,False,71.84911107414494,0.2407902797338378,0.033624183016188525,0.2702727029400348,990.7907696056243,2.082794746704286,1093.7337642767932,2084.5245338824175,-312.0,328.0,0.811463;-0.551594;0.193058,24.877013886564814,3.4738498113076917,27.922961805728576,False,False,0.4993808049537045
C/2015 V1 (PANSTARRS),2015,4.267,139.23,1.0006,,1317.0,2145.0,False,158.9337845556474,0.047949491049203846,0.034789224275350174,0.05990724199887411,-131.24187919139126,4.247797768988196,494.3256958601112,363.0838166687199,-310.0,309.0,-0.954033;-0.299682;-0.003454,2.8511123608481705,2.068593121332349,3.562129116074291,True,False,
C/2015 V2 (Johnson),2015,1.637,49.87,1.0017,,1750.0,5890.0,True,25.591258885955785,0.2539159231691752,0.1893478448362046,0.07792401110813779,-587.7406552170905,2.7378875195885732,60.743610537006106,-526.9970446800844,-300.0,294.0,0.488101;0.850205;-0.197253,24.363457026569193,18.1680928992656,7.476877669881746,True,True,0.5047714285714818
C/2015 V3 (PANSTARRS),2015,4.236,86.23,0.9948,,418.0,99.0,False,145.76590781948178,0.04366845342628028,0.02865540356489639,0.019453934158899507,98.8970910497062,3.9954333727966356,1369.6918882727432,1468.5889793224494,-322.0,323.0,-0.999025;-0.041940;-0.013812,2.6084541984444236,1.711677466735974,1.1620447314148286,False,False,
C/2015 VL62 (Lemmon-Yeung-PANSTARRS),2015,2.72,165.61,1.002,,987.0,2115.0,False,107.57810392592754,0.397746928645339,0.09189210868590254,0.3411246895141813,-549.4431355667108,2.3578914143855982,51.30079641007027,-498.1423391566405,-302.0,297.0,-0.805549;0.559711;-0.194460,29.607385074847734,6.840241498456027,25.39255318798448,True,True,0.6743566362713789
C/2015 WZ (PANSTARRS),2015,1.377,134.13,0.9929,,272.0,373.0,False,107.49106706110663,0.39727714367171324,0.04529892063012136,0.43424476411876256,840.1909880697958,1.7667270068080951,5912.581819624411,6752.772807694207,-422.0,466.0,-0.714487;0.235673;-0.658762,41.646153758340276,4.748639189793918,45.52143133154489,False,False,0.6389705882346093
C/2015 W1 (Gibbs),2015,2.232,87.32,1.0013,,228.0,355.0,False,84.81583486152338,0.14447152920675624,0.13078960690096664,0.14705983779204967,452.7904880828877,1.6726552695287964,127.50920521565934,580.299693298547,-302.0,308.0,0.304785;-0.593547;-0.744855,11.872128692649884,10.747799606711373,12.084826189448147,False,True,0.7946929824558953
C/2015 XY1 (Lemmon),2015,7.928,148.85,1.004,,1782.0,741.0,False,127.23165061671342,0.03199257735820171,0.07543269128601851,0.06289218933564451,-24.93341001870486,5.685577589117142,43.64986856071171,18.71645854200685,-311.0,311.0,-0.041923;-0.988606;0.144573,1.394978462883039,3.2891060499170637,2.742300147452637,True,True,
C/2015 X5 (PANSTARRS),2015,6.802,124.28,1.003,,1531.0,227.0,False,101.24303282962792,0.044401969493814024,0.07835310631991958,0.09243290149571698,-22.37559765882841,4.849187475003125,75.80427272228215,53.42867506345374,-309.0,310.0,0.251279;-0.888702;-0.383494,2.0902702000228497,3.6885562754725836,4.351377691141881,True,True,
C/2015 X7 (ATLAS),2015,3.685,57.58,1.0019,,870.0,620.0,False,82.93717270623854,0.18829157227759255,0.043847515753075654,0.1785602684748652,178.32691476457256,4.057663246039112,38.3025211013527,216.62943586592527,-304.0,306.0,0.680226;-0.713548;0.167758,12.041760346877284,2.80416839754276,11.419416888603218,False,True,
C/2015 Y1 (LINEAR),2015,2.514,71.22,0.9914,,491.0,573.0,False,66.54253488298865,0.2740092799319248,0.1326471363585375,0.1703357957923631,269.6193838257059,3.9389983815331147,4194.599383981741,4464.218767807447,-370.0,377.0,0.744030;-0.536755;-0.397886,21.27125507854847,10.29735589109408,13.223114787232992,False,False,0.307902240326207
C/2016 A1 (PANSTARRS),2016,5.328,121.19,1.002,,1506.0,2143.0,False,89.25327659207112,0.07721793679694136,0.08113289528223849,0.11460046251646584,91.34516519718034,4.764771102495778,46.492690739669264,137.8378559368496,-307.0,308.0,0.534543;-0.831350;-0.152055,4.10700754658276,4.315233312649983,6.095280240842218,True,True,
C/2016 A5 (PANSTARRS),2016,2.947,40.33,0.9973,,537.0,46.0,False,112.3103691242969,0.2404072449993669,0.03930556852934312,0.26297739020191213,-32.49064300964119,2.9751562412474026,1665.3708809654945,1632.8802379558533,-324.0,323.0,0.238334;-0.884432;0.401220,17.21287916895519,2.814232997697106,18.828875318315035,False,False,0.4214711359405484
C/2016 A6 (PANSTARRS),2016,2.413,120.93,0.9906,,38.0,42.0,False,67.4282999940066,0.24107869963010684,0.10293046391115865,0.14330976637249274,206.05935115615011,3.87725287080949,4128.768530376982,4334.827881533132,-369.0,373.0,0.670446;-0.511430;-0.537533,19.099723913074545,8.154778692452757,11.353873137533704,False,False,0.0
C/2016 B1 (NEOWISE),2016,3.206,50.48,0.9924,,638.0,522.0,False,24.055150554498724,0.26443044508922436,0.17643953039194282,0.0978633225463446,-189.64803169388688,2.8387232779430254,3121.7920543847263,2932.1440226908394,-349.0,345.0,0.532552;0.838362;-0.116350,18.175300463794684,12.127353480354122,6.726514759164349,False,False,
C/2016 C1 (PANSTARRS),2016,8.463,56.18,1.0051,,1563.0,236.0,False,62.91959128147671,0.04867362042818125,0.16624515688158892,0.12437746241563502,-201.11389062025012,4.00735105344393,70.53425128858369,-130.57963933166644,-314.0,308.0,0.861913;-0.263453;0.433243,2.0542761308419744,7.016397273217766,5.249366083875693,True,True,
C/2016 E1 (PANSTARRS),2016,8.177,131.89,1.0032,,1399.0,166.0,False,25.498649537222363,0.2570136229586935,0.21680922178862352,0.04159178089684319,-248.13670371954066,1.8282961611547632,44.305826056471076,-203.83087766306957,-311.0,309.0,0.800955;0.243223;-0.547096,11.034711981591618,9.308562284945427,1.7857159387690926,True,True,
C/2016 E2 (Kowalski),2016,1.075,136.0,1.0002,,64.0,108.0,False,38.34803309150657,0.2131853735163518,0.10163658086014683,0.11199984851652789,-280.72895054594557,3.5314300516633295,365.96398839507583,85.23503784913026,-303.0,300.0,0.732075;0.530476;0.427389,25.244013844197475,12.035137364213435,13.262287556901214,False,False,0.0
C/2016 J2 (Denneau),2016,1.519,130.35,1.0006,,345.0,85.0,False,43.329001936869815,0.24837540443327316,0.11326493930348482,0.13513194147548682,-179.3839801287722,4.009841656050207,65.06928953753973,-114.31469059123248,-300.0,298.0,0.699682;0.505992;0.504399,24.74018545426318,11.282097799610813,13.460226871201094,False,False,0.8434202898550185
C/2016 KA (Catalina),2016,5.4,104.63,0.999,,322.0,79.0,False,72.29477110762754,0.058092911646999264,0.0859417952036376,0.039793190277936076,2.7820157788270024,5.09932004886219,240.7455782189619,243.5275939977889,-310.0,309.0,-0.181359;0.470510;-0.863556,3.0699406348025864,4.5416248186478585,2.1028853324651253,False,True,
C/2016 K1 (LINEAR),2016,2.292,90.85,1.0003,,305.0,310.0,False,105.55618683969101,0.03671785776937679,0.08570704993227032,0.05092619755639358,-348.4504469955993,4.13632480030404,330.69575800085596,-17.754688994743315,-305.0,301.0,-0.782297;0.537926;-0.314082,2.9779325500914937,6.951108514246983,4.130273130532593,False,True,0.14222950819635488
C/2016 M1 (PANSTARRS),2016,2.21,90.99,0.9991,,2078.0,3553.0,False,70.17093126074239,0.23524028452463577,0.18676662533984614,0.07206112515692877,-409.22076803770983,2.8942591932521617,1033.4392043583177,624.2184363206079,-313.0,309.0,-0.024617;0.865572;0.500179,19.436863778825174,15.4316998149239,5.954091903325397,True,False,0.3749663137633146
C/2016 N4 (MASTER),2016,3.199,72.56,0.9994,,1658.0,2084.0,False,113.34260118197952,0.033693148834402706,0.07167996492728519,0.03818409514591211,46.70224339651443,3.720208155264274,196.79561449728342,243.49785789379786,-305.0,305.0,-0.582471;-0.189962;-0.790343,2.3129453013327743,4.92063947163582,2.621236854039696,True,True,
C/2016 N6 (PANSTARRS),2016,2.669,105.83,0.9987,,1342.0,3071.0,False,86.52459595165669,0.027038927530724732,0.06768989919020281,0.0935263278339286,452.2135390097171,2.7336016956499005,549.7197224889607,1001.9332614986778,-308.0,314.0,0.532837;-0.796590;-0.285532,2.0325304074790544,5.088285333319631,7.030423266836551,True,False,0.5597615499256231
C/2016 P4 (PANSTARRS),2016,5.892,29.93,0.9817,,296.0,45.0,False,103.41356507034358,0.04175328557056424,0.06948362906726172,0.055691364775040046,-358.7604408848333,5.398056616757809,3275.290078817486,2916.529637932653,-358.0,351.0,-0.734347;0.677819;0.035998,2.1219113424591365,3.531173621866749,2.8302476554443223,False,False,
C/2016 Q2 (PANSTARRS),2016,7.082,109.39,0.9999,,2786.0,662.0,False,60.81431969924458,0.06554470891685031,0.0016652125603129194,0.06625231750610541,26.980515357222743,6.557403517555297,133.1381862900205,160.11870164724326,-310.0,312.0,0.126373;0.319969;-0.938962,3.024298076048825,0.0768345641561315,3.0569478403157566,True,True,
C/2016 R2 (PANSTARRS),2016,2.602,58.22,0.9963,,1762.0,4319.0,True,104.64481702477622,0.07231640692283296,0.0830337760712726,0.05796827887047654,596.3502225212951,3.7005976153925157,1320.8110732416685,1917.1612957629636,-318.0,327.0,0.146944;-0.873493;-0.464130,5.508320148405832,6.324659108404876,4.415427315289316,True,False,0.3504994324631524
C/2016 T3 (PANSTARRS),2016,2.649,22.68,0.9814,,555.0,436.0,False,109.48178873781211,0.06182715969589994,0.10194166031605965,0.07888004926071446,744.7389147872545,3.380407800318876,6796.435312618212,7541.174227405467,-475.0,554.0,0.261798;-0.960254;0.096821,4.68451268940474,7.7239032761396205,5.976573944528009,True,False,0.5981621621621286
C/2016 U1 (NEOWISE),2016,0.319,46.43,1.0003,,83.0,366.0,False,15.026127522308416,0.047727209597236774,0.0561510361076937,0.05681794958733496,-646.4388111738062,4.607108501544447,-99.61150778678616,-746.0503189605924,-296.0,290.0,0.635794;0.741549;-0.214176,10.373606524700936,12.204542428753538,12.349497436226216,False,True,1.0
C/2016 VZ18 (PANSTARRS),2016,0.91,24.04,0.9953,,290.0,351.0,False,78.51615161881811,0.07121597945054847,0.08605530741103348,0.1564181347404539,1225.6118597343675,2.2988269810089488,5198.60586202605,6424.217721760418,-394.0,445.0,0.659531;-0.711950;-0.241135,9.175579771075414,11.08750232695527,20.15316062528441,False,False,0.5185517241375457
C/2016 X1 (Lemmon),2016,7.564,26.46,0.9963,,1213.0,289.0,False,99.82366082250083,0.06795376828761338,0.0770956137594475,0.010419860708804353,193.72802521180017,6.64194102142918,313.9473617843488,507.675386996149,-313.0,317.0,0.442691;-0.840647;0.311989,3.034997141405352,3.4432964244819533,0.46537886362996045,True,True,
C/2017 AB5 (PANSTARRS),2017,9.216,32.43,0.9999,,842.0,85.0,False,87.40262947417041,0.00420235766848315,0.05168760858833661,0.05124248750578127,108.97013579161805,8.61334393245785,76.57104110565498,185.54117689727303,-314.0,315.0,0.412131;-0.744616;-0.525066,0.16996556033427615,2.0905201434761223,2.0725170937165744,True,True,
C/2017 B3 (LINEAR),2017,3.921,54.18,1.0021,,2129.0,1591.0,False,95.5558134086131,0.12702430603500525,0.1394903730076804,0.19953646237528713,169.96126863093684,2.821013406882367,305.7496846038962,475.710953234833,-308.0,309.0,-0.275004;0.554341;0.785543,7.877367926531401,8.650446711260065,12.374183949136988,True,True,
C/2017 D2 (Barros),2017,2.486,31.27,0.9982,,594.0,433.0,False,97.51346186101782,0.051438225329863585,0.125576759908493,0.0865951236293009,-809.2387938700903,3.901976801875296,1404.3582326254714,595.1194387553811,-319.0,308.0,-0.611158;0.758910;0.224816,4.008457842094752,9.785896477027304,6.7481508192218245,True,False,0.23826599326564832
C/2017 D3 (ATLAS),2017,4.971,125.57,1.0024,,788.0,523.0,False,32.579815763171425,0.26153463971216045,0.11896197627222585,0.14822031599588004,-458.9534403918343,4.215509057105773,490.06871311393655,31.115272722102237,-312.0,305.0,0.916652;0.297660;0.266736,14.409022397246087,6.554106111579294,8.166068767265573,True,False,
C/2017 E1 (Borisov),2017,0.901,14.55,1.0026,,116.0,183.0,False,81.53716631355773,1.2414465136886383,1.3023958769941215,0.09773843586675518,-3998.237986080561,0.6285797534468336,953.4194822021233,-3044.8185038784377,-310.0,270.0,-0.449976;0.883518;-0.130068,160.5910821412271,168.47537204105052,12.643252052798275,False,True,0.3460344827597447
C/2017 E3 (PANSTARRS),2017,5.927,70.71,1.0127,,2380.0,632.0,False,37.75248615834858,0.5261499888719287,0.5588309303208452,0.07854291900120675,-783.9322179947334,3.284523401307451,54.35102423773092,-729.5811937570024,-309.0,298.0,0.774912;0.474616;0.417434,26.53319808215156,28.18126405443151,3.9608379205281596,True,True,
C/2017 E4 (Lovejoy),2017,0.494,88.19,0.999,,46.0,642.0,True,74.70761352548797,0.15363867093386893,0.14336146259156055,0.06902732913065394,-281.09607608766964,4.536426200138559,2614.8907554332773,2333.7946793456076,-333.0,329.0,0.012079;0.053922;-0.998472,26.843545800004538,25.047925523181846,12.060363837488941,False,True,0.9850000000012148
C/2017 E5 (Lemmon),2017,1.783,122.64,0.9956,,645.0,112.0,False,61.004730175796325,0.2711883349534778,0.10339392033407326,0.16839954734836668,-235.59983119122035,2.7031204464391245,3174.1467956565184,2938.546964465298,-347.0,341.0,0.348114;0.651748;0.673825,24.96739290118892,9.519128590165517,15.503976834956106,False,False,0.4556434108529153
C/2017 F1 (Lemmon),2017,4.5,146.48,1.0041,,407.0,89.0,False,104.76079988091543,0.11563982270727384,0.18704713778495105,0.07357843847080138,-299.18371668085774,1.9539459521554126,41.70224892288371,-257.48146775797403,-305.0,302.0,0.125124;-0.858464;-0.497377,6.6924333527111095,10.824995007212317,4.258211264374585,True,True,
C/2017 F2 (PANSTARRS),2017,6.928,42.51,1.0052,,705.0,73.0,False,33.38566464928111,0.07696232186238117,0.04127681024973623,0.038010528153971455,-331.8856989828348,4.53311243595218,24.707596064347882,-307.1781029184869,-309.0,306.0,0.877500;0.034029;-0.478369,3.589676619832303,1.9252329855598798,1.772887055899528,True,True,
C/2017 G3 (PANSTARRS),2017,2.59,159.05,0.9911,,343.0,155.0,False,9.488801479987362,0.2735842712913966,0.1445469084206119,0.12935783447382762,23.351658234474144,3.1927456867121418,3725.0868317023364,3748.4384899368106,-360.0,360.0,0.834619;0.431489;-0.342387,20.91962102300047,11.052779203760638,9.891346680037007,True,False,0.023411078716603816
C/2017 K1 (PANSTARRS),2017,7.286,154.01,1.0021,,1364.0,138.0,False,13.688632888786904,0.04871135134639272,0.08179766396124373,0.03951638951180863,23.01424147467305,3.662380262772026,59.27594202321486,82.29018349788791,-310.0,310.0,0.743746;0.667742;-0.031027,2.215618636493502,3.7205378969143617,1.79738904032239,True,True,
C/2017 K2 (PANSTARRS),2017,1.797,87.55,1.0006,,4727.0,3121.0,True,84.07442801221575,0.17737554901717625,0.1022541786441553,0.23338881525750016,1092.0318343044278,1.8772238730778081,64.23519999813324,1156.2670343025611,-300.0,316.0,-0.016662;0.556994;0.830349,16.2440667709942,9.364445746397557,21.373766111804628,True,True,0.7422741696636305
C/2017 K5 (PANSTARRS),2017,7.68,82.26,1.0042,,1139.0,116.0,False,66.15482706755513,0.05143398432227131,0.15585911750093243,0.10982258435490728,-257.23804202010314,2.6940841727944695,39.35213880591994,-217.8859032141832,-310.0,309.0,-0.193516;0.971055;-0.140015,2.278583210274255,6.904733766697703,4.865263699037682,True,True,
C/2017 K6 (Jacques),2017,2.003,57.25,0.9982,,626.0,475.0,False,147.0443770872007,0.035648467598715386,0.038378160982538184,0.07202420516949899,-73.96872862908424,3.873608696631572,999.7647567267687,925.7960280976845,-313.0,312.0,-0.496233;-0.516078;0.698152,3.093715980277675,3.33060964252012,6.25054734492168,True,False,0.35006389776378655
C/2017 M3 (PANSTARRS),2017,4.656,77.51,0.9732,,356.0,65.0,False,65.31334575226242,0.10594078234411702,0.05253230448156212,0.09585508403467047,162.91113584353297,4.808682188784925,5883.100647809325,6046.011783652858,-433.0,439.0,0.369910;-0.159740;-0.915232,6.068953085129531,3.0093801867231957,5.49118097021367,True,False,
C/2017 M4 (ATLAS),2017,3.252,105.66,1.0011,,1628.0,3296.0,True,34.344981740808244,0.4063784790235231,0.13610293273340904,0.2763878464280666,75.37612446094097,2.7697090260436212,70.84376036770298,146.21988482864396,-303.0,305.0,0.348136;0.914959;-0.204088,27.665782980862275,9.265732302333442,18.816169094880063,True,True,
C/2017 M5 (TOTAS),2017,5.99,15.88,1.0037,,1366.0,461.0,False,91.66997880242259,0.5851636218947771,0.531140167584949,0.05654719134315874,-808.4850414673541,1.5113043141246392,674.8174852469673,-133.66755622038679,-316.0,306.0,-0.612516;0.741176;-0.274741,29.38094380727398,26.668437397165476,2.8392227218992567,True,False,
C/2017 O1 (ASASSN),2017,1.499,39.85,0.9964,,601.0,2877.0,False,152.59551830302317,0.06562716803525526,0.0587021824722982,0.00770889468431625,88.48957093969466,3.775556497988102,2544.106931856528,2632.5965027962225,-334.0,336.0,-0.721383;-0.653964;-0.227897,6.586577701841651,5.891561341086219,0.7736922886309269,True,False,0.14607321131453785
C/2017 P2 (PANSTARRS),2017,2.462,50.08,0.998,,307.0,50.0,False,87.72469778031787,0.09765379517258936,0.08941510142629815,0.05194715394388179,-385.4722246581649,2.7730279831785563,1298.4049015004575,912.9326768422926,-317.0,313.0,-0.532163;0.626897;-0.569037,7.646364073317621,7.001268286089167,4.067500407184279,True,False,0.3731596091207032
C/2017 S3 (PANSTARRS),2017,0.208,99.04,1.0001,,351.0,986.0,False,106.74917908583136,0.17479805483912092,0.11319767950427195,0.11287985397367539,-248.72849549172957,3.943344272462134,-33.57938175846711,-282.30787725019667,-297.0,294.0,-0.215977;0.186946;0.958335,47.050764932570544,30.469660627344446,30.384110851956894,True,True,1.0
C/2017 S6 (Catalina),2017,1.543,152.83,1.0014,,337.0,247.0,False,128.3872855657507,0.1509874110255987,0.05404767765072396,0.16382840474061555,-659.8365844005851,2.7971684697479184,107.7957338807847,-552.0408505198004,-301.0,294.0,-0.938702;0.118310;-0.323792,14.922388885129346,5.341640463690565,16.19149006770738,True,True,1.0
C/2017 S7 (Lemmon),2017,7.614,124.22,1.0025,,1056.0,157.0,False,135.7741382952882,0.02684970371326383,0.06059213066029265,0.0707975274033552,0.9560461368865134,6.32804187495406,113.33039215231229,114.2864382891988,-312.0,311.0,-0.199629;-0.973626;0.110455,1.194783697818373,2.6962863613737156,3.1504158291918785,True,True,
C/2017 T1 (Heinze),2017,0.581,96.83,1.0003,,262.0,1005.0,True,80.92073211154215,0.12564449518790874,0.02386476822938342,0.14930058263949753,56.206488056854056,4.497899213930138,125.40969758961535,181.6161856464694,-299.0,300.0,-0.141339;0.092222;-0.985656,20.236053991475398,3.843612389556751,24.04605666752962,True,True,0.5599618320609265
C/2017 T2 (PANSTARRS),2017,1.615,57.23,0.9997,,1434.0,6929.0,True,60.065943966087545,0.08127466884610646,0.09428460969922534,0.12821309476472315,611.9102368470902,2.7122793899450306,50.30318959004816,662.2134264371384,-300.0,308.0,0.510819;-0.187840;-0.838916,7.851276724985181,9.108060016307315,12.385611667894409,True,True,0.6715132496514549
C/2017 T3 (ATLAS),2017,0.825,88.11,0.9994,,535.0,542.0,True,124.46235715295471,0.12978980317540556,0.07813077162383908,0.1535870065622939,-99.23094155674971,2.2711289295173924,1031.9649545021816,932.7340129454319,-310.0,310.0,-0.227666;-0.321555;0.919114,17.545614148928514,10.562096085601448,20.76263534962819,True,False,0.5815887850465549
C/2017 U2 (Fuls),2017,6.701,95.43,1.0,,416.0,59.0,False,106.46862380749879,0.1265619504011744,0.10796689501306585,0.07206035792744216,-70.44569299357545,6.2921780977294794,588.4695155565475,518.0238225629721,-316.0,315.0,-0.756707;0.382752;-0.529996,6.007924044581427,5.125212613362015,3.4207212806148903,True,False,
C/2017 U4 (PANSTARRS),2017,7.724,158.23,1.003,,1150.0,85.0,False,124.87686021858636,0.03487939700152007,0.07830593812232461,0.06560248837965466,-9.968597390951757,5.757245601144399,121.11995593669607,111.15135854574432,-311.0,312.0,-0.078294;-0.988089;-0.132480,1.5410330468451776,3.4596939392460504,2.8984332081176394,True,True,
C/2017 U7 (PANSTARRS),2017,6.418,142.64,1.0016,,1811.0,915.0,False,94.61608992314927,0.012968974706884807,0.0899666035008956,0.10206238673733561,-123.97471289569008,4.184330404395709,124.80222274219757,0.8275098465074912,-310.0,308.0,-0.529999;0.777660;0.338152,0.6285723721530923,4.360446577715492,4.946697637172218,True,True,
C/2017 Y1 (PANSTARRS),2017,3.719,55.24,0.999,,480.0,92.0,False,102.86611850530551,0.06944896680040967,0.03230762554503836,0.0950325309697113,481.26593547115584,3.3647558601064014,18.20681022427235,499.4727456954282,-304.0,309.0,0.103077;-0.803540;-0.586259,4.421020924513239,2.056656781755182,6.049633670346665,True,False,
C/2017 Y2 (PANSTARRS),2017,4.632,128.42,1.001,,1680.0,961.0,False,51.387816836468794,0.18754530471124345,0.08764390896913209,0.13687737089642285,91.27649222800855,4.587319006856237,36.10849367848466,127.38498590649321,-305.0,307.0,0.044065;0.907846;-0.416982,10.698000144448969,4.999402956290789,7.807788821353203,True,False,
