desig,theta,r_inj,shell,d_fit_vs_true_in,d_fit_vs_true_out,d_legfits,drot,ddirf
C/1990 M1 (McNaught-Hughes),6.41005263168239,8.0,8.0,110.69718,0.21573,0.25572,0.24671295706113153,0.10358360224310953
C/1990 M1 (McNaught-Hughes),6.41005263168239,8.0,12.0,110.68677,0.21573,0.25572,0.24671295706113153,0.10358360224310953
C/1990 M1 (McNaught-Hughes),6.41005263168239,8.0,16.0,110.68062,0.21573,0.25572,0.24671295706113153,0.10358360224310953
C/1990 M1 (McNaught-Hughes),6.41005263168239,8.0,20.0,110.6772,0.21573,0.25572,0.24671295706113153,0.10358360224310953
C/1990 M1 (McNaught-Hughes),6.41005263168239,8.0,25.0,110.67533,0.21576,0.25572,0.24671295706113153,0.10358360224310953
C/1990 M1 (McNaught-Hughes),6.41005263168239,8.0,30.0,110.67898,0.21625,0.10252,0.24671295706113153,0.10358360224310953
C/1990 M1 (McNaught-Hughes),6.41005263168239,8.0,35.0,110.67803,0.21625,0.10292,0.24671295706113153,0.10358360224310953
C/1990 M1 (McNaught-Hughes),6.41005263168239,8.0,40.0,110.67737,0.21625,0.10302,0.24671295706113153,0.10358360224310953
C/1990 M1 (McNaught-Hughes),6.41005263168239,8.0,50.0,110.67698,0.21625,0.10309,0.24671295706113153,0.10358360224310953
C/1990 M1 (McNaught-Hughes),6.41005263168239,8.0,60.0,110.67669,0.21625,0.10319,0.24671295706113153,0.10358360224310953
C/1990 M1 (McNaught-Hughes),6.41005263168239,8.0,80.0,110.67645,0.21625,0.10336,0.24671295706113153,0.10358360224310953
C/1990 M1 (McNaught-Hughes),6.41005263168239,8.0,100.0,110.67639,0.21625,0.10347,0.24671295706113153,0.10358360224310953
C/1990 M1 (McNaught-Hughes),6.41005263168239,8.0,150.0,110.6763,0.21625,0.10353,0.24671295706113153,0.10358360224310953
C/1990 M1 (McNaught-Hughes),6.41005263168239,8.0,200.0,110.67625,0.21625,0.10357,0.24671295706113153,0.10358360224310953
C/1990 M1 (McNaught-Hughes),6.41005263168239,8.0,250.0,110.67623,0.21625,0.10358,0.24671295706113153,0.10358360224310953
C/1990 M1 (McNaught-Hughes),6.41005263168239,25.0,8.0,,,,,
C/1990 M1 (McNaught-Hughes),6.41005263168239,25.0,12.0,,,,,
C/1990 M1 (McNaught-Hughes),6.41005263168239,25.0,16.0,,,,,
C/1990 M1 (McNaught-Hughes),6.41005263168239,25.0,20.0,,,,,
C/1990 M1 (McNaught-Hughes),6.41005263168239,25.0,25.0,,,,,
C/1990 M1 (McNaught-Hughes),6.41005263168239,25.0,30.0,,,,,
C/1990 M1 (McNaught-Hughes),6.41005263168239,25.0,35.0,,,,,
C/1990 M1 (McNaught-Hughes),6.41005263168239,25.0,40.0,,,,,
C/1990 M1 (McNaught-Hughes),6.41005263168239,25.0,50.0,,,,,
C/1990 M1 (McNaught-Hughes),6.41005263168239,25.0,60.0,,,,,
C/1990 M1 (McNaught-Hughes),6.41005263168239,25.0,80.0,,,,,
C/1990 M1 (McNaught-Hughes),6.41005263168239,25.0,100.0,,,,,
C/1990 M1 (McNaught-Hughes),6.41005263168239,25.0,150.0,,,,,
C/1990 M1 (McNaught-Hughes),6.41005263168239,25.0,200.0,,,,,
C/1990 M1 (McNaught-Hughes),6.41005263168239,25.0,250.0,,,,,
C/1990 M1 (McNaught-Hughes),6.41005263168239,50.0,8.0,,,,,
C/1990 M1 (McNaught-Hughes),6.41005263168239,50.0,12.0,,,,,
C/1990 M1 (McNaught-Hughes),6.41005263168239,50.0,16.0,,,,,
C/1990 M1 (McNaught-Hughes),6.41005263168239,50.0,20.0,,,,,
C/1990 M1 (McNaught-Hughes),6.41005263168239,50.0,25.0,,,,,
C/1990 M1 (McNaught-Hughes),6.41005263168239,50.0,30.0,,,,,
C/1990 M1 (McNaught-Hughes),6.41005263168239,50.0,35.0,,,,,
C/1990 M1 (McNaught-Hughes),6.41005263168239,50.0,40.0,,,,,
C/1990 M1 (McNaught-Hughes),6.41005263168239,50.0,50.0,,,,,
C/1990 M1 (McNaught-Hughes),6.41005263168239,50.0,60.0,,,,,
C/1990 M1 (McNaught-Hughes),6.41005263168239,50.0,80.0,,,,,
C/1990 M1 (McNaught-Hughes),6.41005263168239,50.0,100.0,,,,,
C/1990 M1 (McNaught-Hughes),6.41005263168239,50.0,150.0,,,,,
C/1990 M1 (McNaught-Hughes),6.41005263168239,50.0,200.0,,,,,
C/1990 M1 (McNaught-Hughes),6.41005263168239,50.0,250.0,,,,,
C/1990 M1 (McNaught-Hughes),6.41005263168239,100.0,8.0,0.59558,0.33157,0.53959,0.33922429844517493,0.8668098817383195
C/1990 M1 (McNaught-Hughes),6.41005263168239,100.0,12.0,0.60595,0.33157,0.53959,0.33922429844517493,0.8668098817383195
C/1990 M1 (McNaught-Hughes),6.41005263168239,100.0,16.0,0.61227,0.33157,0.53959,0.33922429844517493,0.8668098817383195
C/1990 M1 (McNaught-Hughes),6.41005263168239,100.0,20.0,0.944,0.33157,0.86965,0.33922429844517493,0.8668098817383195
C/1990 M1 (McNaught-Hughes),6.41005263168239,100.0,25.0,0.94432,0.33196,0.86876,0.33922429844517493,0.8668098817383195
C/1990 M1 (McNaught-Hughes),6.41005263168239,100.0,30.0,0.9437,0.33243,0.86769,0.33922429844517493,0.8668098817383195
C/1990 M1 (McNaught-Hughes),6.41005263168239,100.0,35.0,0.9439,0.3324,0.86724,0.33922429844517493,0.8668098817383195
C/1990 M1 (McNaught-Hughes),6.41005263168239,100.0,40.0,0.94436,0.3328,0.86755,0.33922429844517493,0.8668098817383195
C/1990 M1 (McNaught-Hughes),6.41005263168239,100.0,50.0,0.94425,0.33285,0.86723,0.33922429844517493,0.8668098817383195
C/1990 M1 (McNaught-Hughes),6.41005263168239,100.0,60.0,0.94434,0.33279,0.8671,0.33922429844517493,0.8668098817383195
C/1990 M1 (McNaught-Hughes),6.41005263168239,100.0,80.0,0.94435,0.33257,0.86682,0.33922429844517493,0.8668098817383195
C/1990 M1 (McNaught-Hughes),6.41005263168239,100.0,100.0,0.94433,0.00775,0.86689,0.33922429844517493,0.8668098817383195
C/1990 M1 (McNaught-Hughes),6.41005263168239,100.0,150.0,0.94433,0.00775,0.86682,0.33922429844517493,0.8668098817383195
C/1990 M1 (McNaught-Hughes),6.41005263168239,100.0,200.0,0.94433,0.00775,0.86681,0.33922429844517493,0.8668098817383195
C/1990 M1 (McNaught-Hughes),6.41005263168239,100.0,250.0,0.94432,0.00775,0.86681,0.33922429844517493,0.8668098817383195
C/1990 M1 (McNaught-Hughes),6.41005263168239,150.0,8.0,0.05696,0.40886,0.21249,0.33585268363199944,0.137089258591054
C/1990 M1 (McNaught-Hughes),6.41005263168239,150.0,12.0,0.05482,0.40886,0.21249,0.33585268363199944,0.137089258591054
C/1990 M1 (McNaught-Hughes),6.41005263168239,150.0,16.0,0.05611,0.40886,0.21249,0.33585268363199944,0.137089258591054
C/1990 M1 (McNaught-Hughes),6.41005263168239,150.0,20.0,0.33137,0.40886,0.13752,0.33585268363199944,0.137089258591054
C/1990 M1 (McNaught-Hughes),6.41005263168239,150.0,25.0,0.33164,0.40921,0.13646,0.33585268363199944,0.137089258591054
C/1990 M1 (McNaught-Hughes),6.41005263168239,150.0,30.0,0.33101,0.40963,0.13651,0.33585268363199944,0.137089258591054
C/1990 M1 (McNaught-Hughes),6.41005263168239,150.0,35.0,0.33122,0.40956,0.13658,0.33585268363199944,0.137089258591054
C/1990 M1 (McNaught-Hughes),6.41005263168239,150.0,40.0,0.3317,0.40995,0.13724,0.33585268363199944,0.137089258591054
C/1990 M1 (McNaught-Hughes),6.41005263168239,150.0,50.0,0.33157,0.40999,0.13713,0.33585268363199944,0.137089258591054
C/1990 M1 (McNaught-Hughes),6.41005263168239,150.0,60.0,0.33168,0.40993,0.13716,0.33585268363199944,0.137089258591054
C/1990 M1 (McNaught-Hughes),6.41005263168239,150.0,80.0,0.33169,0.40974,0.137,0.33585268363199944,0.137089258591054
C/1990 M1 (McNaught-Hughes),6.41005263168239,150.0,100.0,0.33167,0.40977,0.13707,0.33585268363199944,0.137089258591054
C/1990 M1 (McNaught-Hughes),6.41005263168239,150.0,150.0,0.33166,0.07584,0.13708,0.33585268363199944,0.137089258591054
C/1990 M1 (McNaught-Hughes),6.41005263168239,150.0,200.0,0.33166,0.07584,0.13708,0.33585268363199944,0.137089258591054
C/1990 M1 (McNaught-Hughes),6.41005263168239,150.0,250.0,0.33166,0.07584,0.13709,0.33585268363199944,0.137089258591054
C/1990 M1 (McNaught-Hughes),6.41005263168239,250.0,8.0,0.30761,0.42328,0.90029,0.33568747384202685,0.5698850765793336
C/1990 M1 (McNaught-Hughes),6.41005263168239,250.0,12.0,0.29746,0.42328,0.90029,0.33568747384202685,0.5698850765793336
C/1990 M1 (McNaught-Hughes),6.41005263168239,250.0,16.0,0.2918,0.42328,0.90029,0.33568747384202685,0.5698850765793336
C/1990 M1 (McNaught-Hughes),6.41005263168239,250.0,20.0,0.04754,0.42328,0.56856,0.33568747384202685,0.5698850765793336
C/1990 M1 (McNaught-Hughes),6.41005263168239,250.0,25.0,0.04777,0.42362,0.56912,0.33568747384202685,0.5698850765793336
C/1990 M1 (McNaught-Hughes),6.41005263168239,250.0,30.0,0.04717,0.42403,0.56993,0.33568747384202685,0.5698850765793336
C/1990 M1 (McNaught-Hughes),6.41005263168239,250.0,35.0,0.04741,0.42395,0.57,0.33568747384202685,0.5698850765793336
C/1990 M1 (McNaught-Hughes),6.41005263168239,250.0,40.0,0.04792,0.42433,0.56957,0.33568747384202685,0.5698850765793336
C/1990 M1 (McNaught-Hughes),6.41005263168239,250.0,50.0,0.04777,0.42437,0.56962,0.33568747384202685,0.5698850765793336
C/1990 M1 (McNaught-Hughes),6.41005263168239,250.0,60.0,0.04788,0.42431,0.56971,0.33568747384202685,0.5698850765793336
C/1990 M1 (McNaught-Hughes),6.41005263168239,250.0,80.0,0.0479,0.42412,0.56986,0.33568747384202685,0.5698850765793336
C/1990 M1 (McNaught-Hughes),6.41005263168239,250.0,100.0,0.04787,0.42414,0.56988,0.33568747384202685,0.5698850765793336
C/1990 M1 (McNaught-Hughes),6.41005263168239,250.0,150.0,0.04787,0.42418,0.56988,0.33568747384202685,0.5698850765793336
C/1990 M1 (McNaught-Hughes),6.41005263168239,250.0,200.0,0.04787,0.42419,0.56988,0.33568747384202685,0.5698850765793336
C/1990 M1 (McNaught-Hughes),6.41005263168239,250.0,250.0,0.04787,0.09203,0.56989,0.33568747384202685,0.5698850765793336
C/2017 G3 (PANSTARRS),9.488801479987362,8.0,8.0,105.66148,0.00345,0.27778,0.2508856777845205,0.5120056975738874
C/2017 G3 (PANSTARRS),9.488801479987362,8.0,12.0,105.65916,0.00345,0.27778,0.2508856777845205,0.5120056975738874
C/2017 G3 (PANSTARRS),9.488801479987362,8.0,16.0,105.65562,0.00345,0.27778,0.2508856777845205,0.5120056975738874
C/2017 G3 (PANSTARRS),9.488801479987362,8.0,20.0,105.653,0.00345,0.27778,0.2508856777845205,0.5120056975738874
C/2017 G3 (PANSTARRS),9.488801479987362,8.0,25.0,105.65416,0.00345,0.27778,0.2508856777845205,0.5120056975738874
C/2017 G3 (PANSTARRS),9.488801479987362,8.0,30.0,105.65663,0.00345,0.27778,0.2508856777845205,0.5120056975738874
C/2017 G3 (PANSTARRS),9.488801479987362,8.0,35.0,105.65682,0.00345,0.27778,0.2508856777845205,0.5120056975738874
C/2017 G3 (PANSTARRS),9.488801479987362,8.0,40.0,105.65699,0.00345,0.27778,0.2508856777845205,0.5120056975738874
C/2017 G3 (PANSTARRS),9.488801479987362,8.0,50.0,105.65701,0.00345,0.27778,0.2508856777845205,0.5120056975738874
C/2017 G3 (PANSTARRS),9.488801479987362,8.0,60.0,105.40686,0.00343,0.51178,0.2508856777845205,0.5120056975738874
C/2017 G3 (PANSTARRS),9.488801479987362,8.0,80.0,105.40671,0.00343,0.51183,0.2508856777845205,0.5120056975738874
C/2017 G3 (PANSTARRS),9.488801479987362,8.0,100.0,105.40666,0.00343,0.51194,0.2508856777845205,0.5120056975738874
C/2017 G3 (PANSTARRS),9.488801479987362,8.0,150.0,105.40667,0.00343,0.512,0.2508856777845205,0.5120056975738874
C/2017 G3 (PANSTARRS),9.488801479987362,8.0,200.0,105.40668,0.00343,0.51202,0.2508856777845205,0.5120056975738874
C/2017 G3 (PANSTARRS),9.488801479987362,8.0,250.0,105.4067,0.00343,0.51201,0.2508856777845205,0.5120056975738874
C/2017 G3 (PANSTARRS),9.488801479987362,25.0,8.0,,,,,
C/2017 G3 (PANSTARRS),9.488801479987362,25.0,12.0,,,,,
C/2017 G3 (PANSTARRS),9.488801479987362,25.0,16.0,,,,,
C/2017 G3 (PANSTARRS),9.488801479987362,25.0,20.0,,,,,
C/2017 G3 (PANSTARRS),9.488801479987362,25.0,25.0,,,,,
C/2017 G3 (PANSTARRS),9.488801479987362,25.0,30.0,,,,,
C/2017 G3 (PANSTARRS),9.488801479987362,25.0,35.0,,,,,
C/2017 G3 (PANSTARRS),9.488801479987362,25.0,40.0,,,,,
C/2017 G3 (PANSTARRS),9.488801479987362,25.0,50.0,,,,,
C/2017 G3 (PANSTARRS),9.488801479987362,25.0,60.0,,,,,
C/2017 G3 (PANSTARRS),9.488801479987362,25.0,80.0,,,,,
C/2017 G3 (PANSTARRS),9.488801479987362,25.0,100.0,,,,,
C/2017 G3 (PANSTARRS),9.488801479987362,25.0,150.0,,,,,
C/2017 G3 (PANSTARRS),9.488801479987362,25.0,200.0,,,,,
C/2017 G3 (PANSTARRS),9.488801479987362,25.0,250.0,,,,,
C/2017 G3 (PANSTARRS),9.488801479987362,50.0,8.0,,,,,
C/2017 G3 (PANSTARRS),9.488801479987362,50.0,12.0,,,,,
C/2017 G3 (PANSTARRS),9.488801479987362,50.0,16.0,,,,,
C/2017 G3 (PANSTARRS),9.488801479987362,50.0,20.0,,,,,
C/2017 G3 (PANSTARRS),9.488801479987362,50.0,25.0,,,,,
C/2017 G3 (PANSTARRS),9.488801479987362,50.0,30.0,,,,,
C/2017 G3 (PANSTARRS),9.488801479987362,50.0,35.0,,,,,
C/2017 G3 (PANSTARRS),9.488801479987362,50.0,40.0,,,,,
C/2017 G3 (PANSTARRS),9.488801479987362,50.0,50.0,,,,,
C/2017 G3 (PANSTARRS),9.488801479987362,50.0,60.0,,,,,
C/2017 G3 (PANSTARRS),9.488801479987362,50.0,80.0,,,,,
C/2017 G3 (PANSTARRS),9.488801479987362,50.0,100.0,,,,,
C/2017 G3 (PANSTARRS),9.488801479987362,50.0,150.0,,,,,
C/2017 G3 (PANSTARRS),9.488801479987362,50.0,200.0,,,,,
C/2017 G3 (PANSTARRS),9.488801479987362,50.0,250.0,,,,,
C/2017 G3 (PANSTARRS),9.488801479987362,100.0,8.0,1.81074,0.26469,0.11822,0.3442765330212585,0.2745013439119382
C/2017 G3 (PANSTARRS),9.488801479987362,100.0,12.0,1.81307,0.26469,0.11822,0.3442765330212585,0.2745013439119382
C/2017 G3 (PANSTARRS),9.488801479987362,100.0,16.0,1.81668,0.26469,0.11822,0.3442765330212585,0.2745013439119382
C/2017 G3 (PANSTARRS),9.488801479987362,100.0,20.0,1.8199,0.26469,0.11822,0.3442765330212585,0.2745013439119382
C/2017 G3 (PANSTARRS),9.488801479987362,100.0,25.0,1.81908,0.26469,0.11822,0.3442765330212585,0.2745013439119382
C/2017 G3 (PANSTARRS),9.488801479987362,100.0,30.0,1.81682,0.26469,0.11822,0.3442765330212585,0.2745013439119382
C/2017 G3 (PANSTARRS),9.488801479987362,100.0,35.0,2.09316,0.26466,0.27552,0.3442765330212585,0.2745013439119382
C/2017 G3 (PANSTARRS),9.488801479987362,100.0,40.0,2.09254,0.26437,0.27518,0.3442765330212585,0.2745013439119382
C/2017 G3 (PANSTARRS),9.488801479987362,100.0,50.0,2.09227,0.26385,0.27462,0.3442765330212585,0.2745013439119382
C/2017 G3 (PANSTARRS),9.488801479987362,100.0,60.0,2.09246,0.26335,0.27427,0.3442765330212585,0.2745013439119382
C/2017 G3 (PANSTARRS),9.488801479987362,100.0,80.0,2.09255,0.2633,0.27432,0.3442765330212585,0.2745013439119382
C/2017 G3 (PANSTARRS),9.488801479987362,100.0,100.0,2.09265,0.12071,0.27448,0.3442765330212585,0.2745013439119382
C/2017 G3 (PANSTARRS),9.488801479987362,100.0,150.0,2.09262,0.12071,0.2745,0.3442765330212585,0.2745013439119382
C/2017 G3 (PANSTARRS),9.488801479987362,100.0,200.0,2.0926,0.12071,0.27449,0.3442765330212585,0.2745013439119382
C/2017 G3 (PANSTARRS),9.488801479987362,100.0,250.0,2.0926,0.12071,0.2745,0.3442765330212585,0.2745013439119382
C/2017 G3 (PANSTARRS),9.488801479987362,150.0,8.0,0.52366,0.39007,0.14446,0.354862936589651,0.43944821572169274
C/2017 G3 (PANSTARRS),9.488801479987362,150.0,12.0,0.52586,0.39007,0.14446,0.354862936589651,0.43944821572169274
C/2017 G3 (PANSTARRS),9.488801479987362,150.0,16.0,0.52945,0.39007,0.14446,0.354862936589651,0.43944821572169274
C/2017 G3 (PANSTARRS),9.488801479987362,150.0,20.0,0.53408,0.39007,0.14446,0.354862936589651,0.43944821572169274
C/2017 G3 (PANSTARRS),9.488801479987362,150.0,25.0,0.53417,0.39007,0.14446,0.354862936589651,0.43944821572169274
C/2017 G3 (PANSTARRS),9.488801479987362,150.0,30.0,0.53256,0.39007,0.14446,0.354862936589651,0.43944821572169274
C/2017 G3 (PANSTARRS),9.488801479987362,150.0,35.0,0.76984,0.39007,0.4404,0.354862936589651,0.43944821572169274
C/2017 G3 (PANSTARRS),9.488801479987362,150.0,40.0,0.76923,0.38987,0.4401,0.354862936589651,0.43944821572169274
C/2017 G3 (PANSTARRS),9.488801479987362,150.0,50.0,0.76902,0.38945,0.4396,0.354862936589651,0.43944821572169274
C/2017 G3 (PANSTARRS),9.488801479987362,150.0,60.0,0.76915,0.38907,0.4393,0.354862936589651,0.43944821572169274
C/2017 G3 (PANSTARRS),9.488801479987362,150.0,80.0,0.76925,0.38907,0.43925,0.354862936589651,0.43944821572169274
C/2017 G3 (PANSTARRS),9.488801479987362,150.0,100.0,0.76934,0.38917,0.43944,0.354862936589651,0.43944821572169274
C/2017 G3 (PANSTARRS),9.488801479987362,150.0,150.0,0.7693,0.0459,0.43944,0.354862936589651,0.43944821572169274
C/2017 G3 (PANSTARRS),9.488801479987362,150.0,200.0,0.76929,0.0459,0.43945,0.354862936589651,0.43944821572169274
C/2017 G3 (PANSTARRS),9.488801479987362,150.0,250.0,0.76928,0.0459,0.43945,0.354862936589651,0.43944821572169274
C/2017 G3 (PANSTARRS),9.488801479987362,250.0,8.0,0.07282,0.29757,0.11837,0.27353121404031094,0.2889258134421739
C/2017 G3 (PANSTARRS),9.488801479987362,250.0,12.0,0.07294,0.29757,0.11837,0.27353121404031094,0.2889258134421739
C/2017 G3 (PANSTARRS),9.488801479987362,250.0,16.0,0.07395,0.29757,0.11837,0.27353121404031094,0.2889258134421739
C/2017 G3 (PANSTARRS),9.488801479987362,250.0,20.0,0.07999,0.29757,0.11837,0.27353121404031094,0.2889258134421739
C/2017 G3 (PANSTARRS),9.488801479987362,250.0,25.0,0.08286,0.29757,0.11837,0.27353121404031094,0.2889258134421739
C/2017 G3 (PANSTARRS),9.488801479987362,250.0,30.0,0.08439,0.29757,0.29024,0.27353121404031094,0.2889258134421739
C/2017 G3 (PANSTARRS),9.488801479987362,250.0,35.0,0.26557,0.29764,0.29003,0.27353121404031094,0.2889258134421739
C/2017 G3 (PANSTARRS),9.488801479987362,250.0,40.0,0.26485,0.29746,0.28954,0.27353121404031094,0.2889258134421739
C/2017 G3 (PANSTARRS),9.488801479987362,250.0,50.0,0.26468,0.29714,0.28907,0.27353121404031094,0.2889258134421739
C/2017 G3 (PANSTARRS),9.488801479987362,250.0,60.0,0.26474,0.29681,0.28868,0.27353121404031094,0.2889258134421739
C/2017 G3 (PANSTARRS),9.488801479987362,250.0,80.0,0.26488,0.29696,0.28872,0.27353121404031094,0.2889258134421739
C/2017 G3 (PANSTARRS),9.488801479987362,250.0,100.0,0.26494,0.29707,0.28892,0.27353121404031094,0.2889258134421739
C/2017 G3 (PANSTARRS),9.488801479987362,250.0,150.0,0.26491,0.29704,0.28892,0.27353121404031094,0.2889258134421739
C/2017 G3 (PANSTARRS),9.488801479987362,250.0,200.0,0.2649,0.29704,0.28893,0.27353121404031094,0.2889258134421739
C/2017 G3 (PANSTARRS),9.488801479987362,250.0,250.0,0.2649,0.02594,0.28893,0.27353121404031094,0.2889258134421739
C/2013 H1 (La Sagra),11.768917359721303,8.0,8.0,,,,,
C/2013 H1 (La Sagra),11.768917359721303,8.0,12.0,,,,,
C/2013 H1 (La Sagra),11.768917359721303,8.0,16.0,,,,,
C/2013 H1 (La Sagra),11.768917359721303,8.0,20.0,,,,,
C/2013 H1 (La Sagra),11.768917359721303,8.0,25.0,,,,,
C/2013 H1 (La Sagra),11.768917359721303,8.0,30.0,,,,,
C/2013 H1 (La Sagra),11.768917359721303,8.0,35.0,,,,,
C/2013 H1 (La Sagra),11.768917359721303,8.0,40.0,,,,,
C/2013 H1 (La Sagra),11.768917359721303,8.0,50.0,,,,,
C/2013 H1 (La Sagra),11.768917359721303,8.0,60.0,,,,,
C/2013 H1 (La Sagra),11.768917359721303,8.0,80.0,,,,,
C/2013 H1 (La Sagra),11.768917359721303,8.0,100.0,,,,,
C/2013 H1 (La Sagra),11.768917359721303,8.0,150.0,,,,,
C/2013 H1 (La Sagra),11.768917359721303,8.0,200.0,,,,,
C/2013 H1 (La Sagra),11.768917359721303,8.0,250.0,,,,,
C/2013 H1 (La Sagra),11.768917359721303,25.0,8.0,,,,,
C/2013 H1 (La Sagra),11.768917359721303,25.0,12.0,,,,,
C/2013 H1 (La Sagra),11.768917359721303,25.0,16.0,,,,,
C/2013 H1 (La Sagra),11.768917359721303,25.0,20.0,,,,,
C/2013 H1 (La Sagra),11.768917359721303,25.0,25.0,,,,,
C/2013 H1 (La Sagra),11.768917359721303,25.0,30.0,,,,,
C/2013 H1 (La Sagra),11.768917359721303,25.0,35.0,,,,,
C/2013 H1 (La Sagra),11.768917359721303,25.0,40.0,,,,,
C/2013 H1 (La Sagra),11.768917359721303,25.0,50.0,,,,,
C/2013 H1 (La Sagra),11.768917359721303,25.0,60.0,,,,,
C/2013 H1 (La Sagra),11.768917359721303,25.0,80.0,,,,,
C/2013 H1 (La Sagra),11.768917359721303,25.0,100.0,,,,,
C/2013 H1 (La Sagra),11.768917359721303,25.0,150.0,,,,,
C/2013 H1 (La Sagra),11.768917359721303,25.0,200.0,,,,,
C/2013 H1 (La Sagra),11.768917359721303,25.0,250.0,,,,,
C/2013 H1 (La Sagra),11.768917359721303,50.0,8.0,,,,,
C/2013 H1 (La Sagra),11.768917359721303,50.0,12.0,,,,,
C/2013 H1 (La Sagra),11.768917359721303,50.0,16.0,,,,,
C/2013 H1 (La Sagra),11.768917359721303,50.0,20.0,,,,,
C/2013 H1 (La Sagra),11.768917359721303,50.0,25.0,,,,,
C/2013 H1 (La Sagra),11.768917359721303,50.0,30.0,,,,,
C/2013 H1 (La Sagra),11.768917359721303,50.0,35.0,,,,,
C/2013 H1 (La Sagra),11.768917359721303,50.0,40.0,,,,,
C/2013 H1 (La Sagra),11.768917359721303,50.0,50.0,,,,,
C/2013 H1 (La Sagra),11.768917359721303,50.0,60.0,,,,,
C/2013 H1 (La Sagra),11.768917359721303,50.0,80.0,,,,,
C/2013 H1 (La Sagra),11.768917359721303,50.0,100.0,,,,,
C/2013 H1 (La Sagra),11.768917359721303,50.0,150.0,,,,,
C/2013 H1 (La Sagra),11.768917359721303,50.0,200.0,,,,,
C/2013 H1 (La Sagra),11.768917359721303,50.0,250.0,,,,,
C/2013 H1 (La Sagra),11.768917359721303,100.0,8.0,0.27236,0.11273,0.07809,0.09423335206915147,0.10783068727328343
C/2013 H1 (La Sagra),11.768917359721303,100.0,12.0,0.34757,0.11273,0.09413,0.09423335206915147,0.10783068727328343
C/2013 H1 (La Sagra),11.768917359721303,100.0,16.0,0.35678,0.11022,0.10335,0.09423335206915147,0.10783068727328343
C/2013 H1 (La Sagra),11.768917359721303,100.0,20.0,0.35705,0.1072,0.1044,0.09423335206915147,0.10783068727328343
C/2013 H1 (La Sagra),11.768917359721303,100.0,25.0,0.35357,0.1057,0.10249,0.09423335206915147,0.10783068727328343
C/2013 H1 (La Sagra),11.768917359721303,100.0,30.0,0.35422,0.10719,0.10453,0.09423335206915147,0.10783068727328343
C/2013 H1 (La Sagra),11.768917359721303,100.0,35.0,0.35438,0.10818,0.10657,0.09423335206915147,0.10783068727328343
C/2013 H1 (La Sagra),11.768917359721303,100.0,40.0,0.35462,0.10845,0.1075,0.09423335206915147,0.10783068727328343
C/2013 H1 (La Sagra),11.768917359721303,100.0,50.0,0.35423,0.10868,0.10806,0.09423335206915147,0.10783068727328343
C/2013 H1 (La Sagra),11.768917359721303,100.0,60.0,0.3543,0.10836,0.10792,0.09423335206915147,0.10783068727328343
C/2013 H1 (La Sagra),11.768917359721303,100.0,80.0,0.35428,0.10817,0.10771,0.09423335206915147,0.10783068727328343
C/2013 H1 (La Sagra),11.768917359721303,100.0,100.0,0.35426,0.01496,0.1077,0.09423335206915147,0.10783068727328343
C/2013 H1 (La Sagra),11.768917359721303,100.0,150.0,0.35428,0.01496,0.10779,0.09423335206915147,0.10783068727328343
C/2013 H1 (La Sagra),11.768917359721303,100.0,200.0,0.35428,0.01496,0.10783,0.09423335206915147,0.10783068727328343
C/2013 H1 (La Sagra),11.768917359721303,100.0,250.0,0.35428,0.01496,0.10783,0.09423335206915147,0.10783068727328343
C/2013 H1 (La Sagra),11.768917359721303,150.0,8.0,0.13908,0.10788,0.04455,0.0890159555857046,0.024243940771528718
C/2013 H1 (La Sagra),11.768917359721303,150.0,12.0,0.14476,0.10788,0.03009,0.0890159555857046,0.024243940771528718
C/2013 H1 (La Sagra),11.768917359721303,150.0,16.0,0.15304,0.10532,0.02232,0.0890159555857046,0.024243940771528718
C/2013 H1 (La Sagra),11.768917359721303,150.0,20.0,0.15317,0.10219,0.02199,0.0890159555857046,0.024243940771528718
C/2013 H1 (La Sagra),11.768917359721303,150.0,25.0,0.14975,0.10066,0.02435,0.0890159555857046,0.024243940771528718
C/2013 H1 (La Sagra),11.768917359721303,150.0,30.0,0.15037,0.10217,0.02334,0.0890159555857046,0.024243940771528718
C/2013 H1 (La Sagra),11.768917359721303,150.0,35.0,0.15052,0.10316,0.02286,0.0890159555857046,0.024243940771528718
C/2013 H1 (La Sagra),11.768917359721303,150.0,40.0,0.1507,0.10343,0.02315,0.0890159555857046,0.024243940771528718
C/2013 H1 (La Sagra),11.768917359721303,150.0,50.0,0.15035,0.10365,0.0237,0.0890159555857046,0.024243940771528718
C/2013 H1 (La Sagra),11.768917359721303,150.0,60.0,0.15044,0.10332,0.02406,0.0890159555857046,0.024243940771528718
C/2013 H1 (La Sagra),11.768917359721303,150.0,80.0,0.1504,0.10315,0.02432,0.0890159555857046,0.024243940771528718
C/2013 H1 (La Sagra),11.768917359721303,150.0,100.0,0.15039,0.10321,0.02432,0.0890159555857046,0.024243940771528718
C/2013 H1 (La Sagra),11.768917359721303,150.0,150.0,0.1504,0.01539,0.02426,0.0890159555857046,0.024243940771528718
C/2013 H1 (La Sagra),11.768917359721303,150.0,200.0,0.15041,0.01539,0.02425,0.0890159555857046,0.024243940771528718
C/2013 H1 (La Sagra),11.768917359721303,150.0,250.0,0.15041,0.01539,0.02424,0.0890159555857046,0.024243940771528718
C/2013 H1 (La Sagra),11.768917359721303,250.0,8.0,0.06268,0.07369,0.11292,0.06994042360680836,0.13700698467127598
C/2013 H1 (La Sagra),11.768917359721303,250.0,12.0,0.06018,0.07264,0.12305,0.06994042360680836,0.13700698467127598
C/2013 H1 (La Sagra),11.768917359721303,250.0,16.0,0.06705,0.06946,0.12922,0.06994042360680836,0.13700698467127598
C/2013 H1 (La Sagra),11.768917359721303,250.0,20.0,0.06882,0.06667,0.13193,0.06994042360680836,0.13700698467127598
C/2013 H1 (La Sagra),11.768917359721303,250.0,25.0,0.06684,0.06694,0.13272,0.06994042360680836,0.13700698467127598
C/2013 H1 (La Sagra),11.768917359721303,250.0,30.0,0.06708,0.06833,0.13421,0.06994042360680836,0.13700698467127598
C/2013 H1 (La Sagra),11.768917359721303,250.0,35.0,0.06726,0.06989,0.13603,0.06994042360680836,0.13700698467127598
C/2013 H1 (La Sagra),11.768917359721303,250.0,40.0,0.06756,0.07021,0.13682,0.06994042360680836,0.13700698467127598
C/2013 H1 (La Sagra),11.768917359721303,250.0,50.0,0.0672,0.07072,0.13728,0.06994042360680836,0.13700698467127598
C/2013 H1 (La Sagra),11.768917359721303,250.0,60.0,0.06728,0.07048,0.13711,0.06994042360680836,0.13700698467127598
C/2013 H1 (La Sagra),11.768917359721303,250.0,80.0,0.06724,0.07036,0.13689,0.06994042360680836,0.13700698467127598
C/2013 H1 (La Sagra),11.768917359721303,250.0,100.0,0.06724,0.07042,0.13688,0.06994042360680836,0.13700698467127598
C/2013 H1 (La Sagra),11.768917359721303,250.0,150.0,0.06724,0.07046,0.13697,0.06994042360680836,0.13700698467127598
C/2013 H1 (La Sagra),11.768917359721303,250.0,200.0,0.06725,0.07048,0.137,0.06994042360680836,0.13700698467127598
C/2013 H1 (La Sagra),11.768917359721303,250.0,250.0,0.06724,0.00434,0.13701,0.06994042360680836,0.13700698467127598
C/2001 Q4 (NEAT),12.326282517429025,8.0,8.0,127.81488,0.06662,105.69488,0.10700920608845801,
C/2001 Q4 (NEAT),12.326282517429025,8.0,12.0,127.80291,0.06662,105.69488,0.10700920608845801,
C/2001 Q4 (NEAT),12.326282517429025,8.0,16.0,127.7936,0.06662,105.69488,0.10700920608845801,
C/2001 Q4 (NEAT),12.326282517429025,8.0,20.0,127.79127,0.06662,105.69488,0.10700920608845801,
C/2001 Q4 (NEAT),12.326282517429025,8.0,25.0,127.79051,0.06662,105.69488,0.10700920608845801,
C/2001 Q4 (NEAT),12.326282517429025,8.0,30.0,127.7901,0.06662,105.69488,0.10700920608845801,
C/2001 Q4 (NEAT),12.326282517429025,8.0,35.0,127.78971,0.06662,105.69488,0.10700920608845801,
C/2001 Q4 (NEAT),12.326282517429025,8.0,40.0,127.78956,0.06662,105.69488,0.10700920608845801,
C/2001 Q4 (NEAT),12.326282517429025,8.0,50.0,127.68429,0.06663,105.69488,0.10700920608845801,
C/2001 Q4 (NEAT),12.326282517429025,8.0,60.0,127.68414,0.06663,105.69496,0.10700920608845801,
C/2001 Q4 (NEAT),12.326282517429025,8.0,80.0,127.68404,0.06663,105.69514,0.10700920608845801,
C/2001 Q4 (NEAT),12.326282517429025,8.0,100.0,127.684,0.06663,105.69516,0.10700920608845801,
C/2001 Q4 (NEAT),12.326282517429025,8.0,150.0,127.68397,0.06663,105.69517,0.10700920608845801,
C/2001 Q4 (NEAT),12.326282517429025,8.0,200.0,127.68397,0.06663,105.69516,0.10700920608845801,
C/2001 Q4 (NEAT),12.326282517429025,8.0,250.0,127.68397,0.06663,105.69514,0.10700920608845801,
C/2001 Q4 (NEAT),12.326282517429025,25.0,8.0,,,,,
C/2001 Q4 (NEAT),12.326282517429025,25.0,12.0,,,,,
C/2001 Q4 (NEAT),12.326282517429025,25.0,16.0,,,,,
C/2001 Q4 (NEAT),12.326282517429025,25.0,20.0,,,,,
C/2001 Q4 (NEAT),12.326282517429025,25.0,25.0,,,,,
C/2001 Q4 (NEAT),12.326282517429025,25.0,30.0,,,,,
C/2001 Q4 (NEAT),12.326282517429025,25.0,35.0,,,,,
C/2001 Q4 (NEAT),12.326282517429025,25.0,40.0,,,,,
C/2001 Q4 (NEAT),12.326282517429025,25.0,50.0,,,,,
C/2001 Q4 (NEAT),12.326282517429025,25.0,60.0,,,,,
C/2001 Q4 (NEAT),12.326282517429025,25.0,80.0,,,,,
C/2001 Q4 (NEAT),12.326282517429025,25.0,100.0,,,,,
C/2001 Q4 (NEAT),12.326282517429025,25.0,150.0,,,,,
C/2001 Q4 (NEAT),12.326282517429025,25.0,200.0,,,,,
C/2001 Q4 (NEAT),12.326282517429025,25.0,250.0,,,,,
C/2001 Q4 (NEAT),12.326282517429025,50.0,8.0,,,,,
C/2001 Q4 (NEAT),12.326282517429025,50.0,12.0,,,,,
C/2001 Q4 (NEAT),12.326282517429025,50.0,16.0,,,,,
C/2001 Q4 (NEAT),12.326282517429025,50.0,20.0,,,,,
C/2001 Q4 (NEAT),12.326282517429025,50.0,25.0,,,,,
C/2001 Q4 (NEAT),12.326282517429025,50.0,30.0,,,,,
C/2001 Q4 (NEAT),12.326282517429025,50.0,35.0,,,,,
C/2001 Q4 (NEAT),12.326282517429025,50.0,40.0,,,,,
C/2001 Q4 (NEAT),12.326282517429025,50.0,50.0,,,,,
C/2001 Q4 (NEAT),12.326282517429025,50.0,60.0,,,,,
C/2001 Q4 (NEAT),12.326282517429025,50.0,80.0,,,,,
C/2001 Q4 (NEAT),12.326282517429025,50.0,100.0,,,,,
C/2001 Q4 (NEAT),12.326282517429025,50.0,150.0,,,,,
C/2001 Q4 (NEAT),12.326282517429025,50.0,200.0,,,,,
C/2001 Q4 (NEAT),12.326282517429025,50.0,250.0,,,,,
C/2001 Q4 (NEAT),12.326282517429025,100.0,8.0,0.74696,0.12338,0.00871,0.11744345583118461,0.12642107058597898
C/2001 Q4 (NEAT),12.326282517429025,100.0,12.0,0.7586,0.12338,0.00871,0.11744345583118461,0.12642107058597898
C/2001 Q4 (NEAT),12.326282517429025,100.0,16.0,0.76784,0.12338,0.00871,0.11744345583118461,0.12642107058597898
C/2001 Q4 (NEAT),12.326282517429025,100.0,20.0,0.77019,0.12338,0.00871,0.11744345583118461,0.12642107058597898
C/2001 Q4 (NEAT),12.326282517429025,100.0,25.0,0.77094,0.12338,0.00871,0.11744345583118461,0.12642107058597898
C/2001 Q4 (NEAT),12.326282517429025,100.0,30.0,0.88721,0.12338,0.129,0.11744345583118461,0.12642107058597898
C/2001 Q4 (NEAT),12.326282517429025,100.0,35.0,0.88737,0.12304,0.12858,0.11744345583118461,0.12642107058597898
C/2001 Q4 (NEAT),12.326282517429025,100.0,40.0,0.88731,0.12271,0.12787,0.11744345583118461,0.12642107058597898
C/2001 Q4 (NEAT),12.326282517429025,100.0,50.0,0.88732,0.12226,0.12728,0.11744345583118461,0.12642107058597898
C/2001 Q4 (NEAT),12.326282517429025,100.0,60.0,0.88735,0.12187,0.12681,0.11744345583118461,0.12642107058597898
C/2001 Q4 (NEAT),12.326282517429025,100.0,80.0,0.88735,0.12163,0.12652,0.11744345583118461,0.12642107058597898
C/2001 Q4 (NEAT),12.326282517429025,100.0,100.0,0.88736,0.00472,0.12653,0.11744345583118461,0.12642107058597898
C/2001 Q4 (NEAT),12.326282517429025,100.0,150.0,0.88735,0.00472,0.12644,0.11744345583118461,0.12642107058597898
C/2001 Q4 (NEAT),12.326282517429025,100.0,200.0,0.88735,0.00472,0.12643,0.11744345583118461,0.12642107058597898
C/2001 Q4 (NEAT),12.326282517429025,100.0,250.0,0.88735,0.00472,0.12642,0.11744345583118461,0.12642107058597898
C/2001 Q4 (NEAT),12.326282517429025,150.0,8.0,0.23587,0.11927,0.00137,0.1142086125091047,0.114242155785166
C/2001 Q4 (NEAT),12.326282517429025,150.0,12.0,0.24552,0.11927,0.00137,0.1142086125091047,0.114242155785166
C/2001 Q4 (NEAT),12.326282517429025,150.0,16.0,0.25418,0.11927,0.00137,0.1142086125091047,0.114242155785166
C/2001 Q4 (NEAT),12.326282517429025,150.0,20.0,0.25661,0.11927,0.00137,0.1142086125091047,0.114242155785166
C/2001 Q4 (NEAT),12.326282517429025,150.0,25.0,0.25734,0.11927,0.00137,0.1142086125091047,0.114242155785166
C/2001 Q4 (NEAT),12.326282517429025,150.0,30.0,0.36757,0.11927,0.11682,0.1142086125091047,0.114242155785166
C/2001 Q4 (NEAT),12.326282517429025,150.0,35.0,0.3677,0.11903,0.1164,0.1142086125091047,0.114242155785166
C/2001 Q4 (NEAT),12.326282517429025,150.0,40.0,0.36764,0.11862,0.1158,0.1142086125091047,0.114242155785166
C/2001 Q4 (NEAT),12.326282517429025,150.0,50.0,0.36765,0.11817,0.11516,0.1142086125091047,0.114242155785166
C/2001 Q4 (NEAT),12.326282517429025,150.0,60.0,0.36767,0.11782,0.1147,0.1142086125091047,0.114242155785166
C/2001 Q4 (NEAT),12.326282517429025,150.0,80.0,0.36766,0.11753,0.11436,0.1142086125091047,0.114242155785166
C/2001 Q4 (NEAT),12.326282517429025,150.0,100.0,0.36767,0.11753,0.11436,0.1142086125091047,0.114242155785166
C/2001 Q4 (NEAT),12.326282517429025,150.0,150.0,0.36766,0.00372,0.11426,0.1142086125091047,0.114242155785166
C/2001 Q4 (NEAT),12.326282517429025,150.0,200.0,0.36766,0.00372,0.11425,0.1142086125091047,0.114242155785166
C/2001 Q4 (NEAT),12.326282517429025,150.0,250.0,0.36766,0.00372,0.11424,0.1142086125091047,0.114242155785166
C/2001 Q4 (NEAT),12.326282517429025,250.0,8.0,0.02797,0.11336,0.00742,0.11108371546841674,0.10456813660706413
C/2001 Q4 (NEAT),12.326282517429025,250.0,12.0,0.02043,0.11336,0.00742,0.11108371546841674,0.10456813660706413
C/2001 Q4 (NEAT),12.326282517429025,250.0,16.0,0.02422,0.11336,0.00742,0.11108371546841674,0.10456813660706413
C/2001 Q4 (NEAT),12.326282517429025,250.0,20.0,0.02652,0.11336,0.00742,0.11108371546841674,0.10456813660706413
C/2001 Q4 (NEAT),12.326282517429025,250.0,25.0,0.02706,0.11336,0.00742,0.11108371546841674,0.10456813660706413
C/2001 Q4 (NEAT),12.326282517429025,250.0,30.0,0.13363,0.11336,0.10715,0.11108371546841674,0.10456813660706413
C/2001 Q4 (NEAT),12.326282517429025,250.0,35.0,0.13382,0.11312,0.10673,0.11108371546841674,0.10456813660706413
C/2001 Q4 (NEAT),12.326282517429025,250.0,40.0,0.13377,0.11271,0.10622,0.11108371546841674,0.10456813660706413
C/2001 Q4 (NEAT),12.326282517429025,250.0,50.0,0.13381,0.11229,0.1055,0.11108371546841674,0.10456813660706413
C/2001 Q4 (NEAT),12.326282517429025,250.0,60.0,0.13384,0.11191,0.10507,0.11108371546841674,0.10456813660706413
C/2001 Q4 (NEAT),12.326282517429025,250.0,80.0,0.13383,0.11161,0.10469,0.11108371546841674,0.10456813660706413
C/2001 Q4 (NEAT),12.326282517429025,250.0,100.0,0.13385,0.11161,0.10469,0.11108371546841674,0.10456813660706413
C/2001 Q4 (NEAT),12.326282517429025,250.0,150.0,0.13384,0.11157,0.10459,0.11108371546841674,0.10456813660706413
C/2001 Q4 (NEAT),12.326282517429025,250.0,200.0,0.13384,0.11156,0.10457,0.11108371546841674,0.10456813660706413
C/2001 Q4 (NEAT),12.326282517429025,250.0,250.0,0.13384,0.00141,0.10457,0.11108371546841674,0.10456813660706413
C/2017 K1 (PANSTARRS),13.688632888786904,8.0,8.0,45.72753,0.01225,7.91893,0.08537265506370997,7.912312780829457
C/2017 K1 (PANSTARRS),13.688632888786904,8.0,12.0,45.6639,0.01787,7.91893,0.08537265506370997,7.912312780829457
C/2017 K1 (PANSTARRS),13.688632888786904,8.0,16.0,45.66218,0.0167,7.91819,0.08537265506370997,7.912312780829457
C/2017 K1 (PANSTARRS),13.688632888786904,8.0,20.0,45.6579,0.01638,7.91687,0.08537265506370997,7.912312780829457
C/2017 K1 (PANSTARRS),13.688632888786904,8.0,25.0,45.65742,0.01685,7.9154,0.08537265506370997,7.912312780829457
C/2017 K1 (PANSTARRS),13.688632888786904,8.0,30.0,45.66024,0.01656,7.91421,0.08537265506370997,7.912312780829457
C/2017 K1 (PANSTARRS),13.688632888786904,8.0,35.0,45.66028,0.01658,7.914,0.08537265506370997,7.912312780829457
C/2017 K1 (PANSTARRS),13.688632888786904,8.0,40.0,45.66052,0.01658,7.91362,0.08537265506370997,7.912312780829457
C/2017 K1 (PANSTARRS),13.688632888786904,8.0,50.0,45.66098,0.01659,7.91302,0.08537265506370997,7.912312780829457
C/2017 K1 (PANSTARRS),13.688632888786904,8.0,60.0,45.66068,0.01658,7.91279,0.08537265506370997,7.912312780829457
C/2017 K1 (PANSTARRS),13.688632888786904,8.0,80.0,45.66043,0.01658,7.91267,0.08537265506370997,7.912312780829457
C/2017 K1 (PANSTARRS),13.688632888786904,8.0,100.0,45.66034,0.01658,7.91248,0.08537265506370997,7.912312780829457
C/2017 K1 (PANSTARRS),13.688632888786904,8.0,150.0,45.66035,0.01658,7.91236,0.08537265506370997,7.912312780829457
C/2017 K1 (PANSTARRS),13.688632888786904,8.0,200.0,45.66033,0.01658,7.91233,0.08537265506370997,7.912312780829457
C/2017 K1 (PANSTARRS),13.688632888786904,8.0,250.0,45.66033,0.01658,7.91231,0.08537265506370997,7.912312780829457
C/2017 K1 (PANSTARRS),13.688632888786904,25.0,8.0,,,,,
C/2017 K1 (PANSTARRS),13.688632888786904,25.0,12.0,,,,,
C/2017 K1 (PANSTARRS),13.688632888786904,25.0,16.0,,,,,
C/2017 K1 (PANSTARRS),13.688632888786904,25.0,20.0,,,,,
C/2017 K1 (PANSTARRS),13.688632888786904,25.0,25.0,,,,,
C/2017 K1 (PANSTARRS),13.688632888786904,25.0,30.0,,,,,
C/2017 K1 (PANSTARRS),13.688632888786904,25.0,35.0,,,,,
C/2017 K1 (PANSTARRS),13.688632888786904,25.0,40.0,,,,,
C/2017 K1 (PANSTARRS),13.688632888786904,25.0,50.0,,,,,
C/2017 K1 (PANSTARRS),13.688632888786904,25.0,60.0,,,,,
C/2017 K1 (PANSTARRS),13.688632888786904,25.0,80.0,,,,,
C/2017 K1 (PANSTARRS),13.688632888786904,25.0,100.0,,,,,
C/2017 K1 (PANSTARRS),13.688632888786904,25.0,150.0,,,,,
C/2017 K1 (PANSTARRS),13.688632888786904,25.0,200.0,,,,,
C/2017 K1 (PANSTARRS),13.688632888786904,25.0,250.0,,,,,
C/2017 K1 (PANSTARRS),13.688632888786904,50.0,8.0,0.92664,0.05353,0.03768,0.05740067495785635,0.06095906783068119
C/2017 K1 (PANSTARRS),13.688632888786904,50.0,12.0,0.91288,0.04771,0.05152,0.05740067495785635,0.06095906783068119
C/2017 K1 (PANSTARRS),13.688632888786904,50.0,16.0,0.90775,0.05324,0.05363,0.05740067495785635,0.06095906783068119
C/2017 K1 (PANSTARRS),13.688632888786904,50.0,20.0,0.91065,0.056,0.05651,0.05740067495785635,0.06095906783068119
C/2017 K1 (PANSTARRS),13.688632888786904,50.0,25.0,0.91128,0.05698,0.05816,0.05740067495785635,0.06095906783068119
C/2017 K1 (PANSTARRS),13.688632888786904,50.0,30.0,0.91093,0.05648,0.05955,0.05740067495785635,0.06095906783068119
C/2017 K1 (PANSTARRS),13.688632888786904,50.0,35.0,0.911,0.05721,0.06084,0.05740067495785635,0.06095906783068119
C/2017 K1 (PANSTARRS),13.688632888786904,50.0,40.0,0.91097,0.05761,0.06142,0.05740067495785635,0.06095906783068119
C/2017 K1 (PANSTARRS),13.688632888786904,50.0,50.0,0.91075,8e-05,0.06066,0.05740067495785635,0.06095906783068119
C/2017 K1 (PANSTARRS),13.688632888786904,50.0,60.0,0.9108,9e-05,0.06029,0.05740067495785635,0.06095906783068119
C/2017 K1 (PANSTARRS),13.688632888786904,50.0,80.0,0.91082,9e-05,0.06077,0.05740067495785635,0.06095906783068119
C/2017 K1 (PANSTARRS),13.688632888786904,50.0,100.0,0.91085,9e-05,0.06086,0.05740067495785635,0.06095906783068119
C/2017 K1 (PANSTARRS),13.688632888786904,50.0,150.0,0.91084,9e-05,0.06093,0.05740067495785635,0.06095906783068119
C/2017 K1 (PANSTARRS),13.688632888786904,50.0,200.0,0.91084,9e-05,0.06095,0.05740067495785635,0.06095906783068119
C/2017 K1 (PANSTARRS),13.688632888786904,50.0,250.0,0.91084,9e-05,0.06096,0.05740067495785635,0.06095906783068119
C/2017 K1 (PANSTARRS),13.688632888786904,100.0,8.0,0.2779,0.05549,0.03857,0.060246018176750835,0.06257808845884878
C/2017 K1 (PANSTARRS),13.688632888786904,100.0,12.0,0.26474,0.04997,0.0536,0.060246018176750835,0.06257808845884878
C/2017 K1 (PANSTARRS),13.688632888786904,100.0,16.0,0.25961,0.05529,0.05543,0.060246018176750835,0.06257808845884878
C/2017 K1 (PANSTARRS),13.688632888786904,100.0,20.0,0.26253,0.05789,0.05715,0.060246018176750835,0.06257808845884878
C/2017 K1 (PANSTARRS),13.688632888786904,100.0,25.0,0.26321,0.05883,0.05988,0.060246018176750835,0.06257808845884878
C/2017 K1 (PANSTARRS),13.688632888786904,100.0,30.0,0.26291,0.05811,0.06126,0.060246018176750835,0.06257808845884878
C/2017 K1 (PANSTARRS),13.688632888786904,100.0,35.0,0.26291,0.05903,0.06247,0.060246018176750835,0.06257808845884878
C/2017 K1 (PANSTARRS),13.688632888786904,100.0,40.0,0.26288,0.05943,0.06305,0.060246018176750835,0.06257808845884878
C/2017 K1 (PANSTARRS),13.688632888786904,100.0,50.0,0.26274,0.05894,0.06242,0.060246018176750835,0.06257808845884878
C/2017 K1 (PANSTARRS),13.688632888786904,100.0,60.0,0.26273,0.05873,0.06199,0.060246018176750835,0.06257808845884878
C/2017 K1 (PANSTARRS),13.688632888786904,100.0,80.0,0.26276,0.05915,0.06236,0.060246018176750835,0.06257808845884878
C/2017 K1 (PANSTARRS),13.688632888786904,100.0,100.0,0.26277,0.00079,0.0625,0.060246018176750835,0.06257808845884878
C/2017 K1 (PANSTARRS),13.688632888786904,100.0,150.0,0.26276,0.00079,0.06254,0.060246018176750835,0.06257808845884878
C/2017 K1 (PANSTARRS),13.688632888786904,100.0,200.0,0.26276,0.00079,0.06257,0.060246018176750835,0.06257808845884878
C/2017 K1 (PANSTARRS),13.688632888786904,100.0,250.0,0.26276,0.00079,0.06258,0.060246018176750835,0.06257808845884878
C/2017 K1 (PANSTARRS),13.688632888786904,150.0,8.0,0.14031,0.05999,0.03568,0.06173155838947974,0.060454452215173364
C/2017 K1 (PANSTARRS),13.688632888786904,150.0,12.0,0.12753,0.05423,0.05019,0.06173155838947974,0.060454452215173364
C/2017 K1 (PANSTARRS),13.688632888786904,150.0,16.0,0.1224,0.05957,0.05302,0.06173155838947974,0.060454452215173364
C/2017 K1 (PANSTARRS),13.688632888786904,150.0,20.0,0.12534,0.06213,0.05483,0.06173155838947974,0.060454452215173364
C/2017 K1 (PANSTARRS),13.688632888786904,150.0,25.0,0.12602,0.06304,0.05762,0.06173155838947974,0.060454452215173364
C/2017 K1 (PANSTARRS),13.688632888786904,150.0,30.0,0.1257,0.06227,0.05907,0.06173155838947974,0.060454452215173364
C/2017 K1 (PANSTARRS),13.688632888786904,150.0,35.0,0.12571,0.06316,0.06028,0.06173155838947974,0.060454452215173364
C/2017 K1 (PANSTARRS),13.688632888786904,150.0,40.0,0.12567,0.06355,0.06086,0.06173155838947974,0.060454452215173364
C/2017 K1 (PANSTARRS),13.688632888786904,150.0,50.0,0.12553,0.06304,0.06027,0.06173155838947974,0.060454452215173364
C/2017 K1 (PANSTARRS),13.688632888786904,150.0,60.0,0.12553,0.06281,0.05986,0.06173155838947974,0.060454452215173364
C/2017 K1 (PANSTARRS),13.688632888786904,150.0,80.0,0.12555,0.06322,0.06023,0.06173155838947974,0.060454452215173364
C/2017 K1 (PANSTARRS),13.688632888786904,150.0,100.0,0.12556,0.06331,0.06038,0.06173155838947974,0.060454452215173364
C/2017 K1 (PANSTARRS),13.688632888786904,150.0,150.0,0.12555,0.00263,0.06042,0.06173155838947974,0.060454452215173364
C/2017 K1 (PANSTARRS),13.688632888786904,150.0,200.0,0.12555,0.00263,0.06044,0.06173155838947974,0.060454452215173364
C/2017 K1 (PANSTARRS),13.688632888786904,150.0,250.0,0.12555,0.00263,0.06045,0.06173155838947974,0.060454452215173364
C/2017 K1 (PANSTARRS),13.688632888786904,250.0,8.0,0.05975,0.06225,0.03471,0.06244095651646508,0.05980815390471655
C/2017 K1 (PANSTARRS),13.688632888786904,250.0,12.0,0.04722,0.05673,0.0494,0.06244095651646508,0.05980815390471655
C/2017 K1 (PANSTARRS),13.688632888786904,250.0,16.0,0.04205,0.06201,0.05224,0.06244095651646508,0.05980815390471655
C/2017 K1 (PANSTARRS),13.688632888786904,250.0,20.0,0.045,0.06455,0.05409,0.06244095651646508,0.05980815390471655
C/2017 K1 (PANSTARRS),13.688632888786904,250.0,25.0,0.04567,0.06547,0.05692,0.06244095651646508,0.05980815390471655
C/2017 K1 (PANSTARRS),13.688632888786904,250.0,30.0,0.0453,0.06472,0.05839,0.06244095651646508,0.05980815390471655
C/2017 K1 (PANSTARRS),13.688632888786904,250.0,35.0,0.04537,0.06562,0.0596,0.06244095651646508,0.05980815390471655
C/2017 K1 (PANSTARRS),13.688632888786904,250.0,40.0,0.04533,0.066,0.06019,0.06244095651646508,0.05980815390471655
C/2017 K1 (PANSTARRS),13.688632888786904,250.0,50.0,0.04519,0.06551,0.05961,0.06244095651646508,0.05980815390471655
C/2017 K1 (PANSTARRS),13.688632888786904,250.0,60.0,0.04519,0.06529,0.05921,0.06244095651646508,0.05980815390471655
C/2017 K1 (PANSTARRS),13.688632888786904,250.0,80.0,0.04521,0.0657,0.05958,0.06244095651646508,0.05980815390471655
C/2017 K1 (PANSTARRS),13.688632888786904,250.0,100.0,0.04522,0.0658,0.05973,0.06244095651646508,0.05980815390471655
C/2017 K1 (PANSTARRS),13.688632888786904,250.0,150.0,0.04521,0.06579,0.05977,0.06244095651646508,0.05980815390471655
C/2017 K1 (PANSTARRS),13.688632888786904,250.0,200.0,0.04522,0.0658,0.0598,0.06244095651646508,0.05980815390471655
C/2017 K1 (PANSTARRS),13.688632888786904,250.0,250.0,0.04522,0.0039,0.05981,0.06244095651646508,0.05980815390471655
C/2010 R1 (LINEAR),14.924286288862637,8.0,8.0,,,,,
C/2010 R1 (LINEAR),14.924286288862637,8.0,12.0,,,,,
C/2010 R1 (LINEAR),14.924286288862637,8.0,16.0,,,,,
C/2010 R1 (LINEAR),14.924286288862637,8.0,20.0,,,,,
C/2010 R1 (LINEAR),14.924286288862637,8.0,25.0,,,,,
C/2010 R1 (LINEAR),14.924286288862637,8.0,30.0,,,,,
C/2010 R1 (LINEAR),14.924286288862637,8.0,35.0,,,,,
C/2010 R1 (LINEAR),14.924286288862637,8.0,40.0,,,,,
C/2010 R1 (LINEAR),14.924286288862637,8.0,50.0,,,,,
C/2010 R1 (LINEAR),14.924286288862637,8.0,60.0,,,,,
C/2010 R1 (LINEAR),14.924286288862637,8.0,80.0,,,,,
C/2010 R1 (LINEAR),14.924286288862637,8.0,100.0,,,,,
C/2010 R1 (LINEAR),14.924286288862637,8.0,150.0,,,,,
C/2010 R1 (LINEAR),14.924286288862637,8.0,200.0,,,,,
C/2010 R1 (LINEAR),14.924286288862637,8.0,250.0,,,,,
C/2010 R1 (LINEAR),14.924286288862637,25.0,8.0,,,,,
C/2010 R1 (LINEAR),14.924286288862637,25.0,12.0,,,,,
C/2010 R1 (LINEAR),14.924286288862637,25.0,16.0,,,,,
C/2010 R1 (LINEAR),14.924286288862637,25.0,20.0,,,,,
C/2010 R1 (LINEAR),14.924286288862637,25.0,25.0,,,,,
C/2010 R1 (LINEAR),14.924286288862637,25.0,30.0,,,,,
C/2010 R1 (LINEAR),14.924286288862637,25.0,35.0,,,,,
C/2010 R1 (LINEAR),14.924286288862637,25.0,40.0,,,,,
C/2010 R1 (LINEAR),14.924286288862637,25.0,50.0,,,,,
C/2010 R1 (LINEAR),14.924286288862637,25.0,60.0,,,,,
C/2010 R1 (LINEAR),14.924286288862637,25.0,80.0,,,,,
C/2010 R1 (LINEAR),14.924286288862637,25.0,100.0,,,,,
C/2010 R1 (LINEAR),14.924286288862637,25.0,150.0,,,,,
C/2010 R1 (LINEAR),14.924286288862637,25.0,200.0,,,,,
C/2010 R1 (LINEAR),14.924286288862637,25.0,250.0,,,,,
C/2010 R1 (LINEAR),14.924286288862637,50.0,8.0,1.29076,0.07743,0.06159,0.08319244739811692,0.08327370773987382
C/2010 R1 (LINEAR),14.924286288862637,50.0,12.0,1.28858,0.07397,0.06702,0.08319244739811692,0.08327370773987382
C/2010 R1 (LINEAR),14.924286288862637,50.0,16.0,1.29562,0.07893,0.07476,0.08319244739811692,0.08327370773987382
C/2010 R1 (LINEAR),14.924286288862637,50.0,20.0,1.28964,0.07941,0.08021,0.08319244739811692,0.08327370773987382
C/2010 R1 (LINEAR),14.924286288862637,50.0,25.0,1.28451,0.08158,0.08188,0.08319244739811692,0.08327370773987382
C/2010 R1 (LINEAR),14.924286288862637,50.0,30.0,1.28476,0.08235,0.08306,0.08319244739811692,0.08327370773987382
C/2010 R1 (LINEAR),14.924286288862637,50.0,35.0,1.28489,0.08237,0.08345,0.08319244739811692,0.08327370773987382
C/2010 R1 (LINEAR),14.924286288862637,50.0,40.0,1.28428,0.08253,0.08307,0.08319244739811692,0.08327370773987382
C/2010 R1 (LINEAR),14.924286288862637,50.0,50.0,1.2845,0.0001,0.08297,0.08319244739811692,0.08327370773987382
C/2010 R1 (LINEAR),14.924286288862637,50.0,60.0,1.2844,0.0001,0.08268,0.08319244739811692,0.08327370773987382
C/2010 R1 (LINEAR),14.924286288862637,50.0,80.0,1.28451,0.0001,0.08298,0.08319244739811692,0.08327370773987382
C/2010 R1 (LINEAR),14.924286288862637,50.0,100.0,1.28452,0.0001,0.08323,0.08319244739811692,0.08327370773987382
C/2010 R1 (LINEAR),14.924286288862637,50.0,150.0,1.28452,0.0001,0.08325,0.08319244739811692,0.08327370773987382
C/2010 R1 (LINEAR),14.924286288862637,50.0,200.0,1.28452,0.0001,0.08327,0.08319244739811692,0.08327370773987382
C/2010 R1 (LINEAR),14.924286288862637,50.0,250.0,1.28452,0.0001,0.08327,0.08319244739811692,0.08327370773987382
C/2010 R1 (LINEAR),14.924286288862637,100.0,8.0,0.36004,0.08289,0.06408,0.08573753562111551,0.08557917196421484
C/2010 R1 (LINEAR),14.924286288862637,100.0,12.0,0.35848,0.07752,0.06713,0.08573753562111551,0.08557917196421484
C/2010 R1 (LINEAR),14.924286288862637,100.0,16.0,0.36569,0.08462,0.07771,0.08573753562111551,0.08557917196421484
C/2010 R1 (LINEAR),14.924286288862637,100.0,20.0,0.35941,0.08506,0.08285,0.08573753562111551,0.08557917196421484
C/2010 R1 (LINEAR),14.924286288862637,100.0,25.0,0.35422,0.08707,0.08429,0.08573753562111551,0.08557917196421484
C/2010 R1 (LINEAR),14.924286288862637,100.0,30.0,0.35432,0.08761,0.08511,0.08573753562111551,0.08557917196421484
C/2010 R1 (LINEAR),14.924286288862637,100.0,35.0,0.35457,0.08785,0.08582,0.08573753562111551,0.08557917196421484
C/2010 R1 (LINEAR),14.924286288862637,100.0,40.0,0.35398,0.08797,0.08542,0.08573753562111551,0.08557917196421484
C/2010 R1 (LINEAR),14.924286288862637,100.0,50.0,0.35421,0.08832,0.08539,0.08573753562111551,0.08557917196421484
C/2010 R1 (LINEAR),14.924286288862637,100.0,60.0,0.35411,0.08818,0.08506,0.08573753562111551,0.08557917196421484
C/2010 R1 (LINEAR),14.924286288862637,100.0,80.0,0.35421,0.08834,0.08528,0.08573753562111551,0.08557917196421484
C/2010 R1 (LINEAR),14.924286288862637,100.0,100.0,0.3542,0.00337,0.08552,0.08573753562111551,0.08557917196421484
C/2010 R1 (LINEAR),14.924286288862637,100.0,150.0,0.3542,0.00337,0.08554,0.08573753562111551,0.08557917196421484
C/2010 R1 (LINEAR),14.924286288862637,100.0,200.0,0.3542,0.00337,0.08557,0.08573753562111551,0.08557917196421484
C/2010 R1 (LINEAR),14.924286288862637,100.0,250.0,0.3542,0.00337,0.08558,0.08573753562111551,0.08557917196421484
C/2010 R1 (LINEAR),14.924286288862637,150.0,8.0,0.16608,0.07759,0.06455,0.08600829165089859,0.08594913226683341
C/2010 R1 (LINEAR),14.924286288862637,150.0,12.0,0.16441,0.07236,0.06769,0.08600829165089859,0.08594913226683341
C/2010 R1 (LINEAR),14.924286288862637,150.0,16.0,0.17171,0.07936,0.07819,0.08600829165089859,0.08594913226683341
C/2010 R1 (LINEAR),14.924286288862637,150.0,20.0,0.16531,0.0798,0.08327,0.08600829165089859,0.08594913226683341
C/2010 R1 (LINEAR),14.924286288862637,150.0,25.0,0.1601,0.08179,0.08468,0.08600829165089859,0.08594913226683341
C/2010 R1 (LINEAR),14.924286288862637,150.0,30.0,0.1602,0.08233,0.0855,0.08600829165089859,0.08594913226683341
C/2010 R1 (LINEAR),14.924286288862637,150.0,35.0,0.16045,0.08258,0.0862,0.08600829165089859,0.08594913226683341
C/2010 R1 (LINEAR),14.924286288862637,150.0,40.0,0.15986,0.08257,0.0858,0.08600829165089859,0.08594913226683341
C/2010 R1 (LINEAR),14.924286288862637,150.0,50.0,0.16009,0.08304,0.08577,0.08600829165089859,0.08594913226683341
C/2010 R1 (LINEAR),14.924286288862637,150.0,60.0,0.15999,0.0829,0.08544,0.08600829165089859,0.08594913226683341
C/2010 R1 (LINEAR),14.924286288862637,150.0,80.0,0.16008,0.08307,0.08563,0.08600829165089859,0.08594913226683341
C/2010 R1 (LINEAR),14.924286288862637,150.0,100.0,0.16008,0.08327,0.08589,0.08600829165089859,0.08594913226683341
C/2010 R1 (LINEAR),14.924286288862637,150.0,150.0,0.16008,0.00237,0.08591,0.08600829165089859,0.08594913226683341
C/2010 R1 (LINEAR),14.924286288862637,150.0,200.0,0.16008,0.00237,0.08594,0.08600829165089859,0.08594913226683341
C/2010 R1 (LINEAR),14.924286288862637,150.0,250.0,0.16008,0.00237,0.08595,0.08600829165089859,0.08594913226683341
C/2010 R1 (LINEAR),14.924286288862637,250.0,8.0,0.06757,0.08818,0.06666,0.0874205685753578,0.08837398623143233
C/2010 R1 (LINEAR),14.924286288862637,250.0,12.0,0.06389,0.08305,0.07038,0.0874205685753578,0.08837398623143233
C/2010 R1 (LINEAR),14.924286288862637,250.0,16.0,0.07332,0.08901,0.08071,0.0874205685753578,0.08837398623143233
C/2010 R1 (LINEAR),14.924286288862637,250.0,20.0,0.06682,0.0904,0.08577,0.0874205685753578,0.08837398623143233
C/2010 R1 (LINEAR),14.924286288862637,250.0,25.0,0.06159,0.09237,0.08713,0.0874205685753578,0.08837398623143233
C/2010 R1 (LINEAR),14.924286288862637,250.0,30.0,0.0617,0.0929,0.08795,0.0874205685753578,0.08837398623143233
C/2010 R1 (LINEAR),14.924286288862637,250.0,35.0,0.06194,0.09315,0.08865,0.0874205685753578,0.08837398623143233
C/2010 R1 (LINEAR),14.924286288862637,250.0,40.0,0.06135,0.09313,0.08823,0.0874205685753578,0.08837398623143233
C/2010 R1 (LINEAR),14.924286288862637,250.0,50.0,0.06158,0.09363,0.08821,0.0874205685753578,0.08837398623143233
C/2010 R1 (LINEAR),14.924286288862637,250.0,60.0,0.06149,0.09345,0.08786,0.0874205685753578,0.08837398623143233
C/2010 R1 (LINEAR),14.924286288862637,250.0,80.0,0.06157,0.0936,0.08806,0.0874205685753578,0.08837398623143233
C/2010 R1 (LINEAR),14.924286288862637,250.0,100.0,0.06157,0.0938,0.08831,0.0874205685753578,0.08837398623143233
C/2010 R1 (LINEAR),14.924286288862637,250.0,150.0,0.06157,0.0938,0.08833,0.0874205685753578,0.08837398623143233
C/2010 R1 (LINEAR),14.924286288862637,250.0,200.0,0.06157,0.09382,0.08836,0.0874205685753578,0.08837398623143233
C/2010 R1 (LINEAR),14.924286288862637,250.0,250.0,0.06157,0.00715,0.08837,0.0874205685753578,0.08837398623143233
C/2007 N3 (Lulin),17.124137622136278,8.0,8.0,121.95697,0.01584,0.01035,0.41096345003463,0.4129361552134189
C/2007 N3 (Lulin),17.124137622136278,8.0,12.0,121.9488,0.01584,0.01035,0.41096345003463,0.4129361552134189
C/2007 N3 (Lulin),17.124137622136278,8.0,16.0,121.95191,0.01584,0.01035,0.41096345003463,0.4129361552134189
C/2007 N3 (Lulin),17.124137622136278,8.0,20.0,121.95348,0.01584,0.01035,0.41096345003463,0.4129361552134189
C/2007 N3 (Lulin),17.124137622136278,8.0,25.0,121.95252,0.01584,0.01035,0.41096345003463,0.4129361552134189
C/2007 N3 (Lulin),17.124137622136278,8.0,30.0,121.95262,0.01584,0.01035,0.41096345003463,0.4129361552134189
C/2007 N3 (Lulin),17.124137622136278,8.0,35.0,121.9529,0.01584,0.01035,0.41096345003463,0.4129361552134189
C/2007 N3 (Lulin),17.124137622136278,8.0,40.0,121.95288,0.01584,0.01035,0.41096345003463,0.4129361552134189
C/2007 N3 (Lulin),17.124137622136278,8.0,50.0,121.95235,0.01584,0.01035,0.41096345003463,0.4129361552134189
C/2007 N3 (Lulin),17.124137622136278,8.0,60.0,122.36286,0.0157,0.41319,0.41096345003463,0.4129361552134189
C/2007 N3 (Lulin),17.124137622136278,8.0,80.0,122.36259,0.01571,0.41299,0.41096345003463,0.4129361552134189
C/2007 N3 (Lulin),17.124137622136278,8.0,100.0,122.36261,0.01571,0.413,0.41096345003463,0.4129361552134189
C/2007 N3 (Lulin),17.124137622136278,8.0,150.0,122.3626,0.01571,0.41294,0.41096345003463,0.4129361552134189
C/2007 N3 (Lulin),17.124137622136278,8.0,200.0,122.36263,0.01571,0.41293,0.41096345003463,0.4129361552134189
C/2007 N3 (Lulin),17.124137622136278,8.0,250.0,122.36264,0.01571,0.41294,0.41096345003463,0.4129361552134189
C/2007 N3 (Lulin),17.124137622136278,25.0,8.0,,,,,
C/2007 N3 (Lulin),17.124137622136278,25.0,12.0,,,,,
C/2007 N3 (Lulin),17.124137622136278,25.0,16.0,,,,,
C/2007 N3 (Lulin),17.124137622136278,25.0,20.0,,,,,
C/2007 N3 (Lulin),17.124137622136278,25.0,25.0,,,,,
C/2007 N3 (Lulin),17.124137622136278,25.0,30.0,,,,,
C/2007 N3 (Lulin),17.124137622136278,25.0,35.0,,,,,
C/2007 N3 (Lulin),17.124137622136278,25.0,40.0,,,,,
C/2007 N3 (Lulin),17.124137622136278,25.0,50.0,,,,,
C/2007 N3 (Lulin),17.124137622136278,25.0,60.0,,,,,
C/2007 N3 (Lulin),17.124137622136278,25.0,80.0,,,,,
C/2007 N3 (Lulin),17.124137622136278,25.0,100.0,,,,,
C/2007 N3 (Lulin),17.124137622136278,25.0,150.0,,,,,
C/2007 N3 (Lulin),17.124137622136278,25.0,200.0,,,,,
C/2007 N3 (Lulin),17.124137622136278,25.0,250.0,,,,,
C/2007 N3 (Lulin),17.124137622136278,50.0,8.0,,,,,
C/2007 N3 (Lulin),17.124137622136278,50.0,12.0,,,,,
C/2007 N3 (Lulin),17.124137622136278,50.0,16.0,,,,,
C/2007 N3 (Lulin),17.124137622136278,50.0,20.0,,,,,
C/2007 N3 (Lulin),17.124137622136278,50.0,25.0,,,,,
C/2007 N3 (Lulin),17.124137622136278,50.0,30.0,,,,,
C/2007 N3 (Lulin),17.124137622136278,50.0,35.0,,,,,
C/2007 N3 (Lulin),17.124137622136278,50.0,40.0,,,,,
C/2007 N3 (Lulin),17.124137622136278,50.0,50.0,,,,,
C/2007 N3 (Lulin),17.124137622136278,50.0,60.0,,,,,
C/2007 N3 (Lulin),17.124137622136278,50.0,80.0,,,,,
C/2007 N3 (Lulin),17.124137622136278,50.0,100.0,,,,,
C/2007 N3 (Lulin),17.124137622136278,50.0,150.0,,,,,
C/2007 N3 (Lulin),17.124137622136278,50.0,200.0,,,,,
C/2007 N3 (Lulin),17.124137622136278,50.0,250.0,,,,,
C/2007 N3 (Lulin),17.124137622136278,100.0,8.0,0.98188,0.21376,0.01929,0.21158283560069718,0.2312059326498934
C/2007 N3 (Lulin),17.124137622136278,100.0,12.0,0.99005,0.21376,0.01929,0.21158283560069718,0.2312059326498934
C/2007 N3 (Lulin),17.124137622136278,100.0,16.0,0.98694,0.21376,0.01929,0.21158283560069718,0.2312059326498934
C/2007 N3 (Lulin),17.124137622136278,100.0,20.0,0.98538,0.21376,0.01929,0.21158283560069718,0.2312059326498934
C/2007 N3 (Lulin),17.124137622136278,100.0,25.0,0.98634,0.21376,0.01929,0.21158283560069718,0.2312059326498934
C/2007 N3 (Lulin),17.124137622136278,100.0,30.0,0.98623,0.21376,0.23234,0.21158283560069718,0.2312059326498934
C/2007 N3 (Lulin),17.124137622136278,100.0,35.0,1.19897,0.21357,0.23218,0.21158283560069718,0.2312059326498934
C/2007 N3 (Lulin),17.124137622136278,100.0,40.0,1.19883,0.21334,0.2319,0.21158283560069718,0.2312059326498934
C/2007 N3 (Lulin),17.124137622136278,100.0,50.0,1.19904,0.213,0.23123,0.21158283560069718,0.2312059326498934
C/2007 N3 (Lulin),17.124137622136278,100.0,60.0,1.19914,0.21268,0.23092,0.21158283560069718,0.2312059326498934
C/2007 N3 (Lulin),17.124137622136278,100.0,80.0,1.19925,0.21274,0.23098,0.21158283560069718,0.2312059326498934
C/2007 N3 (Lulin),17.124137622136278,100.0,100.0,1.19934,0.00148,0.23124,0.21158283560069718,0.2312059326498934
C/2007 N3 (Lulin),17.124137622136278,100.0,150.0,1.1993,0.00148,0.2312,0.21158283560069718,0.2312059326498934
C/2007 N3 (Lulin),17.124137622136278,100.0,200.0,1.19929,0.00147,0.23121,0.21158283560069718,0.2312059326498934
C/2007 N3 (Lulin),17.124137622136278,100.0,250.0,1.19929,0.00147,0.23121,0.21158283560069718,0.2312059326498934
C/2007 N3 (Lulin),17.124137622136278,150.0,8.0,0.29587,0.2153,0.00436,0.21252874690713575,0.20847502080393499
C/2007 N3 (Lulin),17.124137622136278,150.0,12.0,0.30405,0.2153,0.00436,0.21252874690713575,0.20847502080393499
C/2007 N3 (Lulin),17.124137622136278,150.0,16.0,0.30093,0.2153,0.00436,0.21252874690713575,0.20847502080393499
C/2007 N3 (Lulin),17.124137622136278,150.0,20.0,0.29937,0.2153,0.00436,0.21252874690713575,0.20847502080393499
C/2007 N3 (Lulin),17.124137622136278,150.0,25.0,0.30033,0.2153,0.00436,0.21252874690713575,0.20847502080393499
C/2007 N3 (Lulin),17.124137622136278,150.0,30.0,0.30023,0.2153,0.20961,0.21252874690713575,0.20847502080393499
C/2007 N3 (Lulin),17.124137622136278,150.0,35.0,0.51386,0.21512,0.20957,0.21252874690713575,0.20847502080393499
C/2007 N3 (Lulin),17.124137622136278,150.0,40.0,0.51373,0.21491,0.20919,0.21252874690713575,0.20847502080393499
C/2007 N3 (Lulin),17.124137622136278,150.0,50.0,0.51394,0.21464,0.20853,0.21252874690713575,0.20847502080393499
C/2007 N3 (Lulin),17.124137622136278,150.0,60.0,0.51403,0.21428,0.20823,0.21252874690713575,0.20847502080393499
C/2007 N3 (Lulin),17.124137622136278,150.0,80.0,0.51413,0.21429,0.20824,0.21252874690713575,0.20847502080393499
C/2007 N3 (Lulin),17.124137622136278,150.0,100.0,0.51421,0.21444,0.20849,0.21252874690713575,0.20847502080393499
C/2007 N3 (Lulin),17.124137622136278,150.0,150.0,0.51418,0.00211,0.20845,0.21252874690713575,0.20847502080393499
C/2007 N3 (Lulin),17.124137622136278,150.0,200.0,0.51417,0.00211,0.20847,0.21252874690713575,0.20847502080393499
C/2007 N3 (Lulin),17.124137622136278,150.0,250.0,0.51417,0.00211,0.20848,0.21252874690713575,0.20847502080393499
C/2007 N3 (Lulin),17.124137622136278,250.0,8.0,0.05747,0.21646,0.00082,0.21446530471743108,0.2155484806076222
C/2007 N3 (Lulin),17.124137622136278,250.0,12.0,0.04932,0.21646,0.00082,0.21446530471743108,0.2155484806076222
C/2007 N3 (Lulin),17.124137622136278,250.0,16.0,0.05244,0.21646,0.00082,0.21446530471743108,0.2155484806076222
C/2007 N3 (Lulin),17.124137622136278,250.0,20.0,0.05401,0.21646,0.00082,0.21446530471743108,0.2155484806076222
C/2007 N3 (Lulin),17.124137622136278,250.0,25.0,0.05305,0.21646,0.00082,0.21446530471743108,0.2155484806076222
C/2007 N3 (Lulin),17.124137622136278,250.0,30.0,0.05316,0.21646,0.21668,0.21446530471743108,0.2155484806076222
C/2007 N3 (Lulin),17.124137622136278,250.0,35.0,0.16256,0.21628,0.21664,0.21446530471743108,0.2155484806076222
C/2007 N3 (Lulin),17.124137622136278,250.0,40.0,0.16243,0.21614,0.21627,0.21446530471743108,0.2155484806076222
C/2007 N3 (Lulin),17.124137622136278,250.0,50.0,0.16263,0.21582,0.21568,0.21446530471743108,0.2155484806076222
C/2007 N3 (Lulin),17.124137622136278,250.0,60.0,0.16273,0.21546,0.21532,0.21446530471743108,0.2155484806076222
C/2007 N3 (Lulin),17.124137622136278,250.0,80.0,0.16282,0.21546,0.21531,0.21446530471743108,0.2155484806076222
C/2007 N3 (Lulin),17.124137622136278,250.0,100.0,0.1629,0.2156,0.21556,0.21446530471743108,0.2155484806076222
C/2007 N3 (Lulin),17.124137622136278,250.0,150.0,0.16286,0.21558,0.21552,0.21446530471743108,0.2155484806076222
C/2007 N3 (Lulin),17.124137622136278,250.0,200.0,0.16286,0.21559,0.21554,0.21446530471743108,0.2155484806076222
C/2007 N3 (Lulin),17.124137622136278,250.0,250.0,0.16286,0.00128,0.21555,0.21446530471743108,0.2155484806076222
C/2014 Y1 (PANSTARRS),17.975340774720216,8.0,8.0,107.09504,0.0793,1.35201,0.057819379817085695,1.3970696847604507
C/2014 Y1 (PANSTARRS),17.975340774720216,8.0,12.0,107.09149,0.0793,1.35201,0.057819379817085695,1.3970696847604507
C/2014 Y1 (PANSTARRS),17.975340774720216,8.0,16.0,107.09031,0.0793,1.35201,0.057819379817085695,1.3970696847604507
C/2014 Y1 (PANSTARRS),17.975340774720216,8.0,20.0,107.09153,0.0793,1.35201,0.057819379817085695,1.3970696847604507
C/2014 Y1 (PANSTARRS),17.975340774720216,8.0,25.0,107.09199,0.0793,1.35201,0.057819379817085695,1.3970696847604507
C/2014 Y1 (PANSTARRS),17.975340774720216,8.0,30.0,107.09284,0.0793,1.35201,0.057819379817085695,1.3970696847604507
C/2014 Y1 (PANSTARRS),17.975340774720216,8.0,35.0,107.09359,0.0793,1.35201,0.057819379817085695,1.3970696847604507
C/2014 Y1 (PANSTARRS),17.975340774720216,8.0,40.0,107.09369,0.0793,1.35201,0.057819379817085695,1.3970696847604507
C/2014 Y1 (PANSTARRS),17.975340774720216,8.0,50.0,107.09415,0.0793,1.35201,0.057819379817085695,1.3970696847604507
C/2014 Y1 (PANSTARRS),17.975340774720216,8.0,60.0,107.09435,0.0793,1.35201,0.057819379817085695,1.3970696847604507
C/2014 Y1 (PANSTARRS),17.975340774720216,8.0,80.0,107.09446,0.0793,1.35201,0.057819379817085695,1.3970696847604507
C/2014 Y1 (PANSTARRS),17.975340774720216,8.0,100.0,107.09446,0.0793,1.35201,0.057819379817085695,1.3970696847604507
C/2014 Y1 (PANSTARRS),17.975340774720216,8.0,150.0,107.14859,0.0793,1.39706,0.057819379817085695,1.3970696847604507
C/2014 Y1 (PANSTARRS),17.975340774720216,8.0,200.0,107.1486,0.0793,1.39707,0.057819379817085695,1.3970696847604507
C/2014 Y1 (PANSTARRS),17.975340774720216,8.0,250.0,107.14861,0.0793,1.39707,0.057819379817085695,1.3970696847604507
C/2014 Y1 (PANSTARRS),17.975340774720216,25.0,8.0,137.9994,0.01023,4.03401,0.7556552245254228,3.384994382538308
C/2014 Y1 (PANSTARRS),17.975340774720216,25.0,12.0,137.99583,0.01023,4.03401,0.7556552245254228,3.384994382538308
C/2014 Y1 (PANSTARRS),17.975340774720216,25.0,16.0,137.99464,0.01023,4.03401,0.7556552245254228,3.384994382538308
C/2014 Y1 (PANSTARRS),17.975340774720216,25.0,20.0,137.99585,0.01023,4.03401,0.7556552245254228,3.384994382538308
C/2014 Y1 (PANSTARRS),17.975340774720216,25.0,25.0,137.99632,0.01023,4.03401,0.7556552245254228,3.384994382538308
C/2014 Y1 (PANSTARRS),17.975340774720216,25.0,30.0,137.99717,0.01023,4.03401,0.7556552245254228,3.384994382538308
C/2014 Y1 (PANSTARRS),17.975340774720216,25.0,35.0,137.99791,0.01023,4.03401,0.7556552245254228,3.384994382538308
C/2014 Y1 (PANSTARRS),17.975340774720216,25.0,40.0,137.99802,0.01023,4.03401,0.7556552245254228,3.384994382538308
C/2014 Y1 (PANSTARRS),17.975340774720216,25.0,50.0,137.99848,0.01023,4.03401,0.7556552245254228,3.384994382538308
C/2014 Y1 (PANSTARRS),17.975340774720216,25.0,60.0,137.99868,0.01023,4.03401,0.7556552245254228,3.384994382538308
C/2014 Y1 (PANSTARRS),17.975340774720216,25.0,80.0,137.25766,0.01019,3.38517,0.7556552245254228,3.384994382538308
C/2014 Y1 (PANSTARRS),17.975340774720216,25.0,100.0,137.25759,0.01019,3.38506,0.7556552245254228,3.384994382538308
C/2014 Y1 (PANSTARRS),17.975340774720216,25.0,150.0,137.25754,0.01019,3.38498,0.7556552245254228,3.384994382538308
C/2014 Y1 (PANSTARRS),17.975340774720216,25.0,200.0,137.25755,0.01019,3.38502,0.7556552245254228,3.384994382538308
C/2014 Y1 (PANSTARRS),17.975340774720216,25.0,250.0,137.25754,0.01019,3.38499,0.7556552245254228,3.384994382538308
C/2014 Y1 (PANSTARRS),17.975340774720216,50.0,8.0,,,,,
C/2014 Y1 (PANSTARRS),17.975340774720216,50.0,12.0,,,,,
C/2014 Y1 (PANSTARRS),17.975340774720216,50.0,16.0,,,,,
C/2014 Y1 (PANSTARRS),17.975340774720216,50.0,20.0,,,,,
C/2014 Y1 (PANSTARRS),17.975340774720216,50.0,25.0,,,,,
C/2014 Y1 (PANSTARRS),17.975340774720216,50.0,30.0,,,,,
C/2014 Y1 (PANSTARRS),17.975340774720216,50.0,35.0,,,,,
C/2014 Y1 (PANSTARRS),17.975340774720216,50.0,40.0,,,,,
C/2014 Y1 (PANSTARRS),17.975340774720216,50.0,50.0,,,,,
C/2014 Y1 (PANSTARRS),17.975340774720216,50.0,60.0,,,,,
C/2014 Y1 (PANSTARRS),17.975340774720216,50.0,80.0,,,,,
C/2014 Y1 (PANSTARRS),17.975340774720216,50.0,100.0,,,,,
C/2014 Y1 (PANSTARRS),17.975340774720216,50.0,150.0,,,,,
C/2014 Y1 (PANSTARRS),17.975340774720216,50.0,200.0,,,,,
C/2014 Y1 (PANSTARRS),17.975340774720216,50.0,250.0,,,,,
C/2014 Y1 (PANSTARRS),17.975340774720216,100.0,8.0,,,,,
C/2014 Y1 (PANSTARRS),17.975340774720216,100.0,12.0,,,,,
C/2014 Y1 (PANSTARRS),17.975340774720216,100.0,16.0,,,,,
C/2014 Y1 (PANSTARRS),17.975340774720216,100.0,20.0,,,,,
C/2014 Y1 (PANSTARRS),17.975340774720216,100.0,25.0,,,,,
C/2014 Y1 (PANSTARRS),17.975340774720216,100.0,30.0,,,,,
C/2014 Y1 (PANSTARRS),17.975340774720216,100.0,35.0,,,,,
C/2014 Y1 (PANSTARRS),17.975340774720216,100.0,40.0,,,,,
C/2014 Y1 (PANSTARRS),17.975340774720216,100.0,50.0,,,,,
C/2014 Y1 (PANSTARRS),17.975340774720216,100.0,60.0,,,,,
C/2014 Y1 (PANSTARRS),17.975340774720216,100.0,80.0,,,,,
C/2014 Y1 (PANSTARRS),17.975340774720216,100.0,100.0,,,,,
C/2014 Y1 (PANSTARRS),17.975340774720216,100.0,150.0,,,,,
C/2014 Y1 (PANSTARRS),17.975340774720216,100.0,200.0,,,,,
C/2014 Y1 (PANSTARRS),17.975340774720216,100.0,250.0,,,,,
C/2014 Y1 (PANSTARRS),17.975340774720216,150.0,8.0,2.1275,0.04748,0.45806,0.09178868204075794,0.38135481583714204
C/2014 Y1 (PANSTARRS),17.975340774720216,150.0,12.0,2.13121,0.04748,0.45806,0.09178868204075794,0.38135481583714204
C/2014 Y1 (PANSTARRS),17.975340774720216,150.0,16.0,2.1324,0.04748,0.45806,0.09178868204075794,0.38135481583714204
C/2014 Y1 (PANSTARRS),17.975340774720216,150.0,20.0,2.1312,0.04748,0.45806,0.09178868204075794,0.38135481583714204
C/2014 Y1 (PANSTARRS),17.975340774720216,150.0,25.0,2.13074,0.04748,0.45806,0.09178868204075794,0.38135481583714204
C/2014 Y1 (PANSTARRS),17.975340774720216,150.0,30.0,2.1299,0.04748,0.45806,0.09178868204075794,0.38135481583714204
C/2014 Y1 (PANSTARRS),17.975340774720216,150.0,35.0,2.12916,0.04748,0.45806,0.09178868204075794,0.38135481583714204
C/2014 Y1 (PANSTARRS),17.975340774720216,150.0,40.0,2.12906,0.04748,0.45806,0.09178868204075794,0.38135481583714204
C/2014 Y1 (PANSTARRS),17.975340774720216,150.0,50.0,2.1286,0.04748,0.45806,0.09178868204075794,0.38135481583714204
C/2014 Y1 (PANSTARRS),17.975340774720216,150.0,60.0,2.20591,0.04748,0.38138,0.09178868204075794,0.38135481583714204
C/2014 Y1 (PANSTARRS),17.975340774720216,150.0,80.0,2.20557,0.04758,0.38139,0.09178868204075794,0.38135481583714204
C/2014 Y1 (PANSTARRS),17.975340774720216,150.0,100.0,2.20567,0.04755,0.38141,0.09178868204075794,0.38135481583714204
C/2014 Y1 (PANSTARRS),17.975340774720216,150.0,150.0,2.20569,0.08061,0.38136,0.09178868204075794,0.38135481583714204
C/2014 Y1 (PANSTARRS),17.975340774720216,150.0,200.0,2.2057,0.08061,0.38135,0.09178868204075794,0.38135481583714204
C/2014 Y1 (PANSTARRS),17.975340774720216,150.0,250.0,2.2057,0.08061,0.38135,0.09178868204075794,0.38135481583714204
C/2014 Y1 (PANSTARRS),17.975340774720216,250.0,8.0,0.51038,0.14911,0.27351,0.09544190709801362,0.34108506429218205
C/2014 Y1 (PANSTARRS),17.975340774720216,250.0,12.0,0.51467,0.14911,0.27351,0.09544190709801362,0.34108506429218205
C/2014 Y1 (PANSTARRS),17.975340774720216,250.0,16.0,0.51586,0.14911,0.27351,0.09544190709801362,0.34108506429218205
C/2014 Y1 (PANSTARRS),17.975340774720216,250.0,20.0,0.5147,0.14911,0.27351,0.09544190709801362,0.34108506429218205
C/2014 Y1 (PANSTARRS),17.975340774720216,250.0,25.0,0.51427,0.14911,0.27351,0.09544190709801362,0.34108506429218205
C/2014 Y1 (PANSTARRS),17.975340774720216,250.0,30.0,0.51345,0.14911,0.27351,0.09544190709801362,0.34108506429218205
C/2014 Y1 (PANSTARRS),17.975340774720216,250.0,35.0,0.51275,0.14911,0.27351,0.09544190709801362,0.34108506429218205
C/2014 Y1 (PANSTARRS),17.975340774720216,250.0,40.0,0.51266,0.14911,0.27351,0.09544190709801362,0.34108506429218205
C/2014 Y1 (PANSTARRS),17.975340774720216,250.0,50.0,0.51222,0.14911,0.27351,0.09544190709801362,0.34108506429218205
C/2014 Y1 (PANSTARRS),17.975340774720216,250.0,60.0,0.59014,0.14911,0.34108,0.09544190709801362,0.34108506429218205
C/2014 Y1 (PANSTARRS),17.975340774720216,250.0,80.0,0.5898,0.14933,0.34106,0.09544190709801362,0.34108506429218205
C/2014 Y1 (PANSTARRS),17.975340774720216,250.0,100.0,0.58986,0.14923,0.341,0.09544190709801362,0.34108506429218205
C/2014 Y1 (PANSTARRS),17.975340774720216,250.0,150.0,0.58989,0.14926,0.34107,0.09544190709801362,0.34108506429218205
C/2014 Y1 (PANSTARRS),17.975340774720216,250.0,200.0,0.5899,0.14926,0.34108,0.09544190709801362,0.34108506429218205
C/2014 Y1 (PANSTARRS),17.975340774720216,250.0,250.0,0.58991,0.06296,0.34109,0.09544190709801362,0.34108506429218205
C/2004 K1 (Catalina),18.596100484831673,8.0,8.0,97.45825,0.0342,0.03367,0.25474737900718375,0.22182839160013398
C/2004 K1 (Catalina),18.596100484831673,8.0,12.0,97.46102,0.0342,0.03367,0.25474737900718375,0.22182839160013398
C/2004 K1 (Catalina),18.596100484831673,8.0,16.0,97.45452,0.0342,0.03367,0.25474737900718375,0.22182839160013398
C/2004 K1 (Catalina),18.596100484831673,8.0,20.0,97.45295,0.0342,0.03367,0.25474737900718375,0.22182839160013398
C/2004 K1 (Catalina),18.596100484831673,8.0,25.0,97.45339,0.0342,0.03367,0.25474737900718375,0.22182839160013398
C/2004 K1 (Catalina),18.596100484831673,8.0,30.0,97.45376,0.0342,0.03367,0.25474737900718375,0.22182839160013398
C/2004 K1 (Catalina),18.596100484831673,8.0,35.0,97.45306,0.0342,0.03367,0.25474737900718375,0.22182839160013398
C/2004 K1 (Catalina),18.596100484831673,8.0,40.0,97.45268,0.0342,0.03367,0.25474737900718375,0.22182839160013398
C/2004 K1 (Catalina),18.596100484831673,8.0,50.0,97.45255,0.0342,0.03367,0.25474737900718375,0.22182839160013398
C/2004 K1 (Catalina),18.596100484831673,8.0,60.0,97.20006,0.03406,0.22191,0.25474737900718375,0.22182839160013398
C/2004 K1 (Catalina),18.596100484831673,8.0,80.0,97.20017,0.03407,0.22181,0.25474737900718375,0.22182839160013398
C/2004 K1 (Catalina),18.596100484831673,8.0,100.0,97.20024,0.03407,0.22183,0.25474737900718375,0.22182839160013398
C/2004 K1 (Catalina),18.596100484831673,8.0,150.0,97.20026,0.03407,0.22184,0.25474737900718375,0.22182839160013398
C/2004 K1 (Catalina),18.596100484831673,8.0,200.0,97.2003,0.03407,0.22182,0.25474737900718375,0.22182839160013398
C/2004 K1 (Catalina),18.596100484831673,8.0,250.0,97.2003,0.03407,0.22183,0.25474737900718375,0.22182839160013398
C/2004 K1 (Catalina),18.596100484831673,25.0,8.0,,,,,
C/2004 K1 (Catalina),18.596100484831673,25.0,12.0,,,,,
C/2004 K1 (Catalina),18.596100484831673,25.0,16.0,,,,,
C/2004 K1 (Catalina),18.596100484831673,25.0,20.0,,,,,
C/2004 K1 (Catalina),18.596100484831673,25.0,25.0,,,,,
C/2004 K1 (Catalina),18.596100484831673,25.0,30.0,,,,,
C/2004 K1 (Catalina),18.596100484831673,25.0,35.0,,,,,
C/2004 K1 (Catalina),18.596100484831673,25.0,40.0,,,,,
C/2004 K1 (Catalina),18.596100484831673,25.0,50.0,,,,,
C/2004 K1 (Catalina),18.596100484831673,25.0,60.0,,,,,
C/2004 K1 (Catalina),18.596100484831673,25.0,80.0,,,,,
C/2004 K1 (Catalina),18.596100484831673,25.0,100.0,,,,,
C/2004 K1 (Catalina),18.596100484831673,25.0,150.0,,,,,
C/2004 K1 (Catalina),18.596100484831673,25.0,200.0,,,,,
C/2004 K1 (Catalina),18.596100484831673,25.0,250.0,,,,,
C/2004 K1 (Catalina),18.596100484831673,50.0,8.0,,,,,
C/2004 K1 (Catalina),18.596100484831673,50.0,12.0,,,,,
C/2004 K1 (Catalina),18.596100484831673,50.0,16.0,,,,,
C/2004 K1 (Catalina),18.596100484831673,50.0,20.0,,,,,
C/2004 K1 (Catalina),18.596100484831673,50.0,25.0,,,,,
C/2004 K1 (Catalina),18.596100484831673,50.0,30.0,,,,,
C/2004 K1 (Catalina),18.596100484831673,50.0,35.0,,,,,
C/2004 K1 (Catalina),18.596100484831673,50.0,40.0,,,,,
C/2004 K1 (Catalina),18.596100484831673,50.0,50.0,,,,,
C/2004 K1 (Catalina),18.596100484831673,50.0,60.0,,,,,
C/2004 K1 (Catalina),18.596100484831673,50.0,80.0,,,,,
C/2004 K1 (Catalina),18.596100484831673,50.0,100.0,,,,,
C/2004 K1 (Catalina),18.596100484831673,50.0,150.0,,,,,
C/2004 K1 (Catalina),18.596100484831673,50.0,200.0,,,,,
C/2004 K1 (Catalina),18.596100484831673,50.0,250.0,,,,,
C/2004 K1 (Catalina),18.596100484831673,100.0,8.0,3.99635,2.20505,0.00551,2.2076242696837336,2.2126298131921898
C/2004 K1 (Catalina),18.596100484831673,100.0,12.0,3.99331,2.20505,0.00551,2.2076242696837336,2.2126298131921898
C/2004 K1 (Catalina),18.596100484831673,100.0,16.0,3.9999,2.20505,0.00551,2.2076242696837336,2.2126298131921898
C/2004 K1 (Catalina),18.596100484831673,100.0,20.0,4.00246,2.20505,0.00551,2.2076242696837336,2.2126298131921898
C/2004 K1 (Catalina),18.596100484831673,100.0,25.0,4.00228,2.20505,0.00551,2.2076242696837336,2.2126298131921898
C/2004 K1 (Catalina),18.596100484831673,100.0,30.0,2.03358,2.20505,2.21315,2.2076242696837336,2.2126298131921898
C/2004 K1 (Catalina),18.596100484831673,100.0,35.0,2.03412,2.20458,2.21312,2.2076242696837336,2.2126298131921898
C/2004 K1 (Catalina),18.596100484831673,100.0,40.0,2.03438,2.20454,2.21339,2.2076242696837336,2.2126298131921898
C/2004 K1 (Catalina),18.596100484831673,100.0,50.0,2.03479,2.2042,2.213,2.2076242696837336,2.2126298131921898
C/2004 K1 (Catalina),18.596100484831673,100.0,60.0,2.0349,2.20417,2.21304,2.2076242696837336,2.2126298131921898
C/2004 K1 (Catalina),18.596100484831673,100.0,80.0,2.03498,2.20404,2.21288,2.2076242696837336,2.2126298131921898
C/2004 K1 (Catalina),18.596100484831673,100.0,100.0,2.03498,0.2314,2.21264,2.2076242696837336,2.2126298131921898
C/2004 K1 (Catalina),18.596100484831673,100.0,150.0,2.03496,0.2314,2.21264,2.2076242696837336,2.2126298131921898
C/2004 K1 (Catalina),18.596100484831673,100.0,200.0,2.03495,0.23141,2.21263,2.2076242696837336,2.2126298131921898
C/2004 K1 (Catalina),18.596100484831673,100.0,250.0,2.03495,0.23141,2.21263,2.2076242696837336,2.2126298131921898
C/2004 K1 (Catalina),18.596100484831673,150.0,8.0,1.23865,0.38078,0.03415,0.3843851270683638,0.366776231864768
C/2004 K1 (Catalina),18.596100484831673,150.0,12.0,1.23605,0.38078,0.03415,0.3843851270683638,0.366776231864768
C/2004 K1 (Catalina),18.596100484831673,150.0,16.0,1.24235,0.38078,0.03415,0.3843851270683638,0.366776231864768
C/2004 K1 (Catalina),18.596100484831673,150.0,20.0,1.24358,0.38078,0.03415,0.3843851270683638,0.366776231864768
C/2004 K1 (Catalina),18.596100484831673,150.0,25.0,1.24308,0.38078,0.03415,0.3843851270683638,0.366776231864768
C/2004 K1 (Catalina),18.596100484831673,150.0,30.0,0.8704,0.38078,0.36761,0.3843851270683638,0.366776231864768
C/2004 K1 (Catalina),18.596100484831673,150.0,35.0,0.87095,0.38045,0.36753,0.3843851270683638,0.366776231864768
C/2004 K1 (Catalina),18.596100484831673,150.0,40.0,0.8712,0.38034,0.36738,0.3843851270683638,0.366776231864768
C/2004 K1 (Catalina),18.596100484831673,150.0,50.0,0.8716,0.38024,0.36695,0.3843851270683638,0.366776231864768
C/2004 K1 (Catalina),18.596100484831673,150.0,60.0,0.87172,0.38035,0.36696,0.3843851270683638,0.366776231864768
C/2004 K1 (Catalina),18.596100484831673,150.0,80.0,0.87178,0.38056,0.36694,0.3843851270683638,0.366776231864768
C/2004 K1 (Catalina),18.596100484831673,150.0,100.0,0.87178,0.38055,0.36682,0.3843851270683638,0.366776231864768
C/2004 K1 (Catalina),18.596100484831673,150.0,150.0,0.87176,0.02902,0.36679,0.3843851270683638,0.366776231864768
C/2004 K1 (Catalina),18.596100484831673,150.0,200.0,0.87176,0.02902,0.36678,0.3843851270683638,0.366776231864768
C/2004 K1 (Catalina),18.596100484831673,150.0,250.0,0.87175,0.02903,0.36678,0.3843851270683638,0.366776231864768
C/2004 K1 (Catalina),18.596100484831673,250.0,8.0,0.65092,0.35093,0.01439,0.3534699402552888,0.34046709624465304
C/2004 K1 (Catalina),18.596100484831673,250.0,12.0,0.64843,0.35093,0.01439,0.3534699402552888,0.34046709624465304
C/2004 K1 (Catalina),18.596100484831673,250.0,16.0,0.65457,0.35093,0.01439,0.3534699402552888,0.34046709624465304
C/2004 K1 (Catalina),18.596100484831673,250.0,20.0,0.65559,0.35093,0.01439,0.3534699402552888,0.34046709624465304
C/2004 K1 (Catalina),18.596100484831673,250.0,25.0,0.65505,0.35093,0.01439,0.3534699402552888,0.34046709624465304
C/2004 K1 (Catalina),18.596100484831673,250.0,30.0,0.65464,0.35093,0.34133,0.3534699402552888,0.34046709624465304
C/2004 K1 (Catalina),18.596100484831673,250.0,35.0,0.30804,0.3506,0.34125,0.3534699402552888,0.34046709624465304
C/2004 K1 (Catalina),18.596100484831673,250.0,40.0,0.30823,0.35048,0.34109,0.3534699402552888,0.34046709624465304
C/2004 K1 (Catalina),18.596100484831673,250.0,50.0,0.30872,0.35037,0.34066,0.3534699402552888,0.34046709624465304
C/2004 K1 (Catalina),18.596100484831673,250.0,60.0,0.30878,0.35047,0.34066,0.3534699402552888,0.34046709624465304
C/2004 K1 (Catalina),18.596100484831673,250.0,80.0,0.30886,0.35067,0.34064,0.3534699402552888,0.34046709624465304
C/2004 K1 (Catalina),18.596100484831673,250.0,100.0,0.30887,0.35067,0.34053,0.3534699402552888,0.34046709624465304
C/2004 K1 (Catalina),18.596100484831673,250.0,150.0,0.30885,0.35067,0.34049,0.3534699402552888,0.34046709624465304
C/2004 K1 (Catalina),18.596100484831673,250.0,200.0,0.30884,0.35067,0.34048,0.3534699402552888,0.34046709624465304
C/2004 K1 (Catalina),18.596100484831673,250.0,250.0,0.30884,0.05916,0.34047,0.3534699402552888,0.34046709624465304
C/2006 HW51 (Siding Spring),19.137969515500764,8.0,8.0,111.2435,0.08085,0.68065,0.32404148777819464,0.7395890199022094
C/2006 HW51 (Siding Spring),19.137969515500764,8.0,12.0,111.24053,0.08085,0.68065,0.32404148777819464,0.7395890199022094
C/2006 HW51 (Siding Spring),19.137969515500764,8.0,16.0,111.23443,0.08085,0.68065,0.32404148777819464,0.7395890199022094
C/2006 HW51 (Siding Spring),19.137969515500764,8.0,20.0,111.23185,0.08085,0.68065,0.32404148777819464,0.7395890199022094
C/2006 HW51 (Siding Spring),19.137969515500764,8.0,25.0,111.23217,0.08085,0.68065,0.32404148777819464,0.7395890199022094
C/2006 HW51 (Siding Spring),19.137969515500764,8.0,30.0,111.23233,0.08085,0.68065,0.32404148777819464,0.7395890199022094
C/2006 HW51 (Siding Spring),19.137969515500764,8.0,35.0,111.23272,0.08085,0.68065,0.32404148777819464,0.7395890199022094
C/2006 HW51 (Siding Spring),19.137969515500764,8.0,40.0,111.23281,0.08085,0.68065,0.32404148777819464,0.7395890199022094
C/2006 HW51 (Siding Spring),19.137969515500764,8.0,50.0,111.23277,0.08085,0.68065,0.32404148777819464,0.7395890199022094
C/2006 HW51 (Siding Spring),19.137969515500764,8.0,60.0,111.23274,0.08085,0.68065,0.32404148777819464,0.7395890199022094
C/2006 HW51 (Siding Spring),19.137969515500764,8.0,80.0,111.23263,0.08085,0.73929,0.32404148777819464,0.7395890199022094
C/2006 HW51 (Siding Spring),19.137969515500764,8.0,100.0,110.91165,0.08085,0.73942,0.32404148777819464,0.7395890199022094
C/2006 HW51 (Siding Spring),19.137969515500764,8.0,150.0,110.91161,0.08085,0.73954,0.32404148777819464,0.7395890199022094
C/2006 HW51 (Siding Spring),19.137969515500764,8.0,200.0,110.91161,0.08085,0.73958,0.32404148777819464,0.7395890199022094
C/2006 HW51 (Siding Spring),19.137969515500764,8.0,250.0,110.91161,0.08085,0.73959,0.32404148777819464,0.7395890199022094
C/2006 HW51 (Siding Spring),19.137969515500764,25.0,8.0,144.76476,0.02852,0.20185,0.08744025224748468,0.20523444640008362
C/2006 HW51 (Siding Spring),19.137969515500764,25.0,12.0,144.76175,0.02852,0.20185,0.08744025224748468,0.20523444640008362
C/2006 HW51 (Siding Spring),19.137969515500764,25.0,16.0,144.75561,0.02852,0.20185,0.08744025224748468,0.20523444640008362
C/2006 HW51 (Siding Spring),19.137969515500764,25.0,20.0,144.75304,0.02852,0.20185,0.08744025224748468,0.20523444640008362
C/2006 HW51 (Siding Spring),19.137969515500764,25.0,25.0,144.75335,0.02852,0.20185,0.08744025224748468,0.20523444640008362
C/2006 HW51 (Siding Spring),19.137969515500764,25.0,30.0,144.75351,0.02852,0.20185,0.08744025224748468,0.20523444640008362
C/2006 HW51 (Siding Spring),19.137969515500764,25.0,35.0,144.7539,0.02872,0.20185,0.08744025224748468,0.20523444640008362
C/2006 HW51 (Siding Spring),19.137969515500764,25.0,40.0,144.75399,0.02868,0.20185,0.08744025224748468,0.20523444640008362
C/2006 HW51 (Siding Spring),19.137969515500764,25.0,50.0,144.81123,0.02875,0.20447,0.08744025224748468,0.20523444640008362
C/2006 HW51 (Siding Spring),19.137969515500764,25.0,60.0,144.81128,0.02877,0.20481,0.08744025224748468,0.20523444640008362
C/2006 HW51 (Siding Spring),19.137969515500764,25.0,80.0,144.81121,0.02877,0.20507,0.08744025224748468,0.20523444640008362
C/2006 HW51 (Siding Spring),19.137969515500764,25.0,100.0,144.81114,0.02877,0.2052,0.08744025224748468,0.20523444640008362
C/2006 HW51 (Siding Spring),19.137969515500764,25.0,150.0,144.81123,0.02877,0.20519,0.08744025224748468,0.20523444640008362
C/2006 HW51 (Siding Spring),19.137969515500764,25.0,200.0,144.81125,0.02877,0.20522,0.08744025224748468,0.20523444640008362
C/2006 HW51 (Siding Spring),19.137969515500764,25.0,250.0,144.81126,0.02877,0.20523,0.08744025224748468,0.20523444640008362
C/2006 HW51 (Siding Spring),19.137969515500764,50.0,8.0,,,,,
C/2006 HW51 (Siding Spring),19.137969515500764,50.0,12.0,,,,,
C/2006 HW51 (Siding Spring),19.137969515500764,50.0,16.0,,,,,
C/2006 HW51 (Siding Spring),19.137969515500764,50.0,20.0,,,,,
C/2006 HW51 (Siding Spring),19.137969515500764,50.0,25.0,,,,,
C/2006 HW51 (Siding Spring),19.137969515500764,50.0,30.0,,,,,
C/2006 HW51 (Siding Spring),19.137969515500764,50.0,35.0,,,,,
C/2006 HW51 (Siding Spring),19.137969515500764,50.0,40.0,,,,,
C/2006 HW51 (Siding Spring),19.137969515500764,50.0,50.0,,,,,
C/2006 HW51 (Siding Spring),19.137969515500764,50.0,60.0,,,,,
C/2006 HW51 (Siding Spring),19.137969515500764,50.0,80.0,,,,,
C/2006 HW51 (Siding Spring),19.137969515500764,50.0,100.0,,,,,
C/2006 HW51 (Siding Spring),19.137969515500764,50.0,150.0,,,,,
C/2006 HW51 (Siding Spring),19.137969515500764,50.0,200.0,,,,,
C/2006 HW51 (Siding Spring),19.137969515500764,50.0,250.0,,,,,
C/2006 HW51 (Siding Spring),19.137969515500764,100.0,8.0,2.49451,0.43731,,0.3969950402454422,
C/2006 HW51 (Siding Spring),19.137969515500764,100.0,12.0,2.49751,0.43731,,0.3969950402454422,
C/2006 HW51 (Siding Spring),19.137969515500764,100.0,16.0,2.50367,0.43731,,0.3969950402454422,
C/2006 HW51 (Siding Spring),19.137969515500764,100.0,20.0,2.50625,0.43731,,0.3969950402454422,
C/2006 HW51 (Siding Spring),19.137969515500764,100.0,25.0,2.50594,0.43731,,0.3969950402454422,
C/2006 HW51 (Siding Spring),19.137969515500764,100.0,30.0,2.50579,0.43731,,0.3969950402454422,
C/2006 HW51 (Siding Spring),19.137969515500764,100.0,35.0,2.5054,0.43731,,0.3969950402454422,
C/2006 HW51 (Siding Spring),19.137969515500764,100.0,40.0,2.50531,0.43731,,0.3969950402454422,
C/2006 HW51 (Siding Spring),19.137969515500764,100.0,50.0,2.9025,0.43739,,0.3969950402454422,
C/2006 HW51 (Siding Spring),19.137969515500764,100.0,60.0,2.9024,0.43746,,0.3969950402454422,
C/2006 HW51 (Siding Spring),19.137969515500764,100.0,80.0,2.90229,0.04342,,0.3969950402454422,
C/2006 HW51 (Siding Spring),19.137969515500764,100.0,100.0,2.90243,0.04342,,0.3969950402454422,
C/2006 HW51 (Siding Spring),19.137969515500764,100.0,150.0,2.9024,0.04342,,0.3969950402454422,
C/2006 HW51 (Siding Spring),19.137969515500764,100.0,200.0,2.9024,0.04342,,0.3969950402454422,
C/2006 HW51 (Siding Spring),19.137969515500764,100.0,250.0,2.9024,0.04342,,0.3969950402454422,
C/2006 HW51 (Siding Spring),19.137969515500764,150.0,8.0,0.76974,0.39717,0.19997,0.4178647615994713,0.6097170478561416
C/2006 HW51 (Siding Spring),19.137969515500764,150.0,12.0,0.77209,0.39717,0.19997,0.4178647615994713,0.6097170478561416
C/2006 HW51 (Siding Spring),19.137969515500764,150.0,16.0,0.77778,0.39717,0.19997,0.4178647615994713,0.6097170478561416
C/2006 HW51 (Siding Spring),19.137969515500764,150.0,20.0,0.78032,0.39717,0.19997,0.4178647615994713,0.6097170478561416
C/2006 HW51 (Siding Spring),19.137969515500764,150.0,25.0,0.77996,0.39717,0.19997,0.4178647615994713,0.6097170478561416
C/2006 HW51 (Siding Spring),19.137969515500764,150.0,30.0,0.77978,0.39717,0.19997,0.4178647615994713,0.6097170478561416
C/2006 HW51 (Siding Spring),19.137969515500764,150.0,35.0,0.77936,0.39717,0.19997,0.4178647615994713,0.6097170478561416
C/2006 HW51 (Siding Spring),19.137969515500764,150.0,40.0,0.77926,0.39717,0.19997,0.4178647615994713,0.6097170478561416
C/2006 HW51 (Siding Spring),19.137969515500764,150.0,50.0,1.19687,0.39724,0.61012,0.4178647615994713,0.6097170478561416
C/2006 HW51 (Siding Spring),19.137969515500764,150.0,60.0,1.19676,0.39723,0.60999,0.4178647615994713,0.6097170478561416
C/2006 HW51 (Siding Spring),19.137969515500764,150.0,80.0,1.19666,0.3973,0.60987,0.4178647615994713,0.6097170478561416
C/2006 HW51 (Siding Spring),19.137969515500764,150.0,100.0,1.19677,0.39718,0.60978,0.4178647615994713,0.6097170478561416
C/2006 HW51 (Siding Spring),19.137969515500764,150.0,150.0,1.19674,0.02087,0.60973,0.4178647615994713,0.6097170478561416
C/2006 HW51 (Siding Spring),19.137969515500764,150.0,200.0,1.19674,0.02087,0.60972,0.4178647615994713,0.6097170478561416
C/2006 HW51 (Siding Spring),19.137969515500764,150.0,250.0,1.19675,0.02087,0.60972,0.4178647615994713,0.6097170478561416
C/2006 HW51 (Siding Spring),19.137969515500764,250.0,8.0,0.06035,0.42269,1.0029,0.4319903529399982,1.4310299322439175
C/2006 HW51 (Siding Spring),19.137969515500764,250.0,12.0,0.05465,0.42269,1.0029,0.4319903529399982,1.4310299322439175
C/2006 HW51 (Siding Spring),19.137969515500764,250.0,16.0,0.04745,0.42269,1.0029,0.4319903529399982,1.4310299322439175
C/2006 HW51 (Siding Spring),19.137969515500764,250.0,20.0,0.04485,0.42269,1.0029,0.4319903529399982,1.4310299322439175
C/2006 HW51 (Siding Spring),19.137969515500764,250.0,25.0,0.04511,0.42269,1.0029,0.4319903529399982,1.4310299322439175
C/2006 HW51 (Siding Spring),19.137969515500764,250.0,30.0,0.04524,0.42269,1.0029,0.4319903529399982,1.4310299322439175
C/2006 HW51 (Siding Spring),19.137969515500764,250.0,35.0,0.04563,0.42269,1.0029,0.4319903529399982,1.4310299322439175
C/2006 HW51 (Siding Spring),19.137969515500764,250.0,40.0,0.04571,0.42269,1.0029,0.4319903529399982,1.4310299322439175
C/2006 HW51 (Siding Spring),19.137969515500764,250.0,50.0,0.38677,0.42276,1.43144,0.4319903529399982,1.4310299322439175
C/2006 HW51 (Siding Spring),19.137969515500764,250.0,60.0,0.38666,0.42275,1.43133,0.4319903529399982,1.4310299322439175
C/2006 HW51 (Siding Spring),19.137969515500764,250.0,80.0,0.38657,0.42279,1.4312,0.4319903529399982,1.4310299322439175
C/2006 HW51 (Siding Spring),19.137969515500764,250.0,100.0,0.38666,0.42267,1.43108,0.4319903529399982,1.4310299322439175
C/2006 HW51 (Siding Spring),19.137969515500764,250.0,150.0,0.38664,0.42264,1.43104,0.4319903529399982,1.4310299322439175
C/2006 HW51 (Siding Spring),19.137969515500764,250.0,200.0,0.38665,0.42263,1.43104,0.4319903529399982,1.4310299322439175
C/2006 HW51 (Siding Spring),19.137969515500764,250.0,250.0,0.38665,0.00921,1.43103,0.4319903529399982,1.4310299322439175
C/2014 A4 (SONEAR),169.47214087161976,8.0,8.0,,,,,
C/2014 A4 (SONEAR),169.47214087161976,8.0,12.0,,,,,
C/2014 A4 (SONEAR),169.47214087161976,8.0,16.0,,,,,
C/2014 A4 (SONEAR),169.47214087161976,8.0,20.0,,,,,
C/2014 A4 (SONEAR),169.47214087161976,8.0,25.0,,,,,
C/2014 A4 (SONEAR),169.47214087161976,8.0,30.0,,,,,
C/2014 A4 (SONEAR),169.47214087161976,8.0,35.0,,,,,
C/2014 A4 (SONEAR),169.47214087161976,8.0,40.0,,,,,
C/2014 A4 (SONEAR),169.47214087161976,8.0,50.0,,,,,
C/2014 A4 (SONEAR),169.47214087161976,8.0,60.0,,,,,
C/2014 A4 (SONEAR),169.47214087161976,8.0,80.0,,,,,
C/2014 A4 (SONEAR),169.47214087161976,8.0,100.0,,,,,
C/2014 A4 (SONEAR),169.47214087161976,8.0,150.0,,,,,
C/2014 A4 (SONEAR),169.47214087161976,8.0,200.0,,,,,
C/2014 A4 (SONEAR),169.47214087161976,8.0,250.0,,,,,
C/2014 A4 (SONEAR),169.47214087161976,25.0,8.0,,,,,
C/2014 A4 (SONEAR),169.47214087161976,25.0,12.0,,,,,
C/2014 A4 (SONEAR),169.47214087161976,25.0,16.0,,,,,
C/2014 A4 (SONEAR),169.47214087161976,25.0,20.0,,,,,
C/2014 A4 (SONEAR),169.47214087161976,25.0,25.0,,,,,
C/2014 A4 (SONEAR),169.47214087161976,25.0,30.0,,,,,
C/2014 A4 (SONEAR),169.47214087161976,25.0,35.0,,,,,
C/2014 A4 (SONEAR),169.47214087161976,25.0,40.0,,,,,
C/2014 A4 (SONEAR),169.47214087161976,25.0,50.0,,,,,
C/2014 A4 (SONEAR),169.47214087161976,25.0,60.0,,,,,
C/2014 A4 (SONEAR),169.47214087161976,25.0,80.0,,,,,
C/2014 A4 (SONEAR),169.47214087161976,25.0,100.0,,,,,
C/2014 A4 (SONEAR),169.47214087161976,25.0,150.0,,,,,
C/2014 A4 (SONEAR),169.47214087161976,25.0,200.0,,,,,
C/2014 A4 (SONEAR),169.47214087161976,25.0,250.0,,,,,
C/2014 A4 (SONEAR),169.47214087161976,50.0,8.0,0.6556,0.12357,0.13604,0.10355416754400316,0.10353977259331523
C/2014 A4 (SONEAR),169.47214087161976,50.0,12.0,0.65288,0.11647,0.12011,0.10355416754400316,0.10353977259331523
C/2014 A4 (SONEAR),169.47214087161976,50.0,16.0,0.65412,0.11124,0.11188,0.10355416754400316,0.10353977259331523
C/2014 A4 (SONEAR),169.47214087161976,50.0,20.0,0.65287,0.10892,0.10749,0.10355416754400316,0.10353977259331523
C/2014 A4 (SONEAR),169.47214087161976,50.0,25.0,0.65355,0.10659,0.10601,0.10355416754400316,0.10353977259331523
C/2014 A4 (SONEAR),169.47214087161976,50.0,30.0,0.65332,0.1053,0.10478,0.10355416754400316,0.10353977259331523
C/2014 A4 (SONEAR),169.47214087161976,50.0,35.0,0.6535,0.10511,0.10479,0.10355416754400316,0.10353977259331523
C/2014 A4 (SONEAR),169.47214087161976,50.0,40.0,0.6535,0.10497,0.1048,0.10355416754400316,0.10353977259331523
C/2014 A4 (SONEAR),169.47214087161976,50.0,50.0,0.65339,0.00049,0.10441,0.10355416754400316,0.10353977259331523
C/2014 A4 (SONEAR),169.47214087161976,50.0,60.0,0.65338,0.00049,0.10407,0.10355416754400316,0.10353977259331523
C/2014 A4 (SONEAR),169.47214087161976,50.0,80.0,0.65334,0.00049,0.10367,0.10355416754400316,0.10353977259331523
C/2014 A4 (SONEAR),169.47214087161976,50.0,100.0,0.65338,0.00049,0.10366,0.10355416754400316,0.10353977259331523
C/2014 A4 (SONEAR),169.47214087161976,50.0,150.0,0.65337,0.00049,0.10356,0.10355416754400316,0.10353977259331523
C/2014 A4 (SONEAR),169.47214087161976,50.0,200.0,0.65337,0.00049,0.10355,0.10355416754400316,0.10353977259331523
C/2014 A4 (SONEAR),169.47214087161976,50.0,250.0,0.65337,0.00049,0.10354,0.10355416754400316,0.10353977259331523
C/2014 A4 (SONEAR),169.47214087161976,100.0,8.0,0.17295,0.12589,0.1381,0.1061183088896063,0.10610111923473325
C/2014 A4 (SONEAR),169.47214087161976,100.0,12.0,0.17607,0.1187,0.12225,0.1061183088896063,0.10610111923473325
C/2014 A4 (SONEAR),169.47214087161976,100.0,16.0,0.17731,0.11368,0.11427,0.1061183088896063,0.10610111923473325
C/2014 A4 (SONEAR),169.47214087161976,100.0,20.0,0.17607,0.11146,0.11002,0.1061183088896063,0.10610111923473325
C/2014 A4 (SONEAR),169.47214087161976,100.0,25.0,0.17677,0.10919,0.10857,0.1061183088896063,0.10610111923473325
C/2014 A4 (SONEAR),169.47214087161976,100.0,30.0,0.17653,0.10792,0.10736,0.1061183088896063,0.10610111923473325
C/2014 A4 (SONEAR),169.47214087161976,100.0,35.0,0.17672,0.10772,0.10736,0.1061183088896063,0.10610111923473325
C/2014 A4 (SONEAR),169.47214087161976,100.0,40.0,0.17672,0.10758,0.10736,0.1061183088896063,0.10610111923473325
C/2014 A4 (SONEAR),169.47214087161976,100.0,50.0,0.17661,0.10728,0.10698,0.1061183088896063,0.10610111923473325
C/2014 A4 (SONEAR),169.47214087161976,100.0,60.0,0.1766,0.10723,0.10664,0.1061183088896063,0.10610111923473325
C/2014 A4 (SONEAR),169.47214087161976,100.0,80.0,0.17659,0.1072,0.10625,0.1061183088896063,0.10610111923473325
C/2014 A4 (SONEAR),169.47214087161976,100.0,100.0,0.17661,0.00161,0.10622,0.1061183088896063,0.10610111923473325
C/2014 A4 (SONEAR),169.47214087161976,100.0,150.0,0.17661,0.00161,0.10613,0.1061183088896063,0.10610111923473325
C/2014 A4 (SONEAR),169.47214087161976,100.0,200.0,0.17661,0.00161,0.10611,0.1061183088896063,0.10610111923473325
C/2014 A4 (SONEAR),169.47214087161976,100.0,250.0,0.17661,0.00161,0.1061,0.1061183088896063,0.10610111923473325
C/2014 A4 (SONEAR),169.47214087161976,150.0,8.0,0.075,0.12241,0.13834,0.10637255655414657,0.10640663749016144
C/2014 A4 (SONEAR),169.47214087161976,150.0,12.0,0.07811,0.11522,0.12251,0.10637255655414657,0.10640663749016144
C/2014 A4 (SONEAR),169.47214087161976,150.0,16.0,0.07932,0.11014,0.11456,0.10637255655414657,0.10640663749016144
C/2014 A4 (SONEAR),169.47214087161976,150.0,20.0,0.07807,0.10792,0.11032,0.10637255655414657,0.10640663749016144
C/2014 A4 (SONEAR),169.47214087161976,150.0,25.0,0.07877,0.10565,0.10919,0.10637255655414657,0.10640663749016144
C/2014 A4 (SONEAR),169.47214087161976,150.0,30.0,0.07855,0.10438,0.10767,0.10637255655414657,0.10640663749016144
C/2014 A4 (SONEAR),169.47214087161976,150.0,35.0,0.07873,0.10417,0.10767,0.10637255655414657,0.10640663749016144
C/2014 A4 (SONEAR),169.47214087161976,150.0,40.0,0.07873,0.10403,0.10767,0.10637255655414657,0.10640663749016144
C/2014 A4 (SONEAR),169.47214087161976,150.0,50.0,0.07862,0.10372,0.10728,0.10637255655414657,0.10640663749016144
C/2014 A4 (SONEAR),169.47214087161976,150.0,60.0,0.07862,0.10367,0.10697,0.10637255655414657,0.10640663749016144
C/2014 A4 (SONEAR),169.47214087161976,150.0,80.0,0.07861,0.10363,0.10655,0.10637255655414657,0.10640663749016144
C/2014 A4 (SONEAR),169.47214087161976,150.0,100.0,0.07863,0.10364,0.10653,0.10637255655414657,0.10640663749016144
C/2014 A4 (SONEAR),169.47214087161976,150.0,150.0,0.07863,0.00234,0.10643,0.10637255655414657,0.10640663749016144
C/2014 A4 (SONEAR),169.47214087161976,150.0,200.0,0.07863,0.00234,0.10641,0.10637255655414657,0.10640663749016144
C/2014 A4 (SONEAR),169.47214087161976,150.0,250.0,0.07863,0.00234,0.10641,0.10637255655414657,0.10640663749016144
C/2014 A4 (SONEAR),169.47214087161976,250.0,8.0,0.02608,0.13049,0.13356,0.10722719137372685,0.10718775419083576
C/2014 A4 (SONEAR),169.47214087161976,250.0,12.0,0.02917,0.12326,0.12325,0.10722719137372685,0.10718775419083576
C/2014 A4 (SONEAR),169.47214087161976,250.0,16.0,0.0304,0.11831,0.11533,0.10722719137372685,0.10718775419083576
C/2014 A4 (SONEAR),169.47214087161976,250.0,20.0,0.02916,0.11612,0.1111,0.10722719137372685,0.10718775419083576
C/2014 A4 (SONEAR),169.47214087161976,250.0,25.0,0.02986,0.11386,0.10998,0.10722719137372685,0.10718775419083576
C/2014 A4 (SONEAR),169.47214087161976,250.0,30.0,0.02962,0.1126,0.10846,0.10722719137372685,0.10718775419083576
C/2014 A4 (SONEAR),169.47214087161976,250.0,35.0,0.0298,0.1124,0.10846,0.10722719137372685,0.10718775419083576
C/2014 A4 (SONEAR),169.47214087161976,250.0,40.0,0.02981,0.11226,0.10846,0.10722719137372685,0.10718775419083576
C/2014 A4 (SONEAR),169.47214087161976,250.0,50.0,0.0297,0.11196,0.10807,0.10722719137372685,0.10718775419083576
C/2014 A4 (SONEAR),169.47214087161976,250.0,60.0,0.02972,0.11191,0.10778,0.10722719137372685,0.10718775419083576
C/2014 A4 (SONEAR),169.47214087161976,250.0,80.0,0.02968,0.11187,0.10733,0.10722719137372685,0.10718775419083576
C/2014 A4 (SONEAR),169.47214087161976,250.0,100.0,0.0297,0.11188,0.10731,0.10722719137372685,0.10718775419083576
C/2014 A4 (SONEAR),169.47214087161976,250.0,150.0,0.0297,0.11181,0.10721,0.10722719137372685,0.10718775419083576
C/2014 A4 (SONEAR),169.47214087161976,250.0,200.0,0.0297,0.11179,0.10719,0.10722719137372685,0.10718775419083576
C/2014 A4 (SONEAR),169.47214087161976,250.0,250.0,0.0297,0.00725,0.10719,0.10722719137372685,0.10718775419083576
C/1987 W3 (Jensen-Shoemaker),168.13509081600205,8.0,8.0,90.30218,0.18949,0.75891,0.0657822320845611,0.6852731506496672
C/1987 W3 (Jensen-Shoemaker),168.13509081600205,8.0,12.0,90.30394,0.18949,0.75891,0.0657822320845611,0.6852731506496672
C/1987 W3 (Jensen-Shoemaker),168.13509081600205,8.0,16.0,90.30037,0.18949,0.75891,0.0657822320845611,0.6852731506496672
C/1987 W3 (Jensen-Shoemaker),168.13509081600205,8.0,20.0,90.29849,0.18949,0.75891,0.0657822320845611,0.6852731506496672
C/1987 W3 (Jensen-Shoemaker),168.13509081600205,8.0,25.0,90.29741,0.18949,0.75891,0.0657822320845611,0.6852731506496672
C/1987 W3 (Jensen-Shoemaker),168.13509081600205,8.0,30.0,90.29646,0.18949,0.75891,0.0657822320845611,0.6852731506496672
C/1987 W3 (Jensen-Shoemaker),168.13509081600205,8.0,35.0,90.29548,0.18949,0.75891,0.0657822320845611,0.6852731506496672
C/1987 W3 (Jensen-Shoemaker),168.13509081600205,8.0,40.0,90.2949,0.18949,0.75891,0.0657822320845611,0.6852731506496672
C/1987 W3 (Jensen-Shoemaker),168.13509081600205,8.0,50.0,90.29397,0.18949,0.75891,0.0657822320845611,0.6852731506496672
C/1987 W3 (Jensen-Shoemaker),168.13509081600205,8.0,60.0,90.29331,0.18949,0.75891,0.0657822320845611,0.6852731506496672
C/1987 W3 (Jensen-Shoemaker),168.13509081600205,8.0,80.0,90.29286,0.18949,0.75891,0.0657822320845611,0.6852731506496672
C/1987 W3 (Jensen-Shoemaker),168.13509081600205,8.0,100.0,90.29275,0.1895,0.68531,0.0657822320845611,0.6852731506496672
C/1987 W3 (Jensen-Shoemaker),168.13509081600205,8.0,150.0,90.24335,0.1895,0.68531,0.0657822320845611,0.6852731506496672
C/1987 W3 (Jensen-Shoemaker),168.13509081600205,8.0,200.0,90.2433,0.1895,0.68529,0.0657822320845611,0.6852731506496672
C/1987 W3 (Jensen-Shoemaker),168.13509081600205,8.0,250.0,90.24328,0.1895,0.68527,0.0657822320845611,0.6852731506496672
C/1987 W3 (Jensen-Shoemaker),168.13509081600205,25.0,8.0,134.35436,0.02904,3.00338,0.1675226958718301,2.414635894096004
C/1987 W3 (Jensen-Shoemaker),168.13509081600205,25.0,12.0,134.35614,0.02904,3.00338,0.1675226958718301,2.414635894096004
C/1987 W3 (Jensen-Shoemaker),168.13509081600205,25.0,16.0,134.35257,0.02904,3.00338,0.1675226958718301,2.414635894096004
C/1987 W3 (Jensen-Shoemaker),168.13509081600205,25.0,20.0,134.35069,0.02904,3.00338,0.1675226958718301,2.414635894096004
C/1987 W3 (Jensen-Shoemaker),168.13509081600205,25.0,25.0,134.34961,0.02904,3.00338,0.1675226958718301,2.414635894096004
C/1987 W3 (Jensen-Shoemaker),168.13509081600205,25.0,30.0,134.34866,0.02904,3.00338,0.1675226958718301,2.414635894096004
C/1987 W3 (Jensen-Shoemaker),168.13509081600205,25.0,35.0,134.34768,0.02904,3.00338,0.1675226958718301,2.414635894096004
C/1987 W3 (Jensen-Shoemaker),168.13509081600205,25.0,40.0,134.34709,0.02919,3.00338,0.1675226958718301,2.414635894096004
C/1987 W3 (Jensen-Shoemaker),168.13509081600205,25.0,50.0,134.34617,0.02938,3.00338,0.1675226958718301,2.414635894096004
C/1987 W3 (Jensen-Shoemaker),168.13509081600205,25.0,60.0,134.18166,0.02936,2.41469,0.1675226958718301,2.414635894096004
C/1987 W3 (Jensen-Shoemaker),168.13509081600205,25.0,80.0,134.18126,0.02936,2.41472,0.1675226958718301,2.414635894096004
C/1987 W3 (Jensen-Shoemaker),168.13509081600205,25.0,100.0,134.18119,0.02936,2.41472,0.1675226958718301,2.414635894096004
C/1987 W3 (Jensen-Shoemaker),168.13509081600205,25.0,150.0,134.18113,0.02935,2.41463,0.1675226958718301,2.414635894096004
C/1987 W3 (Jensen-Shoemaker),168.13509081600205,25.0,200.0,134.1811,0.02935,2.41464,0.1675226958718301,2.414635894096004
C/1987 W3 (Jensen-Shoemaker),168.13509081600205,25.0,250.0,134.18109,0.02935,2.41464,0.1675226958718301,2.414635894096004
C/1987 W3 (Jensen-Shoemaker),168.13509081600205,50.0,8.0,,,,,
C/1987 W3 (Jensen-Shoemaker),168.13509081600205,50.0,12.0,,,,,
C/1987 W3 (Jensen-Shoemaker),168.13509081600205,50.0,16.0,,,,,
C/1987 W3 (Jensen-Shoemaker),168.13509081600205,50.0,20.0,,,,,
C/1987 W3 (Jensen-Shoemaker),168.13509081600205,50.0,25.0,,,,,
C/1987 W3 (Jensen-Shoemaker),168.13509081600205,50.0,30.0,,,,,
C/1987 W3 (Jensen-Shoemaker),168.13509081600205,50.0,35.0,,,,,
C/1987 W3 (Jensen-Shoemaker),168.13509081600205,50.0,40.0,,,,,
C/1987 W3 (Jensen-Shoemaker),168.13509081600205,50.0,50.0,,,,,
C/1987 W3 (Jensen-Shoemaker),168.13509081600205,50.0,60.0,,,,,
C/1987 W3 (Jensen-Shoemaker),168.13509081600205,50.0,80.0,,,,,
C/1987 W3 (Jensen-Shoemaker),168.13509081600205,50.0,100.0,,,,,
C/1987 W3 (Jensen-Shoemaker),168.13509081600205,50.0,150.0,,,,,
C/1987 W3 (Jensen-Shoemaker),168.13509081600205,50.0,200.0,,,,,
C/1987 W3 (Jensen-Shoemaker),168.13509081600205,50.0,250.0,,,,,
C/1987 W3 (Jensen-Shoemaker),168.13509081600205,100.0,8.0,3.49639,0.37375,,0.46083158507611954,
C/1987 W3 (Jensen-Shoemaker),168.13509081600205,100.0,12.0,3.49461,0.37375,,0.46083158507611954,
C/1987 W3 (Jensen-Shoemaker),168.13509081600205,100.0,16.0,3.49817,0.37375,,0.46083158507611954,
C/1987 W3 (Jensen-Shoemaker),168.13509081600205,100.0,20.0,3.50005,0.37375,,0.46083158507611954,
C/1987 W3 (Jensen-Shoemaker),168.13509081600205,100.0,25.0,3.50113,0.37375,,0.46083158507611954,
C/1987 W3 (Jensen-Shoemaker),168.13509081600205,100.0,30.0,3.50208,0.37375,,0.46083158507611954,
C/1987 W3 (Jensen-Shoemaker),168.13509081600205,100.0,35.0,3.50306,0.37375,,0.46083158507611954,
C/1987 W3 (Jensen-Shoemaker),168.13509081600205,100.0,40.0,3.50365,0.37375,,0.46083158507611954,
C/1987 W3 (Jensen-Shoemaker),168.13509081600205,100.0,50.0,3.84572,0.37373,,0.46083158507611954,
C/1987 W3 (Jensen-Shoemaker),168.13509081600205,100.0,60.0,3.84608,0.37375,,0.46083158507611954,
C/1987 W3 (Jensen-Shoemaker),168.13509081600205,100.0,80.0,3.84633,0.02487,,0.46083158507611954,
C/1987 W3 (Jensen-Shoemaker),168.13509081600205,100.0,100.0,3.84632,0.02486,,0.46083158507611954,
C/1987 W3 (Jensen-Shoemaker),168.13509081600205,100.0,150.0,3.8463,0.02486,,0.46083158507611954,
C/1987 W3 (Jensen-Shoemaker),168.13509081600205,100.0,200.0,3.8463,0.02487,,0.46083158507611954,
C/1987 W3 (Jensen-Shoemaker),168.13509081600205,100.0,250.0,3.84631,0.14537,,0.46083158507611954,
C/1987 W3 (Jensen-Shoemaker),168.13509081600205,150.0,8.0,1.26054,0.25096,,0.22873603313758423,
C/1987 W3 (Jensen-Shoemaker),168.13509081600205,150.0,12.0,1.25901,0.25096,,0.22873603313758423,
C/1987 W3 (Jensen-Shoemaker),168.13509081600205,150.0,16.0,1.26262,0.25096,,0.22873603313758423,
C/1987 W3 (Jensen-Shoemaker),168.13509081600205,150.0,20.0,1.26453,0.25096,,0.22873603313758423,
C/1987 W3 (Jensen-Shoemaker),168.13509081600205,150.0,25.0,1.2656,0.25096,,0.22873603313758423,
C/1987 W3 (Jensen-Shoemaker),168.13509081600205,150.0,30.0,1.26654,0.25096,,0.22873603313758423,
C/1987 W3 (Jensen-Shoemaker),168.13509081600205,150.0,35.0,1.2675,0.25096,,0.22873603313758423,
C/1987 W3 (Jensen-Shoemaker),168.13509081600205,150.0,40.0,1.26808,0.25096,,0.22873603313758423,
C/1987 W3 (Jensen-Shoemaker),168.13509081600205,150.0,50.0,1.49789,0.25093,,0.22873603313758423,
C/1987 W3 (Jensen-Shoemaker),168.13509081600205,150.0,60.0,1.49827,0.2509,,0.22873603313758423,
C/1987 W3 (Jensen-Shoemaker),168.13509081600205,150.0,80.0,1.49849,0.2509,,0.22873603313758423,
C/1987 W3 (Jensen-Shoemaker),168.13509081600205,150.0,100.0,1.4985,0.25091,,0.22873603313758423,
C/1987 W3 (Jensen-Shoemaker),168.13509081600205,150.0,150.0,1.49849,0.02075,,0.22873603313758423,
C/1987 W3 (Jensen-Shoemaker),168.13509081600205,150.0,200.0,1.49848,0.02075,,0.22873603313758423,
C/1987 W3 (Jensen-Shoemaker),168.13509081600205,150.0,250.0,1.49848,0.02075,,0.22873603313758423,
C/1987 W3 (Jensen-Shoemaker),168.13509081600205,250.0,8.0,0.2946,0.20287,0.53997,0.20096856533369598,0.6398602246170482
C/1987 W3 (Jensen-Shoemaker),168.13509081600205,250.0,12.0,0.29269,0.20287,0.53997,0.20096856533369598,0.6398602246170482
C/1987 W3 (Jensen-Shoemaker),168.13509081600205,250.0,16.0,0.29625,0.20287,0.53997,0.20096856533369598,0.6398602246170482
C/1987 W3 (Jensen-Shoemaker),168.13509081600205,250.0,20.0,0.29812,0.20287,0.53997,0.20096856533369598,0.6398602246170482
C/1987 W3 (Jensen-Shoemaker),168.13509081600205,250.0,25.0,0.29921,0.20287,0.53997,0.20096856533369598,0.6398602246170482
C/1987 W3 (Jensen-Shoemaker),168.13509081600205,250.0,30.0,0.30016,0.20287,0.53997,0.20096856533369598,0.6398602246170482
C/1987 W3 (Jensen-Shoemaker),168.13509081600205,250.0,35.0,0.30114,0.20287,0.53997,0.20096856533369598,0.6398602246170482
C/1987 W3 (Jensen-Shoemaker),168.13509081600205,250.0,40.0,0.30173,0.20287,0.53997,0.20096856533369598,0.6398602246170482
C/1987 W3 (Jensen-Shoemaker),168.13509081600205,250.0,50.0,0.50443,0.20285,0.63984,0.20096856533369598,0.6398602246170482
C/1987 W3 (Jensen-Shoemaker),168.13509081600205,250.0,60.0,0.50482,0.20281,0.63987,0.20096856533369598,0.6398602246170482
C/1987 W3 (Jensen-Shoemaker),168.13509081600205,250.0,80.0,0.50505,0.20279,0.63992,0.20096856533369598,0.6398602246170482
C/1987 W3 (Jensen-Shoemaker),168.13509081600205,250.0,100.0,0.50506,0.2028,0.63997,0.20096856533369598,0.6398602246170482
C/1987 W3 (Jensen-Shoemaker),168.13509081600205,250.0,150.0,0.50505,0.20279,0.63988,0.20096856533369598,0.6398602246170482
C/1987 W3 (Jensen-Shoemaker),168.13509081600205,250.0,200.0,0.50504,0.20279,0.63986,0.20096856533369598,0.6398602246170482
C/1987 W3 (Jensen-Shoemaker),168.13509081600205,250.0,250.0,0.50504,0.00377,0.63986,0.20096856533369598,0.6398602246170482
C/1999 T3 (LINEAR),163.05668033391566,8.0,8.0,73.96884,0.03577,0.02015,0.03694522186826724,0.01678300094629993
C/1999 T3 (LINEAR),163.05668033391566,8.0,12.0,73.96827,0.03577,0.02015,0.03694522186826724,0.01678300094629993
C/1999 T3 (LINEAR),163.05668033391566,8.0,16.0,73.97053,0.03577,0.02015,0.03694522186826724,0.01678300094629993
C/1999 T3 (LINEAR),163.05668033391566,8.0,20.0,73.97122,0.03577,0.02015,0.03694522186826724,0.01678300094629993
C/1999 T3 (LINEAR),163.05668033391566,8.0,25.0,73.97183,0.03595,0.02015,0.03694522186826724,0.01678300094629993
C/1999 T3 (LINEAR),163.05668033391566,8.0,30.0,73.93374,0.03601,0.0182,0.03694522186826724,0.01678300094629993
C/1999 T3 (LINEAR),163.05668033391566,8.0,35.0,73.93397,0.036,0.01772,0.03694522186826724,0.01678300094629993
C/1999 T3 (LINEAR),163.05668033391566,8.0,40.0,73.93411,0.036,0.01744,0.03694522186826724,0.01678300094629993
C/1999 T3 (LINEAR),163.05668033391566,8.0,50.0,73.93404,0.036,0.01708,0.03694522186826724,0.01678300094629993
C/1999 T3 (LINEAR),163.05668033391566,8.0,60.0,73.93394,0.03599,0.01692,0.03694522186826724,0.01678300094629993
C/1999 T3 (LINEAR),163.05668033391566,8.0,80.0,73.93365,0.036,0.01683,0.03694522186826724,0.01678300094629993
C/1999 T3 (LINEAR),163.05668033391566,8.0,100.0,73.93355,0.036,0.01679,0.03694522186826724,0.01678300094629993
C/1999 T3 (LINEAR),163.05668033391566,8.0,150.0,73.93342,0.036,0.01679,0.03694522186826724,0.01678300094629993
C/1999 T3 (LINEAR),163.05668033391566,8.0,200.0,73.93337,0.036,0.01679,0.03694522186826724,0.01678300094629993
C/1999 T3 (LINEAR),163.05668033391566,8.0,250.0,73.93335,0.036,0.01678,0.03694522186826724,0.01678300094629993
C/1999 T3 (LINEAR),163.05668033391566,25.0,8.0,,,,,
C/1999 T3 (LINEAR),163.05668033391566,25.0,12.0,,,,,
C/1999 T3 (LINEAR),163.05668033391566,25.0,16.0,,,,,
C/1999 T3 (LINEAR),163.05668033391566,25.0,20.0,,,,,
C/1999 T3 (LINEAR),163.05668033391566,25.0,25.0,,,,,
C/1999 T3 (LINEAR),163.05668033391566,25.0,30.0,,,,,
C/1999 T3 (LINEAR),163.05668033391566,25.0,35.0,,,,,
C/1999 T3 (LINEAR),163.05668033391566,25.0,40.0,,,,,
C/1999 T3 (LINEAR),163.05668033391566,25.0,50.0,,,,,
C/1999 T3 (LINEAR),163.05668033391566,25.0,60.0,,,,,
C/1999 T3 (LINEAR),163.05668033391566,25.0,80.0,,,,,
C/1999 T3 (LINEAR),163.05668033391566,25.0,100.0,,,,,
C/1999 T3 (LINEAR),163.05668033391566,25.0,150.0,,,,,
C/1999 T3 (LINEAR),163.05668033391566,25.0,200.0,,,,,
C/1999 T3 (LINEAR),163.05668033391566,25.0,250.0,,,,,
C/1999 T3 (LINEAR),163.05668033391566,50.0,8.0,,,,,
C/1999 T3 (LINEAR),163.05668033391566,50.0,12.0,,,,,
C/1999 T3 (LINEAR),163.05668033391566,50.0,16.0,,,,,
C/1999 T3 (LINEAR),163.05668033391566,50.0,20.0,,,,,
C/1999 T3 (LINEAR),163.05668033391566,50.0,25.0,,,,,
C/1999 T3 (LINEAR),163.05668033391566,50.0,30.0,,,,,
C/1999 T3 (LINEAR),163.05668033391566,50.0,35.0,,,,,
C/1999 T3 (LINEAR),163.05668033391566,50.0,40.0,,,,,
C/1999 T3 (LINEAR),163.05668033391566,50.0,50.0,,,,,
C/1999 T3 (LINEAR),163.05668033391566,50.0,60.0,,,,,
C/1999 T3 (LINEAR),163.05668033391566,50.0,80.0,,,,,
C/1999 T3 (LINEAR),163.05668033391566,50.0,100.0,,,,,
C/1999 T3 (LINEAR),163.05668033391566,50.0,150.0,,,,,
C/1999 T3 (LINEAR),163.05668033391566,50.0,200.0,,,,,
C/1999 T3 (LINEAR),163.05668033391566,50.0,250.0,,,,,
C/1999 T3 (LINEAR),163.05668033391566,100.0,8.0,0.94864,0.02782,0.00541,0.026921291049611246,0.0273461247576988
C/1999 T3 (LINEAR),163.05668033391566,100.0,12.0,0.94912,0.02782,0.00541,0.026921291049611246,0.0273461247576988
C/1999 T3 (LINEAR),163.05668033391566,100.0,16.0,0.97911,0.02782,0.02967,0.026921291049611246,0.0273461247576988
C/1999 T3 (LINEAR),163.05668033391566,100.0,20.0,0.98007,0.02693,0.03066,0.026921291049611246,0.0273461247576988
C/1999 T3 (LINEAR),163.05668033391566,100.0,25.0,0.98064,0.0257,0.03056,0.026921291049611246,0.0273461247576988
C/1999 T3 (LINEAR),163.05668033391566,100.0,30.0,0.98043,0.02517,0.02964,0.026921291049611246,0.0273461247576988
C/1999 T3 (LINEAR),163.05668033391566,100.0,35.0,0.98047,0.02476,0.02915,0.026921291049611246,0.0273461247576988
C/1999 T3 (LINEAR),163.05668033391566,100.0,40.0,0.98041,0.02465,0.02879,0.026921291049611246,0.0273461247576988
C/1999 T3 (LINEAR),163.05668033391566,100.0,50.0,0.98029,0.02459,0.02817,0.026921291049611246,0.0273461247576988
C/1999 T3 (LINEAR),163.05668033391566,100.0,60.0,0.98028,0.02464,0.02788,0.026921291049611246,0.0273461247576988
C/1999 T3 (LINEAR),163.05668033391566,100.0,80.0,0.98029,0.02472,0.02754,0.026921291049611246,0.0273461247576988
C/1999 T3 (LINEAR),163.05668033391566,100.0,100.0,0.98031,0.0031,0.02749,0.026921291049611246,0.0273461247576988
C/1999 T3 (LINEAR),163.05668033391566,100.0,150.0,0.9803,0.0031,0.02739,0.026921291049611246,0.0273461247576988
C/1999 T3 (LINEAR),163.05668033391566,100.0,200.0,0.9803,0.0031,0.02735,0.026921291049611246,0.0273461247576988
C/1999 T3 (LINEAR),163.05668033391566,100.0,250.0,0.9803,0.0031,0.02735,0.026921291049611246,0.0273461247576988
C/1999 T3 (LINEAR),163.05668033391566,150.0,8.0,0.39985,0.03158,0.00482,0.027371006951880862,0.028002607598009977
C/1999 T3 (LINEAR),163.05668033391566,150.0,12.0,0.40001,0.03158,0.00482,0.027371006951880862,0.028002607598009977
C/1999 T3 (LINEAR),163.05668033391566,150.0,16.0,0.43007,0.03158,0.03022,0.027371006951880862,0.028002607598009977
C/1999 T3 (LINEAR),163.05668033391566,150.0,20.0,0.43106,0.03111,0.03196,0.027371006951880862,0.028002607598009977
C/1999 T3 (LINEAR),163.05668033391566,150.0,25.0,0.43163,0.02977,0.03126,0.027371006951880862,0.028002607598009977
C/1999 T3 (LINEAR),163.05668033391566,150.0,30.0,0.43143,0.02884,0.03054,0.027371006951880862,0.028002607598009977
C/1999 T3 (LINEAR),163.05668033391566,150.0,35.0,0.43147,0.02838,0.02985,0.027371006951880862,0.028002607598009977
C/1999 T3 (LINEAR),163.05668033391566,150.0,40.0,0.4314,0.02817,0.02948,0.027371006951880862,0.028002607598009977
C/1999 T3 (LINEAR),163.05668033391566,150.0,50.0,0.43128,0.02808,0.02889,0.027371006951880862,0.028002607598009977
C/1999 T3 (LINEAR),163.05668033391566,150.0,60.0,0.43128,0.02811,0.02859,0.027371006951880862,0.028002607598009977
C/1999 T3 (LINEAR),163.05668033391566,150.0,80.0,0.4313,0.02817,0.02821,0.027371006951880862,0.028002607598009977
C/1999 T3 (LINEAR),163.05668033391566,150.0,100.0,0.43133,0.02824,0.02815,0.027371006951880862,0.028002607598009977
C/1999 T3 (LINEAR),163.05668033391566,150.0,150.0,0.43131,0.00236,0.02804,0.027371006951880862,0.028002607598009977
C/1999 T3 (LINEAR),163.05668033391566,150.0,200.0,0.43131,0.00236,0.02801,0.027371006951880862,0.028002607598009977
C/1999 T3 (LINEAR),163.05668033391566,150.0,250.0,0.43131,0.00236,0.028,0.027371006951880862,0.028002607598009977
C/1999 T3 (LINEAR),163.05668033391566,250.0,8.0,0.12248,0.02736,0.01129,0.027646531098725426,0.022474694314368604
C/1999 T3 (LINEAR),163.05668033391566,250.0,12.0,0.12208,0.02736,0.01129,0.027646531098725426,0.022474694314368604
C/1999 T3 (LINEAR),163.05668033391566,250.0,16.0,0.1523,0.02736,0.02491,0.027646531098725426,0.022474694314368604
C/1999 T3 (LINEAR),163.05668033391566,250.0,20.0,0.15332,0.02689,0.02637,0.027646531098725426,0.022474694314368604
C/1999 T3 (LINEAR),163.05668033391566,250.0,25.0,0.15391,0.02558,0.02571,0.027646531098725426,0.022474694314368604
C/1999 T3 (LINEAR),163.05668033391566,250.0,30.0,0.1537,0.02467,0.02498,0.027646531098725426,0.022474694314368604
C/1999 T3 (LINEAR),163.05668033391566,250.0,35.0,0.15374,0.02422,0.02437,0.027646531098725426,0.022474694314368604
C/1999 T3 (LINEAR),163.05668033391566,250.0,40.0,0.15368,0.02402,0.02402,0.027646531098725426,0.022474694314368604
C/1999 T3 (LINEAR),163.05668033391566,250.0,50.0,0.15355,0.02392,0.02339,0.027646531098725426,0.022474694314368604
C/1999 T3 (LINEAR),163.05668033391566,250.0,60.0,0.15355,0.02394,0.02309,0.027646531098725426,0.022474694314368604
C/1999 T3 (LINEAR),163.05668033391566,250.0,80.0,0.15357,0.024,0.0227,0.027646531098725426,0.022474694314368604
C/1999 T3 (LINEAR),163.05668033391566,250.0,100.0,0.1536,0.02407,0.02263,0.027646531098725426,0.022474694314368604
C/1999 T3 (LINEAR),163.05668033391566,250.0,150.0,0.15359,0.02411,0.02252,0.027646531098725426,0.022474694314368604
C/1999 T3 (LINEAR),163.05668033391566,250.0,200.0,0.15359,0.02413,0.02249,0.027646531098725426,0.022474694314368604
C/1999 T3 (LINEAR),163.05668033391566,250.0,250.0,0.15359,0.00345,0.02247,0.027646531098725426,0.022474694314368604
C/2014 N3 (NEOWISE),161.56284172168995,8.0,8.0,,,,,
C/2014 N3 (NEOWISE),161.56284172168995,8.0,12.0,,,,,
C/2014 N3 (NEOWISE),161.56284172168995,8.0,16.0,,,,,
C/2014 N3 (NEOWISE),161.56284172168995,8.0,20.0,,,,,
C/2014 N3 (NEOWISE),161.56284172168995,8.0,25.0,,,,,
C/2014 N3 (NEOWISE),161.56284172168995,8.0,30.0,,,,,
C/2014 N3 (NEOWISE),161.56284172168995,8.0,35.0,,,,,
C/2014 N3 (NEOWISE),161.56284172168995,8.0,40.0,,,,,
C/2014 N3 (NEOWISE),161.56284172168995,8.0,50.0,,,,,
C/2014 N3 (NEOWISE),161.56284172168995,8.0,60.0,,,,,
C/2014 N3 (NEOWISE),161.56284172168995,8.0,80.0,,,,,
C/2014 N3 (NEOWISE),161.56284172168995,8.0,100.0,,,,,
C/2014 N3 (NEOWISE),161.56284172168995,8.0,150.0,,,,,
C/2014 N3 (NEOWISE),161.56284172168995,8.0,200.0,,,,,
C/2014 N3 (NEOWISE),161.56284172168995,8.0,250.0,,,,,
C/2014 N3 (NEOWISE),161.56284172168995,25.0,8.0,,,,,
C/2014 N3 (NEOWISE),161.56284172168995,25.0,12.0,,,,,
C/2014 N3 (NEOWISE),161.56284172168995,25.0,16.0,,,,,
C/2014 N3 (NEOWISE),161.56284172168995,25.0,20.0,,,,,
C/2014 N3 (NEOWISE),161.56284172168995,25.0,25.0,,,,,
C/2014 N3 (NEOWISE),161.56284172168995,25.0,30.0,,,,,
C/2014 N3 (NEOWISE),161.56284172168995,25.0,35.0,,,,,
C/2014 N3 (NEOWISE),161.56284172168995,25.0,40.0,,,,,
C/2014 N3 (NEOWISE),161.56284172168995,25.0,50.0,,,,,
C/2014 N3 (NEOWISE),161.56284172168995,25.0,60.0,,,,,
C/2014 N3 (NEOWISE),161.56284172168995,25.0,80.0,,,,,
C/2014 N3 (NEOWISE),161.56284172168995,25.0,100.0,,,,,
C/2014 N3 (NEOWISE),161.56284172168995,25.0,150.0,,,,,
C/2014 N3 (NEOWISE),161.56284172168995,25.0,200.0,,,,,
C/2014 N3 (NEOWISE),161.56284172168995,25.0,250.0,,,,,
C/2014 N3 (NEOWISE),161.56284172168995,50.0,8.0,0.75931,0.11629,0.13376,0.10809346488835038,0.10857191053705746
C/2014 N3 (NEOWISE),161.56284172168995,50.0,12.0,0.76634,0.11395,0.12518,0.10809346488835038,0.10857191053705746
C/2014 N3 (NEOWISE),161.56284172168995,50.0,16.0,0.76818,0.1134,0.12144,0.10809346488835038,0.10857191053705746
C/2014 N3 (NEOWISE),161.56284172168995,50.0,20.0,0.76688,0.11227,0.1173,0.10809346488835038,0.10857191053705746
C/2014 N3 (NEOWISE),161.56284172168995,50.0,25.0,0.76781,0.1107,0.11416,0.10809346488835038,0.10857191053705746
C/2014 N3 (NEOWISE),161.56284172168995,50.0,30.0,0.76756,0.10985,0.11256,0.10809346488835038,0.10857191053705746
C/2014 N3 (NEOWISE),161.56284172168995,50.0,35.0,0.76758,0.10912,0.11087,0.10809346488835038,0.10857191053705746
C/2014 N3 (NEOWISE),161.56284172168995,50.0,40.0,0.76741,0.10884,0.11012,0.10809346488835038,0.10857191053705746
C/2014 N3 (NEOWISE),161.56284172168995,50.0,50.0,0.76758,0.00069,0.10959,0.10809346488835038,0.10857191053705746
C/2014 N3 (NEOWISE),161.56284172168995,50.0,60.0,0.76755,0.00069,0.10928,0.10809346488835038,0.10857191053705746
C/2014 N3 (NEOWISE),161.56284172168995,50.0,80.0,0.76752,0.00069,0.10889,0.10809346488835038,0.10857191053705746
C/2014 N3 (NEOWISE),161.56284172168995,50.0,100.0,0.76751,0.00069,0.10873,0.10809346488835038,0.10857191053705746
C/2014 N3 (NEOWISE),161.56284172168995,50.0,150.0,0.76753,0.00069,0.1086,0.10809346488835038,0.10857191053705746
C/2014 N3 (NEOWISE),161.56284172168995,50.0,200.0,0.76753,0.00069,0.10858,0.10809346488835038,0.10857191053705746
C/2014 N3 (NEOWISE),161.56284172168995,50.0,250.0,0.76753,0.00069,0.10857,0.10809346488835038,0.10857191053705746
C/2014 N3 (NEOWISE),161.56284172168995,100.0,8.0,0.19302,0.1192,0.13491,0.110779141511443,0.10980156950972278
C/2014 N3 (NEOWISE),161.56284172168995,100.0,12.0,0.20001,0.11763,0.1263,0.110779141511443,0.10980156950972278
C/2014 N3 (NEOWISE),161.56284172168995,100.0,16.0,0.20182,0.11664,0.12256,0.110779141511443,0.10980156950972278
C/2014 N3 (NEOWISE),161.56284172168995,100.0,20.0,0.20054,0.11524,0.11842,0.110779141511443,0.10980156950972278
C/2014 N3 (NEOWISE),161.56284172168995,100.0,25.0,0.20148,0.1137,0.11531,0.110779141511443,0.10980156950972278
C/2014 N3 (NEOWISE),161.56284172168995,100.0,30.0,0.20125,0.11285,0.11373,0.110779141511443,0.10980156950972278
C/2014 N3 (NEOWISE),161.56284172168995,100.0,35.0,0.20128,0.11214,0.11208,0.110779141511443,0.10980156950972278
C/2014 N3 (NEOWISE),161.56284172168995,100.0,40.0,0.20119,0.11186,0.11148,0.110779141511443,0.10980156950972278
C/2014 N3 (NEOWISE),161.56284172168995,100.0,50.0,0.20132,0.11139,0.11087,0.110779141511443,0.10980156950972278
C/2014 N3 (NEOWISE),161.56284172168995,100.0,60.0,0.20129,0.11119,0.11054,0.110779141511443,0.10980156950972278
C/2014 N3 (NEOWISE),161.56284172168995,100.0,80.0,0.20126,0.1109,0.11014,0.110779141511443,0.10980156950972278
C/2014 N3 (NEOWISE),161.56284172168995,100.0,100.0,0.20125,0.00135,0.10998,0.110779141511443,0.10980156950972278
C/2014 N3 (NEOWISE),161.56284172168995,100.0,150.0,0.20126,0.00135,0.10984,0.110779141511443,0.10980156950972278
C/2014 N3 (NEOWISE),161.56284172168995,100.0,200.0,0.20126,0.00135,0.10981,0.110779141511443,0.10980156950972278
C/2014 N3 (NEOWISE),161.56284172168995,100.0,250.0,0.20126,0.00135,0.1098,0.110779141511443,0.10980156950972278
C/2014 N3 (NEOWISE),161.56284172168995,150.0,8.0,0.08337,0.12043,0.13664,0.11116065614911812,0.11152825449384542
C/2014 N3 (NEOWISE),161.56284172168995,150.0,12.0,0.09033,0.11893,0.128,0.11116065614911812,0.11152825449384542
C/2014 N3 (NEOWISE),161.56284172168995,150.0,16.0,0.09216,0.11801,0.12426,0.11116065614911812,0.11152825449384542
C/2014 N3 (NEOWISE),161.56284172168995,150.0,20.0,0.09087,0.11667,0.12013,0.11116065614911812,0.11152825449384542
C/2014 N3 (NEOWISE),161.56284172168995,150.0,25.0,0.09181,0.11515,0.11703,0.11116065614911812,0.11152825449384542
C/2014 N3 (NEOWISE),161.56284172168995,150.0,30.0,0.09158,0.11431,0.11545,0.11116065614911812,0.11152825449384542
C/2014 N3 (NEOWISE),161.56284172168995,150.0,35.0,0.09161,0.1136,0.1138,0.11116065614911812,0.11152825449384542
C/2014 N3 (NEOWISE),161.56284172168995,150.0,40.0,0.09152,0.11333,0.1132,0.11116065614911812,0.11152825449384542
C/2014 N3 (NEOWISE),161.56284172168995,150.0,50.0,0.09166,0.11287,0.1126,0.11116065614911812,0.11152825449384542
C/2014 N3 (NEOWISE),161.56284172168995,150.0,60.0,0.09163,0.11268,0.11227,0.11116065614911812,0.11152825449384542
C/2014 N3 (NEOWISE),161.56284172168995,150.0,80.0,0.0916,0.11238,0.11187,0.11116065614911812,0.11152825449384542
C/2014 N3 (NEOWISE),161.56284172168995,150.0,100.0,0.0916,0.11236,0.11171,0.11116065614911812,0.11152825449384542
C/2014 N3 (NEOWISE),161.56284172168995,150.0,150.0,0.0916,0.00254,0.11157,0.11116065614911812,0.11152825449384542
C/2014 N3 (NEOWISE),161.56284172168995,150.0,200.0,0.0916,0.00254,0.11154,0.11116065614911812,0.11152825449384542
C/2014 N3 (NEOWISE),161.56284172168995,150.0,250.0,0.0916,0.00254,0.11153,0.11116065614911812,0.11152825449384542
C/2014 N3 (NEOWISE),161.56284172168995,250.0,8.0,0.02503,0.11942,0.13701,0.11252669061740862,0.11185458541790783
C/2014 N3 (NEOWISE),161.56284172168995,250.0,12.0,0.03204,0.11777,0.12837,0.11252669061740862,0.11185458541790783
C/2014 N3 (NEOWISE),161.56284172168995,250.0,16.0,0.0337,0.11668,0.12461,0.11252669061740862,0.11185458541790783
C/2014 N3 (NEOWISE),161.56284172168995,250.0,20.0,0.0324,0.1152,0.12046,0.11252669061740862,0.11185458541790783
C/2014 N3 (NEOWISE),161.56284172168995,250.0,25.0,0.03334,0.11365,0.11735,0.11252669061740862,0.11185458541790783
C/2014 N3 (NEOWISE),161.56284172168995,250.0,30.0,0.03312,0.11279,0.11577,0.11252669061740862,0.11185458541790783
C/2014 N3 (NEOWISE),161.56284172168995,250.0,35.0,0.03314,0.11209,0.11413,0.11252669061740862,0.11185458541790783
C/2014 N3 (NEOWISE),161.56284172168995,250.0,40.0,0.03306,0.11181,0.11353,0.11252669061740862,0.11185458541790783
C/2014 N3 (NEOWISE),161.56284172168995,250.0,50.0,0.03318,0.11133,0.11292,0.11252669061740862,0.11185458541790783
C/2014 N3 (NEOWISE),161.56284172168995,250.0,60.0,0.03316,0.11115,0.1126,0.11252669061740862,0.11185458541790783
C/2014 N3 (NEOWISE),161.56284172168995,250.0,80.0,0.03313,0.11084,0.11221,0.11252669061740862,0.11185458541790783
C/2014 N3 (NEOWISE),161.56284172168995,250.0,100.0,0.03313,0.11082,0.11204,0.11252669061740862,0.11185458541790783
C/2014 N3 (NEOWISE),161.56284172168995,250.0,150.0,0.03313,0.11071,0.11189,0.11252669061740862,0.11185458541790783
C/2014 N3 (NEOWISE),161.56284172168995,250.0,200.0,0.03313,0.1107,0.11187,0.11252669061740862,0.11185458541790783
C/2014 N3 (NEOWISE),161.56284172168995,250.0,250.0,0.03313,0.00463,0.11185,0.11252669061740862,0.11185458541790783
C/2007 U1 (LINEAR),159.93197426476954,8.0,8.0,99.7853,0.00207,0.0323,0.2989833077725832,0.2859593917476598
C/2007 U1 (LINEAR),159.93197426476954,8.0,12.0,99.7814,0.00207,0.0323,0.2989833077725832,0.2859593917476598
C/2007 U1 (LINEAR),159.93197426476954,8.0,16.0,99.78485,0.00207,0.0323,0.2989833077725832,0.2859593917476598
C/2007 U1 (LINEAR),159.93197426476954,8.0,20.0,99.7845,0.00207,0.0323,0.2989833077725832,0.2859593917476598
C/2007 U1 (LINEAR),159.93197426476954,8.0,25.0,99.78594,0.00196,0.27821,0.2989833077725832,0.2859593917476598
C/2007 U1 (LINEAR),159.93197426476954,8.0,30.0,99.94908,0.00127,0.28323,0.2989833077725832,0.2859593917476598
C/2007 U1 (LINEAR),159.93197426476954,8.0,35.0,99.9495,0.00122,0.2858,0.2989833077725832,0.2859593917476598
C/2007 U1 (LINEAR),159.93197426476954,8.0,40.0,99.94842,0.00121,0.2862,0.2989833077725832,0.2859593917476598
C/2007 U1 (LINEAR),159.93197426476954,8.0,50.0,99.94684,0.0012,0.28651,0.2989833077725832,0.2859593917476598
C/2007 U1 (LINEAR),159.93197426476954,8.0,60.0,99.94609,0.00121,0.2864,0.2989833077725832,0.2859593917476598
C/2007 U1 (LINEAR),159.93197426476954,8.0,80.0,99.94557,0.00119,0.28609,0.2989833077725832,0.2859593917476598
C/2007 U1 (LINEAR),159.93197426476954,8.0,100.0,99.94567,0.00119,0.286,0.2989833077725832,0.2859593917476598
C/2007 U1 (LINEAR),159.93197426476954,8.0,150.0,99.94563,0.0012,0.28594,0.2989833077725832,0.2859593917476598
C/2007 U1 (LINEAR),159.93197426476954,8.0,200.0,99.94565,0.0012,0.28596,0.2989833077725832,0.2859593917476598
C/2007 U1 (LINEAR),159.93197426476954,8.0,250.0,99.94565,0.0012,0.28596,0.2989833077725832,0.2859593917476598
C/2007 U1 (LINEAR),159.93197426476954,25.0,8.0,,,,,
C/2007 U1 (LINEAR),159.93197426476954,25.0,12.0,,,,,
C/2007 U1 (LINEAR),159.93197426476954,25.0,16.0,,,,,
C/2007 U1 (LINEAR),159.93197426476954,25.0,20.0,,,,,
C/2007 U1 (LINEAR),159.93197426476954,25.0,25.0,,,,,
C/2007 U1 (LINEAR),159.93197426476954,25.0,30.0,,,,,
C/2007 U1 (LINEAR),159.93197426476954,25.0,35.0,,,,,
C/2007 U1 (LINEAR),159.93197426476954,25.0,40.0,,,,,
C/2007 U1 (LINEAR),159.93197426476954,25.0,50.0,,,,,
C/2007 U1 (LINEAR),159.93197426476954,25.0,60.0,,,,,
C/2007 U1 (LINEAR),159.93197426476954,25.0,80.0,,,,,
C/2007 U1 (LINEAR),159.93197426476954,25.0,100.0,,,,,
C/2007 U1 (LINEAR),159.93197426476954,25.0,150.0,,,,,
C/2007 U1 (LINEAR),159.93197426476954,25.0,200.0,,,,,
C/2007 U1 (LINEAR),159.93197426476954,25.0,250.0,,,,,
C/2007 U1 (LINEAR),159.93197426476954,50.0,8.0,,,,,
C/2007 U1 (LINEAR),159.93197426476954,50.0,12.0,,,,,
C/2007 U1 (LINEAR),159.93197426476954,50.0,16.0,,,,,
C/2007 U1 (LINEAR),159.93197426476954,50.0,20.0,,,,,
C/2007 U1 (LINEAR),159.93197426476954,50.0,25.0,,,,,
C/2007 U1 (LINEAR),159.93197426476954,50.0,30.0,,,,,
C/2007 U1 (LINEAR),159.93197426476954,50.0,35.0,,,,,
C/2007 U1 (LINEAR),159.93197426476954,50.0,40.0,,,,,
C/2007 U1 (LINEAR),159.93197426476954,50.0,50.0,,,,,
C/2007 U1 (LINEAR),159.93197426476954,50.0,60.0,,,,,
C/2007 U1 (LINEAR),159.93197426476954,50.0,80.0,,,,,
C/2007 U1 (LINEAR),159.93197426476954,50.0,100.0,,,,,
C/2007 U1 (LINEAR),159.93197426476954,50.0,150.0,,,,,
C/2007 U1 (LINEAR),159.93197426476954,50.0,200.0,,,,,
C/2007 U1 (LINEAR),159.93197426476954,50.0,250.0,,,,,
C/2007 U1 (LINEAR),159.93197426476954,100.0,8.0,0.46881,0.37917,0.01113,0.3788460737357246,0.36864951401549717
C/2007 U1 (LINEAR),159.93197426476954,100.0,12.0,0.47368,0.37917,0.01113,0.3788460737357246,0.36864951401549717
C/2007 U1 (LINEAR),159.93197426476954,100.0,16.0,0.47046,0.37917,0.36994,0.3788460737357246,0.36864951401549717
C/2007 U1 (LINEAR),159.93197426476954,100.0,20.0,0.8461,0.37917,0.37073,0.3788460737357246,0.36864951401549717
C/2007 U1 (LINEAR),159.93197426476954,100.0,25.0,0.84727,0.37724,0.37168,0.3788460737357246,0.36864951401549717
C/2007 U1 (LINEAR),159.93197426476954,100.0,30.0,0.84672,0.37576,0.37064,0.3788460737357246,0.36864951401549717
C/2007 U1 (LINEAR),159.93197426476954,100.0,35.0,0.84548,0.37551,0.36983,0.3788460737357246,0.36864951401549717
C/2007 U1 (LINEAR),159.93197426476954,100.0,40.0,0.84556,0.37553,0.36978,0.3788460737357246,0.36864951401549717
C/2007 U1 (LINEAR),159.93197426476954,100.0,50.0,0.8454,0.37514,0.36875,0.3788460737357246,0.36864951401549717
C/2007 U1 (LINEAR),159.93197426476954,100.0,60.0,0.84541,0.37513,0.36847,0.3788460737357246,0.36864951401549717
C/2007 U1 (LINEAR),159.93197426476954,100.0,80.0,0.84557,0.37509,0.36842,0.3788460737357246,0.36864951401549717
C/2007 U1 (LINEAR),159.93197426476954,100.0,100.0,0.84556,0.00321,0.36867,0.3788460737357246,0.36864951401549717
C/2007 U1 (LINEAR),159.93197426476954,100.0,150.0,0.84554,0.00321,0.36863,0.3788460737357246,0.36864951401549717
C/2007 U1 (LINEAR),159.93197426476954,100.0,200.0,0.84554,0.00321,0.36864,0.3788460737357246,0.36864951401549717
C/2007 U1 (LINEAR),159.93197426476954,100.0,250.0,0.84554,0.00321,0.36865,0.3788460737357246,0.36864951401549717
C/2007 U1 (LINEAR),159.93197426476954,150.0,8.0,0.0254,0.38278,0.00773,0.37974852123997505,0.3737728012187803
C/2007 U1 (LINEAR),159.93197426476954,150.0,12.0,0.03726,0.38278,0.00773,0.37974852123997505,0.3737728012187803
C/2007 U1 (LINEAR),159.93197426476954,150.0,16.0,0.03868,0.38278,0.37491,0.37974852123997505,0.3737728012187803
C/2007 U1 (LINEAR),159.93197426476954,150.0,20.0,0.38456,0.38278,0.3757,0.37974852123997505,0.3737728012187803
C/2007 U1 (LINEAR),159.93197426476954,150.0,25.0,0.38577,0.38096,0.37681,0.37974852123997505,0.3737728012187803
C/2007 U1 (LINEAR),159.93197426476954,150.0,30.0,0.38521,0.37977,0.37581,0.37974852123997505,0.3737728012187803
C/2007 U1 (LINEAR),159.93197426476954,150.0,35.0,0.38396,0.37929,0.3749,0.37974852123997505,0.3737728012187803
C/2007 U1 (LINEAR),159.93197426476954,150.0,40.0,0.38404,0.37939,0.37492,0.37974852123997505,0.3737728012187803
C/2007 U1 (LINEAR),159.93197426476954,150.0,50.0,0.38388,0.37893,0.37398,0.37974852123997505,0.3737728012187803
C/2007 U1 (LINEAR),159.93197426476954,150.0,60.0,0.38389,0.37893,0.37362,0.37974852123997505,0.3737728012187803
C/2007 U1 (LINEAR),159.93197426476954,150.0,80.0,0.38404,0.37886,0.37356,0.37974852123997505,0.3737728012187803
C/2007 U1 (LINEAR),159.93197426476954,150.0,100.0,0.38403,0.37896,0.3738,0.37974852123997505,0.3737728012187803
C/2007 U1 (LINEAR),159.93197426476954,150.0,150.0,0.38402,0.00033,0.37375,0.37974852123997505,0.3737728012187803
C/2007 U1 (LINEAR),159.93197426476954,150.0,200.0,0.38402,0.00033,0.37377,0.37974852123997505,0.3737728012187803
C/2007 U1 (LINEAR),159.93197426476954,150.0,250.0,0.38402,0.00033,0.37377,0.37974852123997505,0.3737728012187803
C/2007 U1 (LINEAR),159.93197426476954,250.0,8.0,0.25465,0.38359,0.05759,0.38012455640591075,0.4376372253958296
C/2007 U1 (LINEAR),159.93197426476954,250.0,12.0,0.25244,0.38359,0.05759,0.38012455640591075,0.4376372253958296
C/2007 U1 (LINEAR),159.93197426476954,250.0,16.0,0.2562,0.38359,0.43883,0.38012455640591075,0.4376372253958296
C/2007 U1 (LINEAR),159.93197426476954,250.0,20.0,0.12748,0.38359,0.4396,0.38012455640591075,0.4376372253958296
C/2007 U1 (LINEAR),159.93197426476954,250.0,25.0,0.12867,0.38182,0.4407,0.38012455640591075,0.4376372253958296
C/2007 U1 (LINEAR),159.93197426476954,250.0,30.0,0.12812,0.38064,0.4397,0.38012455640591075,0.4376372253958296
C/2007 U1 (LINEAR),159.93197426476954,250.0,35.0,0.12708,0.38014,0.43878,0.38012455640591075,0.4376372253958296
C/2007 U1 (LINEAR),159.93197426476954,250.0,40.0,0.12695,0.38025,0.43878,0.38012455640591075,0.4376372253958296
C/2007 U1 (LINEAR),159.93197426476954,250.0,50.0,0.12679,0.37979,0.43787,0.38012455640591075,0.4376372253958296
C/2007 U1 (LINEAR),159.93197426476954,250.0,60.0,0.1268,0.37979,0.4375,0.38012455640591075,0.4376372253958296
C/2007 U1 (LINEAR),159.93197426476954,250.0,80.0,0.12695,0.37972,0.43742,0.38012455640591075,0.4376372253958296
C/2007 U1 (LINEAR),159.93197426476954,250.0,100.0,0.12693,0.37982,0.43766,0.38012455640591075,0.4376372253958296
C/2007 U1 (LINEAR),159.93197426476954,250.0,150.0,0.12692,0.3798,0.43761,0.38012455640591075,0.4376372253958296
C/2007 U1 (LINEAR),159.93197426476954,250.0,200.0,0.12692,0.37981,0.43763,0.38012455640591075,0.4376372253958296
C/2007 U1 (LINEAR),159.93197426476954,250.0,250.0,0.12692,0.00084,0.43764,0.38012455640591075,0.4376372253958296
C/2015 C2 (SWAN),159.0612622153668,8.0,8.0,,,,,
C/2015 C2 (SWAN),159.0612622153668,8.0,12.0,,,,,
C/2015 C2 (SWAN),159.0612622153668,8.0,16.0,,,,,
C/2015 C2 (SWAN),159.0612622153668,8.0,20.0,,,,,
C/2015 C2 (SWAN),159.0612622153668,8.0,25.0,,,,,
C/2015 C2 (SWAN),159.0612622153668,8.0,30.0,,,,,
C/2015 C2 (SWAN),159.0612622153668,8.0,35.0,,,,,
C/2015 C2 (SWAN),159.0612622153668,8.0,40.0,,,,,
C/2015 C2 (SWAN),159.0612622153668,8.0,50.0,,,,,
C/2015 C2 (SWAN),159.0612622153668,8.0,60.0,,,,,
C/2015 C2 (SWAN),159.0612622153668,8.0,80.0,,,,,
C/2015 C2 (SWAN),159.0612622153668,8.0,100.0,,,,,
C/2015 C2 (SWAN),159.0612622153668,8.0,150.0,,,,,
C/2015 C2 (SWAN),159.0612622153668,8.0,200.0,,,,,
C/2015 C2 (SWAN),159.0612622153668,8.0,250.0,,,,,
C/2015 C2 (SWAN),159.0612622153668,25.0,8.0,,,,,
C/2015 C2 (SWAN),159.0612622153668,25.0,12.0,,,,,
C/2015 C2 (SWAN),159.0612622153668,25.0,16.0,,,,,
C/2015 C2 (SWAN),159.0612622153668,25.0,20.0,,,,,
C/2015 C2 (SWAN),159.0612622153668,25.0,25.0,,,,,
C/2015 C2 (SWAN),159.0612622153668,25.0,30.0,,,,,
C/2015 C2 (SWAN),159.0612622153668,25.0,35.0,,,,,
C/2015 C2 (SWAN),159.0612622153668,25.0,40.0,,,,,
C/2015 C2 (SWAN),159.0612622153668,25.0,50.0,,,,,
C/2015 C2 (SWAN),159.0612622153668,25.0,60.0,,,,,
C/2015 C2 (SWAN),159.0612622153668,25.0,80.0,,,,,
C/2015 C2 (SWAN),159.0612622153668,25.0,100.0,,,,,
C/2015 C2 (SWAN),159.0612622153668,25.0,150.0,,,,,
C/2015 C2 (SWAN),159.0612622153668,25.0,200.0,,,,,
C/2015 C2 (SWAN),159.0612622153668,25.0,250.0,,,,,
C/2015 C2 (SWAN),159.0612622153668,50.0,8.0,,,,,
C/2015 C2 (SWAN),159.0612622153668,50.0,12.0,,,,,
C/2015 C2 (SWAN),159.0612622153668,50.0,16.0,,,,,
C/2015 C2 (SWAN),159.0612622153668,50.0,20.0,,,,,
C/2015 C2 (SWAN),159.0612622153668,50.0,25.0,,,,,
C/2015 C2 (SWAN),159.0612622153668,50.0,30.0,,,,,
C/2015 C2 (SWAN),159.0612622153668,50.0,35.0,,,,,
C/2015 C2 (SWAN),159.0612622153668,50.0,40.0,,,,,
C/2015 C2 (SWAN),159.0612622153668,50.0,50.0,,,,,
C/2015 C2 (SWAN),159.0612622153668,50.0,60.0,,,,,
C/2015 C2 (SWAN),159.0612622153668,50.0,80.0,,,,,
C/2015 C2 (SWAN),159.0612622153668,50.0,100.0,,,,,
C/2015 C2 (SWAN),159.0612622153668,50.0,150.0,,,,,
C/2015 C2 (SWAN),159.0612622153668,50.0,200.0,,,,,
C/2015 C2 (SWAN),159.0612622153668,50.0,250.0,,,,,
C/2015 C2 (SWAN),159.0612622153668,100.0,8.0,0.24288,0.08943,0.05645,0.0616772304227304,0.061693315662445875
C/2015 C2 (SWAN),159.0612622153668,100.0,12.0,0.23937,0.08943,0.05645,0.0616772304227304,0.061693315662445875
C/2015 C2 (SWAN),159.0612622153668,100.0,16.0,0.29185,0.08943,0.06643,0.0616772304227304,0.061693315662445875
C/2015 C2 (SWAN),159.0612622153668,100.0,20.0,0.29181,0.08854,0.06503,0.0616772304227304,0.061693315662445875
C/2015 C2 (SWAN),159.0612622153668,100.0,25.0,0.29169,0.08677,0.06351,0.0616772304227304,0.061693315662445875
C/2015 C2 (SWAN),159.0612622153668,100.0,30.0,0.29167,0.0866,0.06302,0.0616772304227304,0.061693315662445875
C/2015 C2 (SWAN),159.0612622153668,100.0,35.0,0.29163,0.0864,0.06262,0.0616772304227304,0.061693315662445875
C/2015 C2 (SWAN),159.0612622153668,100.0,40.0,0.29154,0.08621,0.06191,0.0616772304227304,0.061693315662445875
C/2015 C2 (SWAN),159.0612622153668,100.0,50.0,0.29183,0.08585,0.0616,0.0616772304227304,0.061693315662445875
C/2015 C2 (SWAN),159.0612622153668,100.0,60.0,0.29191,0.08566,0.06148,0.0616772304227304,0.061693315662445875
C/2015 C2 (SWAN),159.0612622153668,100.0,80.0,0.29199,0.08541,0.06173,0.0616772304227304,0.061693315662445875
C/2015 C2 (SWAN),159.0612622153668,100.0,100.0,0.29193,0.0238,0.06178,0.0616772304227304,0.061693315662445875
C/2015 C2 (SWAN),159.0612622153668,100.0,150.0,0.29194,0.0238,0.0617,0.0616772304227304,0.061693315662445875
C/2015 C2 (SWAN),159.0612622153668,100.0,200.0,0.29194,0.0238,0.0617,0.0616772304227304,0.061693315662445875
C/2015 C2 (SWAN),159.0612622153668,100.0,250.0,0.29194,0.0238,0.06169,0.0616772304227304,0.061693315662445875
C/2015 C2 (SWAN),159.0612622153668,150.0,8.0,0.07771,0.09416,0.39197,0.06176734020829812,0.4514362177584785
C/2015 C2 (SWAN),159.0612622153668,150.0,12.0,0.06777,0.09416,0.39197,0.06176734020829812,0.4514362177584785
C/2015 C2 (SWAN),159.0612622153668,150.0,16.0,0.11094,0.09416,0.45273,0.06176734020829812,0.4514362177584785
C/2015 C2 (SWAN),159.0612622153668,150.0,20.0,0.11091,0.09316,0.45198,0.06176734020829812,0.4514362177584785
C/2015 C2 (SWAN),159.0612622153668,150.0,25.0,0.11079,0.09126,0.45054,0.06176734020829812,0.4514362177584785
C/2015 C2 (SWAN),159.0612622153668,150.0,30.0,0.11078,0.09101,0.45019,0.06176734020829812,0.4514362177584785
C/2015 C2 (SWAN),159.0612622153668,150.0,35.0,0.11074,0.09076,0.45015,0.06176734020829812,0.4514362177584785
C/2015 C2 (SWAN),159.0612622153668,150.0,40.0,0.11064,0.09051,0.45045,0.06176734020829812,0.4514362177584785
C/2015 C2 (SWAN),159.0612622153668,150.0,50.0,0.11092,0.09015,0.45107,0.06176734020829812,0.4514362177584785
C/2015 C2 (SWAN),159.0612622153668,150.0,60.0,0.11097,0.08992,0.45155,0.06176734020829812,0.4514362177584785
C/2015 C2 (SWAN),159.0612622153668,150.0,80.0,0.11106,0.08966,0.45163,0.06176734020829812,0.4514362177584785
C/2015 C2 (SWAN),159.0612622153668,150.0,100.0,0.11102,0.08953,0.45144,0.06176734020829812,0.4514362177584785
C/2015 C2 (SWAN),159.0612622153668,150.0,150.0,0.11102,0.02778,0.45145,0.06176734020829812,0.4514362177584785
C/2015 C2 (SWAN),159.0612622153668,150.0,200.0,0.11102,0.02778,0.45144,0.06176734020829812,0.4514362177584785
C/2015 C2 (SWAN),159.0612622153668,150.0,250.0,0.11102,0.02778,0.45144,0.06176734020829812,0.4514362177584785
C/2015 C2 (SWAN),159.0612622153668,250.0,8.0,0.04952,0.06839,0.21161,0.06098700904551818,0.14734595144932428
C/2015 C2 (SWAN),159.0612622153668,250.0,12.0,0.03684,0.06839,0.21161,0.06098700904551818,0.14734595144932428
C/2015 C2 (SWAN),159.0612622153668,250.0,16.0,0.04755,0.06839,0.14423,0.06098700904551818,0.14734595144932428
C/2015 C2 (SWAN),159.0612622153668,250.0,20.0,0.04752,0.06726,0.14543,0.06098700904551818,0.14734595144932428
C/2015 C2 (SWAN),159.0612622153668,250.0,25.0,0.0474,0.0652,0.14727,0.06098700904551818,0.14734595144932428
C/2015 C2 (SWAN),159.0612622153668,250.0,30.0,0.04738,0.06486,0.14776,0.06098700904551818,0.14734595144932428
C/2015 C2 (SWAN),159.0612622153668,250.0,35.0,0.04734,0.06455,0.14797,0.06098700904551818,0.14734595144932428
C/2015 C2 (SWAN),159.0612622153668,250.0,40.0,0.04726,0.06425,0.14813,0.06098700904551818,0.14734595144932428
C/2015 C2 (SWAN),159.0612622153668,250.0,50.0,0.0475,0.06388,0.14768,0.06098700904551818,0.14734595144932428
C/2015 C2 (SWAN),159.0612622153668,250.0,60.0,0.04759,0.06363,0.14734,0.06098700904551818,0.14734595144932428
C/2015 C2 (SWAN),159.0612622153668,250.0,80.0,0.04767,0.06336,0.14718,0.06098700904551818,0.14734595144932428
C/2015 C2 (SWAN),159.0612622153668,250.0,100.0,0.04762,0.06323,0.1473,0.06098700904551818,0.14734595144932428
C/2015 C2 (SWAN),159.0612622153668,250.0,150.0,0.04763,0.06311,0.14733,0.06098700904551818,0.14734595144932428
C/2015 C2 (SWAN),159.0612622153668,250.0,200.0,0.04763,0.06308,0.14734,0.06098700904551818,0.14734595144932428
C/2015 C2 (SWAN),159.0612622153668,250.0,250.0,0.04763,0.00232,0.14735,0.06098700904551818,0.14734595144932428
C/2015 V1 (PANSTARRS),158.9337845556474,8.0,8.0,,,,,
C/2015 V1 (PANSTARRS),158.9337845556474,8.0,12.0,,,,,
C/2015 V1 (PANSTARRS),158.9337845556474,8.0,16.0,,,,,
C/2015 V1 (PANSTARRS),158.9337845556474,8.0,20.0,,,,,
C/2015 V1 (PANSTARRS),158.9337845556474,8.0,25.0,,,,,
C/2015 V1 (PANSTARRS),158.9337845556474,8.0,30.0,,,,,
C/2015 V1 (PANSTARRS),158.9337845556474,8.0,35.0,,,,,
C/2015 V1 (PANSTARRS),158.9337845556474,8.0,40.0,,,,,
C/2015 V1 (PANSTARRS),158.9337845556474,8.0,50.0,,,,,
C/2015 V1 (PANSTARRS),158.9337845556474,8.0,60.0,,,,,
C/2015 V1 (PANSTARRS),158.9337845556474,8.0,80.0,,,,,
C/2015 V1 (PANSTARRS),158.9337845556474,8.0,100.0,,,,,
C/2015 V1 (PANSTARRS),158.9337845556474,8.0,150.0,,,,,
C/2015 V1 (PANSTARRS),158.9337845556474,8.0,200.0,,,,,
C/2015 V1 (PANSTARRS),158.9337845556474,8.0,250.0,,,,,
C/2015 V1 (PANSTARRS),158.9337845556474,25.0,8.0,,,,,
C/2015 V1 (PANSTARRS),158.9337845556474,25.0,12.0,,,,,
C/2015 V1 (PANSTARRS),158.9337845556474,25.0,16.0,,,,,
C/2015 V1 (PANSTARRS),158.9337845556474,25.0,20.0,,,,,
C/2015 V1 (PANSTARRS),158.9337845556474,25.0,25.0,,,,,
C/2015 V1 (PANSTARRS),158.9337845556474,25.0,30.0,,,,,
C/2015 V1 (PANSTARRS),158.9337845556474,25.0,35.0,,,,,
C/2015 V1 (PANSTARRS),158.9337845556474,25.0,40.0,,,,,
C/2015 V1 (PANSTARRS),158.9337845556474,25.0,50.0,,,,,
C/2015 V1 (PANSTARRS),158.9337845556474,25.0,60.0,,,,,
C/2015 V1 (PANSTARRS),158.9337845556474,25.0,80.0,,,,,
C/2015 V1 (PANSTARRS),158.9337845556474,25.0,100.0,,,,,
C/2015 V1 (PANSTARRS),158.9337845556474,25.0,150.0,,,,,
C/2015 V1 (PANSTARRS),158.9337845556474,25.0,200.0,,,,,
C/2015 V1 (PANSTARRS),158.9337845556474,25.0,250.0,,,,,
C/2015 V1 (PANSTARRS),158.9337845556474,50.0,8.0,1.03811,0.04752,0.04302,0.051131777002812726,0.05096481993742186
C/2015 V1 (PANSTARRS),158.9337845556474,50.0,12.0,1.03905,0.05023,0.04618,0.051131777002812726,0.05096481993742186
C/2015 V1 (PANSTARRS),158.9337845556474,50.0,16.0,1.03574,0.05045,0.04454,0.051131777002812726,0.05096481993742186
C/2015 V1 (PANSTARRS),158.9337845556474,50.0,20.0,1.0395,0.04936,0.04573,0.051131777002812726,0.05096481993742186
C/2015 V1 (PANSTARRS),158.9337845556474,50.0,25.0,1.03915,0.04938,0.04739,0.051131777002812726,0.05096481993742186
C/2015 V1 (PANSTARRS),158.9337845556474,50.0,30.0,1.03932,0.04961,0.04855,0.051131777002812726,0.05096481993742186
C/2015 V1 (PANSTARRS),158.9337845556474,50.0,35.0,1.03933,0.04989,0.04913,0.051131777002812726,0.05096481993742186
C/2015 V1 (PANSTARRS),158.9337845556474,50.0,40.0,1.03933,0.05007,0.04967,0.051131777002812726,0.05096481993742186
C/2015 V1 (PANSTARRS),158.9337845556474,50.0,50.0,1.03935,0.00067,0.05036,0.051131777002812726,0.05096481993742186
C/2015 V1 (PANSTARRS),158.9337845556474,50.0,60.0,1.0393,0.00066,0.05055,0.051131777002812726,0.05096481993742186
C/2015 V1 (PANSTARRS),158.9337845556474,50.0,80.0,1.03923,0.00067,0.05077,0.051131777002812726,0.05096481993742186
C/2015 V1 (PANSTARRS),158.9337845556474,50.0,100.0,1.03929,0.00067,0.05081,0.051131777002812726,0.05096481993742186
C/2015 V1 (PANSTARRS),158.9337845556474,50.0,150.0,1.03927,0.00067,0.05093,0.051131777002812726,0.05096481993742186
C/2015 V1 (PANSTARRS),158.9337845556474,50.0,200.0,1.03928,0.00067,0.05095,0.051131777002812726,0.05096481993742186
C/2015 V1 (PANSTARRS),158.9337845556474,50.0,250.0,1.03928,0.00067,0.05096,0.051131777002812726,0.05096481993742186
C/2015 V1 (PANSTARRS),158.9337845556474,100.0,8.0,0.27999,0.05013,0.04524,0.05209643597733958,0.052360623783421316
C/2015 V1 (PANSTARRS),158.9337845556474,100.0,12.0,0.2807,0.05284,0.04812,0.05209643597733958,0.052360623783421316
C/2015 V1 (PANSTARRS),158.9337845556474,100.0,16.0,0.27733,0.05307,0.0463,0.05209643597733958,0.052360623783421316
C/2015 V1 (PANSTARRS),158.9337845556474,100.0,20.0,0.28111,0.05194,0.0474,0.05209643597733958,0.052360623783421316
C/2015 V1 (PANSTARRS),158.9337845556474,100.0,25.0,0.28076,0.05189,0.04896,0.05209643597733958,0.052360623783421316
C/2015 V1 (PANSTARRS),158.9337845556474,100.0,30.0,0.28092,0.05184,0.0498,0.05209643597733958,0.052360623783421316
C/2015 V1 (PANSTARRS),158.9337845556474,100.0,35.0,0.28094,0.05233,0.0506,0.05209643597733958,0.052360623783421316
C/2015 V1 (PANSTARRS),158.9337845556474,100.0,40.0,0.2809,0.0525,0.05112,0.05209643597733958,0.052360623783421316
C/2015 V1 (PANSTARRS),158.9337845556474,100.0,50.0,0.28094,0.05268,0.05178,0.05209643597733958,0.052360623783421316
C/2015 V1 (PANSTARRS),158.9337845556474,100.0,60.0,0.28091,0.05278,0.05196,0.05209643597733958,0.052360623783421316
C/2015 V1 (PANSTARRS),158.9337845556474,100.0,80.0,0.28086,0.05304,0.05217,0.05209643597733958,0.052360623783421316
C/2015 V1 (PANSTARRS),158.9337845556474,100.0,100.0,0.28088,0.00138,0.05221,0.05209643597733958,0.052360623783421316
C/2015 V1 (PANSTARRS),158.9337845556474,100.0,150.0,0.28088,0.00138,0.05233,0.05209643597733958,0.052360623783421316
C/2015 V1 (PANSTARRS),158.9337845556474,100.0,200.0,0.28088,0.00138,0.05235,0.05209643597733958,0.052360623783421316
C/2015 V1 (PANSTARRS),158.9337845556474,100.0,250.0,0.28088,0.00138,0.05236,0.05209643597733958,0.052360623783421316
C/2015 V1 (PANSTARRS),158.9337845556474,150.0,8.0,0.12791,0.04722,0.04522,0.0522094328216664,0.0524401792619247
C/2015 V1 (PANSTARRS),158.9337845556474,150.0,12.0,0.12824,0.05003,0.0481,0.0522094328216664,0.0524401792619247
C/2015 V1 (PANSTARRS),158.9337845556474,150.0,16.0,0.12486,0.05031,0.04635,0.0522094328216664,0.0524401792619247
C/2015 V1 (PANSTARRS),158.9337845556474,150.0,20.0,0.12865,0.04924,0.04748,0.0522094328216664,0.0524401792619247
C/2015 V1 (PANSTARRS),158.9337845556474,150.0,25.0,0.12831,0.04922,0.04904,0.0522094328216664,0.0524401792619247
C/2015 V1 (PANSTARRS),158.9337845556474,150.0,30.0,0.12847,0.04919,0.04989,0.0522094328216664,0.0524401792619247
C/2015 V1 (PANSTARRS),158.9337845556474,150.0,35.0,0.12848,0.04968,0.05069,0.0522094328216664,0.0524401792619247
C/2015 V1 (PANSTARRS),158.9337845556474,150.0,40.0,0.12844,0.04982,0.0512,0.0522094328216664,0.0524401792619247
C/2015 V1 (PANSTARRS),158.9337845556474,150.0,50.0,0.12848,0.05,0.05185,0.0522094328216664,0.0524401792619247
C/2015 V1 (PANSTARRS),158.9337845556474,150.0,60.0,0.12845,0.05014,0.05204,0.0522094328216664,0.0524401792619247
C/2015 V1 (PANSTARRS),158.9337845556474,150.0,80.0,0.1284,0.0504,0.05225,0.0522094328216664,0.0524401792619247
C/2015 V1 (PANSTARRS),158.9337845556474,150.0,100.0,0.12843,0.05043,0.05229,0.0522094328216664,0.0524401792619247
C/2015 V1 (PANSTARRS),158.9337845556474,150.0,150.0,0.12843,0.0016,0.05241,0.0522094328216664,0.0524401792619247
C/2015 V1 (PANSTARRS),158.9337845556474,150.0,200.0,0.12843,0.0016,0.05243,0.0522094328216664,0.0524401792619247
C/2015 V1 (PANSTARRS),158.9337845556474,150.0,250.0,0.12843,0.0016,0.05244,0.0522094328216664,0.0524401792619247
C/2015 V1 (PANSTARRS),158.9337845556474,250.0,8.0,0.04773,0.0469,0.04518,0.05229495531936227,0.05247662473744379
C/2015 V1 (PANSTARRS),158.9337845556474,250.0,12.0,0.04717,0.04948,0.04807,0.05229495531936227,0.05247662473744379
C/2015 V1 (PANSTARRS),158.9337845556474,250.0,16.0,0.04377,0.04975,0.04635,0.05229495531936227,0.05247662473744379
C/2015 V1 (PANSTARRS),158.9337845556474,250.0,20.0,0.04757,0.04865,0.04751,0.05229495531936227,0.05247662473744379
C/2015 V1 (PANSTARRS),158.9337845556474,250.0,25.0,0.04724,0.04862,0.04908,0.05229495531936227,0.05247662473744379
C/2015 V1 (PANSTARRS),158.9337845556474,250.0,30.0,0.04738,0.04858,0.04992,0.05229495531936227,0.05247662473744379
C/2015 V1 (PANSTARRS),158.9337845556474,250.0,35.0,0.0474,0.04906,0.05072,0.05229495531936227,0.05247662473744379
C/2015 V1 (PANSTARRS),158.9337845556474,250.0,40.0,0.04736,0.04921,0.05115,0.05229495531936227,0.05247662473744379
C/2015 V1 (PANSTARRS),158.9337845556474,250.0,50.0,0.0474,0.04939,0.05187,0.05229495531936227,0.05247662473744379
C/2015 V1 (PANSTARRS),158.9337845556474,250.0,60.0,0.04737,0.04952,0.05208,0.05229495531936227,0.05247662473744379
C/2015 V1 (PANSTARRS),158.9337845556474,250.0,80.0,0.04732,0.04978,0.05229,0.05229495531936227,0.05247662473744379
C/2015 V1 (PANSTARRS),158.9337845556474,250.0,100.0,0.04734,0.04981,0.05232,0.05229495531936227,0.05247662473744379
C/2015 V1 (PANSTARRS),158.9337845556474,250.0,150.0,0.04734,0.04985,0.05245,0.05229495531936227,0.05247662473744379
C/2015 V1 (PANSTARRS),158.9337845556474,250.0,200.0,0.04734,0.04986,0.05247,0.05229495531936227,0.05247662473744379
C/2015 V1 (PANSTARRS),158.9337845556474,250.0,250.0,0.04734,0.00195,0.05248,0.05229495531936227,0.05247662473744379
C/2006 K3 (McNaught),155.4765509983722,8.0,8.0,,,,,
C/2006 K3 (McNaught),155.4765509983722,8.0,12.0,,,,,
C/2006 K3 (McNaught),155.4765509983722,8.0,16.0,,,,,
C/2006 K3 (McNaught),155.4765509983722,8.0,20.0,,,,,
C/2006 K3 (McNaught),155.4765509983722,8.0,25.0,,,,,
C/2006 K3 (McNaught),155.4765509983722,8.0,30.0,,,,,
C/2006 K3 (McNaught),155.4765509983722,8.0,35.0,,,,,
C/2006 K3 (McNaught),155.4765509983722,8.0,40.0,,,,,
C/2006 K3 (McNaught),155.4765509983722,8.0,50.0,,,,,
C/2006 K3 (McNaught),155.4765509983722,8.0,60.0,,,,,
C/2006 K3 (McNaught),155.4765509983722,8.0,80.0,,,,,
C/2006 K3 (McNaught),155.4765509983722,8.0,100.0,,,,,
C/2006 K3 (McNaught),155.4765509983722,8.0,150.0,,,,,
C/2006 K3 (McNaught),155.4765509983722,8.0,200.0,,,,,
C/2006 K3 (McNaught),155.4765509983722,8.0,250.0,,,,,
C/2006 K3 (McNaught),155.4765509983722,25.0,8.0,,,,,
C/2006 K3 (McNaught),155.4765509983722,25.0,12.0,,,,,
C/2006 K3 (McNaught),155.4765509983722,25.0,16.0,,,,,
C/2006 K3 (McNaught),155.4765509983722,25.0,20.0,,,,,
C/2006 K3 (McNaught),155.4765509983722,25.0,25.0,,,,,
C/2006 K3 (McNaught),155.4765509983722,25.0,30.0,,,,,
C/2006 K3 (McNaught),155.4765509983722,25.0,35.0,,,,,
C/2006 K3 (McNaught),155.4765509983722,25.0,40.0,,,,,
C/2006 K3 (McNaught),155.4765509983722,25.0,50.0,,,,,
C/2006 K3 (McNaught),155.4765509983722,25.0,60.0,,,,,
C/2006 K3 (McNaught),155.4765509983722,25.0,80.0,,,,,
C/2006 K3 (McNaught),155.4765509983722,25.0,100.0,,,,,
C/2006 K3 (McNaught),155.4765509983722,25.0,150.0,,,,,
C/2006 K3 (McNaught),155.4765509983722,25.0,200.0,,,,,
C/2006 K3 (McNaught),155.4765509983722,25.0,250.0,,,,,
C/2006 K3 (McNaught),155.4765509983722,50.0,8.0,1.02301,0.06403,0.08127,0.0571197936290941,0.06734087491440151
C/2006 K3 (McNaught),155.4765509983722,50.0,12.0,1.01865,0.06329,0.07705,0.0571197936290941,0.06734087491440151
C/2006 K3 (McNaught),155.4765509983722,50.0,16.0,1.01875,0.06181,0.07384,0.0571197936290941,0.06734087491440151
C/2006 K3 (McNaught),155.4765509983722,50.0,20.0,1.01822,0.06015,0.07121,0.0571197936290941,0.06734087491440151
C/2006 K3 (McNaught),155.4765509983722,50.0,25.0,1.01819,0.05866,0.0688,0.0571197936290941,0.06734087491440151
C/2006 K3 (McNaught),155.4765509983722,50.0,30.0,1.01783,0.05772,0.0674,0.0571197936290941,0.06734087491440151
C/2006 K3 (McNaught),155.4765509983722,50.0,35.0,1.018,0.05732,0.067,0.0571197936290941,0.06734087491440151
C/2006 K3 (McNaught),155.4765509983722,50.0,40.0,1.0181,0.05697,0.06705,0.0571197936290941,0.06734087491440151
C/2006 K3 (McNaught),155.4765509983722,50.0,50.0,1.01819,0.0002,0.06725,0.0571197936290941,0.06734087491440151
C/2006 K3 (McNaught),155.4765509983722,50.0,60.0,1.01834,0.00021,0.06759,0.0571197936290941,0.06734087491440151
C/2006 K3 (McNaught),155.4765509983722,50.0,80.0,1.01832,0.00021,0.06756,0.0571197936290941,0.06734087491440151
C/2006 K3 (McNaught),155.4765509983722,50.0,100.0,1.01831,0.00021,0.06743,0.0571197936290941,0.06734087491440151
C/2006 K3 (McNaught),155.4765509983722,50.0,150.0,1.01832,0.00021,0.06736,0.0571197936290941,0.06734087491440151
C/2006 K3 (McNaught),155.4765509983722,50.0,200.0,1.01832,0.00021,0.06735,0.0571197936290941,0.06734087491440151
C/2006 K3 (McNaught),155.4765509983722,50.0,250.0,1.01832,0.00021,0.06734,0.0571197936290941,0.06734087491440151
C/2006 K3 (McNaught),155.4765509983722,100.0,8.0,0.26982,0.06666,0.0691,0.059428700010631455,0.05567027452156281
C/2006 K3 (McNaught),155.4765509983722,100.0,12.0,0.26532,0.06591,0.06482,0.059428700010631455,0.05567027452156281
C/2006 K3 (McNaught),155.4765509983722,100.0,16.0,0.26539,0.06442,0.06171,0.059428700010631455,0.05567027452156281
C/2006 K3 (McNaught),155.4765509983722,100.0,20.0,0.26488,0.0628,0.05923,0.059428700010631455,0.05567027452156281
C/2006 K3 (McNaught),155.4765509983722,100.0,25.0,0.26487,0.06136,0.05722,0.059428700010631455,0.05567027452156281
C/2006 K3 (McNaught),155.4765509983722,100.0,30.0,0.26453,0.06044,0.05566,0.059428700010631455,0.05567027452156281
C/2006 K3 (McNaught),155.4765509983722,100.0,35.0,0.26471,0.06005,0.0554,0.059428700010631455,0.05567027452156281
C/2006 K3 (McNaught),155.4765509983722,100.0,40.0,0.26483,0.05968,0.05535,0.059428700010631455,0.05567027452156281
C/2006 K3 (McNaught),155.4765509983722,100.0,50.0,0.2649,0.05916,0.05556,0.059428700010631455,0.05567027452156281
C/2006 K3 (McNaught),155.4765509983722,100.0,60.0,0.26497,0.05892,0.05592,0.059428700010631455,0.05567027452156281
C/2006 K3 (McNaught),155.4765509983722,100.0,80.0,0.26495,0.05856,0.05589,0.059428700010631455,0.05567027452156281
C/2006 K3 (McNaught),155.4765509983722,100.0,100.0,0.26494,0.00093,0.05576,0.059428700010631455,0.05567027452156281
C/2006 K3 (McNaught),155.4765509983722,100.0,150.0,0.26494,0.00093,0.0557,0.059428700010631455,0.05567027452156281
C/2006 K3 (McNaught),155.4765509983722,100.0,200.0,0.26494,0.00092,0.05568,0.059428700010631455,0.05567027452156281
C/2006 K3 (McNaught),155.4765509983722,100.0,250.0,0.26494,0.00092,0.05567,0.059428700010631455,0.05567027452156281
C/2006 K3 (McNaught),155.4765509983722,150.0,8.0,0.12258,0.06765,0.05137,0.05999519303947669,0.038518220049831714
C/2006 K3 (McNaught),155.4765509983722,150.0,12.0,0.11802,0.06688,0.04702,0.05999519303947669,0.038518220049831714
C/2006 K3 (McNaught),155.4765509983722,150.0,16.0,0.11828,0.06535,0.04389,0.05999519303947669,0.038518220049831714
C/2006 K3 (McNaught),155.4765509983722,150.0,20.0,0.11777,0.06371,0.04151,0.05999519303947669,0.038518220049831714
C/2006 K3 (McNaught),155.4765509983722,150.0,25.0,0.11774,0.06226,0.03958,0.05999519303947669,0.038518220049831714
C/2006 K3 (McNaught),155.4765509983722,150.0,30.0,0.11738,0.06135,0.03813,0.05999519303947669,0.038518220049831714
C/2006 K3 (McNaught),155.4765509983722,150.0,35.0,0.11753,0.06094,0.03799,0.05999519303947669,0.038518220049831714
C/2006 K3 (McNaught),155.4765509983722,150.0,40.0,0.11765,0.06057,0.03806,0.05999519303947669,0.038518220049831714
C/2006 K3 (McNaught),155.4765509983722,150.0,50.0,0.11772,0.06009,0.03841,0.05999519303947669,0.038518220049831714
C/2006 K3 (McNaught),155.4765509983722,150.0,60.0,0.1178,0.0598,0.03884,0.05999519303947669,0.038518220049831714
C/2006 K3 (McNaught),155.4765509983722,150.0,80.0,0.11777,0.05945,0.03874,0.05999519303947669,0.038518220049831714
C/2006 K3 (McNaught),155.4765509983722,150.0,100.0,0.11776,0.05929,0.03859,0.05999519303947669,0.038518220049831714
C/2006 K3 (McNaught),155.4765509983722,150.0,150.0,0.11776,0.00201,0.03855,0.05999519303947669,0.038518220049831714
C/2006 K3 (McNaught),155.4765509983722,150.0,200.0,0.11776,0.00201,0.03853,0.05999519303947669,0.038518220049831714
C/2006 K3 (McNaught),155.4765509983722,150.0,250.0,0.11776,0.00201,0.03852,0.05999519303947669,0.038518220049831714
C/2006 K3 (McNaught),155.4765509983722,250.0,8.0,0.04669,0.07113,0.05769,0.06006699999091345,0.04400663485628039
C/2006 K3 (McNaught),155.4765509983722,250.0,12.0,0.04216,0.07045,0.05348,0.06006699999091345,0.04400663485628039
C/2006 K3 (McNaught),155.4765509983722,250.0,16.0,0.04202,0.06906,0.05047,0.06006699999091345,0.04400663485628039
C/2006 K3 (McNaught),155.4765509983722,250.0,20.0,0.04151,0.06752,0.04792,0.06006699999091345,0.04400663485628039
C/2006 K3 (McNaught),155.4765509983722,250.0,25.0,0.04151,0.06647,0.04589,0.06006699999091345,0.04400663485628039
C/2006 K3 (McNaught),155.4765509983722,250.0,30.0,0.04119,0.06525,0.04428,0.06006699999091345,0.04400663485628039
C/2006 K3 (McNaught),155.4765509983722,250.0,35.0,0.0414,0.06487,0.04392,0.06006699999091345,0.04400663485628039
C/2006 K3 (McNaught),155.4765509983722,250.0,40.0,0.04152,0.06451,0.04378,0.06006699999091345,0.04400663485628039
C/2006 K3 (McNaught),155.4765509983722,250.0,50.0,0.04159,0.06405,0.0439,0.06006699999091345,0.04400663485628039
C/2006 K3 (McNaught),155.4765509983722,250.0,60.0,0.04165,0.06377,0.04427,0.06006699999091345,0.04400663485628039
C/2006 K3 (McNaught),155.4765509983722,250.0,80.0,0.04162,0.06343,0.04422,0.06006699999091345,0.04400663485628039
C/2006 K3 (McNaught),155.4765509983722,250.0,100.0,0.04162,0.06326,0.0441,0.06006699999091345,0.04400663485628039
C/2006 K3 (McNaught),155.4765509983722,250.0,150.0,0.04162,0.06313,0.04403,0.06006699999091345,0.04400663485628039
C/2006 K3 (McNaught),155.4765509983722,250.0,200.0,0.04162,0.06308,0.04402,0.06006699999091345,0.04400663485628039
C/2006 K3 (McNaught),155.4765509983722,250.0,250.0,0.04162,0.00389,0.04401,0.06006699999091345,0.04400663485628039
C/2005 E2 (McNaught),155.0933710620891,8.0,8.0,119.78769,0.08473,1.90068,1.5479655134142659e-07,1.900679260070335
C/2005 E2 (McNaught),155.0933710620891,8.0,12.0,119.78908,0.08473,1.90068,1.5479655134142659e-07,1.900679260070335
C/2005 E2 (McNaught),155.0933710620891,8.0,16.0,119.78833,0.08473,1.90068,1.5479655134142659e-07,1.900679260070335
C/2005 E2 (McNaught),155.0933710620891,8.0,20.0,119.78582,0.08473,1.90068,1.5479655134142659e-07,1.900679260070335
C/2005 E2 (McNaught),155.0933710620891,8.0,25.0,119.78477,0.08473,1.90068,1.5479655134142659e-07,1.900679260070335
C/2005 E2 (McNaught),155.0933710620891,8.0,30.0,119.7841,0.08473,1.90068,1.5479655134142659e-07,1.900679260070335
C/2005 E2 (McNaught),155.0933710620891,8.0,35.0,119.78453,0.08473,1.90068,1.5479655134142659e-07,1.900679260070335
C/2005 E2 (McNaught),155.0933710620891,8.0,40.0,119.78528,0.08473,1.90068,1.5479655134142659e-07,1.900679260070335
C/2005 E2 (McNaught),155.0933710620891,8.0,50.0,119.78595,0.08473,1.90068,1.5479655134142659e-07,1.900679260070335
C/2005 E2 (McNaught),155.0933710620891,8.0,60.0,119.78648,0.08473,1.90068,1.5479655134142659e-07,1.900679260070335
C/2005 E2 (McNaught),155.0933710620891,8.0,80.0,119.78645,0.08473,1.90068,1.5479655134142659e-07,1.900679260070335
C/2005 E2 (McNaught),155.0933710620891,8.0,100.0,119.78633,0.08473,1.90068,1.5479655134142659e-07,1.900679260070335
C/2005 E2 (McNaught),155.0933710620891,8.0,150.0,119.78636,0.08473,1.90068,1.5479655134142659e-07,1.900679260070335
C/2005 E2 (McNaught),155.0933710620891,8.0,200.0,119.78635,0.08473,1.90068,1.5479655134142659e-07,1.900679260070335
C/2005 E2 (McNaught),155.0933710620891,8.0,250.0,119.78635,0.08473,1.90068,1.5479655134142659e-07,1.900679260070335
C/2005 E2 (McNaught),155.0933710620891,25.0,8.0,141.47924,0.37702,2.09307,0.8634923085694974,2.0366009725197403
C/2005 E2 (McNaught),155.0933710620891,25.0,12.0,141.48062,0.37702,2.09307,0.8634923085694974,2.0366009725197403
C/2005 E2 (McNaught),155.0933710620891,25.0,16.0,141.47984,0.37702,2.09307,0.8634923085694974,2.0366009725197403
C/2005 E2 (McNaught),155.0933710620891,25.0,20.0,141.47733,0.37702,2.09307,0.8634923085694974,2.0366009725197403
C/2005 E2 (McNaught),155.0933710620891,25.0,25.0,141.47628,0.37702,2.09307,0.8634923085694974,2.0366009725197403
C/2005 E2 (McNaught),155.0933710620891,25.0,30.0,141.4756,0.37702,2.09307,0.8634923085694974,2.0366009725197403
C/2005 E2 (McNaught),155.0933710620891,25.0,35.0,141.47602,0.37702,2.09307,0.8634923085694974,2.0366009725197403
C/2005 E2 (McNaught),155.0933710620891,25.0,40.0,141.47677,0.37702,2.09307,0.8634923085694974,2.0366009725197403
C/2005 E2 (McNaught),155.0933710620891,25.0,50.0,141.47742,0.37702,2.09307,0.8634923085694974,2.0366009725197403
C/2005 E2 (McNaught),155.0933710620891,25.0,60.0,141.47795,0.37702,2.09307,0.8634923085694974,2.0366009725197403
C/2005 E2 (McNaught),155.0933710620891,25.0,80.0,141.47791,0.37702,2.09307,0.8634923085694974,2.0366009725197403
C/2005 E2 (McNaught),155.0933710620891,25.0,100.0,141.47779,0.37702,2.09307,0.8634923085694974,2.0366009725197403
C/2005 E2 (McNaught),155.0933710620891,25.0,150.0,141.47781,0.37702,2.09307,0.8634923085694974,2.0366009725197403
C/2005 E2 (McNaught),155.0933710620891,25.0,200.0,142.21981,0.37702,2.03659,0.8634923085694974,2.0366009725197403
C/2005 E2 (McNaught),155.0933710620891,25.0,250.0,142.21981,0.37702,2.0366,0.8634923085694974,2.0366009725197403
C/2005 E2 (McNaught),155.0933710620891,50.0,8.0,155.56242,0.02538,0.29029,0.12043503585277111,0.3938881731226276
C/2005 E2 (McNaught),155.0933710620891,50.0,12.0,155.5638,0.02538,0.29029,0.12043503585277111,0.3938881731226276
C/2005 E2 (McNaught),155.0933710620891,50.0,16.0,155.56304,0.02538,0.29029,0.12043503585277111,0.3938881731226276
C/2005 E2 (McNaught),155.0933710620891,50.0,20.0,155.56052,0.02538,0.29029,0.12043503585277111,0.3938881731226276
C/2005 E2 (McNaught),155.0933710620891,50.0,25.0,155.55948,0.02538,0.29029,0.12043503585277111,0.3938881731226276
C/2005 E2 (McNaught),155.0933710620891,50.0,30.0,155.55881,0.02538,0.29029,0.12043503585277111,0.3938881731226276
C/2005 E2 (McNaught),155.0933710620891,50.0,35.0,155.55923,0.02538,0.29029,0.12043503585277111,0.3938881731226276
C/2005 E2 (McNaught),155.0933710620891,50.0,40.0,155.55998,0.02538,0.29029,0.12043503585277111,0.3938881731226276
C/2005 E2 (McNaught),155.0933710620891,50.0,50.0,155.56063,0.02538,0.29029,0.12043503585277111,0.3938881731226276
C/2005 E2 (McNaught),155.0933710620891,50.0,60.0,155.56116,0.02538,0.29029,0.12043503585277111,0.3938881731226276
C/2005 E2 (McNaught),155.0933710620891,50.0,80.0,155.56113,0.02538,0.29029,0.12043503585277111,0.3938881731226276
C/2005 E2 (McNaught),155.0933710620891,50.0,100.0,155.56101,0.02538,0.29029,0.12043503585277111,0.3938881731226276
C/2005 E2 (McNaught),155.0933710620891,50.0,150.0,155.48342,0.02533,0.39388,0.12043503585277111,0.3938881731226276
C/2005 E2 (McNaught),155.0933710620891,50.0,200.0,155.48343,0.02533,0.39387,0.12043503585277111,0.3938881731226276
C/2005 E2 (McNaught),155.0933710620891,50.0,250.0,155.48342,0.02533,0.39389,0.12043503585277111,0.3938881731226276
C/2005 E2 (McNaught),155.0933710620891,100.0,8.0,,,,,
C/2005 E2 (McNaught),155.0933710620891,100.0,12.0,,,,,
C/2005 E2 (McNaught),155.0933710620891,100.0,16.0,,,,,
C/2005 E2 (McNaught),155.0933710620891,100.0,20.0,,,,,
C/2005 E2 (McNaught),155.0933710620891,100.0,25.0,,,,,
C/2005 E2 (McNaught),155.0933710620891,100.0,30.0,,,,,
C/2005 E2 (McNaught),155.0933710620891,100.0,35.0,,,,,
C/2005 E2 (McNaught),155.0933710620891,100.0,40.0,,,,,
C/2005 E2 (McNaught),155.0933710620891,100.0,50.0,,,,,
C/2005 E2 (McNaught),155.0933710620891,100.0,60.0,,,,,
C/2005 E2 (McNaught),155.0933710620891,100.0,80.0,,,,,
C/2005 E2 (McNaught),155.0933710620891,100.0,100.0,,,,,
C/2005 E2 (McNaught),155.0933710620891,100.0,150.0,,,,,
C/2005 E2 (McNaught),155.0933710620891,100.0,200.0,,,,,
C/2005 E2 (McNaught),155.0933710620891,100.0,250.0,,,,,
C/2005 E2 (McNaught),155.0933710620891,150.0,8.0,,,,,
C/2005 E2 (McNaught),155.0933710620891,150.0,12.0,,,,,
C/2005 E2 (McNaught),155.0933710620891,150.0,16.0,,,,,
C/2005 E2 (McNaught),155.0933710620891,150.0,20.0,,,,,
C/2005 E2 (McNaught),155.0933710620891,150.0,25.0,,,,,
C/2005 E2 (McNaught),155.0933710620891,150.0,30.0,,,,,
C/2005 E2 (McNaught),155.0933710620891,150.0,35.0,,,,,
C/2005 E2 (McNaught),155.0933710620891,150.0,40.0,,,,,
C/2005 E2 (McNaught),155.0933710620891,150.0,50.0,,,,,
C/2005 E2 (McNaught),155.0933710620891,150.0,60.0,,,,,
C/2005 E2 (McNaught),155.0933710620891,150.0,80.0,,,,,
C/2005 E2 (McNaught),155.0933710620891,150.0,100.0,,,,,
C/2005 E2 (McNaught),155.0933710620891,150.0,150.0,,,,,
C/2005 E2 (McNaught),155.0933710620891,150.0,200.0,,,,,
C/2005 E2 (McNaught),155.0933710620891,150.0,250.0,,,,,
C/2005 E2 (McNaught),155.0933710620891,250.0,8.0,1.04885,0.56938,0.60433,0.5552301978130701,0.5613289345316268
C/2005 E2 (McNaught),155.0933710620891,250.0,12.0,1.04763,0.56938,0.60433,0.5552301978130701,0.5613289345316268
C/2005 E2 (McNaught),155.0933710620891,250.0,16.0,1.04858,0.56938,0.60433,0.5552301978130701,0.5613289345316268
C/2005 E2 (McNaught),155.0933710620891,250.0,20.0,1.05112,0.56938,0.60433,0.5552301978130701,0.5613289345316268
C/2005 E2 (McNaught),155.0933710620891,250.0,25.0,1.0522,0.56938,0.60433,0.5552301978130701,0.5613289345316268
C/2005 E2 (McNaught),155.0933710620891,250.0,30.0,1.0529,0.56938,0.60433,0.5552301978130701,0.5613289345316268
C/2005 E2 (McNaught),155.0933710620891,250.0,35.0,1.05252,0.56938,0.60433,0.5552301978130701,0.5613289345316268
C/2005 E2 (McNaught),155.0933710620891,250.0,40.0,1.05185,0.56938,0.60433,0.5552301978130701,0.5613289345316268
C/2005 E2 (McNaught),155.0933710620891,250.0,50.0,1.0513,0.56938,0.60433,0.5552301978130701,0.5613289345316268
C/2005 E2 (McNaught),155.0933710620891,250.0,60.0,1.05085,0.56938,0.60433,0.5552301978130701,0.5613289345316268
C/2005 E2 (McNaught),155.0933710620891,250.0,80.0,1.05095,0.56938,0.60433,0.5552301978130701,0.5613289345316268
C/2005 E2 (McNaught),155.0933710620891,250.0,100.0,1.05108,0.56938,0.60433,0.5552301978130701,0.5613289345316268
C/2005 E2 (McNaught),155.0933710620891,250.0,150.0,1.57124,0.5694,0.56135,0.5552301978130701,0.5613289345316268
C/2005 E2 (McNaught),155.0933710620891,250.0,200.0,1.57125,0.02098,0.56134,0.5552301978130701,0.5613289345316268
C/2005 E2 (McNaught),155.0933710620891,250.0,250.0,1.57125,0.02098,0.56133,0.5552301978130701,0.5613289345316268
C/2000 Y1 (Tubbiolo),153.4057659383563,8.0,8.0,38.48723,0.03858,0.10357,0.026244930829619595,0.09279737475595368
C/2000 Y1 (Tubbiolo),153.4057659383563,8.0,12.0,38.49905,0.03858,0.10357,0.026244930829619595,0.09279737475595368
C/2000 Y1 (Tubbiolo),153.4057659383563,8.0,16.0,38.50171,0.03858,0.10357,0.026244930829619595,0.09279737475595368
C/2000 Y1 (Tubbiolo),153.4057659383563,8.0,20.0,38.50317,0.03858,0.10357,0.026244930829619595,0.09279737475595368
C/2000 Y1 (Tubbiolo),153.4057659383563,8.0,25.0,38.50551,0.03852,0.09496,0.026244930829619595,0.09279737475595368
C/2000 Y1 (Tubbiolo),153.4057659383563,8.0,30.0,38.50622,0.03851,0.09431,0.026244930829619595,0.09279737475595368
C/2000 Y1 (Tubbiolo),153.4057659383563,8.0,35.0,38.50587,0.03846,0.09381,0.026244930829619595,0.09279737475595368
C/2000 Y1 (Tubbiolo),153.4057659383563,8.0,40.0,38.50583,0.03842,0.0936,0.026244930829619595,0.09279737475595368
C/2000 Y1 (Tubbiolo),153.4057659383563,8.0,50.0,38.50519,0.03845,0.09318,0.026244930829619595,0.09279737475595368
C/2000 Y1 (Tubbiolo),153.4057659383563,8.0,60.0,38.50491,0.03844,0.09299,0.026244930829619595,0.09279737475595368
C/2000 Y1 (Tubbiolo),153.4057659383563,8.0,80.0,38.50483,0.03844,0.09283,0.026244930829619595,0.09279737475595368
C/2000 Y1 (Tubbiolo),153.4057659383563,8.0,100.0,38.5049,0.03844,0.09281,0.026244930829619595,0.09279737475595368
C/2000 Y1 (Tubbiolo),153.4057659383563,8.0,150.0,38.50483,0.03844,0.09281,0.026244930829619595,0.09279737475595368
C/2000 Y1 (Tubbiolo),153.4057659383563,8.0,200.0,38.50482,0.03844,0.09281,0.026244930829619595,0.09279737475595368
C/2000 Y1 (Tubbiolo),153.4057659383563,8.0,250.0,38.50482,0.03844,0.0928,0.026244930829619595,0.09279737475595368
C/2000 Y1 (Tubbiolo),153.4057659383563,25.0,8.0,,,,,
C/2000 Y1 (Tubbiolo),153.4057659383563,25.0,12.0,,,,,
C/2000 Y1 (Tubbiolo),153.4057659383563,25.0,16.0,,,,,
C/2000 Y1 (Tubbiolo),153.4057659383563,25.0,20.0,,,,,
C/2000 Y1 (Tubbiolo),153.4057659383563,25.0,25.0,,,,,
C/2000 Y1 (Tubbiolo),153.4057659383563,25.0,30.0,,,,,
C/2000 Y1 (Tubbiolo),153.4057659383563,25.0,35.0,,,,,
C/2000 Y1 (Tubbiolo),153.4057659383563,25.0,40.0,,,,,
C/2000 Y1 (Tubbiolo),153.4057659383563,25.0,50.0,,,,,
C/2000 Y1 (Tubbiolo),153.4057659383563,25.0,60.0,,,,,
C/2000 Y1 (Tubbiolo),153.4057659383563,25.0,80.0,,,,,
C/2000 Y1 (Tubbiolo),153.4057659383563,25.0,100.0,,,,,
C/2000 Y1 (Tubbiolo),153.4057659383563,25.0,150.0,,,,,
C/2000 Y1 (Tubbiolo),153.4057659383563,25.0,200.0,,,,,
C/2000 Y1 (Tubbiolo),153.4057659383563,25.0,250.0,,,,,
C/2000 Y1 (Tubbiolo),153.4057659383563,50.0,8.0,3.16411,0.06631,0.0364,0.06537482457460464,0.09244841509940495
C/2000 Y1 (Tubbiolo),153.4057659383563,50.0,12.0,3.15235,0.06631,0.08309,0.06537482457460464,0.09244841509940495
C/2000 Y1 (Tubbiolo),153.4057659383563,50.0,16.0,3.20966,0.06579,0.0917,0.06537482457460464,0.09244841509940495
C/2000 Y1 (Tubbiolo),153.4057659383563,50.0,20.0,3.21113,0.06667,0.09562,0.06537482457460464,0.09244841509940495
C/2000 Y1 (Tubbiolo),153.4057659383563,50.0,25.0,3.20952,0.06669,0.09632,0.06537482457460464,0.09244841509940495
C/2000 Y1 (Tubbiolo),153.4057659383563,50.0,30.0,3.20873,0.06648,0.09575,0.06537482457460464,0.09244841509940495
C/2000 Y1 (Tubbiolo),153.4057659383563,50.0,35.0,3.20903,0.06585,0.09481,0.06537482457460464,0.09244841509940495
C/2000 Y1 (Tubbiolo),153.4057659383563,50.0,40.0,3.20847,0.06564,0.09386,0.06537482457460464,0.09244841509940495
C/2000 Y1 (Tubbiolo),153.4057659383563,50.0,50.0,3.2084,0.00066,0.09277,0.06537482457460464,0.09244841509940495
C/2000 Y1 (Tubbiolo),153.4057659383563,50.0,60.0,3.20824,0.00067,0.09223,0.06537482457460464,0.09244841509940495
C/2000 Y1 (Tubbiolo),153.4057659383563,50.0,80.0,3.20852,0.00065,0.09238,0.06537482457460464,0.09244841509940495
C/2000 Y1 (Tubbiolo),153.4057659383563,50.0,100.0,3.20841,0.00065,0.09242,0.06537482457460464,0.09244841509940495
C/2000 Y1 (Tubbiolo),153.4057659383563,50.0,150.0,3.20845,0.00065,0.09241,0.06537482457460464,0.09244841509940495
C/2000 Y1 (Tubbiolo),153.4057659383563,50.0,200.0,3.20847,0.00065,0.09243,0.06537482457460464,0.09244841509940495
C/2000 Y1 (Tubbiolo),153.4057659383563,50.0,250.0,3.20848,0.00065,0.09245,0.06537482457460464,0.09244841509940495
C/2000 Y1 (Tubbiolo),153.4057659383563,100.0,8.0,0.85159,0.05472,0.01846,0.05785498835118626,0.06074682340565377
C/2000 Y1 (Tubbiolo),153.4057659383563,100.0,12.0,0.83998,0.05472,0.047,0.05785498835118626,0.06074682340565377
C/2000 Y1 (Tubbiolo),153.4057659383563,100.0,16.0,0.88763,0.05472,0.05418,0.05785498835118626,0.06074682340565377
C/2000 Y1 (Tubbiolo),153.4057659383563,100.0,20.0,0.88907,0.05529,0.05834,0.05785498835118626,0.06074682340565377
C/2000 Y1 (Tubbiolo),153.4057659383563,100.0,25.0,0.88736,0.05538,0.05959,0.05785498835118626,0.06074682340565377
C/2000 Y1 (Tubbiolo),153.4057659383563,100.0,30.0,0.88658,0.05594,0.06081,0.05785498835118626,0.06074682340565377
C/2000 Y1 (Tubbiolo),153.4057659383563,100.0,35.0,0.88689,0.0556,0.06074,0.05785498835118626,0.06074682340565377
C/2000 Y1 (Tubbiolo),153.4057659383563,100.0,40.0,0.88658,0.05533,0.06034,0.05785498835118626,0.06074682340565377
C/2000 Y1 (Tubbiolo),153.4057659383563,100.0,50.0,0.88654,0.05521,0.0603,0.05785498835118626,0.06074682340565377
C/2000 Y1 (Tubbiolo),153.4057659383563,100.0,60.0,0.8864,0.05504,0.06014,0.05785498835118626,0.06074682340565377
C/2000 Y1 (Tubbiolo),153.4057659383563,100.0,80.0,0.8866,0.05494,0.06055,0.05785498835118626,0.06074682340565377
C/2000 Y1 (Tubbiolo),153.4057659383563,100.0,100.0,0.88654,0.00347,0.06068,0.05785498835118626,0.06074682340565377
C/2000 Y1 (Tubbiolo),153.4057659383563,100.0,150.0,0.88656,0.00347,0.06071,0.05785498835118626,0.06074682340565377
C/2000 Y1 (Tubbiolo),153.4057659383563,100.0,200.0,0.88655,0.00347,0.06074,0.05785498835118626,0.06074682340565377
C/2000 Y1 (Tubbiolo),153.4057659383563,100.0,250.0,0.88655,0.00347,0.06075,0.05785498835118626,0.06074682340565377
C/2000 Y1 (Tubbiolo),153.4057659383563,150.0,8.0,0.38405,0.05498,0.02925,0.05592159224867233,0.030152158143870532
C/2000 Y1 (Tubbiolo),153.4057659383563,150.0,12.0,0.3725,0.05498,0.02925,0.05592159224867233,0.030152158143870532
C/2000 Y1 (Tubbiolo),153.4057659383563,150.0,16.0,0.41779,0.05498,0.02337,0.05592159224867233,0.030152158143870532
C/2000 Y1 (Tubbiolo),153.4057659383563,150.0,20.0,0.41929,0.05552,0.02754,0.05592159224867233,0.030152158143870532
C/2000 Y1 (Tubbiolo),153.4057659383563,150.0,25.0,0.41758,0.05561,0.02875,0.05592159224867233,0.030152158143870532
C/2000 Y1 (Tubbiolo),153.4057659383563,150.0,30.0,0.41681,0.05617,0.03002,0.05592159224867233,0.030152158143870532
C/2000 Y1 (Tubbiolo),153.4057659383563,150.0,35.0,0.41711,0.05593,0.02991,0.05592159224867233,0.030152158143870532
C/2000 Y1 (Tubbiolo),153.4057659383563,150.0,40.0,0.41679,0.05557,0.02964,0.05592159224867233,0.030152158143870532
C/2000 Y1 (Tubbiolo),153.4057659383563,150.0,50.0,0.41676,0.05548,0.02962,0.05592159224867233,0.030152158143870532
C/2000 Y1 (Tubbiolo),153.4057659383563,150.0,60.0,0.41663,0.05531,0.02951,0.05592159224867233,0.030152158143870532
C/2000 Y1 (Tubbiolo),153.4057659383563,150.0,80.0,0.41682,0.05522,0.02993,0.05592159224867233,0.030152158143870532
C/2000 Y1 (Tubbiolo),153.4057659383563,150.0,100.0,0.41677,0.05525,0.03006,0.05592159224867233,0.030152158143870532
C/2000 Y1 (Tubbiolo),153.4057659383563,150.0,150.0,0.41679,0.00093,0.03011,0.05592159224867233,0.030152158143870532
C/2000 Y1 (Tubbiolo),153.4057659383563,150.0,200.0,0.41678,0.00093,0.03014,0.05592159224867233,0.030152158143870532
C/2000 Y1 (Tubbiolo),153.4057659383563,150.0,250.0,0.41678,0.00093,0.03015,0.05592159224867233,0.030152158143870532
C/2000 Y1 (Tubbiolo),153.4057659383563,250.0,8.0,0.12521,0.05954,0.01538,0.05463796432897062,0.048780941426339264
C/2000 Y1 (Tubbiolo),153.4057659383563,250.0,12.0,0.11447,0.05954,0.01538,0.05463796432897062,0.048780941426339264
C/2000 Y1 (Tubbiolo),153.4057659383563,250.0,16.0,0.1579,0.05954,0.04897,0.05463796432897062,0.048780941426339264
C/2000 Y1 (Tubbiolo),153.4057659383563,250.0,20.0,0.1582,0.06019,0.05073,0.05463796432897062,0.048780941426339264
C/2000 Y1 (Tubbiolo),153.4057659383563,250.0,25.0,0.15651,0.06036,0.05141,0.05463796432897062,0.048780941426339264
C/2000 Y1 (Tubbiolo),153.4057659383563,250.0,30.0,0.15573,0.06104,0.05169,0.05463796432897062,0.048780941426339264
C/2000 Y1 (Tubbiolo),153.4057659383563,250.0,35.0,0.15603,0.06075,0.051,0.05463796432897062,0.048780941426339264
C/2000 Y1 (Tubbiolo),153.4057659383563,250.0,40.0,0.15571,0.06043,0.05004,0.05463796432897062,0.048780941426339264
C/2000 Y1 (Tubbiolo),153.4057659383563,250.0,50.0,0.15567,0.0604,0.04939,0.05463796432897062,0.048780941426339264
C/2000 Y1 (Tubbiolo),153.4057659383563,250.0,60.0,0.15554,0.0602,0.04873,0.05463796432897062,0.048780941426339264
C/2000 Y1 (Tubbiolo),153.4057659383563,250.0,80.0,0.15574,0.06013,0.04879,0.05463796432897062,0.048780941426339264
C/2000 Y1 (Tubbiolo),153.4057659383563,250.0,100.0,0.15569,0.06016,0.04882,0.05463796432897062,0.048780941426339264
C/2000 Y1 (Tubbiolo),153.4057659383563,250.0,150.0,0.1557,0.06018,0.04878,0.05463796432897062,0.048780941426339264
C/2000 Y1 (Tubbiolo),153.4057659383563,250.0,200.0,0.1557,0.06019,0.04878,0.05463796432897062,0.048780941426339264
C/2000 Y1 (Tubbiolo),153.4057659383563,250.0,250.0,0.15569,0.00547,0.04878,0.05463796432897062,0.048780941426339264
